event_id,event_date,event_title,location_description,state,latitude,longitude,landslide_category,landslide_trigger,landslide_size,landslide_setting,fatality_count,injury_count,source_name,source_link,source_catalog,source_record_id,location_accuracy,source_dataset,verification_basis,data_quality_flag,event_date_parsed
585,"6/14/08, 5:30 AM","Itanagar-Naharlagun, Arunachal Pradesh","Itanagar-Naharlagun, Arunachal Pradesh",Arunachal Pradesh,27.1,93.629,Landslide,Rain,Large,Unknown,21,,ukpress.google,http://ukpress.google.com/article/ALeqM5iM8gWKcS4OLf66hwzNMnaybAaZYA,GLC,585,Known within 25 km,NASA COOLR,COOLR administrative division; Uttaranchal normalized to Uttarakhand,OK,2008-06-14 05:30:00
870,"10/29/08, 5:30 AM","West Kameng, Arunachal Pradesh","West Kameng, Arunachal Pradesh",Arunachal Pradesh,27.4,92.35,Mudslide,Downpour,Medium,Unknown,12,,sindhtoday,http://www.sindhtoday.net/south-asia/32058.htm,GLC,870,Known within 50 km,NASA COOLR,COOLR administrative division; Uttaranchal normalized to Uttarakhand,OK,2008-10-29 05:30:00
1084,"8/12/09, 5:30 AM","Upper Subansiri District, Arunanchal Pradesh","Upper Subansiri District, Arunanchal Pradesh",Arunachal Pradesh,27.7,92.8,Landslide,Downpour,Medium,Unknown,0,,timesofindia.indiatimes,http://timesofindia.indiatimes.com/news/city/guwahati/Landslides-snap-road-links-in-Arunachal-district/articleshow/4916000.cms,GLC,1084,Known within 5 km,NASA COOLR,COOLR administrative division; Uttaranchal normalized to Uttarakhand,OK,2009-08-12 05:30:00
1613,"4/3/10, 4:30 AM","Koloriang, Kuring Kumey district, Arunachal Pradesh","Koloriang, Kuring Kumey district, Arunachal Pradesh",Arunachal Pradesh,27.9,93.35,Mudslide,Downpour,Large,Unknown,12,,english.peopledaily,http://english.peopledaily.com.cn/90001/90777/90852/6938742.html,GLC,1613,Known within 1 km,NASA COOLR,COOLR administrative division; Uttaranchal normalized to Uttarakhand,OK,2010-04-03 04:30:00
1775,"4/21/10, 5:30 AM",Arunachal Pradesh ,Arunachal Pradesh ,Arunachal Pradesh,27.897,96.178,Landslide,Downpour,Medium,Unknown,12,,gsi.gov,"http://www.portal.gsi.gov.in/portal/page?_pageid=127,875814&_dad=portal&_schema=PORTAL",GLC,1775,Location not known,NASA COOLR,COOLR administrative division; Uttaranchal normalized to Uttarakhand,OK,2010-04-21 05:30:00
1930,"5/31/10, 5:30 AM","Anini-Roing road,  Dibang Valley,  Arunachal Pradesh ","Anini-Roing road,  Dibang Valley,  Arunachal Pradesh ",Arunachal Pradesh,28.43,95.878,Landslide,Downpour,Medium,Unknown,0,,indianexpress,http://www.indianexpress.com/news/N-E-border-dist-cut-off-by-landslides--runs-out-of-supplies/627610,GLC,1930,Known within 50 km,NASA COOLR,COOLR administrative division; Uttaranchal normalized to Uttarakhand,OK,2010-05-31 05:30:00
2405,"9/10/10, 4:30 AM","Mossing(Mosing) village(?), Upper Siang district, Arunachal Pradesh","Mossing(Mosing) village(?), Upper Siang district, Arunachal Pradesh",Arunachal Pradesh,28.304,95.411,Landslide,Downpour,Medium,Unknown,10,,timesofindia.indiatimes,http://timesofindia.indiatimes.com/india/13-killed-as-rains-wrack-havoc-in-north-and-eastern-India-/articleshow/6532367.cms,GLC,2405,Location not known,NASA COOLR,COOLR administrative division; Uttaranchal normalized to Uttarakhand,OK,2010-09-10 04:30:00
2411,"9/10/10, 5:30 AM","districts Lakhimpur, Dhemaji, Golaghat, and Sonitpur, Assam province","districts Lakhimpur, Dhemaji, Golaghat, and Sonitpur, Assam province",Arunachal Pradesh,27.001,93.727,Landslide,Downpour,Medium,Unknown,0,,timesofindia.indiatimes,http://timesofindia.indiatimes.com/india/13-killed-as-rains-wrack-havoc-in-north-and-eastern-India-/articleshow/6532367.cms,GLC,2411,Location not known,NASA COOLR,COOLR administrative division; Uttaranchal normalized to Uttarakhand,OK,2010-09-10 05:30:00
2539,"10/3/10, 5:30 AM","Mosing village, Upper Siang district, Arunachal Pradesh","Mosing village, Upper Siang district, Arunachal Pradesh",Arunachal Pradesh,28.309,95.415,Landslide,Downpour,Medium,Unknown,10,,gsi.gov,"http://www.portal.gsi.gov.in/portal/page?_pageid=127,875814&_dad=portal&_schema=PORTAL",GLC,2539,Known within 25 km,NASA COOLR,COOLR administrative division; Uttaranchal normalized to Uttarakhand,OK,2010-10-03 05:30:00
2743,"11/22/10, 5:30 AM","Tawang Monastery, Arunachal Pradesh","Tawang Monastery, Arunachal Pradesh",Arunachal Pradesh,27.58,91.857,Landslide,Unknown,Medium,Natural slope,,,Daily News and Analysis,http://www.dnaindia.com/india/report_tawang-monastery-faces-danger-due-to-landslides_1472890,GLC,2743,Known within 1 km,NASA COOLR,COOLR administrative division; Uttaranchal normalized to Uttarakhand,OK,2010-11-22 05:30:00
3269,"3/22/11, 5:30 AM","road from other districts to Hawai(Tawai?) which is  on Lojit river, near Hayuliang,  Anjaw district, Arunachal Pradesh","road from other districts to Hawai(Tawai?) which is  on Lojit river, near Hayuliang,  Anjaw district, Arunachal Pradesh",Arunachal Pradesh,28.079,96.524,Landslide,Downpour,Medium,Unknown,0,,articles.timesofindia,http://articles.timesofindia.indiatimes.com/2011-03-23/guwahati/29178165_1_road-links-rainfall-source,GLC,3269,Known within 10 km,NASA COOLR,COOLR administrative division; Uttaranchal normalized to Uttarakhand,OK,2011-03-22 05:30:00
3776,"7/15/11, 11:30 PM",Itanagar/Naharlagur/Nirjuli,Itanagar/Naharlagur/Nirjuli,Arunachal Pradesh,27.125,93.715,Landslide,Downpour,Small,Unknown,0,,ibnlive.in,http://ibnlive.in.com/generalnewsfeed/news/flash-floods-landslides-in-arunachal-pradesh/757817.html,GLC,3776,Known within 5 km,NASA COOLR,COOLR administrative division; Uttaranchal normalized to Uttarakhand,OK,2011-07-15 23:30:00
3789,"7/16/11, 5:30 AM",Mebua (8 km from Seppa),Mebua (8 km from Seppa),Arunachal Pradesh,27.274,92.906,Landslide,Downpour,Medium,Unknown,0,,english.samaylive,http://english.samaylive.com/regional-news/others-news/676490549/flash-floods-in-arunachal-pradesh.html,GLC,3789,Known within 10 km,NASA COOLR,COOLR administrative division; Uttaranchal normalized to Uttarakhand,OK,2011-07-16 05:30:00
3806,"7/19/11, 5:30 AM","Itanagar (one near Pachali power house, one near Heema Hospital, and one nearRomik Colony at P Sector)","Itanagar (one near Pachali power house, one near Heema Hospital, and one nearRomik Colony at P Sector)",Arunachal Pradesh,27.103,93.688,Landslide,Downpour,Medium,Unknown,3,,ibnlive.in,http://ibnlive.in.com/generalnewsfeed/news/three-killed-in-landslides/758753.html,GLC,3806,Known within 10 km,NASA COOLR,COOLR administrative division; Uttaranchal normalized to Uttarakhand,OK,2011-07-19 05:30:00
3881,"8/5/11, 5:30 AM",Itanagar,Itanagar,Arunachal Pradesh,27.103,93.689,Landslide,Downpour,Medium,Unknown,0,,articles.timesofindia,http://articles.timesofindia.indiatimes.com/2011-08-06/guwahati/29861700_1_water-supply-drinking-water-landslides,GLC,3881,Known within 5 km,NASA COOLR,COOLR administrative division; Uttaranchal normalized to Uttarakhand,OK,2011-08-05 05:30:00
3912,"8/12/11, 5:30 AM",East Kameng district in Arunachal Pradesh bordering China,East Kameng district in Arunachal Pradesh bordering China,Arunachal Pradesh,27.44,92.283,Landslide,Rain,Medium,Unknown,0,,inewsone,http://www.inewsone.com/2011/08/12/iaf-airdrops-food-to-marooned-in-arunachal/68478,GLC,3912,Known within 50 km,NASA COOLR,COOLR administrative division; Uttaranchal normalized to Uttarakhand,OK,2011-08-12 05:30:00
3925,"8/15/11, 5:30 AM","East Kameng, Arunachal Pradesh","East Kameng, Arunachal Pradesh",Arunachal Pradesh,27.489,93.015,Landslide,Downpour,Medium,Unknown,0,,indianexpress,http://www.indianexpress.com/news/landslides-cut-off-arunachal-districts-iaf-to-the-rescue/833599/,GLC,3925,Known within 50 km,NASA COOLR,COOLR administrative division; Uttaranchal normalized to Uttarakhand,OK,2011-08-15 05:30:00
4313,"4/8/12, 5:30 AM","Endulin Nallah, Mayodia, 17-camp, 83-camp","Endulin Nallah, Mayodia, 17-camp, 83-camp",Arunachal Pradesh,28.466,95.86,Landslide,Downpour,Medium,Unknown,0,,timesofindia.indiatimes,http://timesofindia.indiatimes.com/Landslides-snap-road-links-in-Dibang-Valley/articleshow/12601499.cms,GLC,4313,Known within 50 km,NASA COOLR,COOLR administrative division; Uttaranchal normalized to Uttarakhand,OK,2012-04-08 05:30:00
4378,"6/2/12, 5:30 AM","Arunachal Pradesh, Dibang,","Arunachal Pradesh, Dibang,",Arunachal Pradesh,28.825,96.152,Landslide,Downpour,Medium,Unknown,,,isikkim.com,http://isikkim.com/2012-06-landslides-disrupt-surface-communication-in-arunachal-pradesh-05-9/,GLC,4378,Known within 50 km,NASA COOLR,COOLR administrative division; Uttaranchal normalized to Uttarakhand,OK,2012-06-02 05:30:00
4392,"6/6/12, 5:30 AM","Dibang, Arunachal Pradesh","Dibang, Arunachal Pradesh",Arunachal Pradesh,29.241,95.976,Landslide,Downpour,Medium,Unknown,,,allafrica.com,http://allafrica.com/stories/201206051178.html,GLC,4392,Known within 10 km,NASA COOLR,COOLR administrative division; Uttaranchal normalized to Uttarakhand,OK,2012-06-06 05:30:00
4435,"6/25/12, 5:30 AM","Tirap , Arunachal Pradesh","Tirap , Arunachal Pradesh",Arunachal Pradesh,27.174,95.801,Landslide,Downpour,Large,Unknown,,,articles.timesofindia,http://articles.timesofindia.indiatimes.com/2012-07-04/guwahati/32536229_1_massive-landslides-landslide-hit-road-blockade,GLC,4435,Known within 10 km,NASA COOLR,COOLR administrative division; Uttaranchal normalized to Uttarakhand,OK,2012-06-25 05:30:00
4436,"6/25/12, 5:30 AM","Khonsa, Arunachal Pradesh","Khonsa, Arunachal Pradesh",Arunachal Pradesh,26.999,95.499,Landslide,Downpour,Medium,Unknown,,,articles.timesofindia,http://articles.timesofindia.indiatimes.com/2012-07-04/guwahati/32536229_1_massive-landslides-landslide-hit-road-blockade,GLC,4436,Known within 50 km,NASA COOLR,COOLR administrative division; Uttaranchal normalized to Uttarakhand,OK,2012-06-25 05:30:00
4446,"7/5/12, 5:30 AM","Tuting, Upper Siang , Arunachal Pradesh","Tuting, Upper Siang , Arunachal Pradesh",Arunachal Pradesh,28.999,94.889,Landslide,Downpour,Large,Unknown,,,articles.timesofindia,http://articles.timesofindia.indiatimes.com/2012-07-07/guwahati/32577108_1_arunachal-district-landslides-arunachal-pradesh,GLC,4446,Known within 5 km,NASA COOLR,COOLR administrative division; Uttaranchal normalized to Uttarakhand,OK,2012-07-05 05:30:00
4570,"9/19/12, 5:30 AM", Arunachal Pradesh , Arunachal Pradesh ,Arunachal Pradesh,27.846,95.225,Landslide,Downpour,Medium,Unknown,,,articles.timesofindia,http://articles.timesofindia.indiatimes.com/2012-09-19/guwahati/33951873_1_landslides-road-communication-water-tank,GLC,4570,Known within 1 km,NASA COOLR,COOLR administrative division; Uttaranchal normalized to Uttarakhand,OK,2012-09-19 05:30:00
4757,"2/18/13, 5:30 AM","East Siang, Arunachal Pradesh","East Siang, Arunachal Pradesh",Arunachal Pradesh,28.119,95.165,Landslide,Rain,Medium,Unknown,3,2,articles.timesofindia.indiatimes.com,http://articles.timesofindia.indiatimes.com/2013-02-20/guwahati/37199432_1_fire-mishap-east-siang-massive-landslide,GLC,4757,Known within 5 km,NASA COOLR,COOLR administrative division; Uttaranchal normalized to Uttarakhand,OK,2013-02-18 05:30:00
4798,"4/7/13, 5:30 AM","Dibang Valley, Arunachal Pradesh","Dibang Valley, Arunachal Pradesh",Arunachal Pradesh,28.825,96.151,Landslide,Rain,Medium,Unknown,,,www.ndtv.com,http://www.ndtv.com/article/cities/landslide-triggered-by-heavy-rains-in-arunachal-pradesh-351219,GLC,4798,Location not known,NASA COOLR,COOLR administrative division; Uttaranchal normalized to Uttarakhand,OK,2013-04-07 05:30:00
4892,"6/1/13, 5:30 AM",Upper Subansiri,Upper Subansiri,Arunachal Pradesh,27.878,94.25,Landslide,Downpour,Large,Unknown,,,articles.timesofindia.indiatimes.com,http://articles.timesofindia.indiatimes.com/2013-07-28/guwahati/40848148_1_daporijo-upper-subansiri-landslides,GLC,4892,Known within 50 km,NASA COOLR,COOLR administrative division; Uttaranchal normalized to Uttarakhand,OK,2013-06-01 05:30:00
5250,"8/1/13, 5:30 AM","Polo River At Polosang, Arunachal Pradesh","Polo River At Polosang, Arunachal Pradesh",Arunachal Pradesh,27.884,93.052,Mudslide,Rain,Medium,Unknown,,,www.thehindubusinessline.com,http://www.thehindubusinessline.com/news/states/landslide-blocks-polo-river-in-arunachal-pradesh/article4996075.ece,GLC,5250,Known within 10 km,NASA COOLR,COOLR administrative division; Uttaranchal normalized to Uttarakhand,OK,2013-08-01 05:30:00
5441,"9/2/13, 5:30 AM","Gosang Village Under Jengging Circle, Arunachal Pradesh","Gosang Village Under Jengging Circle, Arunachal Pradesh",Arunachal Pradesh,28.611,94.983,Landslide,Downpour,Large,Unknown,,,articles.timesofindia.indiatimes.com,http://articles.timesofindia.indiatimes.com/2013-09-08/guwahati/41872983_1_flood-situation-arunachal-pradesh-landslides,GLC,5441,Known within 5 km,NASA COOLR,COOLR administrative division; Uttaranchal normalized to Uttarakhand,OK,2013-09-02 05:30:00
5442,"9/2/13, 5:30 AM",Arunachal Pradesh,Arunachal Pradesh,Arunachal Pradesh,27.161,93.753,Landslide,Downpour,Large,Unknown,,,ibnlive.in.com,http://ibnlive.in.com/news/massive-landslide-in-arunachal-due-to-rainfall-2-districts-remain-cut-off/420409-3-229.html,GLC,5442,Location not known,NASA COOLR,COOLR administrative division; Uttaranchal normalized to Uttarakhand,OK,2013-09-02 05:30:00
6015,"5/8/14, 5:30 AM",Lohit District of Arunachal Pradesh,Lohit District of Arunachal Pradesh,Arunachal Pradesh,27.903,96.174,Mudslide,Rain,Medium,Above road,0,0,Business Standard,http://www.business-standard.com/article/pti-stories/communication-to-tezu-snapped-due-to-landslide-114051000401_1.html,GLC,6015,Known within 1 km,NASA COOLR,COOLR administrative division; Uttaranchal normalized to Uttarakhand,OK,2014-05-08 05:30:00
6105,"6/27/14, 4:30 AM",Arunachal Pradesh,Arunachal Pradesh,Arunachal Pradesh,28.921,95.343,Landslide,Continuous rain,Medium,Above road,0,0,Times of India,http://timesofindia.indiatimes.com/india/Landslides-in-Arunachal-Pradesh-due-to-incessant-rain/articleshow/37379365.cms,GLC,6105,Location not known,NASA COOLR,COOLR administrative division; Uttaranchal normalized to Uttarakhand,OK,2014-06-27 04:30:00
6200,"8/17/14, 5:30 AM",Arunachal Pradesh/Itanagar,Arunachal Pradesh/Itanagar,Arunachal Pradesh,27.087,93.609,Landslide,Downpour,Large,Unknown,0,0,One India News,http://news.oneindia.in/india/flood-landslides-in-arunachal-pradesh-1504142.html,GLC,6200,Known within 10 km,NASA COOLR,COOLR administrative division; Uttaranchal normalized to Uttarakhand,OK,2014-08-17 05:30:00
6222,"10/1/14, 4:30 PM",Karsingsa block point,Karsingsa block point,Arunachal Pradesh,27.125,93.771,Landslide,Unknown,Small,Above road,5,0,The Assam Tribune,http://www.assamtribune.com/scripts/detailsnew.asp?id=oct0214/oth052,GLC,6222,Known within 5 km,NASA COOLR,COOLR administrative division; Uttaranchal normalized to Uttarakhand,OK,2014-10-01 16:30:00
6971,"6/9/15, 5:30 AM","Itanagar, Arunachal Pradesh","Itanagar, Arunachal Pradesh",Arunachal Pradesh,27.099,93.816,Landslide,Continuous rain,Medium,Above road,2,2,First Post,http://www.firstpost.com/india/two-dead-2-injured-landslide-arunachal-pradesh-school-remain-shut-heavy-rainfall-alert-2287954.html,GLC,6971,Known within 5 km,NASA COOLR,COOLR administrative division; Uttaranchal normalized to Uttarakhand,OK,2015-06-09 05:30:00
7214,"7/15/15, 1:30 PM",Type-IV Colony of Seppa in East Kameng,Type-IV Colony of Seppa in East Kameng,Arunachal Pradesh,27.36,93.039,Landslide,Monsoon,Medium,Urban,3,0,NDTV,http://www.ndtv.com/andhra-pradesh-news/3-killed-in-landslide-in-arunachal-pradesh-781829,GLC,7214,Known within 5 km,NASA COOLR,COOLR administrative division; Uttaranchal normalized to Uttarakhand,OK,2015-07-15 13:30:00
7887,"8/16/15, 5:30 AM",Hawai,Hawai,Arunachal Pradesh,27.884,96.926,Landslide,Continuous rain,Medium,Above road,0,0,The Times of India,http://timesofindia.indiatimes.com/city/guwahati/Landslide-cuts-off-Anjaw-district-food-prices-rise/articleshow/48715682.cms,GLC,7887,Known within 50 km,NASA COOLR,COOLR administrative division; Uttaranchal normalized to Uttarakhand,OK,2015-08-16 05:30:00
7334,"8/18/15, 5:30 AM",Arunachal Pradesh,Arunachal Pradesh,Arunachal Pradesh,28.174,94.76,Landslide,Unknown,Medium,Unknown,1,0,webindia123,http://news.webindia123.com/news/Articles/India/20150820/2664183.html,GLC,7334,Location not known,NASA COOLR,COOLR administrative division; Uttaranchal normalized to Uttarakhand,OK,2015-08-18 05:30:00
7655,"4/22/16, 8:00 AM","Tawang, Arunachal Pradesh","Tawang, Arunachal Pradesh",Arunachal Pradesh,27.58,91.857,Landslide,Continuous rain,Medium,Above road,17,0,Zee News,http://zeenews.india.com/news/north-east/landslide-in-tawang-area-of-arunachal-pradesh-watch-video_1878690.html,GLC,7655,Known within 5 km,NASA COOLR,COOLR administrative division; Uttaranchal normalized to Uttarakhand,OK,2016-04-22 08:00:00
9428,"4/23/16, 3:00 AM","Thongleng village, Lumla, Tawang, Arunachal Pradesh, India","Thongleng village, Lumla, Tawang, Arunachal Pradesh, India",Arunachal Pradesh,27.552,91.752,Landslide,Continuous rain,Medium,Unknown,2,4,Arunchal Times,http://www.arunachaltimes.in/two-killed-in-lumla-landslide-four-injured/,GLC,,Known within 10 km,NASA COOLR,COOLR administrative division; Uttaranchal normalized to Uttarakhand,OK,2016-04-23 03:00:00
9404,"5/1/16, 5:30 AM","Hayuliang, Anjaw district,Arunachal Pradesh, India","Hayuliang, Anjaw district,Arunachal Pradesh, India",Arunachal Pradesh,28.082,96.532,Landslide,Downpour,Medium,Above road,0,0,Business Standard,http://www.business-standard.com/article/pti-stories/landslides-in-arunachal-district-no-loss-of-life-116050200846_1.html,GLC,9404,Known within 1 km,NASA COOLR,COOLR administrative division; Uttaranchal normalized to Uttarakhand,OK,2016-05-01 05:30:00
9168,"6/13/16, 4:30 AM","NH 13 10 kilometers from Old Ziro, Arunachal Pradesh, India","NH 13 10 kilometers from Old Ziro, Arunachal Pradesh, India",Arunachal Pradesh,27.644,93.871,Landslide,Downpour,Medium,Above road,0,0,Arunachal Times,http://www.arunachaltimes.in/landslide-blocks-ziro-tamen-road/,GLC,9168,Known within 10 km,NASA COOLR,COOLR administrative division; Uttaranchal normalized to Uttarakhand,OK,2016-06-13 04:30:00
8237,"7/1/16, 5:30 AM","Old Inspection Bungalow, Bhalukpong town, West Kameng, Arunachal Pradesh, India","Old Inspection Bungalow, Bhalukpong town, West Kameng, Arunachal Pradesh, India",Arunachal Pradesh,27.014,92.635,Landslide,Downpour,Large,Unknown,5,3,The Hindu,http://www.thehindu.com/news/national/many-killed-in-arunachal-landslip/article8798739.ece,GLC,8237,Known within 1 km,NASA COOLR,COOLR administrative division; Uttaranchal normalized to Uttarakhand,OK,2016-07-01 05:30:00
9010,"7/16/16, 5:30 AM","Hoj-Potin Highway, Arunachal Pradesh, India","Hoj-Potin Highway, Arunachal Pradesh, India",Arunachal Pradesh,27.303,93.804,Mudslide,Downpour,Medium,Above road,1,0,Arunachal Times,http://www.arunachaltimes.in/man-washed-away-by-mudslide/,GLC,9010,Known within 5 km,NASA COOLR,COOLR administrative division; Uttaranchal normalized to Uttarakhand,OK,2016-07-16 05:30:00
9087,"7/19/16, 5:30 AM","5 km off Sangam point on Aalo- Pangin road, Arunachal Pradesh, India","5 km off Sangam point on Aalo- Pangin road, Arunachal Pradesh, India",Arunachal Pradesh,28.235,94.961,Landslide,Downpour,Medium,Above road,0,0,NELive,http://www.nelive.in/arunachal-pradesh/news/landslide-disrupts-road-communication-between-aalo-and-pangin,GLC,9087,Known within 50 km,NASA COOLR,COOLR administrative division; Uttaranchal normalized to Uttarakhand,OK,2016-07-19 05:30:00
9252,"7/28/16, 5:30 AM","Dolma Lhakang complex, Lumla, Tawang,  Arunachal Pradesh, India","Dolma Lhakang complex, Lumla, Tawang,  Arunachal Pradesh, India",Arunachal Pradesh,27.575,91.864,Landslide,Monsoon,Medium,Unknown,0,0,Arunchal Times,http://www.arunachaltimes.in/monsoon-fury-continues-to-pound-tawang/,GLC,9252,Known within 5 km,NASA COOLR,COOLR administrative division; Uttaranchal normalized to Uttarakhand,OK,2016-07-28 05:30:00
9464,"8/5/16, 5:30 AM",Babrang village under Jang circle in Tawang district,Babrang village under Jang circle in Tawang district,Arunachal Pradesh,27.575,91.975,Landslide,Downpour,Medium,Unknown,0,3,Business Standard,http://www.business-standard.com/article/pti-stories/three-injured-houses-collapse-in-landslide-in-arunachal-116080700399_1.html,GLC,9464,Known within 5 km,NASA COOLR,COOLR administrative division; Uttaranchal normalized to Uttarakhand,OK,2016-08-05 05:30:00
9869,"8/16/16, 5:30 AM",Landslide at Longding,"Longding, India",Arunachal Pradesh,26.882,95.4,Landslide,Other,Small,Unknown,1,0,The Assam Tribune,http://www.assamtribune.com/scripts/detailsnew.asp?id=aug1716/oth054,GLC,,Known within 25 km,NASA COOLR,COOLR administrative division; Uttaranchal normalized to Uttarakhand,OK,2016-08-16 05:30:00
11174,"4/22/17, 5:30 AM",Fatal landslide near Palin,"Palin, Kurung Kumey, Arunachal Pradesh",Arunachal Pradesh,27.68,93.626,Landslide,Continuous rain,Small,Natural slope,3,0,The Northeast Today,https://thenortheasttoday.com/arunachal-pradesh-three-assam-labourers-killed-in-a-landslide/,GLC,,Known within 1 km,NASA COOLR,COOLR administrative division; Uttaranchal normalized to Uttarakhand,OK,2017-04-22 05:30:00
11173,"4/23/17, 4:30 AM",Landslide at IMC Ward Number 18,"IMC ward #18 (??), Lower Subansiri, Arunachal Pradesh",Arunachal Pradesh,27.618,93.842,Landslide,Monsoon,Small,Natural slope,0,0,The Dawnlit Post,https://thedawnlitpost.com/house-damaged-in-landslide/,GLC,,Known within 10 km,NASA COOLR,COOLR administrative division; Uttaranchal normalized to Uttarakhand,OK,2017-04-23 04:30:00
11171,"4/26/17, 5:30 AM",Landslide on Senki View road,"Senki View, Itanagar, Papum Pare, Arunachal Pradesh, India",Arunachal Pradesh,27.104,93.612,Landslide,Continuous rain,Small,Above road,0,0,Hindustan Times,http://www.hindustantimes.com/india-news/floods-landslides-hit-arunachal-capital-itanagar-following-heavy-rains/story-0FRcHVbMWVXWXotUXVBVuI.html,GLC,,Known within 1 km,NASA COOLR,COOLR administrative division; Uttaranchal normalized to Uttarakhand,OK,2017-04-26 05:30:00
11175,"5/3/17, 5:30 AM",Fatal landslide in Yangte,"Yangte, Kra Daadi District, Arunachal Pradesh, India",Arunachal Pradesh,27.827,93.624,Landslide,Rain,Medium,Unknown,1,0,Echo of Arunachal,http://echoofarunachal.in/newecho/2017/05/16/one-dies-in-landslide/,GLC,,Known within 1 km,NASA COOLR,COOLR administrative division; Uttaranchal normalized to Uttarakhand,OK,2017-05-03 05:30:00
9797,"5/24/17, 7:30 PM",Mudslide in on Sarli-Damin road,"Sarli-Damin road in Kurung Kumey district, near Lee village",Arunachal Pradesh,27.77,93.51,Mudslide,Rain,Small,Above road,1,0,Arunachal Times,http://www.arunachaltimes.in/mudslide-kills-one/,GLC,,Known within 25 km,NASA COOLR,COOLR administrative division; Uttaranchal normalized to Uttarakhand,OK,2017-05-24 19:30:00
9743,"6/4/17, 5:30 AM",Landslide near Itangar,"Poma River, west of Itangar",Arunachal Pradesh,27.059,93.542,Landslide,Unknown,Medium,Natural slope,0,0,Arunachal Times,http://www.arunachaltimes.in/pipeline-damaged-in-poma-water-crisis-lingers-on/,GLC,,Known within 5 km,NASA COOLR,COOLR administrative division; Uttaranchal normalized to Uttarakhand,OK,2017-06-04 05:30:00
9829,"6/19/17, 9:30 AM",Landslide in Chimpu,,Arunachal Pradesh,27.07,93.615,Landslide,Unknown,Small,Urban,1,,Arunachal Times,http://www.arunachaltimes.in/akddsu-mourns-students-death/,GLC,,Known within 1 km,NASA COOLR,COOLR administrative division; Uttaranchal normalized to Uttarakhand,OK,2017-06-19 09:30:00
11176,"6/20/17, 2:30 PM",Fatal landslide in Gussar circle,"Gussar, Upper Subansiri, Arunachal Pradesh",Arunachal Pradesh,28.108,94.183,Landslide,Rain,Medium,Unknown,1,0,The Arunachal Times,http://www.arunachaltimes.in/man-buried-alive-in-landslide/,GLC,,Known within 5 km,NASA COOLR,COOLR administrative division; Uttaranchal normalized to Uttarakhand,OK,2017-06-20 14:30:00
9834,"6/21/17, 12:30 PM",Landslide in Itanagar,"Poma, 6km away from Itanagar",Arunachal Pradesh,27.059,93.541,Landslide,Rain,Small,Natural slope,0,0,Arunachal Times,http://www.arunachaltimes.in/landslide-disrupts-water-supply-again/,GLC,,Known within 1 km,NASA COOLR,COOLR administrative division; Uttaranchal normalized to Uttarakhand,OK,2017-06-21 12:30:00
9933,"6/30/17, 4:30 PM",Landslide threatens orphanage with collapse,"Jollang, Itanagar Sub-District, Papum Pare, Arunachal Pradesh, 791123",Arunachal Pradesh,27.048,93.619,Landslide,Downpour,Medium,Natural slope,0,0,The Arunachal Times,http://www.arunachaltimes.in/nature-unleashes-fury-leaves-trail-of-devastation-in-itanagar/,GLC,,Known within 1 km,NASA COOLR,COOLR administrative division; Uttaranchal normalized to Uttarakhand,OK,2017-06-30 16:30:00
9934,"7/1/17, 5:30 AM",Landslide blocks road,"Bhalukpong, West Kameng, Arunachal Pradesh",Arunachal Pradesh,27.011,92.642,Landslide,Continuous rain,Small,Above road,0,0,Arunachal Times,http://www.arunachaltimes.in/nature-unleashes-fury-leaves-trail-of-devastation-in-itanagar/,GLC,,Known within 1 km,NASA COOLR,COOLR administrative division; Uttaranchal normalized to Uttarakhand,OK,2017-07-01 05:30:00
9932,"7/1/17, 10:30 AM",Landslide near Dree Festival Ground,"Dree Festival Ground, NH-415, Arunachal Pradesh, India",Arunachal Pradesh,27.106,93.66,Landslide,Downpour,Medium,Below road,0,0,The Arunachal Times,http://www.arunachaltimes.in/nature-unleashes-fury-leaves-trail-of-devastation-in-itanagar/,GLC,,Known exactly,NASA COOLR,COOLR administrative division; Uttaranchal normalized to Uttarakhand,OK,2017-07-01 10:30:00
9935,"7/1/17, 12:30 PM",House in Itanagar washed away by landslide,"Sanglo Potum (??), Itanagar, Papum Pare, Arunachal Pradesh",Arunachal Pradesh,27.082,93.608,Landslide,Continuous rain,Medium,Natural slope,0,0,Arunachal Pradesh,http://www.arunachaltimes.in/nature-unleashes-fury-leaves-trail-of-devastation-in-itanagar/,GLC,,Known within 5 km,NASA COOLR,COOLR administrative division; Uttaranchal normalized to Uttarakhand,OK,2017-07-01 12:30:00
9993,"7/5/17, 3:30 AM",Landslide along Daporijo-Dumporijo road,"Daporijo-Dumporijo road, Arunachal Pradesh, India",Arunachal Pradesh,27.979,94.263,Landslide,Rain,Small,Above road,0,0,The Arunachal Times,http://www.arunachaltimes.in/landslide-washes-away-house-in-daporijo/,GLC,,Known within 10 km,NASA COOLR,COOLR administrative division; Uttaranchal normalized to Uttarakhand,OK,2017-07-05 03:30:00
9998,"7/5/17, 3:30 AM",Landslide in Daporijo,"Abotani Colony, Daporijo Township, Arunachal Pradesh, India",Arunachal Pradesh,27.985,94.213,Landslide,Rain,Medium,Above road,0,0,The Arunachal Times,http://www.arunachaltimes.in/landslide-washes-away-house-in-daporijo/,GLC,,Known within 1 km,NASA COOLR,COOLR administrative division; Uttaranchal normalized to Uttarakhand,OK,2017-07-05 03:30:00
11164,"7/9/17, 5:30 AM",Landslides on Itanagar-Naharlagun road,"NH-52A, Naharlagun Sub-District, Papum Pare, Arunachal Pradesh, 791111",Arunachal Pradesh,27.107,93.652,Landslide,Continuous rain,Small,Above road,0,0,Arunachal Times,http://www.arunachaltimes.in/arunachal-devastated-by-landslides-and-floods-minor-dead/,GLC,,Known within 5 km,NASA COOLR,COOLR administrative division; Uttaranchal normalized to Uttarakhand,OK,2017-07-09 05:30:00
11165,"7/9/17, 5:30 AM","Landslide near Civil Secretariat, Itanagar","Civil Secretariat, Itanagar, Arunachal Pradesh, India",Arunachal Pradesh,27.093,93.619,Landslide,Continuous rain,Small,Above road,0,0,Arunachal Times,http://www.arunachaltimes.in/arunachal-devastated-by-landslides-and-floods-minor-dead/,GLC,,Known exactly,NASA COOLR,COOLR administrative division; Uttaranchal normalized to Uttarakhand,OK,2017-07-09 05:30:00
11166,"7/9/17, 5:30 AM",Landslides in Aalo,"Aalo, Itanagar, Papum Pare, Arunachal Pradesh",Arunachal Pradesh,27.077,93.598,Landslide,Continuous rain,Small,Urban,0,0,Arunachal Times,http://www.arunachaltimes.in/arunachal-devastated-by-landslides-and-floods-minor-dead/,GLC,,Known within 5 km,NASA COOLR,COOLR administrative division; Uttaranchal normalized to Uttarakhand,OK,2017-07-09 05:30:00
11167,"7/9/17, 5:30 AM",Landslide on road near Durga Mandir,"Naharlagun Sub-District, Papum Pare, Arunachal Pradesh",Arunachal Pradesh,27.116,93.796,Landslide,Continuous rain,Small,Above road,0,0,Arunachal Times,http://www.arunachaltimes.in/arunachal-devastated-by-landslides-and-floods-minor-dead/,GLC,,Known within 10 km,NASA COOLR,COOLR administrative division; Uttaranchal normalized to Uttarakhand,OK,2017-07-09 05:30:00
11169,"7/9/17, 5:30 AM",Landslide on Itanagar- Jote-Tapiasso road,"Itanagar- Jote-Tapiasso road, Papum Pare, Arunachal Pradesh",Arunachal Pradesh,27.06,93.501,Landslide,Continuous rain,Medium,Above road,0,0,The Arunachal Times,http://www.arunachaltimes.in/rebia-inspects-flood-ravaged-itanagar-jote-tapiasso-road-doimukh-circle/,GLC,,Known within 10 km,NASA COOLR,COOLR administrative division; Uttaranchal normalized to Uttarakhand,OK,2017-07-09 05:30:00
11170,"7/9/17, 5:30 AM",Mudslides in Borum and Nyorch,"Naharlagun Sub-District, Papum Pare, Arunachal Pradesh",Arunachal Pradesh,27.142,93.665,Mudslide,Continuous rain,Medium,Natural slope,0,0,The Arunachal Times,http://www.arunachaltimes.in/arunachal-devastated-by-landslides-and-floods-minor-dead/,GLC,,Known within 5 km,NASA COOLR,COOLR administrative division; Uttaranchal normalized to Uttarakhand,OK,2017-07-09 05:30:00
11172,"7/9/17, 2:30 PM",Landslide at Niti Vihar,"Niti Vihar, Itanagar, Arunachal Pradesh, India",Arunachal Pradesh,27.084,93.605,Landslide,Continuous rain,Medium,Natural slope,0,0,Arunachal Times,http://www.arunachaltimes.in/arunachal-devastated-by-landslides-and-floods-minor-dead/,GLC,,Known within 5 km,NASA COOLR,COOLR administrative division; Uttaranchal normalized to Uttarakhand,OK,2017-07-09 14:30:00
11177,"7/11/17, 5:30 AM",Landslide in Tawang,"Tawang, Arunchal Pradesh",Arunachal Pradesh,27.584,91.877,Landslide,Rain,Large,Unknown,19,0,NewsBytes,https://www.newsbytesapp.com/timeline/India/1929/11909/arunachal-pradesh-floods-landslides-reap-misery,GLC,,Known within 5 km,NASA COOLR,COOLR administrative division; Uttaranchal normalized to Uttarakhand,OK,2017-07-11 05:30:00
11168,"7/11/17, 9:30 PM",Large landslide at Laptap village,"Laptap, Papum Pare, Arunachal Pradesh, India",Arunachal Pradesh,27.209,93.615,Landslide,Continuous rain,Large,Natural slope,14,0,Hindustan Times,http://www.hindustantimes.com/india-news/14-people-feared-dead-in-massive-landslide-in-arunachal-pradesh/story-I1ogsSk2zfyvXm2wGlmjWP.html,GLC,,Known exactly,NASA COOLR,COOLR administrative division; Uttaranchal normalized to Uttarakhand,OK,2017-07-11 21:30:00
13263,"9/30/17, 4:00 PM",Dirang-Bomdila Rockslide,"5 mile area, between Bomdila and Dirang road, Chariduar - Tawang Road, India.",Arunachal Pradesh,27.304,92.408,Rock fall,Unknown,Large,Above road,,,The Arunachal Times,https://arunachaltimes.in/index.php/2017/10/01/roads-to-dirang-ziro-blocked/,GLC,,Known within 10 km,NASA COOLR,COOLR administrative division; Uttaranchal normalized to Uttarakhand,OK,2017-09-30 16:00:00
14520,"9/14/18, 9:15 PM",Itanagar - Naharlaugn Landslides,"Itanagar-Naharlaugn, Arunachal Pradesh, 791111",Arunachal Pradesh,27.104,93.645,Landslide,Continuous rain,Medium,Unknown,5,,The New Indian Express,https://www.newindianexpress.com/nation/2018/sep/14/two-killed-three-missing-in-arunachal-flood-and-landslides-1871930.html,GLC,,Known within 5 km,NASA COOLR,COOLR administrative division; Uttaranchal normalized to Uttarakhand,OK,2018-09-14 21:15:00
130,"7/19/07, 5:30 AM",Guwahati,Guwahati,Assam,26.17,91.799,Landslide,Rain,Medium,Unknown,6,,Saharas Samay,http://www.saharasamay.com/samayhtml/articles.aspx?newsid=80536,GLC,130,Known within 25 km,NASA COOLR,COOLR administrative division; Uttaranchal normalized to Uttarakhand,OK,2007-07-19 05:30:00
213,"8/26/07, 5:30 AM",Shillong Road at Kuliang in the Jaintia Hills,Shillong Road at Kuliang in the Jaintia Hills,Assam,25.295,92.834,Landslide,Rain,Medium,Unknown,,,Telegraph India,http://www.telegraphindia.com/1070830/asp/northeast/story_8253906.asp,GLC,213,Location not known,NASA COOLR,COOLR administrative division; Uttaranchal normalized to Uttarakhand,OK,2007-08-26 05:30:00
264,"9/13/07, 5:30 AM",Guwahati,Guwahati,Assam,26.183,91.8,Landslide,Rain,Medium,Unknown,,,Saharas Samay,http://www.saharasamay.com/samayhtml/articles.aspx?newsid=84791,GLC,264,Known within 10 km,NASA COOLR,COOLR administrative division; Uttaranchal normalized to Uttarakhand,OK,2007-09-13 05:30:00
545,"5/20/08, 5:30 AM","A Cachar District village, near village of Srinager, Assam","A Cachar District village, near village of Srinager, Assam",Assam,24.985,92.841,Mudslide,Mining,Medium,Unknown,5,,Telegraph India,http://www.telegraphindia.com/1080521/jsp/northeast/story_9297276.jsp,GLC,545,Known within 50 km,NASA COOLR,COOLR administrative division; Uttaranchal normalized to Uttarakhand,OK,2008-05-20 05:30:00
587,"6/15/08, 5:30 AM","Lakhimpur district, Bihpuria, Assam","Lakhimpur district, Bihpuria, Assam",Assam,27.23,94.099,Landslide,Downpour,Medium,Unknown,17,,Telegraph India,http://www.telegraphindia.com/1080616/jsp/northeast/story_9416169.jsp,GLC,587,Known within 25 km,NASA COOLR,COOLR administrative division; Uttaranchal normalized to Uttarakhand,OK,2008-06-15 05:30:00
714,"8/14/08, 5:30 AM","Kimin-Ziro road in Papum Pare district, road between Doimukh and Sagalee, Doimukh-Hoj road; Arunachal Pradesh","Kimin-Ziro road in Papum Pare district, road between Doimukh and Sagalee, Doimukh-Hoj road; Arunachal Pradesh",Assam,27.163,94.0,Landslide,Rain,Medium,Unknown,,,morungexpress,http://www.morungexpress.com/regional/1615.html,GLC,714,Known within 50 km,NASA COOLR,COOLR administrative division; Uttaranchal normalized to Uttarakhand,OK,2008-08-14 05:30:00
868,"10/29/08, 5:30 AM","Kamrup, and Sonitpur, Assam","Kamrup, and Sonitpur, Assam",Assam,26.333,91.25,Landslide,Downpour,Medium,Unknown,7,,in.reuters,http://in.reuters.com/article/topNews/idINIndia-36198420081029,GLC,868,Known within 50 km,NASA COOLR,COOLR administrative division; Uttaranchal normalized to Uttarakhand,OK,2008-10-29 05:30:00
869,"10/29/08, 5:30 AM",North Lakhimpur ,North Lakhimpur ,Assam,27.233,94.117,Landslide,Downpour,Medium,Unknown,,,rttnews,http://www.rttnews.com/ArticleView.aspx?Id=758386&SMap=1,GLC,869,Known within 50 km,NASA COOLR,COOLR administrative division; Uttaranchal normalized to Uttarakhand,OK,2008-10-29 05:30:00
1109,"8/20/09, 5:30 AM",Lumding-Badarpur section in North Cachar Hills district,Lumding-Badarpur section in North Cachar Hills district,Assam,25.522,93.165,Landslide,Downpour,Medium,Unknown,0,,prokerala,http://www.prokerala.com/news/articles/a75292.html,GLC,1109,Known within 25 km,NASA COOLR,COOLR administrative division; Uttaranchal normalized to Uttarakhand,OK,2009-08-20 05:30:00
1127,"8/27/09, 5:30 AM",between Mahur and Phaiding railway stations on Barail hills (Mahur and Barail hills located),between Mahur and Phaiding railway stations on Barail hills (Mahur and Barail hills located),Assam,25.172,93.123,Landslide,Downpour,Medium,Unknown,,,prokerala,http://www.prokerala.com/news/articles/a75292.html,GLC,1127,Known within 10 km,NASA COOLR,COOLR administrative division; Uttaranchal normalized to Uttarakhand,OK,2009-08-27 05:30:00
1611,"4/1/10, 5:30 AM","Paglanala village, Dholai Block, near Dwarbandh locality of the district, Cachar district (could only find district) 45 km from Silchar, Assam","Paglanala village, Dholai Block, near Dwarbandh locality of the district, Cachar district (could only find district) 45 km from Silchar, Assam",Assam,25.155,93.028,Landslide,Downpour,Medium,Unknown,3,,en.apa,http://en.apa.az/news.php?id=119178,GLC,1611,Known within 25 km,NASA COOLR,COOLR administrative division; Uttaranchal normalized to Uttarakhand,OK,2010-04-01 05:30:00
1770,"4/20/10, 5:30 AM","Kharghuli, Guwahati, Assam","Kharghuli, Guwahati, Assam",Assam,26.197,91.763,Landslide,Downpour,Medium,Unknown,0,,assamtribune,http://www.assamtribune.com/scripts/detailsnew.asp?id=apr2110/at06,GLC,1770,Known within 1 km,NASA COOLR,COOLR administrative division; Uttaranchal normalized to Uttarakhand,OK,2010-04-20 05:30:00
1771,"4/20/10, 5:30 AM","Raj Bhavan Guwahati, Assam","Raj Bhavan Guwahati, Assam",Assam,26.198,91.767,Landslide,Downpour,Medium,Unknown,0,,assamtribune,http://www.assamtribune.com/scripts/detailsnew.asp?id=apr2110/at06,GLC,1771,Known exactly,NASA COOLR,COOLR administrative division; Uttaranchal normalized to Uttarakhand,OK,2010-04-20 05:30:00
1934,"6/3/10, 10:30 AM",Rongpur village under Bhairabhnagar panchayat in Karimganj district,Rongpur village under Bhairabhnagar panchayat in Karimganj district,Assam,24.601,92.381,Landslide,Downpour,Medium,Unknown,2,,Telegraph India,http://www.telegraphindia.com/1100605/jsp/northeast/story_12529386.jsp,GLC,1934,Known within 25 km,NASA COOLR,COOLR administrative division; Uttaranchal normalized to Uttarakhand,OK,2010-06-03 10:30:00
1961,"6/9/10, 7:45 PM","Ishok Chingphu(?), Bishnupur, Assam","Ishok Chingphu(?), Bishnupur, Assam",Assam,25.883,91.2,Landslide,Downpour,Medium,Unknown,0,,e-pao.net,http://e-pao.net/GP.asp?src=Snipp3..100610.jun10,GLC,1961,Known within 50 km,NASA COOLR,COOLR administrative division; Uttaranchal normalized to Uttarakhand,OK,2010-06-09 19:45:00
1987,"6/15/10, 5:30 AM","rails between Mahur and Wadringdisa(?), Assam","rails between Mahur and Wadringdisa(?), Assam",Assam,25.227,93.166,Landslide,Downpour,Medium,Unknown,0,,ptinews,http://www.ptinews.com/news/721800_Landslides--blockade-hit-trains-services-in-NC-Hills,GLC,1987,Known within 25 km,NASA COOLR,COOLR administrative division; Uttaranchal normalized to Uttarakhand,OK,2010-06-15 05:30:00
1994,"6/16/10, 5:30 AM","rails between Jatinga and Longrangjao(?), Assam","rails between Jatinga and Longrangjao(?), Assam",Assam,25.063,92.803,Landslide,Downpour,Medium,Unknown,0,,ptinews,http://www.ptinews.com/news/721800_Landslides--blockade-hit-trains-services-in-NC-Hills,GLC,1994,Known within 25 km,NASA COOLR,COOLR administrative division; Uttaranchal normalized to Uttarakhand,OK,2010-06-16 05:30:00
2140,"7/25/10, 5:30 AM","road between Halfong and Redzol(?) or Silchar, Assam","road between Halfong and Redzol(?) or Silchar, Assam",Assam,25.048,92.801,Landslide,Downpour,Medium,Unknown,0,,Telegraph India,http://www.telegraphindia.com/1100727/jsp/northeast/story_12728199.jsp,GLC,2140,Known within 25 km,NASA COOLR,COOLR administrative division; Uttaranchal normalized to Uttarakhand,OK,2010-07-25 05:30:00
2573,"10/9/10, 5:30 AM","Haflong, Assam","Haflong, Assam",Assam,25.18,93.008,Mudslide,Downpour,Medium,Unknown,1,,dnaindia,http://www.dnaindia.com/india/report_one-dead-road-and-rail-communication-disrupted-due-to-rains-in-assam_1450237,GLC,2573,Known within 5 km,NASA COOLR,COOLR administrative division; Uttaranchal normalized to Uttarakhand,OK,2010-10-09 05:30:00
2574,"10/9/10, 5:30 AM","between Mahur and Maigrandisa(?) or Lumding, Assam","between Mahur and Maigrandisa(?) or Lumding, Assam",Assam,25.475,93.148,Landslide,Downpour,Medium,Unknown,0,,dnaindia,http://www.dnaindia.com/india/report_one-dead-road-and-rail-communication-disrupted-due-to-rains-in-assam_1450237,GLC,2574,Known within 50 km,NASA COOLR,COOLR administrative division; Uttaranchal normalized to Uttarakhand,OK,2010-10-09 05:30:00
2575,"10/9/10, 5:30 AM","road between Haflong and Lanka, Assam","road between Haflong and Lanka, Assam",Assam,25.524,92.991,Landslide,Downpour,Medium,Unknown,0,,dnaindia,http://www.dnaindia.com/india/report_one-dead-road-and-rail-communication-disrupted-due-to-rains-in-assam_1450237,GLC,2575,Known within 50 km,NASA COOLR,COOLR administrative division; Uttaranchal normalized to Uttarakhand,OK,2010-10-09 05:30:00
3532,"5/24/11, 5:30 AM","Silchar-Haflong rd., at Reko(Rekha )(?), near Harangajao, Barail Hills, Assam","Silchar-Haflong rd., at Reko(Rekha )(?), near Harangajao, Barail Hills, Assam",Assam,25.089,92.855,Complex,Downpour,Medium,Unknown,0,,articles.timesofindia,http://articles.timesofindia.indiatimes.com/2011-05-27/guwahati/29591193_1_dima-hasao-landslide-traffic-movement,GLC,3532,Known within 10 km,NASA COOLR,COOLR administrative division; Uttaranchal normalized to Uttarakhand,OK,2011-05-24 05:30:00
3672,"6/29/11, 5:30 AM","Portions of NH 39, Connectin Manipur with Assam via Nagaland","Portions of NH 39, Connectin Manipur with Assam via Nagaland",Assam,25.513,93.361,Landslide,Downpour,Medium,Unknown,0,,articles.timesofindia,http://articles.timesofindia.indiatimes.com/2011-06-30/guwahati/29720982_1_heavy-rains-highway,GLC,3672,Location not known,NASA COOLR,COOLR administrative division; Uttaranchal normalized to Uttarakhand,OK,2011-06-29 05:30:00
3837,"7/24/11, 6:00 PM",NH 37,NH 37,Assam,26.584,93.004,Landslide,Downpour,Medium,Unknown,0,,e-pao.net,http://e-pao.net/GP.asp?src=17..250711.jul11,GLC,3837,Known within 50 km,NASA COOLR,COOLR administrative division; Uttaranchal normalized to Uttarakhand,OK,2011-07-24 18:00:00
3965,"9/6/11, 1:30 PM",NH 37 at Awang Khul ,NH 37 at Awang Khul ,Assam,24.808,93.117,Landslide,Rain,Medium,Unknown,3,,e-pao.net,http://e-pao.net/GP.asp?src=Snipp8..080911.sep11,GLC,3965,Known within 1 km,NASA COOLR,COOLR administrative division; Uttaranchal normalized to Uttarakhand,OK,2011-09-06 13:30:00
3983,"9/23/11, 5:30 AM","Maighuli, Guwahati, Meghalaya","Maighuli, Guwahati, Meghalaya",Assam,26.155,91.735,Landslide,Downpour,Large,Unknown,4,,nbtvlive,"http://www.nbtvlive.com/latest-news-4 die, 10 injured in landslide along assam-meghalaya border-crime-23-sep-2011-guwahati-press trust of india-54889.html",GLC,3983,Location not known,NASA COOLR,COOLR administrative division; Uttaranchal normalized to Uttarakhand,OK,2011-09-23 05:30:00
4377,"6/2/12, 5:30 AM","Guwahati, Assam","Guwahati, Assam",Assam,26.148,91.736,Landslide,Downpour,Large,Unknown,,,ibnlive.in,http://ibnlive.in.com/generalnewsfeed/news/barrak-valley-cut-off-due-to-heavy-landslides/1007155.html,GLC,4377,Known within 5 km,NASA COOLR,COOLR administrative division; Uttaranchal normalized to Uttarakhand,OK,2012-06-02 05:30:00
4382,"6/3/12, 5:30 AM"," between Harangajao and Mailongdisa, Assa,"," between Harangajao and Mailongdisa, Assa,",Assam,25.118,92.857,Landslide,Downpour,Medium,Unknown,,,articles.timesofindia,http://articles.timesofindia.indiatimes.com/2012-06-04/guwahati/32030359_1_barail-hill-harangajao-landslides,GLC,4382,Known within 5 km,NASA COOLR,COOLR administrative division; Uttaranchal normalized to Uttarakhand,OK,2012-06-03 05:30:00
4383,"6/3/12, 5:30 AM","between Maibang and Daotohaja, Assam","between Maibang and Daotohaja, Assam",Assam,25.306,93.127,Landslide,Downpour,Medium,Unknown,,,articles.timesofindia,http://articles.timesofindia.indiatimes.com/2012-06-04/guwahati/32030359_1_barail-hill-harangajao-landslides,GLC,4383,Known within 5 km,NASA COOLR,COOLR administrative division; Uttaranchal normalized to Uttarakhand,OK,2012-06-03 05:30:00
4384,"6/3/12, 5:30 AM","between Haflong and  Bagetar, Assam","between Haflong and  Bagetar, Assam",Assam,25.178,93.012,Landslide,Downpour,Medium,Unknown,,,articles.timesofindia,http://articles.timesofindia.indiatimes.com/2012-06-04/guwahati/32030359_1_barail-hill-harangajao-landslides,GLC,4384,Known within 5 km,NASA COOLR,COOLR administrative division; Uttaranchal normalized to Uttarakhand,OK,2012-06-03 05:30:00
4424,"6/20/12, 5:30 AM","Lalunggaon, Guwahati,  Assam","Lalunggaon, Guwahati,  Assam",Assam,26.149,91.735,Landslide,Downpour,Medium,Unknown,,,twocircles.net,http://twocircles.net/2012jun22/landslide_kills_three_assam.html,GLC,4424,Known within 1 km,NASA COOLR,COOLR administrative division; Uttaranchal normalized to Uttarakhand,OK,2012-06-20 05:30:00
4426,"6/22/12, 5:30 AM",Lalunggaon near Gorchuk area,Lalunggaon near Gorchuk area,Assam,26.123,91.716,Landslide,Downpour,Medium,Unknown,3,,thesop.org,http://thesop.org/story/20120701/woman-killed-in-guwahati-by-landslide.html,GLC,4426,Known within 5 km,NASA COOLR,COOLR administrative division; Uttaranchal normalized to Uttarakhand,OK,2012-06-22 05:30:00
4434,"6/25/12, 11:30 PM","Sonaighuli area near Kahilipara, Guwahati City, Assam","Sonaighuli area near Kahilipara, Guwahati City, Assam",Assam,26.105,91.737,Landslide,Downpour,Large,Unknown,1,,thesop.org,http://thesop.org/story/20120701/woman-killed-in-guwahati-by-landslide.html,GLC,4434,Known within 1 km,NASA COOLR,COOLR administrative division; Uttaranchal normalized to Uttarakhand,OK,2012-06-25 23:30:00
4859,"5/11/13, 5:30 AM","Sarania Hills, North Guwahati, Guwahati, Assam,","Sarania Hills, North Guwahati, Guwahati, Assam,",Assam,26.177,91.76,Landslide,Rain,Medium,Unknown,,1,articles.timesofindia.indiatimes.com,http://articles.timesofindia.indiatimes.com/2013-05-12/guwahati/39203561_1_artificial-floods-guwahati-municipal-corporation-gs-road,GLC,4859,Known within 5 km,NASA COOLR,COOLR administrative division; Uttaranchal normalized to Uttarakhand,OK,2013-05-11 05:30:00
4860,"5/11/13, 5:30 AM","Boragaon, North Guwahati, Guwahati, Assam,","Boragaon, North Guwahati, Guwahati, Assam,",Assam,26.102,91.691,Landslide,Rain,Medium,Unknown,,,articles.timesofindia.indiatimes.com,http://articles.timesofindia.indiatimes.com/2013-05-12/guwahati/39203561_1_artificial-floods-guwahati-municipal-corporation-gs-road,GLC,4860,Known within 5 km,NASA COOLR,COOLR administrative division; Uttaranchal normalized to Uttarakhand,OK,2013-05-11 05:30:00
4858,"5/11/13, 2:30 PM","Nursery, North Guwahati, Guwahati, Assam,","Nursery, North Guwahati, Guwahati, Assam,",Assam,26.166,91.714,Landslide,Rain,Medium,Unknown,,,articles.timesofindia.indiatimes.com,http://articles.timesofindia.indiatimes.com/2013-05-12/guwahati/39203561_1_artificial-floods-guwahati-municipal-corporation-gs-road,GLC,4858,Known within 50 km,NASA COOLR,COOLR administrative division; Uttaranchal normalized to Uttarakhand,OK,2013-05-11 14:30:00
5584,"10/6/13, 5:30 AM","Nilachal Hill, Guwahati, Assam","Nilachal Hill, Guwahati, Assam",Assam,26.167,91.705,Landslide,Downpour,Medium,Unknown,0,,articles.timesofindia.indiatimes.com,http://articles.timesofindia.indiatimes.com/2013-10-07/guwahati/42793381_1_anil-nagar-heavy-rain-nabin-nagar,GLC,5584,Known within 5 km,NASA COOLR,COOLR administrative division; Uttaranchal normalized to Uttarakhand,OK,2013-10-06 05:30:00
5582,"10/6/13, 6:15 PM","Batahguli, Guwahati, Assam","Batahguli, Guwahati, Assam",Assam,26.131,91.838,Landslide,Downpour,Medium,Unknown,1,,articles.timesofindia.indiatimes.com,http://articles.timesofindia.indiatimes.com/2013-10-07/guwahati/42793381_1_anil-nagar-heavy-rain-nabin-nagar,GLC,5582,Known within 5 km,NASA COOLR,COOLR administrative division; Uttaranchal normalized to Uttarakhand,OK,2013-10-06 18:15:00
6016,"5/10/14, 4:30 AM","Satgarakul Village, Karimganj, Assam State","Satgarakul Village, Karimganj, Assam State",Assam,24.867,92.358,Landslide,Rain,Small,Unknown,7,0,Sciency Thoughts,http://sciencythoughts.blogspot.com/2014/05/seven-members-of-one-family-killed-by.html,GLC,6016,Known within 1 km,NASA COOLR,COOLR administrative division; Uttaranchal normalized to Uttarakhand,OK,2014-05-10 04:30:00
6106,"6/27/14, 4:30 AM",Narakasur,Narakasur,Assam,26.141,91.765,Landslide,Continuous rain,Small,Unknown,3,0,Two Circles,http://twocircles.net/2014jun27/8_killed_assam_landslides_electrocution.html#.U70ydPldU1L,GLC,6106,Known within 5 km,NASA COOLR,COOLR administrative division; Uttaranchal normalized to Uttarakhand,OK,2014-06-27 04:30:00
6107,"6/27/14, 4:30 AM",Bamunimaidam,Bamunimaidam,Assam,26.184,91.79,Landslide,Continuous rain,Small,Unknown,1,0,Two Circles,http://twocircles.net/2014jun27/8_killed_assam_landslides_electrocution.html#.U70ydPldU1L,GLC,6107,Known within 5 km,NASA COOLR,COOLR administrative division; Uttaranchal normalized to Uttarakhand,OK,2014-06-27 04:30:00
6110,"6/27/14, 5:30 AM","Bhangagarh, Assam","Bhangagarh, Assam",Assam,26.162,91.77,Landslide,Rain,Small,Unknown,3,0,Assam Times,http://www.assamtimes.org/node/11181,GLC,6110,Known exactly,NASA COOLR,COOLR administrative division; Uttaranchal normalized to Uttarakhand,OK,2014-06-27 05:30:00
6112,"6/28/14, 2:30 PM","Kharghuli Hills, Assam","Kharghuli Hills, Assam",Assam,26.196,91.765,Landslide,Rain,Medium,Unknown,0,0,Assam Times,http://www.assamtimes.org/node/11181,GLC,6112,Known exactly,NASA COOLR,COOLR administrative division; Uttaranchal normalized to Uttarakhand,OK,2014-06-28 14:30:00
6282,"9/22/14, 5:30 AM",Lalmati,Lalmati,Assam,26.11,91.775,Landslide,Rain,Small,Urban,1,0,Assam Tribune,http://www.assamtribune.com/scripts/detailsnew.asp?id=sep2414/at051,GLC,6282,Known within 5 km,NASA COOLR,COOLR administrative division; Uttaranchal normalized to Uttarakhand,OK,2014-09-22 05:30:00
6283,"9/22/14, 5:30 AM",Dakhingaon,Dakhingaon,Assam,26.131,91.755,Landslide,Rain,Small,Unknown,0,0,Assam Tribune,http://www.assamtribune.com/scripts/detailsnew.asp?id=sep2414/at051,GLC,6283,Known within 1 km,NASA COOLR,COOLR administrative division; Uttaranchal normalized to Uttarakhand,OK,2014-09-22 05:30:00
6284,"9/22/14, 5:30 AM",Batahghuli,Batahghuli,Assam,26.132,91.834,Landslide,Rain,Small,Unknown,0,1,Assam Tribune,http://www.assamtribune.com/scripts/detailsnew.asp?id=sep2414/at051,GLC,6284,Known within 5 km,NASA COOLR,COOLR administrative division; Uttaranchal normalized to Uttarakhand,OK,2014-09-22 05:30:00
6285,"9/22/14, 5:30 AM",VIP Road,VIP Road,Assam,26.159,91.818,Landslide,Rain,Small,Above road,0,0,Assam Tribune,http://www.assamtribune.com/scripts/detailsnew.asp?id=sep2414/at051,GLC,6285,Known within 5 km,NASA COOLR,COOLR administrative division; Uttaranchal normalized to Uttarakhand,OK,2014-09-22 05:30:00
6286,"9/22/14, 5:30 AM",Garchuk,Garchuk,Assam,26.104,91.708,Landslide,Rain,Small,Unknown,0,0,Assam Tribune,http://www.assamtribune.com/scripts/detailsnew.asp?id=sep2414/at051,GLC,6286,Known within 5 km,NASA COOLR,COOLR administrative division; Uttaranchal normalized to Uttarakhand,OK,2014-09-22 05:30:00
6287,"9/22/14, 5:30 AM",Dhirenpara,Dhirenpara,Assam,26.13,91.706,Landslide,Rain,Small,Unknown,0,0,Assam Tribune,http://www.assamtribune.com/scripts/detailsnew.asp?id=sep2414/at051,GLC,6287,Known within 5 km,NASA COOLR,COOLR administrative division; Uttaranchal normalized to Uttarakhand,OK,2014-09-22 05:30:00
6288,"9/22/14, 5:30 AM",Noonmati,Noonmati,Assam,26.199,91.8,Landslide,Rain,Small,Unknown,0,0,Assam Tribune,http://www.assamtribune.com/scripts/detailsnew.asp?id=sep2414/at051,GLC,6288,Known within 5 km,NASA COOLR,COOLR administrative division; Uttaranchal normalized to Uttarakhand,OK,2014-09-22 05:30:00
6289,"9/22/14, 5:30 AM",Pamohi,Pamohi,Assam,26.1,91.685,Landslide,Rain,Small,Unknown,0,0,Assam Tribune,http://www.assamtribune.com/scripts/detailsnew.asp?id=sep2414/at051,GLC,6289,Known within 5 km,NASA COOLR,COOLR administrative division; Uttaranchal normalized to Uttarakhand,OK,2014-09-22 05:30:00
6292,"9/23/14, 5:30 AM",Hatsingimari,Hatsingimari,Assam,25.724,89.903,Landslide,Continuous rain,Small,Unknown,1,0,Deccan Herald,http://www.deccanherald.com/content/432481/landslide-guwahati-shillong-highway.html,GLC,6292,Known within 5 km,NASA COOLR,COOLR administrative division; Uttaranchal normalized to Uttarakhand,OK,2014-09-23 05:30:00
6775,"2/14/15, 5:30 AM",Kailashpur hill,Kailashpur hill,Assam,26.147,91.647,Landslide,Mining,Small,Mine,1,2,Telegraph,http://www.telegraphindia.com/1150215/jsp/frontpage/story_3475.jsp#.VONkky5HWUk,GLC,6775,Known within 5 km,NASA COOLR,COOLR administrative division; Uttaranchal normalized to Uttarakhand,OK,2015-02-14 05:30:00
6786,"2/20/15, 4:30 AM","Hailākāndi : Two labourers died while another was injured in a landslide in Assam's Hailakandi district, the police said today.",,Assam,24.611,92.562,Landslide,Mining,Medium,Mine,2,1,Business Standard,http://www.business-standard.com/article/pti-stories/two-labourers-killed-in-landslide-115022000437_1.html,GLC,6786,Known within 5 km,NASA COOLR,COOLR administrative division; Uttaranchal normalized to Uttarakhand,OK,2015-02-20 04:30:00
7591,"3/19/15, 5:30 AM",Ratacherra,Ratacherra,Assam,25.032,92.458,Landslide,Rain,Small,Unknown,0,0,International Business Times,http://www.ibtimes.co.in/meghalaya-massive-landslide-east-jaintia-hills-flash-floods-shillong-hit-normal-life-643439,GLC,7591,Known within 5 km,NASA COOLR,COOLR administrative division; Uttaranchal normalized to Uttarakhand,OK,2015-03-19 05:30:00
7253,"7/22/15, 5:30 AM",Lakhipur,Lakhipur,Assam,24.798,92.997,Landslide,Continuous rain,Medium,Urban,5,0,Assam Times,http://www.assamtimes.org/node/14309,GLC,7253,Known within 5 km,NASA COOLR,COOLR administrative division; Uttaranchal normalized to Uttarakhand,OK,2015-07-22 05:30:00
7276,"7/25/15, 2:30 PM","Dispur : According to report, a huge hillock slipped into the house after heavy rain where Dinesh Bodo along with his wife and daughter lived in. Thi*",,Assam,26.106,91.872,Landslide,Continuous rain,Medium,Natural slope,2,0,ASSAM Talks,http://www.assamtalks.com/2-killed-in-jorabat-landslide.html,GLC,7276,Known within 5 km,NASA COOLR,COOLR administrative division; Uttaranchal normalized to Uttarakhand,OK,2015-07-25 14:30:00
7728,"8/22/15, 2:30 PM",Natonal Highway in Jorabat area,Natonal Highway in Jorabat area,Assam,26.103,91.881,Landslide,Continuous rain,Medium,Above road,0,0,Assam Times,http://www.assamtimes.org/node/14643,GLC,7728,Known within 5 km,NASA COOLR,COOLR administrative division; Uttaranchal normalized to Uttarakhand,OK,2015-08-22 14:30:00
7923,"9/1/15, 5:30 AM",Amingaon,Amingaon,Assam,26.493,91.721,Landslide,Rain,Medium,Unknown,2,0,The New Indian Express,http://www.newindianexpress.com/nation/Woman-Child-Killed-in-Assam-Landslide/2015/09/01/article3005012.ece,GLC,7923,Known within 10 km,NASA COOLR,COOLR administrative division; Uttaranchal normalized to Uttarakhand,OK,2015-09-01 05:30:00
7933,"9/1/15, 5:30 AM",Maligaon,Maligaon,Assam,26.187,91.674,Rock fall,Rain,Medium,Unknown,2,0,Assam Times,http://www.assamtimes.org/node/14780,GLC,7933,Known within 1 km,NASA COOLR,COOLR administrative division; Uttaranchal normalized to Uttarakhand,OK,2015-09-01 05:30:00
8339,"9/23/15, 5:30 AM",Kamakhya Temple,Kamakhya Temple,Assam,26.167,91.704,Landslide,Continuous rain,Medium,Above road,0,0,Assam Times,http://www.assamtimes.org/node/15150,GLC,8339,Known within 1 km,NASA COOLR,COOLR administrative division; Uttaranchal normalized to Uttarakhand,OK,2015-09-23 05:30:00
9334,"5/18/16, 1:30 PM","Bilaipur, Hailakandi district, Assam, India","Bilaipur, Hailakandi district, Assam, India",Assam,24.52,92.726,Landslide,Continuous rain,Unknown,Unknown,2,0,Indian Express,http://indianexpress.com/article/india/india-news-india/at-least-10-killed-in-landslides-in-assam-rescue-operations-underway-2806810/,GLC,9334,Known within 1 km,NASA COOLR,COOLR administrative division; Uttaranchal normalized to Uttarakhand,OK,2016-05-18 13:30:00
9335,"5/18/16, 1:30 PM","Bilaipur, Hailakandi district, Assam, India","Bilaipur, Hailakandi district, Assam, India",Assam,24.52,92.724,Landslide,Continuous rain,Unknown,Unknown,2,0,Indian Express,http://indianexpress.com/article/india/india-news-india/at-least-10-killed-in-landslides-in-assam-rescue-operations-underway-2806810/,GLC,9335,Known within 1 km,NASA COOLR,COOLR administrative division; Uttaranchal normalized to Uttarakhand,OK,2016-05-18 13:30:00
9336,"5/18/16, 1:30 PM","Ramchandi , Hailakandi District, Assam, India","Ramchandi , Hailakandi District, Assam, India",Assam,24.531,92.512,Landslide,Continuous rain,Small,Unknown,1,0,Indian Express,http://indianexpress.com/article/india/india-news-india/at-least-10-killed-in-landslides-in-assam-rescue-operations-underway-2806810/,GLC,9336,Known within 1 km,NASA COOLR,COOLR administrative division; Uttaranchal normalized to Uttarakhand,OK,2016-05-18 13:30:00
9338,"5/18/16, 1:30 PM","Sonachirra, Karimganj district, Assam, India","Sonachirra, Karimganj district, Assam, India",Assam,24.464,92.494,Landslide,Continuous rain,Medium,Natural slope,5,0,Indian Express,http://indianexpress.com/article/india/india-news-india/at-least-10-killed-in-landslides-in-assam-rescue-operations-underway-2806810/,GLC,9338,Known within 10 km,NASA COOLR,COOLR administrative division; Uttaranchal normalized to Uttarakhand,OK,2016-05-18 13:30:00
8222,"6/22/16, 5:30 PM","Piyali Phukan Nagar, Guwahati, India","Piyali Phukan Nagar, Guwahati, India",Assam,26.196,91.783,Mudslide,Downpour,Medium,Natural slope,1,0,NYOOOZ,http://www.nyoooz.com/guwahati/515423/woman-killed-in-wall-collapse-after-landslide-in-guwahati,GLC,8222,Known within 5 km,NASA COOLR,COOLR administrative division; Uttaranchal normalized to Uttarakhand,OK,2016-06-22 17:30:00
8684,"7/7/16, 5:30 AM","Kamrup district, Assam, India","Kamrup district, Assam, India",Assam,25.961,91.368,Landslide,Continuous rain,Medium,Retaining wall,2,2,Hindustan Times,http://www.hindustantimes.com/india-news/two-killed-due-to-landslide-in-assam/story-iWPiQmWinCDc8gZotcTmFM.html,GLC,8684,Known within 50 km,NASA COOLR,COOLR administrative division; Uttaranchal normalized to Uttarakhand,OK,2016-07-07 05:30:00
8995,"7/14/16, 5:30 AM","Noonmati Nijarapar area of the city, Guwahati, Assam, India","Noonmati Nijarapar area of the city, Guwahati, Assam, India",Assam,26.196,91.807,Landslide,Monsoon,Small,Unknown,1,0,Indian Express,http://indianexpress.com/article/india/india-news-india/separate-landslides-kill-two-in-assam-2913748/,GLC,8995,Known within 5 km,NASA COOLR,COOLR administrative division; Uttaranchal normalized to Uttarakhand,OK,2016-07-14 05:30:00
8996,"7/14/16, 5:30 AM","Pub Sarania hill, South Sarania, Guwahati, Assam, India","Pub Sarania hill, South Sarania, Guwahati, Assam, India",Assam,26.177,91.77,Landslide,Monsoon,Small,Natural slope,1,0,Indian Express,http://indianexpress.com/article/india/india-news-india/separate-landslides-kill-two-in-assam-2913748/,GLC,8996,Known within 1 km,NASA COOLR,COOLR administrative division; Uttaranchal normalized to Uttarakhand,OK,2016-07-14 05:30:00
9051,"7/19/16, 2:30 PM","12th Mile area at Jorabat, Meghalaya, India","12th Mile area at Jorabat, Meghalaya, India",Assam,26.097,91.874,Landslide,Unknown,Medium,Natural slope,0,1,NELIVE (North East Live),http://www.nelive.in/assam/news/woman-injured-landslide,GLC,9051,Known within 25 km,NASA COOLR,COOLR administrative division; Uttaranchal normalized to Uttarakhand,OK,2016-07-19 14:30:00
9122,"7/20/16, 5:30 AM","Noonmati, Guwahati, Assam, India","Noonmati, Guwahati, Assam, India",Assam,26.197,91.802,Landslide,Rain,Medium,Unknown,0,0,Times of India,http://timesofindia.indiatimes.com/city/guwahati/Landslide-toll-touches-6-as-woman-buried-alive-in-Guwahati/articleshow/53314082.cms,GLC,9122,Known within 5 km,NASA COOLR,COOLR administrative division; Uttaranchal normalized to Uttarakhand,OK,2016-07-20 05:30:00
9917,"9/1/16, 5:30 AM",Landslide in Silchar,"Silchar, Assam, India",Assam,24.769,92.821,Landslide,Flooding,Large,Natural slope,4,0,EENADU India,http://www.eenaduindia.com/states/east/assam/2016/09/01164302/2-bodies-found-2-others-missing-after-landslide-flood.vpf,GLC,,Known within 50 km,NASA COOLR,COOLR administrative division; Uttaranchal normalized to Uttarakhand,OK,2016-09-01 05:30:00
10972,"12/15/16, 5:30 AM",Landslide at Noonmati Nijarapar,"Noonmati Nijarapar, Assam, India",Assam,26.192,91.81,Landslide,Unknown,Small,Natural slope,1,0,NBC Daily,http://www.nbcdaily.com/separate-landslides-kill-two-in-assam/85170/,GLC,,Known within 1 km,NASA COOLR,COOLR administrative division; Uttaranchal normalized to Uttarakhand,OK,2016-12-15 05:30:00
10973,"12/15/16, 5:30 AM",Landslide at Pub Sarania Hill,"Pub Sarania Hill, Guwahati, Assam, India",Assam,26.182,91.772,Landslide,Unknown,Small,Urban,1,0,NBC Daily,http://www.nbcdaily.com/separate-landslides-kill-two-in-assam/85170/,GLC,,Known within 1 km,NASA COOLR,COOLR administrative division; Uttaranchal normalized to Uttarakhand,OK,2016-12-15 05:30:00
10976,"4/4/17, 5:30 AM",Landslide in Harangajao,"Harangajao, Assam, India",Assam,25.118,92.854,Landslide,Rain,Small,Above road,0,0,DNA,http://www.dnaindia.com/india/report-all-schools-in-dima-haso-district-closed-due-to-bad-weather-2381478,GLC,,Known within 1 km,NASA COOLR,COOLR administrative division; Uttaranchal normalized to Uttarakhand,OK,2017-04-04 05:30:00
10977,"4/4/17, 5:30 AM",Landslides along National Highway 54,,Assam,25.482,93.142,Landslide,Rain,Small,Above road,0,0,DNA,http://www.dnaindia.com/india/report-all-schools-in-dima-haso-district-closed-due-to-bad-weather-2381478,GLC,,Known within 50 km,NASA COOLR,COOLR administrative division; Uttaranchal normalized to Uttarakhand,OK,2017-04-04 05:30:00
10978,"4/4/17, 5:30 AM",Landslide in N. Leikul,"N. Leikul, Assam, India",Assam,25.132,93.047,Landslide,Rain,Small,Above road,0,0,DNA,http://www.dnaindia.com/india/report-all-schools-in-dima-haso-district-closed-due-to-bad-weather-2381478,GLC,,Known within 1 km,NASA COOLR,COOLR administrative division; Uttaranchal normalized to Uttarakhand,OK,2017-04-04 05:30:00
10979,"4/4/17, 5:30 AM",Landslide in Phaiding,"Phaiding, Assam, India",Assam,25.195,93.173,Landslide,Rain,Small,Above road,0,0,DNA,http://www.dnaindia.com/india/report-all-schools-in-dima-haso-district-closed-due-to-bad-weather-2381478,GLC,,Known within 1 km,NASA COOLR,COOLR administrative division; Uttaranchal normalized to Uttarakhand,OK,2017-04-04 05:30:00
10980,"4/4/17, 5:30 AM",Landslide in Mahur,"Mahur, Assam, India",Assam,25.181,93.118,Landslide,Rain,Small,Natural slope,0,0,DNA,http://www.dnaindia.com/india/report-all-schools-in-dima-haso-district-closed-due-to-bad-weather-2381478,GLC,,Known within 1 km,NASA COOLR,COOLR administrative division; Uttaranchal normalized to Uttarakhand,OK,2017-04-04 05:30:00
10974,"4/5/17, 5:30 AM",Fatal landslide in Bonda,"Bonda, Guwahati, Assam, India",Assam,26.161,91.853,Landslide,Continuous rain,Medium,Urban,2,0,The Echo of India,http://echoofindia.com/guwahati-landslide-kills-2-labourers-guwahati-3-die-lightning-strikes-across-assam-125768,GLC,,Known within 5 km,NASA COOLR,COOLR administrative division; Uttaranchal normalized to Uttarakhand,OK,2017-04-05 05:30:00
10975,"4/30/17, 12:30 AM",Fatal landslide in Makhim village,"Makhim (??), West Karbi Anglong, Assam",Assam,25.619,92.709,Landslide,Continuous rain,Medium,Natural slope,3,0,India Blooms,http://www.indiablooms.com/ibns_new/news-details/N/30787/assam-three-children-die-in-landslide-in-west-karbi-anglong.html,GLC,,Known within 25 km,NASA COOLR,COOLR administrative division; Uttaranchal normalized to Uttarakhand,OK,2017-04-30 00:30:00
9750,"6/4/17, 5:30 AM","Flood, Landslide in Assam",Dima Hasao district,Assam,25.152,92.947,Landslide,Continuous rain,Medium,Natural slope,,,NELive,http://www.nelive.in/assam/news/assam-flood-landslide-disrupts-rail-connectivity-barak-valley-over-13000-affected-due,GLC,,Known within 50 km,NASA COOLR,COOLR administrative division; Uttaranchal normalized to Uttarakhand,OK,2017-06-04 05:30:00
11178,"6/19/17, 1:30 AM",Landslide traps commuters,"Bhalukpong, Assam",Assam,26.964,92.783,Landslide,Monsoon,Medium,Above road,0,0,Eastern Mirror,http://www.easternmirrornagaland.com/army-rescues-200-people-from-landslide-site-in-arunachal-pradesh/,GLC,,Known within 10 km,NASA COOLR,COOLR administrative division; Uttaranchal normalized to Uttarakhand,OK,2017-06-19 01:30:00
9949,"7/3/17, 5:30 AM",Landslide opposite Jorabat Police Outpost,"G S Road, Sonapur, Kamrup Metropolitan, Assam, 781141",Assam,26.1,91.874,Landslide,Downpour,Small,Above road,0,0,The Assam Tribune,http://www.assamtribune.com/scripts/detailsnew.asp?id=jul0417/city055,GLC,,Known within 1 km,NASA COOLR,COOLR administrative division; Uttaranchal normalized to Uttarakhand,OK,2017-07-03 05:30:00
9951,"7/3/17, 5:30 AM",Landslide hits Jorabat,"Jorabat, Assam State, India",Assam,26.106,91.852,Landslide,Downpour,Small,Unknown,0,0,The Assam Tribune,http://www.assamtribune.com/scripts/detailsnew.asp?id=jul0417/city055,GLC,,Known within 5 km,NASA COOLR,COOLR administrative division; Uttaranchal normalized to Uttarakhand,OK,2017-07-03 05:30:00
9952,"7/3/17, 5:30 AM",Landslide hits Jorabat,"Sonapur, Kamrup Metropolitan, Assam",Assam,26.104,91.862,Landslide,Downpour,Small,Unknown,0,0,The Assam Tribune,http://www.assamtribune.com/scripts/detailsnew.asp?id=jul0417/city055,GLC,,Known within 5 km,NASA COOLR,COOLR administrative division; Uttaranchal normalized to Uttarakhand,OK,2017-07-03 05:30:00
9972,"7/3/17, 5:30 AM",Fatal landslide in Chandrapur,"Chandrapur, Kamrup Metropolitan, Assam",Assam,26.222,91.921,Landslide,Continuous rain,Medium,Unknown,1,0,Hindustan Times,http://www.hindustantimes.com/india-news/two-more-killed-in-assam-floods-more-than-3-5-lakh-people-affected/story-MmZHSSifUM78Jhd7l8lEzJ.html,GLC,,Known within 10 km,NASA COOLR,COOLR administrative division; Uttaranchal normalized to Uttarakhand,OK,2017-07-03 05:30:00
9940,"7/3/17, 12:30 PM",Landslide in Panikhaiti kills girl,"Panikhaiti, Kamrup Metropolitan, Assam State, India",Assam,26.205,91.872,Landslide,Continuous rain,Medium,Natural slope,1,0,The Tribune,http://www.tribuneindia.com/news/nation/7-year-old-girl-killed-by-landslide-at-guwahati/431122.html,GLC,,Known within 1 km,NASA COOLR,COOLR administrative division; Uttaranchal normalized to Uttarakhand,OK,2017-07-03 12:30:00
10005,"7/6/17, 5:30 AM",Landslide crushes house,"Beltola, Assam State-Meghalaya State border, India",Assam,26.11,91.803,Landslide,Continuous rain,Medium,Unknown,0,0,DY365,http://dy365.in/news_details.php?aID=6427&subC=2,GLC,,Known within 10 km,NASA COOLR,COOLR administrative division; Uttaranchal normalized to Uttarakhand,OK,2017-07-06 05:30:00
11162,"7/9/17, 5:30 AM",Landslide blocks NH-37,"Burapahar, Nagaon, Assam",Assam,26.566,93.132,Landslide,Continuous rain,Small,Above road,0,0,Daily World,https://dailyworld.in/nagaon-a-landslide-at-national-highway-37-near-burapahar-area-in/,GLC,,Known within 5 km,NASA COOLR,COOLR administrative division; Uttaranchal normalized to Uttarakhand,OK,2017-07-09 05:30:00
10004,"7/10/17, 5:30 AM",Landslide damages house,"Dispur, Kamrup Metropolitan, Assam",Assam,26.145,91.794,Landslide,Continuous rain,Small,Urban,0,0,The Assam Tribune,http://www.assamtribune.com/scripts/detailsnew.asp?id=jul1117/city050,GLC,,Known within 1 km,NASA COOLR,COOLR administrative division; Uttaranchal normalized to Uttarakhand,OK,2017-07-10 05:30:00
10007,"7/10/17, 5:30 AM",Landslide in Chandmari,"Chandmari, Guwahati, Kamrup Metropolitan, Assam, 781003",Assam,26.19,91.773,Landslide,Continuous rain,Small,Urban,0,0,The Assam Tribune,http://www.assamtribune.com/scripts/detailsnew.asp?id=jul1117/city050,GLC,,Known within 1 km,NASA COOLR,COOLR administrative division; Uttaranchal normalized to Uttarakhand,OK,2017-07-10 05:30:00
11163,"7/10/17, 5:30 AM",Fatal landslide in Narayanpur,"Narayanpur, Lakhimpur, Assam, 784164",Assam,26.951,93.867,Landslide,Continuous rain,Medium,Unknown,2,0,Firstpost,http://www.firstpost.com/india/assam-floods-death-toll-reaches-33-over-12-55-lakh-people-affected-across-20-districts-3798017.html,GLC,,Known within 25 km,NASA COOLR,COOLR administrative division; Uttaranchal normalized to Uttarakhand,OK,2017-07-10 05:30:00
14086,"12/18/18, 9:40 PM",Rock fall on Railroad tracks between Phiding and Mahur Stations,Railway between Phiding and Mahur station in Badarpur.,Assam,25.196,93.134,Rock fall,Rain,Small,Above road,0,0,Barak Bulletin,https://www.barakbulletin.com/en_US/track-cleared-trains-are-running-again-in-badarpur-lumding-route/,GLC,,Known within 5 km,NASA COOLR,COOLR administrative division; Uttaranchal normalized to Uttarakhand,OK,2018-12-18 21:40:00
177,"8/12/07, 5:30 AM","Himachal Pradesh, all over","Himachal Pradesh, all over",Himachal Pradesh,32.733,77.591,Landslide,Rain,Medium,Unknown,11,,Himachal news,http://himachal.us/2007/08/13/11-dead-in-himachal-as-rain-throws-life-out-of-gear/2654/general/himachal-news,GLC,177,Location not known,NASA COOLR,COOLR administrative division; Uttaranchal normalized to Uttarakhand,OK,2007-08-12 05:30:00
178,"8/12/07, 5:30 AM",Kangra,Kangra,Himachal Pradesh,32.099,76.267,Landslide,Rain,Large,Unknown,2,,The hindu.com,http://www.hindu.com/thehindu/holnus/004200708121524.htm,GLC,178,Known within 25 km,NASA COOLR,COOLR administrative division; Uttaranchal normalized to Uttarakhand,OK,2007-08-12 05:30:00
481,"3/17/08, 5:30 AM","Nehrukund in Manali, Himachal Pradesh","Nehrukund in Manali, Himachal Pradesh",Himachal Pradesh,32.286,77.161,Landslide,Snowfall/snowmelt,Medium,Unknown,25,,thaindian,http://www.thaindian.com/newsportal/uncategorized/a-dozen-feared-killed-in-himachal-pradesh-landslide_10028453.html,GLC,481,Known within 25 km,NASA COOLR,COOLR administrative division; Uttaranchal normalized to Uttarakhand,OK,2008-03-17 05:30:00
568,"6/3/08, 5:30 AM",Hindustan-Tibet National Highway near Matiana village,Hindustan-Tibet National Highway near Matiana village,Himachal Pradesh,31.208,77.193,Landslide,Rain,Medium,Unknown,,,thaindian,http://www.thaindian.com/newsportal/enviornment/landslide-blocks-hindustan-tibet-road_10056629.html,GLC,568,Known within 25 km,NASA COOLR,COOLR administrative division; Uttaranchal normalized to Uttarakhand,OK,2008-06-03 05:30:00
592,"6/18/08, 5:30 AM","Manali-Leh road, Gulaba near Rohtang Pass","Manali-Leh road, Gulaba near Rohtang Pass",Himachal Pradesh,32.371,77.247,Landslide,Rain,Medium,Unknown,,,thecheers,http://www.thecheers.org/news/South-Asia/news_28108_Manali-Leh-Highway-closed-down-due-to-landslide.html,GLC,592,Known within 25 km,NASA COOLR,COOLR administrative division; Uttaranchal normalized to Uttarakhand,OK,2008-06-18 05:30:00
697,"8/8/08, 5:30 AM","Barog, Shimla; Chandigarh-Shimla national highway","Barog, Shimla; Chandigarh-Shimla national highway",Himachal Pradesh,31.13,77.09,Landslide,Rain,Medium,Unknown,,,sindhtoday,http://www.sindhtoday.net/south-asia/10242.htm,GLC,697,Known within 25 km,NASA COOLR,COOLR administrative division; Uttaranchal normalized to Uttarakhand,OK,2008-08-08 05:30:00
715,"8/14/08, 5:30 AM","Shimla, Mandi, Solan and Sirmaur districts","Shimla, Mandi, Solan and Sirmaur districts",Himachal Pradesh,31.0,77.12,Complex,Monsoon,Medium,Unknown,,,tribuneindia,http://www.tribuneindia.com/2008/20080815/himachal.htm#1,GLC,715,Location not known,NASA COOLR,COOLR administrative division; Uttaranchal normalized to Uttarakhand,OK,2008-08-14 05:30:00
725,"8/17/08, 5:30 AM",Shimla district,Shimla district,Himachal Pradesh,31.1,77.16,Landslide,Rain,Medium,Unknown,,,thaindian,http://www.thaindian.com/newsportal/uncategorized/landslides-hit-transportation-of-apple-crop-in-himachal-pradesh_10085625.html,GLC,725,Known within 25 km,NASA COOLR,COOLR administrative division; Uttaranchal normalized to Uttarakhand,OK,2008-08-17 05:30:00
796,"9/19/08, 5:30 AM",Anni and Nahan,Anni and Nahan,Himachal Pradesh,30.56,77.3,Landslide,Downpour,Medium,Unknown,6,,indianexpress,http://www.indianexpress.com/news/42-dead-as-rain-plays-havoc-in-HP/363948,GLC,796,Known within 10 km,NASA COOLR,COOLR administrative division; Uttaranchal normalized to Uttarakhand,OK,2008-09-19 05:30:00
797,"9/19/08, 5:30 AM","Rohru,Theog and Chopal sub-divisions, Shimla, Himachal Pradesh","Rohru,Theog and Chopal sub-divisions, Shimla, Himachal Pradesh",Himachal Pradesh,31.1,77.165,Landslide,Downpour,Large,Unknown,38,,reuters,http://www.reuters.com/article/homepageCrisis/idUS122202461418._CH_.2400,GLC,797,Known within 10 km,NASA COOLR,COOLR administrative division; Uttaranchal normalized to Uttarakhand,OK,2008-09-19 05:30:00
798,"9/19/08, 5:30 AM","NH 22, Kinnaur district","NH 22, Kinnaur district",Himachal Pradesh,31.587,78.315,Landslide,Downpour,Medium,Unknown,,,expressindia,http://www.expressindia.com/latest-news/heavy-rain-disrupts-life-across-state/363742/,GLC,798,Known within 50 km,NASA COOLR,COOLR administrative division; Uttaranchal normalized to Uttarakhand,OK,2008-09-19 05:30:00
942,"12/21/08, 5:30 AM","Kalka-Shimla rail line, 1 km from Dharampur railway station at Tunnel No. 27","Kalka-Shimla rail line, 1 km from Dharampur railway station at Tunnel No. 27",Himachal Pradesh,30.895,77.089,Rock fall,Unknown,Medium,Unknown,1,,indianexpress,http://www.indianexpress.com/news/kalkashimla-heritage-train-derails-one.../401285/,GLC,942,Known within 25 km,NASA COOLR,COOLR administrative division; Uttaranchal normalized to Uttarakhand,OK,2008-12-21 05:30:00
1134,"9/3/09, 5:30 AM",Marhi region of Himachal Pradesh,Marhi region of Himachal Pradesh,Himachal Pradesh,32.351,77.223,Landslide,Rain,Medium,Unknown,,,dailyindia,http://www.dailyindia.com/show/332145.php,GLC,1134,Known within 10 km,NASA COOLR,COOLR administrative division; Uttaranchal normalized to Uttarakhand,OK,2009-09-03 05:30:00
1149,"9/10/09, 4:30 AM","Bilaspur and Mandi towns, Chandigarh-Manali National Highway-21, Himachal Pradesh","Bilaspur and Mandi towns, Chandigarh-Manali National Highway-21, Himachal Pradesh",Himachal Pradesh,31.549,76.9,Landslide,Downpour,Medium,Unknown,,,thaindian,http://www.thaindian.com/newsportal/enviornment/chandigarh-manali-highway-closed-after-landslides_100245308.html,GLC,1149,Known within 5 km,NASA COOLR,COOLR administrative division; Uttaranchal normalized to Uttarakhand,OK,2009-09-10 04:30:00
1153,"9/10/09, 5:30 AM","Kaza-Kinnaur highway near Nako, Spiti Valley, Himachal Pradesh","Kaza-Kinnaur highway near Nako, Spiti Valley, Himachal Pradesh",Himachal Pradesh,31.883,78.617,Landslide,Downpour,Medium,Unknown,,,thaindian,http://www.thaindian.com/newsportal/business/75-tourists-in-himachal-stranded-by-landslides_100247510.html,GLC,1153,Known within 5 km,NASA COOLR,COOLR administrative division; Uttaranchal normalized to Uttarakhand,OK,2009-09-10 05:30:00
1154,"9/10/09, 5:30 AM","Manali Kaza-Manali Road near Kunzum Pass, Spiti Valley, Himachal Pradesh","Manali Kaza-Manali Road near Kunzum Pass, Spiti Valley, Himachal Pradesh",Himachal Pradesh,32.404,77.58,Landslide,Downpour,Medium,Unknown,,,thaindian,http://www.thaindian.com/newsportal/business/75-tourists-in-himachal-stranded-by-landslides_100247510.html,GLC,1154,Known within 5 km,NASA COOLR,COOLR administrative division; Uttaranchal normalized to Uttarakhand,OK,2009-09-10 05:30:00
1157,"9/13/09, 4:30 AM",Kalka-Shimla toy train track near Kaithlighat,Kalka-Shimla toy train track near Kaithlighat,Himachal Pradesh,31.103,77.163,Landslide,Downpour,Small,Unknown,,,northindiatimes,http://www.northindiatimes.com/news/140/ARTICLE/2291/2009-09-13.html,GLC,1157,Known within 5 km,NASA COOLR,COOLR administrative division; Uttaranchal normalized to Uttarakhand,OK,2009-09-13 04:30:00
1962,"6/9/10, 5:30 AM","Shimla district, Himachal Pradesh","Shimla district, Himachal Pradesh",Himachal Pradesh,31.099,77.172,Landslide,Downpour,Medium,Unknown,0,,Geological Survey of India,"http://www.portal.gsi.gov.in/portal/page?_pageid=127,875814&_dad=portal&_schema=PORTAL",GLC,1962,Location not known,NASA COOLR,COOLR administrative division; Uttaranchal normalized to Uttarakhand,OK,2010-06-09 05:30:00
2046,"7/7/10, 5:30 AM","near Rohtang Pass, Manali-Keylong rd, Himachal Pradesh","near Rohtang Pass, Manali-Keylong rd, Himachal Pradesh",Himachal Pradesh,32.373,77.25,Landslide,Downpour,Medium,Unknown,0,,himvani,http://www.himvani.com/news/2010/07/07/himachal-rivers-in-spate-nh-21-and-manali-keylong-road-blocked/5858/,GLC,2046,Known within 25 km,NASA COOLR,COOLR administrative division; Uttaranchal normalized to Uttarakhand,OK,2010-07-07 05:30:00
2047,"7/7/10, 5:30 AM","Chhatru(?), Gramphu(?)-Kaza rd, Himachal Pradesh","Chhatru(?), Gramphu(?)-Kaza rd, Himachal Pradesh",Himachal Pradesh,32.219,78.072,Landslide,Downpour,Medium,Unknown,0,,himvani,http://www.himvani.com/news/2010/07/07/himachal-rivers-in-spate-nh-21-and-manali-keylong-road-blocked/5858/,GLC,2047,Known within 50 km,NASA COOLR,COOLR administrative division; Uttaranchal normalized to Uttarakhand,OK,2010-07-07 05:30:00
2048,"7/7/10, 5:30 AM","Kala Nalah(?), Keylong-Udaipur rd, Himachal Pradesh","Kala Nalah(?), Keylong-Udaipur rd, Himachal Pradesh",Himachal Pradesh,32.66,76.853,Landslide,Downpour,Medium,Unknown,0,,himvani,http://www.himvani.com/news/2010/07/07/himachal-rivers-in-spate-nh-21-and-manali-keylong-road-blocked/5858/,GLC,2048,Known within 25 km,NASA COOLR,COOLR administrative division; Uttaranchal normalized to Uttarakhand,OK,2010-07-07 05:30:00
2049,"7/7/10, 5:30 AM","NH-22 between Rampur and Recong-Peo(Reckong Peo), Himachal Pradesh","NH-22 between Rampur and Recong-Peo(Reckong Peo), Himachal Pradesh",Himachal Pradesh,31.504,77.952,Landslide,Downpour,Medium,Unknown,0,,himvani,http://www.himvani.com/news/2010/07/07/himachal-rivers-in-spate-nh-21-and-manali-keylong-road-blocked/5858/,GLC,2049,Known within 50 km,NASA COOLR,COOLR administrative division; Uttaranchal normalized to Uttarakhand,OK,2010-07-07 05:30:00
2050,"7/7/10, 5:30 AM","NH-22 beyond Recong-Peo(Reckong Peo),  Himachal Pradesh","NH-22 beyond Recong-Peo(Reckong Peo),  Himachal Pradesh",Himachal Pradesh,31.645,78.435,Landslide,Downpour,Medium,Unknown,0,,himvani,http://www.himvani.com/news/2010/07/07/himachal-rivers-in-spate-nh-21-and-manali-keylong-road-blocked/5858/,GLC,2050,Known within 25 km,NASA COOLR,COOLR administrative division; Uttaranchal normalized to Uttarakhand,OK,2010-07-07 05:30:00
2051,"7/7/10, 5:30 AM","upper Shimla, Himachal Pradesh","upper Shimla, Himachal Pradesh",Himachal Pradesh,31.101,77.179,Landslide,Downpour,Medium,Unknown,0,,himvani,http://www.himvani.com/news/2010/07/07/himachal-rivers-in-spate-nh-21-and-manali-keylong-road-blocked/5858/,GLC,2051,Known within 5 km,NASA COOLR,COOLR administrative division; Uttaranchal normalized to Uttarakhand,OK,2010-07-07 05:30:00
2056,"7/11/10, 5:30 AM",roads from Manali to Rohtang pass,roads from Manali to Rohtang pass,Himachal Pradesh,32.304,77.211,Landslide,Downpour,Medium,Unknown,0,,timesofindia.indiatimes,http://timesofindia.indiatimes.com/entertainment/bollywood/news-interviews/Army-rescues-Akshay-Ash/articleshow/6165973.cms,GLC,2056,Known within 10 km,NASA COOLR,COOLR administrative division; Uttaranchal normalized to Uttarakhand,OK,2010-07-11 05:30:00
2091,"7/17/10, 5:30 AM","Lana Mashoor(?) and Lana Polar(?) and Sewn(?) villages, Sirmaur district","Lana Mashoor(?) and Lana Polar(?) and Sewn(?) villages, Sirmaur district",Himachal Pradesh,30.636,77.544,Landslide,Downpour,Medium,Unknown,0,,indolink,http://www.indolink.com/displayArticleS.php?id=071710064623,GLC,2091,Known within 50 km,NASA COOLR,COOLR administrative division; Uttaranchal normalized to Uttarakhand,OK,2010-07-17 05:30:00
2135,"7/25/10, 5:30 AM",Dharamsala roads,Dharamsala roads,Himachal Pradesh,32.207,76.364,Landslide,Downpour,Medium,Unknown,0,,himvani,http://www.himvani.com/news/2010/07/26/two-die-10-sustain-injuries-as-landslide-buried-shanties-in-shimla/6153/,GLC,2135,Known within 10 km,NASA COOLR,COOLR administrative division; Uttaranchal normalized to Uttarakhand,OK,2010-07-25 05:30:00
2136,"7/25/10, 5:30 AM",Solan roads,Solan roads,Himachal Pradesh,30.904,77.097,Landslide,Downpour,Medium,Unknown,0,,himvani,http://www.himvani.com/news/2010/07/26/two-die-10-sustain-injuries-as-landslide-buried-shanties-in-shimla/6153/,GLC,2136,Known within 25 km,NASA COOLR,COOLR administrative division; Uttaranchal normalized to Uttarakhand,OK,2010-07-25 05:30:00
2137,"7/25/10, 5:30 AM",Nahan roads,Nahan roads,Himachal Pradesh,30.559,77.289,Landslide,Downpour,Medium,Unknown,0,,himvani,http://www.himvani.com/news/2010/07/26/two-die-10-sustain-injuries-as-landslide-buried-shanties-in-shimla/6153/,GLC,2137,Known within 5 km,NASA COOLR,COOLR administrative division; Uttaranchal normalized to Uttarakhand,OK,2010-07-25 05:30:00
2139,"7/25/10, 5:30 AM",Ruldu Bhatta locality near Lakkar Bazaar,Ruldu Bhatta locality near Lakkar Bazaar,Himachal Pradesh,31.105,77.173,Landslide,Downpour,Medium,Urban,0,3,Indian Express,http://www.indianexpress.com/news/two-dead-as-heavy-rains-cause-landslides-in/651713/,GLC,2139,Known within 5 km,NASA COOLR,COOLR administrative division; Uttaranchal normalized to Uttarakhand,OK,2010-07-25 05:30:00
2138,"7/25/10, 2:30 PM","Kanlog, Shimla, Himachal Pradesh","Kanlog, Shimla, Himachal Pradesh",Himachal Pradesh,31.093,77.168,Landslide,Downpour,Medium,Urban,2,,Himvani,http://www.indianexpress.com/news/two-dead-as-heavy-rains-cause-landslides-in/651713/,GLC,2138,Known within 5 km,NASA COOLR,COOLR administrative division; Uttaranchal normalized to Uttarakhand,OK,2010-07-25 14:30:00
2183,"7/31/10, 5:30 AM",NH-22 near Taradevi,NH-22 near Taradevi,Himachal Pradesh,31.066,77.133,Landslide,Downpour,Medium,Deforested slope,0,,gsi.gov,"http://www.portal.gsi.gov.in/portal/page?_pageid=127,875814&_dad=portal&_schema=PORTAL",GLC,2183,Known within 10 km,NASA COOLR,COOLR administrative division; Uttaranchal normalized to Uttarakhand,OK,2010-07-31 05:30:00
2198,"8/4/10, 5:30 AM","Baralacha La and Rahni Nallah, Himachal Pradesh along Manali – Leh highway","Baralacha La and Rahni Nallah, Himachal Pradesh along Manali – Leh highway",Himachal Pradesh,32.757,77.414,Landslide,Downpour,Medium,Unknown,0,,gsi.gov,"http://www.portal.gsi.gov.in/portal/page?_pageid=127,875814&_dad=portal&_schema=PORTAL",GLC,2198,Known within 10 km,NASA COOLR,COOLR administrative division; Uttaranchal normalized to Uttarakhand,OK,2010-08-04 05:30:00
2215,"8/6/10, 6:30 AM",Manali-Chandigarh highway,Manali-Chandigarh highway,Himachal Pradesh,32.371,77.247,Landslide,Downpour,Medium,Unknown,0,,sify.com,http://sify.com/news/traffic-resumes-on-manali-chandigarh-highway-after-a-landslide-blockage-news-national-kigrOfjcfcd.html,GLC,2215,Known within 25 km,NASA COOLR,COOLR administrative division; Uttaranchal normalized to Uttarakhand,OK,2010-08-06 06:30:00
2234,"8/11/10, 10:30 AM","Kullu, Himachal Pradesh","Kullu, Himachal Pradesh",Himachal Pradesh,31.958,77.11,Landslide,Downpour,Medium,Unknown,0,,english.ntdtv,http://english.ntdtv.com/ntdtv_en/ns_asia/2010-08-12/782930229019.html,GLC,2234,Known within 10 km,NASA COOLR,COOLR administrative division; Uttaranchal normalized to Uttarakhand,OK,2010-08-11 10:30:00
2242,"8/13/10, 5:30 AM","Chandigarh-Shimla national highway (NH 22), near Parwanoo, Himachal pradesh","Chandigarh-Shimla national highway (NH 22), near Parwanoo, Himachal pradesh",Himachal Pradesh,30.852,76.991,Landslide,Rain,Medium,Unknown,0,,sify.com,http://sify.com/news/on-highway-to-shimla-be-ready-for-rough-ride-news-national-kiqkacaggea.html,GLC,2242,Known within 5 km,NASA COOLR,COOLR administrative division; Uttaranchal normalized to Uttarakhand,OK,2010-08-13 05:30:00
2246,"8/14/10, 5:30 AM","Solan : Zhang Cheng felt lucky he did not take a nap as usual when the landslide destroyed his home in Nanyue village in Dujiangyan, Sichuan province*",,Himachal Pradesh,30.901,77.096,Landslide,Downpour,Medium,Unknown,2,,sify.com,http://sify.com/news/two-killed-in-himachal-landslides-news-national-kiotEcdjgci.html,GLC,2246,Known within 5 km,NASA COOLR,COOLR administrative division; Uttaranchal normalized to Uttarakhand,OK,2010-08-14 05:30:00
2305,"8/21/10, 5:30 AM","Jeori-Ganvi(?) rd, Kinnuar(Kinnaur) district, Himachal Pradesh","Jeori-Ganvi(?) rd, Kinnuar(Kinnaur) district, Himachal Pradesh",Himachal Pradesh,31.53,77.776,Landslide,Downpour,Medium,Unknown,0,,himvani,http://www.himvani.com/news/2010/08/21/jeori-ganvi-link-road-blocked-after-massive-landslide/6697/,GLC,2305,Known within 25 km,NASA COOLR,COOLR administrative division; Uttaranchal normalized to Uttarakhand,OK,2010-08-21 05:30:00
2340,"8/26/10, 5:30 AM","Koti bridge(?), Chamba-Langera-Bhadarwah border road connecting Doda district of Jammu and Kashmir with Himachal Pradesh","Koti bridge(?), Chamba-Langera-Bhadarwah border road connecting Doda district of Jammu and Kashmir with Himachal Pradesh",Himachal Pradesh,32.703,75.957,Landslide,Downpour,Medium,Unknown,0,,en.wikipedia,http://en.wikipedia.org/w/index.php?title=Special%3ASearch&search=koti+himachal+pradesh,GLC,2340,Known within 25 km,NASA COOLR,COOLR administrative division; Uttaranchal normalized to Uttarakhand,OK,2010-08-26 05:30:00
2397,"9/6/10, 5:30 AM","road to Manali, Himachal Pradesh","road to Manali, Himachal Pradesh",Himachal Pradesh,32.099,77.15,Landslide,Downpour,Medium,Unknown,0,,sawfnews,http://www.sawfnews.com/Bollywood/65146.aspx,GLC,2397,Known within 25 km,NASA COOLR,COOLR administrative division; Uttaranchal normalized to Uttarakhand,OK,2010-09-06 05:30:00
2427,"9/14/10, 4:30 AM","near Rahni Nullah(?), on Manali-Rohtang hwy, Himachal Pradesh","near Rahni Nullah(?), on Manali-Rohtang hwy, Himachal Pradesh",Himachal Pradesh,32.311,77.22,Landslide,Downpour,Medium,Unknown,0,,timesofindia.indiatimes,http://timesofindia.indiatimes.com/india/Seasons-1st-snowfall-at-Rohtang-Pass/articleshow/6550128.cms,GLC,2427,Known within 10 km,NASA COOLR,COOLR administrative division; Uttaranchal normalized to Uttarakhand,OK,2010-09-14 04:30:00
2432,"9/15/10, 5:30 AM","road to Sangla and Bhaba and Sorang(?) valleys, Kinnaur, Himachal Pradesh","road to Sangla and Bhaba and Sorang(?) valleys, Kinnaur, Himachal Pradesh",Himachal Pradesh,31.414,77.895,Landslide,Downpour,Medium,Unknown,0,,news.outlookindia,http://news.outlookindia.com/item.aspx?694274,GLC,2432,Known within 50 km,NASA COOLR,COOLR administrative division; Uttaranchal normalized to Uttarakhand,OK,2010-09-15 05:30:00
2457,"9/19/10, 5:30 AM","Nathpa Jhulla, between Rampur and Peo, Kinnaur, Himachal Pradesh","Nathpa Jhulla, between Rampur and Peo, Kinnaur, Himachal Pradesh",Himachal Pradesh,31.563,77.98,Rock fall,Downpour,Medium,Unknown,1,,tribuneindia,http://www.tribuneindia.com/2010/20100923/main1.htm,GLC,2457,Known within 5 km,NASA COOLR,COOLR administrative division; Uttaranchal normalized to Uttarakhand,OK,2010-09-19 05:30:00
2460,"9/19/10, 5:30 AM","roads to Manali, Himachal Pradesh","roads to Manali, Himachal Pradesh",Himachal Pradesh,31.984,77.189,Landslide,Downpour,Medium,Unknown,0,,tribuneindia,http://www.tribuneindia.com/2010/20100923/main1.htm,GLC,2460,Known within 50 km,NASA COOLR,COOLR administrative division; Uttaranchal normalized to Uttarakhand,OK,2010-09-19 05:30:00
2461,"9/19/10, 5:30 AM","Karcham-Sangla rd, Himachal Pradesh","Karcham-Sangla rd, Himachal Pradesh",Himachal Pradesh,31.458,78.211,Landslide,Downpour,Medium,Unknown,0,,himachal.us,http://himachal.us/2010/09/22/heavy-rains-damage-roads-in-himachal-alert-sounded-in-kinnaur/22231/news/ravinder,GLC,2461,Known within 5 km,NASA COOLR,COOLR administrative division; Uttaranchal normalized to Uttarakhand,OK,2010-09-19 05:30:00
2462,"9/19/10, 5:30 AM","near Solan, Kalka-Shimla hwy, Himachal Pradesh","near Solan, Kalka-Shimla hwy, Himachal Pradesh",Himachal Pradesh,30.909,77.11,Landslide,Downpour,Medium,Unknown,0,,himachal.us,http://himachal.us/2010/09/22/heavy-rains-damage-roads-in-himachal-alert-sounded-in-kinnaur/22231/news/ravinder,GLC,2462,Known within 5 km,NASA COOLR,COOLR administrative division; Uttaranchal normalized to Uttarakhand,OK,2010-09-19 05:30:00
2463,"9/19/10, 5:30 AM","Theog-Kotkhai-Jubbal road, Himachal Pradesh","Theog-Kotkhai-Jubbal road, Himachal Pradesh",Himachal Pradesh,31.119,77.509,Landslide,Downpour,Medium,Unknown,0,,himachal.us,http://himachal.us/2010/09/22/heavy-rains-damage-roads-in-himachal-alert-sounded-in-kinnaur/22231/news/ravinder,GLC,2463,Known within 25 km,NASA COOLR,COOLR administrative division; Uttaranchal normalized to Uttarakhand,OK,2010-09-19 05:30:00
2464,"9/19/10, 5:30 AM","road to Chopal, Himachal Pradesh","road to Chopal, Himachal Pradesh",Himachal Pradesh,30.954,77.506,Landslide,Downpour,Medium,Unknown,0,,himachal.us,http://himachal.us/2010/09/22/heavy-rains-damage-roads-in-himachal-alert-sounded-in-kinnaur/22231/news/ravinder,GLC,2464,Known within 25 km,NASA COOLR,COOLR administrative division; Uttaranchal normalized to Uttarakhand,OK,2010-09-19 05:30:00
2465,"9/19/10, 5:30 AM","Karsog-Rampur rd, Himachal Pradesh","Karsog-Rampur rd, Himachal Pradesh",Himachal Pradesh,31.416,77.415,Landslide,Downpour,Medium,Unknown,0,,himachal.us,http://himachal.us/2010/09/22/heavy-rains-damage-roads-in-himachal-alert-sounded-in-kinnaur/22231/news/ravinder,GLC,2465,Known within 25 km,NASA COOLR,COOLR administrative division; Uttaranchal normalized to Uttarakhand,OK,2010-09-19 05:30:00
2466,"9/19/10, 5:30 AM","Kasauli-Parwanoo rd, Himachal Pradesh","Kasauli-Parwanoo rd, Himachal Pradesh",Himachal Pradesh,30.874,76.958,Landslide,Downpour,Medium,Unknown,0,,himachal.us,http://himachal.us/2010/09/22/heavy-rains-damage-roads-in-himachal-alert-sounded-in-kinnaur/22231/news/ravinder,GLC,2466,Known within 5 km,NASA COOLR,COOLR administrative division; Uttaranchal normalized to Uttarakhand,OK,2010-09-19 05:30:00
2467,"9/19/10, 5:30 AM","Kumarhatti-Nahan road, Himachal Pradesh","Kumarhatti-Nahan road, Himachal Pradesh",Himachal Pradesh,30.72,77.17,Landslide,Downpour,Medium,Unknown,0,,himachal.us,http://himachal.us/2010/09/22/heavy-rains-damage-roads-in-himachal-alert-sounded-in-kinnaur/22231/news/ravinder,GLC,2467,Known within 25 km,NASA COOLR,COOLR administrative division; Uttaranchal normalized to Uttarakhand,OK,2010-09-19 05:30:00
2468,"9/19/10, 5:30 AM","Pulbhal(?)-Solan rd, Himachal Pradesh","Pulbhal(?)-Solan rd, Himachal Pradesh",Himachal Pradesh,30.904,77.097,Landslide,Downpour,Medium,Unknown,0,,himachal.us,http://himachal.us/2010/09/22/heavy-rains-damage-roads-in-himachal-alert-sounded-in-kinnaur/22231/news/ravinder,GLC,2468,Known within 25 km,NASA COOLR,COOLR administrative division; Uttaranchal normalized to Uttarakhand,OK,2010-09-19 05:30:00
2469,"9/19/10, 5:30 AM","Rajgarh-Habban road, Himachal Pradesh","Rajgarh-Habban road, Himachal Pradesh",Himachal Pradesh,30.901,77.467,Landslide,Downpour,Medium,Unknown,0,,himachal.us,http://himachal.us/2010/09/22/heavy-rains-damage-roads-in-himachal-alert-sounded-in-kinnaur/22231/news/ravinder,GLC,2469,Known within 25 km,NASA COOLR,COOLR administrative division; Uttaranchal normalized to Uttarakhand,OK,2010-09-19 05:30:00
2475,"9/20/10, 5:30 AM","roads between Jubbal and Rohru, Shimla, Himachal Pradesh","roads between Jubbal and Rohru, Shimla, Himachal Pradesh",Himachal Pradesh,31.158,77.716,Landslide,Downpour,Medium,Unknown,0,,sify.com,http://sify.com/news/roads-in-upper-shimla-hit-after-landslides-news-national-kjuuafecfje.html],GLC,2475,Known within 10 km,NASA COOLR,COOLR administrative division; Uttaranchal normalized to Uttarakhand,OK,2010-09-20 05:30:00
2479,"9/20/10, 5:30 AM","Pangi, NH-22, Himachal Pradesh","Pangi, NH-22, Himachal Pradesh",Himachal Pradesh,31.57,78.284,Landslide,Downpour,Medium,Unknown,0,,himachal.us,http://himachal.us/2010/09/23/efforts-to-evacuate-tourists-trapped-in-sangla-valley-fail/22265/people/ravinder,GLC,2479,Known within 5 km,NASA COOLR,COOLR administrative division; Uttaranchal normalized to Uttarakhand,OK,2010-09-20 05:30:00
2480,"9/20/10, 5:30 AM","Kullu village(or district?) below agricultural lands, Himachal Pradesh","Kullu village(or district?) below agricultural lands, Himachal Pradesh",Himachal Pradesh,31.944,77.118,Landslide,Downpour,Medium,Unknown,0,,himachal.us,http://himachal.us/2010/09/23/efforts-to-evacuate-tourists-trapped-in-sangla-valley-fail/22265/people/ravinder,GLC,2480,Known within 5 km,NASA COOLR,COOLR administrative division; Uttaranchal normalized to Uttarakhand,OK,2010-09-20 05:30:00
2477,"9/21/10, 1:02 AM",Landslide stops trains,Kalka-Shimla line between Kathalighat and Knoh railway stations,Himachal Pradesh,31.184,76.991,Landslide,Downpour,Large,Unknown,,,Himvani,http://www.himvani.com/news/2010/09/23/all-trains-on-kalka-shimla-line-suspended-due-to-landslide/7580/,GLC,,Known within 5 km,NASA COOLR,COOLR administrative division; Uttaranchal normalized to Uttarakhand,OK,2010-09-21 01:02:00
2488,"9/22/10, 5:30 AM","between Kathalighat(Kathleeghat) and Knoh(?) stations, rail line between Solan and Shimla 15 km form Shimla, Himachal Pradesh","between Kathalighat(Kathleeghat) and Knoh(?) stations, rail line between Solan and Shimla 15 km form Shimla, Himachal Pradesh",Himachal Pradesh,31.022,77.104,Landslide,Downpour,Medium,Unknown,0,,himvani,http://www.himvani.com/news/2010/09/23/all-trains-on-kalka-shimla-line-suspended-due-to-landslide/7580/,GLC,2488,Known within 5 km,NASA COOLR,COOLR administrative division; Uttaranchal normalized to Uttarakhand,OK,2010-09-22 05:30:00
2538,"10/3/10, 5:30 AM","road from Pinjore(Pinjaur), Haryana to Nalagarh, Himachal Pradesh","road from Pinjore(Pinjaur), Haryana to Nalagarh, Himachal Pradesh",Himachal Pradesh,30.914,76.818,Landslide,Continuous rain,Medium,Unknown,0,,sify.com,http://sify.com/finance/rains-landslides-force-changes-in-himalayan-motor-rally-news-default-kkgnObjjjhe.html,GLC,2538,Known within 25 km,NASA COOLR,COOLR administrative division; Uttaranchal normalized to Uttarakhand,OK,2010-10-03 05:30:00
2546,"10/4/10, 5:30 AM","Roads between Sunnu Pal and Chail, Himachal Pradesh","Roads between Sunnu Pal and Chail, Himachal Pradesh",Himachal Pradesh,30.955,77.179,Landslide,Downpour,Medium,Unknown,0,,prokerala,http://www.prokerala.com/news/articles/a172607.html,GLC,2546,Known within 25 km,NASA COOLR,COOLR administrative division; Uttaranchal normalized to Uttarakhand,OK,2010-10-04 05:30:00
2596,"10/15/10, 1:00 AM",road cleared after 2 days,road linking Sangla Valley with Recong-Peo of Kinnaur district  at Kupaa,Himachal Pradesh,31.437,78.236,Landslide,Rain,Medium,Unknown,,,HimVani,http://www.himvani.com/news/2010/10/16/8092/8092/,GLC,2596,Known within 5 km,NASA COOLR,COOLR administrative division; Uttaranchal normalized to Uttarakhand,OK,2010-10-15 01:00:00
3146,"2/25/11, 5:30 AM",near miss,"road near Manali, Kullu",Himachal Pradesh,32.187,77.177,Rock fall,Continuous rain,Medium,Unknown,0,0,Times of India,http://articles.timesofindia.indiatimes.com/2011-02-26/india/28636559_1_tree-fall-landslides-manali,GLC,3146,Known within 25 km,NASA COOLR,COOLR administrative division; Uttaranchal normalized to Uttarakhand,OK,2011-02-25 05:30:00
3174,"3/5/11, 5:30 AM","Kullu-Manali rd, Himachal Pradesh","Kullu-Manali rd, Himachal Pradesh",Himachal Pradesh,32.1,77.159,Landslide,Downpour,Medium,Unknown,0,,articles.timesofindia,http://articles.timesofindia.indiatimes.com/2011-03-07/india/28665223_1_manali-landslides-kullu-manali-traffic,GLC,3174,Known within 25 km,NASA COOLR,COOLR administrative division; Uttaranchal normalized to Uttarakhand,OK,2011-03-05 05:30:00
3611,"6/14/11, 5:30 AM",Road blocked near Rani Nallah,The Leh-Manali hwy near Rani Nallah,Himachal Pradesh,32.361,77.231,Landslide,Downpour,Medium,Above road,0,,ibnlive,http://ibnlive.in.com/generalnewsfeed/news/rains-cause-dip-in-mercury-across-north-india/727201.html,GLC,3611,Known within 5 km,NASA COOLR,COOLR administrative division; Uttaranchal normalized to Uttarakhand,OK,2011-06-14 05:30:00
3618,"6/17/11, 5:30 AM","Nathpa village, Kinnaur District, Himachal Pradesh","Nathpa village, Kinnaur District, Himachal Pradesh",Himachal Pradesh,31.564,77.98,Landslide,Downpour,Medium,Unknown,0,,ibnlive.in,http://ibnlive.in.com/generalnewsfeed/news/moderate-rains-lash-parts-of-himachal-pradesh/729520.html,GLC,3618,Known within 5 km,NASA COOLR,COOLR administrative division; Uttaranchal normalized to Uttarakhand,OK,2011-06-17 05:30:00
3666,"6/29/11, 5:30 AM","Manali-Leh road, between Mari and Rohtang","Manali-Leh road, between Mari and Rohtang",Himachal Pradesh,32.432,77.215,Landslide,Continuous rain,Medium,Unknown,0,,ibnlive.in,http://ibnlive.in.com/generalnewsfeed/news/rains-disrupt-air-and-road-traffic-in-himachal/743822.html,GLC,3666,Known within 25 km,NASA COOLR,COOLR administrative division; Uttaranchal normalized to Uttarakhand,OK,2011-06-29 05:30:00
3667,"6/29/11, 5:30 AM","Manali-Rohtang road, at Raninalah, Himachal Pradesh","Manali-Rohtang road, at Raninalah, Himachal Pradesh",Himachal Pradesh,32.228,77.19,Landslide,Continuous rain,Medium,Unknown,0,,ibnlive.in,http://ibnlive.in.com/generalnewsfeed/news/rains-disrupt-air-and-road-traffic-in-himachal/743822.html,GLC,3667,Known within 25 km,NASA COOLR,COOLR administrative division; Uttaranchal normalized to Uttarakhand,OK,2011-06-29 05:30:00
3745,"7/8/11, 5:30 AM",Between Manali and Rohtang,Between Manali and Rohtang,Himachal Pradesh,30.921,77.021,Landslide,Rain,Medium,Unknown,0,,ibnlive.in,http://ibnlive.in.com/generalnewsfeed/news/chardham-yatra-suspended-due-to-rains/752982.html,GLC,3745,Location not known,NASA COOLR,COOLR administrative division; Uttaranchal normalized to Uttarakhand,OK,2011-07-08 05:30:00
3747,"7/8/11, 5:30 AM",Manali-Leh highway,Manali-Leh highway,Himachal Pradesh,32.324,77.194,Landslide,Rain,Medium,Unknown,0,,timesofindia.indiatimes,http://timesofindia.indiatimes.com/india/First-showers-in-Kullu-hit-traffic/articleshow/9157906.cms,GLC,3747,Known within 50 km,NASA COOLR,COOLR administrative division; Uttaranchal normalized to Uttarakhand,OK,2011-07-08 05:30:00
3756,"7/10/11, 5:30 AM",Mandi district,Mandi district,Himachal Pradesh,31.71,76.933,Landslide,Downpour,Medium,Unknown,0,,ibnlive.in,http://ibnlive.in.com/generalnewsfeed/news/rains-drench-north-india-7-die-in-rainlinked-incidents/753764.html,GLC,3756,Known within 5 km,NASA COOLR,COOLR administrative division; Uttaranchal normalized to Uttarakhand,OK,2011-07-10 05:30:00
3763,"7/12/11, 5:30 AM",the Ridge in downtown Shimla,the Ridge in downtown Shimla,Himachal Pradesh,31.106,77.178,Landslide,Downpour,Small,Urban,,,My Himachal,https://web.archive.org/web/20110903112918/http://himachal.us/2011/07/12/sinking-ridge-threatens-shimla-town-hall-tibetan-market/29120/tourism/baldev,GLC,3763,Known within 1 km,NASA COOLR,COOLR administrative division; Uttaranchal normalized to Uttarakhand,OK,2011-07-12 05:30:00
3777,"7/15/11, 11:30 PM",Rahni,Rahni,Himachal Pradesh,32.349,77.218,Landslide,Downpour,Medium,Unknown,1,,articles.timesofindia,http://articles.timesofindia.indiatimes.com/2011-07-18/india/29786319_1_landslides-rohtang-marhi,GLC,3777,Known within 5 km,NASA COOLR,COOLR administrative division; Uttaranchal normalized to Uttarakhand,OK,2011-07-15 23:30:00
3839,"7/25/11, 1:30 PM","Manali-Leh road, rohtang Pass","Manali-Leh road, rohtang Pass",Himachal Pradesh,32.19,77.187,Landslide,Downpour,Medium,Unknown,0,,himvani,http://www.himvani.com/news/2011/07/25/manali-leh-road-closed-after-landslides/16116,GLC,3839,Known within 10 km,NASA COOLR,COOLR administrative division; Uttaranchal normalized to Uttarakhand,OK,2011-07-25 13:30:00
3884,"8/7/11, 3:30 AM",Manali highway near Hanogi temple in Mandi,Manali highway near Hanogi temple in Mandi,Himachal Pradesh,31.691,77.132,Landslide,Continuous rain,Medium,Above road,,,Times of India,http://articles.timesofindia.indiatimes.com/2011-08-08/india/29863818_1_chandigarh-manali-manali-highway-landslides,GLC,3884,Known within 5 km,NASA COOLR,COOLR administrative division; Uttaranchal normalized to Uttarakhand,OK,2011-08-07 03:30:00
3890,"8/7/11, 5:30 AM",Manali highway near Shambal village,Manali highway near Shambal village,Himachal Pradesh,31.715,77.022,Landslide,Downpour,Medium,Above road,,,Times of India,http://articles.timesofindia.indiatimes.com/2011-08-08/india/29863818_1_chandigarh-manali-manali-highway-landslides,GLC,3890,Known within 5 km,NASA COOLR,COOLR administrative division; Uttaranchal normalized to Uttarakhand,OK,2011-08-07 05:30:00
3894,"8/7/11, 5:30 AM","Sainj, Rishikesh-Gangotri National Highway","Sainj, Rishikesh-Gangotri National Highway",Himachal Pradesh,31.077,77.392,Landslide,Downpour,Medium,Unknown,0,,thehindu,http://www.thehindu.com/news/states/other-states/article2335959.ece,GLC,3894,Known within 1 km,NASA COOLR,COOLR administrative division; Uttaranchal normalized to Uttarakhand,OK,2011-08-07 05:30:00
3895,"8/7/11, 5:30 AM","The Rishikesh-Gangotri national highway, Sainj","The Rishikesh-Gangotri national highway, Sainj",Himachal Pradesh,31.077,77.391,Landslide,Rain,Medium,Unknown,0,,ibnlive.in,http://ibnlive.in.com/generalnewsfeed/news/landslides-suspend-chardham-yatra/786379.html,GLC,3895,Known within 5 km,NASA COOLR,COOLR administrative division; Uttaranchal normalized to Uttarakhand,OK,2011-08-07 05:30:00
3888,"8/7/11, 6:30 AM",Gumma on Pathankot-Mandi national highway,Gumma on Pathankot-Mandi national highway,Himachal Pradesh,31.24,77.926,Landslide,Downpour,Medium,Unknown,0,,Times of India,http://articles.timesofindia.indiatimes.com/2011-08-08/india/29863818_1_chandigarh-manali-manali-highway-landslides,GLC,3888,Known within 5 km,NASA COOLR,COOLR administrative division; Uttaranchal normalized to Uttarakhand,OK,2011-08-07 06:30:00
3889,"8/7/11, 12:30 PM",On the Manali highway near Mandi,On the Manali highway near Mandi,Himachal Pradesh,31.708,76.932,Landslide,Downpour,Medium,Unknown,0,,Times of India,http://articles.timesofindia.indiatimes.com/2011-08-08/india/29863818_1_chandigarh-manali-manali-highway-landslides,GLC,3889,Known within 50 km,NASA COOLR,COOLR administrative division; Uttaranchal normalized to Uttarakhand,OK,2011-08-07 12:30:00
3917,"8/13/11, 2:30 PM","Manali-Leh highway, Rohtang pass","Manali-Leh highway, Rohtang pass",Himachal Pradesh,31.708,76.931,Landslide,Downpour,Medium,Unknown,2,,articles.timesofindia,http://articles.timesofindia.indiatimes.com/2011-08-13/india/29883655_1_manali-leh-highway-heavy-snowfall-chandigarh-manali-national-highway,GLC,3917,Known within 5 km,NASA COOLR,COOLR administrative division; Uttaranchal normalized to Uttarakhand,OK,2011-08-13 14:30:00
4202,"2/16/12, 5:30 AM","Tawari bridge, Chamba district of Himachal Pradesh","Tawari bridge, Chamba district of Himachal Pradesh",Himachal Pradesh,32.566,76.12,Landslide,Downpour,Medium,Unknown,2,,articles.timesofindia,http://articles.timesofindia.indiatimes.com/2012-02-17/india/31071026_1_night-temperature-cold-conditions-three-degree,GLC,4202,Known within 10 km,NASA COOLR,COOLR administrative division; Uttaranchal normalized to Uttarakhand,OK,2012-02-16 05:30:00
4447,"7/5/12, 5:30 AM","Dhalli, Himachal Pradesh","Dhalli, Himachal Pradesh",Himachal Pradesh,31.107,77.209,Landslide,Downpour,Medium,Unknown,,,articles.timesofindia,http://articles.timesofindia.indiatimes.com/2012-07-07/india/32576835_1_water-logging-nullahs-dirty-water,GLC,4447,Known within 5 km,NASA COOLR,COOLR administrative division; Uttaranchal normalized to Uttarakhand,OK,2012-07-05 05:30:00
4497,"8/18/12, 5:30 AM","Kaza, Himachal Pradesh","Kaza, Himachal Pradesh",Himachal Pradesh,32.228,78.071,Landslide,Downpour,Medium,Unknown,,,ibnlive.in,http://ibnlive.in.com/news/heavy-rains-trigger-landslides-in-himacahal/283604-3-254.html,GLC,4497,Known within 5 km,NASA COOLR,COOLR administrative division; Uttaranchal normalized to Uttarakhand,OK,2012-08-18 05:30:00
4498,"8/18/12, 5:30 AM",Kullu-Manali-Rohtang,Kullu-Manali-Rohtang,Himachal Pradesh,32.18,77.195,Landslide,Downpour,Medium,Unknown,,,ibnlive.in,http://ibnlive.in.com/news/heavy-rains-trigger-landslides-in-himacahal/283604-3-254.html,GLC,4498,Known within 25 km,NASA COOLR,COOLR administrative division; Uttaranchal normalized to Uttarakhand,OK,2012-08-18 05:30:00
4513,"8/24/12, 5:30 AM","Kangra,  Himachal Pradesh","Kangra,  Himachal Pradesh",Himachal Pradesh,32.1,76.27,Landslide,Downpour,Medium,Unknown,,,business-standard,http://www.business-standard.com/generalnews/news/heavy-rains-lash-some-partshp-triggering-landslides/47847/,GLC,4513,Known within 5 km,NASA COOLR,COOLR administrative division; Uttaranchal normalized to Uttarakhand,OK,2012-08-24 05:30:00
4514,"8/24/12, 5:30 AM","Mandi, Himachal Pradesh,","Mandi, Himachal Pradesh,",Himachal Pradesh,31.709,76.931,Landslide,Downpour,Medium,Unknown,,,business-standard,http://www.business-standard.com/generalnews/news/heavy-rains-lash-some-partshp-triggering-landslides/47847/,GLC,4514,Known within 5 km,NASA COOLR,COOLR administrative division; Uttaranchal normalized to Uttarakhand,OK,2012-08-24 05:30:00
4515,"8/24/12, 5:30 AM","Sirmaur, Himachal Pradesh,","Sirmaur, Himachal Pradesh,",Himachal Pradesh,30.74,77.285,Landslide,Downpour,Medium,Unknown,,,business-standard,http://www.business-standard.com/generalnews/news/heavy-rains-lash-some-partshp-triggering-landslides/47847/,GLC,4515,Known within 5 km,NASA COOLR,COOLR administrative division; Uttaranchal normalized to Uttarakhand,OK,2012-08-24 05:30:00
4516,"8/24/12, 5:30 AM","Solan, Himachal Pradesh,","Solan, Himachal Pradesh,",Himachal Pradesh,30.904,77.097,Landslide,Downpour,Medium,Unknown,,,business-standard,http://www.business-standard.com/generalnews/news/heavy-rains-lash-some-partshp-triggering-landslides/47847/,GLC,4516,Known within 5 km,NASA COOLR,COOLR administrative division; Uttaranchal normalized to Uttarakhand,OK,2012-08-24 05:30:00
4565,"9/18/12, 5:30 AM","Jatog and Kaithlighat railway stations, Kaithleeghat, Himachal Pradesh","Jatog and Kaithlighat railway stations, Kaithleeghat, Himachal Pradesh",Himachal Pradesh,31.023,77.103,Landslide,Downpour,Medium,Unknown,,,Hindustan Times,http://www.hindustantimes.com/chandigarh/landslide-hits-train-services-on-kalka-shimla-section/story-C4FiXc6ERCioiTLnS9e8eI.html,GLC,4565,Known within 1 km,NASA COOLR,COOLR administrative division; Uttaranchal normalized to Uttarakhand,OK,2012-09-18 05:30:00
4912,"6/12/13, 4:30 AM","Holy Cave Shrine, Mata Vaishno Devi, Trikuta Hills, Reasi District, Near Panchi Morh In Sanjichat Area En Route Mata Vaishno Devi","Holy Cave Shrine, Mata Vaishno Devi, Trikuta Hills, Reasi District, Near Panchi Morh In Sanjichat Area En Route Mata Vaishno Devi",Himachal Pradesh,31.49,76.704,Landslide,Downpour,Medium,Unknown,1,,www.risingkashmir.in,http://www.risingkashmir.in/news/vaishno-devi-pilgrim-killed-in-landslide-49038.aspx,GLC,4912,Known within 25 km,NASA COOLR,COOLR administrative division; Uttaranchal normalized to Uttarakhand,OK,2013-06-12 04:30:00
4913,"6/12/13, 4:30 AM","Srinagar-Jammu Highway, Ramban District","Srinagar-Jammu Highway, Ramban District",Himachal Pradesh,31.488,76.67,Landslide,Rain,Small,Unknown,0,,www.greaterkashmir.com,http://www.greaterkashmir.com/news/2013/Jun/12/pre-monsoon-showers-bring-joy-for-jammu-residents-69.asp,GLC,4913,Location not known,NASA COOLR,COOLR administrative division; Uttaranchal normalized to Uttarakhand,OK,2013-06-12 04:30:00
4916,"6/12/13, 5:30 AM","Gharao Village, Near Holi Township","Gharao Village, Near Holi Township",Himachal Pradesh,32.211,76.283,Landslide,Downpour,Medium,Unknown,0,,www.business-standard.com,http://www.business-standard.com/article/pti-stories/heavy-rains-trigger-cloudburst-landslides-in-hp-113061200940_1.html,GLC,4916,Known within 1 km,NASA COOLR,COOLR administrative division; Uttaranchal normalized to Uttarakhand,OK,2013-06-12 05:30:00
4917,"6/12/13, 5:30 AM","Village In Pangi Valley, Chamba District","Village In Pangi Valley, Chamba District",Himachal Pradesh,32.555,76.125,Landslide,Downpour,Medium,Unknown,0,,www.business-standard.com,http://www.business-standard.com/article/pti-stories/heavy-rains-trigger-cloudburst-landslides-in-hp-113061200940_1.html,GLC,4917,Known within 10 km,NASA COOLR,COOLR administrative division; Uttaranchal normalized to Uttarakhand,OK,2013-06-12 05:30:00
4920,"6/15/13, 5:30 AM","Tapri Near Rekong Peo, Kinnaur District","Tapri Near Rekong Peo, Kinnaur District",Himachal Pradesh,31.517,78.098,Landslide,Downpour,Medium,Unknown,0,,www.hindustantimes.com,http://www.hindustantimes.com/India-news/Shimla/Heavy-rains-lash-Himachal-landslide-in-Kinnaur/Article1-1077356.aspx,GLC,4920,Known within 1 km,NASA COOLR,COOLR administrative division; Uttaranchal normalized to Uttarakhand,OK,2013-06-15 05:30:00
4925,"6/16/13, 5:30 AM","Road To Sangla Valley, Near Kupa Village, Kinnaur District, Himachal Pradesh","Road To Sangla Valley, Near Kupa Village, Kinnaur District, Himachal Pradesh",Himachal Pradesh,31.455,78.2,Landslide,Rain,Medium,Unknown,0,,www.business-standard.com,http://www.business-standard.com/article/news-ians/over-50-tourists-trek-out-of-himachal-s-sangla-valley-113062300508_1.html,GLC,4925,Known within 25 km,NASA COOLR,COOLR administrative division; Uttaranchal normalized to Uttarakhand,OK,2013-06-16 05:30:00
4926,"6/16/13, 5:30 AM","Sirmaur District, Himachal Pradesh","Sirmaur District, Himachal Pradesh",Himachal Pradesh,30.674,77.354,Landslide,Rain,Medium,Unknown,0,,www.hindustantimes.com,http://www.hindustantimes.com/India-news/HimachalPradesh/Landslides-bring-traffic-to-halt-in-Sirmaur/Article1-1077377.aspx,GLC,4926,Known within 25 km,NASA COOLR,COOLR administrative division; Uttaranchal normalized to Uttarakhand,OK,2013-06-16 05:30:00
4927,"6/16/13, 5:30 AM","National Highway 72-B, Between Paonta Sahib And Sillai, Sirmaur District, Himachal Pradesh","National Highway 72-B, Between Paonta Sahib And Sillai, Sirmaur District, Himachal Pradesh",Himachal Pradesh,30.573,77.652,Landslide,Rain,Medium,Unknown,0,,www.hindustantimes.com,http://www.hindustantimes.com/India-news/HimachalPradesh/Landslides-bring-traffic-to-halt-in-Sirmaur/Article1-1077377.aspx,GLC,4927,Known within 25 km,NASA COOLR,COOLR administrative division; Uttaranchal normalized to Uttarakhand,OK,2013-06-16 05:30:00
4932,"6/16/13, 5:30 AM","7 Km Of Road, Between Kasang And Akpa","7 Km Of Road, Between Kasang And Akpa",Himachal Pradesh,31.348,77.461,Landslide,Downpour,Medium,Unknown,0,,www.business-standard.com,http://www.indianexpress.com/news/50-major-landslides-hit-four-road-stretches-in-uttarakhand-govt/1131703/,GLC,4932,Location not known,NASA COOLR,COOLR administrative division; Uttaranchal normalized to Uttarakhand,OK,2013-06-16 05:30:00
4933,"6/16/13, 5:30 AM","Kinnaur District, Himachal Pradesh","Kinnaur District, Himachal Pradesh",Himachal Pradesh,31.599,78.438,Landslide,Downpour,Medium,Unknown,4,,english.samaylive.com,http://www.indianexpress.com/news/50-major-landslides-hit-four-road-stretches-in-uttarakhand-govt/1131703/,GLC,4933,Known within 50 km,NASA COOLR,COOLR administrative division; Uttaranchal normalized to Uttarakhand,OK,2013-06-16 05:30:00
4946,"6/17/13, 5:30 AM","Chagoan Village Near Tapri, 220 Km From The State Capital Shimla, Kinnaur District, Himachal Pradesh","Chagoan Village Near Tapri, 220 Km From The State Capital Shimla, Kinnaur District, Himachal Pradesh",Himachal Pradesh,31.622,78.019,Landslide,Downpour,Medium,Unknown,5,,zeenews.india.com,http://zeenews.india.com/news/himachal-pradesh/five-of-family-buried-in-himachal-landslide_855569.html,GLC,4946,Known within 50 km,NASA COOLR,COOLR administrative division; Uttaranchal normalized to Uttarakhand,OK,2013-06-17 05:30:00
5013,"7/3/13, 4:30 AM","Press Colony, Near Taradevi, Himachal Pradesh","Press Colony, Near Taradevi, Himachal Pradesh",Himachal Pradesh,31.072,77.14,Landslide,Downpour,Medium,Unknown,0,,zeenews.india.com,http://zeenews.india.com/news/himachal-pradesh/heavy-rains-trigger-landslides-damage-houses-in-hp_859795.html,GLC,5013,Known within 5 km,NASA COOLR,COOLR administrative division; Uttaranchal normalized to Uttarakhand,OK,2013-07-03 04:30:00
5043,"7/6/13, 5:30 AM","Jogindernagar, Himachal Pradesh","Jogindernagar, Himachal Pradesh",Himachal Pradesh,31.991,76.791,Landslide,Downpour,Small,Unknown,,,articles.timesofindia.indiatimes.com,http://articles.timesofindia.indiatimes.com/2013-07-08/india/40442321_1_landslides-heavy-rainfall-isolated-places,GLC,5043,Known within 1 km,NASA COOLR,COOLR administrative division; Uttaranchal normalized to Uttarakhand,OK,2013-07-06 05:30:00
5044,"7/6/13, 5:30 AM","Rohru-Shimla Road At Dochi, Himachal Pradesh","Rohru-Shimla Road At Dochi, Himachal Pradesh",Himachal Pradesh,31.163,77.724,Landslide,Downpour,Medium,Unknown,,,articles.timesofindia.indiatimes.com,http://articles.timesofindia.indiatimes.com/2013-07-08/india/40442321_1_landslides-heavy-rainfall-isolated-places,GLC,5044,Known within 50 km,NASA COOLR,COOLR administrative division; Uttaranchal normalized to Uttarakhand,OK,2013-07-06 05:30:00
5049,"7/7/13, 5:30 AM","Mandi-Janjheli Road At Odidhar Thunag, Himachal Pradesh","Mandi-Janjheli Road At Odidhar Thunag, Himachal Pradesh",Himachal Pradesh,31.56,77.168,Landslide,Downpour,Medium,Unknown,,,articles.timesofindia.indiatimes.com,http://articles.timesofindia.indiatimes.com/2013-07-08/india/40442321_1_landslides-heavy-rainfall-isolated-places,GLC,5049,Known within 5 km,NASA COOLR,COOLR administrative division; Uttaranchal normalized to Uttarakhand,OK,2013-07-07 05:30:00
5050,"7/7/13, 5:30 AM","Mandi-Shimla Highway In Mandi, Himachal Pradesh","Mandi-Shimla Highway In Mandi, Himachal Pradesh",Himachal Pradesh,31.703,76.936,Mudslide,Rain,Medium,Unknown,,,articles.timesofindia.indiatimes.com,http://articles.timesofindia.indiatimes.com/2013-07-08/india/40442321_1_landslides-heavy-rainfall-isolated-places,GLC,5050,Location not known,NASA COOLR,COOLR administrative division; Uttaranchal normalized to Uttarakhand,OK,2013-07-07 05:30:00
5051,"7/7/13, 5:30 AM","Mandi-Kullu Highway In Mandi, Himachal Pradesh","Mandi-Kullu Highway In Mandi, Himachal Pradesh",Himachal Pradesh,31.702,76.973,Landslide,Downpour,Medium,Unknown,,,articles.timesofindia.indiatimes.com,http://articles.timesofindia.indiatimes.com/2013-07-08/india/40442321_1_landslides-heavy-rainfall-isolated-places,GLC,5051,Known within 50 km,NASA COOLR,COOLR administrative division; Uttaranchal normalized to Uttarakhand,OK,2013-07-07 05:30:00
5052,"7/7/13, 5:30 AM","A Nullah Near The Government Hospital In Mandi, Himachal Pradesh","A Nullah Near The Government Hospital In Mandi, Himachal Pradesh",Himachal Pradesh,31.709,76.93,Landslide,Downpour,Medium,Unknown,,,articles.timesofindia.indiatimes.com,http://articles.timesofindia.indiatimes.com/2013-07-08/india/40442321_1_landslides-heavy-rainfall-isolated-places,GLC,5052,Known within 1 km,NASA COOLR,COOLR administrative division; Uttaranchal normalized to Uttarakhand,OK,2013-07-07 05:30:00
5053,"7/7/13, 5:30 AM","Mandi-Pathankot Highway At Gumma In Mandi, Himachal Pradesh","Mandi-Pathankot Highway At Gumma In Mandi, Himachal Pradesh",Himachal Pradesh,31.967,76.852,Landslide,Downpour,Medium,Unknown,,,articles.timesofindia.indiatimes.com,http://articles.timesofindia.indiatimes.com/2013-07-08/india/40442321_1_landslides-heavy-rainfall-isolated-places,GLC,5053,Known within 1 km,NASA COOLR,COOLR administrative division; Uttaranchal normalized to Uttarakhand,OK,2013-07-07 05:30:00
5054,"7/7/13, 5:30 AM","Mandi Gurdwara, Himachal Pradesh","Mandi Gurdwara, Himachal Pradesh",Himachal Pradesh,31.702,76.942,Landslide,Downpour,Small,Unknown,,,articles.timesofindia.indiatimes.com,http://articles.timesofindia.indiatimes.com/2013-07-08/india/40442321_1_landslides-heavy-rainfall-isolated-places,GLC,5054,Known within 1 km,NASA COOLR,COOLR administrative division; Uttaranchal normalized to Uttarakhand,OK,2013-07-07 05:30:00
5047,"7/7/13, 8:30 AM","Mandi-Pathankot Highway At Paddar, Himachal Pradesh","Mandi-Pathankot Highway At Paddar, Himachal Pradesh",Himachal Pradesh,31.88,76.916,Landslide,Downpour,Medium,Unknown,,,articles.timesofindia.indiatimes.com,http://articles.timesofindia.indiatimes.com/2013-07-08/india/40442321_1_landslides-heavy-rainfall-isolated-places,GLC,5047,Known within 1 km,NASA COOLR,COOLR administrative division; Uttaranchal normalized to Uttarakhand,OK,2013-07-07 08:30:00
5097,"7/14/13, 5:30 AM","Near Rampur, Himachal Pradesh","Near Rampur, Himachal Pradesh",Himachal Pradesh,31.471,77.675,Landslide,Downpour,Medium,Unknown,1,,ibnlive.in.com,http://ibnlive.in.com/news/3-killed-in-rainrelated-incidents-as-heavy-showers-lash-hp/408192-3-254.html,GLC,5097,Known within 10 km,NASA COOLR,COOLR administrative division; Uttaranchal normalized to Uttarakhand,OK,2013-07-14 05:30:00
5098,"7/14/13, 5:30 AM","Mehaskwal Village, Himachal Pradesh","Mehaskwal Village, Himachal Pradesh",Himachal Pradesh,32.17,77.179,Landslide,Downpour,Medium,Unknown,1,,ibnlive.in.com,http://ibnlive.in.com/news/3-killed-in-rainrelated-incidents-as-heavy-showers-lash-hp/408192-3-254.html,GLC,5098,Location not known,NASA COOLR,COOLR administrative division; Uttaranchal normalized to Uttarakhand,OK,2013-07-14 05:30:00
5099,"7/14/13, 5:30 AM","Sirmaur District, Himachal Pradesh","Sirmaur District, Himachal Pradesh",Himachal Pradesh,30.674,77.354,Landslide,Rain,Medium,Unknown,0,,ibnlive.in.com,http://ibnlive.in.com/news/3-killed-in-rainrelated-incidents-as-heavy-showers-lash-hp/408192-3-254.html,GLC,5099,Known within 25 km,NASA COOLR,COOLR administrative division; Uttaranchal normalized to Uttarakhand,OK,2013-07-14 05:30:00
5100,"7/14/13, 5:30 AM","Shimla-Nahan Highway, Dosarka, Himachal Pradesh","Shimla-Nahan Highway, Dosarka, Himachal Pradesh",Himachal Pradesh,31.673,76.534,Landslide,Rain,Medium,Unknown,0,,ibnlive.in.com,http://ibnlive.in.com/news/3-killed-in-rainrelated-incidents-as-heavy-showers-lash-hp/408192-3-254.html,GLC,5100,Known within 5 km,NASA COOLR,COOLR administrative division; Uttaranchal normalized to Uttarakhand,OK,2013-07-14 05:30:00
5214,"7/27/13, 5:30 AM","Malling, Himachal Pradesh","Malling, Himachal Pradesh",Himachal Pradesh,31.893,78.63,Landslide,Mining,Medium,Unknown,,,articles.timesofindia.indiatimes.com,http://articles.timesofindia.indiatimes.com/2013-08-17/chandigarh/41420266_1_rohtang-tunnel-work-lahaul-spiti-mla-ravi-thakur-kullu,GLC,5214,Known within 10 km,NASA COOLR,COOLR administrative division; Uttaranchal normalized to Uttarakhand,OK,2013-07-27 05:30:00
5290,"8/7/13, 9:00 AM","Tirah Lines Which Is Almost 5 Kms From Dharamshala, Himachal Pradesh","Tirah Lines Which Is Almost 5 Kms From Dharamshala, Himachal Pradesh",Himachal Pradesh,32.232,76.304,Landslide,Downpour,Medium,Unknown,0,,www.himvani.com,http://www.himvani.com/news/2013/08/29/devastating-landslide-tirah-lines-dharamshala/23355,GLC,5290,Known within 5 km,NASA COOLR,COOLR administrative division; Uttaranchal normalized to Uttarakhand,OK,2013-08-07 09:00:00
5334,"8/16/13, 4:30 AM",Manali-Spiti Road damaged,"Manali-Spiti Road Between Gramphu And Chhatru, Himachal Pradesh",Himachal Pradesh,32.361,77.304,Landslide,Downpour,Medium,Unknown,,,Times of India,http://articles.timesofindia.indiatimes.com/2013-08-17/chandigarh/41420266_1_rohtang-tunnel-work-lahaul-spiti-mla-ravi-thakur-kullu,GLC,5334,Known within 10 km,NASA COOLR,COOLR administrative division; Uttaranchal normalized to Uttarakhand,OK,2013-08-16 04:30:00
5382,"8/21/13, 5:30 AM",Kullu-Anni Highway,Kullu-Anni Highway,Himachal Pradesh,31.538,77.374,Landslide,Downpour,Medium,Unknown,,,articles.timesofindia.indiatimes.com,http://articles.timesofindia.indiatimes.com/2013-08-28/india/41536924_1_landslides-highway-road-connectivity,GLC,5382,Known within 25 km,NASA COOLR,COOLR administrative division; Uttaranchal normalized to Uttarakhand,OK,2013-08-21 05:30:00
5598,"10/11/13, 8:30 PM","Shetidhar Peak, Himachal Pradesh","Shetidhar Peak, Himachal Pradesh",Himachal Pradesh,32.367,77.086,Landslide,Downpour,Medium,Unknown,3,,travel.aol.co.uk,http://travel.aol.co.uk/2013/10/15/british-pensioner-killed-landslide-climbing-mountain-himalayas/,GLC,5598,Known within 5 km,NASA COOLR,COOLR administrative division; Uttaranchal normalized to Uttarakhand,OK,2013-10-11 20:30:00
5864,"2/12/14, 5:30 AM","Siund - Neuli Rd, Neuli Shanshar, Himachal Pradesh 175123","Siund - Neuli Rd, Neuli Shanshar, Himachal Pradesh 175123",Himachal Pradesh,31.825,77.47,Landslide,Snowfall/snowmelt,Large,Unknown,0,0,The Times Of India India,http://timesofindia.indiatimes.com/india/Melting-snow-triggers-landslides-in-Kullu/articleshow/30256340.cms#http://timesofindia.indiatimes.com/india/Melting-snow-triggers-landslides-in-Kullu/articleshow/30256340.cms,GLC,5864,Known within 10 km,NASA COOLR,COOLR administrative division; Uttaranchal normalized to Uttarakhand,OK,2014-02-12 05:30:00
7367,"8/8/14, 5:30 AM",Chohla,Chohla,Himachal Pradesh,32.224,76.337,Landslide,Unknown,Medium,Deforested slope,0,0,Times of India,http://timesofindia.indiatimes.com/city/chandigarh/Landslide-leaves-six-families-homeless-in-Kangra/articleshow/48302393.cms,GLC,7367,Known within 1 km,NASA COOLR,COOLR administrative division; Uttaranchal normalized to Uttarakhand,OK,2014-08-08 05:30:00
6538,"8/21/14, 4:30 AM",near Meeru on Chulling-Tapri road,near Meeru on Chulling-Tapri road,Himachal Pradesh,31.522,78.135,Landslide,Unknown,Medium,Above road,2,0,Times of India,http://timesofindia.indiatimes.com/india/Landslide-in-Kinnaur-pushes-truck-into-nullah-2-killed/articleshow/40627999.cms,GLC,6538,Known within 5 km,NASA COOLR,COOLR administrative division; Uttaranchal normalized to Uttarakhand,OK,2014-08-21 04:30:00
6552,"8/26/14, 5:30 AM",a village near Bhavanagar,a village near Bhavanagar,Himachal Pradesh,31.559,77.928,Landslide,Unknown,Medium,Unknown,2,3,FIRSTPOST,http://www.firstpost.com/india/landslide-himachal-pradesh-kills-two-1682085.html,GLC,6552,Known within 5 km,NASA COOLR,COOLR administrative division; Uttaranchal normalized to Uttarakhand,OK,2014-08-26 05:30:00
6337,"9/10/14, 4:30 AM",Uhl river in Kamand area,Uhl river in Kamand area,Himachal Pradesh,31.777,76.983,Landslide,Unknown,Large,Above river,0,0,India Today,http://indiatoday.intoday.in/story/flood-scare-hits-mandi/1/382340.html,GLC,6337,Known within 5 km,NASA COOLR,COOLR administrative division; Uttaranchal normalized to Uttarakhand,OK,2014-09-10 04:30:00
6247,"10/15/14, 5:30 AM",Kashmaari village in Solan district,Kashmaari village in Solan district,Himachal Pradesh,31.016,77.099,Landslide,Mining,Medium,Above road,2,3,Zee News,http://zeenews.india.com/news/himachal-pradesh/himachal-pradesh-two-dead-in-solan-landslide_1485444.html,GLC,6247,Known within 25 km,NASA COOLR,COOLR administrative division; Uttaranchal normalized to Uttarakhand,OK,2014-10-15 05:30:00
6851,"3/10/15, 9:30 AM","2 MW Sal-II hydropower project, on the outskirts of Chamba","2 MW Sal-II hydropower project, on the outskirts of Chamba",Himachal Pradesh,32.561,76.124,Mudslide,Downpour,Medium,Unknown,0,0,The Hindu,http://www.thehindu.com/news/national/other-states/himachal-hydropower-project-damaged-in-landslide/article6978360.ece?homepage=true,GLC,6851,Known within 5 km,NASA COOLR,COOLR administrative division; Uttaranchal normalized to Uttarakhand,OK,2015-03-10 09:30:00
7185,"4/3/15, 5:30 AM","3km ahead of Palchan, Manali-Palchan","3km ahead of Palchan, Manali-Palchan",Himachal Pradesh,32.293,77.18,Landslide,Downpour,Small,Above road,0,0,The Tribune,http://www.tribuneindia.com/news/himachal/landslide-blocks-manali-palchan-road/62595.html,GLC,7185,Known within 1 km,NASA COOLR,COOLR administrative division; Uttaranchal normalized to Uttarakhand,OK,2015-04-03 05:30:00
14202,"4/16/15, 6:56 AM",Mebar Landslide,Along National Highway 22 near Mebar Village and above Barang Village,Himachal Pradesh,31.499,78.224,Landslide,Construction,Medium,Above road,,,AGU Blogsphere,https://blogs.agu.org/landslideblog/2018/10/09/shongtong-1/,GLC,,Known within 10 km,NASA COOLR,COOLR administrative division; Uttaranchal normalized to Uttarakhand,OK,2015-04-16 06:56:00
7249,"7/13/15, 5:30 AM","Phase-III, Sector 5, New Shimla","Phase-III, Sector 5, New Shimla",Himachal Pradesh,31.085,77.167,Mudslide,Continuous rain,Small,Natural slope,0,0,The Tribune,http://www.tribuneindia.com/news/himachal/landslide-poses-threat-to-houses-in-new-shimla/109125.html,GLC,7249,Known within 5 km,NASA COOLR,COOLR administrative division; Uttaranchal normalized to Uttarakhand,OK,2015-07-13 05:30:00
7215,"7/14/15, 4:30 AM","Spiti Valley, Himachal Pradesh","Spiti Valley, Himachal Pradesh",Himachal Pradesh,32.247,78.037,Landslide,Continuous rain,Small,Above road,1,0,The Times of India,http://timesofindia.indiatimes.com/city/pune/Industrialist-from-Wakad-dies-in-Spiti-landslide/articleshow/48077096.cms,GLC,7215,Known within 1 km,NASA COOLR,COOLR administrative division; Uttaranchal normalized to Uttarakhand,OK,2015-07-14 04:30:00
7226,"7/18/15, 5:30 AM",Jheol village in Dharamsala subdivision,Jheol village in Dharamsala subdivision,Himachal Pradesh,32.224,76.323,Landslide,Monsoon,Medium,Above road,0,0,Hindustantimes,http://www.hindustantimes.com/himachalpradesh/landslide-threat-looms-large-in-kangra-after-heavy-rain/article1-1370985.aspx,GLC,7226,Known within 5 km,NASA COOLR,COOLR administrative division; Uttaranchal normalized to Uttarakhand,OK,2015-07-18 05:30:00
7285,"7/26/15, 5:30 AM","Klibi Patwar, Theog","Klibi Patwar, Theog",Himachal Pradesh,31.126,77.353,Landslide,Continuous rain,Medium,Unknown,3,2,The Tribune,http://www.tribuneindia.com/news/himachal/woman-kids-die-in-theog-house-collapse/111662.html,GLC,7285,Known within 5 km,NASA COOLR,COOLR administrative division; Uttaranchal normalized to Uttarakhand,OK,2015-07-26 05:30:00
7286,"7/26/15, 5:30 AM",Shimla,Shimla,Himachal Pradesh,31.1,77.175,Landslide,Continuous rain,Small,Above road,0,0,The Tribune,http://www.tribuneindia.com/news/himachal/woman-kids-die-in-theog-house-collapse/111662.html,GLC,7286,Known within 10 km,NASA COOLR,COOLR administrative division; Uttaranchal normalized to Uttarakhand,OK,2015-07-26 05:30:00
7287,"7/26/15, 5:30 AM",Chamba,Chamba,Himachal Pradesh,32.561,76.121,Landslide,Continuous rain,Small,Above road,0,0,The Tribune,http://www.tribuneindia.com/news/himachal/woman-kids-die-in-theog-house-collapse/111662.html,GLC,7287,Known within 5 km,NASA COOLR,COOLR administrative division; Uttaranchal normalized to Uttarakhand,OK,2015-07-26 05:30:00
7288,"7/26/15, 5:30 AM",Kullu,Kullu,Himachal Pradesh,31.956,77.114,Landslide,Continuous rain,Small,Above road,0,0,The Tribune,http://www.tribuneindia.com/news/himachal/woman-kids-die-in-theog-house-collapse/111662.html,GLC,7288,Known within 5 km,NASA COOLR,COOLR administrative division; Uttaranchal normalized to Uttarakhand,OK,2015-07-26 05:30:00
7289,"7/26/15, 5:30 AM",Mandi,Mandi,Himachal Pradesh,31.709,76.93,Landslide,Continuous rain,Small,Above road,0,0,The Tribune,http://www.tribuneindia.com/news/himachal/woman-kids-die-in-theog-house-collapse/111662.html,GLC,7289,Known within 5 km,NASA COOLR,COOLR administrative division; Uttaranchal normalized to Uttarakhand,OK,2015-07-26 05:30:00
7366,"7/31/15, 11:30 PM",Chohla village of Kajlot panchayat,Chohla village of Kajlot panchayat,Himachal Pradesh,32.224,76.337,Debris flow,Continuous rain,Medium,Deforested slope,0,0,Times of India,http://timesofindia.indiatimes.com/city/chandigarh/Landslide-leaves-six-families-homeless-in-Kangra/articleshow/48302393.cms,GLC,7366,Known within 1 km,NASA COOLR,COOLR administrative division; Uttaranchal normalized to Uttarakhand,OK,2015-07-31 23:30:00
7614,"8/8/15, 5:30 AM","Dharampur, Mandi district","Dharampur, Mandi district",Himachal Pradesh,31.803,76.757,Landslide,Downpour,Medium,Deforested slope,3,0,New Indian Express,http://www.newindianexpress.com/nation/Three-of-Family-Buried-Alive-in-Himachal-Landslide/2015/08/08/article2964115.ece,GLC,7614,Known within 5 km,NASA COOLR,COOLR administrative division; Uttaranchal normalized to Uttarakhand,OK,2015-08-08 05:30:00
7628,"8/9/15, 5:30 AM",NH 88,NH 88,Himachal Pradesh,31.692,76.51,Rock fall,Rain,Small,Above road,0,0,Tribune,http://www.tribuneindia.com/news/himachal/landslides-block-national-highway-88/117746.html,GLC,7628,Known within 5 km,NASA COOLR,COOLR administrative division; Uttaranchal normalized to Uttarakhand,OK,2015-08-09 05:30:00
7649,"8/11/15, 5:30 AM",Gamraula near Bilaspur,Gamraula near Bilaspur,Himachal Pradesh,31.324,76.762,Landslide,Downpour,Medium,Above road,0,0,National Highway 21 at Gamraula near Bilaspur,http://timesofindia.indiatimes.com/city/shimla/Heavy-rains-trigger-landslides-in-Himachal/articleshow/48435684.cms,GLC,7649,Known within 5 km,NASA COOLR,COOLR administrative division; Uttaranchal normalized to Uttarakhand,OK,2015-08-11 05:30:00
7678,"8/12/15, 4:30 AM",Himachal Pradesh School Education Board,Himachal Pradesh School Education Board,Himachal Pradesh,32.197,76.319,Landslide,Rain,Medium,Above road,0,0,Tribune,http://www.tribuneindia.com/news/himachal/landslides-block-dharamsala-road/119012.html,GLC,7678,Known within 1 km,NASA COOLR,COOLR administrative division; Uttaranchal normalized to Uttarakhand,OK,2015-08-12 04:30:00
7676,"8/12/15, 2:30 PM",Dharamsala-Kangra state highway,Dharamsala-Kangra state highway,Himachal Pradesh,32.176,76.308,Landslide,Monsoon,Medium,Above road,0,0,Tribune,http://www.tribuneindia.com/news/himachal/landslides-block-dharamsala-road/119012.html,GLC,7676,Known within 10 km,NASA COOLR,COOLR administrative division; Uttaranchal normalized to Uttarakhand,OK,2015-08-12 14:30:00
7685,"8/13/15, 5:30 AM",IIT Campus in Mandi,IIT Campus in Mandi,Himachal Pradesh,31.776,76.988,Landslide,Unknown,Medium,Above road,0,0,Telegraph,http://www.telegraph.co.uk/news/worldnews/asia/india/11800828/Giant-rockslide-captured-on-camera-in-India.html,GLC,7685,Known within 5 km,NASA COOLR,COOLR administrative division; Uttaranchal normalized to Uttarakhand,OK,2015-08-13 05:30:00
7329,"8/18/15, 8:30 PM",the Sikh shrine in Manikaran,the Sikh shrine in Manikaran,Himachal Pradesh,32.028,77.345,Rock fall,Rain,Medium,Unknown,8,10,Hindustan Times,http://www.hindustantimes.com/amritsar/jathedar-makkar-condole-death-of-pilgrims-in-manikaran-landslip/article1-1381473.aspx,GLC,7329,Known within 1 km,NASA COOLR,COOLR administrative division; Uttaranchal normalized to Uttarakhand,OK,2015-08-18 20:30:00
7726,"8/22/15, 10:00 AM",Shimla-Kalka National Highway near Shoghi,Shimla-Kalka National Highway near Shoghi,Himachal Pradesh,31.037,77.121,Landslide,Downpour,Medium,Above road,0,0,Tribune,http://www.tribuneindia.com/news/himachal/landslide-blocks-shimla-kalka-highway-thousands-stranded/122969.html,GLC,7726,Known within 5 km,NASA COOLR,COOLR administrative division; Uttaranchal normalized to Uttarakhand,OK,2015-08-22 10:00:00
9037,"12/7/15, 5:30 AM",Hanogi,Hanogi,Himachal Pradesh,31.682,77.121,Rock fall,Unknown,Medium,Above road,0,0,GeoEngineer,http://www.geoengineer.org/news-center/news/item/1331-http-indianexpress-com-article-india-india-news-india-watch-massive-landslide-near-mandi-kiratpur-manali-national-highway-blocked,GLC,9037,Known within 1 km,NASA COOLR,COOLR administrative division; Uttaranchal normalized to Uttarakhand,OK,2015-12-07 05:30:00
9144,"12/29/15, 5:30 AM",Hill collapses during construction,National Highway-21 near Rani-Ki-Bain,Himachal Pradesh,31.466,76.869,Complex,Construction,Medium,Above road,0,0,The Tribune,http://www.tribuneindia.com/news/himachal/hill-caves-in-near-mandi-nh/176859.html,GLC,9144,Known within 50 km,NASA COOLR,COOLR administrative division; Uttaranchal normalized to Uttarakhand,OK,2015-12-29 05:30:00
8860,"6/17/16, 5:30 AM","Urni, Satluj river, Kinnaur district, Himachal Pradesh, India","Urni, Satluj river, Kinnaur district, Himachal Pradesh, India",Himachal Pradesh,31.512,78.118,Rock fall,Monsoon,Large,Above river,0,0,Times of India,http://timesofindia.indiatimes.com/city/shimla/Flood-fears-loom-large-as-boulders-block-Satluj-flow/articleshow/52878409.cms,GLC,8860,Known within 1 km,NASA COOLR,COOLR administrative division; Uttaranchal normalized to Uttarakhand,OK,2016-06-17 05:30:00
8482,"7/2/16, 2:30 PM","Highway 22, near Borag Bypass, near Solan, Himachal Pradesh, India","Highway 22, near Borag Bypass, near Solan, Himachal Pradesh, India",Himachal Pradesh,30.892,77.09,Rock fall,Downpour,Medium,Above road,1,4,India Today,http://indiatoday.intoday.in/story/one-killed-four-injured-in-himachal-landslide/1/706274.html,GLC,8482,Known within 10 km,NASA COOLR,COOLR administrative division; Uttaranchal normalized to Uttarakhand,OK,2016-07-02 14:30:00
9048,"7/17/16, 5:30 AM","Karcham, Himachal Pradesh, India","Karcham, Himachal Pradesh, India",Himachal Pradesh,31.501,78.176,Landslide,Unknown,Small,Above road,1,0,India Times,http://timesofindia.indiatimes.com/city/mangaluru/Soldier-dies-in-Himachal-landslide/articleshow/53279563.cms,GLC,9048,Known within 1 km,NASA COOLR,COOLR administrative division; Uttaranchal normalized to Uttarakhand,OK,2016-07-17 05:30:00
9216,"7/27/16, 4:30 AM","Jwagdhar village, Sangrah, Sirmaur district, Himachal Pradesh, India","Jwagdhar village, Sangrah, Sirmaur district, Himachal Pradesh, India",Himachal Pradesh,30.694,77.427,Rock fall,Downpour,Large,Unknown,2,2,Tribune India,http://www.tribuneindia.com/news/himachal/landslide-kills-2-women-in-sirmaur/272137.html,GLC,9216,Known within 1 km,NASA COOLR,COOLR administrative division; Uttaranchal normalized to Uttarakhand,OK,2016-07-27 04:30:00
9264,"8/1/16, 4:30 AM","Hanogi on the Mandi-Kullu National Highway (NH-21), Himachal Pradesh, India","Hanogi on the Mandi-Kullu National Highway (NH-21), Himachal Pradesh, India",Himachal Pradesh,31.687,77.104,Landslide,Rain,Medium,Above road,0,2,Tribune India,http://www.tribuneindia.com/news/himachal/landslide-buries-truck-under-debris-on-mandi-kullu-national-highway/274374.html,GLC,9264,Known within 5 km,NASA COOLR,COOLR administrative division; Uttaranchal normalized to Uttarakhand,OK,2016-08-01 04:30:00
9852,"8/9/16, 5:30 AM",Landslide in Manali,"Manali, Himachal Pradesh, India",Himachal Pradesh,31.708,76.933,Landslide,Downpour,Small,Above road,0,1,Tribune India,http://www.tribuneindia.com/news/himachal/heavy-rain-triggers-landslide-in-mandi-one-injured/280572.html,GLC,,Known within 5 km,NASA COOLR,COOLR administrative division; Uttaranchal normalized to Uttarakhand,OK,2016-08-09 05:30:00
9859,"8/16/16, 3:30 AM",Landslide in Nyugalsari,Y:31.581485 X:78.412784,Himachal Pradesh,31.581,78.413,Landslide,Rain,Small,Above road,0,0,IBTimes,http://www.ibtimes.co.in/himachal-pradesh-heavy-rains-cause-landslide-disrupt-normal-life-parts-state-689997,GLC,,Known within 25 km,NASA COOLR,COOLR administrative division; Uttaranchal normalized to Uttarakhand,OK,2016-08-16 03:30:00
9892,"8/21/16, 5:30 AM",Landslide in Kinner Kailash,"Kinner Kailash, Himachal Pradesh",Himachal Pradesh,31.452,78.401,Landslide,Rain,Small,Natural slope,1,0,Indian Express,http://indianexpress.com/article/india/india-news-india/sporadic-rains-in-himachal-pradesh-trapped-pilgrim-dies-in-landslide-2989186/,GLC,,Known exactly,NASA COOLR,COOLR administrative division; Uttaranchal normalized to Uttarakhand,OK,2016-08-21 05:30:00
9490,"8/30/16, 4:30 AM",NH-05 near Chaura village,NH-05 near Chaura village,Himachal Pradesh,31.573,77.856,Rock fall,Continuous rain,Medium,Above road,0,0,ABP News,http://www.abplive.in/india-news/himachal-pradesh-massive-rockslide-blocks-nh-5-407177,GLC,9490,Known within 5 km,NASA COOLR,COOLR administrative division; Uttaranchal normalized to Uttarakhand,OK,2016-08-30 04:30:00
9953,"9/2/16, 5:30 AM",Landslide in Kullu,"Manihar Village, Kullu, India",Himachal Pradesh,31.957,77.11,Landslide,Unknown,Large,Above road,4,5,Tribune India,http://www.tribuneindia.com/news/himachal/four-buried-alive-five-hurt-in-landslide-at-kullu-village/289325.html,GLC,,Known within 5 km,NASA COOLR,COOLR administrative division; Uttaranchal normalized to Uttarakhand,OK,2016-09-02 05:30:00
9507,"10/3/16, 4:30 PM","Chakki-Ka-Mor, about 10 km from Parwanoo","Chakki-Ka-Mor, about 10 km from Parwanoo",Himachal Pradesh,30.897,77.059,Landslide,Construction,Medium,Above road,0,0,Tribune,http://www.tribuneindia.com/news/himachal/community/landslide-disrupts-traffic-on-chandigarh-shimla-highway/304730.html,GLC,9507,Known within 10 km,NASA COOLR,COOLR administrative division; Uttaranchal normalized to Uttarakhand,OK,2016-10-03 16:30:00
10860,"1/6/17, 5:30 AM",Kashapat Road Landslide in Ranpur,"Rampur, Shimla, Himachal Pradesh, India",Himachal Pradesh,31.056,77.137,Rock fall,Construction,Medium,Above road,4,0,Himtimes,http://himtimes.com/4-labourers-buried-rampur-landslide/,GLC,,Known within 5 km,NASA COOLR,COOLR administrative division; Uttaranchal normalized to Uttarakhand,OK,2017-01-06 05:30:00
10859,"1/26/17, 5:30 AM",Chandigarh-Shimla Highway Landslide Crushes Car near Jabli,"NH-22, Kasauli Sub-District, Solan, Himachal Pradesh, 173209",Himachal Pradesh,30.875,77.0,Rock fall,Downpour,Small,Above road,0,3,Chandigarh Metro,https://chandigarhmetro.com/yes-landslide-chandigarh-shimla-highway-horryfying-pictures/,GLC,,Known within 1 km,NASA COOLR,COOLR administrative division; Uttaranchal normalized to Uttarakhand,OK,2017-01-26 05:30:00
10857,"2/21/17, 5:30 AM",Shialkhar Village Rock Fall Hits Car in Kinnaur District,"SH-30, Hangrang, Kinnaur, Himachal Pradesh, 172111",Himachal Pradesh,32.007,78.57,Rock fall,Rain,Small,Above road,0,0,Kolkata 24x7,https://english.kolkata24x7.com/national-news/rock-slide-hits-car-in-hp-3-dead,GLC,,Known within 5 km,NASA COOLR,COOLR administrative division; Uttaranchal normalized to Uttarakhand,OK,2017-02-21 05:30:00
10856,"3/22/17, 3:30 PM",JCB Helper Dies in Sainj Landslide,"Sainj, Kullu, Himachal Pradesh",Himachal Pradesh,31.773,77.305,Landslide,Construction,Small,Retaining wall,1,,The Times of India,http://timesofindia.indiatimes.com/city/chandigarh/jcb-helper-dies-in-landslide/articleshow/57782019.cms,GLC,,Known within 5 km,NASA COOLR,COOLR administrative division; Uttaranchal normalized to Uttarakhand,OK,2017-03-22 15:30:00
10858,"4/6/17, 5:30 AM",Landslide on Shimla-Kalka National Highway in Shimla,"ISBT, Shimla, India",Himachal Pradesh,31.098,77.152,Landslide,Continuous rain,Medium,Below road,0,0,ChandigarhX,http://chandigarhx.com/landslide-in-shimla-new-bus-stand-area-is-closed/,GLC,,Known exactly,NASA COOLR,COOLR administrative division; Uttaranchal normalized to Uttarakhand,OK,2017-04-06 05:30:00
10855,"4/18/17, 4:30 AM",Landslide in Sainj valley,"Sainj, Kullu, Himachal Pradesh, India",Himachal Pradesh,31.764,77.292,Landslide,Construction,Medium,Natural slope,0,0,Tribune India,http://www.tribuneindia.com/news/himachal/danger-looms-over-kullu-villages-after-landslide/393956.html,GLC,,Known within 5 km,NASA COOLR,COOLR administrative division; Uttaranchal normalized to Uttarakhand,OK,2017-04-18 04:30:00
10853,"4/23/17, 5:30 AM",Landslide near Rani Nullah,"Manali Sarchu Road, Manali Sub-District, Kullu, Himachal Pradesh, 175103",Himachal Pradesh,32.361,77.234,Landslide,Snowfall/snowmelt,Small,Above road,0,0,Chandigarh Metro,https://chandigarhmetro.com/manali-rohtang-highway-blocked-landslide/,GLC,,Known within 1 km,NASA COOLR,COOLR administrative division; Uttaranchal normalized to Uttarakhand,OK,2017-04-23 05:30:00
10862,"4/30/17, 5:30 AM",Landslides along Gramphu-Kaza road,"Lahul, Lahul & Spiti, Himachal Pradesh, India",Himachal Pradesh,32.307,77.602,Landslide,Snowfall/snowmelt,Small,Above road,0,0,Times of India,http://timesofindia.indiatimes.com/city/shimla/heavy-snowfall-damage-road-on-kunzum-pass/articleshow/58451196.cms?,GLC,,Known within 50 km,NASA COOLR,COOLR administrative division; Uttaranchal normalized to Uttarakhand,OK,2017-04-30 05:30:00
10854,"5/5/17, 5:30 AM",Landslide on Manali-Keylong Highway,"Manali Sub-District, Kullu, Himachal Pradesh",Himachal Pradesh,32.342,77.222,Landslide,Snowfall/snowmelt,Small,Above road,0,0,Khurki,http://khurki.net/himachal-manali-keylong-highway/,GLC,,Known within 5 km,NASA COOLR,COOLR administrative division; Uttaranchal normalized to Uttarakhand,OK,2017-05-05 05:30:00
9707,"6/7/17, 6:30 AM",Factory Wall collapse landslide in Baddi,,Himachal Pradesh,30.942,76.801,Landslide,Rain,Medium,Urban,8,9,Hindustan Times,http://www.hindustantimes.com/india-news/eight-killed-in-factory-wall-collapse-in-himachal-s-baddi-due-to-storm/story-zdzkA2onoBy2evzZnHxvHJ.html,GLC,,Known within 5 km,NASA COOLR,COOLR administrative division; Uttaranchal normalized to Uttarakhand,OK,2017-06-07 06:30:00
9840,"6/27/17, 5:30 AM",Landslide in Khaliyar area on Mandi-Pathnakot Highway,"NH-20, Khaliar Area, Mandi, Himachal Pradesh, 175001",Himachal Pradesh,31.724,76.937,Landslide,Downpour,Small,Above road,0,0,Business Standard,http://www.business-standard.com/article/current-affairs/himachal-heavy-rains-trigger-landslides-near-mandi-tourists-stranded-117062600956_1.html,GLC,,Known within 1 km,NASA COOLR,COOLR administrative division; Uttaranchal normalized to Uttarakhand,OK,2017-06-27 05:30:00
10025,"6/29/17, 5:30 AM",Landslide on Manali-Leh highway,"Patseu, Lahul & Spiti, Himachal Pradesh",Himachal Pradesh,32.764,77.283,Landslide,Rain,Medium,Above road,0,0,The Tribune,http://www.tribuneindia.com/news/himachal/tourists-stranded-as-manali-leh-road-blocked-due-to-landslide/428780.html,GLC,,Known within 25 km,NASA COOLR,COOLR administrative division; Uttaranchal normalized to Uttarakhand,OK,2017-06-29 05:30:00
9870,"6/29/17, 5:30 AM",Landslides after incessant rain on NH 22,"NH-22, Kasauli Sub-District, Solan, Himachal Pradesh, 173220",Himachal Pradesh,30.866,76.998,Landslide,Monsoon,Medium,Above road,0,0,The Indian Express,http://indianexpress.com/article/cities/chandigarh/dozen-landslides-in-48-hours-kalka-shimla-drive-takes-dangerous-turn-4727296/,GLC,,Known within 10 km,NASA COOLR,COOLR administrative division; Uttaranchal normalized to Uttarakhand,OK,2017-06-29 05:30:00
9924,"7/2/17, 5:30 AM",Landslide temporarily strands travelers near Langza,"Langza, Lahaul and Spiti, Himachal Pradesh, India",Himachal Pradesh,32.262,78.069,Landslide,Rain,Small,Above road,0,0,India Times,http://www.indiatimes.com/news/india/caught-in-a-landslide-near-manali-a-group-of-brave-travellers-builds-road-helps-others-325022.html,GLC,,Known within 5 km,NASA COOLR,COOLR administrative division; Uttaranchal normalized to Uttarakhand,OK,2017-07-02 05:30:00
9925,"7/2/17, 5:30 AM",Landslide blocks road 3km from near Langza,"Spiti, Lahul & Spiti, Himachal Pradesh",Himachal Pradesh,32.246,78.066,Landslide,Rain,Small,Above road,0,0,India Times,http://www.indiatimes.com/news/india/caught-in-a-landslide-near-manali-a-group-of-brave-travellers-builds-road-helps-others-325022.html,GLC,,Known within 5 km,NASA COOLR,COOLR administrative division; Uttaranchal normalized to Uttarakhand,OK,2017-07-02 05:30:00
9927,"7/2/17, 5:30 AM",Landslide blocks road to Manali,"Spiti, Lahul & Spiti, Himachal Pradesh",Himachal Pradesh,32.238,78.062,Landslide,Rain,Small,Above road,0,0,India Times,http://www.indiatimes.com/news/india/caught-in-a-landslide-near-manali-a-group-of-brave-travellers-builds-road-helps-others-325022.html,GLC,,Known within 10 km,NASA COOLR,COOLR administrative division; Uttaranchal normalized to Uttarakhand,OK,2017-07-02 05:30:00
9936,"7/3/17, 5:30 AM",Landslide blocks Gramphuk-Kaza road,"Dorni Mod( ??), Lahul & Spiti, Himachal Pradesh",Himachal Pradesh,32.306,77.522,Landslide,Unknown,Medium,Above road,0,0,The Tribune,http://www.tribuneindia.com/news/himachal/traffic-jams-trigger-fuel-shortage-in-kaza/430765.html,GLC,,Known within 100 km,NASA COOLR,COOLR administrative division; Uttaranchal normalized to Uttarakhand,OK,2017-07-03 05:30:00
14235,"8/14/17, 3:57 AM",Kotropi Landslide,"Kotropi, Mandi District, Himachal Pradesh, IND",Himachal Pradesh,31.914,76.893,Debris flow,Downpour,Large,Above road,,,Indian Geotechnical Journal,https://link.springer.com/article/10.1007/s40098-018-0343-1,GLC,,Known exactly,NASA COOLR,COOLR administrative division; Uttaranchal normalized to Uttarakhand,OK,2017-08-14 03:57:00
12943,"8/22/17, 5:30 AM",NH154 Highway Landslide at Chamukha Village,"NH154 Chamukha, Himachal Pradesh 175018 India",Himachal Pradesh,31.498,76.875,Landslide,Unknown,Medium,Above road,0,0,The Tribune,https://www.tribuneindia.com/news/himachal/landslide-blocks-manali-road/455559.html,GLC,,Known within 1 km,NASA COOLR,COOLR administrative division; Uttaranchal normalized to Uttarakhand,OK,2017-08-22 05:30:00
13253,"8/22/17, 5:30 AM",Chandigarh-Shimla National Highway Landslide,"Dhalli Tunnel, Dhalli Shimla, Himachal Pradesh 171006 India",Himachal Pradesh,31.102,77.205,Landslide,Unknown,Large,Unknown,0,3,xinhua.net,http://www.xinhuanet.com/english/2017-09/02/c_136577592.htm,GLC,,Known within 10 km,NASA COOLR,COOLR administrative division; Uttaranchal normalized to Uttarakhand,OK,2017-08-22 05:30:00
10861,"9/2/17, 7:30 PM",Shimla's Dhalli Landslide,"Malyana-Dhalli Road, NH-22, Chamyana, Shimla, Himachal Pradesh, 171006",Himachal Pradesh,31.103,77.204,Landslide,Rain,Medium,Above road,0,0,Times of India,http://timesofindia.indiatimes.com/city/chandigarh/massive-landslide-hits-national-highway-near-shimla-several-vehicles-buried/articleshow/60338106.cms?from=mdr,GLC,,Known exactly,NASA COOLR,COOLR administrative division; Uttaranchal normalized to Uttarakhand,OK,2017-09-02 19:30:00
13224,"12/10/17, 5:30 AM",Rampur-Nirmand Road Landslide,"Rampur-Nirmand Road, Himachal Pradesh, India.",Himachal Pradesh,31.411,77.603,Landslide,Unknown,Unknown,Above road,6,,NYOOOZ,https://www.nyoooz.com/news/shimla/982578/vehicle-caught-in-landslide-6-killed/,GLC,,Known within 5 km,NASA COOLR,COOLR administrative division; Uttaranchal normalized to Uttarakhand,OK,2017-12-10 05:30:00
14164,"8/7/18, 2:01 AM",Theog-Hatkoti road Blocked by Landslide,Along the Theog-Hatkoti Hwy near Nihari ,Himachal Pradesh,31.12,77.359,Landslide,Rain,Small,Above road,0,0,The Tribune India,https://www.tribuneindia.com/news/archive/himachal/landslide-blocks-theog-hatkoti-road-633232,GLC,,Known within 25 km,NASA COOLR,COOLR administrative division; Uttaranchal normalized to Uttarakhand,OK,2018-08-07 02:01:00
14113,"8/9/18, 1:44 AM",Chamba Landslide,"Chamba Bypass, Surada, Chamba, Himachal Pradesh, 176310",Himachal Pradesh,32.557,76.129,Landslide,Rain,Medium,Unknown,1,,Outlook India,https://www.outlookindia.com/newsscroll/youth-killed-in-landslide-in-chamba/1364631,GLC,,Known within 10 km,NASA COOLR,COOLR administrative division; Uttaranchal normalized to Uttarakhand,OK,2018-08-09 01:44:00
14179,"8/9/18, 3:55 AM",Kand Village Landslide,"Kand village, about 20 km from Dharamsala",Himachal Pradesh,32.171,76.419,Landslide,Rain,Large,Natural slope,0,0,The Tribune,https://www.tribuneindia.com/news/archive/himachal/landslide-in-dharamsala-village-8-houses-damaged-634810,GLC,,Known within 1 km,NASA COOLR,COOLR administrative division; Uttaranchal normalized to Uttarakhand,OK,2018-08-09 03:55:00
14055,"8/11/18, 2:55 AM",Bilaspur Landslides,"Bilaspur, Himachal Pradesh, IND",Himachal Pradesh,31.343,76.762,Landslide,Rain,Unknown,Above road,0,0,Biharprabha.com,https://news.biharprabha.com/2018/08/watch-himachal-pradeshs-bilaspur-witnesses-landslide/,GLC,,Known within 5 km,NASA COOLR,COOLR administrative division; Uttaranchal normalized to Uttarakhand,OK,2018-08-11 02:55:00
14146,"8/13/18, 3:40 AM",Sangla Valley Landslide,Karcham-Sangla road,Himachal Pradesh,31.425,78.26,Landslide,Rain,Medium,Above road,0,0,The Tribune,https://www.tribuneindia.com/news/archive/himachal/sangla-cut-off-after-landslide-636348,GLC,,Known within 25 km,NASA COOLR,COOLR administrative division; Uttaranchal normalized to Uttarakhand,OK,2018-08-13 03:40:00
14117,"8/13/18, 10:19 PM",Chakla Landslide,"Chakla, Himachal Pradesh, IND",Himachal Pradesh,32.025,76.167,Mudslide,Rain,Medium,Unknown,4,,The Kashmir Press,https://thekashmirpress.com/2018/08/13/himachal-pradesh-landslide-4-of-family-including-2-children-buried-alive/,GLC,,Known within 25 km,NASA COOLR,COOLR administrative division; Uttaranchal normalized to Uttarakhand,OK,2018-08-13 22:19:00
14071,"8/14/18, 1:36 AM",Kandaghat Landslide,"Chakla Village, Kandaghat, Shimla, Himachal Pradesh, IND",Himachal Pradesh,31.055,77.024,Landslide,Rain,Medium,Unknown,1,4,Daijy World,http://www.daijiworld.com/news/newsDisplay.aspx?newsID=523562,GLC,,Known within 1 km,NASA COOLR,COOLR administrative division; Uttaranchal normalized to Uttarakhand,OK,2018-08-14 01:36:00
14505,"8/18/18, 6:39 AM",Kullu-Manali Highway Landslide,Along the Kullu-Manali Highway near Raison,Himachal Pradesh,32.061,77.133,Landslide,Construction,Medium,Above road,0,0,The Tribune India,https://www.tribuneindia.com/news/archive/himachal/landslip-blocks-kullu-manali-national-highway-638886,GLC,,Known within 10 km,NASA COOLR,COOLR administrative division; Uttaranchal normalized to Uttarakhand,OK,2018-08-18 06:39:00
14483,"8/20/18, 8:11 PM",Kangra-Chandigarh National Highway Landslide,"Kangra-Chandigarh National Highway, Himachal Pradesh, IND",Himachal Pradesh,31.496,76.234,Landslide,Rain,Large,Above road,0,0,The Tribune India,https://www.tribuneindia.com/news/archive/himachal/landslide-blocks-kangra-highway-640047,GLC,,Known within 50 km,NASA COOLR,COOLR administrative division; Uttaranchal normalized to Uttarakhand,OK,2018-08-20 20:11:00
14359,"9/1/18, 8:58 AM",Chamba - Tissa Landslide,"Chamba - Tissa, Himachal Pradesh, 176319",Himachal Pradesh,32.72,76.099,Landslide,Unknown,Medium,Above road,,,Times of India,https://newsvideo.su/video/9274087,GLC,,Known within 25 km,NASA COOLR,COOLR administrative division; Uttaranchal normalized to Uttarakhand,OK,2018-09-01 08:58:00
14326,"9/2/18, 10:16 PM",Landslip on Theog-Hatkoti-Rohru Highway,"Theog-Hatkoti-Rohru highway, Shimla, Himachal Pradesh, 171205",Himachal Pradesh,31.113,77.614,Landslide,Rain,Small,Above road,,,The Tribune India,https://www.tribuneindia.com/news/archive/himachal/traffic-restored-on-hatkoti-highway-after-24-hours-647198,GLC,,Known within 25 km,NASA COOLR,COOLR administrative division; Uttaranchal normalized to Uttarakhand,OK,2018-09-02 22:16:00
14325,"9/3/18, 3:57 AM",Nihari Landslide,"Nihari, Himachal Pradesh",Himachal Pradesh,31.108,77.215,Landslide,Rain,Unknown,Above road,,,The Tribune India,https://www.tribuneindia.com/news/archive/himachal/landslide-blocks-shimla-hatkoti-road-646780,GLC,,Known within 1 km,NASA COOLR,COOLR administrative division; Uttaranchal normalized to Uttarakhand,OK,2018-09-03 03:57:00
14392,"9/3/18, 3:57 AM",Sundrasi Landslide,"Sundrasi, Bharmour, Chamba, Himachal Pradesh",Himachal Pradesh,32.442,76.535,Landslide,Downpour,Unknown,Above road,1,,Business Standard,https://www.business-standard.com/article/pti-stories/manimahesh-yatra-suspended-as-woman-dies-in-landslide-118090200403_1.html,GLC,,Known within 10 km,NASA COOLR,COOLR administrative division; Uttaranchal normalized to Uttarakhand,OK,2018-09-03 03:57:00
14386,"9/11/18, 3:15 AM",Shimla-Kalla Heritage Railway landslide.,"Shimla-Kalka Road, Chaura Maidan, Shimla, Himachal Pradesh, 171004",Himachal Pradesh,31.103,77.159,Landslide,Unknown,Unknown,Unknown,,,Biharprabha News,https://news.biharprabha.com/2018/09/shimla-kalka-heritage-railway-track-blocked-after-landslide/,GLC,,Known within 5 km,NASA COOLR,COOLR administrative division; Uttaranchal normalized to Uttarakhand,OK,2018-09-11 03:15:00
14579,"9/14/18, 3:21 AM",McLeod Ganj Landslide,near Kala Pul on the Dharamsala-McLeod Ganj road,Himachal Pradesh,32.227,76.324,Other,Rain,Medium,Natural slope,,,The Tribune India,https://www.tribuneindia.com/news/archive/himachal/muck-flows-down-from-hill-damages-houses-653044,GLC,,Known within 5 km,NASA COOLR,COOLR administrative division; Uttaranchal normalized to Uttarakhand,OK,2018-09-14 03:21:00
13820,"9/22/18, 9:30 AM",Landslides in construction zones,"Dharamshala, Kangra, Himachal Pradesh",Himachal Pradesh,32.22,76.311,Unknown,Rain,Unknown,Engineered slope,,,Himachal Tribune,https://www.tribuneindia.com/news/archive/himachaltribune/construction-in-sliding-zones-in-d-sala-660325,GLC,,Known within 1 km,NASA COOLR,COOLR administrative division; Uttaranchal normalized to Uttarakhand,OK,2018-09-22 09:30:00
14549,"9/23/18, 10:34 PM","Sep 23, 2018 Chamba Landslide","Chamba District, Himachal Pradesh, India",Himachal Pradesh,32.557,76.123,Landslide,Monsoon,Medium,Unknown,,,Outlook India,https://www.outlookindia.com/newsscroll/19-rescued-by-iaf-in-himachal/1388993,GLC,,Known within 25 km,NASA COOLR,COOLR administrative division; Uttaranchal normalized to Uttarakhand,OK,2018-09-23 22:34:00
14605,"9/25/18, 2:06 AM",Bhakra Dam Landslide,"Bhakra Dam, Bilaspur, IND",Himachal Pradesh,31.41,76.433,Landslide,Unknown,Large,Unknown,,,News Video,https://newsvideo.su/video/9423227,GLC,,Known within 1 km,NASA COOLR,COOLR administrative division; Uttaranchal normalized to Uttarakhand,OK,2018-09-25 02:06:00
14282,"9/26/18, 12:41 AM",Mandi Town Landslide,"NH3, Mandi Town, Kullu, Himachal Pradesh, IND",Himachal Pradesh,31.706,76.934,Landslide,Continuous rain,Medium,Above road,0,,Mangalore Today,http://www.mangaloretoday.com/headlines/800-students-stranded-in-landslide-hit-Himachal-s-Chamba-safe-in-a-school-say-officials.html,GLC,,Known within 50 km,NASA COOLR,COOLR administrative division; Uttaranchal normalized to Uttarakhand,OK,2018-09-26 00:41:00
14516,"9/26/18, 5:47 AM",Una Landslide,"Una, Himachal Pradesh, IND",Himachal Pradesh,31.467,76.263,Landslide,Downpour,Unknown,Above road,,,The Tribune India,https://www.tribuneindia.com/news/archive/jalandhar/landslide-blocks-una-road-route-diverted-659532,GLC,,Known within 5 km,NASA COOLR,COOLR administrative division; Uttaranchal normalized to Uttarakhand,OK,2018-09-26 05:47:00
14598,"9/26/18, 9:16 AM",Bharmour Landslide,"Bharmour, Chamba, Himachal Pradesh, 176318",Himachal Pradesh,32.345,76.521,Landslide,Unknown,Large,Above road,,,Magalore Today,http://www.mangaloretoday.com/headlines/800-students-stranded-in-landslide-hit-Himachal-s-Chamba-safe-in-a-school-say-officials.html,GLC,,Known within 10 km,NASA COOLR,COOLR administrative division; Uttaranchal normalized to Uttarakhand,OK,2018-09-26 09:16:00
14569,"9/27/18, 5:47 AM","Spe 26, 2018 Rohru-Theog Landslide","Rohru-Theog Highway, Shimla, Himachal Pradesh, IND",Himachal Pradesh,31.117,77.575,Landslide,Continuous rain,Medium,Above road,0,,The Tribune India,https://www.tribuneindia.com/news/archive/himachal/people-run-for-their-lives-as-landslide-comes-down-on-rohru-shimla-road-659627,GLC,,Known within 25 km,NASA COOLR,COOLR administrative division; Uttaranchal normalized to Uttarakhand,OK,2018-09-27 05:47:00
14489,"9/28/18, 8:28 AM",Patti Dhank Landslide,"Patti Dhank, Shimla-Hatkoti Road, Himachal Pradesh, IND",Himachal Pradesh,31.111,77.606,Landslide,Monsoon,Large,Above road,,,The Tribune India,https://www.tribuneindia.com/news/archive/himachal/landslip-blocks-shimla-hatkoti-road-659717,GLC,,Known within 5 km,NASA COOLR,COOLR administrative division; Uttaranchal normalized to Uttarakhand,OK,2018-09-28 08:28:00
14125,"10/9/18, 6:56 AM",Bali Chowki Landslide,"NH-305 between Rampur and Aut, at Bali Chowki",Himachal Pradesh,31.689,77.279,Landslide,Rain,Small,Above road,,,Biharprabha News,https://news.biharprabha.com/2018/10/national-highway-305-blocked-after-landslide-in-hps-mandi/,GLC,,Known within 5 km,NASA COOLR,COOLR administrative division; Uttaranchal normalized to Uttarakhand,OK,2018-10-09 06:56:00
14116,"10/10/18, 6:56 AM",Shongtong Landslide, Near the site of a new hydroelectric facility at Shongtong Karcham in Kinnaur,Himachal Pradesh,31.517,78.269,Landslide,Construction,Medium,Natural slope,,,AGU Blogsphere,https://blogs.agu.org/landslideblog/2018/10/09/shongtong-1/,GLC,,Known within 5 km,NASA COOLR,COOLR administrative division; Uttaranchal normalized to Uttarakhand,OK,2018-10-10 06:56:00
14079,"10/14/18, 1:49 AM",Sanwara Landslide,National Highway 5 near Sonwara,Himachal Pradesh,30.896,77.005,Landslide,Construction,Small,Above road,,,The Tribune India,https://www.tribuneindia.com/news/archive/himachal/road-traffic-disrupted-for-hours-due-to-landslip-near-sanwara-667685,GLC,,Known within 10 km,NASA COOLR,COOLR administrative division; Uttaranchal normalized to Uttarakhand,OK,2018-10-14 01:49:00
14338,"11/21/18, 7:51 PM",Landslide on Chandigargh-Manali HWY near Banala,"NH-3, Aut, Mandi, Himachal Pradesh, 175121",Himachal Pradesh,31.708,77.186,Landslide,Mining,Medium,Above road,0,0,Tribune India,https://www.tribuneindia.com/news/archive/himachal/traffic-restored-on-chandigarh-manali-highway-687281,GLC,,Known within 25 km,NASA COOLR,COOLR administrative division; Uttaranchal normalized to Uttarakhand,OK,2018-11-21 19:51:00
14295,"11/22/18, 7:51 PM",Landslide on Kullu Manali Road,"Manali, Kullu, Himachal Pradesh",Himachal Pradesh,32.234,77.189,Landslide,Unknown,Small,Above road,0,0,India Glitz,https://www.indiaglitz.com/i-am-safe-rajasekhar-says-after-manali-landslide-telugu-news-224535,GLC,,Known within 50 km,NASA COOLR,COOLR administrative division; Uttaranchal normalized to Uttarakhand,OK,2018-11-22 19:51:00
211,"8/26/07, 5:30 AM",Tamenglong,Tamenglong,Manipur,24.967,93.55,Mudslide,Continuous rain,Medium,Unknown,1,,kanglaonline.com,http://www.kanglaonline.com/index.php?template=headline&newsid=39058&typeid=1,GLC,211,Known within 5 km,NASA COOLR,COOLR administrative division; Uttaranchal normalized to Uttarakhand,OK,2007-08-26 05:30:00
220,"8/31/07, 5:30 AM","Velnal village, Tamei sub-division and Toribari village (3 kilometer toward Tamei from Kangpokpi)","Velnal village, Tamei sub-division and Toribari village (3 kilometer toward Tamei from Kangpokpi)",Manipur,25.133,93.967,Landslide,Rain,Medium,Unknown,,,kanglaonline.com,http://www.kanglaonline.com/index.php?template=headline&newsid=39138&typeid=2,GLC,220,Known within 25 km,NASA COOLR,COOLR administrative division; Uttaranchal normalized to Uttarakhand,OK,2007-08-31 05:30:00
247,"9/8/07, 5:30 AM","Lower Shajouba village near Tadubi along NH 39, Manipur ","Lower Shajouba village near Tadubi along NH 39, Manipur ",Manipur,25.06,93.988,Landslide,Rain,Medium,Unknown,,,kanglaonline.com,http://www.kanglaonline.com/index.php?template=headline&newsid=39218&typeid=2,GLC,247,Known within 50 km,NASA COOLR,COOLR administrative division; Uttaranchal normalized to Uttarakhand,OK,2007-09-08 05:30:00
252,"9/9/07, 5:30 AM","Mao in Manipur, Phipema and Chunikhudima in Nagaland","Mao in Manipur, Phipema and Chunikhudima in Nagaland",Manipur,25.499,94.119,Landslide,Rain,Medium,Unknown,,,kanglaonline.com,http://www.kanglaonline.com/index.php?template=headline&newsid=39229&typeid=2,GLC,252,Known within 25 km,NASA COOLR,COOLR administrative division; Uttaranchal normalized to Uttarakhand,OK,2007-09-09 05:30:00
255,"9/10/07, 5:30 AM",Wamkhu village along the Tengnoupal-Joupi road in Chandel district,Wamkhu village along the Tengnoupal-Joupi road in Chandel district,Manipur,24.245,94.069,Landslide,Rain,Medium,Unknown,,,e-Pao.net,http://www.e-pao.net/GP.asp?src=Snipp7..120907.sep07,GLC,255,Known within 25 km,NASA COOLR,COOLR administrative division; Uttaranchal normalized to Uttarakhand,OK,2007-09-10 05:30:00
258,"9/11/07, 5:30 AM","NH-39 at Imphal-Moreh section, Lokchao largest event","NH-39 at Imphal-Moreh section, Lokchao largest event",Manipur,24.428,94.056,Landslide,Rain,Medium,Unknown,3,,kanglaonline.com,http://www.kanglaonline.com/index.php?template=headline&newsid=39255&typeid=1,GLC,258,Known within 50 km,NASA COOLR,COOLR administrative division; Uttaranchal normalized to Uttarakhand,OK,2007-09-11 05:30:00
319,"10/19/07, 5:30 AM","Maram-Purul Road, Karong Assembly Constituency of Senapati district, Manipur","Maram-Purul Road, Karong Assembly Constituency of Senapati district, Manipur",Manipur,25.438,94.116,Landslide,Rain,Medium,Unknown,,,e-Pao.net,http://www.e-pao.net/GP.asp?src=5..211007.oct07,GLC,319,Known within 50 km,NASA COOLR,COOLR administrative division; Uttaranchal normalized to Uttarakhand,OK,2007-10-19 05:30:00
322,"10/21/07, 5:30 AM",National Highway 53 at Nungba in Tamenglong district of Manipur,National Highway 53 at Nungba in Tamenglong district of Manipur,Manipur,24.75,93.433,Landslide,Rain,Medium,Unknown,,,Hmar.net,http://hmar.net/?p=1870,GLC,322,Known within 25 km,NASA COOLR,COOLR administrative division; Uttaranchal normalized to Uttarakhand,OK,2007-10-21 05:30:00
580,"6/9/08, 5:30 AM","near Kuloor church, in Manipur along National Highway","near Kuloor church, in Manipur along National Highway",Manipur,24.66,93.978,Landslide,Monsoon,Medium,Unknown,,,daijiworld,"http://www.daijiworld.com/news/news_disp.asp?n_id=47500&n_tit=Mangalore:+Monsoon+Continues+to+Strike;+Landslide,+Houses+Collapse",GLC,580,Location not known,NASA COOLR,COOLR administrative division; Uttaranchal normalized to Uttarakhand,OK,2008-06-09 05:30:00
594,"6/19/08, 5:30 AM","Namkaoluang village, Tamenglong-Sangrung (Khongsang) road, NH-53, Manipur","Namkaoluang village, Tamenglong-Sangrung (Khongsang) road, NH-53, Manipur",Manipur,24.934,93.828,Mudslide,Monsoon,Medium,Unknown,,,kanglaonline,http://www.kanglaonline.com/index.php?template=headline&newsid=42473&typeid=2,GLC,594,Known within 25 km,NASA COOLR,COOLR administrative division; Uttaranchal normalized to Uttarakhand,OK,2008-06-19 05:30:00
1108,"8/20/09, 5:30 AM","Tamei, Tamenglong district on Imphal-Tamenglong (IT) road","Tamei, Tamenglong district on Imphal-Tamenglong (IT) road",Manipur,24.993,93.5,Landslide,Downpour,Medium,Unknown,0,,kanglaonline,http://www.kanglaonline.com/index.php?template=headline&newsid=48686&typeid=2,GLC,1108,Known within 10 km,NASA COOLR,COOLR administrative division; Uttaranchal normalized to Uttarakhand,OK,2009-08-20 05:30:00
1129,"8/30/09, 5:30 AM","Road stretch from Gammom to Chamu village, under Kamjong block, Ukhrul district, Manipur","Road stretch from Gammom to Chamu village, under Kamjong block, Ukhrul district, Manipur",Manipur,24.863,94.418,Landslide,Downpour,Medium,Unknown,,,e-pao.net,http://e-pao.net/GP.asp?src=9..070909.sep09,GLC,1129,Known within 50 km,NASA COOLR,COOLR administrative division; Uttaranchal normalized to Uttarakhand,OK,2009-08-30 05:30:00
1596,"3/28/10, 1:30 AM","LangthAbal Khoupum, Imphal, Manipur","LangthAbal Khoupum, Imphal, Manipur",Manipur,24.734,93.916,Mudslide,Downpour,Medium,Unknown,0,,news.oneindia,http://news.oneindia.in/2010/03/29/rainsstorm-cause-havoc-inmanipur.html,GLC,1596,Known within 5 km,NASA COOLR,COOLR administrative division; Uttaranchal normalized to Uttarakhand,OK,2010-03-28 01:30:00
1954,"6/7/10, 5:30 AM","Irang(?) and Barak(?) and Makru(?) on highway 53 between Imphal and Jiribam, Manipur","Irang(?) and Barak(?) and Makru(?) on highway 53 between Imphal and Jiribam, Manipur",Manipur,24.754,93.504,Landslide,Rain,Medium,Unknown,0,,e-pao.net,http://e-pao.net/GP.asp?src=3..100610.jun10,GLC,1954,Known within 50 km,NASA COOLR,COOLR administrative division; Uttaranchal normalized to Uttarakhand,OK,2010-06-07 05:30:00
2163,"7/29/10, 5:30 AM","Maram area in Senapati district, National Highway 39","Maram area in Senapati district, National Highway 39",Manipur,25.42,94.105,Landslide,Downpour,Medium,Unknown,0,,assamtribune,http://www.assamtribune.com/scripts/detailsnew.asp?id=jul3110/oth05,GLC,2163,Known within 5 km,NASA COOLR,COOLR administrative division; Uttaranchal normalized to Uttarakhand,OK,2010-07-29 05:30:00
2166,"7/29/10, 5:30 AM","Highway 53 at Tupul, Tamenglong district","Highway 53 at Tupul, Tamenglong district",Manipur,24.979,93.503,Landslide,Downpour,Medium,Unknown,0,,gsi.gov,"http://www.portal.gsi.gov.in/portal/page?_pageid=127,875814&_dad=portal&_schema=PORTAL",GLC,2166,Known within 10 km,NASA COOLR,COOLR administrative division; Uttaranchal normalized to Uttarakhand,OK,2010-07-29 05:30:00
2164,"7/30/10, 4:30 AM","Chingai-Kuingai(Quingai) route (16 kms), Chingai subdivision, Ukhrul district, Manipur","Chingai-Kuingai(Quingai) route (16 kms), Chingai subdivision, Ukhrul district, Manipur",Manipur,25.31,94.482,Landslide,Downpour,Medium,Unknown,0,,E-Pao,http://www.e-pao.net/GP.asp?src=28..210810.aug10,GLC,2164,Known within 25 km,NASA COOLR,COOLR administrative division; Uttaranchal normalized to Uttarakhand,OK,2010-07-30 04:30:00
2182,"7/31/10, 2:30 PM",Dimapur-Imphal highway (NH 39) near Manipur,Dimapur-Imphal highway (NH 39) near Manipur,Manipur,24.936,93.844,Landslide,Rain,Medium,Unknown,0,,youtube,http://www.youtube.com/watch?v=jHTtW2WaJGw,GLC,2182,Known within 25 km,NASA COOLR,COOLR administrative division; Uttaranchal normalized to Uttarakhand,OK,2010-07-31 14:30:00
2253,"8/16/10, 4:30 AM","Chingai-Kuingai(Quingai) route (16 kms), Chingai subdivision, Ukhrul district, Manipur","Chingai-Kuingai(Quingai) route (16 kms), Chingai subdivision, Ukhrul district, Manipur",Manipur,25.31,94.483,Landslide,Downpour,Medium,Unknown,0,,e-pao,http://www.e-pao.net/GP.asp?src=28..210810.aug10,GLC,2253,Known within 25 km,NASA COOLR,COOLR administrative division; Uttaranchal normalized to Uttarakhand,OK,2010-08-16 04:30:00
2283,"8/19/10, 5:30 AM","2 km from Khongsang village(?), road between Tamenglong and Imphal or Nungba, Manipur","2 km from Khongsang village(?), road between Tamenglong and Imphal or Nungba, Manipur",Manipur,24.896,93.496,Mudslide,Downpour,Medium,Unknown,0,,e-pao.net,http://e-pao.net/GP.asp?src=21..210810.aug10,GLC,2283,Known within 5 km,NASA COOLR,COOLR administrative division; Uttaranchal normalized to Uttarakhand,OK,2010-08-19 05:30:00
2304,"8/21/10, 11:30 PM","NH 39 at Kigwema(?), between Mao Gate and Kohima, Nagaland","NH 39 at Kigwema(?), between Mao Gate and Kohima, Nagaland",Manipur,25.572,94.121,Landslide,Downpour,Medium,Unknown,0,,e-pao,http://www.e-pao.net/GP.asp?src=21..210810.aug10,GLC,2304,Known within 10 km,NASA COOLR,COOLR administrative division; Uttaranchal normalized to Uttarakhand,OK,2010-08-21 23:30:00
2324,"8/25/10, 1:02 AM",Landslide on NH-53,NH-53 at K Sinam village,Manipur,24.803,93.623,Landslide,Downpour,Medium,Above road,,,India News,http://www.indiaid.com/blog/_archives/2010/8/25/4613332.html,GLC,,Known within 5 km,NASA COOLR,COOLR administrative division; Uttaranchal normalized to Uttarakhand,OK,2010-08-25 01:02:00
2343,"8/27/10, 10:00 PM","NH-39 at Ekai village(?), 2 km for Tadubi, Manipur","NH-39 at Ekai village(?), 2 km for Tadubi, Manipur",Manipur,25.479,94.133,Landslide,Downpour,Medium,Unknown,0,,e-pao,http://www.e-pao.net/GP.asp?src=27..280810.aug10,GLC,2343,Known within 5 km,NASA COOLR,COOLR administrative division; Uttaranchal normalized to Uttarakhand,OK,2010-08-27 22:00:00
2344,"8/27/10, 10:00 PM","NH-53 at Nungba police station, Kambirong(?), Manipur","NH-53 at Nungba police station, Kambirong(?), Manipur",Manipur,24.751,93.422,Landslide,Downpour,Medium,Unknown,0,,e-pao,http://www.e-pao.net/GP.asp?src=27..280810.aug10,GLC,2344,Known within 5 km,NASA COOLR,COOLR administrative division; Uttaranchal normalized to Uttarakhand,OK,2010-08-27 22:00:00
2436,"9/16/10, 8:30 AM","Taithu village, Churanchandpur district, Mizoram, Manipur","Taithu village, Churanchandpur district, Mizoram, Manipur",Manipur,24.307,93.125,Landslide,Downpour,Medium,Unknown,0,,mizoramexpress.com,http://mizoramexpress.com/index.php/2010/09/landslide-hits-taithu-village-22-people-escape-death/,GLC,2436,Known within 5 km,NASA COOLR,COOLR administrative division; Uttaranchal normalized to Uttarakhand,OK,2010-09-16 08:30:00
2566,"10/8/10, 5:30 AM","Sahong, Tabu and Pani village under Tadubi police station of Senapati district, NH-39","Sahong, Tabu and Pani village under Tadubi police station of Senapati district, NH-39",Manipur,25.477,94.135,Mudslide,Downpour,Medium,Unknown,0,,e-pao.net,http://e-pao.net/GP.asp?src=23..111010.oct10,GLC,2566,Known within 5 km,NASA COOLR,COOLR administrative division; Uttaranchal normalized to Uttarakhand,OK,2010-10-08 05:30:00
2568,"10/8/10, 5:30 AM","Nungba, Tamenglong, Manipur","Nungba, Tamenglong, Manipur",Manipur,24.768,93.411,Landslide,Downpour,Medium,Unknown,0,,assamtribune,http://www.assamtribune.com/scripts/detailsnew.asp?id=oct1110/oth05,GLC,2568,Known within 25 km,NASA COOLR,COOLR administrative division; Uttaranchal normalized to Uttarakhand,OK,2010-10-08 05:30:00
2569,"10/8/10, 5:30 AM","Bungte Chiru village(?), Senapati district, Manipur","Bungte Chiru village(?), Senapati district, Manipur",Manipur,25.275,94.021,Landslide,Downpour,Medium,Unknown,0,,e-pao.net,http://e-pao.net/GP.asp?src=6..111010.oct10,GLC,2569,Known within 5 km,NASA COOLR,COOLR administrative division; Uttaranchal normalized to Uttarakhand,OK,2010-10-08 05:30:00
2570,"10/8/10, 5:30 AM","Tharon(?) and Langol Tarung villages, Thangmeiband constituency, Imphal, Manipur","Tharon(?) and Langol Tarung villages, Thangmeiband constituency, Imphal, Manipur",Manipur,24.837,93.913,Landslide,Downpour,Medium,Unknown,0,,e-pao.net,http://e-pao.net/GP.asp?src=6..111010.oct10,GLC,2570,Known within 5 km,NASA COOLR,COOLR administrative division; Uttaranchal normalized to Uttarakhand,OK,2010-10-08 05:30:00
2576,"10/9/10, 5:30 AM","NH-39 at Tobio village(?), 7 km form Tadubi, Manipur","NH-39 at Tobio village(?), 7 km form Tadubi, Manipur",Manipur,25.479,94.14,Landslide,Downpour,Medium,Unknown,0,,e-pao,http://www.e-pao.net/GP.asp?src=5..101010.oct10,GLC,2576,Known within 10 km,NASA COOLR,COOLR administrative division; Uttaranchal normalized to Uttarakhand,OK,2010-10-09 05:30:00
2577,"10/9/10, 5:30 AM","NH-39 near Khongnem(?) village, between Imphal and Dimapur, Manipur","NH-39 near Khongnem(?) village, between Imphal and Dimapur, Manipur",Manipur,25.527,93.867,Landslide,Downpour,Medium,Unknown,0,,e-pao,http://www.e-pao.net/GP.asp?src=5..101010.oct10,GLC,2577,Known within 50 km,NASA COOLR,COOLR administrative division; Uttaranchal normalized to Uttarakhand,OK,2010-10-09 05:30:00
2578,"10/9/10, 5:30 AM","NH-39 in Karong area, Manipur","NH-39 in Karong area, Manipur",Manipur,25.318,94.046,Landslide,Downpour,Medium,Unknown,0,,e-pao,http://www.e-pao.net/GP.asp?src=5..101010.oct10,GLC,2578,Known within 5 km,NASA COOLR,COOLR administrative division; Uttaranchal normalized to Uttarakhand,OK,2010-10-09 05:30:00
3525,"5/22/11, 5:30 AM","Kaiphundai(?)-Tousem(in Assam) road, Tamenglong district, Manipur","Kaiphundai(?)-Tousem(in Assam) road, Tamenglong district, Manipur",Manipur,25.067,93.409,Landslide,Downpour,Medium,Unknown,0,,e-pao,http://www.e-pao.net/GP.asp?src=15..240511.may11,GLC,3525,Known within 25 km,NASA COOLR,COOLR administrative division; Uttaranchal normalized to Uttarakhand,OK,2011-05-22 05:30:00
3556,"5/31/11, 7:30 PM","Roads between Tamei(Tamma?), Kangpokpi and Chalwa, Manipur","Roads between Tamei(Tamma?), Kangpokpi and Chalwa, Manipur",Manipur,25.156,93.847,Landslide,Continuous rain,Small,Unknown,0,,e-pao.net,http://e-pao.net/GP.asp?src=7..020611.jun11,GLC,3556,Known within 25 km,NASA COOLR,COOLR administrative division; Uttaranchal normalized to Uttarakhand,OK,2011-05-31 19:30:00
3560,"5/31/11, 8:00 PM","Gaoilung(Gadailong) village(?), Ward 4(?), Tamenglong, Manipur","Gaoilung(Gadailong) village(?), Ward 4(?), Tamenglong, Manipur",Manipur,24.829,93.594,Landslide,Downpour,Medium,Unknown,2,,kanglaonline.com,http://kanglaonline.com/2011/06/two-children-claimed-by-landslide-at-tamenglong/,GLC,3560,Known within 50 km,NASA COOLR,COOLR administrative division; Uttaranchal normalized to Uttarakhand,OK,2011-05-31 20:00:00
3662,"6/28/11, 5:30 AM","Ikou-Gangpijang road, near: Ikou, Saikul, and Gangpijang; Imphal India","Ikou-Gangpijang road, near: Ikou, Saikul, and Gangpijang; Imphal India",Manipur,25.036,94.014,Landslide,Rain,Medium,Below road,,,E-PAO,http://e-pao.net/GP.asp?src=7..290611.jun11,GLC,3662,Known within 25 km,NASA COOLR,COOLR administrative division; Uttaranchal normalized to Uttarakhand,OK,2011-06-28 05:30:00
3738,"7/6/11, 5:30 AM","National Highway 53, Sinam Khul (near Kotlen; ~25 km from Imphal)","National Highway 53, Sinam Khul (near Kotlen; ~25 km from Imphal)",Manipur,24.806,93.948,Landslide,Downpour,Medium,Unknown,6,,e-pao.net,http://e-pao.net/GP.asp?src=16..070711.jul11,GLC,3738,Known within 50 km,NASA COOLR,COOLR administrative division; Uttaranchal normalized to Uttarakhand,OK,2011-07-06 05:30:00
3741,"7/7/11, 5:30 AM",Maram (80 km north of Imphal),Maram (80 km north of Imphal),Manipur,25.419,94.108,Landslide,Rain,Medium,Unknown,0,,e-pao,http://www.e-pao.net/GP.asp?src=8..080711.jul11,GLC,3741,Known within 5 km,NASA COOLR,COOLR administrative division; Uttaranchal normalized to Uttarakhand,OK,2011-07-07 05:30:00
3830,"7/22/11, 5:30 AM",Manipur,Manipur,Manipur,24.353,94.343,Landslide,Downpour,Small,Unknown,0,,e-pao.net,http://e-pao.net/GP.asp?src=6..270711.jul11,GLC,3830,Known within 10 km,NASA COOLR,COOLR administrative division; Uttaranchal normalized to Uttarakhand,OK,2011-07-22 05:30:00
3831,"7/22/11, 5:30 AM",Heibok Hills,Heibok Hills,Manipur,24.799,93.948,Landslide,Downpour,Medium,Unknown,0,,e-pao.net,http://e-pao.net/GP.asp?src=4..230711.jul11,GLC,3831,Location not known,NASA COOLR,COOLR administrative division; Uttaranchal normalized to Uttarakhand,OK,2011-07-22 05:30:00
3840,"7/25/11, 5:30 AM",Manipur,Manipur,Manipur,24.687,93.916,Landslide,Downpour,Medium,Unknown,0,,assamtribune,http://www.assamtribune.com/scripts/detailsnew.asp?id=jul3011/oth05,GLC,3840,Known within 50 km,NASA COOLR,COOLR administrative division; Uttaranchal normalized to Uttarakhand,OK,2011-07-25 05:30:00
3860,"7/29/11, 5:30 AM","Maram, Manipur","Maram, Manipur",Manipur,25.419,94.108,Landslide,Rain,Medium,Unknown,0,,kanglaonline.com,http://kanglaonline.com/2011/07/works-minister-visits-landslide-hit-maram-stretch-of-nh2/,GLC,3860,Known within 10 km,NASA COOLR,COOLR administrative division; Uttaranchal normalized to Uttarakhand,OK,2011-07-29 05:30:00
4241,"3/4/12, 5:30 AM",Tamei constituency in Tamenlong district,Tamei constituency in Tamenlong district,Manipur,25.16,93.68,Landslide,Unknown,Medium,Unknown,0,,articles.timesofindia,http://articles.timesofindia.indiatimes.com/2012-03-04/guwahati/31120923_1_booths-repoll-polling-stations,GLC,4241,Known within 25 km,NASA COOLR,COOLR administrative division; Uttaranchal normalized to Uttarakhand,OK,2012-03-04 05:30:00
4403,"6/10/12, 5:30 AM","Imphal-Jiribam section of NH-37 , Manipur","Imphal-Jiribam section of NH-37 , Manipur",Manipur,24.814,93.544,Landslide,Downpour,Very large,Unknown,,,thehindu,http://www.thehindu.com/news/national/article3537166.ece,GLC,4403,Known within 50 km,NASA COOLR,COOLR administrative division; Uttaranchal normalized to Uttarakhand,OK,2012-06-10 05:30:00
4861,"5/12/13, 5:30 AM","Khongsang, Tamenglong, Manipur,","Khongsang, Tamenglong, Manipur,",Manipur,24.993,93.495,Mudslide,Rain,Medium,Unknown,,,www.e-pao.net,http://www.e-pao.net/GP.asp?src=23..130513.may13,GLC,4861,Known within 25 km,NASA COOLR,COOLR administrative division; Uttaranchal normalized to Uttarakhand,OK,2013-05-12 05:30:00
5300,"8/9/13, 5:30 AM","Senapati, Manipur","Senapati, Manipur",Manipur,25.318,94.044,Landslide,Downpour,Large,Unknown,,,e-pao.net,http://e-pao.net/GP.asp?src=Snipp8..230813.aug13,GLC,5300,Known within 50 km,NASA COOLR,COOLR administrative division; Uttaranchal normalized to Uttarakhand,OK,2013-08-09 05:30:00
5427,"8/15/13, 5:30 AM","Koide Government High School, Senapati, Manipur","Koide Government High School, Senapati, Manipur",Manipur,25.383,94.188,Landslide,Downpour,Medium,Unknown,,,e-pao.net,http://e-pao.net/GP.asp?src=Snipp8..230813.aug13,GLC,5427,Known within 5 km,NASA COOLR,COOLR administrative division; Uttaranchal normalized to Uttarakhand,OK,2013-08-15 05:30:00
5343,"8/18/13, 4:30 AM",The Imphal-Jiribam Section Of Nh-37 In Tamenglong District,The Imphal-Jiribam Section Of Nh-37 In Tamenglong District,Manipur,24.763,93.434,Landslide,Continuous rain,Medium,Unknown,,,www.nagalandpost.com,http://www.nagalandpost.com/ChannelNews/Regional/RegionalNews.aspx?news=TkVXUzEwMDA0MzUxNQ%3D%3D-zy3k3F6024s%3D,GLC,5343,Known within 10 km,NASA COOLR,COOLR administrative division; Uttaranchal normalized to Uttarakhand,OK,2013-08-18 04:30:00
5430,"9/1/13, 5:30 AM","Tamenglong- Khongsang Road, Manipur","Tamenglong- Khongsang Road, Manipur",Manipur,24.904,93.487,Mudslide,Continuous rain,Medium,Unknown,0,,e-pao.net,http://e-pao.net/GP.asp?src=24..050913.sep13,GLC,5430,Known within 25 km,NASA COOLR,COOLR administrative division; Uttaranchal normalized to Uttarakhand,OK,2013-09-01 05:30:00
5431,"9/1/13, 5:30 AM","Tamenglong, Manipur","Tamenglong, Manipur",Manipur,24.983,93.506,Mudslide,Continuous rain,Medium,Unknown,0,,e-pao.net,http://e-pao.net/GP.asp?src=24..050913.sep13,GLC,5431,Known within 5 km,NASA COOLR,COOLR administrative division; Uttaranchal normalized to Uttarakhand,OK,2013-09-01 05:30:00
5552,"9/24/13, 5:30 AM","Ukhrul, Manipur","Ukhrul, Manipur",Manipur,25.099,94.362,Landslide,Unknown,Medium,Unknown,,,www.morungexpress.com,http://www.morungexpress.com/regional/104056.html,GLC,5552,Known within 5 km,NASA COOLR,COOLR administrative division; Uttaranchal normalized to Uttarakhand,OK,2013-09-24 05:30:00
5603,"10/14/13, 1:00 AM","Tusom, Manipur","Tusom, Manipur",Manipur,25.426,94.602,Mudslide,Downpour,Medium,Unknown,0,,www.indiatvnews.com,http://www.indiatvnews.com/news/india/people-in-manipur-evacuate-due-to-landslides-volcanic-eruption-fear-baseless-29544.html,GLC,5603,Known within 5 km,NASA COOLR,COOLR administrative division; Uttaranchal normalized to Uttarakhand,OK,2013-10-14 01:00:00
6945,"6/19/15, 5:30 AM","amei to Kangpokpi via Imphal road, 0.5 km from Tamei, Tamenglang District","amei to Kangpokpi via Imphal road, 0.5 km from Tamei, Tamenglang District",Manipur,25.16,93.686,Landslide,Monsoon,Medium,Above road,0,0,E-Pao,http://e-pao.net/GP.asp?src=34..200615.jun15,GLC,6945,Known within 1 km,NASA COOLR,COOLR administrative division; Uttaranchal normalized to Uttarakhand,OK,2015-06-19 05:30:00
7263,"7/22/15, 5:30 AM","15 kms from Maram, National Highway-102/A (Maram Peren road)","15 kms from Maram, National Highway-102/A (Maram Peren road)",Manipur,25.448,94.049,Landslide,Continuous rain,Medium,Above road,0,0,The Sangai Express,http://www.thesangaiexpress.com/page/items/54212/massive-landslide-along-maram-peren-road-downpour-creates-havoc-in-different-parts,GLC,7263,Known within 1 km,NASA COOLR,COOLR administrative division; Uttaranchal normalized to Uttarakhand,OK,2015-07-22 05:30:00
7264,"7/22/15, 5:30 AM",22 kms to 30 kms between Sangkungmai and Willong,22 kms to 30 kms between Sangkungmai and Willong,Manipur,25.454,93.983,Landslide,Continuous rain,Medium,Above road,0,0,The Sangai Express,http://www.thesangaiexpress.com/page/items/54212/massive-landslide-along-maram-peren-road-downpour-creates-havoc-in-different-parts,GLC,7264,Known within 5 km,NASA COOLR,COOLR administrative division; Uttaranchal normalized to Uttarakhand,OK,2015-07-22 05:30:00
7265,"7/22/15, 5:30 AM",Willong-Yangkhullen stretch,Willong-Yangkhullen stretch,Manipur,25.501,93.985,Landslide,Continuous rain,Medium,Above road,0,0,The Sangai Express,http://www.thesangaiexpress.com/page/items/54212/massive-landslide-along-maram-peren-road-downpour-creates-havoc-in-different-parts,GLC,7265,Known within 5 km,NASA COOLR,COOLR administrative division; Uttaranchal normalized to Uttarakhand,OK,2015-07-22 05:30:00
7266,"7/22/15, 5:30 AM",Yangkhullen-Tamphung road till Nagaland border,Yangkhullen-Tamphung road till Nagaland border,Manipur,25.51,93.879,Landslide,Continuous rain,Medium,Above road,0,0,The Sangai Express,http://www.thesangaiexpress.com/page/items/54212/massive-landslide-along-maram-peren-road-downpour-creates-havoc-in-different-parts,GLC,7266,Known within 10 km,NASA COOLR,COOLR administrative division; Uttaranchal normalized to Uttarakhand,OK,2015-07-22 05:30:00
7267,"7/22/15, 5:30 AM",NH-2 between Senapati and Mao,NH-2 between Senapati and Mao,Manipur,25.391,94.093,Landslide,Continuous rain,Small,Above road,0,0,The Sangai Express,http://www.thesangaiexpress.com/page/items/54212/massive-landslide-along-maram-peren-road-downpour-creates-havoc-in-different-parts,GLC,7267,Known within 10 km,NASA COOLR,COOLR administrative division; Uttaranchal normalized to Uttarakhand,OK,2015-07-22 05:30:00
7279,"7/24/15, 5:30 AM",Tamenglong Ward No-IV,Tamenglong Ward No-IV,Manipur,24.982,93.514,Mudslide,Monsoon,Medium,Other,0,0,E-PAO,http://e-pao.net/GP.asp?src=Snipp16..250715.jul15,GLC,7279,Known within 50 km,NASA COOLR,COOLR administrative division; Uttaranchal normalized to Uttarakhand,OK,2015-07-24 05:30:00
7364,"7/31/15, 2:30 PM",Phungyar road,Phungyar road,Manipur,24.819,94.355,Landslide,Continuous rain,Medium,Below road,0,0,E-PAO,http://e-pao.net/GP.asp?src=22..010815.aug15,GLC,7364,Known within 10 km,NASA COOLR,COOLR administrative division; Uttaranchal normalized to Uttarakhand,OK,2015-07-31 14:30:00
7372,"8/1/15, 4:30 AM",Naga Gate along the Ukhrul-Imphal route,Naga Gate along the Ukhrul-Imphal route,Manipur,25.063,94.342,Mudslide,Continuous rain,Medium,Above road,0,0,E-PAO,http://e-pao.net/GP.asp?src=22..020815.aug15,GLC,7372,Known within 10 km,NASA COOLR,COOLR administrative division; Uttaranchal normalized to Uttarakhand,OK,2015-08-01 04:30:00
7369,"8/1/15, 5:30 AM",between Chalong and Paraolon,between Chalong and Paraolon,Manipur,24.199,94.102,Landslide,Continuous rain,Medium,Above road,0,0,E-PAO,http://e-pao.net/GP.asp?src=21..020815.aug15,GLC,7369,Known within 10 km,NASA COOLR,COOLR administrative division; Uttaranchal normalized to Uttarakhand,OK,2015-08-01 05:30:00
7370,"8/1/15, 5:30 AM",between Moltuk to New Songjang village,between Moltuk to New Songjang village,Manipur,24.142,94.108,Landslide,Continuous rain,Medium,Above road,0,0,E-PAO,http://e-pao.net/GP.asp?src=21..020815.aug15,GLC,7370,Known within 5 km,NASA COOLR,COOLR administrative division; Uttaranchal normalized to Uttarakhand,OK,2015-08-01 05:30:00
7371,"8/1/15, 5:30 AM",near S Lamphei Lamkhai and Sehlon village,near S Lamphei Lamkhai and Sehlon village,Manipur,23.994,94.057,Landslide,Continuous rain,Medium,Unknown,0,0,E-PAO,http://e-pao.net/GP.asp?src=21..020815.aug15,GLC,7371,Known within 50 km,NASA COOLR,COOLR administrative division; Uttaranchal normalized to Uttarakhand,OK,2015-08-01 05:30:00
7373,"8/1/15, 5:30 AM",between Maku village and Kamjong sub division,between Maku village and Kamjong sub division,Manipur,24.911,94.476,Landslide,Continuous rain,Medium,Above road,,,E-PAO,http://e-pao.net/GP.asp?src=22..020815.aug15,GLC,7373,Known within 10 km,NASA COOLR,COOLR administrative division; Uttaranchal normalized to Uttarakhand,OK,2015-08-01 05:30:00
7374,"8/1/15, 5:30 AM",Ukhrul town Circular road from Rayotang to Viewland Zone II,Ukhrul town Circular road from Rayotang to Viewland Zone II,Manipur,25.112,94.359,Landslide,Continuous rain,Medium,Below road,0,0,E-PAO,http://e-pao.net/GP.asp?src=22..020815.aug15,GLC,7374,Known within 10 km,NASA COOLR,COOLR administrative division; Uttaranchal normalized to Uttarakhand,OK,2015-08-01 05:30:00
7375,"8/1/15, 5:30 AM",Ukhrul NH 201-Jessami road,Ukhrul NH 201-Jessami road,Manipur,25.194,94.448,Landslide,Continuous rain,Medium,Above road,0,0,E-PAO,http://e-pao.net/GP.asp?src=22..020815.aug15,GLC,7375,Known within 25 km,NASA COOLR,COOLR administrative division; Uttaranchal normalized to Uttarakhand,OK,2015-08-01 05:30:00
7383,"8/1/15, 5:30 AM","Tuitung village, Khengjoi","Tuitung village, Khengjoi",Manipur,23.899,94.143,Landslide,Rain,Medium,Unknown,0,0,Hindustan Times,http://www.hindustantimes.com/india/20-dead-several-houses-swept-away-in-manipur-landslide/story-KoP6OouFBWhqxSdcnLrXJN.html,GLC,7383,Known within 5 km,NASA COOLR,COOLR administrative division; Uttaranchal normalized to Uttarakhand,OK,2015-08-01 05:30:00
7384,"8/1/15, 5:30 AM","Wayang, Khengjoi","Wayang, Khengjoi",Manipur,23.928,94.091,Landslide,Rain,Medium,Unknown,0,0,Hindustan Times,http://www.hindustantimes.com/india/20-dead-several-houses-swept-away-in-manipur-landslide/story-KoP6OouFBWhqxSdcnLrXJN.html,GLC,7384,Known within 5 km,NASA COOLR,COOLR administrative division; Uttaranchal normalized to Uttarakhand,OK,2015-08-01 05:30:00
7385,"8/1/15, 5:30 AM","Holenjang, Chandel district","Holenjang, Chandel district",Manipur,24.004,93.982,Landslide,Continuous rain,Medium,Unknown,0,0,India Today,http://indiatoday.intoday.in/story/landslide-in-manipur-near-myanmar-border-kills-21/1/455645.html,GLC,7385,Known within 10 km,NASA COOLR,COOLR administrative division; Uttaranchal normalized to Uttarakhand,OK,2015-08-01 05:30:00
7387,"8/1/15, 5:30 AM",Imphal-Ukhrul road,Imphal-Ukhrul road,Manipur,24.954,94.216,Landslide,Continuous rain,Small,Below road,0,0,E-PAO,http://e-pao.net/GP.asp?src=1..020815.aug15,GLC,7387,Known within 50 km,NASA COOLR,COOLR administrative division; Uttaranchal normalized to Uttarakhand,OK,2015-08-01 05:30:00
7388,"8/1/15, 5:30 AM",Senam,Senam,Manipur,24.416,94.098,Landslide,Continuous rain,Medium,Unknown,0,0,E-PAO,http://e-pao.net/GP.asp?src=1..020815.aug15,GLC,7388,Known within 5 km,NASA COOLR,COOLR administrative division; Uttaranchal normalized to Uttarakhand,OK,2015-08-01 05:30:00
7389,"8/1/15, 5:30 AM",between Bongyang and Lokchao along the Imphal-Moreh highway,between Bongyang and Lokchao along the Imphal-Moreh highway,Manipur,24.407,94.064,Landslide,Continuous rain,Medium,Above road,0,0,E-PAO,http://e-pao.net/GP.asp?src=1..020815.aug15,GLC,7389,Known within 5 km,NASA COOLR,COOLR administrative division; Uttaranchal normalized to Uttarakhand,OK,2015-08-01 05:30:00
7390,"8/1/15, 5:30 AM",between Tengnoupal-Sita junction and Tengnoupal Power Sub-Station,between Tengnoupal-Sita junction and Tengnoupal Power Sub-Station,Manipur,24.427,94.191,Landslide,Continuous rain,Medium,Above road,0,0,E-PAO,http://e-pao.net/GP.asp?src=1..020815.aug15,GLC,7390,Known within 25 km,NASA COOLR,COOLR administrative division; Uttaranchal normalized to Uttarakhand,OK,2015-08-01 05:30:00
7910,"8/1/15, 5:30 AM",Chandel,Chandel,Manipur,24.348,94.115,Landslide,Unknown,Medium,Above road,0,0,E-Pao,http://e-pao.net/GP.asp?src=30..300815.aug15,GLC,7910,Known within 10 km,NASA COOLR,COOLR administrative division; Uttaranchal normalized to Uttarakhand,OK,2015-08-01 05:30:00
7313,"8/1/15, 12:00 PM",Joumol of Chandel district,Joumol of Chandel district,Manipur,24.108,94.04,Landslide,Continuous rain,Large,Deforested slope,21,0,Sangai Express,http://www.thesangaiexpress.com/page/items/55203/healing-touch-to-flood-landslide-affected-victims,GLC,7313,Known within 25 km,NASA COOLR,COOLR administrative division; Uttaranchal normalized to Uttarakhand,OK,2015-08-01 12:00:00
7664,"8/11/15, 5:30 AM",Nungba,Nungba,Manipur,24.746,93.425,Landslide,Continuous rain,Medium,Unknown,0,0,E-PAO,http://e-pao.net/GP.asp?src=26..120815.aug15,GLC,7664,Known within 10 km,NASA COOLR,COOLR administrative division; Uttaranchal normalized to Uttarakhand,OK,2015-08-11 05:30:00
7665,"8/11/15, 5:30 AM",Khoupum,Khoupum,Manipur,24.702,93.529,Landslide,Continuous rain,Medium,Unknown,0,0,E-PAO,http://e-pao.net/GP.asp?src=26..120815.aug15,GLC,7665,Known within 5 km,NASA COOLR,COOLR administrative division; Uttaranchal normalized to Uttarakhand,OK,2015-08-11 05:30:00
7666,"8/11/15, 5:30 AM",Tousem,Tousem,Manipur,25.102,93.373,Landslide,Continuous rain,Medium,Unknown,0,0,E-PAO,http://e-pao.net/GP.asp?src=26..120815.aug15,GLC,7666,Known within 5 km,NASA COOLR,COOLR administrative division; Uttaranchal normalized to Uttarakhand,OK,2015-08-11 05:30:00
8900,"7/7/16, 5:30 AM","Imphal-Ukhrul sector of National Highway 102, Manipur, India","Imphal-Ukhrul sector of National Highway 102, Manipur, India",Manipur,25.012,94.314,Landslide,Monsoon,Large,Above road,0,0,Eastern Mirror,http://www.easternmirrornagaland.com/landslide-hampers-nh-102-traffic-restored/,GLC,8900,Known within 25 km,NASA COOLR,COOLR administrative division; Uttaranchal normalized to Uttarakhand,OK,2016-07-07 05:30:00
9186,"7/25/16, 6:00 PM","Imphal-Dimapur road  in Tadubi, Senapati district, Manipur, India","Imphal-Dimapur road  in Tadubi, Senapati district, Manipur, India",Manipur,25.48,94.138,Landslide,Continuous rain,Medium,Above road,0,1,E-Pao,http://www.e-pao.net/GP.asp?src=Snipp1..260716.jul16,GLC,9186,Known within 1 km,NASA COOLR,COOLR administrative division; Uttaranchal normalized to Uttarakhand,OK,2016-07-25 18:00:00
11150,"3/30/17, 5:30 AM",NH-37 Landslide in the Tamenglong District,"NH-37, between T. Laijang and K. Sinam villages, Tamenglong district, Manipur, 795008",Manipur,24.796,93.724,Landslide,Downpour,Small,Above road,0,0,Nagaland Post,http://www.nagalandpost.com/ChannelNews/Regional/RegionalNews.aspx?news=TkVXUzEwMDExMjEyMg%3D%3D,GLC,,Known within 10 km,NASA COOLR,COOLR administrative division; Uttaranchal normalized to Uttarakhand,OK,2017-03-30 05:30:00
11152,"4/6/17, 5:30 AM",Landslide in Sirakhong,"Sirakhong, Ukhrul Central, Ukhrul, Manipur State, India",Manipur,25.083,94.238,Landslide,Unknown,Medium,Urban,0,0,Dailyworld,https://dailyworld.in/houses-damaged-in-landslide-in-imphal/,GLC,,Known exactly,NASA COOLR,COOLR administrative division; Uttaranchal normalized to Uttarakhand,OK,2017-04-06 05:30:00
12716,"6/5/17, 5:30 AM","Kalikhola, Kankpokpi Mudslide","SL Veng Road, Kangpokpi, Sadar Hills West, Senapati, Manipur, 795129",Manipur,25.144,93.972,Mudslide,Flooding,Medium,Deforested slope,0,0,The Assam Tribune,http://www.assamtribune.com/scripts/detailsnew.asp?id=jan0118/oth051,GLC,,Known within 5 km,NASA COOLR,COOLR administrative division; Uttaranchal normalized to Uttarakhand,OK,2017-06-05 05:30:00
9704,"6/13/17, 3:30 AM",Mudslide in Eastern Manipur,"Khaivarentang village (??) in Ukhrul, Manipur",Manipur,25.12,94.364,Mudslide,Continuous rain,Medium,Natural slope,0,0,Eastern Mirror,http://www.easternmirrornagaland.com/landslide-hits-khaivarentang-homesteads-sunken/,GLC,,Known within 50 km,NASA COOLR,COOLR administrative division; Uttaranchal normalized to Uttarakhand,OK,2017-06-13 03:30:00
9875,"6/26/17, 5:30 AM",Landslide destroys section of National Highway 2,"NH 2, Manipur State, India",Manipur,24.324,93.15,Landslide,Downpour,Large,Above road,0,0,Zoram Observer,https://www.zoramobserver.com/manipur/landslide-cuts-off-8-manipur-villages-in-pherzawl-district-for-5-days-now/,GLC,,Known within 5 km,NASA COOLR,COOLR administrative division; Uttaranchal normalized to Uttarakhand,OK,2017-06-26 05:30:00
9877,"6/26/17, 5:30 AM",Landslide blocks NH-2 between Pherzawl and Bukpi,"NH-2, Pherzawl District, Manipur State, India",Manipur,24.22,93.203,Landslide,Downpour,Medium,Above road,0,0,Zoram Observer,https://www.zoramobserver.com/manipur/landslide-cuts-off-8-manipur-villages-in-pherzawl-district-for-5-days-now/,GLC,,Known within 10 km,NASA COOLR,COOLR administrative division; Uttaranchal normalized to Uttarakhand,OK,2017-06-26 05:30:00
9876,"6/27/17, 5:30 AM",Landslide cuts off NH 2,"NH 2, Manipur State, India",Manipur,24.304,93.182,Landslide,Downpour,Medium,Above road,0,0,Zoram Observer,https://www.zoramobserver.com/manipur/landslide-cuts-off-8-manipur-villages-in-pherzawl-district-for-5-days-now/,GLC,,Known within 5 km,NASA COOLR,COOLR administrative division; Uttaranchal normalized to Uttarakhand,OK,2017-06-27 05:30:00
9931,"6/30/17, 5:30 AM",NH-2 blocked by landslide along Imphal-Dimapur section,Torrential downpour causes road-blocking lansdlide along NH-2 near Bimparao village,Manipur,25.067,93.931,Landslide,Downpour,Small,Above road,0,0,E-Pao,http://e-pao.net/GP.asp?src=2..020717.jul17,GLC,,Known within 1 km,NASA COOLR,COOLR administrative division; Uttaranchal normalized to Uttarakhand,OK,2017-06-30 05:30:00
9948,"7/1/17, 5:30 AM",Landslide causes Ukhrul-Imphal road to sink,"NH-150, Ukhrul Central, Ukhrul, Manipur, 795142",Manipur,24.952,94.203,Landslide,Rain,Small,Below road,0,0,The Northeast Today,https://thenortheasttoday.com/manipur-ukhrul-district-affected-by-landslide-along-imphal-ukhrul-highway-namthilog/,GLC,,Known within 1 km,NASA COOLR,COOLR administrative division; Uttaranchal normalized to Uttarakhand,OK,2017-07-01 05:30:00
9974,"7/4/17, 5:30 AM",Landslide blocks road,"AH1, Mao-Maram, Senapati, Manipur, 795150",Manipur,25.498,94.129,Landslide,Continuous rain,Small,Above road,0,0,Imphal Free Press,http://www.ifp.co.in/item/1610-landslide-at-mao-gate,GLC,,Known within 1 km,NASA COOLR,COOLR administrative division; Uttaranchal normalized to Uttarakhand,OK,2017-07-04 05:30:00
11151,"7/8/17, 5:30 AM",Landslides along Lamlang River,"Ukhrul Central, Ukhrul, Manipur",Manipur,25.065,94.274,Landslide,Continuous rain,Medium,Above river,0,0,E-Pao,http://e-pao.net/GP.asp?src=4..090717.jul17,GLC,,Known within 100 km,NASA COOLR,COOLR administrative division; Uttaranchal normalized to Uttarakhand,OK,2017-07-08 05:30:00
10968,"7/9/17, 5:30 AM",Landslide blocks road near Thanlon,"Thanlon, Churachandpur, Manipur",Manipur,24.272,93.28,Landslide,Continuous rain,Small,Above road,0,0,Hindustan Times,http://www.hindustantimes.com/india-news/manipur-heavy-rains-trigger-landslides-along-national-highways/story-84kUb5i3oGENZmSEVhJ3eO.html,GLC,,Known within 1 km,NASA COOLR,COOLR administrative division; Uttaranchal normalized to Uttarakhand,OK,2017-07-09 05:30:00
11149,"7/9/17, 2:30 PM",Landslide on NH-37,"NH-37, Manipur State, India",Manipur,24.828,93.518,Landslide,Continuous rain,Medium,Below road,0,0,Hindustan Times,http://www.hindustantimes.com/india-news/manipur-heavy-rains-trigger-landslides-along-national-highways/story-84kUb5i3oGENZmSEVhJ3eO.html,GLC,,Known within 10 km,NASA COOLR,COOLR administrative division; Uttaranchal normalized to Uttarakhand,OK,2017-07-09 14:30:00
11153,"7/9/17, 2:30 PM",Landslide in Langol Laimanai,"Langol Laimanai, Imphal West, Manipur",Manipur,24.835,93.899,Landslide,Continuous rain,Small,Natural slope,0,0,Hindustan Times,http://www.hindustantimes.com/india-news/manipur-heavy-rains-trigger-landslides-along-national-highways/story-84kUb5i3oGENZmSEVhJ3eO.html,GLC,,Known within 5 km,NASA COOLR,COOLR administrative division; Uttaranchal normalized to Uttarakhand,OK,2017-07-09 14:30:00
10967,"7/10/17, 1:30 PM",Landslide near Molnom blocks road,"NH-150, Churachandpur, Manipur, 795133",Manipur,24.372,93.707,Landslide,Rain,Small,Above road,0,0,Imphal Times,http://www.imphaltimes.com/news/item/9009-state-medical-team-rushes-henglep-sub-division-stranded-midway-due-to-landslide,GLC,,Known within 25 km,NASA COOLR,COOLR administrative division; Uttaranchal normalized to Uttarakhand,OK,2017-07-10 13:30:00
12715,"8/26/17, 5:30 AM",Senapati District Mudslide,"Senapati, Mao-Maram, Senapati, Manipur",Manipur,25.26,94.019,Mudslide,Flooding,Medium,Urban,,,The Assam Tribune,http://www.assamtribune.com/scripts/detailsnew.asp?id=jan0118/oth051,GLC,,Known within 5 km,NASA COOLR,COOLR administrative division; Uttaranchal normalized to Uttarakhand,OK,2017-08-26 05:30:00
9701,"9/21/17, 5:30 AM",Landslide near Khongjaron on Tamenglong-Khongsang Road,"near the Khongjaron Khunthak village, Tamei Road, Manipur, India",Manipur,24.939,93.497,Landslide,Continuous rain,Medium,Above road,,,e-pao.net,http://e-pao.net/GP.asp?src=22..230917.sep17,GLC,,Known within 10 km,NASA COOLR,COOLR administrative division; Uttaranchal normalized to Uttarakhand,OK,2017-09-21 05:30:00
12712,"9/29/17, 7:30 PM",Imphal-Saikul Road Landslide,"6-7 km away from Saikul, near Champhai, Imphal-Saikul Rd, Manipur, India",Manipur,24.981,94.019,Landslide,Downpour,Small,Below road,,,Kangla Online,http://kanglaonline.com/2017/09/imphal-saikul-road-breaks-down/,GLC,,Known within 10 km,NASA COOLR,COOLR administrative division; Uttaranchal normalized to Uttarakhand,OK,2017-09-29 19:30:00
12713,"10/22/17, 5:30 AM",Khuzama Mudslide,"about 1 km from the AH2 national highway which runs through the center of Khuzama, Mewoboke Colony, Khuzama, Nagaland 797005, India",Manipur,25.534,94.133,Mudslide,Continuous rain,Medium,Natural slope,,,webindia123,https://news.webindia123.com/news/Articles/India/20171023/3205144.html,GLC,,Known within 1 km,NASA COOLR,COOLR administrative division; Uttaranchal normalized to Uttarakhand,OK,2017-10-22 05:30:00
11332,"5/10/18, 4:30 PM",Noney landslide along Imphal-Jiribam National Highway-37,"NH-37, Tamenglong, Manipur, 795147",Manipur,24.864,93.622,Translational slide,Continuous rain,Medium,Below road,0,0,The Northeast Today,https://thenortheasttoday.com/manipur-vehicles-stranded-as-storm-causes-landslide-along-imphal-jiribam-nh/,GLC,,Known within 5 km,NASA COOLR,COOLR administrative division; Uttaranchal normalized to Uttarakhand,OK,2018-05-10 16:30:00
11459,"6/3/18, 6:30 AM",Namlalong Tamenglong Ward No.2 Landslide Destroys House,"Namlalong Ward No. 2, Tamenglong, Manipur",Manipur,24.988,93.499,Landslide,Rain,Medium,Deforested slope,0,2,Imphal Free Press,https://www.ifp.co.in/page/items/49621/landslide-destroys-house/,GLC,,Known within 1 km,NASA COOLR,COOLR administrative division; Uttaranchal normalized to Uttarakhand,OK,2018-06-03 06:30:00
141,"7/26/07, 5:30 AM",Singtam,Singtam,Meghalaya,25.38,91.88,Landslide,Rain,Medium,Unknown,,,thestatesman.net,http://www.thestatesman.net/page.news.php?clid=10&theme=&usrsess=1&id=164069,GLC,141,Known within 50 km,NASA COOLR,COOLR administrative division; Uttaranchal normalized to Uttarakhand,OK,2007-07-26 05:30:00
142,"7/27/07, 5:30 AM",Tura,Tura,Meghalaya,25.521,90.232,Rock fall,Rain,Large,Unknown,8,,Telegraph India,http://telegraphindia.com/1070728/asp/frontpage/story_8116912.asp,GLC,142,Known within 10 km,NASA COOLR,COOLR administrative division; Uttaranchal normalized to Uttarakhand,OK,2007-07-27 05:30:00
212,"8/26/07, 5:30 AM",National Highway No 44 at Sonarpur in Meghalaya,National Highway No 44 at Sonarpur in Meghalaya,Meghalaya,25.558,91.851,Complex,Rain,Medium,Unknown,,,Newspost India.com,http://newspostindia.com/report-12963,GLC,212,Location not known,NASA COOLR,COOLR administrative division; Uttaranchal normalized to Uttarakhand,OK,2007-08-26 05:30:00
259,"9/11/07, 5:30 AM","Assam-Agartala National Highway, Sonarpur in Jayantiya hills of Meghalaya","Assam-Agartala National Highway, Sonarpur in Jayantiya hills of Meghalaya",Meghalaya,25.52,91.27,Landslide,Rain,Medium,Unknown,,,India times,http://timesofindia.indiatimes.com/India/Flood-hit_Tripura_Mizoram_remain_cut_off_for_seventh_day/articleshow/2380211.cms,GLC,259,Location not known,NASA COOLR,COOLR administrative division; Uttaranchal normalized to Uttarakhand,OK,2007-09-11 05:30:00
1776,"4/21/10, 5:30 AM",Shillong-Jowai(Jwai)-Badarpur National Highway(NH 44) at Sunapur village in Jaintia Hills District,Shillong-Jowai(Jwai)-Badarpur National Highway(NH 44) at Sunapur village in Jaintia Hills District,Meghalaya,25.361,92.285,Landslide,Downpour,Medium,Unknown,0,,hmar.in,http://hmar.in/news/landslide-blocks-nh-44-for-12-hours,GLC,1776,Known within 25 km,NASA COOLR,COOLR administrative division; Uttaranchal normalized to Uttarakhand,OK,2010-04-21 05:30:00
1857,"5/11/10, 2:30 PM","National highway 44 at Sunapur and Tongseng in Jaintia Hills district, eastern Meghalaya","National highway 44 at Sunapur and Tongseng in Jaintia Hills district, eastern Meghalaya",Meghalaya,25.343,92.29,Landslide,Downpour,Medium,Unknown,0,,prokerala,http://www.prokerala.com/news/articles/a135422.html,GLC,1857,Known within 25 km,NASA COOLR,COOLR administrative division; Uttaranchal normalized to Uttarakhand,OK,2010-05-11 14:30:00
2025,"6/28/10, 5:30 AM","Police CID complex(?), Shillong, Meghalaya","Police CID complex(?), Shillong, Meghalaya",Meghalaya,25.573,91.885,Landslide,Downpour,Medium,Unknown,1,,hindustantimes,http://www.hindustantimes.com/Girl-dies-in-landslide-flash-flood-wrecks-havoc-in-Meghalaya/Article1-564450.aspx,GLC,2025,Known within 5 km,NASA COOLR,COOLR administrative division; Uttaranchal normalized to Uttarakhand,OK,2010-06-28 05:30:00
2026,"6/28/10, 5:30 AM","Borsorsa(?), West Khasi Hills, Meghalaya","Borsorsa(?), West Khasi Hills, Meghalaya",Meghalaya,25.492,91.27,Landslide,Downpour,Medium,Unknown,0,,neinews,http://www.neinews.com/girl-dies-5-injured-in-city-l2-missing-trucks-trapped-in-borsora.html,GLC,2026,Known within 50 km,NASA COOLR,COOLR administrative division; Uttaranchal normalized to Uttarakhand,OK,2010-06-28 05:30:00
3927,"8/16/11, 1:30 PM","Garo Hills, Tura","Garo Hills, Tura",Meghalaya,25.514,90.217,Landslide,Downpour,Medium,Unknown,6,,theshillongtimes.com,http://theshillongtimes.com/2011/08/17/landslides-claim-six/,GLC,3927,Location not known,NASA COOLR,COOLR administrative division; Uttaranchal normalized to Uttarakhand,OK,2011-08-16 13:30:00
4407,"6/13/12, 5:30 AM","NH44, Malidhor area,  Baleswar","NH44, Malidhor area,  Baleswar",Meghalaya,25.095,92.357,Landslide,Downpour,Medium,Unknown,,,zeenews.india,http://zeenews.india.com/news/assam/road-between-silchar-guwahati-disrupted_781633.html,GLC,4407,Known within 50 km,NASA COOLR,COOLR administrative division; Uttaranchal normalized to Uttarakhand,OK,2012-06-13 05:30:00
4408,"6/13/12, 5:30 AM","NH44, Kuliang","NH44, Kuliang",Meghalaya,25.55,92.076,Landslide,Downpour,Medium,Unknown,,,zeenews.india,http://zeenews.india.com/news/assam/road-between-silchar-guwahati-disrupted_781633.html,GLC,4408,Location not known,NASA COOLR,COOLR administrative division; Uttaranchal normalized to Uttarakhand,OK,2012-06-13 05:30:00
6291,"9/21/14, 5:30 AM",National Highway 51,National Highway 51,Meghalaya,25.735,90.385,Landslide,Continuous rain,Large,Unknown,0,0,Indian Express,http://indianexpress.com/article/india/india-others/pregnant-woman-among-nine-killed-in-shillong-landslide/,GLC,6291,Known within 25 km,NASA COOLR,COOLR administrative division; Uttaranchal normalized to Uttarakhand,OK,2014-09-21 05:30:00
6290,"9/23/14, 8:30 AM",Mawbah under Mawprem area,Mawbah under Mawprem area,Meghalaya,25.577,91.867,Landslide,Continuous rain,Small,Urban,8,1,Zee News,http://zeenews.india.com/news/north-east/eight-die-of-landslide-in-east-khasi-hills_1474744.html,GLC,6290,Known within 5 km,NASA COOLR,COOLR administrative division; Uttaranchal normalized to Uttarakhand,OK,2014-09-23 08:30:00
6213,"9/24/14, 5:30 AM",Meghalaya,Meghalaya,Meghalaya,25.814,90.576,Landslide,Continuous rain,Large,Unknown,0,0,The New Indian Express,http://www.newindianexpress.com/nation/Fifty-Nine-Killed-in-Flash-Flood-and-Landslide-in-Meghalaya/2014/10/07/article2466329.ece,GLC,6213,Location not known,NASA COOLR,COOLR administrative division; Uttaranchal normalized to Uttarakhand,OK,2014-09-24 05:30:00
6214,"10/5/14, 11:15 PM",Jorabat-Umiam route,Jorabat-Umiam route,Meghalaya,25.97,91.859,Landslide,Rain,Medium,Above road,1,0,The Telegraph,http://www.telegraphindia.com/1141007/jsp/frontpage/story_18900562.jsp#.VDVSk_ldV8E,GLC,6214,Known within 5 km,NASA COOLR,COOLR administrative division; Uttaranchal normalized to Uttarakhand,OK,2014-10-05 23:15:00
6293,"10/20/14, 5:30 AM",South West Garo Hills,South West Garo Hills,Meghalaya,25.501,90.09,Landslide,Rain,Medium,Unknown,6,0,Times of India,http://timesofindia.indiatimes.com/city/guwahati/Landslide-deluge-kill-7-in-Meghalayas-Garo-Hills/articleshow/43174646.cms,GLC,6293,Known within 50 km,NASA COOLR,COOLR administrative division; Uttaranchal normalized to Uttarakhand,OK,2014-10-20 05:30:00
6968,"6/13/15, 5:30 AM","Ratacherra village along the NH-44 connecting to Barak Valley in Assam and Tripura, Meghalaya, Mizoramon","Ratacherra village along the NH-44 connecting to Barak Valley in Assam and Tripura, Meghalaya, Mizoramon",Meghalaya,25.463,92.212,Landslide,Continuous rain,Medium,Unknown,4,2,newKarala,http://www.newkerala.com/news/2015/fullnews-73439.html,GLC,6968,Known within 5 km,NASA COOLR,COOLR administrative division; Uttaranchal normalized to Uttarakhand,OK,2015-06-13 05:30:00
6970,"6/16/15, 5:30 AM",Akonggre,Akonggre,Meghalaya,25.508,90.219,Rock fall,Downpour,Small,Above road,1,0,The Shillong Times,http://www.theshillongtimes.com/2015/06/17/entire-family-among-5-dead-in-tura-landslides/,GLC,6970,Known within 1 km,NASA COOLR,COOLR administrative division; Uttaranchal normalized to Uttarakhand,OK,2015-06-16 05:30:00
6969,"6/16/15, 11:45 AM","Nakham Bazaar, Tura, Meghalaya","Nakham Bazaar, Tura, Meghalaya",Meghalaya,25.511,90.215,Landslide,Downpour,Medium,Urban,4,0,The Shillong Times,http://www.theshillongtimes.com/2015/06/17/entire-family-among-5-dead-in-tura-landslides/,GLC,6969,Known within 1 km,NASA COOLR,COOLR administrative division; Uttaranchal normalized to Uttarakhand,OK,2015-06-16 11:45:00
7335,"8/18/15, 2:30 PM",Tura Civil Hospital,Tura Civil Hospital,Meghalaya,25.515,90.202,Landslide,Continuous rain,Medium,Urban,0,0,Shillong Times,http://www.theshillongtimes.com/2015/08/20/child-washed-away-in-tura/,GLC,7335,Known within 1 km,NASA COOLR,COOLR administrative division; Uttaranchal normalized to Uttarakhand,OK,2015-08-18 14:30:00
7589,"8/19/15, 5:30 AM",National Highway 44,National Highway 44,Meghalaya,25.257,92.383,Landslide,Rain,Medium,Above road,0,0,International Business Times,http://www.ibtimes.co.in/meghalaya-massive-landslide-east-jaintia-hills-flash-floods-shillong-hit-normal-life-643439,GLC,7589,Known within 25 km,NASA COOLR,COOLR administrative division; Uttaranchal normalized to Uttarakhand,OK,2015-08-19 05:30:00
7590,"8/19/15, 5:30 AM",Tongseng,Tongseng,Meghalaya,25.142,92.381,Landslide,Rain,Small,Unknown,0,0,International Business Times,http://www.ibtimes.co.in/meghalaya-massive-landslide-east-jaintia-hills-flash-floods-shillong-hit-normal-life-643439,GLC,7590,Known within 5 km,NASA COOLR,COOLR administrative division; Uttaranchal normalized to Uttarakhand,OK,2015-08-19 05:30:00
7706,"8/19/15, 5:30 AM",National Highway at Kuliang,National Highway at Kuliang,Meghalaya,25.073,92.364,Landslide,Rain,Medium,Above road,0,0,Assam Times,http://www.assamtimes.org/node/14622,GLC,7706,Known within 5 km,NASA COOLR,COOLR administrative division; Uttaranchal normalized to Uttarakhand,OK,2015-08-19 05:30:00
7336,"8/19/15, 2:30 PM",NH-62 at Sibbari,NH-62 at Sibbari,Meghalaya,25.219,90.555,Landslide,Continuous rain,Medium,Above road,0,0,Shillong Times,http://www.theshillongtimes.com/2015/08/20/child-washed-away-in-tura/,GLC,7336,Known within 10 km,NASA COOLR,COOLR administrative division; Uttaranchal normalized to Uttarakhand,OK,2015-08-19 14:30:00
7956,"9/5/15, 5:30 AM",Byrnihat,Byrnihat,Meghalaya,26.048,91.87,Landslide,Unknown,Medium,Above road,0,0,The Assam Tribune,http://www.assamtribune.com/scripts/detailsnew.asp?id=sep0615/city053,GLC,7956,Known within 1 km,NASA COOLR,COOLR administrative division; Uttaranchal normalized to Uttarakhand,OK,2015-09-05 05:30:00
8012,"9/6/15, 8:30 PM","Umling, Meghalaya 793102, India","Umling, Meghalaya 793102, India",Meghalaya,25.97,91.858,Landslide,Unknown,Medium,Above road,0,0,The Assam Tribune,http://www.assamtribune.com/scripts/detailsnew.asp?id=sep0815/oth058,GLC,8012,Known within 1 km,NASA COOLR,COOLR administrative division; Uttaranchal normalized to Uttarakhand,OK,2015-09-06 20:30:00
8366,"9/23/15, 8:30 PM","Shillong, Meghalaya, India","Shillong, Meghalaya, India",Meghalaya,25.583,91.893,Landslide,Downpour,Medium,Natural slope,2,1,The Northeast Today,http://www.northeasttoday.in/two-women-buried-alive-in-shillong-landslide/,GLC,8366,Known within 5 km,NASA COOLR,COOLR administrative division; Uttaranchal normalized to Uttarakhand,OK,2015-09-23 20:30:00
9124,"7/19/16, 5:30 AM","Rongthragittim Songittal village, near Sibbari, South Garo Hills District, Meghalaya, India","Rongthragittim Songittal village, near Sibbari, South Garo Hills District, Meghalaya, India",Meghalaya,25.203,90.557,Translational slide,Continuous rain,Large,Natural slope,0,0,Business Standard,http://www.business-standard.com/article/news-ani/over-hundred-homes-displaced-due-to-landslide-in-meghalaya-116072100406_1.html,GLC,9124,Known within 5 km,NASA COOLR,COOLR administrative division; Uttaranchal normalized to Uttarakhand,OK,2016-07-19 05:30:00
10989,"2/15/17, 5:30 AM",Stone Quarry Landslide in Lamlyer,"Mawryngkneng, East Khasi Hills, Meghalaya",Meghalaya,25.518,91.963,Landslide,Mining,Small,Mine,2,0,The Shillong Times,http://www.theshillongtimes.com/2017/02/16/2-die-in-quarry-landslide/,GLC,,Known within 1 km,NASA COOLR,COOLR administrative division; Uttaranchal normalized to Uttarakhand,OK,2017-02-15 05:30:00
9789,"5/26/17, 10:30 PM",Retaining wall collapse in Nongpoh,"St Paul's Secondary School, Nongpoh",Meghalaya,25.907,91.882,Landslide,Rain,Small,Urban,0,3,Shillong Times,http://www.theshillongtimes.com/2017/05/27/two-students-among-injured-in-nongpoh-landslide/,GLC,,Known exactly,NASA COOLR,COOLR administrative division; Uttaranchal normalized to Uttarakhand,OK,2017-05-26 22:30:00
10985,"6/17/17, 5:30 AM",Fatal landslide in Mawjrong,"Khatarshnong Laitkroh, East Khasi Hills, Meghalaya",Meghalaya,25.438,91.799,Landslide,Continuous rain,Medium,Natural slope,1,2,The Arunachal Times,http://www.arunachaltimes.in/six-killed-in-meghalaya-landslides/,GLC,,Known within 1 km,NASA COOLR,COOLR administrative division; Uttaranchal normalized to Uttarakhand,OK,2017-06-17 05:30:00
10987,"6/17/17, 5:30 AM",Fatal landslide in Umiam,"Umiam, Ribhoi, Meghalaya",Meghalaya,25.678,91.923,Landslide,Continuous rain,Medium,Unknown,3,0,The Arunachal Times,http://www.arunachaltimes.in/six-killed-in-meghalaya-landslides/,GLC,,Known within 5 km,NASA COOLR,COOLR administrative division; Uttaranchal normalized to Uttarakhand,OK,2017-06-17 05:30:00
10986,"7/7/17, 12:30 AM",Landslide on NH-6,"Umsning, Ribhoi, Meghalaya State, India",Meghalaya,25.829,91.877,Landslide,Downpour,Medium,Above road,0,0,The Shillong Times,http://www.theshillongtimes.com/2017/07/07/landslide-blocks-nh-6-hundreds-stranded/,GLC,,Known within 1 km,NASA COOLR,COOLR administrative division; Uttaranchal normalized to Uttarakhand,OK,2017-07-07 00:30:00
10988,"7/9/17, 10:30 AM",Landslide on NH-6,"Pahamrynnai, Ribhoi, Meghalaya",Meghalaya,25.826,91.871,Landslide,Continuous rain,Small,Above road,0,0,The Shillong Times,http://www.theshillongtimes.com/2017/07/10/landslide-in-ri-bhoi-blocks-nh-6/,GLC,,Known within 1 km,NASA COOLR,COOLR administrative division; Uttaranchal normalized to Uttarakhand,OK,2017-07-09 10:30:00
12719,"4/28/18, 4:30 PM",Malidor Landslide Obstructs Road,"Road, Malidor, East Jaintia Hills, Meghalaya, India",Meghalaya,25.032,92.423,Landslide,Rain,Medium,Above road,0,0,The Shillong Times,http://www.theshillongtimes.com/2018/04/28/landslide-at-malidor-disrupts-traffic-movement/,GLC,,Known within 1 km,NASA COOLR,COOLR administrative division; Uttaranchal normalized to Uttarakhand,OK,2018-04-28 16:30:00
13723,"7/9/19, 6:07 PM",Landslip near Basic School,"near Basic School, Nongshiliang, Malki",Meghalaya,25.567,91.906,Landslide,Continuous rain,Unknown,Urban,,,Sentinel,https://www.sentinelassam.com/news/rains-cause-landslips-in-east-khasi-hills-district-shillong/,GLC,,Known within 5 km,NASA COOLR,COOLR administrative division; Uttaranchal normalized to Uttarakhand,OK,2019-07-09 18:07:00
13724,"7/9/19, 6:07 PM",Landslip in Mawiong,"Mawiong, Mawryngkneng, East Khasi Hills, Meghalaya",Meghalaya,25.588,92.023,Landslide,Continuous rain,Unknown,Unknown,,,Sentinel,https://www.sentinelassam.com/news/rains-cause-landslips-in-east-khasi-hills-district-shillong/,GLC,,Known within 5 km,NASA COOLR,COOLR administrative division; Uttaranchal normalized to Uttarakhand,OK,2019-07-09 18:07:00
13725,"7/9/19, 6:07 PM",Landslip in Mawlynngad,"Mawlynngad, Mawryngkneng, East Khasi Hills, Meghalaya",Meghalaya,25.537,91.981,Landslide,Continuous rain,Unknown,Unknown,0,0,Sentinel,https://www.sentinelassam.com/news/rains-cause-landslips-in-east-khasi-hills-district-shillong/,GLC,,Known within 10 km,NASA COOLR,COOLR administrative division; Uttaranchal normalized to Uttarakhand,OK,2019-07-09 18:07:00
147,"7/30/07, 5:30 AM",Lawngtlai,Lawngtlai,Mizoram,22.533,92.899,Landslide,Downpour,Medium,Unknown,,,Red Cross - Field reports,https://www-secure.ifrc.org/dmis/prepare/view_report.asp?ReportID=2987,GLC,147,Known within 25 km,NASA COOLR,COOLR administrative division; Uttaranchal normalized to Uttarakhand,OK,2007-07-30 05:30:00
148,"7/30/07, 5:30 AM",Saiha,Saiha,Mizoram,22.479,92.967,Landslide,Downpour,Medium,Unknown,,,Red Cross - Field reports,https://www-secure.ifrc.org/dmis/prepare/view_report.asp?ReportID=2987,GLC,148,Known within 25 km,NASA COOLR,COOLR administrative division; Uttaranchal normalized to Uttarakhand,OK,2007-07-30 05:30:00
285,"9/29/07, 5:30 AM","National Highway, 45 Aizwal (Mizoram)","National Highway, 45 Aizwal (Mizoram)",Mizoram,24.129,92.692,Landslide,Rain,Medium,Unknown,,,Newkerala,http://www.newkerala.com/oct.php?action=fullnews&id=7498,GLC,285,Known within 50 km,NASA COOLR,COOLR administrative division; Uttaranchal normalized to Uttarakhand,OK,2007-09-29 05:30:00
1222,"10/5/09, 5:30 AM","Chhinga Veng, Aizawl","Chhinga Veng, Aizawl",Mizoram,23.735,92.721,Landslide,Downpour,Medium,Urban,3,,ptinews,http://www.ptinews.com/news/316483_Three-killed--ten-injured-in-Mizoram-landslide,GLC,1222,Known within 5 km,NASA COOLR,COOLR administrative division; Uttaranchal normalized to Uttarakhand,OK,2009-10-05 05:30:00
2205,"8/6/10, 5:30 AM","Dawrpui Vengthar cemetary, Aizwal, Mizoram","Dawrpui Vengthar cemetary, Aizwal, Mizoram",Mizoram,23.737,92.715,Landslide,Downpour,Medium,Unknown,0,,gsi.gov,"http://www.portal.gsi.gov.in/portal/page?_pageid=127,875814&_dad=portal&_schema=PORTAL",GLC,2205,Known within 1 km,NASA COOLR,COOLR administrative division; Uttaranchal normalized to Uttarakhand,OK,2010-08-06 05:30:00
2420,"9/13/10, 5:30 AM","Tuikual 'C', Aizawl, Mizoram","Tuikual 'C', Aizawl, Mizoram",Mizoram,23.73,92.715,Landslide,Downpour,Medium,Urban,1,,Mizoram Express,http://mizoramexpress.com/index.php/2010/09/mizoram-landslides-kill-one-woman/,GLC,2420,Known within 1 km,NASA COOLR,COOLR administrative division; Uttaranchal normalized to Uttarakhand,OK,2010-09-13 05:30:00
2422,"9/13/10, 5:30 AM","Hunthar Veng, Mizoram","Hunthar Veng, Mizoram",Mizoram,23.742,92.714,Landslide,Downpour,Medium,Urban,,,Mizoram Express,http://mizoramexpress.com/index.php/2010/09/mizoram-landslides-kill-one-woman/,GLC,2422,Known within 1 km,NASA COOLR,COOLR administrative division; Uttaranchal normalized to Uttarakhand,OK,2010-09-13 05:30:00
2423,"9/13/10, 5:30 AM","road to Kanan Veng from Hunthar Veng, Mizoram","road to Kanan Veng from Hunthar Veng, Mizoram",Mizoram,23.735,92.711,Landslide,Downpour,Medium,Above road,,,Mizoram Express,http://mizoramexpress.com/index.php/2010/09/mizoram-landslides-kill-one-woman/,GLC,2423,Known within 1 km,NASA COOLR,COOLR administrative division; Uttaranchal normalized to Uttarakhand,OK,2010-09-13 05:30:00
2424,"9/13/10, 5:30 AM","near Tuivawl(?), Aizawl-Champhai rd, Aizawl district, Mizoram","near Tuivawl(?), Aizawl-Champhai rd, Aizawl district, Mizoram",Mizoram,23.591,92.93,Landslide,Downpour,Medium,Unknown,0,,Mizoram Express,http://mizoramexpress.com/index.php/2010/09/mizoram-landslides-kill-one-woman/,GLC,2424,Known within 25 km,NASA COOLR,COOLR administrative division; Uttaranchal normalized to Uttarakhand,OK,2010-09-13 05:30:00
2425,"9/13/10, 5:30 AM","near Tuichang(?) on Tuichang river, Aizawl-Champhai rd, Mizoram","near Tuichang(?) on Tuichang river, Aizawl-Champhai rd, Mizoram",Mizoram,23.344,93.075,Landslide,Downpour,Medium,Unknown,0,,Mizoram Express,http://mizoramexpress.com/index.php/2010/09/mizoram-landslides-kill-one-woman/,GLC,2425,Known within 25 km,NASA COOLR,COOLR administrative division; Uttaranchal normalized to Uttarakhand,OK,2010-09-13 05:30:00
2426,"9/13/10, 5:30 AM","Hual(Hu) village(?), Lunglei-Lawngtlai rd, Mizoram","Hual(Hu) village(?), Lunglei-Lawngtlai rd, Mizoram",Mizoram,22.718,92.842,Landslide,Downpour,Medium,Unknown,0,,Mizoram Express,http://mizoramexpress.com/index.php/2010/09/mizoram-landslides-kill-one-woman/,GLC,2426,Known within 25 km,NASA COOLR,COOLR administrative division; Uttaranchal normalized to Uttarakhand,OK,2010-09-13 05:30:00
2421,"9/13/10, 2:30 PM","road to Muanna Godown, Zuangtui, Mizoram","road to Muanna Godown, Zuangtui, Mizoram",Mizoram,23.754,92.741,Landslide,Downpour,Medium,Above road,,,Mizoram Express,http://mizoramexpress.com/index.php/2010/09/mizoram-landslides-kill-one-woman/,GLC,2421,Known within 1 km,NASA COOLR,COOLR administrative division; Uttaranchal normalized to Uttarakhand,OK,2010-09-13 14:30:00
2437,"9/16/10, 5:30 AM","Aizawl-Lengpui rd 3km from Aizawl, Mizoram, Manipur","Aizawl-Lengpui rd 3km from Aizawl, Mizoram, Manipur",Mizoram,23.753,92.694,Landslide,Downpour,Medium,Unknown,0,,mizoramexpress.com,http://mizoramexpress.com/index.php/2010/09/landslide-hits-aizawl-1-house-destroyed/,GLC,2437,Known within 5 km,NASA COOLR,COOLR administrative division; Uttaranchal normalized to Uttarakhand,OK,2010-09-16 05:30:00
4610,"11/11/12, 5:30 AM","Dapchhuah, Mamit, Mizoram","Dapchhuah, Mamit, Mizoram",Mizoram,23.771,92.522,Landslide,Downpour,Medium,Unknown,4,,assamtribune,http://www.assamtribune.com/scripts/detailsnew.asp?id=oct1312/oth06,GLC,4610,Known within 5 km,NASA COOLR,COOLR administrative division; Uttaranchal normalized to Uttarakhand,OK,2012-11-11 05:30:00
4845,"5/7/13, 5:30 AM","Kolasib, Saiha, Mizoram,","Kolasib, Saiha, Mizoram,",Mizoram,24.232,92.676,Mudslide,Rain,Medium,Unknown,,,www.thehindu.com,http://www.thehindu.com/news/national/other-states/landslides-after-heavy-premonsoon-rain-in-mizoram/article4695784.ece,GLC,4845,Known within 50 km,NASA COOLR,COOLR administrative division; Uttaranchal normalized to Uttarakhand,OK,2013-05-07 05:30:00
4857,"5/11/13, 2:30 PM","Laipuitland , Aizawl, Mizoram","Laipuitland , Aizawl, Mizoram",Mizoram,23.728,92.718,Landslide,Rain,Large,Unknown,15,,articles.timesofindia.indiatimes.com,http://articles.timesofindia.indiatimes.com/2013-05-12/guwahati/39203177_1_young-mizo-association-aizawl-rescue-work,GLC,4857,Known within 25 km,NASA COOLR,COOLR administrative division; Uttaranchal normalized to Uttarakhand,OK,2013-05-11 14:30:00
6143,"7/14/14, 11:30 PM","Zembabawk, Aizawl","Zembabawk, Aizawl",Mizoram,23.733,92.746,Landslide,Downpour,Medium,Unknown,1,2,Business Standard,http://www.business-standard.com/article/pti-stories/rescue-operations-for-woman-swept-away-by-landslide-continue-114071500831_1.html,GLC,6143,Known within 5 km,NASA COOLR,COOLR administrative division; Uttaranchal normalized to Uttarakhand,OK,2014-07-14 23:30:00
6963,"6/19/15, 5:30 AM","Muanna locality, Mizoram","Muanna locality, Mizoram",Mizoram,23.713,92.736,Landslide,Rain,Medium,Natural slope,0,0,The Statesmen,http://www.thestatesman.com/news/northeast/27-graves-damaged-in-mizoram-landslide/70263.html,GLC,6963,Known within 50 km,NASA COOLR,COOLR administrative division; Uttaranchal normalized to Uttarakhand,OK,2015-06-19 05:30:00
7778,"8/26/15, 5:30 AM",Phullen’s main road,Phullen’s main road,Mizoram,23.845,93.051,Mudslide,Continuous rain,Medium,Above road,0,0,Indian Express,http://indianexpress.com/article/india/india-others/several-houses-swept-away-in-mudslide-in-the-mizoram-town-of-phullen/,GLC,7778,Known within 10 km,NASA COOLR,COOLR administrative division; Uttaranchal normalized to Uttarakhand,OK,2015-08-26 05:30:00
7780,"8/26/15, 5:30 AM",Sailam village,Sailam village,Mizoram,23.357,92.788,Landslide,Continuous rain,Medium,Above road,1,0,Indian Express,http://indianexpress.com/article/india/india-others/several-houses-swept-away-in-mudslide-in-the-mizoram-town-of-phullen/,GLC,7780,Known within 5 km,NASA COOLR,COOLR administrative division; Uttaranchal normalized to Uttarakhand,OK,2015-08-26 05:30:00
7836,"8/27/15, 5:30 AM","National Highway 54, at Kawnpui town","National Highway 54, at Kawnpui town",Mizoram,24.042,92.672,Landslide,Downpour,Medium,Above road,0,0,Indian Express,http://indianexpress.com/article/india/india-others/mizoram-aizawl-houses-swept-away-graves-damaged-by-rain-and-landslide/,GLC,7836,Known within 10 km,NASA COOLR,COOLR administrative division; Uttaranchal normalized to Uttarakhand,OK,2015-08-27 05:30:00
7837,"8/27/15, 5:30 AM",three graveyards within Aizawl,three graveyards within Aizawl,Mizoram,23.727,92.727,Landslide,Downpour,Medium,Urban,0,0,Indian Express,http://indianexpress.com/article/india/india-others/mizoram-aizawl-houses-swept-away-graves-damaged-by-rain-and-landslide/,GLC,7837,Known within 5 km,NASA COOLR,COOLR administrative division; Uttaranchal normalized to Uttarakhand,OK,2015-08-27 05:30:00
7838,"8/27/15, 5:30 AM",the state highway which links the rest of the state to eastern Champhai district,the state highway which links the rest of the state to eastern Champhai district,Mizoram,23.687,93.017,Landslide,Downpour,Medium,Above road,0,0,Indian Express,http://indianexpress.com/article/india/india-others/mizoram-aizawl-houses-swept-away-graves-damaged-by-rain-and-landslide/,GLC,,Known within 50 km,NASA COOLR,COOLR administrative division; Uttaranchal normalized to Uttarakhand,OK,2015-08-27 05:30:00
7972,"8/28/15, 7:15 AM","Mizoram, India","Mizoram, India",Mizoram,23.45,92.811,Landslide,Downpour,Large,Unknown,0,0,The Indian Express,http://indianexpress.com/article/india/india-others/mizorams-power-lifeline-on-shaky-ground-after-landslip/,GLC,7972,Known within 25 km,NASA COOLR,COOLR administrative division; Uttaranchal normalized to Uttarakhand,OK,2015-08-28 07:15:00
8224,"9/14/15, 7:00 AM","Aizawl, Mizoram, India","Aizawl, Mizoram, India",Mizoram,23.731,92.719,Landslide,Downpour,Medium,Above road,0,0,The Northeast Today,http://thenortheasttoday.com/landslides-damage-houses-graves-in-aizawl/,GLC,8224,Known within 5 km,NASA COOLR,COOLR administrative division; Uttaranchal normalized to Uttarakhand,OK,2015-09-14 07:00:00
8223,"9/14/15, 8:40 AM","Aizawl, Mizoram, India","Aizawl, Mizoram, India",Mizoram,23.735,92.719,Landslide,Downpour,Large,Above road,0,0,The Northeast Today,http://thenortheasttoday.com/landslides-damage-houses-graves-in-aizawl/,GLC,8223,Known within 5 km,NASA COOLR,COOLR administrative division; Uttaranchal normalized to Uttarakhand,OK,2015-09-14 08:40:00
9232,"7/29/16, 4:30 AM","Ngur, near Mizoram-Myanmar border, India","Ngur, near Mizoram-Myanmar border, India",Mizoram,23.54,93.378,Landslide,Continuous rain,Medium,Unknown,2,6,Business Standard,http://www.business-standard.com/article/pti-stories/two-killed-in-mizoram-landslide-116072900324_1.html,GLC,9232,Known within 1 km,NASA COOLR,COOLR administrative division; Uttaranchal normalized to Uttarakhand,OK,2016-07-29 04:30:00
10960,"9/17/16, 6:30 AM",Landslide in Mizoram,"Mizoram, India",Mizoram,23.726,92.718,Landslide,Unknown,Unknown,Unknown,5,0,Indian Express,http://indianexpress.com/article/india/india-news-india/massive-landslide-in-mizoram-kills-five/,GLC,,Known within 5 km,NASA COOLR,COOLR administrative division; Uttaranchal normalized to Uttarakhand,OK,2016-09-17 06:30:00
10961,"4/25/17, 5:30 AM",Landslide blocks NH-54,"NH-54, North Thingdawl, Kolasib, Mizoram, 796075",Mizoram,24.014,92.674,Landslide,Continuous rain,Small,Above road,0,0,Outlook India,https://www.outlookindia.com/newsscroll/landslides-after-heavy-premonsoon-rain-in-mizoram/1035823,GLC,,Known within 50 km,NASA COOLR,COOLR administrative division; Uttaranchal normalized to Uttarakhand,OK,2017-04-25 05:30:00
9770,"6/1/17, 5:30 AM","Landslide in Mizoram, off of Aizawl","Hunthar Area, NH 54, off of Aizawl",Mizoram,23.739,92.715,Landslide,Tropical cyclone,Medium,Above road,0,0,Morung Express,http://morungexpress.com/landslides-mizoram-aizawl-cut-off/,GLC,,Known within 5 km,NASA COOLR,COOLR administrative division; Uttaranchal normalized to Uttarakhand,OK,2017-06-01 05:30:00
10957,"6/9/17, 5:30 AM",Landslides throuhgout Lunglei District,"Tlabung, Lungsen, Lunglei, Mizoram",Mizoram,22.908,92.472,Landslide,Rain,Medium,Unknown,10,,Hindustan Times,http://www.hindustantimes.com/india-news/12-dead-in-mizoram-landslides-flood-in-9-days/story-kgRi9Vr3dRit9uVIAOGMQK.html,GLC,,Known within 100 km,NASA COOLR,COOLR administrative division; Uttaranchal normalized to Uttarakhand,OK,2017-06-09 05:30:00
9712,"6/10/17, 9:30 PM","Landslide in Aizawl, kills 2",,Mizoram,23.734,92.747,Landslide,Rain,Small,Unknown,2,,Zoram Observer,https://www.zoramobserver.com/mizoram/2-killed-in-landslide-triggered-by-heavy-rains/,GLC,,Known within 1 km,NASA COOLR,COOLR administrative division; Uttaranchal normalized to Uttarakhand,OK,2017-06-10 21:30:00
10963,"6/12/17, 5:30 AM",Damaging landslide in Serchhip District,"Serchhip District, Mizoram, 796230",Mizoram,23.335,92.854,Landslide,Rain,Medium,Natural slope,1,0,Imphal Free Press,http://www.ifp.co.in/item/1220-mizoram-calamity-12-dead-877-houses-damaged,GLC,,Known within 10 km,NASA COOLR,COOLR administrative division; Uttaranchal normalized to Uttarakhand,OK,2017-06-12 05:30:00
10962,"6/17/17, 5:30 AM",Landslide damages Aizawl-Champhai Road,"Aizawl-Champhai road, Champhai, Mizoram State, India",Mizoram,23.656,93.027,Landslide,Continuous rain,Small,Above road,0,0,Zoram Observer,https://www.zoramobserver.com/mizoram/landslides-cut-off-various-parts-of-mizoram-as-rain-continues/,GLC,,Known within 5 km,NASA COOLR,COOLR administrative division; Uttaranchal normalized to Uttarakhand,OK,2017-06-17 05:30:00
9989,"6/28/17, 5:30 AM",Landslide damages road,"Aizawl, Mizoram State, India",Mizoram,23.695,92.876,Landslide,Other,Large,Above road,0,0,Zoram Observer,https://www.zoramobserver.com/mizoram/aizawl-champhai-road-cut-off-by-strange-landslide/,GLC,,Known within 10 km,NASA COOLR,COOLR administrative division; Uttaranchal normalized to Uttarakhand,OK,2017-06-28 05:30:00
9731,"8/26/17, 5:30 AM",Aizwal Landslides Destroy Buildings in Lengpui Village,"Lengpui Village, Aizawl, Mizoram, India",Mizoram,23.833,92.631,Landslide,Downpour,Medium,Deforested slope,,,Zee News,http://zeenews.india.com/news/landslides-in-mizoram-snap-road-links-7-buildings-collapse-2036680.html,GLC,,Known within 5 km,NASA COOLR,COOLR administrative division; Uttaranchal normalized to Uttarakhand,OK,2017-08-26 05:30:00
11403,"5/12/18, 12:30 PM",Mizoram Landslide near Zemabawk,"near Zemabawk, Aizawl, Mizoram, 796017",Mizoram,23.737,92.752,Landslide,Continuous rain,Medium,Mine,4,0,The Morung Express,http://morungexpress.com/4-bodies-recovered-from-mizoram-landslide/,GLC,,Known within 1 km,NASA COOLR,COOLR administrative division; Uttaranchal normalized to Uttarakhand,OK,2018-05-12 12:30:00
11530,"6/5/18, 11:30 PM",Lunglawn Semi-pucca Building Mudslide,"Lunglawn, Lunglei town, Mizoram, India",Mizoram,22.874,92.758,Mudslide,Continuous rain,Medium,Unknown,10,0,NorthEast India24,http://www.northeastindia24.com/mizoram-21-killed-in-land-slide-road-accident/,GLC,,Known within 1 km,NASA COOLR,COOLR administrative division; Uttaranchal normalized to Uttarakhand,OK,2018-06-05 23:30:00
20598,"6/12/21, 11:42 PM",Massive landslide in Mizoram,"Thuampui, Aizawl, Mizoram",Mizoram,23.743,92.739,Landslide,Rain,Small,Other,2,5,India Today,https://www.indiatoday.in/india/story/massive-landslide-in-mizoram-kills-four-children-1813987-2021-06-12,LRC,,Known within 1 km,NASA COOLR,COOLR administrative division; Uttaranchal normalized to Uttarakhand,OK,2021-06-12 23:42:00
215,"8/28/07, 5:30 AM",Phesema area at National Highway 39,Phesema area at National Highway 39,Nagaland,25.743,93.914,Landslide,Rain,Medium,Unknown,1,,Newkerala,http://www.newkerala.com/july.php?action=fullnews&id=56364,GLC,215,Known within 50 km,NASA COOLR,COOLR administrative division; Uttaranchal normalized to Uttarakhand,OK,2007-08-28 05:30:00
313,"10/16/07, 5:30 AM","NH-39 at Piphema,  6 km towards Dimapur from Kohima in Nagaland","NH-39 at Piphema,  6 km towards Dimapur from Kohima in Nagaland",Nagaland,25.706,94.013,Landslide,Rain,Large,Unknown,,,kanglaonline.com,http://www.kanglaonline.com/index.php?template=headline&newsid=39638&typeid=2,GLC,313,Known within 5 km,NASA COOLR,COOLR administrative division; Uttaranchal normalized to Uttarakhand,OK,2007-10-16 05:30:00
692,"8/7/08, 5:30 AM","National Highway-39, Dimapur-Imphal road and another under Kiphire district of Nagaland","National Highway-39, Dimapur-Imphal road and another under Kiphire district of Nagaland",Nagaland,25.705,94.04,Landslide,Downpour,Medium,Unknown,,,kanglaonline,http://www.kanglaonline.com/index.php?template=headline&newsid=43094&typeid=1,GLC,692,Known within 10 km,NASA COOLR,COOLR administrative division; Uttaranchal normalized to Uttarakhand,OK,2008-08-07 05:30:00
731,"8/19/08, 5:30 AM","Akuk village, Wokha District, Nagaland","Akuk village, Wokha District, Nagaland",Nagaland,26.138,94.25,Mudslide,Downpour,Medium,Unknown,4,,morungexpress,http://www.morungexpress.com/frontpage/1984.html,GLC,731,Known within 50 km,NASA COOLR,COOLR administrative division; Uttaranchal normalized to Uttarakhand,OK,2008-08-19 05:30:00
760,"8/29/08, 5:30 AM","Kohima, Nagaland","Kohima, Nagaland",Nagaland,25.67,94.107,Complex,Downpour,Medium,Unknown,,,kanglaonline,http://www.kanglaonline.com/index.php?template=headline&newsid=43189&typeid=1,GLC,760,Known within 25 km,NASA COOLR,COOLR administrative division; Uttaranchal normalized to Uttarakhand,OK,2008-08-29 05:30:00
1986,"6/15/10, 5:30 AM","Fazl Ali College, Mokokchung, Nagaland","Fazl Ali College, Mokokchung, Nagaland",Nagaland,26.334,94.551,Landslide,Downpour,Medium,Unknown,0,,morungexpress,http://www.morungexpress.com/local/50451.html,GLC,1986,Known within 1 km,NASA COOLR,COOLR administrative division; Uttaranchal normalized to Uttarakhand,OK,2010-06-15 05:30:00
1996,"6/18/10, 1:00 AM","Shayoung Ward(?), Longleng, Nagaland","Shayoung Ward(?), Longleng, Nagaland",Nagaland,26.433,94.883,Landslide,Downpour,Medium,Unknown,0,,morungexpress,http://www.morungexpress.com/local/50546.html,GLC,1996,Known within 25 km,NASA COOLR,COOLR administrative division; Uttaranchal normalized to Uttarakhand,OK,2010-06-18 01:00:00
2042,"7/6/10, 5:30 AM","Zunheboto, Nagaland","Zunheboto, Nagaland",Nagaland,26.009,94.524,Mudslide,Monsoon,Medium,Unknown,0,,morungexpress,http://www.morungexpress.com/local/51540.html,GLC,2042,Known within 5 km,NASA COOLR,COOLR administrative division; Uttaranchal normalized to Uttarakhand,OK,2010-07-06 05:30:00
2043,"7/6/10, 5:30 AM","Mon, Nagaland","Mon, Nagaland",Nagaland,26.723,95.028,Mudslide,Monsoon,Medium,Unknown,0,,morungexpress,http://www.morungexpress.com/local/51540.html,GLC,2043,Known within 5 km,NASA COOLR,COOLR administrative division; Uttaranchal normalized to Uttarakhand,OK,2010-07-06 05:30:00
2044,"7/6/10, 5:30 AM","Kiphire,  Nagaland","Kiphire,  Nagaland",Nagaland,25.888,94.786,Mudslide,Monsoon,Medium,Unknown,0,,morungexpress,http://www.morungexpress.com/local/51540.html,GLC,2044,Known within 5 km,NASA COOLR,COOLR administrative division; Uttaranchal normalized to Uttarakhand,OK,2010-07-06 05:30:00
2045,"7/6/10, 5:30 AM","Tuensang, Nagaland","Tuensang, Nagaland",Nagaland,26.236,94.813,Mudslide,Monsoon,Medium,Unknown,0,,morungexpress,http://www.morungexpress.com/local/51540.html,GLC,2045,Known within 5 km,NASA COOLR,COOLR administrative division; Uttaranchal normalized to Uttarakhand,OK,2010-07-06 05:30:00
2098,"7/19/10, 11:30 AM","Jahjon ward(?), Mon town, Nagaland","Jahjon ward(?), Mon town, Nagaland",Nagaland,26.722,95.028,Landslide,Downpour,Medium,Unknown,0,,nagalandpost,http://www.nagalandpost.com/ShowStory.aspx?npoststoryiden=UzEwMjg4MDU%3D-2pMJ7cwWh98%3D,GLC,2098,Known within 5 km,NASA COOLR,COOLR administrative division; Uttaranchal normalized to Uttarakhand,OK,2010-07-19 11:30:00
2106,"7/20/10, 5:30 AM","road to Oting near Longlam village, 13 km from Tizit subdivision, Mon district, Nagaland","road to Oting near Longlam village, 13 km from Tizit subdivision, Mon district, Nagaland",Nagaland,26.872,94.992,Landslide,Downpour,Medium,Unknown,0,,nagalandpost,http://www.nagalandpost.com/ShowStory.aspx?npoststoryiden=UzEwMjg5OTY%3D-LvoR7D2GhjI%3D,GLC,2106,Known within 25 km,NASA COOLR,COOLR administrative division; Uttaranchal normalized to Uttarakhand,OK,2010-07-20 05:30:00
2243,"8/13/10, 5:30 AM","NH-39 near Kohima Municipality Council(KMC) dumping ground, between Zubza(Sechu) and Kohima, Nagaland","NH-39 near Kohima Municipality Council(KMC) dumping ground, between Zubza(Sechu) and Kohima, Nagaland",Nagaland,25.702,94.046,Landslide,Downpour,Medium,Mine,0,,E-PAO,http://www.e-pao.net/GP.asp?src=21..210810.aug10,GLC,2243,Known within 5 km,NASA COOLR,COOLR administrative division; Uttaranchal normalized to Uttarakhand,OK,2010-08-13 05:30:00
2247,"8/14/10, 5:30 AM","Tuensang-Shamatore(Sampurre) rd, Nagaland","Tuensang-Shamatore(Sampurre) rd, Nagaland",Nagaland,26.148,94.842,Landslide,Downpour,Medium,Unknown,0,,morungexpress,http://www.morungexpress.com/frontpage/53726.html,GLC,2247,Known within 10 km,NASA COOLR,COOLR administrative division; Uttaranchal normalized to Uttarakhand,OK,2010-08-14 05:30:00
2248,"8/14/10, 5:30 AM","Noklak-Tuensang road, Nagaland","Noklak-Tuensang road, Nagaland",Nagaland,26.222,94.915,Landslide,Downpour,Medium,Unknown,0,,morungexpress,http://www.morungexpress.com/frontpage/53726.html,GLC,2248,Known within 25 km,NASA COOLR,COOLR administrative division; Uttaranchal normalized to Uttarakhand,OK,2010-08-14 05:30:00
2249,"8/14/10, 5:30 AM","Kiphire-Tuensang rd, Nagaland","Kiphire-Tuensang rd, Nagaland",Nagaland,26.081,94.803,Landslide,Downpour,Medium,Unknown,0,,morungexpress,http://www.morungexpress.com/frontpage/53726.html,GLC,2249,Known within 25 km,NASA COOLR,COOLR administrative division; Uttaranchal normalized to Uttarakhand,OK,2010-08-14 05:30:00
2263,"8/17/10, 5:30 AM","Dikhu bridge(?), Mokokchung-Tuensang road, Nagaland","Dikhu bridge(?), Mokokchung-Tuensang road, Nagaland",Nagaland,26.275,94.665,Landslide,Downpour,Medium,Unknown,0,,morungexpress,http://www.morungexpress.com/frontpage/53726.html,GLC,2263,Known within 25 km,NASA COOLR,COOLR administrative division; Uttaranchal normalized to Uttarakhand,OK,2010-08-17 05:30:00
2282,"8/19/10, 12:00 PM","Tuensang-Kohima rd, 3 km outside Tuensang, Nagaland","Tuensang-Kohima rd, 3 km outside Tuensang, Nagaland",Nagaland,26.198,94.816,Landslide,Downpour,Medium,Unknown,0,,indiablooms,http://www.indiablooms.com/EnvironmentDetailsPage/environmentDetails190810a.php,GLC,2282,Known within 1 km,NASA COOLR,COOLR administrative division; Uttaranchal normalized to Uttarakhand,OK,2010-08-19 12:00:00
2281,"8/19/10, 11:30 PM","Kisima, Nagaland","Kisima, Nagaland",Nagaland,25.616,94.116,Landslide,Downpour,Medium,Above road,,,E-PAO,http://www.indiablooms.com/EnvironmentDetailsPage/environmentDetails190810a.php,GLC,2281,Known within 5 km,NASA COOLR,COOLR administrative division; Uttaranchal normalized to Uttarakhand,OK,2010-08-19 23:30:00
2415,"9/12/10, 5:30 AM",power lines 5 km from Kohima,power lines 5 km from Kohima,Nagaland,25.64,94.111,Landslide,Downpour,Medium,Unknown,,,Telegraph,http://www.telegraphindia.com/1100916/jsp/northeast/story_12941830.jsp,GLC,2415,Known within 25 km,NASA COOLR,COOLR administrative division; Uttaranchal normalized to Uttarakhand,OK,2010-09-12 05:30:00
2567,"10/8/10, 5:30 AM","Phek, Manipur","Phek, Manipur",Nagaland,25.663,94.47,Complex,Downpour,Medium,Unknown,0,,morungexpress,http://www.morungexpress.com/local/56264.html,GLC,2567,Known within 5 km,NASA COOLR,COOLR administrative division; Uttaranchal normalized to Uttarakhand,OK,2010-10-08 05:30:00
2579,"10/9/10, 5:30 AM","Lower Pezielietsie(Tinpati), Kohima, Manipur","Lower Pezielietsie(Tinpati), Kohima, Manipur",Nagaland,25.682,94.108,Landslide,Downpour,Medium,Unknown,0,,indianexpress,http://www.indianexpress.com/news/Landslides-cut-off-N-E/695456,GLC,2579,Known within 1 km,NASA COOLR,COOLR administrative division; Uttaranchal normalized to Uttarakhand,OK,2010-10-09 05:30:00
2587,"10/10/10, 11:30 AM","Lower Chandmari area, PWD department, Kohima, Manipur","Lower Chandmari area, PWD department, Kohima, Manipur",Nagaland,25.662,94.107,Landslide,Downpour,Medium,Unknown,0,,morungexpress,http://www.morungexpress.com/local/56264.html,GLC,2587,Known within 1 km,NASA COOLR,COOLR administrative division; Uttaranchal normalized to Uttarakhand,OK,2010-10-10 11:30:00
3633,"6/20/11, 5:30 AM",Mokokchung,Mokokchung,Nagaland,26.319,94.512,Landslide,Downpour,Medium,Unknown,0,,morungexpress,http://www.morungexpress.com/local/67219.html,GLC,3633,Known within 5 km,NASA COOLR,COOLR administrative division; Uttaranchal normalized to Uttarakhand,OK,2011-06-20 05:30:00
3637,"6/21/11, 5:30 AM","Lasumi village in Phek district, Kohima","Lasumi village in Phek district, Kohima",Nagaland,25.516,94.234,Landslide,Rain,Medium,Deforested slope,,,Morung Express,https://web.archive.org/web/20110627132314/http://www.morungexpress.com/regional/67365.html,GLC,3637,Known within 1 km,NASA COOLR,COOLR administrative division; Uttaranchal normalized to Uttarakhand,OK,2011-06-21 05:30:00
3663,"6/28/11, 5:30 AM","Ruzapfu valley, Kikruma Village, Phek District, Nagaland","Ruzapfu valley, Kikruma Village, Phek District, Nagaland",Nagaland,25.668,94.11,Landslide,Downpour,Medium,Unknown,0,,morungexpress,http://www.morungexpress.com/local/67492.html,GLC,3663,Known within 50 km,NASA COOLR,COOLR administrative division; Uttaranchal normalized to Uttarakhand,OK,2011-06-28 05:30:00
3683,"7/1/11, 5:30 AM",NH-61 between Botsa and Chiechama,NH-61 between Botsa and Chiechama,Nagaland,25.878,94.174,Landslide,Downpour,Medium,Unknown,0,,morungexpress,http://www.morungexpress.com/local/69559.html,GLC,3683,Known within 10 km,NASA COOLR,COOLR administrative division; Uttaranchal normalized to Uttarakhand,OK,2011-07-01 05:30:00
3760,"7/11/11, 2:30 PM","NH-61, 1 km before reaching Botsa","NH-61, 1 km before reaching Botsa",Nagaland,25.67,94.11,Landslide,Downpour,Medium,Unknown,0,,morungexpress,http://www.morungexpress.com/local/68036.html,GLC,3760,Known within 25 km,NASA COOLR,COOLR administrative division; Uttaranchal normalized to Uttarakhand,OK,2011-07-11 14:30:00
3916,"8/13/11, 1:30 PM","Chumukedima, Dimapur","Chumukedima, Dimapur",Nagaland,25.771,93.807,Mudslide,Downpour,Medium,Unknown,0,,morungexpress,http://www.morungexpress.com/frontpage/69382.html,GLC,3916,Known within 10 km,NASA COOLR,COOLR administrative division; Uttaranchal normalized to Uttarakhand,OK,2011-08-13 13:30:00
3932,"8/18/11, 5:30 AM", Botsa  and Chiechama, Botsa  and Chiechama,Nagaland,25.83,94.13,Landslide,Monsoon,Medium,Unknown,0,,thenewsofindia,http://www.thenewsofindia.com/index.php?mod=article&cat=East and North East&article=1450,GLC,3932,Known exactly,NASA COOLR,COOLR administrative division; Uttaranchal normalized to Uttarakhand,OK,2011-08-18 05:30:00
4905,"6/7/13, 5:30 AM","Kuthur – Huker Road Via Y Anner, Chessore, Nagaland","Kuthur – Huker Road Via Y Anner, Chessore, Nagaland",Nagaland,26.098,94.703,Landslide,Unknown,Medium,Unknown,,,www.nagalandpost.com,http://www.nagalandpost.com/channelnews/state/StateNews.aspx?news=TkVXUzEwMDA0NjAwNw%3D%3D-%2FtfIAOw1uMk%3D,GLC,4905,Known within 25 km,NASA COOLR,COOLR administrative division; Uttaranchal normalized to Uttarakhand,OK,2013-06-07 05:30:00
4906,"6/7/13, 5:30 AM","Helipong-Chessore Road, Nagaland","Helipong-Chessore Road, Nagaland",Nagaland,26.098,94.75,Landslide,Unknown,Medium,Unknown,,,www.nagalandpost.com,http://www.nagalandpost.com/channelnews/state/StateNews.aspx?news=TkVXUzEwMDA0NjAwNw%3D%3D-%2FtfIAOw1uMk%3D,GLC,4906,Known within 10 km,NASA COOLR,COOLR administrative division; Uttaranchal normalized to Uttarakhand,OK,2013-06-07 05:30:00
5005,"7/1/13, 5:30 AM","Walo Ward, Mon Town, Wokha District, Nagaland","Walo Ward, Mon Town, Wokha District, Nagaland",Nagaland,26.72,95.029,Landslide,Downpour,Medium,Unknown,0,,www.nagalandpost.com,http://www.nagalandpost.com/ChannelNews/State/StateNews.aspx?news=TkVXUzEwMDA0MDQ4MQ%3D%3D-gEvw8J4DIOI%3D,GLC,5005,Known within 5 km,NASA COOLR,COOLR administrative division; Uttaranchal normalized to Uttarakhand,OK,2013-07-01 05:30:00
5006,"7/1/13, 5:30 AM","Thillong Village, Doyang Along State Highway 1, Wokha To Merapani Road","Thillong Village, Doyang Along State Highway 1, Wokha To Merapani Road",Nagaland,26.115,94.386,Landslide,Downpour,Medium,Unknown,0,,www.nagalandpost.com,http://www.nagalandpost.com/ChannelNews/State/StateNews.aspx?news=TkVXUzEwMDA0MDQ4MQ%3D%3D-gEvw8J4DIOI%3D,GLC,5006,Known within 1 km,NASA COOLR,COOLR administrative division; Uttaranchal normalized to Uttarakhand,OK,2013-07-01 05:30:00
5087,"7/12/13, 5:30 AM","National Highway 29 Near Phesama Village, Nagaland","National Highway 29 Near Phesama Village, Nagaland",Nagaland,25.627,94.114,Landslide,Downpour,Medium,Unknown,0,,www.thehindubusinessline.com,http://www.thehindubusinessline.com/news/states/landslides-disrupt-vehicular-movement-on-nh29/article4912110.ece,GLC,5087,Known within 10 km,NASA COOLR,COOLR administrative division; Uttaranchal normalized to Uttarakhand,OK,2013-07-12 05:30:00
5084,"7/13/13, 4:30 AM","National Highway 2 Near Phesama Village Close To Kisama Naha Heritage Site, Kohima District, Nagaland","National Highway 2 Near Phesama Village Close To Kisama Naha Heritage Site, Kohima District, Nagaland",Nagaland,25.616,94.117,Landslide,Downpour,Medium,Unknown,0,,www.assamtribune.com,http://www.assamtribune.com/scripts/detailsnew.asp?id=jul1613/oth06,GLC,5084,Known within 10 km,NASA COOLR,COOLR administrative division; Uttaranchal normalized to Uttarakhand,OK,2013-07-13 04:30:00
5107,"7/15/13, 5:30 AM","National Highway 29 Near Phesama Village, Nagaland","National Highway 29 Near Phesama Village, Nagaland",Nagaland,25.627,94.114,Landslide,Rain,Medium,Unknown,0,,articles.timesofindia.indiatimes.com,http://articles.timesofindia.indiatimes.com/2013-07-15/guwahati/40589516_1_southern-angami-youth-organization-jessami-tadubi,GLC,5107,Known within 10 km,NASA COOLR,COOLR administrative division; Uttaranchal normalized to Uttarakhand,OK,2013-07-15 05:30:00
5122,"7/17/13, 5:30 AM","National Highway 29 Between Patkai Bridge And Kukidolong, Nagaland","National Highway 29 Between Patkai Bridge And Kukidolong, Nagaland",Nagaland,25.766,93.941,Mudslide,Rain,Medium,Unknown,0,,The Hindu,http://www.thehindu.com/news/national/other-states/fresh-mudslides-affect-traffic-in-nagalandmanipur/article4928261.ece,GLC,5122,Known within 50 km,NASA COOLR,COOLR administrative division; Uttaranchal normalized to Uttarakhand,OK,2013-07-17 05:30:00
5123,"7/17/13, 5:30 AM","National Highway 2 Near Meriema Village, 10 Km Away From Kohima","National Highway 2 Near Meriema Village, 10 Km Away From Kohima",Nagaland,25.713,94.089,Mudslide,Rain,Medium,Unknown,0,,The Hindu,http://www.thehindu.com/news/national/other-states/fresh-mudslides-affect-traffic-in-nagalandmanipur/article4928261.ece,GLC,5123,Known within 50 km,NASA COOLR,COOLR administrative division; Uttaranchal normalized to Uttarakhand,OK,2013-07-17 05:30:00
5268,"8/4/13, 5:30 AM","Zunheboto, Nagaland","Zunheboto, Nagaland",Nagaland,26.014,94.516,Landslide,Continuous rain,Medium,Unknown,,,www.morungexpress.com,http://www.morungexpress.com/local/101605.html,GLC,5268,Known within 25 km,NASA COOLR,COOLR administrative division; Uttaranchal normalized to Uttarakhand,OK,2013-08-04 05:30:00
5269,"8/4/13, 5:30 AM","Tizu, Nagaland","Tizu, Nagaland",Nagaland,25.838,94.523,Landslide,Continuous rain,Medium,Unknown,,,www.nagalandpost.com,http://www.nagalandpost.com/ChannelNews/State/StateNews.aspx?news=TkVXUzEwMDA0MjY4Nw%3D%3D-bSp8jh3okxw%3D,GLC,5269,Location not known,NASA COOLR,COOLR administrative division; Uttaranchal normalized to Uttarakhand,OK,2013-08-04 05:30:00
5270,"8/4/13, 5:30 AM","Phizo, Nagaland","Phizo, Nagaland",Nagaland,26.048,94.462,Landslide,Continuous rain,Medium,Unknown,,,www.nagalandpost.com,http://www.nagalandpost.com/ChannelNews/State/StateNews.aspx?news=TkVXUzEwMDA0MjY4Nw%3D%3D-bSp8jh3okxw%3D,GLC,5270,Location not known,NASA COOLR,COOLR administrative division; Uttaranchal normalized to Uttarakhand,OK,2013-08-04 05:30:00
5271,"8/4/13, 5:30 AM","Nanga, Nagaland","Nanga, Nagaland",Nagaland,26.284,94.581,Landslide,Continuous rain,Medium,Unknown,,,www.nagalandpost.com,http://www.nagalandpost.com/ChannelNews/State/StateNews.aspx?news=TkVXUzEwMDA0MjY4Nw%3D%3D-bSp8jh3okxw%3D,GLC,5271,Known within 5 km,NASA COOLR,COOLR administrative division; Uttaranchal normalized to Uttarakhand,OK,2013-08-04 05:30:00
5272,"8/4/13, 5:30 AM","Longsa, Nagaland","Longsa, Nagaland",Nagaland,26.208,94.544,Landslide,Monsoon,Medium,Unknown,,,www.nagalandpost.com,http://www.nagalandpost.com/ChannelNews/State/StateNews.aspx?news=TkVXUzEwMDA0MjY4Nw%3D%3D-bSp8jh3okxw%3D,GLC,5272,Known within 1 km,NASA COOLR,COOLR administrative division; Uttaranchal normalized to Uttarakhand,OK,2013-08-04 05:30:00
5273,"8/4/13, 5:30 AM","Zhekuto, Nagaland","Zhekuto, Nagaland",Nagaland,26.181,94.55,Landslide,Monsoon,Medium,Unknown,,,www.nagalandpost.com,http://www.nagalandpost.com/ChannelNews/State/StateNews.aspx?news=TkVXUzEwMDA0MjY4Nw%3D%3D-bSp8jh3okxw%3D,GLC,5273,Known within 5 km,NASA COOLR,COOLR administrative division; Uttaranchal normalized to Uttarakhand,OK,2013-08-04 05:30:00
5274,"8/4/13, 5:30 AM","Suruhuto Town, Nagaland","Suruhuto Town, Nagaland",Nagaland,26.084,94.564,Landslide,Rain,Medium,Unknown,,,www.nagalandpost.com,http://www.nagalandpost.com/ChannelNews/State/StateNews.aspx?news=TkVXUzEwMDA0MjY4Nw%3D%3D-bSp8jh3okxw%3D,GLC,5274,Known within 25 km,NASA COOLR,COOLR administrative division; Uttaranchal normalized to Uttarakhand,OK,2013-08-04 05:30:00
5275,"8/4/13, 5:30 AM","Suruhuto Town, Nagaland","Suruhuto Town, Nagaland",Nagaland,26.15,94.606,Landslide,Monsoon,Medium,Unknown,,,www.nagalandpost.com,http://www.nagalandpost.com/ChannelNews/State/StateNews.aspx?news=TkVXUzEwMDA0MjY4Nw%3D%3D-bSp8jh3okxw%3D,GLC,5275,Known within 10 km,NASA COOLR,COOLR administrative division; Uttaranchal normalized to Uttarakhand,OK,2013-08-04 05:30:00
5312,"8/12/13, 4:30 AM",Kangtsung Village,Kangtsung Village,Nagaland,26.71,94.693,Landslide,Downpour,Very large,Unknown,0,,www.nagalandpost.com,http://www.nagalandpost.com/channelnews/State/StateNews.aspx?news=TkVXUzEwMDA0MzQ3OQ%3D%3D-qmeQz2DKZMo%3D,GLC,5312,Known within 10 km,NASA COOLR,COOLR administrative division; Uttaranchal normalized to Uttarakhand,OK,2013-08-12 04:30:00
5336,"8/16/13, 5:30 AM","Tobu, Nagaland","Tobu, Nagaland",Nagaland,26.39,94.944,Landslide,Rain,Medium,Unknown,,,www.morungexpress.com,http://www.morungexpress.com/local/103875.html,GLC,5336,Known within 10 km,NASA COOLR,COOLR administrative division; Uttaranchal normalized to Uttarakhand,OK,2013-08-16 05:30:00
5337,"8/16/13, 5:30 AM","Yakshu, Nagaland","Yakshu, Nagaland",Nagaland,26.421,94.973,Landslide,Rain,Medium,Unknown,,,www.morungexpress.com,http://www.morungexpress.com/local/103875.html,GLC,5337,Known within 5 km,NASA COOLR,COOLR administrative division; Uttaranchal normalized to Uttarakhand,OK,2013-08-16 05:30:00
5338,"8/16/13, 5:30 AM","Longlem, Nagaland","Longlem, Nagaland",Nagaland,26.873,94.928,Landslide,Rain,Medium,Unknown,,,www.nagalandpost.com,http://www.nagalandpost.com/channelnews/state/StateNews.aspx?news=TkVXUzEwMDA0NDE4MQ%3D%3D-6hneqQH1frg%3D,GLC,5338,Known within 25 km,NASA COOLR,COOLR administrative division; Uttaranchal normalized to Uttarakhand,OK,2013-08-16 05:30:00
5421,"8/30/13, 5:30 AM","Yakshu, Nagaland","Yakshu, Nagaland",Nagaland,26.421,94.973,Mudslide,Unknown,Medium,Unknown,,,www.nagalandpost.com,http://www.nagalandpost.com/ChannelNews/State/StateNews.aspx?news=TkVXUzEwMDA0NDY0Nw%3D%3D-jp8K0A7ZhsM%3D,GLC,5421,Known within 5 km,NASA COOLR,COOLR administrative division; Uttaranchal normalized to Uttarakhand,OK,2013-08-30 05:30:00
5575,"10/6/13, 4:30 AM","Chiechama, Nagaland","Chiechama, Nagaland",Nagaland,25.827,94.15,Mudslide,Continuous rain,Medium,Unknown,0,,www.business-standard.com,http://www.business-standard.com/article/current-affairs/mudslides-block-nh-2-in-nagaland-113100700032_1.html,GLC,5575,Known within 5 km,NASA COOLR,COOLR administrative division; Uttaranchal normalized to Uttarakhand,OK,2013-10-06 04:30:00
6331,"9/8/14, 5:30 AM",Kiphire-Seyochung road near Yangzitong village,Kiphire-Seyochung road near Yangzitong village,Nagaland,25.947,94.628,Mudslide,Unknown,Medium,Unknown,0,0,Nagaland Post,http://www.nagalandpost.com/channelnews/State/StateNews.aspx?news=TkVXUzEwMDA2Njg2NQ%3D%3D,GLC,6331,Known within 25 km,NASA COOLR,COOLR administrative division; Uttaranchal normalized to Uttarakhand,OK,2014-09-08 05:30:00
6990,"6/24/15, 5:30 AM","New Land (""""New Colony"""")","New Land (""""New Colony"""")",Nagaland,26.032,94.547,Landslide,Continuous rain,Medium,Above road,0,0,Nagaland Post,http://www.nagalandpost.com/channelnews/state/StateNews.aspx?news=TkVXUzEwMDA4MjI0OA%3D%3D,GLC,6990,Known within 5 km,NASA COOLR,COOLR administrative division; Uttaranchal normalized to Uttarakhand,OK,2015-06-24 05:30:00
7409,"8/2/15, 5:30 AM",Meluri Sub-Division in Phek District of Nagaland,Meluri Sub-Division in Phek District of Nagaland,Nagaland,25.72,94.622,Landslide,Continuous rain,Medium,Unknown,0,0,IBN Live,http://www.ibnlive.com/news/india/incessant-rains-trigger-landslide-and-mud-slips-in-nagaland-1029674.html,GLC,7409,Known within 10 km,NASA COOLR,COOLR administrative division; Uttaranchal normalized to Uttarakhand,OK,2015-08-02 05:30:00
7660,"8/12/15, 5:30 AM",Phesama village,Phesama village,Nagaland,25.624,94.114,Mudslide,Continuous rain,Medium,Below road,0,0,Nagaland Post,http://www.nagalandpost.com/channelnews/State/StateNews.aspx?news=TkVXUzEwMDA4NDc2Mg%3D%3D,GLC,7660,Known within 5 km,NASA COOLR,COOLR administrative division; Uttaranchal normalized to Uttarakhand,OK,2015-08-12 05:30:00
7699,"8/19/15, 5:30 AM",Zunheboto district,Zunheboto district,Nagaland,26.021,94.522,Landslide,Continuous rain,Medium,Unknown,0,0,Web India 123,http://news.webindia123.com/news/Articles/India/20150819/2663754.html,GLC,7699,Known within 50 km,NASA COOLR,COOLR administrative division; Uttaranchal normalized to Uttarakhand,OK,2015-08-19 05:30:00
7701,"8/19/15, 8:30 PM",Phesama,Phesama,Nagaland,25.628,94.105,Landslide,Continuous rain,Medium,Above road,0,0,Nagaland Post,http://nagalandpost.com/ChannelNews/State/StateNews.aspx?news=TkVXUzEwMDA4NTE4Nw%3D%3D,GLC,7701,Known within 5 km,NASA COOLR,COOLR administrative division; Uttaranchal normalized to Uttarakhand,OK,2015-08-19 20:30:00
7727,"8/20/15, 11:30 PM",between Phesama and Kuima in Nagaland,between Phesama and Kuima in Nagaland,Nagaland,25.626,94.106,Landslide,Continuous rain,Medium,Below road,0,0,E-PAO,http://e-pao.net/GP.asp?src=11..220815.aug15,GLC,7727,Known within 5 km,NASA COOLR,COOLR administrative division; Uttaranchal normalized to Uttarakhand,OK,2015-08-20 23:30:00
9405,"4/19/16, 5:30 AM","Techahan Ward, Mon, Nagaland, India","Techahan Ward, Mon, Nagaland, India",Nagaland,26.722,95.024,Landslide,Continuous rain,Medium,Unknown,0,0,Assam Tribune,http://www.assamtribune.com/scripts/detailsnew.asp?id=may0216/oth058,GLC,9405,Known within 1 km,NASA COOLR,COOLR administrative division; Uttaranchal normalized to Uttarakhand,OK,2016-04-19 05:30:00
9169,"6/12/16, 5:30 AM","on road between Mon and Tobu near Telangsao Hydro project , Nagaland, India","on road between Mon and Tobu near Telangsao Hydro project , Nagaland, India",Nagaland,26.168,94.244,Landslide,Continuous rain,Unknown,Above road,0,0,Nagaland Post,http://www.nagalandpost.com/channelnews/state/StateNews.aspx?news=TkVXUzEwMDA5ODM0Mg%3D%3D,GLC,9169,Known within 100 km,NASA COOLR,COOLR administrative division; Uttaranchal normalized to Uttarakhand,OK,2016-06-12 05:30:00
9142,"6/14/16, 1:30 PM","lower Majakong Ward, Mokokchung, Nagaland, India","lower Majakong Ward, Mokokchung, Nagaland, India",Nagaland,26.319,94.525,Landslide,Continuous rain,Medium,Retaining wall,0,0,Nagaland Post,http://www.nagalandpost.com/channelnews/state/StateNews.aspx?news=TkVXUzEwMDA5ODM4NA%3D%3D,GLC,9142,Known within 1 km,NASA COOLR,COOLR administrative division; Uttaranchal normalized to Uttarakhand,OK,2016-06-14 13:30:00
8901,"7/10/16, 5:30 AM","National Highway 2, near Kohima, Nagaland, India","National Highway 2, near Kohima, Nagaland, India",Nagaland,25.79,94.132,Landslide,Downpour,Medium,Above road,0,0,Business Standard,http://www.business-standard.com/article/news-ians/landslide-blocks-nh2-disrupting-traffic-to-and-from-manipur-116071000262_1.html,GLC,8901,Known within 25 km,NASA COOLR,COOLR administrative division; Uttaranchal normalized to Uttarakhand,OK,2016-07-10 05:30:00
8930,"7/12/16, 4:30 AM","North Point Colony, Akuluto, Nagaland, India","North Point Colony, Akuluto, Nagaland, India",Nagaland,26.17,94.492,Landslide,Unknown,Large,Unknown,0,0,Nagaland Post,https://issuu.com/nagalandpost90/docs/july_13__2016,GLC,8930,Known within 1 km,NASA COOLR,COOLR administrative division; Uttaranchal normalized to Uttarakhand,OK,2016-07-12 04:30:00
9219,"7/27/16, 4:30 AM","Zunheboto, Nagaland, India","Zunheboto, Nagaland, India",Nagaland,26.01,94.528,Landslide,Downpour,Medium,Retaining wall,0,0,Nagaland Post,http://www.nagalandpost.com/ChannelNews/State/StateNews.aspx?news=TkVXUzEwMDEwMDE5MQ%3D%3D,GLC,9219,Known within 5 km,NASA COOLR,COOLR administrative division; Uttaranchal normalized to Uttarakhand,OK,2016-07-27 04:30:00
9251,"7/29/16, 4:30 AM","Government Middle School (GMS) Kiphire station “B”, Kiphire, Nagaland, India","Government Middle School (GMS) Kiphire station “B”, Kiphire, Nagaland, India",Nagaland,25.87,94.784,Landslide,Downpour,Medium,Retaining wall,0,0,Nagaland Post,http://nagalandpost.com/ChannelNews/State/StateNews.aspx?news=TkVXUzEwMDEwMDI0Mw%3D%3D,GLC,9251,Known within 1 km,NASA COOLR,COOLR administrative division; Uttaranchal normalized to Uttarakhand,OK,2016-07-29 04:30:00
9904,"8/25/16, 5:30 AM",Mudslide near Kohima,"Near Kohima, Nagaland, India",Nagaland,25.661,94.105,Mudslide,Rain,Small,Natural slope,,,Nagaland Post,http://nagalandpost.com/ChannelNews/State/StateNews.aspx?news=TkVXUzEwMDEwMTQ5OQ%3d%3d,GLC,,Known within 25 km,NASA COOLR,COOLR administrative division; Uttaranchal normalized to Uttarakhand,OK,2016-08-25 05:30:00
9965,"9/5/16, 5:30 AM",Landslide in Nagaland,"Mokochung, Nagaland, India",Nagaland,26.325,94.515,Landslide,Rain,Large,Unknown,0,0,Nagaland Post,http://www.nagalandpost.com/ChannelNews/State/StateNews.aspx?news=TkVXUzEwMDEwMjA2OQ%3D%3D,GLC,,Known within 1 km,NASA COOLR,COOLR administrative division; Uttaranchal normalized to Uttarakhand,OK,2016-09-05 05:30:00
9966,"9/5/16, 5:30 AM",Landslide in Wokha-Merapani Road,"Wokha, India",Nagaland,26.092,94.258,Landslide,Rain,Large,Unknown,0,0,Nagaland Post,http://www.nagalandpost.com/ChannelNews/State/StateNews.aspx?news=TkVXUzEwMDEwMjA2OQ%3D%3D,GLC,,,NASA COOLR,COOLR administrative division; Uttaranchal normalized to Uttarakhand,OK,2016-09-05 05:30:00
11154,"4/7/17, 5:30 AM",Landslide blocks NH-29 between Pherima and Phiphema,"Medziphema, Dimapur, Nagaland",Nagaland,25.772,93.935,Landslide,Rain,Small,Above road,0,0,Nagaland Post,http://www.nagalandpost.com/ChannelNews/State/StateNews.aspx?news=TkVXUzEwMDExMjUzMQ%3D%3D,GLC,,Known within 5 km,NASA COOLR,COOLR administrative division; Uttaranchal normalized to Uttarakhand,OK,2017-04-07 05:30:00
11156,"5/16/17, 7:30 AM",Landslide on NH-29 between Dimapur and Kohima,"NH-29, Sechu (Zubza), Kohima, Nagaland, 797002",Nagaland,25.733,93.997,Landslide,Continuous rain,Small,Above road,0,0,The Northeast Today,https://thenortheasttoday.com/nagaland-heavy-rainfall-and-landslide-massively-damages-nh-29/,GLC,,Known within 1 km,NASA COOLR,COOLR administrative division; Uttaranchal normalized to Uttarakhand,OK,2017-05-16 07:30:00
9742,"6/2/17, 5:30 AM",Landslide in Kohima,"The road that connects civil secretariat and medical college site towards BSF camp at Nhachüko, Kohima",Nagaland,25.671,94.118,Landslide,Continuous rain,Medium,Urban,0,0,Nagaland Post,http://www.nagalandpost.com/channelnews/State/StateNews.aspx?news=TkVXUzEwMDExNTcxMA%3D%3D,GLC,,Known within 1 km,NASA COOLR,COOLR administrative division; Uttaranchal normalized to Uttarakhand,OK,2017-06-02 05:30:00
11161,"6/24/17, 5:30 AM",Landslide on road isolates villages,"Alongkima, Mokokchung, Nagaland",Nagaland,26.664,94.622,Landslide,Rain,Small,Above road,0,0,The Northeast Today,https://thenortheasttoday.com/nagaland-landslides-cuts-off-lifeline-route-to-12-villages/,GLC,,Known within 5 km,NASA COOLR,COOLR administrative division; Uttaranchal normalized to Uttarakhand,OK,2017-06-24 05:30:00
10024,"6/25/17, 5:30 AM","Landslide on road near Ghokuto village, Nagaland","Ghokuto, Nagaland",Nagaland,25.838,93.946,Mudslide,Continuous rain,Medium,Above road,0,0,Nagaland Post,https://www.nagalandpost.com/ChannelNews/State/StateNews.aspx?news=TkVXUzEwMDExNjg3MQ%3D%3D,GLC,,Known within 5 km,NASA COOLR,COOLR administrative division; Uttaranchal normalized to Uttarakhand,OK,2017-06-25 05:30:00
9982,"7/2/17, 3:30 AM",Landslide blocks roads,"Chuchuyimpang, Mokokchung, Nagaland",Nagaland,26.331,94.554,Landslide,Downpour,Medium,Above road,0,0,WebIndia123,https://news.webindia123.com/news/Articles/India/20170703/3137813.html,GLC,,Known within 1 km,NASA COOLR,COOLR administrative division; Uttaranchal normalized to Uttarakhand,OK,2017-07-02 03:30:00
9983,"7/2/17, 3:30 AM",Landslides blocks Wokha-Merapani Road,"Wokha Sadar Sub-District, Wokha, Nagaland",Nagaland,26.116,94.242,Landslide,Continuous rain,Small,Above road,0,0,WebIndia123,https://news.webindia123.com/news/Articles/India/20170703/3137813.html,GLC,,Known within 5 km,NASA COOLR,COOLR administrative division; Uttaranchal normalized to Uttarakhand,OK,2017-07-02 03:30:00
9984,"7/2/17, 3:30 AM",Landslide along Wokha-Merapani road,"Wokha Sadar Sub-District, Wokha, Nagaland",Nagaland,26.145,94.244,Landslide,Downpour,Small,Above road,0,0,WebIndia123,https://news.webindia123.com/news/Articles/India/20170703/3137813.html,GLC,,Known within 5 km,NASA COOLR,COOLR administrative division; Uttaranchal normalized to Uttarakhand,OK,2017-07-02 03:30:00
11155,"7/8/17, 5:30 AM",Landslides at Kiruphema village,"Kiruphema village, Kohima, Nagaland",Nagaland,25.72,94.032,Landslide,Continuous rain,Medium,Natural slope,0,0,WebIndia123,https://news.webindia123.com/news/articles/India/20170708/3142321.html,GLC,,Known within 5 km,NASA COOLR,COOLR administrative division; Uttaranchal normalized to Uttarakhand,OK,2017-07-08 05:30:00
11159,"7/9/17, 5:30 AM",Landslide on NH-2 between Sinam and Laijang,"Jakhama, Kohima, Nagaland",Nagaland,25.632,94.101,Landslide,Continuous rain,Small,Above road,0,0,Hindustan Times,http://www.hindustantimes.com/india-news/manipur-heavy-rains-trigger-landslides-along-national-highways/story-84kUb5i3oGENZmSEVhJ3eO.html,GLC,,Known within 10 km,NASA COOLR,COOLR administrative division; Uttaranchal normalized to Uttarakhand,OK,2017-07-09 05:30:00
11157,"7/9/17, 7:30 AM",Significant landslide blocks NH-29 near Peducha,"Peducha, Kohima, Nagaland State, India",Nagaland,25.731,93.988,Landslide,Continuous rain,Medium,Above road,0,0,Eastern Mirror,http://www.easternmirrornagaland.com/landslide-near-peducha-cuts-off-national-highway-29/,GLC,,Known within 1 km,NASA COOLR,COOLR administrative division; Uttaranchal normalized to Uttarakhand,OK,2017-07-09 07:30:00
11160,"7/10/17, 5:30 AM",Landslide in Tuensang Village,"Tuensang, Nagaland",Nagaland,26.263,94.815,Landslide,Unknown,Medium,Natural slope,0,0,Eastern Mirror,http://www.easternmirrornagaland.com/landslide-damages-houses-in-tuensang-village/,GLC,,Known within 5 km,NASA COOLR,COOLR administrative division; Uttaranchal normalized to Uttarakhand,OK,2017-07-10 05:30:00
11158,"7/12/17, 11:30 AM","Landslide destroys houses in Kohiama, near High School area","Kohima, Nagaland, India",Nagaland,25.691,94.095,Landslide,Rain,Medium,Natural slope,0,0,Eastern Mirror,http://www.easternmirrornagaland.com/21-houses-destroyed-by-landslide-in-kohima-town/,GLC,,Known within 1 km,NASA COOLR,COOLR administrative division; Uttaranchal normalized to Uttarakhand,OK,2017-07-12 11:30:00
12718,"8/28/17, 5:30 AM",Ahthibung-Khelma Landslide,"Athibung, Peren, Nagaland",Nagaland,25.555,93.64,Landslide,Rain,Small,Above road,,,The Morung Express,http://morungexpress.com/landslide-cut-off-roads-ahthibung-khelma-area/,GLC,,Known within 5 km,NASA COOLR,COOLR administrative division; Uttaranchal normalized to Uttarakhand,OK,2017-08-28 05:30:00
12714,"9/30/17, 5:30 AM","Landslide Damages House in P.R. Hill, Kohima","P.R. Hill, Kohima, Nagaland 797005, India.",Nagaland,25.659,94.099,Landslide,Downpour,Medium,Retaining wall,0,,webindia123,https://news.webindia123.com/news/articles/india/20171001/3195606.html,GLC,,Known within 1 km,NASA COOLR,COOLR administrative division; Uttaranchal normalized to Uttarakhand,OK,2017-09-30 05:30:00
11405,"5/12/18, 5:30 AM",Chessore Area Landslide,"Chessore, Tuensang, Nagaland",Nagaland,26.078,94.721,Landslide,Continuous rain,Medium,Above road,,,Nagaland Post,http://www.nagalandpost.com/ChannelNews/Regional/RegionalNews.aspx?news=TkVXUzEwMDEzMjc3NQ%3D%3D,GLC,,Known within 1 km,NASA COOLR,COOLR administrative division; Uttaranchal normalized to Uttarakhand,OK,2018-05-12 05:30:00
13841,"7/30/18, 9:30 AM",Tuensang District Landslides,"Sotokur, Tuensang, Nagaland",Nagaland,26.132,94.786,Landslide,Continuous rain,Medium,Above road,,,Outlook India,https://www.outlookindia.com/newsscroll/two-persons-drown-in-nagaland/1360169,GLC,,Known within 50 km,NASA COOLR,COOLR administrative division; Uttaranchal normalized to Uttarakhand,OK,2018-07-30 09:30:00
13814,"7/31/18, 9:30 AM",Widespread landslide damage in Nagaland,the retaining wall near wall near Soul Harvest Church,Nagaland,25.673,94.105,Mudslide,Continuous rain,Medium,Retaining wall,,,Times Now News,https://www.timesnownews.com/india/article/torrential-rain-causes-widespread-damage-in-nagaland/262537,GLC,,Known within 1 km,NASA COOLR,COOLR administrative division; Uttaranchal normalized to Uttarakhand,OK,2018-07-31 09:30:00
14283,"10/29/18, 7:03 PM",Landslide in Nagaland cuts off Impl-Dmpur road,"Imphal-Dimapur road near Kukidolong village, Nagaland",Nagaland,25.769,93.82,Landslide,Mining,Medium,Above road,0,0,The People's Chronicle,http://www.thepeopleschronicle.in/daily/english/2446,GLC,,Known within 1 km,NASA COOLR,COOLR administrative division; Uttaranchal normalized to Uttarakhand,OK,2018-10-29 19:03:00
14297,"10/31/18, 10:33 PM",Massive landslide cuts Kohima-Dimapur road,"1 km away from Chumukedima police check gate on Kohima-Dimapur road, Dimapur, Nagaland, 797113",Nagaland,25.808,93.79,Landslide,Unknown,Medium,Above road,0,0,Agency News,https://www.pennews.net/national/2018/11/01/massive-landslide-cuts-kohima-dimapur-road,GLC,,Known exactly,NASA COOLR,COOLR administrative division; Uttaranchal normalized to Uttarakhand,OK,2018-10-31 22:33:00
57,"4/11/07, 5:30 AM","Sikkim, 13 km north of Gangtok","Sikkim, 13 km north of Gangtok",Sikkim,27.446,88.619,Landslide,Downpour,Medium,Unknown,,,WebIndia123.com,http://news.webindia123.com/news/ar_showdetails.asp?id=704100915&cat=&n_date=20070410,GLC,57,Known within 5 km,NASA COOLR,COOLR administrative division; Uttaranchal normalized to Uttarakhand,OK,2007-04-11 05:30:00
78,"5/23/07, 5:30 AM","Pangthang, on road b/t Gangtok and North Sikkim","Pangthang, on road b/t Gangtok and North Sikkim",Sikkim,27.338,88.607,Landslide,Rain,Medium,Unknown,,,Sikkim times.com,http://www.thestatesman.net/page.arcview.php?clid=10&id=184730&usrsess=1,GLC,78,Known within 50 km,NASA COOLR,COOLR administrative division; Uttaranchal normalized to Uttarakhand,OK,2007-05-23 05:30:00
126,"7/16/07, 5:30 AM",Bardang near Singtam,Bardang near Singtam,Sikkim,27.15,88.38,Mudslide,Rain,Medium,Unknown,,,thestatesman.net,http://www.thestatesman.net/page.news.php?clid=10&theme=&usrsess=1&id=162949,GLC,126,Known within 25 km,NASA COOLR,COOLR administrative division; Uttaranchal normalized to Uttarakhand,OK,2007-07-16 05:30:00
241,"9/7/07, 5:30 AM","National Highway 31A between Rangpo and Tarkhola, in East Sikkim","National Highway 31A between Rangpo and Tarkhola, in East Sikkim",Sikkim,27.201,88.488,Landslide,Rain,Large,Unknown,,,thestatesman.net,http://www.thestatesman.net/page.news.php?clid=10&id=169368&usrsess=1,GLC,241,Known within 25 km,NASA COOLR,COOLR administrative division; Uttaranchal normalized to Uttarakhand,OK,2007-09-07 05:30:00
251,"9/9/07, 5:30 AM",Hingdam village in South Sikkim,Hingdam village in South Sikkim,Sikkim,27.167,88.35,Landslide,Rain,Medium,Unknown,1,,Sikkim times.com,http://sikkimnews.blogspot.com/,GLC,251,Known within 50 km,NASA COOLR,COOLR administrative division; Uttaranchal normalized to Uttarakhand,OK,2007-09-09 05:30:00
256,"9/10/07, 5:30 AM",Rhodong village near Rhey in East Sikkim,Rhodong village near Rhey in East Sikkim,Sikkim,27.343,88.624,Landslide,Rain,Medium,Unknown,,,Telegraph India,http://www.telegraphindia.com/1070911/asp/siliguri/story_8300563.asp,GLC,256,Known within 10 km,NASA COOLR,COOLR administrative division; Uttaranchal normalized to Uttarakhand,OK,2007-09-10 05:30:00
260,"9/11/07, 5:30 AM","National Highway 31A, between Singtam and Rangpo","National Highway 31A, between Singtam and Rangpo",Sikkim,27.208,88.491,Debris flow,Rain,Medium,Unknown,,,thestatesman.net,http://www.thestatesman.net/page.news.php?clid=10&theme=&usrsess=1&id=169578,GLC,260,Known within 5 km,NASA COOLR,COOLR administrative division; Uttaranchal normalized to Uttarakhand,OK,2007-09-11 05:30:00
269,"9/18/07, 5:30 AM",Geyzing-Jorethang road and Naya Bazar-Legship road,Geyzing-Jorethang road and Naya Bazar-Legship road,Sikkim,27.287,88.282,Landslide,Rain,Medium,Unknown,,,thestatesman.net,http://www.thestatesman.net/page.arcview.php?clid=10&id=198313&usrsess=1,GLC,269,Known within 50 km,NASA COOLR,COOLR administrative division; Uttaranchal normalized to Uttarakhand,OK,2007-09-18 05:30:00
755,"8/28/08, 5:30 AM","Ranka, Sikkim and Louing road","Ranka, Sikkim and Louing road",Sikkim,27.337,88.609,Landslide,Downpour,Medium,Unknown,,,beacononline.wordpress,http://beacononline.wordpress.com/2008/08/31/landslide-victims-being-compensated/,GLC,755,Known within 25 km,NASA COOLR,COOLR administrative division; Uttaranchal normalized to Uttarakhand,OK,2008-08-28 05:30:00
1061,"7/1/09, 11:10 AM",Bridge destroyed at 4th Mile,"4th Mile, Lower Mangshila in North Sikkim",Sikkim,27.478,88.527,Landslide,Downpour,Medium,Unknown,0,,Telegraph India,https://www.telegraphindia.com/1090707/jsp/siliguri/story_11202557.jsp,GLC,1061,Known within 1 km,NASA COOLR,COOLR administrative division; Uttaranchal normalized to Uttarakhand,OK,2009-07-01 11:10:00
1102,"8/20/09, 2:00 AM","Sombaria, West Sikkim","Sombaria, West Sikkim",Sikkim,27.264,88.137,Landslide,Downpour,Medium,Unknown,2,,beacononline.wordpress,http://beacononline.wordpress.com/2009/08/21/sikkim-landslides-disturb-power-lines-link-roads/,GLC,1102,Known within 10 km,NASA COOLR,COOLR administrative division; Uttaranchal normalized to Uttarakhand,OK,2009-08-20 02:00:00
1111,"8/20/09, 5:30 AM","Melli Chalisey, Sikkim","Melli Chalisey, Sikkim",Sikkim,27.134,88.458,Landslide,Downpour,Medium,Unknown,0,,beacononline.wordpress,http://beacononline.wordpress.com/2009/08/21/sikkim-landslides-disturb-power-lines-link-roads/,GLC,1111,Known within 5 km,NASA COOLR,COOLR administrative division; Uttaranchal normalized to Uttarakhand,OK,2009-08-20 05:30:00
1112,"8/20/09, 5:30 AM","NH31A, Mile 27 near Rambi","NH31A, Mile 27 near Rambi",Sikkim,27.176,88.529,Mudslide,Downpour,Medium,Unknown,0,,beacononline.wordpress,http://beacononline.wordpress.com/2009/08/25/kalimpong-highway-doom-for-hill-economy/,GLC,1112,Known within 25 km,NASA COOLR,COOLR administrative division; Uttaranchal normalized to Uttarakhand,OK,2009-08-20 05:30:00
1125,"8/26/09, 5:30 AM","17th Mile towards Tsomgo Lake, near Kyongsala, Sikkim ","17th Mile towards Tsomgo Lake, near Kyongsala, Sikkim ",Sikkim,27.375,88.765,Landslide,Rain,Medium,Unknown,,,beacononline.wordpress,http://beacononline.wordpress.com/2009/08/28/sikkim-landslides-at-17th-mile-%E2%80%93-the-bane-of-tourism/,GLC,1125,Known within 25 km,NASA COOLR,COOLR administrative division; Uttaranchal normalized to Uttarakhand,OK,2009-08-26 05:30:00
1168,"9/17/09, 5:30 AM","4th Mile on road between Rongli, Rhenock and Rangpo in East Sikkim.","4th Mile on road between Rongli, Rhenock and Rangpo in East Sikkim.",Sikkim,27.195,88.612,Landslide,Rain,Medium,Unknown,,,sikkimnews.blogspot,http://sikkimnews.blogspot.com/2009/09/landslides-at-4th-mile-disrupts-traffic.html,GLC,1168,Known within 5 km,NASA COOLR,COOLR administrative division; Uttaranchal normalized to Uttarakhand,OK,2009-09-17 05:30:00
1756,"4/17/10, 5:30 AM","Nam Nang, Gangtok","Nam Nang, Gangtok",Sikkim,27.322,88.609,Landslide,Downpour,Small,Unknown,0,,voiceofsikkim.com,http://voiceofsikkim.com/2010/04/18/rains-trigger-major-landslide-at-pani-house/,GLC,1756,Known within 1 km,NASA COOLR,COOLR administrative division; Uttaranchal normalized to Uttarakhand,OK,2010-04-17 05:30:00
1755,"4/17/10, 8:30 PM","Natl. Highway 31-A at Pani House(?), Gangtok","Natl. Highway 31-A at Pani House(?), Gangtok",Sikkim,27.334,88.608,Landslide,Downpour,Small,Unknown,0,,voiceofsikkim.com,http://voiceofsikkim.com/2010/04/18/rains-trigger-major-landslide-at-pani-house/,GLC,1755,Known within 5 km,NASA COOLR,COOLR administrative division; Uttaranchal normalized to Uttarakhand,OK,2010-04-17 20:30:00
1929,"6/1/10, 4:30 AM","North Sikkiim Highway, periphery of Gangtok, Sikkim East district","North Sikkiim Highway, periphery of Gangtok, Sikkim East district",Sikkim,27.354,88.643,Landslide,Downpour,Medium,Unknown,0,,sify.com,http://sify.com/news/500-tourists-stranded-in-Sikkim-due-to-landslides-news-National-kgca4ibdgfd.html,GLC,1929,Known within 5 km,NASA COOLR,COOLR administrative division; Uttaranchal normalized to Uttarakhand,OK,2010-06-01 04:30:00
2112,"7/21/10, 1:30 PM","Zang(?), east Sikkim","Zang(?), east Sikkim",Sikkim,27.551,88.648,Landslide,Downpour,Medium,Unknown,0,,himalnews.wordpress,http://himalnews.wordpress.com/2010/07/22/natural-disasters-landslides-destroy-houses/,GLC,2112,Location not known,NASA COOLR,COOLR administrative division; Uttaranchal normalized to Uttarakhand,OK,2010-07-21 13:30:00
2113,"7/21/10, 1:30 PM","Singtam-Mangan rd, Sikkim","Singtam-Mangan rd, Sikkim",Sikkim,27.377,88.559,Landslide,Downpour,Medium,Unknown,0,,kuenselonline,http://www.kuenselonline.com/modules.php?name=News&file=article&sid=16186,GLC,2113,Known within 25 km,NASA COOLR,COOLR administrative division; Uttaranchal normalized to Uttarakhand,OK,2010-07-21 13:30:00
2296,"8/20/10, 5:30 AM","many locations around Namchi, Sikkim","many locations around Namchi, Sikkim",Sikkim,27.167,88.365,Complex,Downpour,Medium,Unknown,0,,thehimalayanbeacon.com,http://thehimalayanbeacon.com/magazine/2010/08/21/sikkim-landslides-heavy-toll-2-gpus-completely-cut/,GLC,2296,Known within 10 km,NASA COOLR,COOLR administrative division; Uttaranchal normalized to Uttarakhand,OK,2010-08-20 05:30:00
2341,"8/27/10, 4:30 AM","NH-31A at Topakhani tunnel(?) and fruit preservation factory(?) and Chisopani bridge(?), near Singtam and Gangtok and Rangpo, Sikkim","NH-31A at Topakhani tunnel(?) and fruit preservation factory(?) and Chisopani bridge(?), near Singtam and Gangtok and Rangpo, Sikkim",Sikkim,27.232,88.497,Landslide,Downpour,Medium,Unknown,0,,thehimalayanbeacon.com,http://thehimalayanbeacon.com/magazine/2010/08/28/sikkim-landslides-cut-sikkim-link-woman-disappears-swirling-flash-flood/,GLC,2341,Known within 10 km,NASA COOLR,COOLR administrative division; Uttaranchal normalized to Uttarakhand,OK,2010-08-27 04:30:00
2345,"8/27/10, 11:30 PM","Daragaon(?), Gangtok city, Sikkim","Daragaon(?), Gangtok city, Sikkim",Sikkim,27.339,88.619,Landslide,Downpour,Medium,Unknown,0,,thehindu,http://www.thehindu.com/news/states/other-states/article600333.ece,GLC,2345,Known within 5 km,NASA COOLR,COOLR administrative division; Uttaranchal normalized to Uttarakhand,OK,2010-08-27 23:30:00
2392,"9/4/10, 5:30 AM","17th mile(?), Jawaharlal Nehru Marg hwy, between Gangtok and Nathu La, Sikkim","17th mile(?), Jawaharlal Nehru Marg hwy, between Gangtok and Nathu La, Sikkim",Sikkim,27.37,88.733,Landslide,Downpour,Medium,Unknown,0,,news.oneindia,http://news.oneindia.in/2010/09/04/strategicroad-link-cut-off-due-to-landslide-insikkim.html,GLC,2392,Known within 10 km,NASA COOLR,COOLR administrative division; Uttaranchal normalized to Uttarakhand,OK,2010-09-04 05:30:00
3619,"6/18/11, 1:00 AM","National HWY 31A, Birik (cut off Sikkim)","National HWY 31A, Birik (cut off Sikkim)",Sikkim,27.489,88.445,Mudslide,Rain,Medium,Unknown,0,,Telegraph India,http://www.telegraphindia.com/1110618/jsp/northeast/story_14127559.jsp,GLC,3619,Location not known,NASA COOLR,COOLR administrative division; Uttaranchal normalized to Uttarakhand,OK,2011-06-18 01:00:00
3643,"6/24/11, 5:00 AM",Villages surrounding the West Sikkim district of ,Villages surrounding the West Sikkim district of ,Sikkim,27.288,88.258,Landslide,Downpour,Large,Unknown,16,,assamtribune,http://www.assamtribune.com/scripts/detailsnew.asp?id=jun2511/oth05,GLC,3643,Known within 5 km,NASA COOLR,COOLR administrative division; Uttaranchal normalized to Uttarakhand,OK,2011-06-24 05:00:00
3813,"7/20/11, 5:30 AM",National Highway 31A in West Bengal's Darjeeling district,National Highway 31A in West Bengal's Darjeeling district,Sikkim,27.114,88.466,Landslide,Rain,Small,Unknown,0,,twocircles.net,http://twocircles.net/2011jul20/landslide_snaps_siligurisikkim_highway_link.html,GLC,3813,Known within 25 km,NASA COOLR,COOLR administrative division; Uttaranchal normalized to Uttarakhand,OK,2011-07-20 05:30:00
3943,"8/23/11, 5:30 AM","Samathang, Sikkim","Samathang, Sikkim",Sikkim,27.139,88.226,Landslide,Downpour,Medium,Unknown,5,,IBN,http://ibnlive.in.com/generalnewsfeed/news/five-killed-in-landslides-in-sikkim/801295.html,GLC,3943,Known within 10 km,NASA COOLR,COOLR administrative division; Uttaranchal normalized to Uttarakhand,OK,2011-08-23 05:30:00
3944,"8/25/11, 5:30 AM","Hee-Khola, Sikkim","Hee-Khola, Sikkim",Sikkim,27.734,88.633,Landslide,Downpour,Medium,Unknown,2,,ibnlive.in,http://ibnlive.in.com/generalnewsfeed/news/five-killed-in-landslides-in-sikkim/801295.html,GLC,3944,Known within 10 km,NASA COOLR,COOLR administrative division; Uttaranchal normalized to Uttarakhand,OK,2011-08-25 05:30:00
3997,"9/30/11, 5:30 AM",Mangan : The slide which occurred at Thingchim around 18 kilometers from Mangan towards Gangtok has disrupted the Mangan-Gangtok traffic again. The s*,,Sikkim,27.516,88.558,Landslide,Unknown,Medium,Unknown,0,,isikkim.com,http://isikkim.com/2011-09-landslide-disrupts-gangtok-mangan-highway-again-30-3/,GLC,3997,Known within 10 km,NASA COOLR,COOLR administrative division; Uttaranchal normalized to Uttarakhand,OK,2011-09-30 05:30:00
4385,"6/3/12, 5:30 AM","lachen, Sikkim","lachen, Sikkim",Sikkim,27.717,88.558,Landslide,Downpour,Medium,Unknown,,,Telegraph India,http://www.telegraphindia.com/1120605/jsp/siliguri/story_15570407.jsp#.UN9-FOSx_K0,GLC,4385,Known within 5 km,NASA COOLR,COOLR administrative division; Uttaranchal normalized to Uttarakhand,OK,2012-06-03 05:30:00
4393,"6/7/12, 5:30 AM","Nathang Maong, Sikkim","Nathang Maong, Sikkim",Sikkim,27.757,88.632,Landslide,Downpour,Large,Unknown,7,,thehimalayantimes,http://www.thehimalayantimes.com/fullNews.php?headline=Landslide+kills+7+Nepali-speaking+people+in+Sikkim&NewsID=335265,GLC,4393,Known within 25 km,NASA COOLR,COOLR administrative division; Uttaranchal normalized to Uttarakhand,OK,2012-06-07 05:30:00
4394,"6/7/12, 10:00 AM","Rolep, South Sikkim( Mapping to Rhenock 12 miles from Rolep)","Rolep, South Sikkim( Mapping to Rhenock 12 miles from Rolep)",Sikkim,27.175,88.646,Landslide,Rain,Large,Unknown,7,,Telegraph India,http://www.telegraphindia.com/1120608/jsp/siliguri/story_15584321.jsp#.UN_I7eSx_K0com,GLC,4394,Known within 25 km,NASA COOLR,COOLR administrative division; Uttaranchal normalized to Uttarakhand,OK,2012-06-07 10:00:00
4411,"6/14/12, 9:30 AM","Tathangchen, Gangtok, Sikkim ","Tathangchen, Gangtok, Sikkim ",Sikkim,27.339,88.607,Landslide,Downpour,Medium,Unknown,,,isikkim.com,http://isikkim.com/2012-06-sikkim-landslide-at-tathangchen-poses-threat-to-residents-15-5/,GLC,4411,Known within 5 km,NASA COOLR,COOLR administrative division; Uttaranchal normalized to Uttarakhand,OK,2012-06-14 09:30:00
4556,"9/16/12, 5:30 AM","Namchi to Phongla, Namchi to Melli ,Namchi to Sumbuk","Namchi to Phongla, Namchi to Melli ,Namchi to Sumbuk",Sikkim,27.168,88.365,Landslide,Downpour,Medium,Unknown,,,business-standard,http://www.business-standard.com/generalnews/news/landslides-block-several-roads-in-south-sikkim-district/57119/,GLC,4556,Known within 5 km,NASA COOLR,COOLR administrative division; Uttaranchal normalized to Uttarakhand,OK,2012-09-16 05:30:00
4569,"9/19/12, 5:30 AM","North Skkimm Hwy between, Chungthang and Mangan, North Skimm (9 landslides)","North Skkimm Hwy between, Chungthang and Mangan, North Skimm (9 landslides)",Sikkim,27.839,88.556,Landslide,Downpour,Large,Unknown,20,,Hindustan Times,http://www.hindustantimes.com/india/flash-floods-and-landslides-kill-21-in-sikkim/story-4FYliiSqiH1MnwaoLBIUnO.html,GLC,4569,Known within 10 km,NASA COOLR,COOLR administrative division; Uttaranchal normalized to Uttarakhand,OK,2012-09-19 05:30:00
4571,"9/19/12, 5:30 AM"," Chungthang and Pegong. Houses, between Rangma and Chungthang "," Chungthang and Pegong. Houses, between Rangma and Chungthang ",Sikkim,27.656,88.605,Landslide,Downpour,Large,Unknown,,,Hindustan Times,http://www.hindustantimes.com/india/flash-floods-and-landslides-kill-21-in-sikkim/story-4FYliiSqiH1MnwaoLBIUnO.html,GLC,4571,Known within 10 km,NASA COOLR,COOLR administrative division; Uttaranchal normalized to Uttarakhand,OK,2012-09-19 05:30:00
4908,"6/8/13, 10:30 PM","15 Km From Gangtok, Himalayans","15 Km From Gangtok, Himalayans",Sikkim,27.372,88.708,Landslide,Downpour,Medium,Unknown,0,,www.business-standard.com,http://www.business-standard.com/article/news-ani/tourists-stranded-due-to-landslide-in-gangtok-113060900319_1.html,GLC,4908,Known within 25 km,NASA COOLR,COOLR administrative division; Uttaranchal normalized to Uttarakhand,OK,2013-06-08 22:30:00
4990,"6/28/13, 4:30 AM","Near Changu Lake, 15Km Away From Nathu La, On India-China Border In Eastern Sikkim","Near Changu Lake, 15Km Away From Nathu La, On India-China Border In Eastern Sikkim",Sikkim,27.377,88.763,Landslide,Downpour,Medium,Unknown,0,,www.indiatvnews.com,http://www.indiatvnews.com/news/india/sikkim-landslide-army-rescues-tourists-stranded-near-nathu-la-24315.html,GLC,4990,Known within 1 km,NASA COOLR,COOLR administrative division; Uttaranchal normalized to Uttarakhand,OK,2013-06-28 04:30:00
5429,"9/1/13, 11:30 PM",Tamabong Village In Sikkim State,Tamabong Village In Sikkim State,Sikkim,27.343,88.243,Landslide,Downpour,Medium,Unknown,5,,sciencythoughts.blogspot.com,http://sciencythoughts.blogspot.com/2013/09/family-of-five-killed-by-landslide-in.html,GLC,5429,Known within 50 km,NASA COOLR,COOLR administrative division; Uttaranchal normalized to Uttarakhand,OK,2013-09-01 23:30:00
5476,"9/7/13, 8:30 PM",14 Milestone Of J N Marg Near Kyangnosola (East Sikkim),14 Milestone Of J N Marg Near Kyangnosola (East Sikkim),Sikkim,27.374,88.732,Landslide,Rain,Medium,Unknown,0,,articles.timesofindia.indiatimes.com,http://articles.timesofindia.indiatimes.com/2013-09-10/india/41936154_1_east-and-north-sikkim-chungthang-gangtok,GLC,5476,Known within 25 km,NASA COOLR,COOLR administrative division; Uttaranchal normalized to Uttarakhand,OK,2013-09-07 20:30:00
5485,"9/8/13, 5:30 AM","Chungthang, Sikkim","Chungthang, Sikkim",Sikkim,27.605,88.646,Rock fall,Rain,Medium,Unknown,1,2,articles.timesofindia.indiatimes.com,http://articles.timesofindia.indiatimes.com/2013-09-10/india/41936154_1_east-and-north-sikkim-chungthang-gangtok,GLC,5485,Known within 50 km,NASA COOLR,COOLR administrative division; Uttaranchal normalized to Uttarakhand,OK,2013-09-08 05:30:00
7031,"5/24/15, 5:30 AM","Bop, Sikkim","Bop, Sikkim",Sikkim,27.616,88.659,Landslide,Unknown,Medium,Above road,0,0,The Olympian,http://www.theolympian.com/2015/05/27/3746897/rhododendron-explorers-from-south.html,GLC,7031,Known within 1 km,NASA COOLR,COOLR administrative division; Uttaranchal normalized to Uttarakhand,OK,2015-05-24 05:30:00
9215,"1/14/16, 10:45 AM",NH10 in Rangpo,NH10 in Rangpo,Sikkim,27.176,88.529,Rock fall,Unknown,Medium,Above road,1,5,Hindustan Times,http://www.hindustantimes.com/india/several-feared-buried-under-landslide-near-bengal-sikkim-border/story-1f7Ni6EagU54nghtFD9otO.html,GLC,9215,Known within 1 km,NASA COOLR,COOLR administrative division; Uttaranchal normalized to Uttarakhand,OK,2016-01-14 10:45:00
9853,"8/16/16, 5:30 AM",Landslide in Dzongu,"Dzongu, Sikkim, India",Sikkim,27.593,88.492,Landslide,Rain,Large,Natural slope,0,0,AGU Blog,http://blogs.agu.org/landslideblog/2016/08/13/dzongu-1/,GLC,,Known exactly,NASA COOLR,COOLR administrative division; Uttaranchal normalized to Uttarakhand,OK,2016-08-16 05:30:00
9604,"10/12/16, 5:30 AM",Legship,Legship,Sikkim,27.268,88.289,Landslide,Continuous rain,Medium,Above road,0,0,Indian Express,http://indianexpress.com/article/india/india-news-india/west-bengal-rains-landslips-affect-life-in-north-of-state-3079833/,GLC,9604,Known within 10 km,NASA COOLR,COOLR administrative division; Uttaranchal normalized to Uttarakhand,OK,2016-10-12 05:30:00
9619,"10/15/16, 5:30 AM",Namchi,Namchi,Sikkim,27.17,88.366,Landslide,Rain,Medium,Above road,0,0,Hindu,http://www.thehindu.com/news/national/other-states/life-remains-hit-in-darjeeling-hills/article9222389.ece,GLC,9619,Known within 5 km,NASA COOLR,COOLR administrative division; Uttaranchal normalized to Uttarakhand,OK,2016-10-15 05:30:00
9785,"5/26/17, 5:30 AM",Rockslide in North Sikkim,"Toong-Sankalang road between Saffo and Ship-Gyer, North Sikkim",Sikkim,27.543,88.597,Landslide,Rain,Medium,Above road,0,0,Assam Tribune,http://www.assamtribune.com/scripts/detailsnew.asp?id=may2717/oth053,GLC,,Known within 5 km,NASA COOLR,COOLR administrative division; Uttaranchal normalized to Uttarakhand,OK,2017-05-26 05:30:00
11183,"7/10/17, 5:30 AM","Cars crushed by deadly landslide on Chongey road, Sikkim",East Sikkim,Sikkim,27.36,88.652,Rock fall,Unknown,Medium,Unknown,0,0,The Northeast Today,https://thenortheasttoday.com/cars-crushed-by-deadly-landslide-on-chongey-road-sikkim-in-pictures/,GLC,,Known within 100 km,NASA COOLR,COOLR administrative division; Uttaranchal normalized to Uttarakhand,OK,2017-07-10 05:30:00
11443,"5/26/18, 5:30 AM",Pakyong Subdivision Landslides cause 45 Road Blockages,"Road from Pakyong to Dikling and Rorathang, Pakyong, Sikkim, India",Sikkim,27.233,88.593,Mudslide,Downpour,Medium,Below road,0,0,The Northeast Today,https://thenortheasttoday.com/sikkim-45-road-closure-due-to-landslide-in-pakyong-subdivision/,GLC,,Known within 1 km,NASA COOLR,COOLR administrative division; Uttaranchal normalized to Uttarakhand,OK,2018-05-26 05:30:00
14501,"9/14/18, 5:30 AM",Mangshilla Landslide,"Mangshilla, North District, Sikkim, IND",Sikkim,27.454,88.524,Landslide,Continuous rain,Unknown,Unknown,,,Outlook India,https://www.outlookindia.com/newsscroll/landslides-in-north-sikkim-road-links-snapped-at-several-places/1382941,GLC,,Known within 5 km,NASA COOLR,COOLR administrative division; Uttaranchal normalized to Uttarakhand,OK,2018-09-14 05:30:00
14544,"9/14/18, 5:30 AM",Lachen Lanslide September 2018,"Lachen, North District, Sikkim",Sikkim,27.716,88.557,Landslide,Continuous rain,Unknown,Unknown,,,Outlook India,https://www.outlookindia.com/newsscroll/landslides-in-north-sikkim-road-links-snapped-at-several-places/1382941,GLC,,Known within 5 km,NASA COOLR,COOLR administrative division; Uttaranchal normalized to Uttarakhand,OK,2018-09-14 05:30:00
14574,"9/14/18, 5:30 AM",Mangan Landslide,"Mangan, North District, Sikkim, IND",Sikkim,27.495,88.536,Landslide,Continuous rain,Unknown,Unknown,,,Outlook India,https://www.outlookindia.com/newsscroll/landslides-in-north-sikkim-road-links-snapped-at-several-places/1382941,GLC,,Known within 5 km,NASA COOLR,COOLR administrative division; Uttaranchal normalized to Uttarakhand,OK,2018-09-14 05:30:00
14511,"9/15/18, 8:02 AM",Mantam Lake Landslide,"Mantam Lake, Dzongu, North District",Sikkim,27.54,88.499,Landslide,Continuous rain,Unknown,Above road,,,Outlook India,https://www.outlookindia.com/newsscroll/landslides-in-north-sikkim-road-links-snapped-at-several-places/1382941,GLC,,Known within 5 km,NASA COOLR,COOLR administrative division; Uttaranchal normalized to Uttarakhand,OK,2018-09-15 08:02:00
14641,"9/15/18, 8:02 AM",Gangtok Landslide September 2018,"Gangtok, East District, Sikkim, 737101",Sikkim,27.331,88.614,Landslide,Continuous rain,Unknown,Above road,,,Outlook India,https://www.outlookindia.com/newsscroll/landslides-in-north-sikkim-road-links-snapped-at-several-places/1382941,GLC,,Known within 5 km,NASA COOLR,COOLR administrative division; Uttaranchal normalized to Uttarakhand,OK,2018-09-15 08:02:00
14630,"9/17/18, 9:52 AM",North Sikkim Landslides,National Highway between Mangan and Chungthang.,Sikkim,27.543,88.63,Landslide,Rain,Medium,Above road,,,NDTV,"https://www.ndtv.com/india-news/in-sikkim-over-350-stranded-in-heavy-rain-and-landslides-rescued-1918073#:~:text=Gangtok%2C%20Sikkim%3A,landslides%20hit%20the%20hill%20state.&text=Landslides%20at%20several%20locations%20along,stretch%20between%20Mangan%20and%20Chungthang.",GLC,,Known within 10 km,NASA COOLR,COOLR administrative division; Uttaranchal normalized to Uttarakhand,OK,2018-09-17 09:52:00
1935,"6/3/10, 5:30 AM","atharamura hills, Highway 44, Tripura","atharamura hills, Highway 44, Tripura",Tripura,23.899,91.76,Landslide,Downpour,Medium,Unknown,0,,Telegraph India,http://www.telegraphindia.com/1100605/jsp/northeast/story_12529386.jsp,GLC,1935,Known within 5 km,NASA COOLR,COOLR administrative division; Uttaranchal normalized to Uttarakhand,OK,2010-06-03 05:30:00
4848,"5/8/13, 5:30 AM","Purba Simna, Tripura","Purba Simna, Tripura",Tripura,24.09,91.466,Landslide,Rain,Medium,Unknown,1,,www.upi.com,http://www.upi.com/Top_News/World-News/2013/05/09/Cyclonic-storms-kill-seven-in-India/UPI-39151368107292/,GLC,4848,Known within 5 km,NASA COOLR,COOLR administrative division; Uttaranchal normalized to Uttarakhand,OK,2013-05-08 05:30:00
6513,"8/15/14, 4:30 AM",Sabroom,Sabroom,Tripura,23.014,91.717,Mudslide,Downpour,Medium,Unknown,3,0,New Indian Express,http://www.newindianexpress.com/nation/Landslide-Kills-Three-in-Tripura/2014/08/15/article2381042.ece,GLC,6513,Known within 5 km,NASA COOLR,COOLR administrative division; Uttaranchal normalized to Uttarakhand,OK,2014-08-15 04:30:00
9733,"6/4/17, 1:30 AM",Landslide in Tripura,Vidyamohan Chowdhury Para (???) of remote Dhalai district,Tripura,23.865,91.895,Landslide,Continuous rain,Medium,Natural slope,3,1,Signs of the Times,https://www.sott.net/article/353005-Landslide-kills-at-least-3-in-Tripura-India,GLC,,Known within 50 km,NASA COOLR,COOLR administrative division; Uttaranchal normalized to Uttarakhand,OK,2017-06-04 01:30:00
9745,"6/4/17, 3:30 AM",Landslide in Kamalpur,Kamalpur,Tripura,24.195,91.829,Landslide,Rain,Medium,Urban,3,1,Times of India,http://timesofindia.indiatimes.com/city/agartala/women-2-kids-killed-in-landslide/articleshow/58994998.cms,GLC,,Known within 10 km,NASA COOLR,COOLR administrative division; Uttaranchal normalized to Uttarakhand,OK,2017-06-04 03:30:00
11357,"5/18/18, 5:30 AM",Kambhukcherra and Belfungpara village landslides,"Kambhukcherra and Belfunpara villages, West Tripura, Tripura",Tripura,24.025,91.497,Landslide,Continuous rain,Unknown,Unknown,4,0,Northeast Now,https://nenow.in/north-east-news/incessant-rain-triggers-landslides-in-tripura-4-killed.html,GLC,,Known within 5 km,NASA COOLR,COOLR administrative division; Uttaranchal normalized to Uttarakhand,OK,2018-05-18 05:30:00
11501,"5/20/18, 5:30 AM",Champabari Landslide Collapses House,"Champabari, Jirania, Tripura, India",Tripura,23.793,91.531,Landslide,Downpour,Medium,Unknown,1,1,The Times of India,https://timesofindia.indiatimes.com/city/agartala/tripura-landslides-trigerred-by-rain-claim-two-more-lives/articleshow/64255441.cms,GLC,,Known within 5 km,NASA COOLR,COOLR administrative division; Uttaranchal normalized to Uttarakhand,OK,2018-05-20 05:30:00
11502,"5/20/18, 5:30 AM",Dhanlekha Kaipengpara Landslide Collapses House,"Dhanlekha Kaipeng, Gomati district, Tripura, India",Tripura,23.717,91.616,Landslide,Downpour,Medium,Unknown,1,2,The Times of India,https://timesofindia.indiatimes.com/city/agartala/tripura-landslides-trigerred-by-rain-claim-two-more-lives/articleshow/64255441.cms,GLC,,Known within 1 km,NASA COOLR,COOLR administrative division; Uttaranchal normalized to Uttarakhand,OK,2018-05-20 05:30:00
14439,"1/29/90, 2:21 AM",Tal Valley Landslide,"Tal River, Rajajii National Park, Uttarakhand, IND",Uttarakhand,29.993,78.33,Complex,Other,Large,Above river,,,Geomorphology,https://www.sciencedirect.com/science/article/abs/pii/0169555X94000856,GLC,,Known within 1 km,NASA COOLR,COOLR administrative division; Uttaranchal normalized to Uttarakhand,OK,1990-01-29 02:21:00
146,"7/30/07, 5:30 AM",Uttarkashi district,Uttarkashi district,Uttarakhand,30.733,78.439,Landslide,Downpour,Medium,Unknown,2,,Red Cross - Field reports,https://www-secure.ifrc.org/dmis/prepare/view_report.asp?ReportID=2987,GLC,146,Known within 50 km,NASA COOLR,COOLR administrative division; Uttaranchal normalized to Uttarakhand,OK,2007-07-30 05:30:00
149,"7/30/07, 5:30 AM",Joshimath,Joshimath,Uttarakhand,30.557,79.56,Landslide,Downpour,Medium,Unknown,,,Red Cross - Field reports,https://www-secure.ifrc.org/dmis/prepare/view_report.asp?ReportID=2987,GLC,149,Known within 50 km,NASA COOLR,COOLR administrative division; Uttaranchal normalized to Uttarakhand,OK,2007-07-30 05:30:00
150,"7/30/07, 5:30 AM",Chamoli,Chamoli,Uttarakhand,30.4,79.349,Landslide,Downpour,Medium,Unknown,,,Red Cross - Field reports,https://www-secure.ifrc.org/dmis/prepare/view_report.asp?ReportID=2987,GLC,150,Known within 50 km,NASA COOLR,COOLR administrative division; Uttaranchal normalized to Uttarakhand,OK,2007-07-30 05:30:00
173,"8/11/07, 5:30 AM",Rishikesh,Rishikesh,Uttarakhand,30.07,78.303,Landslide,Rain,Medium,Unknown,,,Asian News International - Daily India,http://www.dailyindia.com/show/164988.php/Landslides-leave-scores-of-passengers-stranded-in-Uttarakhand,GLC,173,Location not known,NASA COOLR,COOLR administrative division; Uttaranchal normalized to Uttarakhand,OK,2007-08-11 05:30:00
237,"9/6/07, 5:30 AM",Pithoragarh,Pithoragarh,Uttarakhand,29.583,80.217,Landslide,Rain,Large,Unknown,,,The hindu.com,,GLC,237,Known within 25 km,NASA COOLR,COOLR administrative division; Uttaranchal normalized to Uttarakhand,OK,2007-09-06 05:30:00
653,"7/18/08, 5:30 AM",Sukhidhang area of Champawat district in Uttarakhand ,Sukhidhang area of Champawat district in Uttarakhand ,Uttarakhand,29.33,80.1,Landslide,Rain,Medium,Unknown,14,,dailynews365,http://www.dailynews365.com/national-news/landslides-killed-14-in-uttarakhand/,GLC,653,Known within 5 km,NASA COOLR,COOLR administrative division; Uttaranchal normalized to Uttarakhand,OK,2008-07-18 05:30:00
1072,"8/8/09, 7:30 AM","Bala, Pithoragarh, Uttarakhand (450Km from Deheradun)","Bala, Pithoragarh, Uttarakhand (450Km from Deheradun)",Uttarakhand,29.589,80.21,Landslide,Downpour,Large,Unknown,15,,samaylive,http://www.samaylive.com/news/15-dead-in-uttarakhand-landslide/644753.html,GLC,1072,Known within 10 km,NASA COOLR,COOLR administrative division; Uttaranchal normalized to Uttarakhand,OK,2009-08-08 07:30:00
1097,"8/17/09, 11:30 PM",Pithoragarh district,Pithoragarh district,Uttarakhand,29.409,80.133,Landslide,Continuous rain,Medium,Unknown,0,,samaylive,http://www.samaylive.com/news/rains-landslides-disrupt-kailash-mansarovar-pilgrimage/648603.html,GLC,1097,Known within 25 km,NASA COOLR,COOLR administrative division; Uttaranchal normalized to Uttarakhand,OK,2009-08-17 23:30:00
1130,"9/1/09, 8:30 PM",Chinona area in Almora district,Chinona area in Almora district,Uttarakhand,29.704,78.566,Landslide,Downpour,Medium,Unknown,3,,ptinews,http://www.ptinews.com/news/261571_Three-buried-alive-after-landslides,GLC,1130,Known within 5 km,NASA COOLR,COOLR administrative division; Uttaranchal normalized to Uttarakhand,OK,2009-09-01 20:30:00
1521,"2/23/10, 5:30 AM",Two children killed,"Tangadia, Tehri",Uttarakhand,30.381,78.47,Landslide,Downpour,Medium,Unknown,2,1,ptinews,http://www.ptinews.com/news/532955_Two-kids-killed-in-house-collapse,GLC,1521,Known within 25 km,NASA COOLR,COOLR administrative division; Uttaranchal normalized to Uttarakhand,OK,2010-02-23 05:30:00
2040,"7/6/10, 5:30 AM","highway to Uttarkashi district, Uttarakhand","highway to Uttarkashi district, Uttarakhand",Uttarakhand,30.638,78.33,Landslide,Downpour,Medium,Unknown,0,,healthcarendiet,http://www.healthcarendiet.com/2010/07/06/monsoon-covers-almost-entire-india/,GLC,2040,Known within 25 km,NASA COOLR,COOLR administrative division; Uttaranchal normalized to Uttarakhand,OK,2010-07-06 05:30:00
2041,"7/6/10, 5:30 AM","highway to Rudraprayag district, Uttarakhand","highway to Rudraprayag district, Uttarakhand",Uttarakhand,30.249,78.885,Landslide,Downpour,Medium,Unknown,0,,healthcarendiet,http://www.healthcarendiet.com/2010/07/06/monsoon-covers-almost-entire-india/,GLC,2041,Known within 10 km,NASA COOLR,COOLR administrative division; Uttaranchal normalized to Uttarakhand,OK,2010-07-06 05:30:00
2103,"7/20/10, 5:30 AM","Badrinath and Yamunotri shrines(?), Garhwal region, Uttarakhand","Badrinath and Yamunotri shrines(?), Garhwal region, Uttarakhand",Uttarakhand,29.986,78.612,Landslide,Downpour,Medium,Unknown,0,,dnaindia,http://www.dnaindia.com/india/report_three-killed-as-heavy-rains-continue-to-lash-uttarakhand_1412378,GLC,2103,Known within 50 km,NASA COOLR,COOLR administrative division; Uttaranchal normalized to Uttarakhand,OK,2010-07-20 05:30:00
2104,"7/20/10, 5:30 AM","Tanakupur-Pitoragarh highway, Kumaon(Kumaun) region, Uttarakhand","Tanakupur-Pitoragarh highway, Kumaon(Kumaun) region, Uttarakhand",Uttarakhand,29.36,80.126,Landslide,Downpour,Medium,Unknown,0,,dnaindia,http://www.dnaindia.com/india/report_three-killed-as-heavy-rains-continue-to-lash-uttarakhand_1412378,GLC,2104,Known within 50 km,NASA COOLR,COOLR administrative division; Uttaranchal normalized to Uttarakhand,OK,2010-07-20 05:30:00
2105,"7/20/10, 11:30 PM","Bhimtal area, Naintal district, Uttarakhand","Bhimtal area, Naintal district, Uttarakhand",Uttarakhand,29.358,79.552,Landslide,Downpour,Medium,Unknown,1,,dnaindia,http://www.dnaindia.com/india/report-three-killed-as-heavy-rains-continue-to-lash-uttarakhand-1412378,GLC,2105,Known within 10 km,NASA COOLR,COOLR administrative division; Uttaranchal normalized to Uttarakhand,OK,2010-07-20 23:30:00
2120,"7/22/10, 5:30 AM","Patlot-Aghora road, Almora District ","Patlot-Aghora road, Almora District ",Uttarakhand,29.61,79.663,Landslide,Downpour,Medium,Unknown,1,,gsi.gov,"http://www.portal.gsi.gov.in/portal/page?_pageid=127,875814&_dad=portal&_schema=PORTAL",GLC,2120,Known within 10 km,NASA COOLR,COOLR administrative division; Uttaranchal normalized to Uttarakhand,OK,2010-07-22 05:30:00
2161,"7/29/10, 5:30 AM","Uttarkāshi : Landslips, triggered by heavy rain, blocked two key highways connecting Rishikesh, Gangotri and Badrinath in Uttarakhand on Thursday, le*",,Uttarakhand,30.747,78.452,Landslide,Downpour,Medium,Unknown,0,,hindu,http://www.hindu.com/2010/07/30/stories/2010073063780100.htm,GLC,2161,Known within 10 km,NASA COOLR,COOLR administrative division; Uttaranchal normalized to Uttarakhand,OK,2010-07-29 05:30:00
2162,"7/29/10, 5:30 AM","Pīpalkoti : Landslips, triggered by heavy rain, blocked two key highways connecting Rishikesh, Gangotri and Badrinath in Uttarakhand on Thursday, lea*",,Uttarakhand,30.405,79.343,Landslide,Downpour,Medium,Unknown,0,,hindu,http://www.hindu.com/2010/07/30/stories/2010073063780100.htm,GLC,2162,Known within 10 km,NASA COOLR,COOLR administrative division; Uttaranchal normalized to Uttarakhand,OK,2010-07-29 05:30:00
2202,"8/5/10, 1:30 PM","Basantpur or Gouchar village (two conflicting sources), Chamoli district","Basantpur or Gouchar village (two conflicting sources), Chamoli district",Uttarakhand,30.407,79.335,Landslide,Downpour,Medium,Unknown,5,,hindustantimes,http://www.hindustantimes.com/Five-killed-in-landslides-in-Uttarakhand/Article1-582669.aspx,GLC,2202,Known within 25 km,NASA COOLR,COOLR administrative division; Uttaranchal normalized to Uttarakhand,OK,2010-08-05 13:30:00
2227,"8/9/10, 5:30 AM","Nirgaddu about 4 km from Tapovan on Rishikesh - Badrinath route, Uttarakhand ","Nirgaddu about 4 km from Tapovan on Rishikesh - Badrinath route, Uttarakhand ",Uttarakhand,30.646,79.531,Landslide,Downpour,Medium,Unknown,0,,gsi.gov,"http://www.portal.gsi.gov.in/portal/page?_pageid=127,875814&_dad=portal&_schema=PORTAL",GLC,2227,Known within 50 km,NASA COOLR,COOLR administrative division; Uttaranchal normalized to Uttarakhand,OK,2010-08-09 05:30:00
2228,"8/9/10, 5:30 AM","Dharasu and Nalupani near Uttarkashi on Rishikesh – Gangotri highway, Uttarakhand ","Dharasu and Nalupani near Uttarkashi on Rishikesh – Gangotri highway, Uttarakhand ",Uttarakhand,30.679,78.348,Landslide,Downpour,Medium,Unknown,0,,gsi.gov,"http://www.portal.gsi.gov.in/portal/page?_pageid=127,875814&_dad=portal&_schema=PORTAL",GLC,2228,Known within 25 km,NASA COOLR,COOLR administrative division; Uttaranchal normalized to Uttarakhand,OK,2010-08-09 05:30:00
2229,"8/9/10, 5:30 AM","Menagarh near Sukki on Rishikesh – Gangotri highway, Uttarakhand ","Menagarh near Sukki on Rishikesh – Gangotri highway, Uttarakhand ",Uttarakhand,30.515,78.368,Landslide,Downpour,Medium,Unknown,0,,gsi.gov,"http://www.portal.gsi.gov.in/portal/page?_pageid=127,875814&_dad=portal&_schema=PORTAL",GLC,2229,Known within 50 km,NASA COOLR,COOLR administrative division; Uttaranchal normalized to Uttarakhand,OK,2010-08-09 05:30:00
2241,"8/13/10, 5:30 AM","Gangotree national highway near Bhatvaree, Uttarkashi district","Gangotree national highway near Bhatvaree, Uttarkashi district",Uttarakhand,30.802,78.618,Landslide,Downpour,Medium,Above road,,,Samachar Today,http://www.samachartoday.com/gangotri-national-highway-block-due-to-landslides/9243,GLC,2241,Known within 5 km,NASA COOLR,COOLR administrative division; Uttaranchal normalized to Uttarakhand,OK,2010-08-13 05:30:00
2257,"8/16/10, 5:30 AM","badrinath route, Lambagarh(?), Uttarakhand","badrinath route, Lambagarh(?), Uttarakhand",Uttarakhand,30.728,79.497,Landslide,Downpour,Medium,Unknown,0,,english.ntdtv,http://english.ntdtv.com/ntdtv_en/ns_asia/2010-08-17/124801939515.html,GLC,2257,Known within 25 km,NASA COOLR,COOLR administrative division; Uttaranchal normalized to Uttarakhand,OK,2010-08-16 05:30:00
2268,"8/18/10, 2:00 PM","Saraswati Shishu Mandir school(?), Sumgarh(Sumgad) village(?), Bageshwar-Pindari glacier rd 45 km from Bageshwar, Kapkot, Bageshwar, Uttarakhand","Saraswati Shishu Mandir school(?), Sumgarh(Sumgad) village(?), Bageshwar-Pindari glacier rd 45 km from Bageshwar, Kapkot, Bageshwar, Uttarakhand",Uttarakhand,30.013,79.926,Complex,Downpour,Large,Unknown,18,,dailypioneer,http://www.dailypioneer.com/277138/Landslide-kills-18-schoolchildren.html,GLC,2268,Known within 10 km,NASA COOLR,COOLR administrative division; Uttaranchal normalized to Uttarakhand,OK,2010-08-18 14:00:00
2290,"8/20/10, 5:30 AM","Gaurikund, road to Kedarnath, Garwhal division, Uttarakhand","Gaurikund, road to Kedarnath, Garwhal division, Uttarakhand",Uttarakhand,30.651,79.026,Landslide,Downpour,Medium,Unknown,0,,dnaindia,http://www.dnaindia.com/india/report_rains-hit-normal-life-in-uttarakhand_1426128,GLC,2290,Known within 5 km,NASA COOLR,COOLR administrative division; Uttaranchal normalized to Uttarakhand,OK,2010-08-20 05:30:00
2291,"8/20/10, 5:30 AM","Ranachatti(?), route to Yamunotri, Garwhal division, Uttarakhand","Ranachatti(?), route to Yamunotri, Garwhal division, Uttarakhand",Uttarakhand,30.966,78.415,Landslide,Downpour,Medium,Unknown,0,,dnaindia,http://www.dnaindia.com/india/report_rains-hit-normal-life-in-uttarakhand_1426128,GLC,2291,Known within 10 km,NASA COOLR,COOLR administrative division; Uttaranchal normalized to Uttarakhand,OK,2010-08-20 05:30:00
2292,"8/20/10, 5:30 AM","Bhatwari, Rishikesh-Gangotri highway, Uttarkhand","Bhatwari, Rishikesh-Gangotri highway, Uttarkhand",Uttarakhand,30.818,78.619,Landslide,Downpour,Medium,Unknown,0,,dnaindia,http://www.dnaindia.com/india/report_rains-hit-normal-life-in-uttarakhand_1426128,GLC,2292,Known within 5 km,NASA COOLR,COOLR administrative division; Uttaranchal normalized to Uttarakhand,OK,2010-08-20 05:30:00
2293,"8/20/10, 5:30 AM","Nalupani(?), Rishikesh-Gangotri highway, Uttarkhand","Nalupani(?), Rishikesh-Gangotri highway, Uttarkhand",Uttarakhand,30.722,78.644,Landslide,Downpour,Medium,Unknown,0,,hindu,http://www.hindu.com/2010/07/30/stories/2010073063780100.htm,GLC,2293,Known within 50 km,NASA COOLR,COOLR administrative division; Uttaranchal normalized to Uttarakhand,OK,2010-08-20 05:30:00
2294,"8/20/10, 5:30 AM","Lambagad(?), Rishikesh-Badrinath highway, Uttarakhand","Lambagad(?), Rishikesh-Badrinath highway, Uttarakhand",Uttarakhand,30.385,78.837,Landslide,Downpour,Medium,Unknown,0,,dnaindia,http://www.dnaindia.com/india/report_rains-hit-normal-life-in-uttarakhand_1426128,GLC,2294,Location not known,NASA COOLR,COOLR administrative division; Uttaranchal normalized to Uttarakhand,OK,2010-08-20 05:30:00
2309,"8/22/10, 5:30 AM","Chandoli(?) and Karchuna(?) vilalges, Pokkhri, Chamoli, Uttarakhand, Uttranchal","Chandoli(?) and Karchuna(?) vilalges, Pokkhri, Chamoli, Uttarakhand, Uttranchal",Uttarakhand,30.424,79.672,Landslide,Downpour,Medium,Unknown,0,,english.samaylive,http://english.samaylive.com/regional/uttarakhand/676471855.html,GLC,2309,Known within 25 km,NASA COOLR,COOLR administrative division; Uttaranchal normalized to Uttarakhand,OK,2010-08-22 05:30:00
2339,"8/26/10, 1:30 PM","Matak Mahari(?), near Dehradun, Uttarakhand","Matak Mahari(?), near Dehradun, Uttarakhand",Uttarakhand,30.365,78.064,Landslide,Downpour,Medium,Unknown,0,,sify.com,http://sify.com/news/cloudburst-landslides-damage-houses-school-in-uttarakhand-village-news-national-ki0r4efiegh.html,GLC,2339,Known within 50 km,NASA COOLR,COOLR administrative division; Uttaranchal normalized to Uttarakhand,OK,2010-08-26 13:30:00
2378,"9/3/10, 5:30 AM","Shivpuri, Rishikesh-Badrinath hwy","Shivpuri, Rishikesh-Badrinath hwy",Uttarakhand,30.135,78.39,Landslide,Downpour,Medium,Unknown,0,,timesofindia.indiatimes,http://timesofindia.indiatimes.com/india/8000-pilgrims-stranded-in-Uttarakhand/articleshow/6494279.cms,GLC,2378,Known within 5 km,NASA COOLR,COOLR administrative division; Uttaranchal normalized to Uttarakhand,OK,2010-09-03 05:30:00
2379,"9/3/10, 5:30 AM","Rudraprayag, Rishikesh-Badrinath hwy","Rudraprayag, Rishikesh-Badrinath hwy",Uttarakhand,30.285,78.983,Landslide,Downpour,Medium,Unknown,0,,timesofindia.indiatimes,http://timesofindia.indiatimes.com/india/8000-pilgrims-stranded-in-Uttarakhand/articleshow/6494279.cms,GLC,2379,Known within 10 km,NASA COOLR,COOLR administrative division; Uttaranchal normalized to Uttarakhand,OK,2010-09-03 05:30:00
2380,"9/3/10, 5:30 AM","Bhatwari, Rishikesh-Gangotri hwy","Bhatwari, Rishikesh-Gangotri hwy",Uttarakhand,30.401,79.028,Landslide,Downpour,Medium,Unknown,0,,timesofindia.indiatimes,http://timesofindia.indiatimes.com/india/8000-pilgrims-stranded-in-Uttarakhand/articleshow/6494279.cms,GLC,2380,Known within 5 km,NASA COOLR,COOLR administrative division; Uttaranchal normalized to Uttarakhand,OK,2010-09-03 05:30:00
2389,"9/4/10, 5:30 AM","Chhinka area(?), on Rishikesh-Badrinath hwy","Chhinka area(?), on Rishikesh-Badrinath hwy",Uttarakhand,30.5,79.389,Landslide,Downpour,Medium,Unknown,0,,economictimes.indiatimes,http://economictimes.indiatimes.com/articleshow/6492259.cms,GLC,2389,Known within 50 km,NASA COOLR,COOLR administrative division; Uttaranchal normalized to Uttarakhand,OK,2010-09-04 05:30:00
2390,"9/4/10, 5:30 AM","Karmkund(?), on Rishikesh-Gangotri hwy","Karmkund(?), on Rishikesh-Gangotri hwy",Uttarakhand,30.796,78.623,Landslide,Downpour,Medium,Unknown,0,,economictimes.indiatimes,http://economictimes.indiatimes.com/articleshow/6492259.cms,GLC,2390,Known within 50 km,NASA COOLR,COOLR administrative division; Uttaranchal normalized to Uttarakhand,OK,2010-09-04 05:30:00
2391,"9/4/10, 5:30 AM","Ranachatti(?), on road to Yamunotri","Ranachatti(?), on road to Yamunotri",Uttarakhand,30.899,78.34,Landslide,Downpour,Medium,Unknown,0,,economictimes.indiatimes,http://economictimes.indiatimes.com/articleshow/6492259.cms,GLC,2391,Known within 25 km,NASA COOLR,COOLR administrative division; Uttaranchal normalized to Uttarakhand,OK,2010-09-04 05:30:00
2416,"9/12/10, 5:30 AM","Uttarkashi town, Uttarakhand","Uttarkashi town, Uttarakhand",Uttarakhand,30.733,78.44,Landslide,Downpour,Medium,Unknown,0,,youtube,http://www.youtube.com/watch?v=WoWfWNSjTCI,GLC,2416,Known within 5 km,NASA COOLR,COOLR administrative division; Uttaranchal normalized to Uttarakhand,OK,2010-09-12 05:30:00
2440,"9/17/10, 5:30 AM","Maletha village, near Badrinath","Maletha village, near Badrinath",Uttarakhand,30.754,79.5,Landslide,Downpour,Very large,Unknown,,,Telegraph,http://www.telegraphindia.com/1100920/jsp/nation/story_12958037.jsp,GLC,2440,Known within 50 km,NASA COOLR,COOLR administrative division; Uttaranchal normalized to Uttarakhand,OK,2010-09-17 05:30:00
2443,"9/18/10, 5:30 AM","villages Pilkha(?), Devali(?), and Balta(?), Avalbagh block(?), Almora(Almorah) district, Uttarakhand","villages Pilkha(?), Devali(?), and Balta(?), Avalbagh block(?), Almora(Almorah) district, Uttarakhand",Uttarakhand,29.604,79.534,Landslide,Downpour,Large,Unknown,24,,timesofindia.indiatimes,http://timesofindia.indiatimes.com/india/Landslides-kill-11-in-Uttarakhand-14-trapped-under-debris/articleshow/6580510.cms,GLC,2443,Known within 50 km,NASA COOLR,COOLR administrative division; Uttaranchal normalized to Uttarakhand,OK,2010-09-18 05:30:00
2444,"9/18/10, 5:30 AM","Nainital district, Uttarakhand","Nainital district, Uttarakhand",Uttarakhand,29.296,79.54,Landslide,Downpour,Medium,Unknown,4,,indiatoday.intoday,http://indiatoday.intoday.in/site/Story/113220/India/19-perish-as-rains-pound-uttarakhand.html,GLC,2444,Known within 50 km,NASA COOLR,COOLR administrative division; Uttaranchal normalized to Uttarakhand,OK,2010-09-18 05:30:00
2445,"9/18/10, 5:30 AM","near Devprayag, Rishikesh-Badrinath hwy, ","near Devprayag, Rishikesh-Badrinath hwy, ",Uttarakhand,30.145,78.601,Landslide,Downpour,Medium,Unknown,0,,dailypioneer,http://www.dailypioneer.com/284337/65-killed-in-flash-floods-landslides.html,GLC,2445,Known within 10 km,NASA COOLR,COOLR administrative division; Uttaranchal normalized to Uttarakhand,OK,2010-09-18 05:30:00
2455,"9/19/10, 5:30 AM","road to Shivpur(Shivpuri), Pauri Garhwal district, Uttarakhand","road to Shivpur(Shivpuri), Pauri Garhwal district, Uttarakhand",Uttarakhand,30.104,78.427,Landslide,Downpour,Medium,Unknown,0,,Telegraph India,http://www.telegraphindia.com/1100922/jsp/nation/story_12966820.jsp,GLC,2455,Known within 10 km,NASA COOLR,COOLR administrative division; Uttaranchal normalized to Uttarakhand,OK,2010-09-19 05:30:00
2456,"9/19/10, 5:30 AM","near Bagri Glacier(?), Gopeswar(Gopeshwar), Chamoli district, Uttarakhand","near Bagri Glacier(?), Gopeswar(Gopeshwar), Chamoli district, Uttarakhand",Uttarakhand,30.799,79.436,Landslide,Downpour,Medium,Unknown,0,,Telegraph India,http://www.telegraphindia.com/1100922/jsp/nation/story_12966820.jsp,GLC,2456,Known within 25 km,NASA COOLR,COOLR administrative division; Uttaranchal normalized to Uttarakhand,OK,2010-09-19 05:30:00
2458,"9/19/10, 5:30 AM","roads to Gangotri, Uttarakhand","roads to Gangotri, Uttarakhand",Uttarakhand,30.902,78.776,Landslide,Downpour,Medium,Unknown,0,,tribuneindia,http://www.tribuneindia.com/2010/20100923/main1.htm,GLC,2458,Known within 25 km,NASA COOLR,COOLR administrative division; Uttaranchal normalized to Uttarakhand,OK,2010-09-19 05:30:00
2459,"9/19/10, 5:30 AM","roads to Rani Khet(Ranikhet) and Jolle Kote(?), Uttarakhand","roads to Rani Khet(Ranikhet) and Jolle Kote(?), Uttarakhand",Uttarakhand,29.548,79.321,Landslide,Downpour,Medium,Unknown,0,,tribuneindia,http://www.tribuneindia.com/2010/20100923/main1.htm,GLC,2459,Known within 50 km,NASA COOLR,COOLR administrative division; Uttaranchal normalized to Uttarakhand,OK,2010-09-19 05:30:00
2470,"9/19/10, 5:30 AM","Dehradun-Mussoorie rd, Himachal Pradesh","Dehradun-Mussoorie rd, Himachal Pradesh",Uttarakhand,30.433,78.077,Landslide,Downpour,Medium,Unknown,0,,sify.com,http://sify.com/news/landslides-flash-floods-damage-roads-in-uttarakhand-news-national-kjxruecgidd.html,GLC,2470,Known within 5 km,NASA COOLR,COOLR administrative division; Uttaranchal normalized to Uttarakhand,OK,2010-09-19 05:30:00
2471,"9/19/10, 5:30 AM","roads above Pithoragarh, Uttranchal","roads above Pithoragarh, Uttranchal",Uttarakhand,29.791,80.058,Landslide,Downpour,Medium,Unknown,0,,sify.com,http://sify.com/news/landslides-flash-floods-damage-roads-in-uttarakhand-news-national-kjxruecgidd.html,GLC,2471,Known within 50 km,NASA COOLR,COOLR administrative division; Uttaranchal normalized to Uttarakhand,OK,2010-09-19 05:30:00
2453,"9/19/10, 11:30 PM","near Chausali village(?), Almora district, Uttarakhand","near Chausali village(?), Almora district, Uttarakhand",Uttarakhand,29.613,79.494,Landslide,Downpour,Medium,Unknown,0,,indiascanner.com,http://indiascanner.com/65-died-in-flood-landslide-in-uttarakhand-15849,GLC,2453,Known within 50 km,NASA COOLR,COOLR administrative division; Uttaranchal normalized to Uttarakhand,OK,2010-09-19 23:30:00
2454,"9/19/10, 11:30 PM","near Mt. Kamet and Ghastoli village, near Mana pass, Chamoli district, Uttarakhand","near Mt. Kamet and Ghastoli village, near Mana pass, Chamoli district, Uttarakhand",Uttarakhand,30.901,79.532,Landslide,Downpour,Medium,Unknown,2,,monstersandcritics,http://www.monstersandcritics.com/news/southasia/news/article_1585977.php/Two-army-officers-killed-in-landslide-in-northern-India,GLC,2454,Known within 10 km,NASA COOLR,COOLR administrative division; Uttaranchal normalized to Uttarakhand,OK,2010-09-19 23:30:00
2476,"9/20/10, 5:30 AM","NH-87 near Naintital, Uttarakhand",200 meters of NH-87 collapsed,Uttarakhand,29.338,79.484,Landslide,Downpour,Medium,Below road,0,,english.ntdtv,http://english.ntdtv.com/ntdtv_en/ns_asia/2010-09-21/018730373390.html,GLC,2476,Known within 10 km,NASA COOLR,COOLR administrative division; Uttaranchal normalized to Uttarakhand,OK,2010-09-20 05:30:00
2478,"9/20/10, 5:30 AM","roads around Uttarkashi, Uttarakhand","roads around Uttarkashi, Uttarakhand",Uttarakhand,30.733,78.44,Landslide,Downpour,Medium,Unknown,0,,sify.com,http://sify.com/news/landslides-flash-floods-damage-roads-in-uttarakhand-news-national-kjxruecgidd.html,GLC,2478,Known within 25 km,NASA COOLR,COOLR administrative division; Uttaranchal normalized to Uttarakhand,OK,2010-09-20 05:30:00
3141,"2/23/11, 5:30 AM","Rishikesh-Badrinath national highway to Rudraprayag, Chamoli, and Badrinath, Uttarakhand","Rishikesh-Badrinath national highway to Rudraprayag, Chamoli, and Badrinath, Uttarakhand",Uttarakhand,30.475,79.229,Landslide,Downpour,Medium,Unknown,0,,zeenews,http://www.zeenews.com/news689983.html,GLC,3141,Known within 50 km,NASA COOLR,COOLR administrative division; Uttaranchal normalized to Uttarakhand,OK,2011-02-23 05:30:00
3558,"5/31/11, 5:30 AM","road to Yamunotri shrine, Uttarakashi","road to Yamunotri shrine, Uttarakashi",Uttarakhand,30.921,78.328,Landslide,Rain,Medium,Unknown,0,,news.in,http://news.in.msn.com/national/article.aspx?cp-documentid=5187654,GLC,3558,Known within 25 km,NASA COOLR,COOLR administrative division; Uttaranchal normalized to Uttarakhand,OK,2011-05-31 05:30:00
3559,"5/31/11, 11:30 PM","Chhatanga(?) village on Rishikesh-Yamunotri highway, Uttarkashi ","Chhatanga(?) village on Rishikesh-Yamunotri highway, Uttarkashi ",Uttarakhand,30.478,78.274,Landslide,Rain,Medium,Unknown,1,,news.in,http://news.in.msn.com/national/article.aspx?cp-documentid=5187654,GLC,3559,Known within 50 km,NASA COOLR,COOLR administrative division; Uttaranchal normalized to Uttarakhand,OK,2011-05-31 23:30:00
3577,"6/7/11, 5:30 AM","road to Badrinath shrine, Uttarakhand","road to Badrinath shrine, Uttarakhand",Uttarakhand,30.532,79.354,Landslide,Downpour,Medium,Unknown,0,,ibnlive.in,http://ibnlive.in.com/generalnewsfeed/news/uttarakhand-rains-bring-respite-trigger-landslides/719372.html,GLC,3577,Known within 50 km,NASA COOLR,COOLR administrative division; Uttaranchal normalized to Uttarakhand,OK,2011-06-07 05:30:00
3578,"6/7/11, 2:30 PM","Rishikesh-Badrinath hwy., near Sirobgarh(Sirobagad), Rudraprayag district, Uttarakhand","Rishikesh-Badrinath hwy., near Sirobgarh(Sirobagad), Rudraprayag district, Uttarakhand",Uttarakhand,30.241,78.908,Landslide,Downpour,Medium,Unknown,0,,english.samaylive,http://english.samaylive.com/regional-news/uttarakhand-news/676488233/rishikesh-badrinath-highway-blocked.html,GLC,3578,Known within 5 km,NASA COOLR,COOLR administrative division; Uttaranchal normalized to Uttarakhand,OK,2011-06-07 14:30:00
3668,"6/29/11, 5:30 AM","Almora-Pithoragarh road, between Makrau and Thiari","Almora-Pithoragarh road, between Makrau and Thiari",Uttarakhand,29.607,79.93,Landslide,Downpour,Medium,Unknown,0,,news.in,http://news.in.msn.com/national/article.aspx?cp-documentid=5242640,GLC,3668,Location not known,NASA COOLR,COOLR administrative division; Uttaranchal normalized to Uttarakhand,OK,2011-06-29 05:30:00
3669,"6/29/11, 5:30 AM","National Highway leading to Gangotri, from Dehradun","National Highway leading to Gangotri, from Dehradun",Uttarakhand,30.767,78.796,Landslide,Downpour,Medium,Unknown,0,,IBN,http://ibnlive.in.com/generalnewsfeed/news/yatra-to-kedarnath-gangotri-yamunotri-resumes/745000.html,GLC,3669,Known within 50 km,NASA COOLR,COOLR administrative division; Uttaranchal normalized to Uttarakhand,OK,2011-06-29 05:30:00
3670,"6/29/11, 5:30 AM",National highway leading to Kedarnath,National highway leading to Kedarnath,Uttarakhand,30.676,79.042,Landslide,Downpour,Medium,Above road,,,IBN,http://ibnlive.in.com/generalnewsfeed/news/yatra-to-kedarnath-gangotri-yamunotri-resumes/745000.html,GLC,3670,Known within 25 km,NASA COOLR,COOLR administrative division; Uttaranchal normalized to Uttarakhand,OK,2011-06-29 05:30:00
3671,"6/29/11, 5:30 AM",National Highway leading to Yamunotri from Dehradun,National Highway leading to Yamunotri from Dehradun,Uttarakhand,30.815,78.224,Landslide,Downpour,Medium,Above road,,,IBN,http://ibnlive.in.com/generalnewsfeed/news/yatra-to-kedarnath-gangotri-yamunotri-resumes/745000.html,GLC,3671,Location not known,NASA COOLR,COOLR administrative division; Uttaranchal normalized to Uttarakhand,OK,2011-06-29 05:30:00
3673,"6/29/11, 5:30 AM","Rishikesh-Kedarnath national highway, Sirobagad","Rishikesh-Kedarnath national highway, Sirobagad",Uttarakhand,30.242,78.9,Landslide,Downpour,Medium,Unknown,0,,ibnlive.in,http://ibnlive.in.com/generalnewsfeed/news/several-roads-blocked-due-to-landslides-in-uttarakhand/742517.html,GLC,3673,Known within 10 km,NASA COOLR,COOLR administrative division; Uttaranchal normalized to Uttarakhand,OK,2011-06-29 05:30:00
3674,"6/29/11, 5:30 AM",Several roads in Uttarakhand,Several roads in Uttarakhand,Uttarakhand,30.067,79.019,Landslide,Downpour,Large,Unknown,10,,ibnlive.in,http://ibnlive.in.com/generalnewsfeed/news/several-roads-blocked-due-to-landslides-in-uttarakhand/742517.html,GLC,3674,Known within 5 km,NASA COOLR,COOLR administrative division; Uttaranchal normalized to Uttarakhand,OK,2011-06-29 05:30:00
3678,"6/30/11, 5:30 AM","Pauri-Safdarkhal road, blocked at Khundadhar","Pauri-Safdarkhal road, blocked at Khundadhar",Uttarakhand,30.15,78.775,Landslide,Downpour,Medium,Unknown,0,,ibnlive.in,http://ibnlive.in.com/generalnewsfeed/news/yatra-to-kedarnath-gangotri-yamunotri-resumes/745000.html,GLC,3678,Known within 50 km,NASA COOLR,COOLR administrative division; Uttaranchal normalized to Uttarakhand,OK,2011-06-30 05:30:00
3737,"7/6/11, 5:30 AM","Gangortri-Rishikesh highway, at Narendranagar in Tehri district of Uttarakhand","Gangortri-Rishikesh highway, at Narendranagar in Tehri district of Uttarakhand",Uttarakhand,30.321,78.032,Landslide,Downpour,Medium,Unknown,0,,ibnlive.in,http://ibnlive.in.com/generalnewsfeed/news/gangortririshikesh-highway-closed-due-to-landslide/749417.html,GLC,3737,Known within 50 km,NASA COOLR,COOLR administrative division; Uttaranchal normalized to Uttarakhand,OK,2011-07-06 05:30:00
3746,"7/8/11, 5:30 AM",Lambagad,Lambagad,Uttarakhand,30.651,79.519,Landslide,Downpour,Medium,Unknown,0,,ibnlive.in,http://ibnlive.in.com/generalnewsfeed/news/chardham-yatra-suspended-due-to-rains/752982.html,GLC,3746,Known within 10 km,NASA COOLR,COOLR administrative division; Uttaranchal normalized to Uttarakhand,OK,2011-07-08 05:30:00
3749,"7/9/11, 5:30 AM",Badrinath,Badrinath,Uttarakhand,30.741,79.493,Landslide,Downpour,Medium,Unknown,0,,ibnlive.in,http://ibnlive.in.com/generalnewsfeed/news/chardham-yatra-suspended-due-to-rains/752982.html,GLC,3749,Known within 25 km,NASA COOLR,COOLR administrative division; Uttaranchal normalized to Uttarakhand,OK,2011-07-09 05:30:00
3750,"7/9/11, 5:30 AM",Gangotri,Gangotri,Uttarakhand,30.765,78.593,Landslide,Downpour,Medium,Unknown,0,,ibnlive.in,http://ibnlive.in.com/generalnewsfeed/news/chardham-yatra-suspended-due-to-rains/752982.html,GLC,3750,Known within 50 km,NASA COOLR,COOLR administrative division; Uttaranchal normalized to Uttarakhand,OK,2011-07-09 05:30:00
3751,"7/9/11, 5:30 AM",Kedarnath,Kedarnath,Uttarakhand,30.733,79.069,Landslide,Downpour,Medium,Unknown,0,,ibnlive.in,http://ibnlive.in.com/generalnewsfeed/news/chardham-yatra-suspended-due-to-rains/752982.html,GLC,3751,Known within 25 km,NASA COOLR,COOLR administrative division; Uttaranchal normalized to Uttarakhand,OK,2011-07-09 05:30:00
3752,"7/9/11, 5:30 AM",Yamunotri,Yamunotri,Uttarakhand,31.019,78.413,Landslide,Downpour,Medium,Unknown,0,,ibnlive.in,http://ibnlive.in.com/generalnewsfeed/news/chardham-yatra-suspended-due-to-rains/752982.html,GLC,3752,Known within 25 km,NASA COOLR,COOLR administrative division; Uttaranchal normalized to Uttarakhand,OK,2011-07-09 05:30:00
3757,"7/10/11, 5:30 AM",Nalupani area in Uttarkashi district,Nalupani area in Uttarkashi district,Uttarakhand,30.733,78.44,Landslide,Downpour,Medium,Unknown,0,,ibnlive.in,http://ibnlive.in.com/generalnewsfeed/news/rains-drench-north-india-7-die-in-rainlinked-incidents/753764.html,GLC,3757,Known within 10 km,NASA COOLR,COOLR administrative division; Uttaranchal normalized to Uttarakhand,OK,2011-07-10 05:30:00
3759,"7/11/11, 5:30 AM",Highways leading to Badrinath and Gangotri,Highways leading to Badrinath and Gangotri,Uttarakhand,30.506,79.113,Landslide,Downpour,Medium,Unknown,0,,ibnlive.in,http://ibnlive.in.com/generalnewsfeed/news/rains-lash-ukhand-landslides-block-roads/754140.html,GLC,3759,Known within 50 km,NASA COOLR,COOLR administrative division; Uttaranchal normalized to Uttarakhand,OK,2011-07-11 05:30:00
3819,"7/21/11, 5:30 AM","Chamoli , Uttarakhand","Chamoli , Uttarakhand",Uttarakhand,30.404,79.332,Landslide,Rain,Medium,Unknown,1,,ibnlive.in,http://ibnlive.in.com/generalnewsfeed/news/two-killed-as-heavy-rains-lash-uttarakhand/759890.html,GLC,3819,Known within 25 km,NASA COOLR,COOLR administrative division; Uttaranchal normalized to Uttarakhand,OK,2011-07-21 05:30:00
3820,"7/21/11, 5:30 AM","Garhwal, Uttarakhand","Garhwal, Uttarakhand",Uttarakhand,30.167,78.112,Landslide,Rain,Medium,Unknown,1,,ibnlive.in,http://ibnlive.in.com/generalnewsfeed/news/two-killed-as-heavy-rains-lash-uttarakhand/759890.html,GLC,3820,Known within 25 km,NASA COOLR,COOLR administrative division; Uttaranchal normalized to Uttarakhand,OK,2011-07-21 05:30:00
3821,"7/21/11, 5:30 AM","Kumaon, Uttarakhand","Kumaon, Uttarakhand",Uttarakhand,29.733,79.637,Landslide,Rain,Medium,Unknown,1,,ibnlive.in,http://ibnlive.in.com/generalnewsfeed/news/two-killed-as-heavy-rains-lash-uttarakhand/759890.html,GLC,3821,Known within 25 km,NASA COOLR,COOLR administrative division; Uttaranchal normalized to Uttarakhand,OK,2011-07-21 05:30:00
3859,"7/29/11, 5:30 AM",Kedarnath yatra,Kedarnath yatra,Uttarakhand,30.012,78.197,Landslide,Downpour,Medium,Unknown,0,,ibnlive.in,http://ibnlive.in.com/generalnewsfeed/news/kedarnath-yatra-remains-suspended-for-sixth-consecutive-day/774968.html,GLC,3859,Known within 50 km,NASA COOLR,COOLR administrative division; Uttaranchal normalized to Uttarakhand,OK,2011-07-29 05:30:00
3899,"8/8/11, 5:30 AM","Chhatanga area; Helkugad; and Netala, all on the Rishikesh-Yamunotri National Highway","Chhatanga area; Helkugad; and Netala, all on the Rishikesh-Yamunotri National Highway",Uttarakhand,30.226,78.376,Landslide,Downpour,Medium,Unknown,0,,china,http://www.china.org.cn/environment/2011-07/22/content_23044018.htm,GLC,3899,Location not known,NASA COOLR,COOLR administrative division; Uttaranchal normalized to Uttarakhand,OK,2011-08-08 05:30:00
3900,"8/8/11, 5:30 AM","Govindghat, on the Rishikesh-Badrinath highway","Govindghat, on the Rishikesh-Badrinath highway",Uttarakhand,30.652,79.557,Landslide,Downpour,Medium,Unknown,0,,china,http://www.china.org.cn/environment/2011-07/22/content_23044018.htm,GLC,3900,Known within 5 km,NASA COOLR,COOLR administrative division; Uttaranchal normalized to Uttarakhand,OK,2011-08-08 05:30:00
3905,"8/10/11, 5:30 AM",Chardham yatra,Chardham yatra,Uttarakhand,30.283,78.304,Landslide,Rain,Medium,Unknown,0,,hindustantimes,http://www.hindustantimes.com/Rains-continue-to-suspend-Chardham-yatra/Article1-731900.aspx,GLC,3905,Known within 50 km,NASA COOLR,COOLR administrative division; Uttaranchal normalized to Uttarakhand,OK,2011-08-10 05:30:00
3913,"8/12/11, 5:30 AM","The Chardham yatra, shrines of Badrinath, Kedarnath, Gangotri, and Yamunotri","The Chardham yatra, shrines of Badrinath, Kedarnath, Gangotri, and Yamunotri",Uttarakhand,29.912,78.172,Landslide,Rain,Medium,Unknown,0,,ibnlive.in,http://ibnlive.in.com/generalnewsfeed/news/landslides-suspend-chardham-yatra/786379.html,GLC,3913,Known within 25 km,NASA COOLR,COOLR administrative division; Uttaranchal normalized to Uttarakhand,OK,2011-08-12 05:30:00
3914,"8/12/11, 5:30 AM",Uttarakhand and the Uttar Pradesh,Uttarakhand and the Uttar Pradesh,Uttarakhand,28.867,79.568,Landslide,Rain,Large,Unknown,11,,greaterkashmir,http://www.greaterkashmir.com/news/2011/Aug/13/monsoon-remains-active-in-northern-india-claims-11-lives-45.asp,GLC,3914,Location not known,NASA COOLR,COOLR administrative division; Uttaranchal normalized to Uttarakhand,OK,2011-08-12 05:30:00
4090,"12/10/11, 5:30 AM",Uttarakhand ,Uttarakhand ,Uttarakhand,29.913,79.353,Landslide,Downpour,Medium,Unknown,0,,newstrackindia,http://www.newstrackindia.com/newsdetails/254556,GLC,4090,Known within 10 km,NASA COOLR,COOLR administrative division; Uttaranchal normalized to Uttarakhand,OK,2011-12-10 05:30:00
4240,"3/4/12, 1:30 PM","Pithoragarh district, Uttarakhand","Pithoragarh district, Uttarakhand",Uttarakhand,29.58,80.212,Landslide,Unknown,Medium,Unknown,2,,ibnlive.in,http://ibnlive.in.com/generalnewsfeed/news/two-buried-one-injured-in-landslide/971189.html,GLC,4240,Known within 10 km,NASA COOLR,COOLR administrative division; Uttaranchal normalized to Uttarakhand,OK,2012-03-04 13:30:00
4445,"7/5/12, 5:30 AM","Badrinath Rd,  Rishikesh, Uttarakhand","Badrinath Rd,  Rishikesh, Uttarakhand",Uttarakhand,30.128,78.322,Landslide,Downpour,Large,Unknown,1,,dailypioneer,http://www.dailypioneer.com/nation/78471-cloudburst-landslide-in-u-khand-claim-one.html,GLC,4445,Known within 1 km,NASA COOLR,COOLR administrative division; Uttaranchal normalized to Uttarakhand,OK,2012-07-05 05:30:00
6310,"8/6/12, 5:00 AM",Kempty falls,Kempty falls,Uttarakhand,30.488,78.037,Rock fall,Unknown,Medium,Above river,0,0,Hindustan Times,http://www.hindustantimes.com/india-news/dehradun/mussoorie-landslide-hit-kempty-falls-cries-for-restoration/article1-1265964.aspx,GLC,6310,Known within 1 km,NASA COOLR,COOLR administrative division; Uttaranchal normalized to Uttarakhand,OK,2012-08-06 05:00:00
4472,"8/14/12, 5:30 AM","Uttarkashi, Uttarakhand,","Uttarkashi, Uttarakhand,",Uttarakhand,30.736,78.44,Landslide,Downpour,Medium,Unknown,,,ibnlive.in,http://ibnlive.in.com/generalnewsfeed/news/five-bro-personnel-injured-in-landslides/1043221.html,GLC,4472,Known within 10 km,NASA COOLR,COOLR administrative division; Uttaranchal normalized to Uttarakhand,OK,2012-08-14 05:30:00
4481,"8/17/12, 5:30 AM","Chamoli, Uttarakhand","Chamoli, Uttarakhand",Uttarakhand,30.659,79.561,Landslide,Downpour,Medium,Unknown,4,,ndtv,http://www.ndtv.com/article/india/four-die-in-landslides-in-uttarakhand-gangotri-rishikesh-highway-blocked-256310,GLC,4481,Known within 5 km,NASA COOLR,COOLR administrative division; Uttaranchal normalized to Uttarakhand,OK,2012-08-17 05:30:00
4487,"8/17/12, 5:30 AM","Gangotri-Rishikesh hwy, Uttarakhand (mid-point of road -exact location unknown)","Gangotri-Rishikesh hwy, Uttarakhand (mid-point of road -exact location unknown)",Uttarakhand,30.618,78.323,Landslide,Downpour,Medium,Unknown,,,ndtv,http://www.ndtv.com/article/india/four-die-in-landslides-in-uttarakhand-gangotri-rishikesh-highway-blocked-256310,GLC,4487,Known within 25 km,NASA COOLR,COOLR administrative division; Uttaranchal normalized to Uttarakhand,OK,2012-08-17 05:30:00
4551,"9/14/12, 5:30 AM","Bageshwar, Uttarakhand","Bageshwar, Uttarakhand",Uttarakhand,29.841,79.776,Landslide,Downpour,Large,Unknown,9,,india.nydailynews,http://india.nydailynews.com/newsarticle/50533f44c110c01e42000000/india-landslides-kill-28,GLC,4551,Known within 5 km,NASA COOLR,COOLR administrative division; Uttaranchal normalized to Uttarakhand,OK,2012-09-14 05:30:00
4550,"9/14/12, 1:30 PM","Rudraprayag, Uttarakhand","Rudraprayag, Uttarakhand",Uttarakhand,30.285,78.983,Landslide,Downpour,Very large,Unknown,19,,india.nydailynews,http://india.nydailynews.com/newsarticle/50533f44c110c01e42000000/india-landslides-kill-28,GLC,4550,Known within 5 km,NASA COOLR,COOLR administrative division; Uttaranchal normalized to Uttarakhand,OK,2012-09-14 13:30:00
4914,"6/13/13, 3:30 AM","Rishikesh-Gangotri National Highway Near Mari Sainji Village, Uttarkashi, Uttarakhand","Rishikesh-Gangotri National Highway Near Mari Sainji Village, Uttarkashi, Uttarakhand",Uttarakhand,30.739,78.531,Landslide,Downpour,Medium,Unknown,0,,m.timesofindia.com,http://m.timesofindia.com/india/15000-tourists-struck-for-16-hours-in-Uttarakhand-after-landslides/articleshow/20582096.cms,GLC,4914,Known within 5 km,NASA COOLR,COOLR administrative division; Uttaranchal normalized to Uttarakhand,OK,2013-06-13 03:30:00
4928,"6/16/13, 5:30 AM","Rudraprayag-Gaurikund Road, Uttarakhand","Rudraprayag-Gaurikund Road, Uttarakhand",Uttarakhand,30.462,79.077,Landslide,Rain,Medium,Unknown,0,,The Indian EXPRESS,http://www.indianexpress.com/news/50-major-landslides-hit-four-road-stretches-in-uttarakhand-govt/1131703/,GLC,4928,Known within 25 km,NASA COOLR,COOLR administrative division; Uttaranchal normalized to Uttarakhand,OK,2013-06-16 05:30:00
4929,"6/16/13, 5:30 AM","Rishikesh-Joshimath-Mana Road, Uttarakhand","Rishikesh-Joshimath-Mana Road, Uttarakhand",Uttarakhand,30.495,78.388,Landslide,Rain,Medium,Unknown,0,,The Indian EXPRESS,http://www.indianexpress.com/news/50-major-landslides-hit-four-road-stretches-in-uttarakhand-govt/1131703/,GLC,4929,Known within 50 km,NASA COOLR,COOLR administrative division; Uttaranchal normalized to Uttarakhand,OK,2013-06-16 05:30:00
4930,"6/16/13, 5:30 AM","Dharasu-Gangotri Road, Uttarakhand","Dharasu-Gangotri Road, Uttarakhand",Uttarakhand,30.885,78.67,Landslide,Rain,Medium,Unknown,0,,The Indian EXPRESS,http://www.indianexpress.com/news/50-major-landslides-hit-four-road-stretches-in-uttarakhand-govt/1131703/,GLC,4930,Known within 50 km,NASA COOLR,COOLR administrative division; Uttaranchal normalized to Uttarakhand,OK,2013-06-16 05:30:00
4931,"6/16/13, 5:30 AM","Pithoragarh-Ghatiabgarh Road, Uttarakhand","Pithoragarh-Ghatiabgarh Road, Uttarakhand",Uttarakhand,29.799,80.417,Landslide,Rain,Medium,Unknown,0,,The Indian EXPRESS,http://www.indianexpress.com/news/50-major-landslides-hit-four-road-stretches-in-uttarakhand-govt/1131703/,GLC,4931,Known within 50 km,NASA COOLR,COOLR administrative division; Uttaranchal normalized to Uttarakhand,OK,2013-06-16 05:30:00
4924,"6/17/13, 1:00 AM","Kedarnath (Hindu Shrine), Near Kedarnath Dome (Mountain), Uttarakhand","Kedarnath (Hindu Shrine), Near Kedarnath Dome (Mountain), Uttarakhand",Uttarakhand,30.735,79.067,Debris flow,Downpour,Very large,Unknown,"5,000",,blogs.agu.org,http://blogs.agu.org/landslideblog/2013/06/21/the-kedarnath-debris-flow-disaster-in-uttarakhand/,GLC,4924,Known within 1 km,NASA COOLR,COOLR administrative division; Uttaranchal normalized to Uttarakhand,OK,2013-06-17 01:00:00
4936,"6/17/13, 5:30 AM","Rambara District, Uttarakhand","Rambara District, Uttarakhand",Uttarakhand,30.695,79.054,Landslide,Downpour,Large,Unknown,13,,ibnlive.in.com,http://ibnlive.in.com/news/uttarakhand-floods-landslides-leave-40-dead-over-60000-stranded/399619-3.html,GLC,4936,Known within 1 km,NASA COOLR,COOLR administrative division; Uttaranchal normalized to Uttarakhand,OK,2013-06-17 05:30:00
4940,"6/17/13, 5:30 AM","Dehradun, Uttarakhand","Dehradun, Uttarakhand",Uttarakhand,30.307,78.017,Landslide,Rain,Medium,Unknown,3,,ibnlive.in.com,http://ibnlive.in.com/news/uttarakhand-floods-landslides-leave-40-dead-over-60000-stranded/399619-3.html,GLC,4940,Known within 25 km,NASA COOLR,COOLR administrative division; Uttaranchal normalized to Uttarakhand,OK,2013-06-17 05:30:00
4943,"6/17/13, 5:30 AM","Almora, Uttarakhand","Almora, Uttarakhand",Uttarakhand,29.599,79.659,Landslide,Downpour,Medium,Unknown,4,,ibnlive.in.com,http://ibnlive.in.com/news/uttarakhand-floods-landslides-leave-40-dead-over-60000-stranded/399619-3.html,GLC,4943,Known within 5 km,NASA COOLR,COOLR administrative division; Uttaranchal normalized to Uttarakhand,OK,2013-06-17 05:30:00
4949,"6/18/13, 8:30 PM",Road Near Tipri To Kedarnath,Road Near Tipri To Kedarnath,Uttarakhand,30.38,78.502,Landslide,Rain,Medium,Unknown,0,,ibnlive.in.com,http://ibnlive.in.com/videos/400037/ground-report-massive-landslides-in-tipri-block-roads.html,GLC,4949,Known within 5 km,NASA COOLR,COOLR administrative division; Uttaranchal normalized to Uttarakhand,OK,2013-06-18 20:30:00
4966,"6/19/13, 5:30 AM","Almora, Uttarakhand","Almora, Uttarakhand",Uttarakhand,29.594,79.681,Landslide,Rain,Medium,Unknown,0,,ibnlive.in.com,http://ibnlive.in.com/news/almora-roads-cave-in-get-washed-away-after-fresh-landslide/400275-3-243.html,GLC,4966,Known within 5 km,NASA COOLR,COOLR administrative division; Uttaranchal normalized to Uttarakhand,OK,2013-06-19 05:30:00
4978,"6/24/13, 5:30 AM","Rishikesh-Uttarkashi Route, Uttarakhand","Rishikesh-Uttarkashi Route, Uttarakhand",Uttarakhand,30.454,78.391,Debris flow,Downpour,Medium,Unknown,0,,www.indiablooms.com,http://www.indiablooms.com/NewsDetailsPage/2013/newsDetails240613d.php,GLC,4978,Known within 50 km,NASA COOLR,COOLR administrative division; Uttaranchal normalized to Uttarakhand,OK,2013-06-24 05:30:00
4974,"6/24/13, 8:30 PM","Between Rudaprayag And Guptkashi, Uttarakhand (2 Landslides)","Between Rudaprayag And Guptkashi, Uttarakhand (2 Landslides)",Uttarakhand,30.409,79.058,Landslide,Rain,Medium,Unknown,0,,www.hindustantimes.com,http://www.hindustantimes.com/India-news/Uttarakhand/Uttarakhand-Two-landslides-slow-down-ground-operations/Article1-1081377.aspx,GLC,4974,Known within 25 km,NASA COOLR,COOLR administrative division; Uttaranchal normalized to Uttarakhand,OK,2013-06-24 20:30:00
4975,"6/25/13, 3:30 AM","Sirobhgarh Bend, Srinagar-Rudraprayag Highway, Uttarakhand, Northern India","Sirobhgarh Bend, Srinagar-Rudraprayag Highway, Uttarakhand, Northern India",Uttarakhand,30.252,78.923,Landslide,Downpour,Medium,Unknown,0,,www.business-standard.com,http://www.business-standard.com/article/specials/fresh-landslide-plays-spoil-sport-to-rescue-operations-113062500319_1.html,GLC,4975,Known within 10 km,NASA COOLR,COOLR administrative division; Uttaranchal normalized to Uttarakhand,OK,2013-06-25 03:30:00
5022,"7/4/13, 5:30 AM","Pithoragarh Tehsil, Uttarakhand","Pithoragarh Tehsil, Uttarakhand",Uttarakhand,29.58,80.221,Landslide,Downpour,Medium,Unknown,,,articles.timesofindia.indiatimes.com,http://articles.timesofindia.indiatimes.com/2013-07-08/india/40442779_1_food-grains-villages-pithoragarh-district-headquarters,GLC,5022,Known within 25 km,NASA COOLR,COOLR administrative division; Uttaranchal normalized to Uttarakhand,OK,2013-07-04 05:30:00
5023,"7/4/13, 5:30 AM","Munsari Tehsil, Uttarakhand","Munsari Tehsil, Uttarakhand",Uttarakhand,30.071,80.239,Landslide,Continuous rain,Medium,Unknown,,,articles.timesofindia.indiatimes.com,http://articles.timesofindia.indiatimes.com/2013-07-08/india/40442779_1_food-grains-villages-pithoragarh-district-headquarters,GLC,5023,Location not known,NASA COOLR,COOLR administrative division; Uttaranchal normalized to Uttarakhand,OK,2013-07-04 05:30:00
5024,"7/4/13, 5:30 AM","Gunji, Uttarakhand","Gunji, Uttarakhand",Uttarakhand,30.172,80.858,Landslide,Continuous rain,Medium,Unknown,,,articles.timesofindia.indiatimes.com,http://articles.timesofindia.indiatimes.com/2013-07-08/india/40442779_1_food-grains-villages-pithoragarh-district-headquarters,GLC,5024,Known within 50 km,NASA COOLR,COOLR administrative division; Uttaranchal normalized to Uttarakhand,OK,2013-07-04 05:30:00
5068,"7/10/13, 10:00 AM","Bhikona Village, Pokhri Block, Chamoli Village, Uttarakhand","Bhikona Village, Pokhri Block, Chamoli Village, Uttarakhand",Uttarakhand,30.363,79.214,Landslide,Rain,Medium,Unknown,7,,articles.timesofindia.indiatimes.com,http://articles.timesofindia.indiatimes.com/2013-07-11/india/40513904_1_kedarnath-gaurikund-vijay-bahuguna,GLC,5068,Known within 5 km,NASA COOLR,COOLR administrative division; Uttaranchal normalized to Uttarakhand,OK,2013-07-10 10:00:00
5086,"7/12/13, 5:30 AM","Nainital District, Uttarakhand","Nainital District, Uttarakhand",Uttarakhand,29.38,79.463,Landslide,Rain,Medium,Unknown,6,,www.newsworms.com,http://www.newsworms.com/news_detail.php?ncatId=40&pcatid=36&news_id=7286,GLC,5086,Known within 5 km,NASA COOLR,COOLR administrative division; Uttaranchal normalized to Uttarakhand,OK,2013-07-12 05:30:00
5088,"7/12/13, 5:30 AM","Lohardobha Billage, Dhari, Nainital","Lohardobha Billage, Dhari, Nainital",Uttarakhand,29.38,79.463,Mudslide,Downpour,Medium,Unknown,6,,www.newsworms.com,http://www.newsworms.com/news_detail.php?ncatId=40&pcatid=36&news_id=7286,GLC,5088,Known within 5 km,NASA COOLR,COOLR administrative division; Uttaranchal normalized to Uttarakhand,OK,2013-07-12 05:30:00
5129,"7/18/13, 5:30 AM","Chamoli District, Uttarakhand","Chamoli District, Uttarakhand",Uttarakhand,30.404,79.331,Landslide,Downpour,Medium,Unknown,0,,post.jagran.com,http://post.jagran.com/fresh-landslides-hit-1374126579,GLC,5129,Known within 1 km,NASA COOLR,COOLR administrative division; Uttaranchal normalized to Uttarakhand,OK,2013-07-18 05:30:00
5130,"7/18/13, 5:30 AM","Netali Maneri Marg, Uttarkashi District, Uttarakhand","Netali Maneri Marg, Uttarkashi District, Uttarakhand",Uttarakhand,30.731,78.435,Debris flow,Downpour,Small,Unknown,0,,post.jagran.com,http://post.jagran.com/fresh-landslides-hit-1374126579,GLC,5130,Known within 5 km,NASA COOLR,COOLR administrative division; Uttaranchal normalized to Uttarakhand,OK,2013-07-18 05:30:00
5139,"7/19/13, 5:30 AM","Munsyari Area, Pithoragarh, Uttarakhand","Munsyari Area, Pithoragarh, Uttarakhand",Uttarakhand,30.072,80.237,Landslide,Downpour,Medium,Unknown,0,,www.thehindu.com,http://www.thehindu.com/news/national/other-states/heavy-rainfall-causes-landslides-in-kumaon/article4931537.ece,GLC,5139,Known within 5 km,NASA COOLR,COOLR administrative division; Uttaranchal normalized to Uttarakhand,OK,2013-07-19 05:30:00
5176,"7/23/13, 5:30 AM","Deval, Chamoli District, Uttarakhand","Deval, Chamoli District, Uttarakhand",Uttarakhand,30.194,79.194,Landslide,Downpour,Medium,Unknown,0,,www.dnaindia.com,http://www.dnaindia.com/india/1864669/report-fresh-incidents-of-landslides-as-heavy-rains-lash-uttarakhand,GLC,5176,Known within 1 km,NASA COOLR,COOLR administrative division; Uttaranchal normalized to Uttarakhand,OK,2013-07-23 05:30:00
5177,"7/23/13, 5:30 AM","Gauchar, Chamoli District, Uttarakhand","Gauchar, Chamoli District, Uttarakhand",Uttarakhand,30.29,79.151,Landslide,Downpour,Medium,Unknown,0,,www.dnaindia.com,http://www.dnaindia.com/india/1864669/report-fresh-incidents-of-landslides-as-heavy-rains-lash-uttarakhand,GLC,5177,Known within 5 km,NASA COOLR,COOLR administrative division; Uttaranchal normalized to Uttarakhand,OK,2013-07-23 05:30:00
5178,"7/24/13, 5:30 AM","Chamoli, Uttarakhand","Chamoli, Uttarakhand",Uttarakhand,30.461,79.477,Landslide,Continuous rain,Medium,Unknown,2,,www.livemint.com,http://www.livemint.com/Politics/BoCQF6gfN3g4k7x0giBp4N/Fresh-incidents-of-cloud-burst-as-heavy-rains-lash-Uttarakah.html,GLC,5178,Location not known,NASA COOLR,COOLR administrative division; Uttaranchal normalized to Uttarakhand,OK,2013-07-24 05:30:00
5179,"7/24/13, 5:30 AM","Karnaprayag, Uttarakhand","Karnaprayag, Uttarakhand",Uttarakhand,30.262,79.219,Landslide,Downpour,Medium,Unknown,0,,www.livemint.com,http://www.livemint.com/Politics/BoCQF6gfN3g4k7x0giBp4N/Fresh-incidents-of-cloud-burst-as-heavy-rains-lash-Uttarakah.html,GLC,5179,Known within 5 km,NASA COOLR,COOLR administrative division; Uttaranchal normalized to Uttarakhand,OK,2013-07-24 05:30:00
5181,"7/24/13, 5:30 AM","Rishikesh-Badrinath Highway, Uttarakhand","Rishikesh-Badrinath Highway, Uttarakhand",Uttarakhand,30.273,79.233,Landslide,Downpour,Medium,Unknown,,,www.thehindubusinessline.com,http://www.thehindubusinessline.com/news/rains-trigger-cloudburst-landslides-in-uttarakhand/article4948408.ece,GLC,5181,Location not known,NASA COOLR,COOLR administrative division; Uttaranchal normalized to Uttarakhand,OK,2013-07-24 05:30:00
5182,"7/24/13, 5:30 AM","Thirpak, Uttarakhand","Thirpak, Uttarakhand",Uttarakhand,30.301,79.363,Landslide,Downpour,Medium,Unknown,0,,www.thehindubusinessline.com,http://www.thehindubusinessline.com/news/rains-trigger-cloudburst-landslides-in-uttarakhand/article4948408.ece,GLC,5182,Known within 5 km,NASA COOLR,COOLR administrative division; Uttaranchal normalized to Uttarakhand,OK,2013-07-24 05:30:00
5183,"7/24/13, 5:30 AM","Tefana, Uttarakhand","Tefana, Uttarakhand",Uttarakhand,30.306,79.329,Landslide,Downpour,Medium,Unknown,0,,www.thehindubusinessline.com,http://www.thehindubusinessline.com/news/rains-trigger-cloudburst-landslides-in-uttarakhand/article4948408.ece,GLC,5183,Known within 1 km,NASA COOLR,COOLR administrative division; Uttaranchal normalized to Uttarakhand,OK,2013-07-24 05:30:00
5184,"7/24/13, 5:30 AM","Sunali, Uttarakhand","Sunali, Uttarakhand",Uttarakhand,30.906,78.091,Landslide,Downpour,Medium,Unknown,0,,www.thehindubusinessline.com,http://www.thehindubusinessline.com/news/rains-trigger-cloudburst-landslides-in-uttarakhand/article4948408.ece,GLC,5184,Known within 1 km,NASA COOLR,COOLR administrative division; Uttaranchal normalized to Uttarakhand,OK,2013-07-24 05:30:00
5195,"7/25/13, 5:30 AM","Alaknanda Valley Of Chamoli District, Uttarakhand","Alaknanda Valley Of Chamoli District, Uttarakhand",Uttarakhand,30.404,79.328,Landslide,Continuous rain,Medium,Unknown,,,www.newindianexpress.com,http://www.newindianexpress.com/nation/Fresh-landslides-in-Uttarakhand-as-bad-weather-persists/2013/07/25/article1701733.ece,GLC,5195,Location not known,NASA COOLR,COOLR administrative division; Uttaranchal normalized to Uttarakhand,OK,2013-07-25 05:30:00
5196,"7/25/13, 5:30 AM","Uttarkashi, Uttarakhand","Uttarkashi, Uttarakhand",Uttarakhand,30.893,78.48,Landslide,Continuous rain,Medium,Unknown,,,www.newindianexpress.com,http://www.newindianexpress.com/nation/Fresh-landslides-in-Uttarakhand-as-bad-weather-persists/2013/07/25/article1701733.ece,GLC,5196,Location not known,NASA COOLR,COOLR administrative division; Uttaranchal normalized to Uttarakhand,OK,2013-07-25 05:30:00
5197,"7/25/13, 5:30 AM","Ganga Vihar Colony In Bhatwadi Area, Uttarkashi, Uttarakhand","Ganga Vihar Colony In Bhatwadi Area, Uttarkashi, Uttarakhand",Uttarakhand,30.82,78.619,Landslide,Continuous rain,Medium,Unknown,,,www.newindianexpress.com,http://www.newindianexpress.com/nation/Fresh-landslides-in-Uttarakhand-as-bad-weather-persists/2013/07/25/article1701733.ece,GLC,5197,Known within 5 km,NASA COOLR,COOLR administrative division; Uttaranchal normalized to Uttarakhand,OK,2013-07-25 05:30:00
5198,"7/25/13, 5:30 AM","Quaritok, Uttarkashi, Uttarakhand","Quaritok, Uttarkashi, Uttarakhand",Uttarakhand,30.893,78.48,Landslide,Continuous rain,Medium,Unknown,0,,www.newindianexpress.com,http://www.newindianexpress.com/nation/Fresh-landslides-in-Uttarakhand-as-bad-weather-persists/2013/07/25/article1701733.ece,GLC,5198,Location not known,NASA COOLR,COOLR administrative division; Uttaranchal normalized to Uttarakhand,OK,2013-07-25 05:30:00
5199,"7/25/13, 5:30 AM","Malla, Uttarkashi, Uttarakhand","Malla, Uttarkashi, Uttarakhand",Uttarakhand,30.787,78.617,Landslide,Continuous rain,Medium,Unknown,0,,www.newindianexpress.com,http://www.newindianexpress.com/nation/Fresh-landslides-in-Uttarakhand-as-bad-weather-persists/2013/07/25/article1701733.ece,GLC,5199,Known within 1 km,NASA COOLR,COOLR administrative division; Uttaranchal normalized to Uttarakhand,OK,2013-07-25 05:30:00
5208,"7/26/13, 5:30 AM",Rishikesh-Badrinath Highway Near Kaleshwar,Rishikesh-Badrinath Highway Near Kaleshwar,Uttarakhand,30.284,79.25,Landslide,Rain,Medium,Unknown,,,www.business-standard.com,http://www.business-standard.com/article/current-affairs/clear-weather-in-most-parts-of-uttarakhand-113072600531_1.html,GLC,5208,Known within 5 km,NASA COOLR,COOLR administrative division; Uttaranchal normalized to Uttarakhand,OK,2013-07-26 05:30:00
5209,"7/26/13, 5:30 AM",Rishikesh-Gangotri Highway Near Dharasu-Nalupani,Rishikesh-Gangotri Highway Near Dharasu-Nalupani,Uttarakhand,30.654,78.337,Landslide,Rain,Medium,Unknown,,,www.business-standard.com,http://www.business-standard.com/article/current-affairs/clear-weather-in-most-parts-of-uttarakhand-113072600531_1.html,GLC,5209,Known within 25 km,NASA COOLR,COOLR administrative division; Uttaranchal normalized to Uttarakhand,OK,2013-07-26 05:30:00
5215,"7/27/13, 5:30 AM",Balsori Villages In The Akhrori Area,Balsori Villages In The Akhrori Area,Uttarakhand,30.452,78.754,Landslide,Rain,Medium,Unknown,,,www.indiatvnews.com,http://www.indiatvnews.com/news/india/uttarakhand-many-families-shifted-from-ukhimath-fearing-landslide-25652.html,GLC,5215,Known within 5 km,NASA COOLR,COOLR administrative division; Uttaranchal normalized to Uttarakhand,OK,2013-07-27 05:30:00
5224,"7/28/13, 5:30 AM","Samkot Village Of Pithoragarhi, Uttarakhand","Samkot Village Of Pithoragarhi, Uttarakhand",Uttarakhand,29.996,80.201,Mudslide,Downpour,Small,Unknown,1,,ibnlive.in.com,http://ibnlive.in.com/news/bad-weather-continues-in-uttarakhand-three-people-die-in-landslides-wall-collapse/410397-3-243.html,GLC,5224,Known within 10 km,NASA COOLR,COOLR administrative division; Uttaranchal normalized to Uttarakhand,OK,2013-07-28 05:30:00
5225,"7/28/13, 5:30 AM","Bhatwari Area Of Uttarkashi Districti, Uttarakhand","Bhatwari Area Of Uttarkashi Districti, Uttarakhand",Uttarakhand,30.819,78.615,Mudslide,Downpour,Small,Unknown,1,,ibnlive.in.com,http://ibnlive.in.com/news/bad-weather-continues-in-uttarakhand-three-people-die-in-landslides-wall-collapse/410397-3-243.html,GLC,5225,Known within 5 km,NASA COOLR,COOLR administrative division; Uttaranchal normalized to Uttarakhand,OK,2013-07-28 05:30:00
5240,"7/31/13, 1:30 PM","Dehradun, Uttarakhand","Dehradun, Uttarakhand",Uttarakhand,30.382,78.095,Landslide,Downpour,Medium,Unknown,4,,news.oneindia.in,http://news.oneindia.in/2013/08/03/almora-sdm-drowned-mandakini-river-in-kedarnath-1275017.html,GLC,5240,Known within 10 km,NASA COOLR,COOLR administrative division; Uttaranchal normalized to Uttarakhand,OK,2013-07-31 13:30:00
5241,"7/31/13, 1:30 PM","Salut, Almora, Uttarakhand","Salut, Almora, Uttarakhand",Uttarakhand,29.595,79.663,Landslide,Downpour,Medium,Unknown,,,www.hindustantimes.com,http://www.hindustantimes.com/India-news/NorthIndiaRainFury2013/SDM-8-others-killed-as-heavy-rains-lash-Uttarakhand/Article1-1101502.aspx,GLC,5241,Location not known,NASA COOLR,COOLR administrative division; Uttaranchal normalized to Uttarakhand,OK,2013-07-31 13:30:00
5285,"8/5/13, 5:30 AM","Jhulaghat Area Of Pithoragarh District, Uttarakhand","Jhulaghat Area Of Pithoragarh District, Uttarakhand",Uttarakhand,29.566,80.366,Landslide,Monsoon,Medium,Unknown,1,1,www.moneycontrol.com,http://www.moneycontrol.com/news/wire-news/one-killed-another-injuredlandslideuttarakhand_930257.html,GLC,5285,Known within 10 km,NASA COOLR,COOLR administrative division; Uttaranchal normalized to Uttarakhand,OK,2013-08-05 05:30:00
5320,"8/13/13, 1:30 PM","Kot Village Of Tehri District, Uttarakhand","Kot Village Of Tehri District, Uttarakhand",Uttarakhand,30.601,78.345,Landslide,Downpour,Medium,Unknown,2,,post.jagran.com,http://post.jagran.com/2-killed-in-landslide-as-heavy-rains-lash-uttarakhand-1376460094,GLC,5320,Known within 5 km,NASA COOLR,COOLR administrative division; Uttaranchal normalized to Uttarakhand,OK,2013-08-13 13:30:00
5346,"8/17/13, 5:30 AM","Harsil, Uttarakhand","Harsil, Uttarakhand",Uttarakhand,31.034,78.725,Landslide,Rain,Medium,Unknown,,,www.ndtv.com,http://www.ndtv.com/article/india/uttarakhand-devastation-two-months-on-where-s-the-road-to-recovery-407126,GLC,5346,Known within 5 km,NASA COOLR,COOLR administrative division; Uttaranchal normalized to Uttarakhand,OK,2013-08-17 05:30:00
5347,"8/17/13, 5:30 AM","Uttarkashi, Uttarakhand","Uttarkashi, Uttarakhand",Uttarakhand,30.729,78.44,Landslide,Rain,Medium,Unknown,,,www.saharasamay.com,http://www.saharasamay.com/regional-news/uttarakhand-news/676535126/flood-in-uttarakhand-landslide-in-uttarakhand-rains-in-uttarakha.html,GLC,5347,Known within 5 km,NASA COOLR,COOLR administrative division; Uttaranchal normalized to Uttarakhand,OK,2013-08-17 05:30:00
5358,"8/18/13, 5:30 AM",Rishkesh-Yamunotri Highway,Rishkesh-Yamunotri Highway,Uttarakhand,30.664,78.057,Landslide,Rain,Medium,Unknown,,,zeenews.india.com,http://zeenews.india.com/news/uttarakhand/rains-continue-to-lash-u-khand-8-houses-damaged-i_869923.html,GLC,5358,Location not known,NASA COOLR,COOLR administrative division; Uttaranchal normalized to Uttarakhand,OK,2013-08-18 05:30:00
5359,"8/18/13, 5:30 AM",Rishikesh-Gangotri Highway,Rishikesh-Gangotri Highway,Uttarakhand,30.742,78.454,Landslide,Rain,Medium,Unknown,,,zeenews.india.com,http://zeenews.india.com/news/uttarakhand/rains-continue-to-lash-u-khand-8-houses-damaged-i_869923.html,GLC,5359,Location not known,NASA COOLR,COOLR administrative division; Uttaranchal normalized to Uttarakhand,OK,2013-08-18 05:30:00
5360,"8/18/13, 5:30 AM","Chamoli District, Uttarakhand","Chamoli District, Uttarakhand",Uttarakhand,30.364,79.316,Landslide,Rain,Medium,Unknown,,,zeenews.india.com,http://zeenews.india.com/news/uttarakhand/rains-continue-to-lash-u-khand-8-houses-damaged-i_869923.html,GLC,5360,Known within 5 km,NASA COOLR,COOLR administrative division; Uttaranchal normalized to Uttarakhand,OK,2013-08-18 05:30:00
5361,"8/18/13, 5:30 AM","Nuranoo, Uttarkashi, Uttarakhand","Nuranoo, Uttarkashi, Uttarakhand",Uttarakhand,31.083,78.066,Landslide,Unknown,Medium,Unknown,,,zeenews.india.com,http://zeenews.india.com/news/uttarakhand/rains-continue-to-lash-u-khand-8-houses-damaged-i_869923.html,GLC,5361,Known within 25 km,NASA COOLR,COOLR administrative division; Uttaranchal normalized to Uttarakhand,OK,2013-08-18 05:30:00
5365,"8/20/13, 4:30 AM","Nalupani Area Of Uttarkashi District, Uttarakhand","Nalupani Area Of Uttarkashi District, Uttarakhand",Uttarakhand,30.629,78.33,Debris flow,Downpour,Medium,Unknown,,,zeenews.india.com,http://zeenews.india.com/news/nation/heavy-rains-trigger-landslides-sweep-away-road_870382.html,GLC,5365,Location not known,NASA COOLR,COOLR administrative division; Uttaranchal normalized to Uttarakhand,OK,2013-08-20 04:30:00
5410,"8/28/13, 11:30 PM",Haridwar In Uttarakhand Province,Haridwar In Uttarakhand Province,Uttarakhand,29.953,78.151,Landslide,Downpour,Medium,Unknown,0,5,sciencythoughts.blogspot.com,http://sciencythoughts.blogspot.com/2013/08/five-injured-in-uttarakhand-landslide.html,GLC,5410,Known within 25 km,NASA COOLR,COOLR administrative division; Uttaranchal normalized to Uttarakhand,OK,2013-08-28 23:30:00
5567,"9/30/13, 5:30 AM","Dharasu, Uttarkashi, Uttarakhand","Dharasu, Uttarkashi, Uttarakhand",Uttarakhand,30.6,78.315,Landslide,Unknown,Medium,Unknown,1,,www.thehindu.com,http://www.thehindu.com/news/cities/bangalore/bangalorean-killed-in-uttarkashi-landslide/article5187060.ece,GLC,5567,Known within 25 km,NASA COOLR,COOLR administrative division; Uttaranchal normalized to Uttarakhand,OK,2013-09-30 05:30:00
5608,"10/16/13, 11:30 PM","National Highway 109, Uttarakhand","National Highway 109, Uttarakhand",Uttarakhand,30.535,79.085,Landslide,Unknown,Medium,Unknown,0,,www.thehindu.com,http://www.thehindu.com/news/national/other-states/landslide-damages-kedarnath-highway-yatra-still-on/article5248031.ece?homepage=true,GLC,5608,Known within 25 km,NASA COOLR,COOLR administrative division; Uttaranchal normalized to Uttarakhand,OK,2013-10-16 23:30:00
5611,"10/18/13, 2:30 PM","National Highway 109, Uttarakhand","National Highway 109, Uttarakhand",Uttarakhand,30.535,79.085,Landslide,Rain,Medium,Unknown,0,,www.thehindu.com,http://www.thehindu.com/news/national/other-states/landslide-damages-kedarnath-highway-yatra-still-on/article5248031.ece?homepage=true,GLC,5611,Known within 25 km,NASA COOLR,COOLR administrative division; Uttaranchal normalized to Uttarakhand,OK,2013-10-18 14:30:00
6162,"7/19/14, 10:30 AM","Mussoorie, Uttarakhand","Mussoorie, Uttarakhand",Uttarakhand,30.431,78.08,Landslide,Rain,Small,Above road,0,0,The Times of India,http://timesofindia.indiatimes.com/City/Dehradun/Landslide-causes-4-hr-snarl-on-Doon-Mussoorie-road/articleshow/38693367.cms,GLC,6162,Known within 10 km,NASA COOLR,COOLR administrative division; Uttaranchal normalized to Uttarakhand,OK,2014-07-19 10:30:00
6167,"7/20/14, 5:30 AM","Sonprayag, Uttarakhand","Sonprayag, Uttarakhand",Uttarakhand,30.633,78.995,Landslide,Continuous rain,Small,Above road,3,0,Times of India,http://timesofindia.indiatimes.com/city/dehradun/Three-more-killed-in-landslides-toll-now-5/articleshow/38981735.cms,GLC,6167,Known within 1 km,NASA COOLR,COOLR administrative division; Uttaranchal normalized to Uttarakhand,OK,2014-07-20 05:30:00
6177,"7/24/14, 5:00 AM",Boulder hit bus,"Bajpur, Uttarakhand",Uttarakhand,29.159,79.146,Rock fall,Downpour,Small,Above road,2,0,Times of India,http://timesofindia.indiatimes.com/city/dehradun/Three-more-killed-in-landslides-toll-now-5/articleshow/38981735.cms,GLC,6177,Known within 25 km,NASA COOLR,COOLR administrative division; Uttaranchal normalized to Uttarakhand,OK,2014-07-24 05:00:00
6184,"7/28/14, 5:30 AM","Pithauragadh, Uttarakhand","Pithauragadh, Uttarakhand",Uttarakhand,29.583,80.218,Landslide,Continuous rain,Medium,Unknown,7,12,Republica,http://www.myrepublica.com/portal/index.php?action=news_details&amp;news_id=79848,GLC,6184,Known within 1 km,NASA COOLR,COOLR administrative division; Uttaranchal normalized to Uttarakhand,OK,2014-07-28 05:30:00
6510,"8/15/14, 5:30 AM",Pauri district of Uttarakhand,Pauri district of Uttarakhand,Uttarakhand,30.118,78.747,Debris flow,Rain,Medium,Unknown,14,0,ABC,http://www.abc.net.au/news/2014-08-16/an-floods2c-landslide-leave-17-dead-in-northern-india/5675282,GLC,6510,Location not known,NASA COOLR,COOLR administrative division; Uttaranchal normalized to Uttarakhand,OK,2014-08-15 05:30:00
6525,"8/18/14, 5:30 AM",Yamunotri route,Yamunotri route,Uttarakhand,30.994,78.459,Landslide,Downpour,Medium,Above road,0,0,Business Standard,http://www.business-standard.com/article/news-ani/landslide-stalls-planned-pilgrimage-on-yamunotri-route-114081800515_1.html,GLC,6525,Known within 50 km,NASA COOLR,COOLR administrative division; Uttaranchal normalized to Uttarakhand,OK,2014-08-18 05:30:00
6341,"9/11/14, 5:30 AM",Gaurikund-Kedarnath pedestrian trek,Gaurikund-Kedarnath pedestrian trek,Uttarakhand,30.688,79.048,Landslide,Downpour,Medium,Above road,0,0,Times of India,http://timesofindia.indiatimes.com/city/dehradun/150-Kedarnath-devotees-stranded-after-rain-triggers-landslide-in-Gaurikund/articleshow/42290299.cms,GLC,6341,Known within 10 km,NASA COOLR,COOLR administrative division; Uttaranchal normalized to Uttarakhand,OK,2014-09-11 05:30:00
6928,"3/31/15, 5:30 AM",Joshimath-Mallari road,Joshimath-Mallari road,Uttarakhand,30.615,79.81,Landslide,Construction,Medium,Above road,4,0,Indian Express,http://indianexpress.com/article/india/india-others/4-killed-in-landslide-in-chamoli/,GLC,6928,Known within 25 km,NASA COOLR,COOLR administrative division; Uttaranchal normalized to Uttarakhand,OK,2015-03-31 05:30:00
7111,"4/28/15, 5:30 AM","Vishnuprayag, Joshimath","Vishnuprayag, Joshimath",Uttarakhand,30.563,79.577,Landslide,Continuous rain,Small,Above road,0,0,The Times of India,http://timesofindia.indiatimes.com/city/bhubaneswar/Uttarakhand-landslide-54-pilgrims-to-board-train-back-home-today/articleshow/47118314.cms,GLC,7111,Known within 1 km,NASA COOLR,COOLR administrative division; Uttaranchal normalized to Uttarakhand,OK,2015-04-28 05:30:00
7110,"4/30/15, 5:30 AM",Rishikesh-Badrinath National Highway near Joshimath,Rishikesh-Badrinath National Highway near Joshimath,Uttarakhand,30.557,79.554,Landslide,Continuous rain,Small,Above road,0,0,Niti Central,http://www.niticentral.com/2015/04/30/badrinath-route-faces-landslides-500-pilgrims-stranded-311523.html,GLC,7110,Known within 5 km,NASA COOLR,COOLR administrative division; Uttaranchal normalized to Uttarakhand,OK,2015-04-30 05:30:00
6947,"6/21/15, 5:30 AM",Satpuli-Kanskhet Road in Pauri Garhwal district,Satpuli-Kanskhet Road in Pauri Garhwal district,Uttarakhand,30.026,78.628,Landslide,Rain,Small,Above road,0,0,The Tribune India,http://www.tribuneindia.com/news/uttarakhand/rain-disrupts-kedarnath-yatra-for-three-hours/96406.html,GLC,6947,Known within 25 km,NASA COOLR,COOLR administrative division; Uttaranchal normalized to Uttarakhand,OK,2015-06-21 05:30:00
7012,"6/25/15, 5:30 AM",5 km from Kedarnath Temple,5 km from Kedarnath Temple,Uttarakhand,30.684,79.048,Landslide,Downpour,Medium,Above road,0,0,The Times of India,http://timesofindia.indiatimes.com/city/mysuru/Temple-priest-53-others-rescued-from-Uttarakhand/articleshow/47850848.cms,GLC,7012,Known within 5 km,NASA COOLR,COOLR administrative division; Uttaranchal normalized to Uttarakhand,OK,2015-06-25 05:30:00
7084,"7/6/15, 5:30 AM","Mall Rd, Nainital","Mall Rd, Nainital",Uttarakhand,29.393,79.453,Landslide,Downpour,Medium,Above road,0,0,The New India Express,http://www.newindianexpress.com/nation/Landslide-Blocks-Road-in-Nainital/2015/07/07/article2906046.ece,GLC,7084,Known within 5 km,NASA COOLR,COOLR administrative division; Uttaranchal normalized to Uttarakhand,OK,2015-07-06 05:30:00
7159,"7/10/15, 5:30 AM","Baliyanala, Nainithal","Baliyanala, Nainithal",Uttarakhand,29.391,79.455,Landslide,Continuous rain,Medium,Unknown,0,0,The Tribune,http://www.tribuneindia.com/news/nation/heavy-rain-lashes-north-india-farmers-happy/105318.html,GLC,7159,Known within 5 km,NASA COOLR,COOLR administrative division; Uttaranchal normalized to Uttarakhand,OK,2015-07-10 05:30:00
7160,"7/11/15, 5:30 AM",Badrinath Highway near Mulygoan in Tihri,Badrinath Highway near Mulygoan in Tihri,Uttarakhand,30.38,78.486,Landslide,Continuous rain,Medium,Above road,0,0,The Tribune,http://www.tribuneindia.com/news/nation/heavy-rain-lashes-north-india-farmers-happy/105318.html,GLC,7160,Known within 5 km,NASA COOLR,COOLR administrative division; Uttaranchal normalized to Uttarakhand,OK,2015-07-11 05:30:00
7161,"7/11/15, 5:30 AM",Sirobagad area of Rudraprayag,Sirobagad area of Rudraprayag,Uttarakhand,30.241,78.9,Landslide,Continuous rain,Medium,Unknown,0,0,The Times of India,http://timesofindia.indiatimes.com/city/dehradun/Heavy-rains-lash-Ukhand-landslides-traffic-disruptions-reported-across-state/articleshow/48035142.cms,GLC,7161,Known within 5 km,NASA COOLR,COOLR administrative division; Uttaranchal normalized to Uttarakhand,OK,2015-07-11 05:30:00
7224,"7/19/15, 5:30 AM","Varunavat Mountain, Uttarkashi","Varunavat Mountain, Uttarkashi",Uttarakhand,30.73,78.438,Landslide,Continuous rain,Medium,Above road,0,0,The Financial Express,http://www.financialexpress.com/article/miscellaneous/varunavat-mountain-crack-causes-landslide-chaar-dham-pilgrims-stranded-at-srinagar/103746/,GLC,7224,Known within 5 km,NASA COOLR,COOLR administrative division; Uttaranchal normalized to Uttarakhand,OK,2015-07-19 05:30:00
7227,"7/19/15, 8:30 PM",Sandrathi village of Munsiyari block of Pithoragarh district,Sandrathi village of Munsiyari block of Pithoragarh district,Uttarakhand,30.071,80.236,Rock fall,Monsoon,Small,Natural slope,1,0,webindia123,http://news.webindia123.com/news/Articles/India/20150719/2644934.html,GLC,7227,Known within 1 km,NASA COOLR,COOLR administrative division; Uttaranchal normalized to Uttarakhand,OK,2015-07-19 20:30:00
7270,"7/24/15, 5:30 AM",Pithoragarh,Pithoragarh,Uttarakhand,29.586,80.219,Landslide,Continuous rain,Small,Unknown,0,0,NDTV,http://www.ndtv.com/india-news/no-respite-from-rain-in-uttarakhand-landslides-continue-1200268,GLC,7270,Known within 5 km,NASA COOLR,COOLR administrative division; Uttaranchal normalized to Uttarakhand,OK,2015-07-24 05:30:00
7294,"7/24/15, 5:30 AM",Kempty Road near Kempty Falls,Kempty Road near Kempty Falls,Uttarakhand,30.453,78.105,Landslide,Continuous rain,Small,Above road,0,0,The Times of India,http://timesofindia.indiatimes.com/city/dehradun/Landslides-narrow-down-road-to-Kempty-Falls/articleshow/48257236.cms,GLC,7294,Known within 25 km,NASA COOLR,COOLR administrative division; Uttaranchal normalized to Uttarakhand,OK,2015-07-24 05:30:00
7295,"7/24/15, 5:30 AM",Kempty Road near Sia village,Kempty Road near Sia village,Uttarakhand,30.452,78.144,Landslide,Continuous rain,Small,Above road,0,0,The Times of India,http://timesofindia.indiatimes.com/city/dehradun/Landslides-narrow-down-road-to-Kempty-Falls/articleshow/48257236.cms,GLC,7295,Known within 25 km,NASA COOLR,COOLR administrative division; Uttaranchal normalized to Uttarakhand,OK,2015-07-24 05:30:00
7296,"7/24/15, 5:30 AM",Kempty Road near Kandikhal,Kempty Road near Kandikhal,Uttarakhand,30.416,78.342,Landslide,Continuous rain,Medium,Above road,0,0,The Times of India,http://timesofindia.indiatimes.com/city/dehradun/Landslides-narrow-down-road-to-Kempty-Falls/articleshow/48257236.cms,GLC,7296,Known within 25 km,NASA COOLR,COOLR administrative division; Uttaranchal normalized to Uttarakhand,OK,2015-07-24 05:30:00
7273,"7/26/15, 5:30 AM","Sirobagad, Rishikesh-Badrinath highway","Sirobagad, Rishikesh-Badrinath highway",Uttarakhand,30.241,78.901,Landslide,Continuous rain,Medium,Above road,0,0,Ani News,http://www.aninews.in/videogallery2/40588-rishikesh-badrinath-highway-closed-due-to-landslide-in-rudraprayag.html,GLC,7273,Known within 5 km,NASA COOLR,COOLR administrative division; Uttaranchal normalized to Uttarakhand,OK,2015-07-26 05:30:00
7297,"7/28/15, 5:30 AM",Kedarnath Yatra,Kedarnath Yatra,Uttarakhand,30.72,79.076,Landslide,Continuous rain,Small,Above road,0,0,ANI News,http://www.aninews.in/videogallery2/40690-landslide-disrupts-039-kedarnath-yatra-039-in-uttarakhand.html,GLC,7297,Known within 5 km,NASA COOLR,COOLR administrative division; Uttaranchal normalized to Uttarakhand,OK,2015-07-28 05:30:00
7391,"8/1/15, 5:30 AM",Gangotri highway,Gangotri highway,Uttarakhand,31.036,78.858,Rock fall,Continuous rain,Medium,Above road,0,1,Z News,http://zeenews.india.com/news/uttarakhand/landslide-leaves-500-stranded-in-uttarakhand_1640391.html,GLC,7391,Known within 50 km,NASA COOLR,COOLR administrative division; Uttaranchal normalized to Uttarakhand,OK,2015-08-01 05:30:00
7308,"8/15/15, 5:30 AM",Gagnani,Gagnani,Uttarakhand,30.911,78.681,Landslide,Continuous rain,Medium,Above road,0,0,Times of India,http://timesofindia.indiatimes.com/city/dehradun/Rains-trigger-landslides-on-Yamnotri-and-Gangotri-highways-traffic-disrupted/articleshow/48505014.cms,GLC,7308,Known within 5 km,NASA COOLR,COOLR administrative division; Uttaranchal normalized to Uttarakhand,OK,2015-08-15 05:30:00
7309,"8/15/15, 5:30 AM",Malla,Malla,Uttarakhand,30.786,78.616,Landslide,Continuous rain,Medium,Above road,0,0,Times of India,http://timesofindia.indiatimes.com/city/dehradun/Rains-trigger-landslides-on-Yamnotri-and-Gangotri-highways-traffic-disrupted/articleshow/48505014.cms,GLC,7309,Known within 1 km,NASA COOLR,COOLR administrative division; Uttaranchal normalized to Uttarakhand,OK,2015-08-15 05:30:00
7310,"8/15/15, 5:30 AM",Yamnotri highway,Yamnotri highway,Uttarakhand,30.909,78.33,Landslide,Continuous rain,Medium,Above road,0,0,Times of India,http://timesofindia.indiatimes.com/city/dehradun/Rains-trigger-landslides-on-Yamnotri-and-Gangotri-highways-traffic-disrupted/articleshow/48505014.cms,GLC,7310,Known within 25 km,NASA COOLR,COOLR administrative division; Uttaranchal normalized to Uttarakhand,OK,2015-08-15 05:30:00
7311,"8/15/15, 5:30 AM",Lambagadh,Lambagadh,Uttarakhand,30.649,79.527,Landslide,Continuous rain,Medium,Above road,0,0,Times of India,http://timesofindia.indiatimes.com/city/dehradun/Rains-trigger-landslides-on-Yamnotri-and-Gangotri-highways-traffic-disrupted/articleshow/48505014.cms,GLC,7311,Known within 5 km,NASA COOLR,COOLR administrative division; Uttaranchal normalized to Uttarakhand,OK,2015-08-15 05:30:00
9314,"5/22/16, 8:30 PM","Chetra Village, Dehradun, India","Chetra Village, Dehradun, India",Uttarakhand,30.306,78.065,Rock fall,Rain,Small,Mine,10,6,Kathmandu Post,http://kathmandupost.ekantipur.com/news/2016-05-24/10-nepalis-killed-in-dehradun-landslip.html,GLC,9314,Known within 25 km,NASA COOLR,COOLR administrative division; Uttaranchal normalized to Uttarakhand,OK,2016-05-22 20:30:00
9318,"5/23/16, 6:30 AM","Chakrata, Uttarakhand, India","Chakrata, Uttarakhand, India",Uttarakhand,30.701,77.864,Rock fall,Rain,Small,Unknown,10,5,DNA India,http://www.dnaindia.com/india/report-uttarakhand-landslide-kills-ten-injures-five-in-chakrata-2215549,GLC,9318,Known within 1 km,NASA COOLR,COOLR administrative division; Uttaranchal normalized to Uttarakhand,OK,2016-05-23 06:30:00
8032,"6/29/16, 5:30 AM","Nandprayag, Uttarakhand, India","Nandprayag, Uttarakhand, India",Uttarakhand,30.33,79.321,Landslide,Downpour,Medium,Above road,0,0,First Post,http://www.firstpost.com/india/uttarakhand-roads-blocked-after-heavy-rains-landslides-2861878.html?utm_source=FP_CAT_LATEST_NEWS,GLC,8032,Known within 1 km,NASA COOLR,COOLR administrative division; Uttaranchal normalized to Uttarakhand,OK,2016-06-29 05:30:00
8367,"7/1/16, 3:30 AM","Didihat, Uttarakhand, India","Didihat, Uttarakhand, India",Uttarakhand,29.8,80.257,Mudslide,Monsoon,Large,Unknown,0,0,NDTV (New Delhi Television Limited),http://www.ndtv.com/india-news/9-dead-in-cloudburst-in-uttarakhand-many-injured-1426802,GLC,8367,Known within 1 km,NASA COOLR,COOLR administrative division; Uttaranchal normalized to Uttarakhand,OK,2016-07-01 03:30:00
9008,"7/16/16, 5:30 AM","Mathyali village, Jakhnidhar, Uttarakhand, India","Mathyali village, Jakhnidhar, Uttarakhand, India",Uttarakhand,30.335,78.511,Rock fall,Rain,Small,Unknown,0,0,Tribune India,http://www.tribuneindia.com/news/uttarakhand/mussoorie-tehri-road-closed-for-8-hours/266939.html,GLC,9008,Known within 1 km,NASA COOLR,COOLR administrative division; Uttaranchal normalized to Uttarakhand,OK,2016-07-16 05:30:00
9002,"7/16/16, 8:30 PM","Mussoorie-Tehri bypass, near Landour, Uttarakhand, India","Mussoorie-Tehri bypass, near Landour, Uttarakhand, India",Uttarakhand,30.455,78.097,Debris flow,Downpour,Medium,Above road,0,0,Tribune India,http://www.tribuneindia.com/news/uttarakhand/mussoorie-tehri-road-closed-for-8-hours/266939.html,GLC,9002,Known within 5 km,NASA COOLR,COOLR administrative division; Uttaranchal normalized to Uttarakhand,OK,2016-07-16 20:30:00
9017,"7/17/16, 5:30 AM","Narendranagar bypass on the Rishikesh-Gangotri national highway,Tehri Garhwal district, Uttarakhand, India","Narendranagar bypass on the Rishikesh-Gangotri national highway,Tehri Garhwal district, Uttarakhand, India",Uttarakhand,30.164,78.294,Landslide,Downpour,Medium,Above road,4,0,Tribune India,http://www.tribuneindia.com/news/uttarakhand/10-killed-in-rain-related-incidents/267353.html,GLC,9017,Known within 1 km,NASA COOLR,COOLR administrative division; Uttaranchal normalized to Uttarakhand,OK,2016-07-17 05:30:00
9020,"7/17/16, 2:30 PM","Railway tunnel a few kilometres from the Haridwar railway station, between Haridwar and Dehradun, Uttarakhand, India","Railway tunnel a few kilometres from the Haridwar railway station, between Haridwar and Dehradun, Uttarakhand, India",Uttarakhand,29.955,78.168,Mudslide,Downpour,Medium,Above road,0,0,Tribune India,http://www.tribuneindia.com/news/uttarakhand/mudslide-at-lodhamandi-track-disrupts-train-traffic/267356.html,GLC,9020,Known exactly,NASA COOLR,COOLR administrative division; Uttaranchal normalized to Uttarakhand,OK,2016-07-17 14:30:00
9166,"7/18/16, 5:30 AM","Gangotri Highway near Helgugad, Uttarkashi, Uttarakhand, India","Gangotri Highway near Helgugad, Uttarkashi, Uttarakhand, India",Uttarakhand,30.731,78.436,Rock fall,Rain,Medium,Above road,,,Frify,http://frify.com/video/watch-landslide-at-gangotri-highway-near-helgugad-in-uttarkashi-caught-on-cam,GLC,9166,Known within 1 km,NASA COOLR,COOLR administrative division; Uttaranchal normalized to Uttarakhand,OK,2016-07-18 05:30:00
9258,"7/31/16, 5:30 AM","Janki Chatti, Uttarakhand, India","Janki Chatti, Uttarakhand, India",Uttarakhand,30.975,78.438,Landslide,Continuous rain,Medium,Above road,0,5,Indian Express,http://indianexpress.com/article/india/india-news-india/five-pilgrims-injured-after-landslide-in-uttarakhand-2946279/,GLC,9258,Known within 1 km,NASA COOLR,COOLR administrative division; Uttaranchal normalized to Uttarakhand,OK,2016-07-31 05:30:00
9449,"8/4/16, 5:30 AM",Valley of Flowers near Badrinath,Valley of Flowers near Badrinath,Uttarakhand,30.739,79.495,Debris flow,Continuous rain,Medium,Above road,0,0,Times of India,http://timesofindia.indiatimes.com/city/dehradun/Valley-of-Flowers-shut-till-Aug-7-after-landslide-traps-86-trekkers/articleshow/53563403.cms,GLC,9449,Known within 5 km,NASA COOLR,COOLR administrative division; Uttaranchal normalized to Uttarakhand,OK,2016-08-04 05:30:00
9448,"8/6/16, 4:30 AM",Bangapani area of Pithoragarh,Bangapani area of Pithoragarh,Uttarakhand,29.587,80.215,Rock fall,Downpour,Small,Unknown,1,0,Business Standard,http://www.business-standard.com/article/pti-stories/one-killed-in-landslide-in-u-khand-116080600419_1.html,GLC,9448,Known within 10 km,NASA COOLR,COOLR administrative division; Uttaranchal normalized to Uttarakhand,OK,2016-08-06 04:30:00
9849,"8/11/16, 1:30 AM",Landslide in Munsyari,"Munsyari, Pithoragarh, Uttarakhand, India",Uttarakhand,30.071,80.237,Landslide,Continuous rain,Small,Above road,1,0,Siasat Daily,http://www.siasat.com/news/one-killed-landslide-uttarakhand-1000019/,GLC,,Known within 1 km,NASA COOLR,COOLR administrative division; Uttaranchal normalized to Uttarakhand,OK,2016-08-11 01:30:00
9864,"8/16/16, 5:30 AM",Landslide on Highway 87,"Highway 87, near Doa Goan, Uttarakhand",Uttarakhand,29.351,79.451,Landslide,Rain,Medium,Above road,0,0,NDTV,http://www.ndtv.com/india-news/nainital-highway-closed-due-to-heavy-landslide-1445313,GLC,,Known within 5 km,NASA COOLR,COOLR administrative division; Uttaranchal normalized to Uttarakhand,OK,2016-08-16 05:30:00
9915,"8/28/16, 5:30 AM",Landslide at Gangnani,"Gangnani, Uttarakhand, India",Uttarakhand,30.922,78.681,Landslide,Rain,Small,Above road,1,0,Tribune India,http://www.tribuneindia.com/news/uttarakhand/no-clue-of-gangnani-man-buried-under-landslide/287797.html,GLC,,Known within 1 km,NASA COOLR,COOLR administrative division; Uttaranchal normalized to Uttarakhand,OK,2016-08-28 05:30:00
9912,"8/29/16, 1:30 PM",Landslide on Gangotri Highway,"Gangotri Highway, Uttarakhand, India",Uttarakhand,30.996,78.936,Landslide,Rain,Medium,Above road,0,1,The Hindu,http://www.thehindu.com/news/national/other-states/Rains-trigger-landslide-on-Gangotri-highway-in-Uttarakhand/article15617212.ece,GLC,,Known exactly,NASA COOLR,COOLR administrative division; Uttaranchal normalized to Uttarakhand,OK,2016-08-29 13:30:00
10066,"9/11/16, 5:30 AM","Landslide kills Army colonel, wife on Badrinath highway","Badrinath Highway, between Pandukeshwar and Joshimath, Uttarakhand",Uttarakhand,30.597,79.57,Unknown,Unknown,Large,Above road,2,2,Times of India,http://timesofindia.indiatimes.com/city/dehradun/Landslide-kills-Army-colonel-wife-on-Badrinath-highway/articleshow/54279607.cms,GLC,,Known within 5 km,NASA COOLR,COOLR administrative division; Uttaranchal normalized to Uttarakhand,OK,2016-09-11 05:30:00
9630,10/04/2016 12:00:00 AM,Mahakali river at Bangabagad,Mahakali river at Bangabagad,Uttarakhand,29.8521,80.553,rock_fall,unknown,medium,above_river,0.0,0.0,ekantipur,http://kathmandupost.ekantipur.com/news/2016-10-16/mahakali-sweeps-darchula-embankment.html,GLC,9630,1km,NASA GLC legacy export,Legacy NASA GLC record absent from COOLR; explicit Uttarakhand location; no same-date/near-coordinate COOLR duplicate,LEGACY_GLC_ADDED,2016-10-04 00:00:00
10068,"4/6/17, 3:30 AM",Landslide blocks NH-34,"Bhatwari, Uttarkashi, Uttarakhand, India",Uttarakhand,30.814,78.618,Landslide,Downpour,Small,Above road,0,0,Nyoooz,https://www.nyoooz.com/news/dehradun/776445/landslides-in-garhwal-leave-travellers-stranded-for-hours/,GLC,,Known within 1 km,NASA COOLR,COOLR administrative division; Uttaranchal normalized to Uttarakhand,OK,2017-04-06 03:30:00
10069,"4/6/17, 5:30 AM",Landslide on NH-34 at Dharashu,"Dharashu, Uttarkashi, Uttarakhand, India",Uttarakhand,30.615,78.316,Landslide,Downpour,Small,Above road,0,0,Nyoooz,https://www.nyoooz.com/news/dehradun/776445/landslides-in-garhwal-leave-travellers-stranded-for-hours/,GLC,,Known within 1 km,NASA COOLR,COOLR administrative division; Uttaranchal normalized to Uttarakhand,OK,2017-04-06 05:30:00
10070,"4/6/17, 5:30 AM",Landslide blocks NH-34 at Bharoghati,"Bharoghati, Uttarkashi, Uttarakhand, India",Uttarakhand,31.013,78.884,Landslide,Downpour,Small,Above road,0,0,Nyoooz,https://www.nyoooz.com/news/dehradun/776445/landslides-in-garhwal-leave-travellers-stranded-for-hours/,GLC,,Known within 1 km,NASA COOLR,COOLR administrative division; Uttaranchal normalized to Uttarakhand,OK,2017-04-06 05:30:00
10073,"4/6/17, 5:30 AM",Rockfall on NH-7 in Gulabkoti,"Gulabkoti, Chamoli, Uttarakhand, India",Uttarakhand,30.504,79.488,Rock fall,Continuous rain,Small,Above road,0,0,Nyoooz,https://www.nyoooz.com/news/dehradun/776445/landslides-in-garhwal-leave-travellers-stranded-for-hours/,GLC,,Known within 5 km,NASA COOLR,COOLR administrative division; Uttaranchal normalized to Uttarakhand,OK,2017-04-06 05:30:00
9802,"5/20/17, 5:30 AM",Landslide in Chanoli district,"Rishikesh-Badrinath highway, near Vishnuprayag, between Joshimath and Badrinath",Uttarakhand,30.565,79.562,Landslide,Unknown,Medium,Above road,0,0,World Hindu News,http://www.worldhindunews.com/2017/05/23/58870/800-resume-yatra-day-after-chamoli-landslip/,GLC,,Known within 5 km,NASA COOLR,COOLR administrative division; Uttaranchal normalized to Uttarakhand,OK,2017-05-20 05:30:00
9809,"5/20/17, 5:30 AM",Badrinath highway landslide,"Highway to Badrinath, Uttarakhand",Uttarakhand,30.733,79.492,Landslide,Rain,Large,Natural slope,13,,Etemaa Daily,http://www.en.etemaaddaily.com/World/National/uttarkhand-landslide-death-toll-increases-to-13-highway-open-to-traffic:29191,GLC,,Known within 25 km,NASA COOLR,COOLR administrative division; Uttaranchal normalized to Uttarakhand,OK,2017-05-20 05:30:00
9706,"6/6/17, 5:30 AM",Landslide near Nandprayag,Muniyali village (?) near Nadprayag,Uttarakhand,30.336,79.32,Landslide,Rain,Small,Natural slope,1,1,Business Standard,http://www.business-standard.com/article/pti-stories/1-killed-in-uttarakhand-landslip-117060601631_1.html,GLC,,Known within 5 km,NASA COOLR,COOLR administrative division; Uttaranchal normalized to Uttarakhand,OK,2017-06-06 05:30:00
10006,"7/5/17, 5:30 AM",Fatal landslide crushes car,"Ghatghola (??), Uttarakhand State, India",Uttarakhand,29.889,80.565,Landslide,Rain,Medium,Above road,5,,Zee News,http://zeenews.india.com/uttarakhand/landslide-in-uttarakhand-kills-five-2021753.html?pfrom=article-next-story,GLC,,Known within 10 km,NASA COOLR,COOLR administrative division; Uttaranchal normalized to Uttarakhand,OK,2017-07-05 05:30:00
10067,"7/7/17, 5:30 AM",Landslide hits car near Sirobagad,"Srinagar Sub-District, Uttarakhand State, India",Uttarakhand,30.241,78.898,Landslide,Rain,Small,Above road,0,0,India.com,http://www.india.com/news/agencies/former-uttarakhand-cms-vehicle-briefly-trapped-in-landslide-debris-2301442/,GLC,,Known within 5 km,NASA COOLR,COOLR administrative division; Uttaranchal normalized to Uttarakhand,OK,2017-07-07 05:30:00
10071,"7/11/17, 5:30 AM",Fatal landslide on Mussoorie-Dehradun road,"Mussoorie Road, Dehradun Sub-District, Dehradun, Uttarakhand, 248009",Uttarakhand,30.413,78.084,Landslide,Continuous rain,Medium,Above road,3,1,The Tribune,http://www.tribuneindia.com/news/uttarakhand/4-killed-in-mishaps/435142.html,GLC,,Known within 5 km,NASA COOLR,COOLR administrative division; Uttaranchal normalized to Uttarakhand,OK,2017-07-11 05:30:00
10866,"7/11/17, 5:30 AM",Fatal landslide in Bangpani,"Bangpani (??), Pithoragarh, Uttarakhand",Uttarakhand,29.834,80.269,Landslide,Continuous rain,Small,Unknown,1,0,The Tribune,http://www.tribuneindia.com/news/uttarakhand/4-killed-in-mishaps/435142.html,GLC,,Known within 50 km,NASA COOLR,COOLR administrative division; Uttaranchal normalized to Uttarakhand,OK,2017-07-11 05:30:00
10072,"7/13/17, 5:30 AM",Landslide blocks Delhi-Dehradun Highway,"NH-72A, Behat, Saharanpur, Uttar Pradesh, 247129",Uttarakhand,30.239,77.956,Landslide,Continuous rain,Small,Above road,0,0,Deccan Chronicle,http://www.deccanchronicle.com/videos/news/delhi-dehradun-highway-blocked-due-to-landslide.html,GLC,,Known within 5 km,NASA COOLR,COOLR administrative division; Uttaranchal normalized to Uttarakhand,OK,2017-07-13 05:30:00
12881,"9/3/17, 5:30 AM",Gangotri Highway Landslide near Matli,"NH34 Matli, Uttarakhand 249193 India",Uttarakhand,30.739,78.374,Landslide,Unknown,Small,Above road,,,Times of India,https://timesofindia.indiatimes.com/city/dehradun/gangotri-highway-blocked-by-landslide-opens-after-24-hours/articleshow/60352288.cms,GLC,,Known within 5 km,NASA COOLR,COOLR administrative division; Uttaranchal normalized to Uttarakhand,OK,2017-09-03 05:30:00
13214,"12/14/17, 5:30 AM",Pancheshwar Dam Landslide,"Pancheshwar, Baitadi, Nepal.",Uttarakhand,29.42,80.244,Landslide,Mining,Large,Mine,,,The Times of India,https://timesofindia.indiatimes.com/city/dehradun/tunnelling-work-for-pancheshwar-dam-causing-landslides/articleshow/62058101.cms,GLC,,Known exactly,NASA COOLR,COOLR administrative division; Uttaranchal normalized to Uttarakhand,OK,2017-12-14 05:30:00
12880,"4/27/18, 5:30 AM",Naitala and Maneri Regions Landslides Strand Pilgrims,"NH-34, Bhatwari, Uttarkashi, Uttarakhand, 249194",Uttarakhand,30.741,78.527,Landslide,Unknown,Medium,Above road,0,0,The Times of India,https://timesofindia.indiatimes.com/city/dehradun/two-killed-in-road-accidents-on-gangotri-highway/articleshow/63963680.cms,GLC,,Known within 5 km,NASA COOLR,COOLR administrative division; Uttaranchal normalized to Uttarakhand,OK,2018-04-27 05:30:00
11317,"5/8/18, 5:30 AM",Lambagad Rubble Disrupts Pilgrimage,"Lambagad (लम्बगद), Uttarakhand, 246443 India",Uttarakhand,30.652,79.52,Rock fall,Rain,Medium,Above road,0,0,The New Indian Express,http://www.newindianexpress.com/nation/2018/may/08/snowfall-landslide-disrupt-yatra-to-kedarnath-badrinath-shrines-for-hours-1812015.html,GLC,,Known within 1 km,NASA COOLR,COOLR administrative division; Uttaranchal normalized to Uttarakhand,OK,2018-05-08 05:30:00
11513,"6/1/18, 5:30 AM",Uttarkashi-Lambgaun-Kedarnath Route Landslide near Kuteti Devi,"SH-15, Bhatwari, Uttarkashi, Uttarakhand, 249193",Uttarakhand,30.722,78.445,Landslide,Downpour,Small,Above road,0,0,Times of India,https://timesofindia.indiatimes.com/city/dehradun/trees-uprooted-by-storm-rain-lead-to-traffic-jams-waterlogging-across-city/articleshow/64419666.cms,GLC,,Known within 1 km,NASA COOLR,COOLR administrative division; Uttaranchal normalized to Uttarakhand,OK,2018-06-01 05:30:00
14102,"8/9/18, 3:55 AM",Dharali Landslide,"Dharali, Uttarakhand, IND",Uttarakhand,30.821,78.233,Landslide,Rain,Large,Above road,0,,Daily Hunt,https://m.dailyhunt.in/news/india/english/the+english+post-epaper-tengpo/700+pilgrims+stranded+on+uttarakhand+highway+after+landslide-newsid-94318067,GLC,,Known within 10 km,NASA COOLR,COOLR administrative division; Uttaranchal normalized to Uttarakhand,OK,2018-08-09 03:55:00
14194,"8/10/18, 3:55 AM",Pithoragarh Landslide,"Pithoragarh, Uttarakhand, IND",Uttarakhand,30.04,80.314,Landslide,Rain,Unknown,Natural slope,1,,Outlook India,https://www.outlookindia.com/newsscroll/1-killed-another-missing-as-intermittent-rains-continue-in-ukhand/1364919,GLC,,Known within 25 km,NASA COOLR,COOLR administrative division; Uttaranchal normalized to Uttarakhand,OK,2018-08-10 03:55:00
14081,"8/11/18, 2:55 AM",Uttarakashi-Gangotri Hwy Landslide,"Surakki Village, Uttarakhand, IND",Uttarakhand,30.917,78.684,Landslide,Rain,Large,Above road,0,0,Daily Hunt,https://m.dailyhunt.in/news/india/english/the+english+post-epaper-tengpo/700+pilgrims+stranded+on+uttarakhand+highway+after+landslide-newsid-94318067,GLC,,Known within 10 km,NASA COOLR,COOLR administrative division; Uttaranchal normalized to Uttarakhand,OK,2018-08-11 02:55:00
14577,"8/18/18, 6:14 AM",Lower Mall Road Landslip,Lower Mall Road in Nainital,Uttarakhand,29.384,79.463,Landslide,Unknown,Small,Below road,,,The Times of India,https://timesofindia.indiatimes.com/city/dehradun/nainitals-lower-mall-road-to-be-re-opened-for-small-vehicles/articleshow/65862588.cms,GLC,,Known within 1 km,NASA COOLR,COOLR administrative division; Uttaranchal normalized to Uttarakhand,OK,2018-08-18 06:14:00
14530,"8/25/18, 6:14 AM",Naini Lake Landslip,"Naini Lake, India",Uttarakhand,29.387,79.461,Landslide,Unknown,Small,Below road,,,The Times of India,https://timesofindia.indiatimes.com/city/dehradun/nainitals-lower-mall-road-to-be-re-opened-for-small-vehicles/articleshow/65862588.cms,GLC,,Known within 1 km,NASA COOLR,COOLR administrative division; Uttaranchal normalized to Uttarakhand,OK,2018-08-25 06:14:00
12882,"8/29/18, 5:30 AM",Kot Village Landslide in Tehri District,"SH-8, Tehri Sub-District, Tehri Garhwal, Uttarakhand, 249145",Uttarakhand,30.359,78.377,Debris flow,Downpour,Medium,Deforested slope,7,1,The Statesman,https://www.thestatesman.com/india/uttarakhand-tehri-landslide-seven-killed-1502679106.html,GLC,,Known within 1 km,NASA COOLR,COOLR administrative division; Uttaranchal normalized to Uttarakhand,OK,2018-08-29 05:30:00
13796,"8/30/18, 9:30 AM",Farkhet Village Landslide,within the Farkhet village north of Ghat,Uttarakhand,30.272,79.45,Landslide,Unknown,Medium,Deforested slope,2,1,The Tribune India,https://www.tribuneindia.com/news/archive/features/two-killed-in-chamoli-landslide-645253,GLC,,Location not known,NASA COOLR,COOLR administrative division; Uttaranchal normalized to Uttarakhand,OK,2018-08-30 09:30:00
14464,"9/3/18, 9:04 PM",River Bhagirathi Landslide,"Bhagirathi River, Rishikesh-Gangotri Highway, Uttarkashi, Uttarakhand, IND",Uttarakhand,30.291,78.487,Landslide,Unknown,Large,Above river,14,1,Pen News,https://www.pennews.net/uttarakhand/2018/09/04/fourteen-dead-as-van-falls-into-river-bhagirathi-following-landslide,GLC,,Known within 25 km,NASA COOLR,COOLR administrative division; Uttaranchal normalized to Uttarakhand,OK,2018-09-03 21:04:00
14572,"9/13/18, 3:21 AM",Driver dies in Mori area Landslide,"Mori, Uttarkashi, Uttarakhand, 249128",Uttarakhand,31.019,78.045,Rock fall,Rain,Medium,Above road,1,,The Tribune India,https://www.tribuneindia.com/news/archive/features/excavator-driver-killed-in-landslide-652426,GLC,,Known within 10 km,NASA COOLR,COOLR administrative division; Uttaranchal normalized to Uttarakhand,OK,2018-09-13 03:21:00
13834,"12/21/18, 10:45 PM","Landslide near construction site of the Char Dham National Highway, Ukhimath","SH-36, Ukhimath, Rudraprayag, Uttarakhand, 246469",Uttarakhand,30.517,79.092,Translational slide,Construction,Medium,Retaining wall,8,4,India Today,https://www.indiatoday.in/india/story/uttarakhand-landslide-construction-site-char-dham-all-weather-road-1414988-2018-12-21,GLC,,Known within 10 km,NASA COOLR,COOLR administrative division; Uttaranchal normalized to Uttarakhand,OK,2018-12-21 22:45:00
