sample_id,latitude,longitude,rain_1h,rain_6h,rain_24h,rain_3d,rain_7d,soil_moisture,soil_moisture_anomaly,elevation,slope,aspect,landslide,split
APDA-ROADMAP-NEG-0861,25.90196,92.05611,0.16,7.93,10.6,33.0,42.65,0.142,0.007,618.5,1.33,30.4,0,train
APDA-ROADMAP-POS-0354,27.34913,92.41822,4.8,52.37,143.62,283.42,370.67,0.475,0.23,1471.3,31.95,189.1,1,train
APDA-ROADMAP-NEG-0334,27.80121,92.57967,0.96,4.18,7.99,32.43,38.54,0.126,-0.075,834.4,13.24,8.1,0,train
APDA-ROADMAP-POS-0906,25.18327,93.02764,8.0,26.37,60.84,181.14,253.79,0.406,0.21,1058.0,43.59,146.1,1,train
APDA-ROADMAP-NEG-0290,26.43358,93.0287,0.47,1.02,11.32,12.45,12.5,0.158,-0.016,487.6,8.24,121.3,0,train
APDA-ROADMAP-NEG-0274,27.76156,92.1699,0.22,5.69,15.82,26.41,43.28,0.177,0.012,312.3,0.49,155.6,0,train
APDA-ROADMAP-POS-0939,25.67511,94.11417,3.03,60.7,130.34,268.92,389.08,0.455,0.254,1140.0,39.8,174.8,1,train
APDA-ROADMAP-NEG-0732,27.78544,88.23014,1.91,7.71,12.28,13.63,19.54,0.213,-0.017,210.0,3.74,69.9,0,train
APDA-ROADMAP-POS-0066,25.18555,93.02789,23.47,47.12,103.62,235.47,336.18,0.415,0.27,1140.9,31.85,141.5,1,train
APDA-ROADMAP-NEG-0324,25.66147,91.94342,1.15,3.4,10.25,23.48,30.68,0.094,-0.015,725.0,0.95,317.6,0,train
APDA-ROADMAP-POS-0057,24.78409,93.68055,13.14,51.04,189.89,288.6,464.48,0.333,0.197,680.6,45.12,176.6,1,train
APDA-ROADMAP-NEG-0293,27.34272,87.88745,2.21,9.38,10.25,14.99,28.84,0.08,-0.045,599.9,6.08,224.0,0,train
APDA-ROADMAP-NEG-0119,25.46199,93.76474,0.92,4.25,12.39,35.21,58.76,0.08,-0.048,376.7,7.61,346.5,0,train
APDA-ROADMAP-POS-0585,25.60558,90.5836,15.06,38.15,80.46,147.89,354.97,0.332,0.232,852.9,24.33,217.8,1,train
APDA-ROADMAP-POS-0375,27.58284,91.86421,14.39,61.92,132.63,256.8,313.55,0.457,0.209,1537.2,40.78,354.0,1,train
APDA-ROADMAP-POS-0276,27.09773,93.61684,10.84,53.25,135.44,220.53,384.85,0.449,0.198,1788.3,37.5,302.4,1,train
APDA-ROADMAP-POS-0747,25.0703,93.15391,17.36,77.02,112.65,238.68,429.21,0.32,0.222,1261.9,47.72,140.9,1,train
APDA-ROADMAP-POS-0129,26.17766,91.75636,13.95,68.02,142.37,261.85,316.37,0.351,0.238,802.4,43.53,177.7,1,train
APDA-ROADMAP-NEG-0647,24.78089,93.5299,1.51,3.18,12.63,19.04,24.23,0.28,0.045,259.0,2.45,288.6,0,train
APDA-ROADMAP-NEG-0853,27.49283,88.52911,0.31,0.78,9.07,17.86,26.91,0.08,-0.065,240.4,9.47,95.5,0,train
APDA-ROADMAP-POS-0675,27.58159,91.86462,10.54,63.08,171.75,260.87,492.85,0.506,0.218,1654.7,23.87,227.9,1,train
APDA-ROADMAP-NEG-0665,25.29299,90.20647,0.64,5.14,17.3,35.33,63.86,0.08,-0.042,173.7,2.87,39.9,0,train
APDA-ROADMAP-NEG-0982,24.83057,91.9423,0.64,4.55,7.29,15.37,20.28,0.154,-0.041,243.5,0.08,5.3,0,train
APDA-ROADMAP-NEG-0084,25.76003,92.49308,0.42,7.82,11.05,15.81,21.14,0.105,-0.033,837.6,0.03,204.1,0,train
APDA-ROADMAP-NEG-0923,26.00729,91.61284,0.04,1.3,6.2,17.94,24.28,0.08,-0.072,668.5,2.43,252.8,0,train
APDA-ROADMAP-POS-0100,27.03491,88.26321,9.75,34.76,117.67,261.68,351.46,0.397,0.265,1423.6,30.45,208.3,1,train
APDA-ROADMAP-NEG-0180,26.8031,88.48722,0.17,3.57,7.1,28.23,54.53,0.201,-0.042,375.6,2.21,32.1,0,train
APDA-ROADMAP-POS-0965,25.60384,90.58297,8.08,31.07,74.64,124.44,271.14,0.464,0.164,1274.8,39.34,234.5,1,train
APDA-ROADMAP-POS-0793,27.184,88.35644,13.52,34.39,88.42,170.55,407.12,0.448,0.162,1819.7,39.34,201.0,1,train
APDA-ROADMAP-POS-0030,26.0134,93.41632,15.65,68.29,216.98,334.82,551.02,0.376,0.253,1055.4,36.15,141.1,1,train
APDA-ROADMAP-POS-0629,26.17032,91.75785,19.6,50.71,178.62,324.61,448.4,0.32,0.195,1010.7,32.88,104.3,1,train
APDA-ROADMAP-POS-0945,25.59936,90.58319,19.5,57.83,125.0,166.39,254.91,0.32,0.226,1246.5,35.11,224.5,1,train
APDA-ROADMAP-POS-0573,27.18484,88.35531,6.24,42.65,180.08,330.69,412.2,0.32,0.156,1428.3,42.24,143.6,1,train
APDA-ROADMAP-POS-0908,24.82869,92.80487,14.38,73.36,184.78,247.01,395.01,0.394,0.196,612.6,36.02,141.4,1,train
APDA-ROADMAP-NEG-0081,25.20379,92.21666,0.31,1.67,4.78,10.61,11.11,0.141,-0.062,143.8,3.81,21.9,0,train
APDA-ROADMAP-POS-0451,27.68968,88.5885,18.11,45.16,91.67,229.4,303.6,0.38,0.173,1380.2,40.35,111.8,1,train
APDA-ROADMAP-NEG-0610,25.7956,93.24559,0.67,2.19,8.06,8.79,27.59,0.256,-0.108,420.4,1.51,201.8,0,train
APDA-ROADMAP-NEG-0291,27.34012,88.22511,2.22,9.26,17.59,32.47,57.92,0.166,-0.059,730.6,6.93,296.5,0,train
APDA-ROADMAP-NEG-0079,25.91178,93.95943,0.12,7.85,8.25,20.36,48.52,0.238,-0.047,199.4,2.67,156.2,0,train
APDA-ROADMAP-POS-0255,27.58596,91.86459,6.7,52.74,103.84,174.77,256.91,0.473,0.125,1611.2,42.26,172.6,1,train
APDA-ROADMAP-POS-0125,25.60112,90.58263,21.52,61.81,107.0,252.21,398.83,0.379,0.184,1165.6,39.47,251.4,1,train
APDA-ROADMAP-NEG-0928,24.66288,93.01295,0.1,4.99,6.13,21.01,54.92,0.12,-0.061,787.1,15.0,99.8,0,train
APDA-ROADMAP-POS-0252,27.33006,88.62128,6.82,57.4,189.38,366.76,547.88,0.394,0.183,1477.4,37.44,222.1,1,train
APDA-ROADMAP-POS-0586,25.185,93.02806,5.55,57.8,192.6,299.86,546.85,0.396,0.216,999.4,23.66,293.1,1,train
APDA-ROADMAP-NEG-0569,25.82087,91.96356,0.13,1.91,3.6,21.09,47.49,0.125,0.019,849.0,0.6,322.3,0,train
APDA-ROADMAP-POS-0825,25.60274,90.58544,22.83,61.1,158.82,319.02,541.64,0.375,0.219,1136.7,37.63,237.4,1,train
APDA-ROADMAP-POS-0508,24.83003,92.79931,9.5,68.81,112.38,251.16,469.7,0.367,0.157,634.2,43.52,194.1,1,train
APDA-ROADMAP-POS-0890,26.01352,93.4203,4.28,24.27,168.57,285.46,510.4,0.34,0.194,917.0,44.85,182.6,1,train
APDA-ROADMAP-POS-0071,27.69385,88.58866,11.12,68.09,145.07,231.17,365.89,0.447,0.149,1791.5,28.99,175.9,1,train
APDA-ROADMAP-NEG-0609,25.85125,91.5192,0.76,3.73,10.45,23.65,35.23,0.211,-0.018,686.0,5.5,133.3,0,train
APDA-ROADMAP-NEG-0533,26.95879,88.12573,1.28,6.28,14.68,27.4,51.54,0.28,-0.06,815.1,4.31,331.1,0,train
APDA-ROADMAP-POS-0248,24.83375,92.8012,6.79,55.82,124.39,246.85,395.15,0.32,0.217,480.3,28.91,186.0,1,train
APDA-ROADMAP-NEG-0451,27.92632,88.41168,0.78,5.08,9.88,21.85,52.13,0.08,-0.102,118.3,11.96,95.0,0,train
APDA-ROADMAP-POS-0213,27.18219,88.35528,5.61,26.0,175.89,273.61,314.02,0.489,0.161,1669.0,35.04,202.0,1,train
APDA-ROADMAP-POS-0910,26.00723,93.41942,14.99,44.9,103.42,161.36,224.99,0.355,0.161,1160.7,36.06,177.3,1,train
APDA-ROADMAP-NEG-0742,25.79667,92.05825,1.37,7.63,21.77,25.64,42.71,0.126,-0.076,336.0,0.1,5.6,0,train
APDA-ROADMAP-NEG-0245,25.40948,91.01247,0.25,2.09,14.73,19.37,47.03,0.124,-0.085,397.6,11.83,10.9,0,train
APDA-ROADMAP-NEG-0697,25.03621,93.27528,0.01,1.08,15.26,28.69,55.59,0.187,-0.107,116.2,0.97,166.1,0,train
APDA-ROADMAP-NEG-0183,25.36053,91.50966,0.16,0.41,9.82,28.12,36.18,0.153,-0.05,130.5,2.11,76.5,0,train
APDA-ROADMAP-POS-0362,25.30159,91.71139,16.65,36.53,67.75,207.88,301.77,0.32,0.157,1330.8,37.71,156.0,1,train
APDA-ROADMAP-NEG-0474,27.76007,92.10169,0.2,1.65,15.92,35.25,53.78,0.172,-0.007,430.8,7.04,48.5,0,train
APDA-ROADMAP-POS-0679,25.6726,94.1113,11.15,45.15,168.21,253.43,412.01,0.468,0.178,1209.6,32.98,312.4,1,train
APDA-ROADMAP-NEG-0622,24.94803,91.5375,0.27,7.88,17.45,17.53,46.69,0.215,-0.017,348.9,0.35,206.1,0,train
APDA-ROADMAP-NEG-0090,25.86023,93.59639,0.05,3.19,12.39,30.23,58.79,0.19,-0.127,560.7,1.37,247.9,0,train
APDA-ROADMAP-NEG-0988,25.09795,92.6457,0.23,7.36,10.93,33.96,41.56,0.277,-0.082,554.8,1.75,134.4,0,train
APDA-ROADMAP-NEG-0848,25.00959,92.99867,0.32,5.45,19.77,24.08,36.59,0.28,0.002,433.9,3.67,182.1,0,train
APDA-ROADMAP-POS-0988,24.83195,92.79934,9.45,33.42,144.73,303.38,538.73,0.379,0.192,736.5,30.35,180.0,1,train
APDA-ROADMAP-NEG-0513,27.59561,88.20388,0.35,6.63,19.72,32.26,42.5,0.118,-0.111,778.0,4.31,211.2,0,train
APDA-ROADMAP-POS-0112,27.33131,88.61909,14.19,65.65,140.99,255.25,419.89,0.456,0.112,1398.9,40.5,150.9,1,train
APDA-ROADMAP-NEG-0488,24.49722,92.54245,1.3,4.92,8.81,16.92,24.07,0.257,-0.04,89.8,4.57,62.1,0,train
APDA-ROADMAP-NEG-0454,27.83285,92.87523,0.1,4.5,18.25,18.34,49.0,0.25,-0.085,614.6,0.84,173.9,0,train
APDA-ROADMAP-POS-0384,25.44418,92.19582,9.19,44.65,172.03,219.57,259.84,0.334,0.269,1275.8,22.63,214.3,1,train
APDA-ROADMAP-NEG-0396,26.72314,93.35068,0.36,8.19,23.1,42.94,46.57,0.104,-0.008,812.6,1.94,260.6,0,train
APDA-ROADMAP-NEG-0055,27.97894,91.57108,0.23,6.57,19.56,40.46,42.27,0.092,-0.064,727.3,3.55,191.2,0,train
APDA-ROADMAP-POS-0756,27.09762,93.61056,23.45,49.07,96.99,224.97,357.36,0.404,0.186,1571.8,31.95,3.8,1,train
APDA-ROADMAP-POS-0325,25.60376,90.58384,21.72,71.69,205.95,286.96,424.76,0.375,0.144,1266.6,52.0,192.9,1,train
APDA-ROADMAP-NEG-0624,24.95902,91.73321,0.99,1.07,8.93,25.9,52.28,0.28,-0.052,650.5,6.13,138.4,0,train
APDA-ROADMAP-POS-0788,24.83409,92.80245,16.47,44.23,148.12,314.86,457.98,0.496,0.207,595.2,34.91,174.2,1,train
APDA-ROADMAP-POS-0369,26.17129,91.75664,21.21,40.63,187.87,229.94,395.28,0.32,0.157,1075.1,35.45,197.8,1,train
APDA-ROADMAP-NEG-0820,27.37647,87.89981,0.32,4.51,17.06,29.85,50.39,0.152,-0.015,247.2,10.31,94.2,0,train
APDA-ROADMAP-POS-0070,26.01323,93.42335,14.81,73.85,163.68,272.8,516.68,0.469,0.209,964.9,38.91,172.4,1,train
APDA-ROADMAP-POS-0858,23.73226,92.72123,15.5,40.66,164.37,299.55,501.92,0.412,0.155,487.0,27.88,215.8,1,train
APDA-ROADMAP-NEG-0484,25.77173,91.92669,2.65,4.62,16.94,38.47,61.79,0.228,-0.015,357.1,2.33,124.3,0,train
APDA-ROADMAP-NEG-0556,26.86241,93.44096,0.77,1.01,9.22,16.82,36.81,0.184,-0.078,287.4,9.12,259.4,0,train
APDA-ROADMAP-NEG-0692,27.57476,88.82454,0.85,8.82,15.66,31.36,66.21,0.234,-0.028,464.2,6.08,113.6,0,train
APDA-ROADMAP-NEG-0475,27.12928,91.63238,1.06,4.35,5.02,21.56,26.08,0.128,-0.074,521.1,1.57,267.4,0,train
APDA-ROADMAP-NEG-0799,25.843,93.8239,0.46,3.59,18.44,19.57,21.46,0.08,-0.062,416.8,2.01,69.0,0,train
APDA-ROADMAP-POS-0479,25.67125,94.11198,9.44,48.63,118.85,268.74,443.05,0.397,0.241,1033.8,45.58,193.1,1,train
APDA-ROADMAP-POS-0282,25.30229,91.7127,16.62,53.12,188.06,298.07,349.7,0.435,0.224,861.4,24.77,231.7,1,train
APDA-ROADMAP-NEG-0648,25.22837,93.09568,1.54,2.45,10.97,11.43,22.82,0.176,-0.007,420.6,1.38,169.0,0,train
APDA-ROADMAP-NEG-0557,24.489,93.5064,1.19,9.14,12.76,31.31,46.44,0.211,-0.012,609.1,2.59,293.0,0,train
APDA-ROADMAP-NEG-0730,26.50464,93.22628,0.47,7.12,16.63,35.85,61.43,0.178,-0.015,824.7,0.35,310.4,0,train
APDA-ROADMAP-POS-0211,27.68724,88.58173,17.69,63.54,98.34,249.64,349.07,0.469,0.173,1343.7,39.61,202.1,1,train
APDA-ROADMAP-POS-0298,23.7287,92.71978,11.35,61.69,92.43,262.97,438.63,0.32,0.256,815.6,38.62,236.0,1,train
APDA-ROADMAP-NEG-0885,26.09606,90.98995,0.17,6.83,9.22,33.75,51.82,0.186,-0.078,116.3,4.19,229.5,0,train
APDA-ROADMAP-NEG-0834,27.73655,92.02645,0.02,4.26,12.33,18.84,46.11,0.233,-0.031,114.4,4.01,348.5,0,train
APDA-ROADMAP-POS-0652,27.3313,88.61395,5.05,62.77,130.5,226.2,471.52,0.361,0.195,1431.1,31.14,144.9,1,train
APDA-ROADMAP-NEG-0234,27.56673,92.69683,0.61,3.5,16.54,27.27,41.88,0.268,-0.064,315.2,4.04,193.4,0,train
APDA-ROADMAP-NEG-0503,25.90593,92.30147,0.2,5.41,15.61,40.05,57.31,0.267,0.012,777.2,3.88,113.1,0,train
APDA-ROADMAP-NEG-0932,27.72154,88.76993,0.24,6.22,21.2,29.86,50.97,0.272,-0.094,260.3,9.85,80.7,0,train
APDA-ROADMAP-POS-0917,24.79108,93.6857,6.05,60.48,188.39,242.94,394.59,0.415,0.166,589.0,36.21,155.8,1,train
APDA-ROADMAP-POS-0994,27.35879,92.41787,6.04,29.22,102.02,277.26,354.06,0.465,0.174,1615.2,39.08,165.9,1,train
APDA-ROADMAP-POS-0430,26.01337,93.42468,3.47,30.57,68.95,192.93,255.42,0.38,0.225,769.7,44.43,258.8,1,train
APDA-ROADMAP-NEG-0371,27.86127,88.8293,0.36,6.85,15.36,21.18,39.95,0.28,0.001,163.3,1.65,229.3,0,train
APDA-ROADMAP-POS-0240,27.03249,88.26063,12.69,61.2,105.38,211.92,375.56,0.369,0.171,1747.2,24.21,214.2,1,train
APDA-ROADMAP-POS-0880,27.03734,88.26571,14.86,64.37,145.21,256.23,336.46,0.441,0.201,1492.7,39.5,152.5,1,train
APDA-ROADMAP-POS-0621,25.53737,91.87189,5.07,58.76,106.69,194.39,379.72,0.32,0.197,1366.2,36.35,209.2,1,train
APDA-ROADMAP-POS-0257,24.78123,93.68393,2.0,20.49,155.45,327.62,377.4,0.389,0.232,439.9,37.57,168.1,1,train
APDA-ROADMAP-POS-0612,27.33069,88.61442,10.75,37.69,90.32,231.05,323.55,0.37,0.172,1932.7,35.56,12.7,1,train
APDA-ROADMAP-POS-0545,25.60041,90.58822,9.37,65.01,122.53,272.62,432.96,0.344,0.175,1189.0,35.29,169.1,1,train
APDA-ROADMAP-POS-0772,27.32829,88.61719,27.91,68.98,158.97,214.08,325.48,0.394,0.249,1861.0,31.46,186.1,1,train
APDA-ROADMAP-NEG-0420,27.19948,88.65066,0.79,7.67,10.8,10.86,15.43,0.28,0.007,446.5,0.37,247.9,0,train
APDA-ROADMAP-NEG-0042,25.77601,91.53318,0.28,7.73,16.79,35.56,48.38,0.28,-0.03,777.8,2.72,68.1,0,train
APDA-ROADMAP-NEG-0790,26.49572,93.1309,0.03,1.29,6.9,22.51,28.3,0.248,-0.04,134.0,0.83,201.0,0,train
APDA-ROADMAP-POS-0760,27.03663,88.25591,18.35,72.14,156.44,312.81,446.55,0.32,0.197,1588.0,46.6,205.2,1,train
APDA-ROADMAP-POS-0383,25.75364,91.90828,11.0,28.45,59.07,107.16,174.03,0.429,0.297,986.2,40.56,167.4,1,train
APDA-ROADMAP-NEG-0104,25.2784,92.5624,0.76,8.72,16.53,18.83,23.52,0.28,-0.08,555.7,1.24,227.3,0,train
APDA-ROADMAP-POS-0974,27.34651,92.41673,4.62,45.86,108.8,225.84,456.53,0.348,0.186,1608.7,35.76,233.3,1,train
APDA-ROADMAP-POS-0353,27.18439,88.35912,16.3,57.17,146.56,314.09,530.06,0.42,0.242,1295.7,38.99,199.9,1,train
APDA-ROADMAP-NEG-0606,25.38648,93.47975,1.03,8.22,8.79,18.17,50.92,0.144,-0.02,574.6,2.13,92.4,0,train
APDA-ROADMAP-NEG-0826,24.74205,92.80613,2.26,6.88,19.23,20.99,54.71,0.192,-0.0,178.3,5.81,66.0,0,train
APDA-ROADMAP-NEG-0037,24.45385,93.51346,0.28,1.27,5.79,16.9,47.13,0.114,0.019,486.9,0.9,150.9,0,train
APDA-ROADMAP-NEG-0108,24.53062,93.1385,1.01,7.51,15.43,36.6,60.08,0.203,0.042,119.3,4.75,73.6,0,train
APDA-ROADMAP-POS-0495,27.58275,91.86421,14.53,53.11,174.42,330.2,375.07,0.32,0.175,1652.6,38.66,357.4,1,train
APDA-ROADMAP-POS-0394,27.35341,92.41362,3.24,36.37,97.64,183.13,257.35,0.387,0.254,1466.4,30.83,165.9,1,train
APDA-ROADMAP-NEG-0547,25.33235,92.77842,0.76,6.35,15.48,39.8,47.81,0.08,-0.062,774.5,0.5,6.0,0,train
APDA-ROADMAP-POS-0465,25.59846,90.58297,19.89,71.37,103.68,168.07,381.73,0.453,0.216,1200.0,38.63,83.4,1,train
APDA-ROADMAP-POS-0887,25.07094,93.15632,5.02,21.3,67.87,191.28,398.88,0.434,0.087,1249.3,32.67,332.2,1,train
APDA-ROADMAP-NEG-0194,27.56752,92.13703,1.43,2.8,7.45,26.66,32.39,0.159,-0.062,276.4,7.14,259.5,0,train
APDA-ROADMAP-POS-0367,25.07626,93.15822,21.31,68.79,165.59,238.37,409.2,0.444,0.168,1191.3,36.86,221.8,1,train
APDA-ROADMAP-NEG-0894,26.97957,92.2198,0.03,6.72,8.98,22.32,49.5,0.133,-0.053,730.9,4.98,245.1,0,train
APDA-ROADMAP-NEG-0874,27.00807,92.89542,0.01,6.45,6.78,13.88,26.33,0.122,-0.028,357.0,1.15,298.4,0,train
APDA-ROADMAP-POS-0745,25.59885,90.58625,7.48,45.99,191.89,298.01,502.59,0.408,0.189,966.4,43.97,168.1,1,train
APDA-ROADMAP-POS-0530,26.00932,93.41982,4.31,64.12,204.97,366.88,465.44,0.341,0.284,1248.9,36.9,166.4,1,train
APDA-ROADMAP-POS-0803,25.75579,91.90116,3.09,47.39,149.19,204.45,336.06,0.412,0.225,1160.3,43.36,154.5,1,train
APDA-ROADMAP-NEG-0224,25.6391,92.63897,0.64,8.12,13.4,33.15,39.96,0.167,-0.0,661.2,2.04,179.5,0,train
APDA-ROADMAP-NEG-0979,25.50386,93.82278,0.19,4.27,9.16,25.44,57.24,0.232,-0.091,535.0,2.49,298.3,0,train
APDA-ROADMAP-NEG-0906,25.60199,93.44547,0.94,4.22,12.08,15.59,29.46,0.145,-0.065,757.3,6.37,114.7,0,train
APDA-ROADMAP-NEG-0700,26.74184,88.62282,1.26,5.74,20.23,41.9,62.71,0.276,-0.08,800.3,2.76,33.1,0,train
APDA-ROADMAP-NEG-0545,25.95686,90.15596,0.07,0.27,0.77,20.71,44.33,0.121,-0.041,243.3,3.93,127.8,0,train
APDA-ROADMAP-NEG-0314,27.612,92.06656,0.02,0.34,9.11,19.14,32.82,0.082,-0.04,177.8,5.58,181.5,0,train
APDA-ROADMAP-POS-0307,25.07188,93.15019,26.76,67.35,132.7,241.24,410.12,0.402,0.127,1094.9,43.92,178.5,1,train
APDA-ROADMAP-NEG-0667,25.25401,93.4568,0.93,3.83,9.9,29.24,45.17,0.168,-0.087,765.4,9.22,137.2,0,train
APDA-ROADMAP-POS-0863,25.75334,91.89861,6.35,45.3,158.65,270.63,385.29,0.32,0.156,925.1,41.53,193.7,1,train
APDA-ROADMAP-NEG-0567,24.60566,92.89991,1.61,8.65,15.71,25.34,30.16,0.176,-0.007,251.8,1.76,137.6,0,train
APDA-ROADMAP-POS-0531,27.69575,88.58793,13.53,28.78,161.61,322.45,382.47,0.458,0.213,1700.7,32.75,10.0,1,train
APDA-ROADMAP-POS-0655,27.58513,91.86561,6.57,32.37,91.88,157.77,330.38,0.425,0.221,1627.0,35.03,129.3,1,train
APDA-ROADMAP-NEG-0260,27.48716,88.07034,0.0,3.83,5.76,27.25,30.67,0.28,-0.031,617.7,2.07,127.1,0,train
APDA-ROADMAP-POS-0234,27.35081,92.42236,22.01,38.38,124.2,298.07,396.66,0.323,0.129,1656.4,30.05,155.0,1,train
APDA-ROADMAP-POS-0121,25.54101,91.86687,12.89,39.74,181.3,237.42,395.83,0.454,0.162,1148.6,30.31,154.2,1,train
APDA-ROADMAP-NEG-0698,24.21411,92.35451,0.26,7.56,11.08,28.91,31.11,0.28,-0.09,752.9,0.1,166.8,0,train
APDA-ROADMAP-POS-0950,26.0118,93.42722,9.22,47.01,84.17,141.97,260.92,0.494,0.171,1070.4,26.44,237.9,1,train
APDA-ROADMAP-POS-0618,23.73302,92.71725,7.92,31.27,99.56,184.32,425.59,0.32,0.182,455.2,37.26,146.2,1,train
APDA-ROADMAP-NEG-0179,25.38181,94.54201,0.86,0.93,8.66,33.05,63.1,0.08,-0.009,149.1,0.97,128.1,0,train
APDA-ROADMAP-POS-0308,24.83258,92.79807,8.84,48.5,145.29,193.35,358.92,0.32,0.214,622.9,40.74,187.5,1,train
APDA-ROADMAP-POS-0136,27.09591,93.6124,5.8,30.78,148.86,304.7,469.32,0.333,0.087,1352.9,37.39,192.7,1,train
APDA-ROADMAP-POS-0555,27.59117,91.8657,23.05,42.12,87.33,150.22,253.65,0.32,0.178,1504.2,34.06,194.3,1,train
APDA-ROADMAP-NEG-0674,27.04657,91.92749,1.12,6.25,12.43,13.33,26.16,0.276,-0.02,740.1,7.15,109.4,0,train
APDA-ROADMAP-POS-0584,25.43948,92.19638,9.0,56.62,139.95,294.27,364.44,0.478,0.216,1156.8,35.95,179.3,1,train
APDA-ROADMAP-NEG-0641,25.86531,92.2712,1.63,4.6,9.2,32.79,63.03,0.269,-0.079,456.7,4.06,27.9,0,train
APDA-ROADMAP-POS-0671,27.69171,88.58419,6.17,61.8,173.76,248.19,491.84,0.32,0.15,1598.3,45.53,190.0,1,train
APDA-ROADMAP-POS-0835,27.58428,91.86801,10.3,66.37,177.41,304.62,498.48,0.386,0.131,1648.4,34.47,205.5,1,train
APDA-ROADMAP-POS-0110,26.0119,93.41751,2.0,20.98,131.88,219.44,274.41,0.461,0.147,998.4,30.29,232.7,1,train
APDA-ROADMAP-NEG-0165,25.89625,90.22528,0.22,7.47,14.09,27.95,44.15,0.242,-0.026,83.9,2.99,136.3,0,train
APDA-ROADMAP-NEG-0960,27.40239,88.49973,1.17,6.56,18.64,38.61,44.25,0.08,0.04,781.3,0.24,297.8,0,train
APDA-ROADMAP-NEG-0465,25.43116,91.06251,0.47,6.85,10.24,30.89,41.82,0.09,0.037,112.7,1.01,141.7,0,train
APDA-ROADMAP-NEG-0729,26.62573,91.28948,0.04,8.03,8.27,20.65,33.5,0.206,-0.066,635.9,2.73,177.5,0,train
APDA-ROADMAP-NEG-0243,26.22226,92.06475,0.04,1.46,10.24,34.17,54.02,0.08,-0.029,105.5,0.52,289.6,0,train
APDA-ROADMAP-POS-0212,27.32718,88.61519,10.25,35.14,161.66,262.91,451.22,0.365,0.235,1332.0,32.61,182.4,1,train
APDA-ROADMAP-NEG-0768,25.2756,92.99726,0.24,7.69,16.96,26.98,52.58,0.28,-0.033,423.0,0.09,227.8,0,train
APDA-ROADMAP-NEG-0121,25.33474,91.39886,2.24,6.8,10.46,26.43,58.44,0.256,-0.011,745.1,3.92,283.2,0,train
APDA-ROADMAP-POS-0680,27.03407,88.26351,30.8,76.03,201.05,332.13,455.37,0.408,0.194,1604.7,39.11,147.2,1,train
APDA-ROADMAP-NEG-0951,27.44163,89.01348,1.97,2.11,13.19,21.86,45.26,0.28,-0.015,485.6,3.34,203.8,0,train
APDA-ROADMAP-NEG-0839,26.07101,93.76294,0.76,4.65,4.96,28.61,56.67,0.279,-0.034,325.8,4.58,312.2,0,train
APDA-ROADMAP-POS-0412,27.32332,88.61062,7.97,55.21,146.71,308.56,489.77,0.403,0.129,1819.6,40.9,198.4,1,train
APDA-ROADMAP-NEG-0325,26.09565,90.39798,0.06,5.54,11.02,25.01,25.21,0.146,-0.026,126.0,1.03,114.9,0,train
APDA-ROADMAP-POS-0783,25.75728,91.90797,23.23,62.19,110.99,228.95,289.98,0.371,0.108,1200.0,34.67,182.8,1,train
APDA-ROADMAP-NEG-0346,25.35055,92.6839,1.81,1.82,13.25,25.32,43.41,0.14,-0.001,437.4,3.34,282.3,0,train
APDA-ROADMAP-POS-0875,27.5845,91.86745,25.53,65.69,123.92,171.32,340.69,0.465,0.141,1533.5,32.86,152.5,1,train
APDA-ROADMAP-NEG-0653,27.49333,87.86827,0.63,0.75,14.36,15.9,42.24,0.137,-0.091,353.8,1.45,46.3,0,train
APDA-ROADMAP-NEG-0279,25.90291,93.76501,1.53,7.53,21.1,41.54,58.86,0.08,0.008,355.9,14.89,190.2,0,train
APDA-ROADMAP-POS-0786,25.1921,93.02124,21.51,63.52,129.78,230.34,351.46,0.419,0.234,1063.6,28.76,154.5,1,train
APDA-ROADMAP-NEG-0819,26.1388,94.49527,0.86,8.17,19.86,29.04,41.05,0.139,0.021,640.4,0.66,351.1,0,train
APDA-ROADMAP-NEG-0199,25.2005,93.92061,1.01,1.8,7.53,23.69,55.85,0.08,-0.039,233.1,12.15,305.1,0,train
APDA-ROADMAP-POS-0808,24.83078,92.80185,9.78,49.3,191.92,346.45,461.67,0.354,0.189,239.3,34.91,174.9,1,train
APDA-ROADMAP-POS-0713,27.18889,88.35325,10.01,62.8,158.13,252.12,439.97,0.428,0.215,1710.4,34.21,159.0,1,train
APDA-ROADMAP-NEG-0991,28.135,88.22837,2.76,4.04,14.51,28.25,51.92,0.159,-0.071,771.7,15.0,213.7,0,train
APDA-ROADMAP-NEG-0660,27.28606,88.06849,0.23,6.82,15.12,16.75,29.87,0.28,0.043,145.6,1.09,13.8,0,train
APDA-ROADMAP-NEG-0191,27.2325,88.91287,1.48,3.09,16.27,29.8,59.31,0.201,-0.102,463.4,2.75,102.0,0,train
APDA-ROADMAP-NEG-0226,24.71171,92.54763,1.01,8.32,11.54,23.06,28.48,0.08,-0.046,696.4,1.03,67.1,0,train
APDA-ROADMAP-POS-0603,25.75161,91.8987,11.68,63.93,135.9,282.84,436.87,0.446,0.125,632.1,34.64,200.9,1,train
APDA-ROADMAP-POS-0271,27.68801,88.58993,10.55,32.47,106.13,247.54,420.19,0.464,0.253,1509.3,31.81,226.7,1,train
APDA-ROADMAP-NEG-0385,25.26265,90.41738,0.35,7.14,14.31,28.28,50.97,0.08,-0.013,783.2,0.33,252.0,0,train
APDA-ROADMAP-POS-0232,27.32917,88.61738,5.38,28.56,60.25,147.07,219.16,0.332,0.197,1746.2,30.91,158.6,1,train
APDA-ROADMAP-POS-0050,26.00905,93.41667,8.22,34.9,70.32,177.73,419.19,0.521,0.169,1091.2,36.05,167.8,1,train
APDA-ROADMAP-POS-0463,25.75524,91.90451,4.67,38.25,171.89,214.98,346.1,0.48,0.245,1055.6,32.73,62.0,1,train
APDA-ROADMAP-NEG-0106,25.00995,93.24925,0.44,8.08,11.45,27.63,51.01,0.24,-0.097,104.0,0.64,64.0,0,train
APDA-ROADMAP-POS-0856,27.09694,93.61546,21.23,76.31,155.13,237.38,433.03,0.341,0.153,1646.9,46.75,215.0,1,train
APDA-ROADMAP-POS-0694,27.35292,92.41661,11.91,31.57,141.4,218.88,358.04,0.444,0.11,1627.8,36.51,172.5,1,train
APDA-ROADMAP-NEG-0552,27.51472,88.33602,0.64,1.25,14.49,18.94,19.69,0.28,-0.032,747.6,12.9,175.0,0,train
APDA-ROADMAP-NEG-0873,26.98097,88.00835,0.86,8.13,20.83,25.3,56.28,0.178,-0.095,730.1,1.58,301.4,0,train
APDA-ROADMAP-POS-0527,25.07482,93.15533,10.23,69.4,143.37,315.39,501.32,0.479,0.179,1234.6,40.17,65.8,1,train
APDA-ROADMAP-POS-0174,27.3506,92.41467,5.78,52.95,155.05,291.74,351.94,0.465,0.147,1634.4,32.1,112.4,1,train
APDA-ROADMAP-POS-0721,25.52839,91.86998,10.69,26.87,172.54,233.71,380.91,0.348,0.218,987.8,39.99,210.1,1,train
APDA-ROADMAP-POS-0415,27.58439,91.86282,6.28,62.06,209.26,340.28,579.76,0.429,0.175,1440.3,23.33,106.5,1,train
APDA-ROADMAP-POS-0238,23.72984,92.72187,13.48,66.28,206.72,260.97,498.31,0.32,0.19,631.4,56.76,145.9,1,train
APDA-ROADMAP-NEG-0473,26.91582,88.02859,1.6,8.99,21.0,39.2,73.12,0.28,-0.059,167.9,0.79,332.0,0,train
APDA-ROADMAP-NEG-0336,26.60822,93.94876,0.21,1.88,15.87,16.26,35.2,0.18,-0.01,598.4,6.08,58.1,0,train
APDA-ROADMAP-NEG-0064,25.21147,92.40956,0.24,4.87,11.74,23.23,49.59,0.08,0.042,86.4,0.04,145.9,0,train
APDA-ROADMAP-POS-0024,25.44159,92.19746,2.23,27.96,159.89,207.9,416.11,0.323,0.177,1040.9,38.89,143.6,1,train
APDA-ROADMAP-NEG-0767,24.59919,93.3219,1.55,9.24,18.67,38.38,50.02,0.08,-0.023,834.3,4.58,1.0,0,train
APDA-ROADMAP-POS-0064,25.44131,92.19524,10.69,60.55,94.73,226.04,438.9,0.524,0.167,1270.1,33.15,193.4,1,train
APDA-ROADMAP-POS-0290,26.01234,93.42576,10.97,58.36,109.69,252.09,493.18,0.392,0.261,985.9,35.51,222.5,1,train
APDA-ROADMAP-POS-0189,26.17219,91.75926,21.19,50.99,119.67,160.66,325.87,0.39,0.182,1223.9,30.26,195.8,1,train
APDA-ROADMAP-POS-0702,25.29923,91.71248,11.05,28.25,125.28,254.43,490.23,0.414,0.266,1032.8,33.17,189.5,1,train
APDA-ROADMAP-NEG-0815,27.92779,91.71379,0.2,2.23,14.92,33.88,56.39,0.223,0.026,844.7,1.48,226.6,0,train
APDA-ROADMAP-NEG-0138,24.20036,92.27775,1.62,4.91,9.79,11.84,25.07,0.264,-0.072,653.0,1.25,178.2,0,train
APDA-ROADMAP-POS-0355,27.59129,91.85971,11.19,37.29,109.01,255.05,392.75,0.476,0.185,1548.1,43.72,239.2,1,train
APDA-ROADMAP-POS-0417,24.78743,93.67927,6.47,65.82,189.26,238.38,346.14,0.504,0.163,479.4,41.5,239.8,1,train
APDA-ROADMAP-NEG-0246,25.43881,92.65343,0.86,2.27,13.03,13.62,45.97,0.28,-0.077,114.3,0.48,103.6,0,train
APDA-ROADMAP-POS-0931,27.69267,88.58254,6.87,31.09,79.57,127.82,290.04,0.433,0.23,1903.4,33.86,269.6,1,train
APDA-ROADMAP-POS-0197,24.78429,93.67836,18.66,68.11,193.16,289.39,481.11,0.428,0.171,406.7,33.67,178.7,1,train
APDA-ROADMAP-POS-0580,27.04149,88.26625,17.07,66.88,147.41,224.02,282.26,0.39,0.222,1422.2,43.98,191.5,1,train
APDA-ROADMAP-NEG-0135,27.96249,92.29478,0.26,7.28,16.69,38.94,52.4,0.148,-0.028,738.9,3.48,13.2,0,train
APDA-ROADMAP-NEG-0814,26.94831,92.13188,0.04,6.99,8.87,21.0,24.68,0.28,0.0,726.5,0.53,165.8,0,train
APDA-ROADMAP-NEG-0935,27.26044,91.52626,0.43,1.02,10.35,26.2,59.68,0.259,-0.029,423.1,0.97,78.8,0,train
APDA-ROADMAP-POS-0434,27.35592,92.42136,2.06,61.18,197.36,244.5,479.75,0.375,0.132,1584.1,26.43,238.5,1,train
APDA-ROADMAP-POS-0101,25.53736,91.86889,11.3,67.78,157.0,262.56,504.63,0.32,0.18,898.0,36.87,200.2,1,train
APDA-ROADMAP-NEG-0655,27.41538,92.05436,0.05,1.42,12.63,37.11,54.69,0.232,-0.022,759.2,0.71,250.7,0,train
APDA-ROADMAP-POS-0395,27.58646,91.86258,3.56,62.76,165.54,261.86,416.06,0.322,0.16,1614.2,36.31,210.5,1,train
APDA-ROADMAP-NEG-0939,26.01154,94.36159,0.74,7.13,16.28,23.49,41.0,0.258,-0.021,513.4,1.89,336.0,0,train
APDA-ROADMAP-POS-0221,25.53497,91.86705,3.81,27.52,95.3,261.63,468.89,0.44,0.203,934.8,39.83,165.1,1,train
APDA-ROADMAP-NEG-0676,26.91835,93.93222,0.4,4.49,16.59,29.35,30.69,0.08,0.011,166.1,2.61,100.2,0,train
APDA-ROADMAP-NEG-0498,23.97216,92.52249,0.93,4.17,7.78,8.44,25.77,0.094,-0.02,280.0,11.7,257.6,0,train
APDA-ROADMAP-NEG-0785,25.88216,90.88429,2.18,4.74,9.06,22.41,26.59,0.08,0.025,582.3,4.84,349.6,0,train
APDA-ROADMAP-POS-0345,25.60137,90.58357,5.14,60.22,176.59,346.58,577.22,0.424,0.154,1125.5,41.3,223.9,1,train
APDA-ROADMAP-NEG-0028,24.99966,93.04897,1.08,7.54,11.71,28.53,41.39,0.12,-0.027,331.6,6.78,169.8,0,train
APDA-ROADMAP-POS-0889,26.17205,91.75438,11.11,36.86,129.11,241.15,454.12,0.32,0.254,1101.8,43.75,206.3,1,train
APDA-ROADMAP-NEG-0351,27.93444,88.26036,0.11,3.02,11.72,31.21,62.8,0.08,-0.038,165.0,3.19,181.8,0,train
APDA-ROADMAP-POS-0553,27.18291,88.36024,8.74,55.1,184.64,247.38,391.74,0.418,0.086,1797.5,34.28,47.6,1,train
APDA-ROADMAP-POS-0744,25.43648,92.19969,7.57,41.57,88.78,182.91,405.83,0.482,0.198,889.6,33.25,146.8,1,train
APDA-ROADMAP-NEG-0542,25.01137,91.45944,0.62,5.96,16.96,31.85,35.91,0.163,-0.107,205.5,0.09,95.2,0,train
APDA-ROADMAP-POS-0539,25.67258,94.10688,11.39,36.49,151.68,291.19,509.59,0.36,0.258,1093.6,39.77,231.0,1,train
APDA-ROADMAP-POS-0907,25.07355,93.15368,9.03,37.83,125.75,196.45,336.88,0.449,0.112,1384.6,20.35,123.3,1,train
APDA-ROADMAP-NEG-0395,27.89227,92.22918,0.37,7.09,13.09,15.06,28.28,0.269,-0.051,100.8,15.0,306.0,0,train
APDA-ROADMAP-POS-0116,27.09571,93.61086,16.5,37.08,95.69,240.29,307.75,0.522,0.125,1450.8,39.79,161.4,1,train
APDA-ROADMAP-POS-0830,26.01202,93.41943,19.59,36.67,120.63,211.21,273.56,0.432,0.229,1016.5,28.55,165.0,1,train
APDA-ROADMAP-NEG-0938,23.89772,92.49013,0.02,0.83,10.41,16.41,43.1,0.165,-0.067,749.4,7.03,37.8,0,train
APDA-ROADMAP-POS-0809,26.1764,91.75782,15.85,54.93,152.21,223.77,306.72,0.416,0.236,918.0,38.05,167.6,1,train
APDA-ROADMAP-NEG-0311,27.38659,89.06671,2.17,6.37,9.22,30.79,56.85,0.08,-0.037,90.5,6.88,288.3,0,train
APDA-ROADMAP-NEG-0005,25.44437,91.07377,0.63,7.17,13.7,22.55,45.48,0.181,-0.085,349.7,0.06,318.5,0,train
APDA-ROADMAP-POS-0306,25.1853,93.02802,5.64,29.37,164.88,225.6,269.54,0.363,0.238,1443.1,25.7,157.5,1,train
APDA-ROADMAP-NEG-0101,25.05064,92.24094,0.15,0.4,7.72,15.75,19.16,0.273,-0.017,189.8,13.71,42.0,0,train
APDA-ROADMAP-POS-0480,27.03891,88.26557,7.81,28.99,87.55,165.35,240.23,0.32,0.162,1469.6,33.81,194.5,1,train
APDA-ROADMAP-NEG-0424,25.85621,92.56051,1.32,5.29,6.99,12.45,25.07,0.187,-0.099,404.7,0.85,297.9,0,train
APDA-ROADMAP-NEG-0076,26.60969,93.22659,1.53,2.13,5.58,27.09,51.45,0.106,-0.08,311.4,2.82,279.7,0,train
APDA-ROADMAP-POS-0571,27.69184,88.57878,8.58,46.9,114.06,289.25,428.26,0.344,0.107,1724.1,29.24,204.7,1,train
APDA-ROADMAP-POS-0619,25.67347,94.1154,17.29,74.21,156.31,228.3,443.62,0.32,0.143,1275.8,42.74,27.8,1,train
APDA-ROADMAP-NEG-0898,23.28808,93.01222,0.17,6.79,16.09,26.87,50.05,0.116,0.037,733.8,2.82,150.3,0,train
APDA-ROADMAP-NEG-0266,24.93198,92.61893,0.3,6.37,15.42,28.33,55.28,0.136,-0.054,298.9,0.41,314.6,0,train
APDA-ROADMAP-POS-0079,25.67768,94.1034,5.03,40.1,181.78,307.49,354.88,0.32,0.171,1052.4,34.43,176.2,1,train
APDA-ROADMAP-NEG-0912,27.00036,88.38904,0.0,1.07,1.75,8.26,22.41,0.177,-0.017,423.5,10.82,19.6,0,train
APDA-ROADMAP-POS-0033,27.186,88.35815,14.66,56.6,87.47,166.4,354.03,0.33,0.167,1485.2,41.35,8.9,1,train
APDA-ROADMAP-NEG-0538,23.3808,93.12124,0.35,6.42,18.89,28.92,50.0,0.257,-0.046,199.3,2.16,85.3,0,train
APDA-ROADMAP-NEG-0034,27.8453,91.96852,1.41,9.38,12.09,20.92,53.66,0.08,-0.017,457.8,15.0,226.1,0,train
APDA-ROADMAP-NEG-0563,26.22055,91.41063,4.0,11.48,20.83,24.6,29.93,0.089,-0.05,705.9,4.32,175.5,0,train
APDA-ROADMAP-POS-0352,27.33316,88.61702,4.92,43.67,154.01,303.61,360.44,0.387,0.176,1514.3,36.93,73.0,1,train
APDA-ROADMAP-POS-0164,25.43977,92.19512,28.36,70.97,134.36,188.29,355.6,0.422,0.191,1271.4,35.63,222.0,1,train
APDA-ROADMAP-POS-0204,25.43544,92.19759,7.07,61.11,182.12,361.03,559.45,0.321,0.24,1278.7,30.94,155.3,1,train
APDA-ROADMAP-NEG-0054,27.03191,92.60251,0.82,3.18,7.9,13.15,47.58,0.213,-0.031,134.9,7.25,106.9,0,train
APDA-ROADMAP-NEG-0365,25.30877,90.19018,0.49,3.22,4.05,28.25,57.78,0.23,-0.115,323.4,3.6,85.6,0,train
APDA-ROADMAP-NEG-0967,24.73643,92.90826,1.07,1.4,3.2,18.11,36.39,0.08,-0.049,154.5,1.86,270.4,0,train
APDA-ROADMAP-POS-0496,27.10028,93.61159,9.92,52.25,119.16,168.33,263.94,0.358,0.128,1630.6,40.05,176.0,1,train
APDA-ROADMAP-NEG-0625,25.87247,90.30312,0.22,1.36,6.62,6.62,7.61,0.087,-0.034,438.7,2.59,176.6,0,train
APDA-ROADMAP-NEG-0966,25.37569,93.29889,0.13,3.78,4.27,28.53,49.7,0.28,0.005,332.9,0.51,171.7,0,train
APDA-ROADMAP-NEG-0963,25.52821,91.65415,0.84,6.5,21.17,21.47,55.5,0.258,-0.023,505.2,0.59,32.0,0,train
APDA-ROADMAP-POS-0611,27.69452,88.57843,7.87,36.04,152.09,195.69,265.51,0.442,0.161,1546.1,32.16,226.2,1,train
APDA-ROADMAP-POS-0433,27.18352,88.35996,8.21,26.54,171.55,254.26,369.64,0.485,0.122,1523.4,34.04,150.3,1,train
APDA-ROADMAP-NEG-0492,26.91538,88.34029,0.26,7.0,9.74,25.58,29.54,0.169,-0.02,824.1,0.92,296.0,0,train
APDA-ROADMAP-POS-0219,25.67497,94.11571,6.59,32.13,106.78,156.84,243.07,0.453,0.213,986.7,35.86,189.3,1,train
APDA-ROADMAP-NEG-0931,28.02409,88.74062,1.07,4.47,7.52,27.0,48.29,0.111,-0.021,340.5,1.58,90.1,0,train
APDA-ROADMAP-NEG-0466,24.84206,92.63802,1.45,7.68,7.8,9.98,44.9,0.25,-0.044,709.3,1.22,314.0,0,train
APDA-ROADMAP-POS-0631,27.68746,88.58148,7.46,50.04,186.31,268.55,410.82,0.381,0.08,1615.8,20.74,193.3,1,train
APDA-ROADMAP-NEG-0382,25.04949,92.07346,0.49,6.08,10.43,26.67,33.12,0.08,-0.027,702.2,4.55,340.8,0,train
APDA-ROADMAP-NEG-0302,24.9019,91.94636,0.36,6.77,18.05,35.36,59.4,0.151,-0.052,327.5,5.6,96.4,0,train
APDA-ROADMAP-POS-0060,27.0401,88.26331,13.79,63.2,184.71,291.99,427.85,0.439,0.202,1485.7,29.92,332.6,1,train
APDA-ROADMAP-POS-0299,25.67941,94.1124,14.21,35.03,162.45,317.07,512.21,0.32,0.147,1053.3,44.28,149.2,1,train
APDA-ROADMAP-NEG-0711,28.00093,88.20557,0.25,4.17,18.63,21.83,55.02,0.28,0.007,551.1,7.41,338.5,0,train
APDA-ROADMAP-POS-0074,27.35082,92.41161,5.52,37.37,79.51,233.04,374.21,0.471,0.08,1638.6,41.0,236.4,1,train
APDA-ROADMAP-POS-0163,25.75653,91.90542,6.89,26.43,127.49,203.49,357.51,0.511,0.153,1040.4,33.34,173.6,1,train
APDA-ROADMAP-NEG-0275,27.17708,91.4672,1.57,5.57,13.43,14.7,21.3,0.162,-0.042,604.8,7.71,8.0,0,train
APDA-ROADMAP-NEG-0594,27.82298,92.8589,0.01,5.4,12.9,26.31,40.72,0.101,-0.04,302.3,15.0,194.3,0,train
APDA-ROADMAP-NEG-0434,26.95995,92.1502,0.88,4.15,15.81,40.15,64.94,0.08,-0.028,121.6,0.35,239.5,0,train
APDA-ROADMAP-NEG-0613,27.67255,88.19076,0.4,3.8,6.15,8.48,19.93,0.152,-0.106,399.5,5.48,74.3,0,train
APDA-ROADMAP-POS-0592,27.33052,88.61279,9.32,32.57,99.34,270.96,493.3,0.472,0.194,1497.4,37.09,188.3,1,train
APDA-ROADMAP-POS-0317,24.78869,93.68321,10.61,49.33,106.14,151.4,340.04,0.345,0.236,120.0,39.88,175.8,1,train
APDA-ROADMAP-POS-0046,25.18276,93.02125,19.19,45.6,148.9,266.39,389.59,0.355,0.118,1176.7,38.04,223.6,1,train
APDA-ROADMAP-NEG-0720,26.83341,87.99396,3.23,10.14,21.18,45.31,69.67,0.226,-0.05,779.4,0.33,128.7,0,train
APDA-ROADMAP-NEG-0832,26.83792,89.06846,2.11,6.43,8.87,32.63,50.35,0.232,-0.048,630.5,6.27,102.2,0,train
APDA-ROADMAP-POS-0428,24.83854,92.80095,6.82,52.69,176.42,263.94,502.4,0.38,0.18,537.8,32.87,159.5,1,train
APDA-ROADMAP-POS-0582,25.30587,91.70632,10.95,52.24,127.63,209.91,392.16,0.32,0.194,979.8,29.95,216.8,1,train
APDA-ROADMAP-POS-0077,24.79193,93.68298,4.26,21.95,152.11,213.92,366.25,0.412,0.226,440.2,41.45,16.2,1,train
APDA-ROADMAP-NEG-0917,24.63363,93.2782,0.0,7.56,9.55,30.4,41.93,0.229,-0.05,181.0,4.97,195.7,0,train
APDA-ROADMAP-NEG-0415,27.39807,92.11081,0.07,4.9,7.32,16.13,37.89,0.173,-0.047,719.2,2.95,273.2,0,train
APDA-ROADMAP-POS-0781,25.53353,91.86552,4.1,19.3,103.25,246.69,336.09,0.444,0.183,1145.6,44.02,163.7,1,train
APDA-ROADMAP-NEG-0920,27.47692,88.04586,0.02,2.43,10.42,10.57,43.96,0.08,-0.004,300.6,2.38,271.6,0,train
APDA-ROADMAP-NEG-0174,27.70144,92.1408,0.27,5.35,18.71,20.3,50.14,0.103,-0.058,638.5,0.09,58.4,0,train
APDA-ROADMAP-NEG-0320,27.43883,88.55035,0.27,1.99,12.92,15.45,15.75,0.28,-0.019,677.6,1.51,16.4,0,train
APDA-ROADMAP-POS-0938,23.72676,92.72063,11.12,26.27,108.73,230.52,381.08,0.467,0.205,445.9,38.97,226.0,1,train
APDA-ROADMAP-POS-0031,27.69239,88.58477,3.36,40.42,140.79,249.85,307.52,0.32,0.167,1834.7,33.15,158.1,1,train
APDA-ROADMAP-NEG-0092,26.96519,88.84065,0.59,3.3,7.52,16.94,44.97,0.28,-0.05,322.3,5.91,230.3,0,train
APDA-ROADMAP-NEG-0616,27.42269,93.80589,1.39,8.54,23.07,47.42,75.37,0.231,-0.029,587.9,0.2,113.2,0,train
APDA-ROADMAP-NEG-0230,26.49384,93.19121,1.72,3.55,9.98,14.46,29.47,0.19,-0.08,93.3,6.6,73.0,0,train
APDA-ROADMAP-POS-0975,27.58681,91.86297,6.03,30.98,107.94,173.62,388.69,0.501,0.173,1283.7,31.56,161.2,1,train
APDA-ROADMAP-NEG-0085,25.89539,90.81941,1.21,2.02,2.05,3.31,28.05,0.21,0.054,627.0,3.27,257.5,0,train
APDA-ROADMAP-POS-0515,27.58237,91.86388,7.68,23.26,128.8,287.08,443.18,0.473,0.259,1769.9,41.5,185.3,1,train
APDA-ROADMAP-NEG-0551,28.06316,88.85522,0.35,7.33,18.31,22.66,52.01,0.126,-0.088,698.6,4.7,111.2,0,train
APDA-ROADMAP-NEG-0568,24.53442,92.60805,0.81,5.43,12.3,34.68,48.5,0.09,0.055,288.8,12.71,254.6,0,train
APDA-ROADMAP-NEG-0811,28.11082,89.05167,0.46,6.27,21.11,30.59,52.55,0.161,0.007,144.6,10.26,215.1,0,train
APDA-ROADMAP-NEG-0574,27.6588,92.57965,0.59,7.48,7.83,31.77,56.26,0.081,-0.007,350.4,7.16,266.8,0,train
APDA-ROADMAP-POS-0045,25.60277,90.58805,4.22,19.97,169.14,290.99,357.64,0.438,0.172,1101.8,36.82,209.3,1,train
APDA-ROADMAP-NEG-0687,24.85906,92.87809,0.53,2.46,15.94,30.14,55.68,0.105,-0.09,209.6,2.62,322.1,0,train
APDA-ROADMAP-POS-0169,26.17182,91.76517,8.63,60.34,177.17,338.84,569.27,0.32,0.217,1027.2,30.52,158.2,1,train
APDA-ROADMAP-POS-0304,25.43851,92.19586,2.8,41.14,112.75,270.3,468.25,0.51,0.126,1193.1,38.34,343.6,1,train
APDA-ROADMAP-POS-0991,27.69256,88.58733,6.75,31.75,180.36,345.29,511.34,0.405,0.243,1661.5,25.19,162.9,1,train
APDA-ROADMAP-POS-0556,27.10258,93.61335,40.88,56.23,185.28,270.3,339.23,0.38,0.202,1401.3,37.13,161.0,1,train
APDA-ROADMAP-NEG-0925,25.81068,90.38242,0.09,7.7,10.02,16.36,36.46,0.28,-0.093,559.5,1.24,24.0,0,train
APDA-ROADMAP-POS-0608,24.8318,92.80172,19.19,79.13,196.94,319.6,541.69,0.527,0.155,849.5,35.43,205.7,1,train
APDA-ROADMAP-NEG-0619,25.91672,93.67682,3.46,9.96,12.57,18.94,27.17,0.28,-0.032,221.5,2.23,351.2,0,train
APDA-ROADMAP-POS-0758,23.73053,92.71807,14.49,67.57,109.0,243.88,355.73,0.432,0.144,546.1,39.04,290.3,1,train
APDA-ROADMAP-POS-0439,25.66991,94.11458,5.66,57.35,188.16,310.46,553.31,0.32,0.23,910.9,38.05,9.4,1,train
APDA-ROADMAP-POS-0583,25.75207,91.90773,7.98,67.53,173.66,302.72,357.87,0.413,0.207,896.3,25.31,146.4,1,train
APDA-ROADMAP-NEG-0519,25.90331,93.65114,0.95,8.72,18.46,29.52,53.14,0.08,0.011,817.8,3.19,105.9,0,train
APDA-ROADMAP-POS-0528,24.83046,92.80365,3.35,34.59,178.5,311.07,516.77,0.427,0.17,469.8,39.75,267.5,1,train
APDA-ROADMAP-POS-0343,25.75344,91.90639,8.68,43.01,115.85,283.63,516.78,0.32,0.166,1252.6,41.94,236.4,1,train
APDA-ROADMAP-NEG-0737,24.61171,93.34524,0.02,3.74,5.95,13.84,14.67,0.207,-0.051,752.3,1.87,330.9,0,train
APDA-ROADMAP-POS-0368,24.83205,92.79632,10.47,58.76,189.63,317.16,451.55,0.45,0.211,647.5,39.92,225.6,1,train
APDA-ROADMAP-POS-0186,25.18325,93.02686,18.4,74.9,171.72,240.1,424.0,0.347,0.187,1166.3,35.1,3.6,1,train
APDA-ROADMAP-NEG-0117,25.0135,93.83412,0.88,0.94,9.46,29.9,32.3,0.28,0.003,121.9,1.09,179.0,0,train
APDA-ROADMAP-NEG-0755,28.07824,92.08558,0.25,2.24,11.53,23.65,57.4,0.21,-0.097,788.4,2.52,222.9,0,train
APDA-ROADMAP-NEG-0426,24.86029,92.6925,0.58,5.2,18.17,31.25,57.63,0.138,-0.054,644.3,1.76,335.1,0,train
APDA-ROADMAP-POS-0301,25.5346,91.86836,14.31,38.74,122.86,243.09,492.85,0.343,0.177,797.3,34.98,146.3,1,train
APDA-ROADMAP-NEG-0904,25.89565,91.93131,0.42,5.73,14.91,17.59,27.98,0.124,-0.059,164.9,2.86,178.1,0,train
APDA-ROADMAP-POS-0833,27.18053,88.35405,7.56,64.76,106.04,167.1,330.96,0.32,0.16,1553.2,45.01,172.8,1,train
APDA-ROADMAP-POS-0544,25.44107,92.19843,20.45,62.22,97.11,150.51,394.56,0.366,0.266,986.7,24.4,38.9,1,train
APDA-ROADMAP-NEG-0601,25.30483,91.40281,0.31,2.07,4.08,12.7,19.21,0.155,-0.001,332.1,2.14,35.9,0,train
APDA-ROADMAP-POS-0351,27.69742,88.58353,19.94,58.55,111.91,253.3,495.37,0.32,0.167,1564.3,34.39,195.7,1,train
APDA-ROADMAP-NEG-0933,27.62296,88.15116,0.76,8.33,9.4,21.85,38.9,0.158,-0.004,833.7,7.92,183.8,0,train
APDA-ROADMAP-NEG-0511,27.39062,88.74538,0.79,5.72,17.92,37.02,54.21,0.08,-0.135,575.1,15.0,249.5,0,train
APDA-ROADMAP-POS-0979,25.66998,94.11331,12.17,56.01,96.01,235.56,460.26,0.342,0.271,782.5,34.35,81.4,1,train
APDA-ROADMAP-POS-0176,27.096,93.61454,14.65,71.58,192.96,362.14,594.64,0.469,0.149,1476.4,27.38,204.8,1,train
APDA-ROADMAP-POS-0483,25.75439,91.90458,13.51,69.44,205.09,360.31,608.68,0.484,0.289,1073.8,35.65,161.2,1,train
APDA-ROADMAP-NEG-0413,27.36634,88.63053,0.18,0.85,13.88,32.86,33.17,0.206,-0.058,149.3,0.12,18.4,0,train
APDA-ROADMAP-NEG-0611,27.25657,88.909,1.77,7.86,13.9,20.62,45.46,0.08,-0.045,182.5,1.61,25.8,0,train
APDA-ROADMAP-POS-0124,25.43959,92.20103,11.84,38.62,143.86,238.2,350.73,0.385,0.234,1182.3,40.22,146.1,1,train
APDA-ROADMAP-POS-0600,27.03932,88.26589,10.71,55.4,196.9,303.32,438.79,0.32,0.216,1589.0,33.08,152.4,1,train
APDA-ROADMAP-NEG-0795,27.98154,92.25129,0.2,6.97,11.95,28.6,63.28,0.187,-0.078,665.7,15.0,266.2,0,train
APDA-ROADMAP-NEG-0746,25.58581,93.3699,0.87,7.23,9.25,12.3,23.09,0.157,-0.052,489.9,8.45,7.6,0,train
APDA-ROADMAP-NEG-0379,25.30207,94.29783,0.29,1.85,3.79,21.93,26.37,0.163,-0.086,267.9,3.9,45.1,0,train
APDA-ROADMAP-NEG-0186,24.99316,93.19459,0.11,3.11,4.57,9.49,26.76,0.102,-0.014,839.4,1.88,120.8,0,train
APDA-ROADMAP-POS-0486,25.18667,93.02363,4.61,58.0,159.52,208.97,348.3,0.386,0.21,1059.7,34.85,235.7,1,train
APDA-ROADMAP-POS-0332,27.33236,88.61415,11.01,50.54,182.43,253.96,299.77,0.402,0.183,1550.8,34.45,179.3,1,train
APDA-ROADMAP-POS-0789,26.17133,91.75591,13.1,61.29,117.62,249.62,317.4,0.392,0.185,1025.8,25.94,145.2,1,train
APDA-ROADMAP-POS-0195,27.58716,91.86939,11.35,41.2,127.71,234.92,484.43,0.376,0.103,1473.1,37.04,170.4,1,train
APDA-ROADMAP-POS-0638,23.73424,92.71354,7.13,52.63,144.32,216.3,286.01,0.403,0.147,648.2,40.1,75.3,1,train
APDA-ROADMAP-POS-0472,27.32898,88.6155,11.66,33.61,151.12,281.11,335.77,0.402,0.141,1428.4,40.51,80.1,1,train
APDA-ROADMAP-NEG-0714,27.75903,92.65123,0.11,5.69,12.88,37.24,62.04,0.08,-0.106,400.9,1.82,86.8,0,train
APDA-ROADMAP-POS-0323,25.74942,91.90636,14.95,40.01,164.23,338.61,482.03,0.352,0.236,1199.2,23.92,200.7,1,train
APDA-ROADMAP-NEG-0197,24.33371,93.87033,0.97,2.06,5.91,17.59,18.97,0.177,0.046,270.0,2.11,301.2,0,train
APDA-ROADMAP-POS-0267,25.07399,93.15266,10.0,37.21,160.23,292.94,357.15,0.32,0.205,1235.0,40.79,203.0,1,train
APDA-ROADMAP-NEG-0544,25.74927,92.3905,3.49,11.12,15.82,25.12,41.42,0.244,0.004,626.5,6.86,89.5,0,train
APDA-ROADMAP-NEG-0804,25.75289,91.87897,0.43,1.8,2.95,11.73,19.28,0.093,-0.026,275.7,7.93,161.6,0,train
APDA-ROADMAP-POS-0068,24.83205,92.8021,16.35,57.71,111.17,246.31,331.27,0.406,0.175,641.9,34.58,171.4,1,train
APDA-ROADMAP-NEG-0738,23.99866,93.00968,0.11,1.72,6.17,16.25,36.99,0.08,0.015,305.3,7.03,177.8,0,train
APDA-ROADMAP-NEG-0593,26.72163,88.71974,0.24,7.91,18.29,27.15,31.65,0.129,-0.037,766.1,4.67,158.6,0,train
APDA-ROADMAP-NEG-0564,25.24453,91.79796,0.82,5.46,18.17,39.96,59.45,0.08,-0.056,326.7,8.29,312.7,0,train
APDA-ROADMAP-POS-0481,25.53675,91.86761,4.56,50.13,170.42,305.03,382.75,0.506,0.087,1026.0,42.06,238.5,1,train
APDA-ROADMAP-NEG-0757,24.94141,93.25802,0.84,6.2,10.62,18.38,31.56,0.08,0.025,632.4,2.74,95.6,0,train
APDA-ROADMAP-NEG-0913,26.86577,88.54203,1.32,5.26,12.01,12.47,15.81,0.28,-0.019,223.9,6.14,311.1,0,train
APDA-ROADMAP-NEG-0441,25.10721,92.02778,0.72,3.45,18.04,29.86,37.28,0.274,-0.065,169.8,1.24,30.1,0,train
APDA-ROADMAP-NEG-0461,25.81977,91.41188,2.25,8.36,19.46,36.53,39.73,0.173,-0.05,286.2,2.85,345.8,0,train
APDA-ROADMAP-POS-0888,24.83387,92.80562,5.56,34.43,151.9,271.41,423.19,0.366,0.089,395.6,42.14,165.4,1,train
APDA-ROADMAP-POS-0423,25.7563,91.90049,23.66,40.69,135.48,291.81,493.32,0.32,0.203,704.3,37.95,183.5,1,train
APDA-ROADMAP-NEG-0675,27.89289,92.01679,0.48,7.15,17.78,30.57,33.27,0.118,0.014,800.0,15.0,332.5,0,train
APDA-ROADMAP-NEG-0450,26.23015,93.16129,0.07,0.64,11.95,25.15,44.61,0.218,-0.02,753.9,7.9,95.0,0,train
APDA-ROADMAP-POS-0765,25.5987,90.58644,13.9,66.41,213.28,341.36,429.08,0.385,0.237,903.5,32.24,160.5,1,train
APDA-ROADMAP-POS-0520,27.03781,88.26542,3.85,34.95,184.83,314.21,511.42,0.427,0.202,1358.2,30.81,194.7,1,train
APDA-ROADMAP-NEG-0432,27.05655,89.00835,0.47,4.92,13.02,19.09,46.47,0.08,0.002,746.5,0.52,326.9,0,train
APDA-ROADMAP-POS-0614,27.35076,92.41811,11.23,26.98,77.91,141.09,201.66,0.332,0.109,1624.7,38.1,151.7,1,train
APDA-ROADMAP-NEG-0531,27.33132,88.82289,0.23,5.28,15.32,16.1,17.09,0.08,0.016,702.5,2.74,43.2,0,train
APDA-ROADMAP-NEG-0783,25.30061,91.65423,3.37,7.65,7.69,11.63,20.51,0.143,-0.007,407.8,10.84,321.2,0,train
APDA-ROADMAP-NEG-0659,25.36074,93.96116,0.38,4.71,11.76,28.72,56.66,0.08,-0.022,313.2,12.3,319.3,0,train
APDA-ROADMAP-POS-0454,27.35413,92.41385,15.23,71.88,140.46,246.61,411.18,0.331,0.203,1629.6,49.41,212.6,1,train
APDA-ROADMAP-POS-0731,27.68932,88.5846,10.93,48.88,110.12,213.27,349.09,0.39,0.289,1645.1,26.86,212.5,1,train
APDA-ROADMAP-POS-0535,27.58349,91.8656,9.29,35.3,171.21,216.48,411.18,0.468,0.148,1396.1,37.01,157.8,1,train
APDA-ROADMAP-POS-0966,25.18253,93.02481,12.95,31.14,84.26,238.35,420.64,0.455,0.132,871.8,40.06,206.6,1,train
APDA-ROADMAP-NEG-0285,25.9154,90.27992,0.12,6.76,18.11,26.55,59.62,0.202,-0.07,336.0,1.76,138.6,0,train
APDA-ROADMAP-NEG-0740,26.63056,87.9127,1.41,3.96,13.24,26.87,54.79,0.183,0.006,413.6,2.42,264.0,0,train
APDA-ROADMAP-POS-0262,25.30082,91.7097,8.0,23.2,106.79,147.64,203.39,0.401,0.145,1125.5,33.96,197.0,1,train
APDA-ROADMAP-POS-0536,27.09633,93.61796,20.01,64.6,177.8,331.83,409.85,0.538,0.171,1753.9,24.8,196.1,1,train
APDA-ROADMAP-POS-0969,26.17463,91.76203,12.16,59.11,127.21,286.15,449.24,0.347,0.162,977.8,33.75,206.5,1,train
APDA-ROADMAP-POS-0241,25.53019,91.86475,9.18,34.31,120.9,278.78,510.99,0.32,0.146,1159.2,47.49,159.5,1,train
APDA-ROADMAP-POS-0820,27.03563,88.26789,18.83,36.31,183.52,298.67,491.89,0.445,0.125,1359.1,38.0,172.1,1,train
APDA-ROADMAP-POS-0693,27.18094,88.35874,16.75,36.13,146.12,187.45,392.72,0.478,0.116,1572.4,32.96,120.5,1,train
APDA-ROADMAP-POS-0421,25.53435,91.85895,9.62,65.64,212.39,391.96,572.61,0.451,0.09,1041.2,37.7,180.2,1,train
APDA-ROADMAP-NEG-0086,24.97687,92.60717,0.79,6.31,10.27,21.43,29.91,0.185,-0.061,710.5,1.62,310.7,0,train
APDA-ROADMAP-NEG-0999,25.84116,94.33759,0.07,7.0,15.68,36.54,70.27,0.08,-0.011,632.4,12.11,214.0,0,train
APDA-ROADMAP-POS-0366,25.18727,93.02549,6.95,51.67,188.2,311.33,524.47,0.326,0.233,1246.1,31.86,156.8,1,train
APDA-ROADMAP-NEG-0023,25.27659,92.25949,0.54,3.14,3.29,17.95,36.34,0.254,-0.091,608.2,7.53,319.8,0,train
APDA-ROADMAP-NEG-0241,25.196,91.41255,0.11,6.54,6.77,20.15,45.56,0.28,-0.019,800.8,2.0,328.1,0,train
APDA-ROADMAP-POS-0589,26.17719,91.75834,4.75,21.0,149.22,297.42,445.89,0.452,0.148,1268.8,44.5,179.0,1,train
APDA-ROADMAP-POS-0737,24.78037,93.68366,14.46,34.78,158.21,212.9,336.55,0.485,0.183,743.9,42.12,222.9,1,train
APDA-ROADMAP-NEG-0762,25.07731,91.50937,0.16,4.12,9.96,32.12,64.76,0.128,-0.073,260.5,4.22,225.9,0,train
APDA-ROADMAP-POS-0942,25.29718,91.71749,13.15,42.29,172.92,223.52,379.27,0.368,0.184,1210.6,35.36,177.3,1,train
APDA-ROADMAP-POS-0072,27.33332,88.61388,8.0,34.59,163.8,333.65,499.11,0.342,0.199,1860.9,32.37,212.3,1,train
APDA-ROADMAP-NEG-0408,25.27435,92.45405,0.78,5.35,16.93,28.58,56.11,0.169,-0.151,270.1,1.59,94.5,0,train
APDA-ROADMAP-POS-0260,27.03829,88.26897,5.37,51.05,86.99,145.36,319.41,0.421,0.219,1536.6,31.17,231.6,1,train
APDA-ROADMAP-POS-0052,27.32897,88.61141,24.77,45.2,182.73,236.79,332.34,0.332,0.149,1671.8,25.52,273.6,1,train
APDA-ROADMAP-POS-0199,25.6787,94.11315,21.68,51.11,196.82,323.88,422.16,0.434,0.172,901.5,25.49,229.0,1,train
APDA-ROADMAP-NEG-0789,25.96905,91.44312,0.8,7.62,17.64,39.98,59.51,0.126,-0.024,235.1,3.28,213.3,0,train
APDA-ROADMAP-POS-0651,27.69438,88.58592,19.01,60.1,132.28,282.09,358.17,0.464,0.177,1339.5,30.35,358.3,1,train
APDA-ROADMAP-POS-0333,27.18541,88.35936,4.37,25.51,165.75,212.79,255.49,0.449,0.101,1555.9,33.92,173.2,1,train
APDA-ROADMAP-NEG-0360,26.64167,87.85124,0.3,5.1,11.44,16.78,43.44,0.151,-0.131,510.4,2.53,2.3,0,train
APDA-ROADMAP-POS-0594,27.34984,92.41688,9.68,38.76,150.89,237.04,293.53,0.497,0.164,1621.2,25.87,192.6,1,train
APDA-ROADMAP-NEG-0392,26.90338,88.23793,0.39,8.36,12.61,14.07,15.08,0.08,-0.054,182.5,7.52,260.5,0,train
APDA-ROADMAP-NEG-0801,25.19331,91.50843,0.84,8.58,13.52,33.13,54.39,0.231,0.025,616.3,3.2,147.4,0,train
APDA-ROADMAP-NEG-0315,27.97019,92.19986,0.05,6.2,18.62,36.26,38.17,0.224,-0.038,294.4,0.55,297.3,0,train
APDA-ROADMAP-NEG-0112,27.77657,88.45085,1.63,8.2,8.87,8.96,9.69,0.28,-0.022,772.1,7.33,240.3,0,train
APDA-ROADMAP-NEG-0007,24.8829,93.41837,1.53,4.08,4.15,4.65,13.07,0.08,-0.011,392.9,15.0,204.3,0,train
APDA-ROADMAP-NEG-0327,25.37962,93.61107,1.0,7.06,20.29,40.03,40.89,0.249,-0.019,373.7,9.79,173.5,0,train
APDA-ROADMAP-POS-0427,25.07113,93.15844,5.04,58.14,153.01,226.48,416.18,0.362,0.122,1117.8,32.77,190.5,1,train
APDA-ROADMAP-NEG-0559,26.04864,93.88863,0.71,4.93,10.61,23.45,51.89,0.185,-0.017,616.6,8.26,70.9,0,train
APDA-ROADMAP-NEG-0294,27.63968,92.5698,2.83,3.11,7.04,10.01,13.44,0.208,-0.033,732.2,3.23,260.9,0,train
APDA-ROADMAP-POS-0591,27.69605,88.58511,11.34,59.82,148.0,253.09,423.7,0.34,0.135,1440.0,38.48,198.6,1,train
APDA-ROADMAP-NEG-0958,23.38699,92.48058,0.19,6.22,11.47,21.55,31.16,0.08,-0.049,734.8,4.42,310.9,0,train
APDA-ROADMAP-NEG-0977,24.95333,93.40418,0.22,4.79,5.08,27.57,47.8,0.08,-0.013,825.2,2.86,75.2,0,train
APDA-ROADMAP-NEG-0133,26.81713,87.87809,0.26,4.56,8.25,23.41,24.71,0.08,0.017,847.5,0.03,350.1,0,train
APDA-ROADMAP-POS-0986,25.18772,93.02856,9.18,25.4,88.61,224.62,445.88,0.454,0.185,1311.8,26.95,331.2,1,train
APDA-ROADMAP-POS-0399,25.67086,94.10695,10.37,54.93,158.39,301.96,492.87,0.457,0.197,1224.8,31.95,142.1,1,train
APDA-ROADMAP-NEG-0512,26.83769,88.30708,2.78,3.09,7.19,12.94,37.39,0.104,-0.122,644.7,1.27,278.1,0,train
APDA-ROADMAP-POS-0437,24.78869,93.68038,5.06,26.81,119.8,161.78,365.56,0.32,0.21,513.8,42.38,191.0,1,train
APDA-ROADMAP-POS-0193,27.18783,88.35841,41.63,87.3,150.67,324.94,513.46,0.364,0.116,1784.3,35.55,204.5,1,train
APDA-ROADMAP-NEG-0436,27.45805,94.09853,0.37,1.61,2.36,5.15,22.47,0.209,-0.034,347.9,12.66,276.0,0,train
APDA-ROADMAP-POS-0615,27.58799,91.86512,20.32,42.34,83.33,247.54,366.64,0.539,0.112,1590.8,22.91,221.8,1,train
APDA-ROADMAP-NEG-0494,27.84415,92.19991,0.0,7.76,11.77,21.99,30.29,0.2,-0.069,120.6,5.92,72.8,0,train
APDA-ROADMAP-POS-0577,24.78351,93.6807,6.53,22.39,110.04,275.5,406.56,0.32,0.244,470.2,42.85,214.0,1,train
APDA-ROADMAP-POS-0987,25.07657,93.1544,29.17,83.11,204.62,372.24,501.36,0.448,0.227,1332.7,25.8,49.2,1,train
APDA-ROADMAP-NEG-0433,26.96546,88.62953,2.89,3.4,17.87,42.03,65.64,0.157,-0.032,195.8,11.7,280.3,0,train
APDA-ROADMAP-POS-0707,25.07761,93.15914,22.04,57.42,172.35,328.15,426.46,0.32,0.139,1168.8,50.84,231.9,1,train
APDA-ROADMAP-NEG-0259,25.22563,93.64847,0.33,1.39,2.1,12.46,13.95,0.205,-0.021,608.5,1.97,101.4,0,train
APDA-ROADMAP-POS-0142,25.30008,91.7102,10.74,50.27,154.66,292.2,512.59,0.32,0.176,1356.0,36.91,239.6,1,train
APDA-ROADMAP-NEG-0358,23.4039,92.44234,0.1,0.35,12.49,33.87,42.32,0.28,0.017,661.0,2.99,183.3,0,train
APDA-ROADMAP-POS-0003,25.75466,91.90248,14.62,65.84,142.33,222.7,406.02,0.419,0.212,976.3,39.73,183.7,1,train
APDA-ROADMAP-NEG-0222,25.5435,92.01554,1.58,9.41,20.31,45.03,64.3,0.148,-0.038,456.7,1.34,308.7,0,train
APDA-ROADMAP-NEG-0870,25.77119,93.76552,0.06,6.43,13.16,28.75,59.38,0.08,-0.016,194.2,0.1,9.8,0,train
APDA-ROADMAP-NEG-0623,25.41447,91.56586,0.36,0.6,12.14,27.77,36.54,0.112,0.006,300.6,1.21,243.4,0,train
APDA-ROADMAP-POS-0340,27.03397,88.26533,6.56,42.26,191.03,301.86,446.51,0.468,0.168,1591.0,41.2,188.6,1,train
APDA-ROADMAP-NEG-0770,25.71767,93.89879,0.21,2.4,5.27,29.69,57.97,0.08,0.044,429.9,11.24,46.9,0,train
APDA-ROADMAP-NEG-0537,25.04008,94.12791,0.0,7.53,22.14,33.83,59.22,0.206,-0.066,168.7,2.8,211.0,0,train
APDA-ROADMAP-POS-0484,25.43949,92.1935,11.04,58.5,203.33,268.34,507.91,0.411,0.171,1044.4,36.12,230.4,1,train
APDA-ROADMAP-POS-0266,25.18393,93.02586,12.36,45.13,111.31,170.61,348.35,0.32,0.161,1123.2,20.0,155.6,1,train
APDA-ROADMAP-POS-0377,24.78785,93.67964,7.77,53.28,96.32,145.13,322.09,0.482,0.158,810.3,26.89,175.0,1,train
APDA-ROADMAP-POS-0742,25.29827,91.71085,3.18,53.53,92.49,160.89,391.9,0.406,0.175,1048.2,34.66,150.1,1,train
APDA-ROADMAP-NEG-0014,27.03883,91.99453,1.03,4.37,11.0,30.09,59.83,0.117,-0.007,453.3,1.64,31.5,0,train
APDA-ROADMAP-POS-0440,27.03846,88.26776,8.09,45.01,121.45,263.58,505.63,0.32,0.169,1440.7,35.45,94.9,1,train
APDA-ROADMAP-POS-0272,27.32924,88.61627,4.17,63.3,120.64,193.77,414.09,0.32,0.189,1502.4,32.56,205.6,1,train
APDA-ROADMAP-POS-0185,25.60488,90.57767,21.66,62.99,164.56,248.62,357.99,0.344,0.208,985.1,32.9,188.1,1,train
APDA-ROADMAP-POS-0940,27.03935,88.26025,18.78,36.63,150.04,321.05,535.57,0.371,0.253,1640.7,43.04,64.9,1,train
APDA-ROADMAP-POS-0245,25.60537,90.58376,13.55,52.31,122.43,183.28,345.94,0.32,0.158,1027.3,31.86,303.2,1,train
APDA-ROADMAP-POS-0932,27.32894,88.61111,10.49,50.94,152.33,209.97,290.22,0.507,0.123,1493.1,31.9,7.1,1,train
APDA-ROADMAP-POS-0446,25.18339,93.02009,13.08,65.17,126.18,224.9,381.2,0.504,0.182,1234.7,30.76,200.9,1,train
APDA-ROADMAP-POS-0597,24.7899,93.6849,14.09,52.54,184.53,277.36,330.05,0.32,0.192,527.1,27.75,276.2,1,train
APDA-ROADMAP-POS-0818,23.72618,92.71478,15.33,51.48,178.6,282.68,409.79,0.36,0.196,363.0,23.8,217.1,1,train
APDA-ROADMAP-NEG-0273,26.91655,88.02597,1.04,4.52,5.35,27.12,45.55,0.227,-0.015,698.8,12.94,197.8,0,train
APDA-ROADMAP-NEG-0677,24.63283,93.43271,1.37,7.31,20.26,42.15,59.52,0.244,-0.009,556.9,1.45,17.1,0,train
APDA-ROADMAP-POS-0487,25.06618,93.15428,4.24,61.42,167.54,210.99,355.93,0.507,0.188,1177.7,32.83,228.0,1,train
APDA-ROADMAP-POS-0681,25.53521,91.86865,11.62,55.31,106.73,188.06,290.53,0.451,0.209,1160.7,38.94,226.9,1,train
APDA-ROADMAP-POS-0416,27.09576,93.61615,10.78,70.68,174.84,276.35,394.29,0.445,0.192,1398.6,35.6,156.0,1,train
APDA-ROADMAP-POS-0274,27.35133,92.41321,5.8,25.44,56.27,215.96,403.75,0.437,0.227,1689.3,39.83,170.7,1,train
APDA-ROADMAP-NEG-0472,27.81511,88.80743,1.41,9.39,10.92,26.21,53.79,0.201,-0.01,282.3,6.44,151.9,0,train
APDA-ROADMAP-NEG-0830,26.46395,93.25149,0.17,0.31,13.51,14.63,27.68,0.11,-0.044,102.2,8.34,4.7,0,train
APDA-ROADMAP-NEG-0455,27.78658,91.67554,0.92,7.68,8.16,27.44,54.46,0.08,0.007,589.4,8.13,250.0,0,train
APDA-ROADMAP-POS-0251,27.69202,88.58169,7.1,58.71,107.95,240.44,438.99,0.392,0.179,1563.0,26.76,253.3,1,train
APDA-ROADMAP-POS-0414,27.35244,92.41692,20.94,75.73,186.29,268.05,354.5,0.4,0.136,1398.6,39.86,170.5,1,train
APDA-ROADMAP-NEG-0386,25.45886,93.27031,1.59,6.08,20.6,22.69,44.18,0.084,0.021,319.8,5.96,114.1,0,train
APDA-ROADMAP-NEG-0308,25.02596,92.31599,0.45,2.53,6.99,29.97,36.11,0.273,-0.028,211.7,8.31,14.1,0,train
APDA-ROADMAP-POS-0716,27.10321,93.6139,5.78,38.02,101.8,175.89,221.29,0.459,0.149,1365.1,43.84,237.8,1,train
APDA-ROADMAP-POS-0311,27.69628,88.58644,9.65,43.49,75.33,189.31,256.62,0.387,0.198,1451.9,39.91,328.3,1,train
APDA-ROADMAP-POS-0927,25.07451,93.15532,9.87,57.39,142.89,235.11,367.7,0.459,0.19,1134.1,26.12,166.8,1,train
APDA-ROADMAP-POS-0382,25.29906,91.70764,11.1,51.63,174.46,265.08,357.32,0.404,0.214,1006.6,40.34,179.6,1,train
APDA-ROADMAP-NEG-0566,25.68291,92.76876,1.49,9.37,16.58,18.25,42.45,0.232,-0.007,142.0,5.15,155.5,0,train
APDA-ROADMAP-POS-0426,25.18333,93.02636,10.54,56.65,92.92,145.89,204.4,0.464,0.279,1097.9,34.25,1.4,1,train
APDA-ROADMAP-NEG-0875,27.79168,91.68624,0.23,8.07,12.1,23.14,47.95,0.113,-0.077,294.4,3.85,166.1,0,train
APDA-ROADMAP-POS-0533,27.18496,88.35252,19.31,51.01,153.71,306.37,396.82,0.434,0.178,1616.4,24.55,2.9,1,train
APDA-ROADMAP-POS-0753,27.18202,88.35269,6.93,56.04,186.06,339.16,486.39,0.325,0.127,1352.7,38.27,141.8,1,train
APDA-ROADMAP-POS-0766,25.18504,93.02224,6.77,35.06,67.95,168.32,244.02,0.32,0.197,1031.3,48.04,182.2,1,train
APDA-ROADMAP-NEG-0357,25.16161,93.18509,0.47,8.02,11.7,24.44,36.69,0.276,-0.015,702.4,0.53,92.6,0,train
APDA-ROADMAP-POS-0409,26.17759,91.75942,7.26,51.65,139.5,259.64,307.71,0.393,0.207,1185.0,39.87,193.9,1,train
APDA-ROADMAP-NEG-0615,27.29229,92.09787,0.44,6.85,16.11,33.46,44.71,0.158,-0.087,483.6,1.66,285.0,0,train
APDA-ROADMAP-POS-0695,27.58221,91.8666,17.23,44.56,185.39,245.13,412.6,0.32,0.27,1505.6,29.47,184.5,1,train
APDA-ROADMAP-NEG-0739,26.16107,94.52107,0.62,8.09,18.8,38.37,54.44,0.119,-0.044,170.9,8.22,301.9,0,train
APDA-ROADMAP-POS-0549,26.17058,91.75956,2.62,19.6,69.0,239.94,301.6,0.408,0.209,1067.4,37.07,237.9,1,train
APDA-ROADMAP-POS-0937,24.78307,93.67223,12.78,58.47,99.59,268.37,459.33,0.32,0.191,498.0,29.66,229.2,1,train
APDA-ROADMAP-NEG-0390,26.26291,93.00051,1.87,3.06,17.74,38.45,42.68,0.136,-0.08,779.0,0.2,26.4,0,train
APDA-ROADMAP-NEG-0608,24.51926,93.0008,0.25,6.93,21.43,26.67,48.82,0.154,-0.056,488.4,1.35,232.4,0,train
APDA-ROADMAP-NEG-0940,26.8256,88.6901,0.21,5.47,10.87,17.65,38.01,0.08,-0.021,553.8,1.48,23.0,0,train
APDA-ROADMAP-NEG-0482,24.94312,91.4595,0.05,2.62,7.49,15.81,49.18,0.084,-0.099,629.0,8.5,134.5,0,train
APDA-ROADMAP-POS-0183,25.75834,91.90244,4.06,37.35,169.2,280.11,366.94,0.428,0.262,1138.9,37.18,254.8,1,train
APDA-ROADMAP-NEG-0941,25.17474,92.25341,0.64,1.6,8.44,27.7,29.13,0.105,-0.056,689.3,0.55,201.7,0,train
APDA-ROADMAP-NEG-0161,25.15827,92.25325,0.06,0.57,5.37,25.06,29.09,0.095,-0.047,467.5,0.06,72.4,0,train
APDA-ROADMAP-POS-0171,27.69421,88.57993,13.17,70.37,136.59,212.31,401.66,0.421,0.155,1473.9,37.27,204.1,1,train
APDA-ROADMAP-POS-0293,27.1832,88.35734,9.2,35.31,84.61,174.7,377.58,0.466,0.144,1637.9,32.39,232.1,1,train
APDA-ROADMAP-POS-0562,25.30014,91.71449,17.38,34.07,175.75,326.38,572.63,0.491,0.168,1109.8,45.04,112.9,1,train
APDA-ROADMAP-NEG-0457,24.62546,94.05038,2.96,8.75,21.92,34.84,51.86,0.228,-0.043,202.0,5.6,140.6,0,train
APDA-ROADMAP-NEG-0877,24.30227,93.50786,0.46,2.71,14.41,39.05,70.81,0.198,-0.042,663.3,7.9,348.6,0,train
APDA-ROADMAP-NEG-0652,27.71419,88.30732,0.54,3.55,4.15,24.46,52.75,0.28,-0.03,321.6,1.6,21.3,0,train
APDA-ROADMAP-POS-0850,26.00715,93.42295,13.59,59.56,102.68,188.39,246.38,0.497,0.125,1309.7,27.43,181.7,1,train
APDA-ROADMAP-POS-0273,27.18199,88.35339,6.54,24.72,92.77,254.96,417.22,0.497,0.154,1429.1,35.22,177.0,1,train
APDA-ROADMAP-NEG-0550,26.4208,93.07451,0.08,4.24,16.28,17.65,44.93,0.216,0.005,589.3,2.12,53.7,0,train
APDA-ROADMAP-NEG-0035,27.24514,91.43024,1.53,7.58,21.13,23.47,43.47,0.143,-0.069,90.3,5.2,207.8,0,train
APDA-ROADMAP-NEG-0744,25.0768,92.38486,0.49,4.66,13.09,21.6,39.31,0.12,-0.072,735.0,2.71,192.6,0,train
APDA-ROADMAP-POS-0372,27.32775,88.61382,19.63,68.75,200.3,292.77,401.45,0.437,0.167,1609.6,46.44,146.1,1,train
APDA-ROADMAP-NEG-0670,26.47211,93.59189,0.48,6.85,16.24,28.55,29.37,0.23,-0.055,722.2,0.17,271.3,0,train
APDA-ROADMAP-POS-0722,25.30198,91.7155,21.0,42.89,107.13,235.19,313.89,0.42,0.2,1056.0,42.22,228.7,1,train
APDA-ROADMAP-POS-0734,27.35404,92.41738,4.8,20.9,129.98,230.38,322.49,0.465,0.25,1527.5,30.33,219.3,1,train
APDA-ROADMAP-POS-0778,23.72707,92.71396,4.86,52.28,189.64,355.7,558.98,0.393,0.196,690.1,40.73,155.6,1,train
APDA-ROADMAP-POS-0519,25.67351,94.11252,7.79,29.87,176.95,249.93,332.21,0.339,0.117,988.4,39.49,350.4,1,train
APDA-ROADMAP-POS-0335,27.58539,91.86226,24.84,56.39,158.43,210.31,330.67,0.39,0.17,1717.1,26.09,154.7,1,train
APDA-ROADMAP-POS-0846,25.18478,93.02244,15.73,47.9,119.89,230.58,470.86,0.389,0.166,1142.0,36.77,238.8,1,train
APDA-ROADMAP-NEG-0252,26.88961,88.22447,0.21,6.35,7.44,23.06,58.02,0.08,-0.077,303.0,15.0,293.9,0,train
APDA-ROADMAP-NEG-0053,27.50527,88.19715,0.79,6.02,6.99,9.96,33.11,0.171,0.044,289.7,0.49,149.4,0,train
APDA-ROADMAP-NEG-0924,25.65543,91.9503,1.06,1.11,4.56,26.75,37.77,0.28,-0.026,497.6,13.82,326.1,0,train
APDA-ROADMAP-POS-0016,27.09941,93.61804,12.87,38.52,98.45,218.42,345.84,0.36,0.24,1623.3,37.79,315.0,1,train
APDA-ROADMAP-POS-0708,24.83235,92.80977,11.87,58.46,126.03,169.13,315.72,0.391,0.176,807.7,26.14,218.6,1,train
APDA-ROADMAP-POS-0901,25.53316,91.86806,14.67,51.47,126.93,208.17,437.93,0.457,0.197,964.5,41.28,230.4,1,train
APDA-ROADMAP-NEG-0980,26.59582,88.06479,1.17,8.45,14.97,20.85,46.24,0.28,0.003,213.9,0.86,137.3,0,train
APDA-ROADMAP-NEG-0573,26.71276,88.75878,3.07,8.34,21.98,37.42,53.33,0.213,-0.107,678.8,7.53,62.4,0,train
APDA-ROADMAP-POS-0904,25.44473,92.19352,2.13,41.84,151.78,207.12,300.79,0.496,0.26,1252.1,23.33,238.4,1,train
APDA-ROADMAP-POS-0466,25.18752,93.02198,8.16,64.31,161.11,201.96,245.8,0.32,0.208,1214.4,31.27,180.4,1,train
APDA-ROADMAP-NEG-0978,23.88528,92.24188,0.06,6.49,12.71,25.66,49.05,0.211,-0.115,687.1,0.89,322.7,0,train
APDA-ROADMAP-POS-0200,27.03921,88.2622,6.51,58.51,114.51,267.14,419.36,0.364,0.216,1502.6,45.94,236.5,1,train
APDA-ROADMAP-NEG-0207,25.40561,92.83855,1.34,8.42,13.87,23.82,54.13,0.08,0.006,346.3,3.52,148.0,0,train
APDA-ROADMAP-NEG-0056,27.55555,94.00766,0.53,7.05,9.03,24.97,59.54,0.163,-0.089,736.4,1.68,56.7,0,train
APDA-ROADMAP-NEG-0132,27.7544,88.95705,0.21,7.03,14.38,37.76,71.2,0.178,-0.023,433.6,0.99,263.4,0,train
APDA-ROADMAP-NEG-0380,26.8113,88.53782,0.04,0.89,1.49,26.17,42.12,0.198,0.005,587.9,0.72,41.7,0,train
APDA-ROADMAP-POS-0999,25.66876,94.11218,11.56,47.39,172.79,220.02,335.74,0.441,0.201,1178.4,35.94,241.9,1,train
APDA-ROADMAP-POS-0728,24.83256,92.80308,6.45,64.11,157.69,334.45,439.56,0.45,0.103,449.9,32.46,224.2,1,train
APDA-ROADMAP-NEG-0772,27.06005,88.78787,0.19,2.43,8.7,18.24,31.89,0.28,-0.039,337.1,15.0,236.1,0,train
APDA-ROADMAP-NEG-0910,25.55006,93.65364,1.47,7.45,19.88,42.57,48.8,0.28,0.033,405.3,6.21,47.6,0,train
APDA-ROADMAP-NEG-0822,25.02129,92.12053,0.23,3.6,14.29,15.99,25.14,0.182,-0.085,216.3,14.93,206.0,0,train
APDA-ROADMAP-POS-0568,24.83991,92.79777,7.79,52.46,163.35,302.67,515.57,0.34,0.113,527.5,30.8,196.0,1,train
APDA-ROADMAP-POS-0044,25.44636,92.19841,15.38,33.89,67.47,155.98,199.98,0.32,0.248,961.9,41.06,219.9,1,train
APDA-ROADMAP-POS-0275,27.58674,91.86657,13.82,58.1,172.33,268.73,358.06,0.495,0.137,1435.2,31.98,216.7,1,train
APDA-ROADMAP-NEG-0097,25.15578,93.86287,0.91,7.12,21.28,44.39,50.36,0.232,0.022,619.7,1.45,103.0,0,train
APDA-ROADMAP-POS-0102,25.30182,91.7111,8.03,37.71,144.69,242.41,441.94,0.32,0.228,822.2,33.38,55.5,1,train
APDA-ROADMAP-NEG-0232,27.17422,89.10337,1.57,4.93,12.22,20.71,31.98,0.096,-0.077,373.2,1.86,170.9,0,train
APDA-ROADMAP-NEG-0722,25.01507,92.06305,0.12,5.93,14.22,37.4,65.68,0.086,-0.112,246.4,8.59,151.6,0,train
APDA-ROADMAP-NEG-0833,27.43741,88.52228,0.18,0.8,4.48,11.52,28.48,0.214,0.027,378.4,2.43,184.1,0,train
APDA-ROADMAP-POS-0108,24.83134,92.80421,11.66,67.42,213.91,330.95,387.37,0.529,0.231,640.4,34.65,232.5,1,train
APDA-ROADMAP-NEG-0618,23.98945,93.15849,1.35,2.56,4.35,11.02,32.07,0.186,-0.048,725.5,3.66,278.1,0,train
APDA-ROADMAP-POS-0498,23.73558,92.71838,17.63,47.74,133.74,224.23,288.88,0.492,0.113,492.7,28.05,45.6,1,train
APDA-ROADMAP-NEG-0981,25.05957,91.70338,3.06,4.07,11.41,32.4,32.53,0.08,-0.076,312.2,2.46,46.9,0,train
APDA-ROADMAP-POS-0882,25.29888,91.7111,8.59,66.32,133.04,228.12,285.11,0.51,0.242,1113.4,36.65,90.0,1,train
APDA-ROADMAP-POS-0757,24.78368,93.68127,6.11,22.11,56.42,139.58,307.48,0.499,0.196,604.6,43.77,171.7,1,train
APDA-ROADMAP-POS-0620,27.0423,88.26305,18.23,59.22,120.39,282.95,325.22,0.514,0.188,1413.8,34.72,355.5,1,train
APDA-ROADMAP-NEG-0107,24.65886,93.36272,0.59,3.28,5.94,18.9,42.92,0.124,-0.029,357.6,4.71,116.4,0,train
APDA-ROADMAP-NEG-0936,27.26169,93.45202,1.83,4.96,5.68,19.18,31.71,0.143,-0.144,329.5,5.46,209.1,0,train
APDA-ROADMAP-POS-0810,26.01243,93.41927,10.39,53.39,152.67,306.77,370.32,0.434,0.141,1063.5,29.22,30.9,1,train
APDA-ROADMAP-NEG-0038,23.33502,93.14211,0.16,6.59,17.27,20.77,53.2,0.267,-0.018,461.8,6.37,345.8,0,train
APDA-ROADMAP-POS-0073,27.18313,88.35807,2.0,37.96,68.62,218.75,328.2,0.355,0.158,1510.0,46.03,9.6,1,train
APDA-ROADMAP-NEG-0284,25.19138,92.66151,0.79,7.83,17.94,35.11,58.67,0.233,-0.054,196.3,0.01,191.0,0,train
APDA-ROADMAP-NEG-0272,26.88385,88.90501,1.89,4.0,7.44,11.41,39.63,0.08,-0.04,424.8,10.55,181.1,0,train
APDA-ROADMAP-NEG-0335,27.29185,92.1808,0.25,3.71,4.22,17.69,40.82,0.14,-0.089,530.5,7.84,269.3,0,train
APDA-ROADMAP-NEG-0459,25.47376,94.53439,1.44,7.04,17.69,38.8,56.93,0.28,-0.037,589.3,10.71,356.5,0,train
APDA-ROADMAP-POS-0482,25.30226,91.70659,5.42,60.26,192.87,279.18,475.5,0.481,0.184,1104.8,46.16,163.1,1,train
APDA-ROADMAP-NEG-0069,26.39196,92.25661,0.59,5.22,17.94,42.01,63.36,0.08,-0.031,87.1,0.7,15.1,0,train
APDA-ROADMAP-POS-0507,25.07456,93.16139,13.46,29.77,90.13,182.49,347.19,0.348,0.249,1165.8,42.98,283.6,1,train
APDA-ROADMAP-NEG-0238,23.29363,93.00778,1.04,8.46,10.15,31.13,33.85,0.138,-0.029,685.4,2.94,103.1,0,train
APDA-ROADMAP-NEG-0862,25.69624,91.42323,0.24,2.03,13.45,38.04,39.06,0.22,-0.021,499.8,3.11,118.8,0,train
APDA-ROADMAP-NEG-0990,26.32589,93.85503,0.37,3.09,7.85,16.66,21.63,0.28,-0.021,693.8,0.56,110.5,0,train
APDA-ROADMAP-NEG-0477,24.47887,93.22453,0.78,6.01,16.29,17.67,21.35,0.266,-0.087,674.6,2.63,108.7,0,train
APDA-ROADMAP-NEG-0867,24.65448,93.32023,0.89,2.67,6.59,21.88,42.25,0.212,-0.014,555.3,0.69,227.8,0,train
APDA-ROADMAP-NEG-0456,26.67166,93.30188,2.65,8.19,11.76,11.84,35.78,0.08,-0.031,746.8,4.67,337.2,0,train
APDA-ROADMAP-POS-0312,27.32754,88.61132,15.1,64.05,138.46,299.92,418.25,0.379,0.208,1268.5,39.17,185.7,1,train
APDA-ROADMAP-POS-0963,25.75582,91.90506,23.73,49.95,139.87,198.59,379.75,0.396,0.295,1130.4,31.69,221.0,1,train
APDA-ROADMAP-POS-0406,25.18031,93.02389,10.24,48.44,143.49,185.4,426.87,0.375,0.233,1087.2,29.81,240.0,1,train
APDA-ROADMAP-NEG-0331,28.0718,88.74471,1.65,5.23,17.98,28.95,61.98,0.221,-0.043,492.0,3.96,74.3,0,train
APDA-ROADMAP-NEG-0650,25.74377,93.01654,1.46,8.15,9.44,24.64,45.69,0.145,-0.058,372.0,2.27,291.3,0,train
APDA-ROADMAP-POS-0310,26.00969,93.41952,7.65,40.27,165.9,315.66,434.52,0.373,0.184,766.2,28.41,206.9,1,train
APDA-ROADMAP-POS-0227,25.0759,93.15449,6.6,54.5,159.72,259.56,406.73,0.421,0.132,1129.5,27.54,155.3,1,train
APDA-ROADMAP-NEG-0858,23.30869,93.07008,0.24,1.4,15.29,17.68,27.39,0.201,-0.02,235.2,4.44,225.3,0,train
APDA-ROADMAP-POS-0711,27.69113,88.58574,9.11,59.74,181.9,290.34,484.03,0.483,0.172,1685.8,34.01,348.4,1,train
APDA-ROADMAP-NEG-0944,25.22078,92.3748,0.46,0.97,11.91,29.51,45.67,0.085,-0.024,285.1,3.26,154.3,0,train
APDA-ROADMAP-NEG-0384,25.92577,92.67016,0.58,7.34,19.69,35.78,64.82,0.28,-0.065,721.0,2.8,62.8,0,train
APDA-ROADMAP-NEG-0786,25.54751,92.77506,0.33,7.36,20.42,26.06,36.67,0.272,0.042,776.9,2.35,281.0,0,train
APDA-ROADMAP-POS-0149,26.17542,91.76162,10.1,57.03,143.24,308.19,396.48,0.32,0.085,1050.6,34.11,227.1,1,train
APDA-ROADMAP-NEG-0555,27.98946,91.41094,0.42,5.02,5.24,21.64,43.07,0.08,0.008,327.4,2.93,252.5,0,train
APDA-ROADMAP-NEG-0957,24.97687,93.37902,0.05,4.86,17.73,41.1,72.4,0.158,-0.025,169.7,2.41,130.3,0,train
APDA-ROADMAP-POS-0926,25.1929,93.02529,7.57,37.39,110.28,179.16,234.96,0.51,0.232,1056.6,36.65,208.6,1,train
APDA-ROADMAP-POS-0943,25.75542,91.90414,2.06,57.86,194.28,243.96,421.32,0.501,0.213,1139.4,46.54,155.7,1,train
APDA-ROADMAP-POS-0837,24.79265,93.68238,5.18,53.97,92.0,227.02,397.33,0.443,0.111,481.0,33.99,176.5,1,train
APDA-ROADMAP-POS-0576,27.10355,93.61803,6.48,56.36,177.09,298.8,356.6,0.371,0.212,1686.2,37.98,217.1,1,train
APDA-ROADMAP-POS-0558,23.73239,92.71771,14.83,33.83,151.72,229.25,408.05,0.32,0.172,577.1,35.2,171.8,1,train
APDA-ROADMAP-NEG-0236,27.5189,93.88377,1.18,4.98,18.27,40.23,45.68,0.141,0.015,307.8,1.0,65.4,0,train
APDA-ROADMAP-NEG-0361,25.89095,92.33342,0.46,3.13,14.65,19.39,24.4,0.08,-0.02,500.7,0.43,124.2,0,train
APDA-ROADMAP-NEG-0348,25.23649,92.97763,0.39,3.81,16.82,37.77,66.37,0.08,0.015,291.9,4.62,188.1,0,train
APDA-ROADMAP-NEG-0162,24.8023,91.44423,1.19,4.4,17.85,41.05,66.01,0.226,0.012,242.7,3.17,82.6,0,train
APDA-ROADMAP-NEG-0443,25.4743,92.31083,1.72,7.81,22.04,32.94,64.93,0.256,-0.045,552.6,1.42,290.7,0,train
APDA-ROADMAP-POS-0287,25.07544,93.15098,5.6,25.23,112.89,214.81,283.72,0.353,0.167,1099.8,38.81,169.3,1,train
APDA-ROADMAP-NEG-0605,25.37806,90.21429,2.43,5.94,8.19,22.64,55.17,0.28,-0.024,454.3,1.33,180.6,0,train
APDA-ROADMAP-NEG-0058,23.53021,93.13131,0.04,3.98,17.16,34.18,68.92,0.106,-0.063,251.9,5.44,203.1,0,train
APDA-ROADMAP-POS-0599,25.67491,94.11272,6.29,53.57,127.82,209.21,287.46,0.375,0.185,907.2,41.71,201.7,1,train
APDA-ROADMAP-POS-0933,27.18437,88.3562,13.02,49.84,159.68,249.83,420.21,0.44,0.173,1494.7,33.87,224.5,1,train
APDA-ROADMAP-NEG-0462,25.04253,91.26653,1.37,6.53,10.03,18.26,39.06,0.132,-0.057,833.0,2.84,142.4,0,train
APDA-ROADMAP-NEG-0638,23.26828,92.274,0.05,3.45,10.05,32.48,63.47,0.201,-0.036,455.1,4.43,231.6,0,train
APDA-ROADMAP-NEG-0588,25.04371,92.31928,0.22,5.9,8.95,17.64,51.14,0.132,-0.038,664.5,0.41,39.7,0,train
APDA-ROADMAP-NEG-0041,25.82339,92.30585,0.93,1.57,6.73,31.39,59.19,0.28,-0.033,119.0,0.3,61.2,0,train
APDA-ROADMAP-NEG-0231,27.51298,88.42499,0.64,6.98,8.15,12.12,13.05,0.255,-0.014,254.5,2.28,144.0,0,train
APDA-ROADMAP-POS-0807,25.07734,93.15283,14.64,39.78,156.53,282.24,356.62,0.505,0.123,1170.5,31.88,193.1,1,train
APDA-ROADMAP-POS-0905,25.60349,90.58365,16.46,44.01,93.96,178.76,379.52,0.32,0.08,1438.4,43.03,219.4,1,train
APDA-ROADMAP-NEG-0680,26.82456,88.05112,0.42,7.39,7.54,9.62,38.05,0.28,-0.069,729.0,5.37,176.2,0,train
APDA-ROADMAP-NEG-0205,25.82821,91.02211,1.06,5.86,16.15,32.32,62.92,0.08,-0.047,161.0,2.69,266.0,0,train
APDA-ROADMAP-POS-0768,24.82723,92.80588,31.54,90.59,235.76,364.49,592.29,0.524,0.171,392.6,44.49,207.7,1,train
APDA-ROADMAP-POS-0610,26.01409,93.42136,6.8,25.27,169.81,253.94,368.34,0.469,0.169,1197.7,28.1,240.8,1,train
APDA-ROADMAP-NEG-0993,27.45662,88.51284,0.22,3.22,17.41,19.41,19.56,0.28,-0.085,562.3,0.17,337.5,0,train
APDA-ROADMAP-NEG-0565,25.78888,90.88819,0.65,7.53,17.49,39.87,69.07,0.202,-0.027,531.7,8.82,257.7,0,train
APDA-ROADMAP-NEG-0423,25.42662,92.16765,1.73,8.03,10.35,34.65,42.04,0.157,-0.061,92.6,4.88,281.7,0,train
APDA-ROADMAP-NEG-0011,28.017,88.34076,0.75,0.99,11.32,20.93,44.29,0.181,-0.044,608.6,15.0,36.9,0,train
APDA-ROADMAP-POS-0494,27.34791,92.41695,22.47,62.12,175.64,220.15,354.39,0.463,0.263,1365.1,45.38,188.9,1,train
APDA-ROADMAP-NEG-0321,25.34871,91.44652,0.33,1.38,2.72,11.56,29.78,0.095,-0.062,135.4,7.96,194.7,0,train
APDA-ROADMAP-POS-0278,23.72827,92.72219,15.92,38.17,104.42,164.71,398.31,0.32,0.179,630.4,32.99,194.9,1,train
APDA-ROADMAP-NEG-0847,25.42548,92.81561,1.39,1.64,11.88,23.43,43.04,0.28,0.013,281.0,4.89,50.6,0,train
APDA-ROADMAP-POS-0359,25.67605,94.11297,14.37,40.18,170.97,221.97,295.55,0.385,0.276,1091.4,32.96,201.4,1,train
APDA-ROADMAP-NEG-0111,27.89295,88.31758,0.1,3.0,12.09,33.04,38.07,0.227,-0.066,757.0,2.1,345.0,0,train
APDA-ROADMAP-POS-0237,24.78662,93.68836,8.58,46.99,172.76,248.96,461.1,0.332,0.266,758.4,33.83,152.6,1,train
APDA-ROADMAP-POS-0552,27.32696,88.61362,9.47,34.4,77.07,190.54,421.06,0.45,0.207,1386.4,32.98,206.0,1,train
APDA-ROADMAP-NEG-0868,24.58627,92.45263,0.24,5.75,18.3,42.39,66.92,0.236,0.015,130.8,0.06,17.9,0,train
APDA-ROADMAP-NEG-0813,26.72104,88.13499,2.0,7.93,14.36,29.54,50.46,0.184,-0.023,595.7,2.3,254.1,0,train
APDA-ROADMAP-POS-0209,26.17357,91.7573,15.65,31.35,86.15,169.88,247.31,0.413,0.215,1073.2,39.38,233.6,1,train
APDA-ROADMAP-NEG-0387,24.8562,92.85817,1.66,9.51,15.18,37.98,65.18,0.192,-0.075,266.3,6.11,186.4,0,train
APDA-ROADMAP-NEG-0561,25.3787,92.31285,0.45,7.58,17.89,25.36,54.55,0.08,-0.043,809.5,8.62,81.6,0,train
APDA-ROADMAP-POS-0059,25.66768,94.11091,12.05,28.09,106.1,268.61,436.76,0.339,0.229,773.0,35.73,115.4,1,train
APDA-ROADMAP-POS-0632,27.33305,88.6103,19.88,37.35,170.67,212.86,441.54,0.44,0.238,1609.5,30.25,238.6,1,train
APDA-ROADMAP-NEG-0962,24.89645,91.46188,0.09,5.56,14.53,38.98,40.19,0.139,-0.053,519.3,2.46,42.5,0,train
APDA-ROADMAP-NEG-0860,27.4028,88.60881,0.88,1.41,10.14,28.9,38.12,0.106,-0.077,656.7,3.65,159.2,0,train
APDA-ROADMAP-NEG-0817,24.41565,93.46183,0.47,5.32,20.11,37.96,69.73,0.152,-0.044,425.4,4.06,230.2,0,train
APDA-ROADMAP-POS-0364,25.44144,92.20278,2.86,46.13,88.13,138.21,183.6,0.43,0.213,1318.6,40.12,8.5,1,train
APDA-ROADMAP-POS-0506,25.18156,93.02856,24.39,41.59,170.69,350.31,553.07,0.443,0.201,1509.2,38.65,156.2,1,train
APDA-ROADMAP-NEG-0166,25.56331,92.81608,2.3,6.99,21.24,40.49,71.19,0.214,0.002,832.1,1.01,94.2,0,train
APDA-ROADMAP-NEG-0122,25.70359,92.1509,0.47,7.42,20.6,41.32,68.59,0.153,-0.012,806.2,0.05,278.8,0,train
APDA-ROADMAP-NEG-0630,26.24544,93.07585,0.27,8.17,9.83,34.15,50.32,0.28,-0.059,601.7,10.55,37.7,0,train
APDA-ROADMAP-NEG-0217,24.94763,94.0621,0.04,6.52,11.55,34.98,43.75,0.164,-0.06,782.0,15.0,174.6,0,train
APDA-ROADMAP-NEG-0152,26.95032,88.80413,1.43,5.23,15.56,34.97,37.71,0.08,-0.033,805.7,2.28,313.2,0,train
APDA-ROADMAP-NEG-0125,26.08294,90.76069,1.34,7.03,7.06,12.11,39.36,0.193,-0.069,677.1,0.85,121.2,0,train
APDA-ROADMAP-NEG-0595,27.35751,92.1132,1.53,1.9,10.91,21.35,38.58,0.28,-0.05,375.3,4.74,338.9,0,train
APDA-ROADMAP-POS-0119,25.67635,94.11461,6.65,56.31,182.22,306.55,526.49,0.348,0.226,979.3,23.75,239.4,1,train
APDA-ROADMAP-NEG-0250,26.28829,93.72221,0.9,1.78,12.59,17.58,30.4,0.109,-0.056,658.1,0.79,13.2,0,train
APDA-ROADMAP-NEG-0994,27.16706,92.65029,0.51,4.97,7.92,13.31,14.95,0.08,-0.066,764.5,0.74,187.5,0,train
APDA-ROADMAP-POS-0523,25.75522,91.90259,7.35,38.32,171.21,244.23,432.8,0.32,0.198,947.0,33.94,230.1,1,train
APDA-ROADMAP-POS-0514,27.35075,92.41517,13.67,63.36,199.98,251.77,438.18,0.471,0.203,1612.1,37.11,216.3,1,train
APDA-ROADMAP-POS-0082,25.30171,91.71175,13.2,38.46,144.97,192.09,438.18,0.49,0.205,1034.0,20.0,188.6,1,train
APDA-ROADMAP-POS-0916,27.10097,93.61047,13.57,35.96,124.92,229.4,384.01,0.486,0.178,1554.2,22.9,182.6,1,train
APDA-ROADMAP-NEG-0019,25.29952,94.30589,0.61,3.29,5.72,23.09,52.81,0.209,-0.041,703.9,1.49,253.8,0,train
APDA-ROADMAP-POS-0381,25.5298,91.86955,6.39,48.18,194.23,250.91,423.63,0.391,0.092,1410.7,35.69,217.4,1,train
APDA-ROADMAP-NEG-0030,25.58431,93.85967,0.04,3.96,13.9,36.33,40.2,0.234,0.016,727.1,0.53,252.8,0,train
APDA-ROADMAP-NEG-0689,26.64489,92.15924,0.57,2.58,10.43,15.08,35.45,0.199,-0.088,332.8,1.73,316.4,0,train
APDA-ROADMAP-POS-0085,25.60299,90.58454,4.96,53.62,181.43,284.18,496.5,0.362,0.205,1007.6,35.35,195.0,1,train
APDA-ROADMAP-NEG-0678,23.98884,93.1448,1.09,6.09,7.53,25.57,36.49,0.109,-0.032,196.1,1.3,122.5,0,train
APDA-ROADMAP-POS-0330,26.01562,93.41789,13.97,63.17,177.56,218.98,390.46,0.396,0.244,1172.4,31.55,235.9,1,train
APDA-ROADMAP-POS-0007,25.07115,93.15398,3.73,51.11,132.96,260.79,423.45,0.392,0.248,1226.0,24.27,170.6,1,train
APDA-ROADMAP-POS-0746,25.19262,93.02852,7.49,31.47,140.07,181.67,425.17,0.393,0.08,1056.7,32.1,202.2,1,train
APDA-ROADMAP-NEG-0554,27.69489,91.93248,0.42,2.89,16.34,18.83,24.34,0.226,-0.014,239.4,3.26,278.6,0,train
APDA-ROADMAP-POS-0915,27.58194,91.86064,8.41,49.64,97.61,259.16,388.77,0.425,0.178,1496.4,41.09,183.6,1,train
APDA-ROADMAP-POS-0874,27.35393,92.42127,5.26,20.79,84.61,159.16,359.67,0.425,0.21,1641.8,39.14,204.5,1,train
APDA-ROADMAP-POS-0452,27.32685,88.61483,7.61,67.36,141.11,313.25,388.47,0.415,0.164,1846.3,32.42,192.0,1,train
APDA-ROADMAP-POS-0491,27.69125,88.5814,10.72,69.36,156.33,248.43,429.79,0.531,0.18,1718.6,45.18,184.9,1,train
APDA-ROADMAP-NEG-0481,25.84991,92.24631,0.11,5.62,8.11,8.24,23.62,0.132,-0.146,360.7,7.14,169.1,0,train
APDA-ROADMAP-POS-0288,24.83483,92.80044,16.82,45.02,111.73,188.31,325.07,0.438,0.204,514.8,35.57,158.4,1,train
APDA-ROADMAP-POS-0949,26.17109,91.75874,18.09,74.83,189.59,257.35,338.35,0.449,0.237,1074.0,42.72,227.9,1,train
APDA-ROADMAP-NEG-0986,24.71093,92.55495,1.36,5.53,14.93,25.92,33.13,0.175,-0.071,477.9,3.85,353.8,0,train
APDA-ROADMAP-NEG-0369,26.40498,91.41191,2.01,2.33,8.01,21.92,22.09,0.211,-0.084,754.5,5.3,118.4,0,train
APDA-ROADMAP-NEG-0147,24.70971,93.54432,4.0,11.59,16.68,30.05,41.32,0.162,-0.05,492.4,0.39,27.4,0,train
APDA-ROADMAP-POS-0706,25.18141,93.02411,13.63,33.94,66.86,215.35,331.48,0.339,0.237,883.8,35.99,166.5,1,train
APDA-ROADMAP-NEG-0727,25.48166,93.49675,0.45,3.82,18.59,20.69,24.6,0.18,0.003,542.5,10.17,55.0,0,train
APDA-ROADMAP-NEG-0702,24.90586,91.25657,4.0,5.3,15.53,26.41,36.4,0.232,-0.065,310.8,5.46,304.5,0,train
APDA-ROADMAP-NEG-0629,25.82486,91.93066,1.4,8.4,11.88,16.16,35.45,0.115,-0.091,611.8,0.82,214.8,0,train
APDA-ROADMAP-NEG-0600,26.87597,87.7976,0.38,3.61,8.41,29.02,55.04,0.13,-0.123,616.7,3.38,201.9,0,train
APDA-ROADMAP-NEG-0539,25.40316,93.73143,1.18,6.12,11.34,20.44,41.96,0.171,-0.04,677.5,1.39,312.9,0,train
APDA-ROADMAP-NEG-0406,24.71407,92.66871,0.92,2.76,16.87,23.47,51.45,0.097,0.024,242.3,2.89,44.7,0,train
APDA-ROADMAP-NEG-0651,27.86789,88.37855,0.64,7.84,15.92,27.38,36.85,0.123,-0.086,585.1,4.32,125.8,0,train
APDA-ROADMAP-POS-0328,24.83452,92.8039,12.04,51.14,200.59,376.25,462.66,0.452,0.179,929.3,32.96,223.5,1,train
APDA-ROADMAP-POS-0443,25.75377,91.90656,24.01,83.51,138.77,264.91,321.06,0.465,0.15,978.1,40.43,238.5,1,train
APDA-ROADMAP-POS-0775,27.58201,91.86003,18.59,55.24,156.91,333.34,426.08,0.388,0.145,1646.6,38.96,344.7,1,train
APDA-ROADMAP-NEG-0088,24.57442,92.32319,0.06,2.55,16.07,21.55,46.99,0.092,-0.029,313.3,2.41,15.2,0,train
APDA-ROADMAP-NEG-0221,25.10373,91.65228,0.04,3.3,5.52,10.37,12.5,0.122,-0.055,842.6,0.34,199.2,0,train
APDA-ROADMAP-NEG-0636,26.91757,93.9568,1.18,3.79,14.98,36.31,51.78,0.171,0.054,302.8,2.52,315.2,0,train
APDA-ROADMAP-POS-0178,23.73226,92.7166,6.73,64.66,128.84,218.57,326.21,0.466,0.121,458.8,30.45,151.2,1,train
APDA-ROADMAP-NEG-0323,25.26107,91.65511,0.17,7.14,18.45,33.1,41.85,0.175,0.015,638.8,3.33,301.2,0,train
APDA-ROADMAP-POS-0705,25.60099,90.58231,19.81,45.89,187.78,316.07,364.06,0.32,0.183,989.4,31.07,144.2,1,train
APDA-ROADMAP-POS-0087,25.0776,93.15449,4.72,29.86,155.02,313.71,562.63,0.417,0.175,779.8,39.51,180.7,1,train
APDA-ROADMAP-NEG-0884,25.72619,92.35573,0.16,2.37,11.21,14.73,25.78,0.08,0.01,206.8,0.12,87.3,0,train
APDA-ROADMAP-NEG-0948,24.50783,93.23177,0.89,0.92,11.55,24.27,53.66,0.239,-0.098,628.7,4.58,277.1,0,train
APDA-ROADMAP-POS-0458,23.73394,92.71314,13.44,64.78,118.73,232.3,439.48,0.405,0.151,531.7,35.25,154.1,1,train
APDA-ROADMAP-NEG-0829,26.50125,92.17075,0.06,4.38,8.08,20.04,48.6,0.139,-0.121,176.9,7.07,311.5,0,train
APDA-ROADMAP-POS-0055,27.58286,91.86911,11.55,55.3,85.58,264.65,363.64,0.379,0.175,1527.4,50.08,215.1,1,train
APDA-ROADMAP-NEG-0502,25.57996,91.29687,0.06,3.88,8.72,19.3,39.62,0.202,-0.044,312.0,6.23,296.1,0,train
APDA-ROADMAP-POS-0644,25.44447,92.19505,4.45,51.55,151.07,250.5,499.05,0.366,0.2,867.6,23.91,327.0,1,train
APDA-ROADMAP-POS-0678,23.72636,92.71533,13.93,56.9,205.65,371.21,605.43,0.494,0.117,464.2,49.44,232.2,1,train
APDA-ROADMAP-POS-0222,25.3012,91.71644,20.96,72.93,156.02,301.51,369.92,0.388,0.181,1117.3,33.52,152.4,1,train
APDA-ROADMAP-POS-0114,27.35557,92.41988,24.79,62.47,103.36,202.67,437.99,0.407,0.113,1410.3,47.05,187.5,1,train
APDA-ROADMAP-POS-0983,25.7579,91.90019,11.67,44.98,84.98,260.32,348.19,0.395,0.171,943.0,39.91,178.7,1,train
APDA-ROADMAP-NEG-0229,26.61118,91.26473,0.22,2.79,16.89,21.55,25.47,0.28,-0.128,496.3,7.55,285.0,0,train
APDA-ROADMAP-POS-1000,27.04329,88.2638,17.51,53.61,139.3,204.32,409.01,0.349,0.19,1276.1,37.36,204.1,1,train
APDA-ROADMAP-POS-0175,27.59104,91.86677,10.96,37.54,126.52,190.85,242.97,0.41,0.217,1447.6,32.11,226.7,1,train
APDA-ROADMAP-POS-0782,25.30877,91.70918,5.96,58.42,189.78,318.12,471.18,0.436,0.205,1009.1,29.37,201.1,1,train
APDA-ROADMAP-POS-0590,26.01117,93.423,7.48,30.82,143.16,213.21,426.1,0.489,0.188,1208.7,36.71,186.6,1,train
APDA-ROADMAP-NEG-0560,26.68326,88.64744,0.93,6.18,15.04,26.65,29.42,0.164,-0.019,139.1,4.15,272.7,0,train
APDA-ROADMAP-POS-0019,25.67311,94.1122,11.13,30.41,147.5,199.33,435.87,0.447,0.212,995.4,41.93,250.1,1,train
APDA-ROADMAP-POS-0424,25.45035,92.19598,7.27,33.11,161.91,257.45,452.53,0.387,0.214,904.7,34.23,200.0,1,train
APDA-ROADMAP-NEG-0344,25.28285,92.55335,0.33,3.38,4.58,28.63,33.19,0.159,-0.062,478.1,2.8,120.5,0,train
APDA-ROADMAP-POS-0286,25.18417,93.02872,5.44,21.33,57.58,227.77,283.09,0.478,0.195,1105.9,38.2,165.7,1,train
APDA-ROADMAP-NEG-0584,25.13151,92.44707,1.16,4.86,8.78,31.28,36.63,0.28,-0.029,677.3,4.04,130.4,0,train
APDA-ROADMAP-POS-0429,26.17293,91.75294,7.82,34.21,182.75,251.71,457.67,0.365,0.139,1071.6,33.53,237.3,1,train
APDA-ROADMAP-NEG-0510,26.24807,93.26781,0.43,0.77,8.09,12.93,40.69,0.28,-0.018,648.6,9.7,99.6,0,train
APDA-ROADMAP-NEG-0319,25.97722,94.47908,2.56,2.7,16.79,25.75,38.52,0.14,-0.089,373.6,2.58,125.5,0,train
APDA-ROADMAP-POS-0670,26.01926,93.42058,7.37,37.82,186.08,322.86,514.34,0.371,0.274,1058.1,32.75,207.5,1,train
APDA-ROADMAP-POS-0032,27.33052,88.61461,12.72,50.44,189.58,311.78,530.34,0.399,0.176,1448.7,40.09,173.8,1,train
APDA-ROADMAP-POS-0941,25.53388,91.86413,2.0,45.56,126.85,174.88,365.6,0.32,0.157,1472.3,35.91,330.4,1,train
APDA-ROADMAP-POS-0723,25.75485,91.9005,5.56,28.81,130.34,208.12,286.96,0.46,0.137,1100.7,47.8,163.5,1,train
APDA-ROADMAP-POS-0995,27.58117,91.86622,30.52,77.83,124.92,172.19,283.75,0.497,0.227,1757.4,30.88,290.4,1,train
APDA-ROADMAP-POS-0215,27.58409,91.86342,24.45,60.8,194.66,288.75,411.89,0.338,0.192,1563.2,42.97,221.3,1,train
APDA-ROADMAP-POS-0814,27.35036,92.42269,18.36,71.81,175.23,301.28,385.98,0.483,0.23,1380.7,46.29,215.1,1,train
APDA-ROADMAP-POS-0327,25.07355,93.15331,16.54,50.9,157.83,274.27,330.08,0.388,0.085,948.3,47.8,205.2,1,train
APDA-ROADMAP-POS-0561,25.53491,91.87017,7.07,45.81,167.33,254.19,351.96,0.483,0.106,1306.0,38.26,212.4,1,train
APDA-ROADMAP-NEG-0113,26.95584,87.86058,1.25,3.09,12.8,13.85,16.17,0.28,-0.055,346.3,1.14,55.0,0,train
APDA-ROADMAP-POS-0701,25.53114,91.86756,12.84,62.36,104.39,247.32,410.0,0.457,0.193,1226.3,32.2,186.9,1,train
APDA-ROADMAP-NEG-0579,25.40284,94.51323,0.43,0.7,5.99,11.45,16.1,0.167,-0.072,98.6,2.49,94.1,0,train
APDA-ROADMAP-NEG-0190,26.49224,93.84403,0.51,6.84,15.94,35.52,53.36,0.097,-0.015,409.9,3.48,66.9,0,train
APDA-ROADMAP-POS-0342,25.29322,91.71817,13.21,44.05,83.07,181.97,362.4,0.458,0.163,965.9,48.84,183.4,1,train
APDA-ROADMAP-POS-0630,26.01391,93.42756,5.7,44.06,188.63,350.51,439.49,0.455,0.203,1054.8,28.7,202.4,1,train
APDA-ROADMAP-POS-0148,24.83298,92.80379,12.11,39.95,158.65,232.08,413.07,0.476,0.18,434.3,46.27,288.2,1,train
APDA-ROADMAP-NEG-0310,26.17038,93.78772,0.35,7.34,12.86,33.11,56.95,0.23,-0.051,166.4,10.33,130.9,0,train
APDA-ROADMAP-POS-0361,25.53306,91.86321,10.43,64.31,155.95,231.53,417.06,0.371,0.135,947.9,44.34,157.8,1,train
APDA-ROADMAP-POS-0084,25.44133,92.19838,3.7,27.59,92.55,206.67,432.06,0.476,0.111,1098.0,20.81,229.5,1,train
APDA-ROADMAP-POS-0049,26.17726,91.75772,18.33,54.37,107.98,200.79,323.55,0.386,0.213,1119.7,37.88,200.9,1,train
APDA-ROADMAP-POS-0469,26.17024,91.75254,12.3,57.8,176.24,258.23,481.9,0.367,0.185,1241.8,25.08,205.0,1,train
APDA-ROADMAP-POS-0156,27.09592,93.61015,26.7,62.52,191.69,327.43,502.5,0.32,0.157,1520.0,41.28,292.5,1,train
APDA-ROADMAP-POS-0773,27.18875,88.36161,12.46,51.27,92.36,166.19,396.52,0.366,0.23,1016.8,38.36,137.1,1,train
APDA-ROADMAP-NEG-0240,27.35095,88.0462,0.22,7.52,13.86,24.42,29.78,0.28,-0.038,144.1,0.58,219.8,0,train
APDA-ROADMAP-NEG-0201,25.30049,91.50735,1.05,4.34,14.71,34.33,47.27,0.08,-0.041,339.6,3.58,188.1,0,train
APDA-ROADMAP-NEG-0403,25.5347,92.16128,0.02,6.82,12.23,15.98,29.19,0.08,-0.045,606.9,0.03,341.2,0,train
APDA-ROADMAP-NEG-0203,26.19985,91.48755,0.43,4.09,9.17,17.54,30.73,0.28,-0.05,530.9,14.75,231.0,0,train
APDA-ROADMAP-NEG-0631,27.53474,88.8309,0.51,1.88,5.48,8.73,17.88,0.08,0.016,505.3,6.45,131.5,0,train
APDA-ROADMAP-POS-0501,25.53719,91.86752,15.19,31.36,144.81,254.25,425.55,0.445,0.109,1185.5,39.0,33.7,1,train
APDA-ROADMAP-NEG-0765,25.35116,90.74289,0.58,2.69,4.66,28.05,36.13,0.197,-0.099,420.4,7.66,330.7,0,train
APDA-ROADMAP-POS-0180,27.03693,88.25891,19.18,63.06,178.25,316.83,528.99,0.388,0.163,1386.7,30.16,216.3,1,train
APDA-ROADMAP-NEG-0048,25.0881,93.01457,0.49,4.6,17.12,29.83,33.1,0.08,-0.043,251.5,7.26,167.2,0,train
APDA-ROADMAP-NEG-0756,26.65868,93.77885,0.99,7.63,11.73,14.53,21.06,0.097,-0.082,395.7,5.62,221.4,0,train
APDA-ROADMAP-POS-0951,27.69435,88.58394,12.55,39.98,148.71,252.41,323.0,0.391,0.185,1601.3,33.77,196.8,1,train
APDA-ROADMAP-NEG-0317,24.37814,94.12215,0.11,0.98,8.33,19.68,35.02,0.28,-0.055,822.4,0.34,326.5,0,train
APDA-ROADMAP-NEG-0620,26.8632,88.43461,0.28,2.67,13.52,30.56,46.72,0.162,-0.162,257.3,2.43,230.0,0,train
APDA-ROADMAP-POS-0529,26.17413,91.75939,30.02,67.55,121.58,225.66,444.1,0.448,0.141,976.0,33.38,36.3,1,train
APDA-ROADMAP-POS-0347,25.07564,93.15701,8.75,49.8,128.17,203.15,334.88,0.378,0.083,700.0,35.07,226.5,1,train
APDA-ROADMAP-NEG-0388,25.24941,93.23962,0.07,2.76,15.3,38.35,64.81,0.28,-0.034,327.1,2.24,309.2,0,train
APDA-ROADMAP-NEG-0961,25.88469,92.28826,1.39,7.32,8.89,17.8,19.34,0.189,-0.04,272.3,1.22,254.3,0,train
APDA-ROADMAP-NEG-0051,27.29726,88.24186,1.5,9.04,23.04,47.97,53.44,0.107,0.017,667.0,1.77,184.2,0,train
APDA-ROADMAP-NEG-0973,27.56556,88.68384,2.21,8.68,19.19,35.05,62.07,0.113,-0.103,387.1,0.57,250.6,0,train
APDA-ROADMAP-NEG-0442,25.66948,91.26462,0.84,1.92,9.16,19.99,38.91,0.139,-0.037,604.7,7.95,267.4,0,train
APDA-ROADMAP-POS-0602,25.29943,91.71504,5.68,40.98,97.37,211.77,373.2,0.363,0.124,1151.5,39.31,228.6,1,train
APDA-ROADMAP-NEG-0282,25.57366,92.18395,1.76,4.11,11.35,33.44,56.92,0.174,-0.066,239.8,2.47,335.5,0,train
APDA-ROADMAP-POS-0244,25.44135,92.1922,27.73,80.02,138.37,219.87,323.24,0.419,0.08,1033.6,42.29,230.2,1,train
APDA-ROADMAP-NEG-0337,25.14122,93.97706,0.34,4.97,13.46,31.91,54.78,0.28,-0.064,645.1,15.0,49.9,0,train
APDA-ROADMAP-NEG-0068,24.35417,93.25119,0.29,7.22,16.93,27.8,55.27,0.176,-0.024,649.5,5.2,187.6,0,train
APDA-ROADMAP-NEG-0476,27.5678,93.36835,0.15,5.2,14.56,22.14,26.3,0.156,-0.024,388.7,7.29,297.7,0,train
APDA-ROADMAP-POS-0313,27.1831,88.35748,25.19,80.72,213.21,260.73,473.7,0.464,0.223,1624.6,37.1,192.4,1,train
APDA-ROADMAP-POS-0436,27.0919,93.61496,2.36,19.99,150.52,285.42,401.01,0.5,0.177,1646.7,33.66,168.7,1,train
APDA-ROADMAP-NEG-0899,25.25737,93.87333,0.18,1.23,11.62,23.67,44.28,0.139,-0.064,704.4,3.71,80.6,0,train
APDA-ROADMAP-NEG-0329,25.9108,91.50552,1.17,1.32,1.36,13.23,15.65,0.208,-0.067,710.7,5.68,35.4,0,train
APDA-ROADMAP-POS-0309,26.1704,91.75805,5.44,49.31,153.06,194.51,362.13,0.475,0.216,1312.5,40.75,223.6,1,train
APDA-ROADMAP-POS-0431,27.69014,88.58139,31.68,80.03,183.58,229.02,295.75,0.406,0.143,1518.6,42.49,166.1,1,train
APDA-ROADMAP-POS-0661,25.53236,91.86503,10.09,29.11,111.77,280.98,438.11,0.372,0.244,1001.5,26.41,178.3,1,train
APDA-ROADMAP-POS-0371,27.69564,88.58217,17.54,48.22,148.18,253.24,498.43,0.364,0.08,1521.4,33.97,204.3,1,train
APDA-ROADMAP-POS-0567,25.07462,93.15349,7.39,54.63,177.28,353.87,397.69,0.439,0.21,1216.6,36.01,158.9,1,train
APDA-ROADMAP-POS-0980,27.03977,88.26663,6.96,26.21,64.78,234.58,306.6,0.489,0.182,1738.1,34.52,231.3,1,train
APDA-ROADMAP-POS-0182,25.30177,91.71022,3.71,45.7,84.28,254.96,491.71,0.387,0.122,962.8,35.09,239.9,1,train
APDA-ROADMAP-NEG-0363,26.1923,91.71398,0.22,3.26,15.58,20.16,23.11,0.131,-0.0,139.4,6.23,32.2,0,train
APDA-ROADMAP-POS-0622,25.29982,91.71107,13.07,36.22,105.37,172.77,359.07,0.466,0.241,1331.4,37.49,164.5,1,train
APDA-ROADMAP-POS-0819,25.67222,94.11151,13.28,64.13,147.11,188.95,331.17,0.466,0.191,1036.9,33.16,203.7,1,train
APDA-ROADMAP-NEG-0193,27.44778,88.0591,1.48,2.91,8.99,25.02,59.6,0.22,0.041,842.1,7.17,196.9,0,train
APDA-ROADMAP-POS-0953,27.18233,88.36023,21.19,72.32,120.35,166.93,362.51,0.35,0.276,1683.0,39.51,175.6,1,train
APDA-ROADMAP-NEG-0422,25.50967,91.30898,1.16,2.54,6.52,14.63,19.48,0.28,-0.14,487.7,1.0,70.0,0,train
APDA-ROADMAP-NEG-0841,25.90919,92.3384,0.14,2.64,15.9,27.0,34.14,0.271,-0.061,504.2,2.42,188.3,0,train
APDA-ROADMAP-POS-0923,25.75446,91.90252,32.09,65.19,136.63,298.83,402.86,0.418,0.189,1115.7,32.22,296.7,1,train
APDA-ROADMAP-NEG-0074,27.76877,92.79287,0.09,1.32,6.37,19.89,24.47,0.114,-0.094,553.2,1.19,77.2,0,train
APDA-ROADMAP-POS-0297,24.78274,93.68462,11.49,51.37,168.89,258.54,332.86,0.344,0.133,716.3,31.47,144.1,1,train
APDA-ROADMAP-POS-0967,25.07257,93.15378,18.0,76.17,210.73,355.55,594.86,0.427,0.187,1011.0,29.53,230.0,1,train
APDA-ROADMAP-POS-0462,25.30223,91.7087,5.79,45.6,170.41,243.17,485.62,0.35,0.192,935.0,40.94,168.0,1,train
APDA-ROADMAP-NEG-0303,26.16145,91.54796,0.75,3.82,15.22,31.66,46.89,0.217,-0.02,426.6,1.28,297.9,0,train
APDA-ROADMAP-NEG-0177,25.14088,93.41134,0.32,2.79,6.38,25.63,26.04,0.172,0.013,560.5,4.88,78.1,0,train
APDA-ROADMAP-POS-0378,23.73175,92.71126,13.96,70.64,102.31,226.57,465.54,0.465,0.21,543.0,45.35,172.2,1,train
APDA-ROADMAP-POS-0799,25.67476,94.1168,35.81,54.17,96.62,175.39,378.65,0.411,0.207,860.1,41.2,164.1,1,train
APDA-ROADMAP-NEG-0103,26.24107,91.6373,2.45,4.21,16.5,17.41,49.93,0.28,0.019,116.9,9.81,86.6,0,train
APDA-ROADMAP-POS-0106,25.18587,93.02547,7.4,49.38,193.75,302.92,405.98,0.527,0.251,1068.6,39.91,194.9,1,train
APDA-ROADMAP-POS-0127,25.07158,93.15082,10.31,68.01,188.79,294.82,436.89,0.431,0.234,1241.4,38.7,144.0,1,train
APDA-ROADMAP-NEG-0996,27.44201,93.41978,0.49,1.13,10.33,24.87,52.42,0.08,0.001,273.7,5.17,112.0,0,train
APDA-ROADMAP-POS-0839,25.66879,94.11105,9.64,53.36,117.95,241.66,463.61,0.365,0.189,1175.1,32.29,164.7,1,train
APDA-ROADMAP-POS-0356,27.09649,93.61584,23.1,57.99,144.63,237.01,400.15,0.344,0.168,1984.7,34.71,206.5,1,train
APDA-ROADMAP-NEG-0617,25.24676,93.40109,0.34,5.75,14.2,16.8,33.16,0.168,-0.056,371.1,8.69,212.4,0,train
APDA-ROADMAP-POS-0683,25.75427,91.9028,7.59,46.35,181.47,253.36,377.72,0.32,0.18,930.7,40.51,100.3,1,train
APDA-ROADMAP-POS-0813,27.18668,88.36228,8.66,50.35,119.72,233.51,283.86,0.446,0.207,1568.7,37.75,196.5,1,train
APDA-ROADMAP-NEG-0681,25.21555,91.499,0.21,6.57,20.57,21.75,24.55,0.166,-0.05,723.9,3.76,237.2,0,train
APDA-ROADMAP-POS-0210,26.01481,93.42373,12.36,58.23,189.14,336.73,508.56,0.32,0.156,1084.9,44.52,146.2,1,train
APDA-ROADMAP-NEG-0493,27.57586,88.55364,0.41,3.8,16.05,39.21,72.06,0.08,-0.005,675.6,3.26,215.2,0,train
APDA-ROADMAP-POS-0141,25.53189,91.8703,7.47,23.6,85.09,190.01,236.52,0.364,0.225,985.7,42.59,231.7,1,train
APDA-ROADMAP-NEG-0975,28.01506,92.09806,0.07,2.57,7.18,17.65,21.66,0.23,0.003,575.3,1.7,238.6,0,train
APDA-ROADMAP-NEG-0340,27.29354,88.43636,0.62,1.8,9.69,26.41,38.03,0.182,-0.095,164.5,11.87,304.5,0,train
APDA-ROADMAP-NEG-0798,24.0821,92.56157,0.15,3.33,15.35,18.25,33.34,0.28,-0.03,154.8,0.87,40.4,0,train
APDA-ROADMAP-NEG-0575,27.95483,91.56309,0.03,8.01,14.72,19.86,35.14,0.094,-0.069,129.7,1.01,95.8,0,train
APDA-ROADMAP-NEG-0182,25.69222,91.9747,0.64,7.1,16.25,32.08,35.94,0.142,-0.032,436.8,0.91,165.0,0,train
APDA-ROADMAP-NEG-0394,27.76672,92.24466,0.76,5.89,8.83,18.06,32.09,0.28,-0.038,299.5,5.67,171.3,0,train
APDA-ROADMAP-NEG-0816,27.34807,93.96426,0.98,3.7,8.47,27.19,59.26,0.272,-0.069,824.3,0.76,153.5,0,train
APDA-ROADMAP-POS-0712,27.33025,88.61158,9.42,34.16,73.54,218.47,386.18,0.432,0.181,1990.3,37.57,147.0,1,train
APDA-ROADMAP-NEG-0794,27.0545,92.16076,0.5,6.4,14.41,33.64,37.63,0.197,-0.033,480.3,15.0,248.9,0,train
APDA-ROADMAP-POS-0893,27.18212,88.36392,11.71,55.92,137.43,237.04,310.47,0.403,0.241,1456.8,28.15,191.2,1,train
APDA-ROADMAP-POS-0860,27.03965,88.26298,22.95,57.67,182.19,346.01,544.69,0.503,0.161,1658.2,29.25,91.9,1,train
APDA-ROADMAP-POS-0011,27.69286,88.58792,11.91,37.75,82.48,238.84,311.03,0.474,0.212,1632.9,32.83,34.0,1,train
APDA-ROADMAP-NEG-0695,27.36724,91.44843,2.29,6.02,19.77,30.43,33.79,0.23,-0.082,252.8,6.43,314.4,0,train
APDA-ROADMAP-NEG-0428,25.30006,93.21836,0.65,6.8,16.03,24.78,34.05,0.08,-0.006,746.2,0.58,323.3,0,train
APDA-ROADMAP-POS-0283,25.75267,91.90828,9.59,28.55,115.42,185.85,239.03,0.501,0.141,1039.9,28.72,174.0,1,train
APDA-ROADMAP-POS-0811,27.69159,88.58385,19.55,37.16,148.38,228.01,282.56,0.476,0.148,1763.8,36.19,205.0,1,train
APDA-ROADMAP-NEG-0342,24.82878,91.49872,0.19,0.28,2.47,18.48,25.36,0.151,0.011,222.6,1.46,21.8,0,train
APDA-ROADMAP-POS-0292,27.33076,88.61382,16.38,46.9,124.43,170.04,402.8,0.375,0.121,2049.4,28.5,168.2,1,train
APDA-ROADMAP-POS-0755,27.57978,91.86581,10.82,41.64,185.78,281.11,448.4,0.32,0.238,1631.6,37.86,205.6,1,train
APDA-ROADMAP-POS-0627,25.07361,93.1646,12.44,29.02,145.54,304.22,452.26,0.483,0.212,962.7,43.07,223.5,1,train
APDA-ROADMAP-POS-0944,25.44225,92.19236,4.32,38.83,161.65,245.38,335.88,0.415,0.217,1120.5,41.27,160.0,1,train
APDA-ROADMAP-POS-0862,25.29774,91.71968,5.85,62.51,211.63,309.97,463.21,0.456,0.264,1043.0,26.22,215.2,1,train
APDA-ROADMAP-POS-0130,26.01478,93.42872,2.0,36.18,161.64,270.09,415.23,0.41,0.248,987.5,32.2,20.3,1,train
APDA-ROADMAP-NEG-0176,26.91595,94.09835,0.31,3.64,6.58,10.83,35.86,0.095,-0.07,431.6,4.42,236.0,0,train
APDA-ROADMAP-POS-0324,25.44445,92.19238,35.44,53.19,183.18,227.01,296.06,0.402,0.24,1135.8,29.99,142.8,1,train
APDA-ROADMAP-NEG-0091,27.49847,88.34357,0.7,4.34,16.38,24.33,37.81,0.08,-0.058,717.5,1.12,346.2,0,train
APDA-ROADMAP-POS-0844,25.44569,92.19526,9.99,37.04,102.16,196.19,270.8,0.347,0.141,1251.9,38.79,333.5,1,train
APDA-ROADMAP-POS-0964,25.44044,92.19772,13.53,36.14,185.87,345.72,400.41,0.382,0.08,1073.2,49.78,69.7,1,train
APDA-ROADMAP-NEG-0865,26.02443,90.26111,1.12,4.11,18.57,22.58,23.28,0.243,-0.043,594.6,1.04,300.0,0,train
APDA-ROADMAP-POS-0866,25.18328,93.02552,23.36,57.66,206.22,349.33,558.86,0.427,0.192,1220.0,30.18,1.8,1,train
APDA-ROADMAP-POS-0922,25.29825,91.70994,15.92,60.69,127.08,306.78,491.02,0.455,0.194,1433.2,40.42,233.9,1,train
APDA-ROADMAP-POS-0696,27.09588,93.60949,3.56,25.12,132.01,214.18,374.96,0.322,0.22,1707.2,30.48,154.3,1,train
APDA-ROADMAP-POS-0216,27.09462,93.6121,14.91,70.85,164.62,286.68,433.82,0.421,0.175,1921.5,34.34,160.7,1,train
APDA-ROADMAP-NEG-0781,25.79594,91.54981,0.6,5.06,10.72,28.25,51.21,0.277,-0.006,241.6,6.05,119.4,0,train
APDA-ROADMAP-NEG-0262,25.62334,91.24717,0.78,2.59,4.42,19.19,44.65,0.153,-0.103,384.9,4.97,300.2,0,train
APDA-ROADMAP-POS-0159,25.67402,94.11039,12.74,32.61,77.84,138.35,384.42,0.335,0.229,880.6,40.57,172.9,1,train
APDA-ROADMAP-NEG-0059,26.11607,93.63291,1.46,4.45,15.67,28.95,39.49,0.197,-0.018,448.8,1.69,219.0,0,train
APDA-ROADMAP-POS-0989,26.17528,91.76546,2.0,21.24,162.45,281.6,378.62,0.357,0.231,1059.5,40.67,140.1,1,train
APDA-ROADMAP-POS-0842,25.30367,91.7131,27.77,82.55,194.49,360.11,569.8,0.417,0.119,1108.3,42.81,104.5,1,train
APDA-ROADMAP-POS-0635,27.5884,91.8674,8.43,38.47,94.75,227.77,384.38,0.482,0.08,1802.9,38.08,116.1,1,train
APDA-ROADMAP-POS-0517,24.78407,93.68741,8.03,42.86,155.5,312.24,456.47,0.41,0.155,480.0,33.64,196.9,1,train
APDA-ROADMAP-NEG-0429,25.83825,91.91601,0.06,2.41,14.95,35.15,41.47,0.128,-0.047,333.9,0.12,84.0,0,train
APDA-ROADMAP-NEG-0748,24.41476,92.48507,0.55,5.2,18.71,33.46,46.5,0.28,-0.007,832.4,14.06,284.7,0,train
APDA-ROADMAP-POS-0598,23.73476,92.71446,11.09,37.13,75.08,209.93,254.9,0.411,0.205,574.4,37.37,150.4,1,train
APDA-ROADMAP-POS-0196,27.09709,93.61829,19.96,75.66,127.8,304.07,514.63,0.4,0.184,1682.6,26.99,232.6,1,train
APDA-ROADMAP-NEG-0784,24.94285,91.74993,1.86,5.01,5.9,30.6,53.48,0.173,0.006,337.9,4.31,346.9,0,train
APDA-ROADMAP-POS-0870,26.01641,93.42687,23.57,82.03,190.53,356.39,604.5,0.387,0.164,1215.6,34.36,83.6,1,train
APDA-ROADMAP-POS-0411,27.69187,88.58268,8.94,38.89,129.17,261.81,306.86,0.426,0.166,1648.6,23.7,240.0,1,train
APDA-ROADMAP-POS-0097,24.78571,93.68771,2.0,23.35,170.03,336.43,570.03,0.484,0.11,482.0,37.19,319.7,1,train
APDA-ROADMAP-NEG-0001,25.87455,91.64612,1.09,3.56,14.63,31.93,58.56,0.28,-0.039,749.0,1.96,176.7,0,train
APDA-ROADMAP-NEG-0506,25.37487,92.54565,0.38,5.49,10.71,20.4,39.64,0.18,-0.008,478.6,1.0,172.9,0,train
APDA-ROADMAP-POS-0157,24.7864,93.67897,11.3,43.41,125.16,279.27,386.65,0.446,0.214,775.7,31.2,198.8,1,train
APDA-ROADMAP-POS-0420,27.03836,88.26434,13.32,47.34,196.32,327.89,564.28,0.458,0.174,1540.0,40.96,285.6,1,train
APDA-ROADMAP-NEG-0803,26.2327,92.21042,0.29,3.9,7.77,8.52,12.21,0.102,0.006,739.7,4.08,92.8,0,train
APDA-ROADMAP-POS-0478,23.72666,92.71362,4.69,43.6,78.36,230.73,374.25,0.32,0.153,557.5,33.6,211.6,1,train
APDA-ROADMAP-NEG-0856,26.6037,93.80858,0.02,4.38,17.23,26.96,56.29,0.224,-0.043,457.4,1.54,269.9,0,train
APDA-ROADMAP-POS-0669,26.16661,91.75728,12.34,51.5,172.47,331.86,529.65,0.399,0.172,1061.6,25.15,178.3,1,train
APDA-ROADMAP-NEG-0418,24.10495,92.23302,1.31,5.34,7.67,29.03,52.69,0.128,-0.012,842.6,8.33,159.8,0,train
APDA-ROADMAP-NEG-0872,27.10509,88.82768,0.22,6.74,16.09,30.54,59.11,0.179,-0.038,508.5,0.79,155.0,0,train
APDA-ROADMAP-NEG-0300,27.33021,88.43379,0.77,3.07,12.25,21.34,26.74,0.143,-0.029,384.0,1.2,307.3,0,train
APDA-ROADMAP-POS-0448,24.83245,92.80288,15.57,48.25,194.01,330.62,494.99,0.419,0.137,427.0,45.85,178.1,1,train
APDA-ROADMAP-POS-0554,27.35224,92.41954,4.58,48.91,113.05,198.82,437.74,0.496,0.255,1695.6,36.26,351.0,1,train
APDA-ROADMAP-POS-0179,25.67719,94.11407,11.87,28.54,155.03,209.23,314.06,0.506,0.144,1246.5,35.76,187.3,1,train
APDA-ROADMAP-POS-0391,27.6956,88.58987,18.16,63.12,108.77,207.9,312.88,0.527,0.169,1713.9,44.49,165.2,1,train
APDA-ROADMAP-POS-0579,25.67638,94.11042,9.06,60.27,191.41,278.49,427.39,0.441,0.222,1035.5,26.32,276.9,1,train
APDA-ROADMAP-NEG-0478,24.18862,93.02758,0.07,1.72,9.71,12.39,32.36,0.111,-0.024,279.3,8.96,99.6,0,train
APDA-ROADMAP-NEG-0707,24.73614,93.48975,0.04,2.03,9.42,14.53,29.35,0.141,-0.061,579.5,15.0,196.6,0,train
APDA-ROADMAP-NEG-0288,24.50951,92.60241,0.87,5.3,14.04,23.95,34.39,0.133,-0.047,252.1,1.5,288.9,0,train
APDA-ROADMAP-NEG-0645,25.40853,90.29058,0.48,8.23,8.96,23.89,34.36,0.08,-0.061,439.5,3.87,189.8,0,train
APDA-ROADMAP-NEG-0024,25.70703,91.89335,0.43,6.33,17.0,17.83,48.67,0.177,-0.068,252.2,3.58,289.8,0,train
APDA-ROADMAP-POS-0821,25.53117,91.8698,9.42,25.57,142.28,312.34,487.17,0.32,0.101,1034.1,26.06,215.0,1,train
APDA-ROADMAP-NEG-0825,25.43124,91.03658,0.07,0.08,6.49,10.01,29.96,0.28,-0.029,626.1,0.03,345.5,0,train
APDA-ROADMAP-POS-0985,25.60306,90.58927,9.99,49.77,116.95,164.09,374.04,0.375,0.192,1110.4,38.44,179.5,1,train
APDA-ROADMAP-NEG-0339,25.188,94.36752,0.61,1.12,5.07,6.8,18.35,0.101,-0.052,481.5,7.31,72.5,0,train
APDA-ROADMAP-POS-0665,25.60101,90.58367,16.76,76.66,204.93,286.89,466.3,0.34,0.24,858.5,36.75,174.3,1,train
APDA-ROADMAP-POS-0143,25.75389,91.90825,9.56,37.86,177.45,229.88,355.32,0.412,0.219,1018.7,42.96,276.4,1,train
APDA-ROADMAP-NEG-0517,24.28503,93.25741,0.02,0.21,11.98,17.22,41.2,0.263,-0.031,573.5,6.73,358.6,0,train
APDA-ROADMAP-NEG-0430,25.57712,92.9861,0.26,1.38,2.72,24.0,49.02,0.27,-0.02,496.1,4.84,290.4,0,train
APDA-ROADMAP-POS-0865,25.60475,90.58589,2.24,39.31,70.84,250.77,360.51,0.497,0.145,1393.6,31.99,179.5,1,train
APDA-ROADMAP-POS-0422,25.30381,91.70548,6.24,58.6,101.97,222.84,296.45,0.43,0.171,1016.8,35.15,180.8,1,train
APDA-ROADMAP-POS-0637,24.78007,93.67906,3.98,29.37,152.68,312.73,383.14,0.452,0.132,729.8,34.14,179.3,1,train
APDA-ROADMAP-NEG-0407,24.83448,93.56835,0.31,2.5,4.82,28.09,38.79,0.203,-0.032,179.8,3.24,153.5,0,train
APDA-ROADMAP-POS-0800,27.03531,88.26201,8.49,52.94,106.74,185.52,335.31,0.32,0.124,1616.1,31.32,353.6,1,train
APDA-ROADMAP-NEG-0404,25.2751,91.75578,0.3,2.58,11.38,17.45,34.75,0.202,-0.024,197.8,3.2,339.9,0,train
APDA-ROADMAP-POS-0616,27.10288,93.61976,6.75,24.2,153.29,296.93,461.2,0.533,0.211,1727.8,33.95,242.7,1,train
APDA-ROADMAP-POS-0295,27.58312,91.86428,6.72,58.99,126.88,187.22,436.6,0.382,0.175,1467.6,37.68,318.4,1,train
APDA-ROADMAP-POS-0924,25.44088,92.19287,10.66,43.36,102.76,249.72,294.74,0.355,0.144,984.6,32.5,217.6,1,train
APDA-ROADMAP-NEG-0269,26.01225,91.38256,3.82,8.27,17.98,37.46,59.39,0.157,0.004,380.6,2.56,6.3,0,train
APDA-ROADMAP-NEG-0903,25.49419,91.54824,0.54,8.0,11.97,23.43,40.71,0.247,-0.06,818.5,8.09,239.5,0,train
APDA-ROADMAP-POS-0089,26.16955,91.75456,3.3,53.21,175.83,268.79,484.17,0.32,0.197,959.0,31.37,236.5,1,train
APDA-ROADMAP-POS-0042,25.29995,91.70893,23.34,80.21,116.04,220.54,409.97,0.43,0.188,1085.6,42.83,164.2,1,train
APDA-ROADMAP-NEG-0802,24.88005,91.98416,0.11,0.93,15.33,31.79,60.51,0.106,0.008,87.8,0.86,52.0,0,train
APDA-ROADMAP-NEG-0934,27.02366,92.79964,0.35,7.96,21.66,32.14,66.33,0.199,-0.055,468.9,11.12,310.8,0,train
APDA-ROADMAP-POS-0132,27.32634,88.61478,19.1,60.74,181.47,271.76,314.06,0.453,0.255,1595.0,32.3,216.2,1,train
APDA-ROADMAP-NEG-0002,25.50828,91.32413,1.09,3.0,7.36,15.42,40.56,0.28,-0.082,139.2,9.76,51.7,0,train
APDA-ROADMAP-NEG-0158,24.14263,92.93736,0.11,1.5,11.66,34.34,40.49,0.177,-0.041,841.2,6.36,347.8,0,train
APDA-ROADMAP-NEG-0095,28.03147,91.4698,0.32,3.51,17.07,35.65,52.42,0.16,-0.103,308.0,0.23,28.9,0,train
APDA-ROADMAP-NEG-0855,27.34053,91.6362,0.32,5.8,9.02,20.32,21.49,0.213,-0.03,463.9,3.66,210.1,0,train
APDA-ROADMAP-NEG-0345,25.3608,90.92341,0.2,0.56,14.26,29.05,51.16,0.191,-0.022,690.1,4.12,164.0,0,train
APDA-ROADMAP-NEG-0499,26.07734,94.3961,1.36,1.42,8.36,26.86,54.33,0.08,-0.069,623.0,5.63,35.2,0,train
APDA-ROADMAP-POS-0165,25.59818,90.58207,8.76,67.82,109.59,265.68,430.44,0.32,0.142,998.6,41.34,194.9,1,train
APDA-ROADMAP-POS-0725,25.60672,90.58441,9.13,54.18,162.78,232.76,395.08,0.494,0.08,1191.5,40.21,233.6,1,train
APDA-ROADMAP-POS-0291,27.69253,88.58128,16.15,57.41,206.37,280.17,375.25,0.531,0.147,1495.2,23.22,161.4,1,train
APDA-ROADMAP-NEG-0209,26.46429,92.05498,0.36,1.41,13.12,28.17,38.66,0.183,-0.03,735.3,0.25,42.2,0,train
APDA-ROADMAP-NEG-0589,26.57521,92.11359,0.13,4.28,4.31,10.11,15.44,0.08,0.02,287.1,15.0,18.3,0,train
APDA-ROADMAP-NEG-0897,24.62398,93.3702,2.01,8.73,9.96,32.54,40.34,0.125,-0.024,560.3,3.22,128.2,0,train
APDA-ROADMAP-NEG-0642,25.59508,91.54626,0.64,2.66,12.18,17.23,38.57,0.141,-0.06,493.9,1.39,155.2,0,train
APDA-ROADMAP-NEG-0362,25.76207,92.00179,0.35,4.71,10.84,29.88,48.67,0.28,0.002,659.6,8.25,112.8,0,train
APDA-ROADMAP-POS-0779,25.6758,94.11167,12.62,31.52,93.68,179.04,286.47,0.323,0.212,1233.7,35.92,236.6,1,train
APDA-ROADMAP-POS-0840,27.03476,88.25937,5.42,24.97,124.25,201.44,418.44,0.408,0.177,1460.6,28.25,27.5,1,train
APDA-ROADMAP-POS-0349,26.17241,91.76247,22.79,47.05,143.45,281.74,506.79,0.32,0.218,975.3,36.44,46.5,1,train
APDA-ROADMAP-NEG-0945,25.2144,90.26373,0.1,2.68,6.65,17.83,34.1,0.08,-0.029,649.3,2.82,270.1,0,train
APDA-ROADMAP-POS-0572,27.3295,88.61369,4.59,47.78,111.72,220.93,323.45,0.397,0.151,1760.5,37.66,151.1,1,train
APDA-ROADMAP-POS-0918,23.73566,92.71312,6.64,26.26,170.18,300.71,457.4,0.32,0.147,437.1,42.69,204.6,1,train
APDA-ROADMAP-POS-0977,24.78983,93.68432,4.01,27.85,106.54,265.36,420.11,0.484,0.162,272.4,41.01,202.1,1,train
APDA-ROADMAP-NEG-0914,27.19054,92.8741,4.0,7.31,11.72,21.76,25.06,0.105,-0.126,183.8,3.15,190.2,0,train
APDA-ROADMAP-NEG-0469,25.81156,91.29878,0.42,7.62,17.98,42.39,67.17,0.143,-0.032,243.9,0.69,21.9,0,train
APDA-ROADMAP-NEG-0592,26.9914,88.3002,0.03,3.15,8.71,24.55,59.11,0.211,-0.011,312.7,0.62,183.7,0,train
APDA-ROADMAP-NEG-0318,24.10797,93.15745,0.04,5.48,10.3,20.89,50.22,0.204,-0.027,318.1,0.09,339.9,0,train
APDA-ROADMAP-NEG-0845,25.3723,90.42353,0.6,3.21,10.16,30.07,46.9,0.131,-0.032,400.6,4.99,280.8,0,train
APDA-ROADMAP-POS-0137,24.78416,93.68665,10.56,30.32,100.91,255.11,375.62,0.471,0.23,484.6,36.16,134.4,1,train
APDA-ROADMAP-POS-0459,25.67875,94.10853,4.01,43.71,98.42,195.16,368.65,0.473,0.17,1206.0,49.71,152.0,1,train
APDA-ROADMAP-POS-0376,27.09344,93.61085,23.7,48.48,187.17,239.1,347.3,0.415,0.164,1540.2,33.76,173.7,1,train
APDA-ROADMAP-NEG-0343,25.37401,92.23562,1.56,1.6,10.02,10.05,22.24,0.114,-0.022,823.7,0.32,24.3,0,train
APDA-ROADMAP-POS-0334,27.34852,92.41464,15.61,41.48,113.31,255.41,309.34,0.526,0.17,1714.6,37.09,197.3,1,train
APDA-ROADMAP-NEG-0160,27.38031,88.72567,0.3,5.56,11.65,28.77,52.11,0.28,-0.054,814.8,3.39,32.1,0,train
APDA-ROADMAP-NEG-0761,25.96149,91.52538,0.87,7.29,14.23,24.6,44.16,0.28,-0.047,432.4,0.39,184.2,0,train
APDA-ROADMAP-NEG-0458,23.42209,93.07559,0.56,6.68,18.63,25.95,35.04,0.09,-0.046,588.6,6.64,181.5,0,train
APDA-ROADMAP-POS-0817,24.78296,93.68354,11.69,45.6,152.7,228.94,354.43,0.5,0.165,517.8,38.62,177.3,1,train
APDA-ROADMAP-NEG-0115,27.84525,92.34157,0.4,5.89,6.04,28.74,41.62,0.08,0.071,605.7,0.69,171.2,0,train
APDA-ROADMAP-NEG-0006,25.4571,93.51625,0.58,7.05,14.35,23.53,49.59,0.103,-0.023,280.0,0.83,110.0,0,train
APDA-ROADMAP-NEG-0857,25.16965,93.87712,1.02,4.49,8.09,14.94,20.02,0.206,-0.019,798.5,11.51,342.6,0,train
APDA-ROADMAP-NEG-0955,27.76147,92.34114,0.35,7.05,15.95,37.48,39.18,0.214,0.018,130.8,3.29,332.4,0,train
APDA-ROADMAP-NEG-0851,27.2328,88.34658,1.09,8.73,22.89,30.18,48.96,0.28,-0.043,607.0,8.04,76.2,0,train
APDA-ROADMAP-POS-0911,27.68764,88.58887,10.19,53.21,176.72,314.24,451.38,0.387,0.165,1521.8,45.74,129.2,1,train
APDA-ROADMAP-NEG-0930,25.84434,93.22467,1.52,4.73,19.67,38.57,47.85,0.138,-0.061,467.5,0.3,89.9,0,train
APDA-ROADMAP-NEG-0126,24.84738,92.63257,0.38,6.76,18.67,28.64,57.43,0.231,-0.041,124.3,5.98,120.3,0,train
APDA-ROADMAP-POS-0329,26.17344,91.76232,18.71,38.58,151.12,325.99,556.66,0.37,0.24,1209.9,41.75,176.6,1,train
APDA-ROADMAP-NEG-0248,24.45193,93.2349,0.71,1.04,2.62,15.43,49.44,0.183,-0.089,586.0,5.79,224.6,0,train
APDA-ROADMAP-POS-0319,25.67486,94.11501,7.44,56.41,148.06,198.52,381.11,0.32,0.153,1085.7,37.56,190.9,1,train
APDA-ROADMAP-NEG-0690,25.55642,93.88594,1.43,8.9,23.81,45.11,74.2,0.14,-0.017,256.8,1.39,15.8,0,train
APDA-ROADMAP-NEG-0359,26.16482,93.93793,0.07,7.93,11.57,13.38,14.23,0.241,-0.047,324.5,1.18,93.5,0,train
APDA-ROADMAP-NEG-0733,26.8741,88.04581,0.03,5.58,14.88,32.8,55.77,0.212,-0.074,723.2,4.62,146.4,0,train
APDA-ROADMAP-POS-0168,24.83395,92.79865,9.44,52.1,141.56,267.99,339.84,0.387,0.261,531.2,31.53,164.9,1,train
APDA-ROADMAP-POS-0013,27.18355,88.35702,9.27,52.8,95.51,155.15,283.17,0.512,0.107,1750.4,39.0,103.1,1,train
APDA-ROADMAP-NEG-0927,25.3667,93.47319,1.68,8.11,21.48,45.0,49.42,0.105,-0.093,619.5,1.72,215.2,0,train
APDA-ROADMAP-POS-0172,27.3316,88.61288,5.65,26.45,139.12,311.27,440.9,0.418,0.19,1672.8,38.9,173.1,1,train
APDA-ROADMAP-POS-0650,26.01257,93.42133,37.56,75.65,126.77,174.91,241.41,0.384,0.268,1131.8,40.43,203.5,1,train
APDA-ROADMAP-NEG-0062,25.74507,92.10889,0.02,4.25,14.99,17.71,32.73,0.151,-0.039,678.6,2.96,42.1,0,train
APDA-ROADMAP-POS-0261,25.53191,91.8649,4.59,61.18,156.57,254.68,502.47,0.39,0.138,836.0,25.33,151.1,1,train
APDA-ROADMAP-NEG-0367,24.86311,92.77567,0.62,2.89,15.97,17.65,21.23,0.096,-0.052,847.0,10.82,354.5,0,train
APDA-ROADMAP-NEG-0549,25.93319,91.3198,0.94,6.66,11.66,18.42,33.52,0.235,-0.001,602.0,3.95,112.7,0,train
APDA-ROADMAP-POS-0902,25.30584,91.71197,6.65,57.35,194.57,358.58,469.54,0.436,0.14,1063.6,37.28,212.9,1,train
APDA-ROADMAP-POS-0673,27.17966,88.36075,12.79,35.72,99.12,158.45,352.92,0.466,0.174,1828.0,27.28,190.7,1,train
APDA-ROADMAP-POS-0259,25.67472,94.11112,28.39,66.19,114.03,216.58,370.62,0.332,0.158,1213.6,41.15,230.1,1,train
APDA-ROADMAP-POS-0845,25.59601,90.58215,11.56,63.87,133.53,174.87,353.48,0.44,0.173,1279.6,27.79,219.6,1,train
APDA-ROADMAP-POS-0868,24.83092,92.79768,9.93,67.6,181.03,295.63,462.07,0.469,0.245,772.0,29.06,9.9,1,train
APDA-ROADMAP-NEG-0800,26.88521,88.50426,1.56,9.02,23.79,26.97,46.43,0.08,-0.013,279.6,10.64,138.8,0,train
APDA-ROADMAP-POS-0139,25.67219,94.10647,6.7,29.05,126.65,218.18,389.67,0.371,0.135,812.5,27.31,223.7,1,train
APDA-ROADMAP-POS-0894,27.35586,92.42007,12.34,61.55,199.44,374.45,431.72,0.32,0.135,1599.9,35.08,168.7,1,train
APDA-ROADMAP-NEG-0838,24.04123,93.08537,0.83,5.34,7.46,23.97,37.16,0.186,-0.046,740.4,2.04,241.5,0,train
APDA-ROADMAP-POS-0550,26.01333,93.42321,10.8,51.76,171.92,313.56,376.77,0.45,0.225,826.3,23.89,152.9,1,train
APDA-ROADMAP-POS-0320,27.04369,88.26186,15.09,41.26,134.31,285.16,466.06,0.423,0.149,1468.7,29.04,212.1,1,train
APDA-ROADMAP-NEG-0527,25.44642,92.68278,0.86,6.18,15.02,21.66,53.17,0.161,-0.076,757.0,7.36,61.9,0,train
APDA-ROADMAP-NEG-0806,25.6659,92.7987,0.99,3.58,9.25,24.14,45.01,0.15,0.006,426.1,4.03,195.6,0,train
APDA-ROADMAP-NEG-0178,23.40107,93.01712,0.19,5.04,16.35,29.43,34.67,0.151,-0.065,108.2,8.28,155.1,0,train
APDA-ROADMAP-POS-0559,25.67713,94.11439,6.33,21.35,161.86,215.74,399.06,0.374,0.163,1253.3,20.0,161.9,1,train
APDA-ROADMAP-POS-0140,27.03811,88.25691,12.15,27.71,118.88,229.88,361.65,0.447,0.221,1631.8,40.45,141.6,1,train
APDA-ROADMAP-NEG-0735,27.36583,92.10491,2.64,5.09,9.36,28.07,46.69,0.28,-0.052,743.8,1.68,258.1,0,train
APDA-ROADMAP-POS-0532,27.32789,88.61451,9.03,29.75,150.37,319.75,525.6,0.341,0.216,1770.1,31.13,155.3,1,train
APDA-ROADMAP-POS-0225,25.5989,90.58309,6.96,31.83,100.61,223.36,393.94,0.476,0.138,996.5,39.41,36.3,1,train
APDA-ROADMAP-POS-0724,25.43909,92.19286,10.68,37.35,116.89,215.73,338.0,0.438,0.091,1312.5,47.94,147.3,1,train
APDA-ROADMAP-POS-0787,25.08069,93.15554,8.15,28.83,113.39,175.65,247.19,0.454,0.18,1099.0,37.16,335.8,1,train
APDA-ROADMAP-NEG-0718,23.48699,92.46595,0.76,4.47,15.33,23.3,23.92,0.108,-0.086,741.4,3.5,294.9,0,train
APDA-ROADMAP-NEG-0008,24.63196,93.08303,0.87,6.24,9.61,33.72,48.6,0.204,-0.077,842.1,3.02,12.3,0,train
APDA-ROADMAP-POS-0410,26.01081,93.42562,13.41,40.77,121.71,288.88,434.49,0.457,0.174,1009.1,42.33,175.3,1,train
APDA-ROADMAP-POS-0326,25.18912,93.02838,33.46,59.25,136.51,268.29,483.86,0.458,0.132,1104.2,32.62,239.2,1,train
APDA-ROADMAP-NEG-0766,25.6527,92.68422,1.72,8.01,22.79,37.21,50.04,0.256,-0.082,170.7,3.99,140.0,0,train
APDA-ROADMAP-POS-0300,27.03548,88.26307,13.4,37.04,74.66,210.61,273.85,0.424,0.189,1844.2,48.65,157.5,1,train
APDA-ROADMAP-NEG-0263,25.33739,92.20557,0.22,1.85,3.17,21.5,34.94,0.225,-0.033,600.6,6.74,121.5,0,train
APDA-ROADMAP-NEG-0946,25.41032,92.60219,0.37,7.77,20.95,23.58,42.49,0.1,0.011,154.9,4.15,100.9,0,train
APDA-ROADMAP-POS-0026,25.18179,93.02304,8.58,55.07,162.98,334.66,405.83,0.32,0.183,1164.2,34.27,52.2,1,train
APDA-ROADMAP-NEG-0859,25.46213,94.38252,1.82,6.95,14.19,27.06,43.11,0.083,-0.061,711.6,3.63,316.1,0,train
APDA-ROADMAP-POS-0715,27.57937,91.86161,10.43,56.77,198.52,325.54,385.74,0.463,0.143,1858.2,39.98,140.6,1,train
APDA-ROADMAP-NEG-0010,26.32931,93.73103,0.82,1.63,2.43,7.64,32.92,0.231,-0.031,775.6,1.56,268.1,0,train
APDA-ROADMAP-POS-0194,27.35358,92.41605,11.09,30.98,79.4,236.67,378.39,0.497,0.277,1615.0,33.65,226.8,1,train
APDA-ROADMAP-POS-0441,25.53403,91.86084,13.46,49.06,190.8,260.11,450.31,0.395,0.181,1071.4,30.61,148.4,1,train
APDA-ROADMAP-POS-0574,27.35206,92.41249,10.34,46.4,107.02,180.04,340.42,0.42,0.231,1669.0,36.55,90.3,1,train
APDA-ROADMAP-POS-0947,25.07875,93.15701,22.95,67.3,112.3,239.3,478.15,0.433,0.139,1088.6,38.37,217.9,1,train
APDA-ROADMAP-POS-0998,23.73003,92.71564,8.37,23.96,96.6,253.55,486.74,0.46,0.164,434.2,43.22,150.3,1,train
APDA-ROADMAP-POS-0504,25.44011,92.19608,4.9,53.84,162.93,267.9,369.34,0.531,0.198,930.6,37.6,271.3,1,train
APDA-ROADMAP-POS-0606,25.18011,93.02807,16.47,42.87,88.88,179.97,403.09,0.47,0.181,719.4,32.9,289.7,1,train
APDA-ROADMAP-NEG-0717,24.49282,94.05708,0.28,5.34,18.01,41.09,55.09,0.184,-0.04,505.3,15.0,56.2,0,train
APDA-ROADMAP-NEG-0164,25.85206,91.96245,0.16,5.66,5.73,23.76,40.03,0.24,-0.05,122.0,3.08,311.4,0,train
APDA-ROADMAP-NEG-0787,24.70076,92.78612,0.06,3.19,8.76,27.95,51.45,0.26,0.019,709.4,4.11,74.8,0,train
APDA-ROADMAP-POS-0847,25.07272,93.16023,12.33,32.5,87.69,260.41,463.65,0.32,0.225,1075.2,26.7,232.4,1,train
APDA-ROADMAP-POS-0004,25.43663,92.19404,18.32,67.75,173.92,291.42,448.85,0.468,0.17,1029.4,31.35,154.0,1,train
APDA-ROADMAP-NEG-0287,25.30694,92.97776,0.45,3.08,11.77,14.38,32.08,0.229,-0.091,482.4,0.94,23.3,0,train
APDA-ROADMAP-NEG-0223,26.00002,91.43812,0.56,7.2,20.97,25.08,39.66,0.142,-0.023,636.4,1.85,153.5,0,train
APDA-ROADMAP-POS-0468,24.83502,92.7993,4.63,24.65,168.52,224.22,318.21,0.387,0.119,631.6,34.08,70.9,1,train
APDA-ROADMAP-POS-0322,25.29961,91.71511,11.69,59.74,170.5,257.0,470.51,0.32,0.163,1170.9,36.49,195.4,1,train
APDA-ROADMAP-POS-0006,25.18644,93.02634,3.73,62.02,201.05,339.01,434.84,0.415,0.17,1199.8,34.86,170.2,1,train
APDA-ROADMAP-POS-0223,25.74899,91.90272,14.41,47.19,173.2,348.56,536.33,0.494,0.192,1247.5,31.41,298.2,1,train
APDA-ROADMAP-NEG-0375,27.33567,91.62991,2.25,10.25,16.4,29.46,52.25,0.152,-0.041,773.1,3.08,208.0,0,train
APDA-ROADMAP-POS-0548,24.82931,92.8061,2.0,33.02,116.63,199.94,274.66,0.458,0.239,429.5,46.79,173.5,1,train
APDA-ROADMAP-POS-0229,26.17519,91.75604,10.06,25.94,104.44,219.54,356.05,0.53,0.16,1005.7,36.68,168.0,1,train
APDA-ROADMAP-POS-0040,27.04176,88.26144,8.13,42.61,76.91,251.28,312.91,0.453,0.17,1534.7,32.39,196.2,1,train
APDA-ROADMAP-POS-0543,25.75336,91.90581,2.97,44.93,159.96,276.6,482.01,0.353,0.175,983.8,41.7,232.1,1,train
APDA-ROADMAP-POS-0243,25.75578,91.91128,13.27,28.38,119.65,202.35,280.21,0.429,0.105,1150.4,20.04,92.5,1,train
APDA-ROADMAP-POS-0899,25.66817,94.10803,4.22,31.71,159.73,277.85,420.86,0.367,0.225,1308.4,33.24,181.7,1,train
APDA-ROADMAP-NEG-0134,27.6393,92.57291,0.55,6.13,18.53,41.2,51.48,0.129,0.014,162.4,4.73,338.9,0,train
APDA-ROADMAP-NEG-0449,25.82248,92.18778,0.67,4.14,5.85,19.55,51.6,0.08,0.003,838.5,10.91,146.7,0,train
APDA-ROADMAP-NEG-0869,26.59273,91.44119,0.33,6.17,8.74,31.27,34.02,0.213,-0.018,376.0,0.88,19.6,0,train
APDA-ROADMAP-POS-0843,25.75203,91.90304,27.92,55.32,193.17,349.45,411.66,0.32,0.08,1239.3,41.75,235.3,1,train
APDA-ROADMAP-NEG-0419,26.04296,93.71548,1.77,5.58,17.46,25.44,50.06,0.093,-0.032,172.1,4.41,284.0,0,train
APDA-ROADMAP-NEG-0654,27.70797,92.06861,0.12,7.9,22.03,45.21,66.51,0.28,-0.002,296.4,11.7,277.1,0,train
APDA-ROADMAP-NEG-0970,25.67631,93.59239,1.35,2.74,10.04,23.46,36.89,0.114,-0.029,754.1,9.55,216.2,0,train
APDA-ROADMAP-POS-0662,25.305,91.70706,23.36,70.09,119.02,210.17,259.22,0.335,0.179,1197.2,36.97,60.6,1,train
APDA-ROADMAP-NEG-0211,28.00265,88.21378,0.63,5.47,8.1,12.85,33.03,0.28,-0.007,716.9,1.24,349.5,0,train
APDA-ROADMAP-POS-0315,27.58202,91.8652,9.48,64.79,113.5,286.82,455.49,0.443,0.169,1625.6,41.58,230.6,1,train
APDA-ROADMAP-POS-0692,27.33044,88.61112,14.74,54.81,142.03,220.61,467.22,0.428,0.218,1779.8,33.14,159.5,1,train
APDA-ROADMAP-NEG-0504,25.76643,92.67747,1.15,7.09,15.42,34.83,61.56,0.197,-0.046,762.1,7.56,338.1,0,train
APDA-ROADMAP-POS-0425,25.60426,90.58449,7.16,34.18,172.52,331.35,460.49,0.388,0.212,1066.9,45.45,194.1,1,train
APDA-ROADMAP-POS-0595,27.58518,91.85969,12.75,48.12,128.58,253.51,445.67,0.43,0.229,1674.2,43.87,230.6,1,train
APDA-ROADMAP-NEG-0964,25.90508,92.65757,0.87,6.33,16.09,17.65,51.38,0.206,-0.077,488.5,0.84,164.3,0,train
APDA-ROADMAP-POS-0623,25.75363,91.90377,12.19,32.02,161.05,265.49,490.83,0.342,0.211,1044.0,35.08,186.3,1,train
APDA-ROADMAP-NEG-0171,27.94701,88.88834,1.3,9.3,11.26,28.79,47.23,0.129,-0.122,735.4,4.49,104.7,0,train
APDA-ROADMAP-NEG-0044,25.27841,92.58184,2.66,5.4,7.67,11.6,38.52,0.137,-0.019,682.1,11.25,4.0,0,train
APDA-ROADMAP-POS-0228,24.83255,92.8005,13.49,48.07,127.95,202.95,355.89,0.409,0.192,465.1,34.35,178.3,1,train
APDA-ROADMAP-NEG-0118,23.44114,92.26548,0.29,6.38,11.3,32.99,45.95,0.2,-0.031,731.1,3.18,298.6,0,train
APDA-ROADMAP-NEG-0332,27.08145,88.2294,2.93,9.7,22.64,41.15,50.52,0.103,-0.033,668.3,14.91,80.0,0,train
APDA-ROADMAP-NEG-0316,26.92323,93.84832,0.01,6.62,7.18,23.0,43.38,0.142,-0.067,611.5,2.01,66.6,0,train
APDA-ROADMAP-POS-0067,25.07276,93.15391,3.26,35.6,98.08,211.15,317.25,0.406,0.111,927.6,23.1,150.7,1,train
APDA-ROADMAP-POS-0025,25.60606,90.58428,16.82,59.34,95.88,222.17,271.06,0.342,0.153,974.4,31.64,213.5,1,train
APDA-ROADMAP-POS-0145,25.60598,90.58905,14.04,32.74,122.33,286.62,458.95,0.485,0.249,1270.0,29.38,182.2,1,train
APDA-ROADMAP-POS-0537,24.78881,93.68202,9.13,51.5,83.62,163.76,215.98,0.339,0.247,361.8,33.82,163.7,1,train
APDA-ROADMAP-POS-0812,27.3314,88.61198,11.52,49.97,122.62,168.86,331.44,0.32,0.277,1588.2,47.27,141.2,1,train
APDA-ROADMAP-NEG-0467,24.62712,93.57727,1.51,4.36,19.12,26.9,39.86,0.08,-0.018,453.4,0.24,327.4,0,train
APDA-ROADMAP-POS-0086,25.17868,93.02487,2.22,51.56,193.16,302.87,477.9,0.32,0.234,1399.6,36.36,153.1,1,train
APDA-ROADMAP-NEG-0661,25.21641,92.04388,1.09,8.39,16.51,18.36,43.36,0.101,-0.054,122.5,3.97,250.1,0,train
APDA-ROADMAP-NEG-0646,24.90232,92.56993,1.01,1.91,3.44,27.68,51.37,0.244,-0.065,102.5,1.07,243.2,0,train
APDA-ROADMAP-NEG-0805,25.89008,90.33378,0.13,5.79,11.34,23.53,36.09,0.28,-0.041,570.9,1.13,94.5,0,train
APDA-ROADMAP-NEG-0818,24.07847,92.49251,1.14,7.27,19.34,22.14,55.11,0.181,-0.003,527.9,6.67,141.8,0,train
APDA-ROADMAP-NEG-0577,24.5386,93.94305,0.75,3.0,12.13,30.33,65.08,0.28,-0.046,494.1,3.27,292.0,0,train
APDA-ROADMAP-NEG-0145,25.76726,90.74555,1.88,9.24,16.48,36.01,55.21,0.15,0.031,412.2,0.96,196.1,0,train
APDA-ROADMAP-POS-0363,25.75939,91.9074,11.53,55.41,155.38,223.6,410.59,0.398,0.214,1147.3,33.41,167.3,1,train
APDA-ROADMAP-NEG-0612,27.57753,88.85334,1.0,6.28,6.78,8.18,34.85,0.097,-0.09,386.4,3.36,47.0,0,train
APDA-ROADMAP-NEG-0866,25.49649,92.85716,1.4,2.06,2.59,6.07,17.87,0.236,-0.055,479.9,5.23,261.9,0,train
APDA-ROADMAP-NEG-0027,24.69939,92.66843,0.43,5.56,19.61,36.35,36.96,0.28,-0.095,98.1,2.74,56.5,0,train
APDA-ROADMAP-NEG-0031,27.42939,88.75538,1.08,4.61,18.28,28.51,40.64,0.098,-0.065,667.5,0.01,160.6,0,train
APDA-ROADMAP-NEG-0304,25.28508,92.51209,0.28,3.57,13.08,20.59,30.14,0.08,0.014,279.8,1.13,97.1,0,train
APDA-ROADMAP-NEG-0356,27.35582,93.92003,0.39,2.8,7.35,10.77,39.98,0.09,-0.108,675.1,2.35,67.5,0,train
APDA-ROADMAP-NEG-0731,28.15064,89.01286,0.91,7.63,9.9,18.73,18.77,0.28,-0.031,312.6,4.22,0.6,0,train
APDA-ROADMAP-POS-0666,25.18296,93.0223,11.48,65.06,113.27,207.61,259.5,0.37,0.192,1135.0,31.04,297.4,1,train
APDA-ROADMAP-POS-0365,25.60032,90.58379,4.99,26.11,158.06,233.77,424.05,0.348,0.32,1095.8,30.51,235.9,1,train
APDA-ROADMAP-POS-0078,23.7258,92.71959,18.24,77.16,208.22,380.29,446.95,0.417,0.254,493.0,37.95,33.9,1,train
APDA-ROADMAP-POS-0028,24.83356,92.80286,12.19,67.08,207.61,318.11,467.37,0.445,0.211,499.1,42.42,183.1,1,train
APDA-ROADMAP-NEG-0437,25.20841,94.0778,1.19,3.74,3.96,19.75,34.84,0.128,-0.059,654.0,9.43,339.9,0,train
APDA-ROADMAP-POS-0526,25.17879,93.0202,9.48,30.64,147.57,201.22,433.0,0.39,0.207,1213.9,44.19,221.0,1,train
APDA-ROADMAP-NEG-0835,27.43382,92.23299,0.14,1.71,16.67,23.09,47.09,0.214,-0.04,396.9,1.5,348.3,0,train
APDA-ROADMAP-POS-0056,27.09867,93.61685,13.84,44.26,95.53,230.46,448.12,0.417,0.21,1450.0,28.73,186.1,1,train
APDA-ROADMAP-POS-0639,25.6712,94.10806,6.43,36.68,166.76,265.83,416.58,0.32,0.229,1262.4,33.16,200.9,1,train
APDA-ROADMAP-POS-0303,25.75496,91.90405,13.34,33.3,181.03,245.68,326.15,0.494,0.148,1062.4,41.95,199.1,1,train
APDA-ROADMAP-POS-0719,25.67541,94.11171,22.03,42.74,122.58,176.24,227.27,0.502,0.217,1165.3,37.71,181.2,1,train
APDA-ROADMAP-POS-0625,25.60318,90.58145,8.16,53.75,184.37,324.66,395.87,0.491,0.201,1063.6,38.54,173.7,1,train
APDA-ROADMAP-POS-0008,24.83551,92.80207,3.96,19.99,165.02,272.54,476.91,0.495,0.193,769.5,27.77,157.1,1,train
APDA-ROADMAP-POS-0804,25.44587,92.19503,25.11,77.32,120.96,191.33,327.92,0.468,0.224,1068.6,27.39,219.0,1,train
APDA-ROADMAP-NEG-0050,25.66192,93.12298,0.0,4.3,12.95,21.25,33.11,0.09,0.007,203.6,2.81,248.1,0,train
APDA-ROADMAP-POS-0337,24.77863,93.68477,25.06,67.6,175.62,323.88,432.42,0.402,0.109,586.5,33.46,184.5,1,train
APDA-ROADMAP-POS-0048,24.82741,92.80109,24.46,80.14,214.01,365.74,426.71,0.476,0.182,554.6,34.74,263.2,1,train
APDA-ROADMAP-NEG-0764,25.16945,92.01288,0.46,5.84,19.77,21.99,49.21,0.08,-0.028,555.7,0.55,178.6,0,train
APDA-ROADMAP-POS-0107,25.07263,93.1553,14.62,51.0,153.4,227.78,276.72,0.355,0.126,798.8,37.23,279.6,1,train
APDA-ROADMAP-POS-0350,26.01113,93.42097,10.8,65.28,128.37,186.34,431.36,0.385,0.175,1000.8,41.38,210.6,1,train
APDA-ROADMAP-NEG-0080,26.60424,87.91727,2.96,5.28,6.09,20.46,21.67,0.28,-0.04,638.3,1.76,308.0,0,train
APDA-ROADMAP-POS-0239,25.67468,94.11176,5.18,54.65,189.91,302.65,517.44,0.408,0.204,1196.1,35.7,152.5,1,train
APDA-ROADMAP-POS-0214,27.35417,92.41357,8.72,46.93,139.71,309.16,479.37,0.385,0.193,1574.3,24.71,224.9,1,train
APDA-ROADMAP-NEG-0776,26.81256,94.0894,0.98,8.72,14.88,32.36,32.71,0.159,-0.069,229.3,14.59,325.5,0,train
APDA-ROADMAP-NEG-0139,25.88562,94.46557,1.45,8.63,19.67,25.03,34.15,0.08,-0.045,359.3,4.85,91.9,0,train
APDA-ROADMAP-POS-0794,27.34999,92.41963,24.05,61.59,172.82,236.4,447.72,0.356,0.172,1688.1,32.2,187.0,1,train
APDA-ROADMAP-NEG-0587,25.35073,93.41331,0.99,8.28,19.49,29.91,47.3,0.28,-0.0,780.6,11.18,215.3,0,train
APDA-ROADMAP-NEG-0583,26.2317,92.2731,0.19,5.87,8.36,18.36,47.74,0.157,-0.039,269.8,11.39,309.2,0,train
APDA-ROADMAP-NEG-0672,26.9302,88.80627,2.37,6.02,19.03,19.62,50.43,0.138,0.004,391.7,0.0,86.8,0,train
APDA-ROADMAP-POS-0524,25.43541,92.19547,2.36,22.0,69.53,112.41,228.71,0.463,0.172,1017.6,30.19,53.2,1,train
APDA-ROADMAP-POS-0233,27.18479,88.35484,9.74,48.91,157.54,307.16,521.07,0.32,0.093,1508.6,44.49,217.3,1,train
APDA-ROADMAP-POS-0645,25.60284,90.58437,13.86,44.45,110.42,231.79,361.97,0.434,0.221,1515.0,41.42,202.2,1,train
APDA-ROADMAP-NEG-0508,25.06658,92.96057,0.35,2.66,14.27,27.44,45.04,0.183,-0.033,410.1,1.79,300.9,0,train
APDA-ROADMAP-POS-0534,27.35532,92.41893,15.37,47.64,146.78,276.86,485.59,0.446,0.176,1441.4,46.05,142.4,1,train
APDA-ROADMAP-NEG-0942,25.46,91.23805,0.78,1.0,12.03,26.37,45.41,0.28,-0.069,759.9,1.28,23.7,0,train
APDA-ROADMAP-POS-0604,25.43697,92.1905,25.6,53.59,200.59,320.53,469.05,0.412,0.208,1197.4,33.3,173.9,1,train
APDA-ROADMAP-NEG-0330,26.45457,93.10608,0.02,2.04,7.08,18.67,18.74,0.147,-0.02,155.7,1.66,180.7,0,train
APDA-ROADMAP-NEG-0075,27.41596,92.27002,1.79,9.22,19.85,27.37,30.69,0.08,-0.125,217.4,10.05,321.7,0,train
APDA-ROADMAP-NEG-0305,26.01853,90.91279,0.35,7.76,20.32,35.74,43.77,0.278,-0.039,578.3,2.46,10.8,0,train
APDA-ROADMAP-POS-0061,25.53354,91.87236,13.92,35.15,158.07,214.27,336.18,0.32,0.32,1031.5,42.86,156.8,1,train
APDA-ROADMAP-NEG-0264,25.92741,91.90316,0.6,2.72,8.45,12.45,47.0,0.147,0.036,690.7,0.14,226.4,0,train
APDA-ROADMAP-POS-0093,27.18585,88.36125,14.3,42.25,86.4,159.76,305.37,0.423,0.155,1335.2,41.83,189.9,1,train
APDA-ROADMAP-POS-0667,25.07307,93.15639,8.7,31.43,147.74,197.6,254.63,0.444,0.184,1043.5,46.21,150.4,1,train
APDA-ROADMAP-POS-0281,25.53526,91.86917,7.39,64.08,166.25,313.59,364.89,0.434,0.145,1141.3,32.29,220.4,1,train
APDA-ROADMAP-NEG-0114,26.86266,92.62546,1.79,5.68,5.93,10.31,12.07,0.198,0.01,391.9,0.69,271.8,0,train
APDA-ROADMAP-POS-0360,27.03724,88.2665,10.82,66.25,180.17,294.71,470.2,0.32,0.13,1409.9,28.82,183.8,1,train
APDA-ROADMAP-NEG-0129,26.60492,91.93997,0.1,5.13,12.74,16.62,37.14,0.166,0.038,253.0,3.57,90.6,0,train
APDA-ROADMAP-NEG-0170,26.2534,93.69759,1.1,2.95,7.29,30.84,50.22,0.198,-0.037,644.2,5.25,284.4,0,train
APDA-ROADMAP-POS-0848,24.83417,92.80282,6.71,39.79,148.44,313.41,463.55,0.354,0.218,481.7,30.53,228.1,1,train
APDA-ROADMAP-NEG-0522,24.82094,91.96102,0.63,5.8,20.62,28.12,52.83,0.24,0.051,666.0,8.27,107.6,0,train
APDA-ROADMAP-POS-0111,27.69265,88.58093,7.01,28.88,141.38,188.01,288.2,0.354,0.165,1736.2,27.68,41.7,1,train
APDA-ROADMAP-POS-0043,25.75733,91.90742,2.55,55.95,160.24,223.03,425.34,0.398,0.282,857.0,20.89,164.2,1,train
APDA-ROADMAP-POS-0126,25.18262,93.0217,14.16,44.42,158.87,227.48,287.13,0.472,0.241,1135.1,36.48,161.6,1,train
APDA-ROADMAP-POS-0205,25.60004,90.58362,4.07,51.0,171.83,342.91,573.36,0.376,0.183,1074.3,27.11,295.1,1,train
APDA-ROADMAP-POS-0053,27.18796,88.36147,5.95,55.93,148.05,256.73,407.98,0.426,0.202,1815.4,38.94,164.8,1,train
APDA-ROADMAP-POS-0546,25.18638,93.02516,2.81,37.9,108.16,212.51,347.11,0.416,0.106,1301.6,30.16,188.6,1,train
APDA-ROADMAP-POS-0069,26.17005,91.75598,7.78,64.62,106.6,161.63,225.85,0.32,0.245,993.1,29.78,175.7,1,train
APDA-ROADMAP-NEG-0741,25.10667,92.35398,0.1,4.98,10.99,22.33,54.21,0.081,-0.137,541.9,4.32,223.7,0,train
APDA-ROADMAP-NEG-0548,25.03801,92.60577,0.54,5.21,7.3,28.52,43.18,0.117,0.003,712.8,6.25,84.2,0,train
APDA-ROADMAP-POS-0184,25.43837,92.19399,13.46,51.1,161.72,313.1,476.92,0.429,0.123,1116.1,28.4,122.5,1,train
APDA-ROADMAP-POS-0138,23.73061,92.71721,8.39,66.17,195.66,274.47,325.67,0.459,0.23,635.7,29.18,161.2,1,train
APDA-ROADMAP-POS-0900,27.03739,88.26317,19.63,40.84,189.24,330.09,497.9,0.39,0.281,1528.0,41.72,192.9,1,train
APDA-ROADMAP-POS-0797,24.78581,93.68303,9.25,68.22,170.28,333.48,387.1,0.419,0.204,448.8,45.84,354.5,1,train
APDA-ROADMAP-POS-0133,27.18725,88.35995,11.68,41.52,183.35,318.82,563.48,0.32,0.236,1693.2,35.26,229.3,1,train
APDA-ROADMAP-POS-0081,25.54069,91.87099,22.69,67.96,150.14,222.15,413.75,0.49,0.098,1245.7,35.68,217.1,1,train
APDA-ROADMAP-NEG-0987,24.84804,93.64163,0.08,1.42,12.36,20.06,48.07,0.184,-0.036,237.9,2.02,217.2,0,train
APDA-ROADMAP-NEG-0541,25.35916,91.44608,0.55,5.82,18.29,23.03,54.61,0.108,-0.027,748.3,1.56,135.6,0,train
APDA-ROADMAP-POS-0542,25.29687,91.71364,16.0,64.67,187.52,233.01,465.19,0.448,0.154,1342.5,46.03,152.3,1,train
APDA-ROADMAP-NEG-0669,25.70965,91.55421,0.19,0.74,3.52,13.9,31.27,0.157,-0.012,112.4,0.99,318.0,0,train
APDA-ROADMAP-POS-0984,25.4425,92.19485,14.31,68.93,214.75,360.17,418.83,0.367,0.127,1082.8,51.19,212.4,1,train
APDA-ROADMAP-POS-0166,25.18993,93.0288,13.67,71.34,112.32,197.99,287.27,0.523,0.207,1103.7,33.59,228.9,1,train
APDA-ROADMAP-POS-0249,26.16974,91.75751,20.14,67.73,179.5,252.31,407.97,0.434,0.177,970.0,43.53,278.4,1,train
APDA-ROADMAP-POS-0447,25.07276,93.15883,3.06,41.49,140.38,304.38,475.4,0.433,0.133,885.8,46.19,74.3,1,train
APDA-ROADMAP-NEG-0515,27.76595,91.3728,0.39,0.68,5.26,13.7,42.09,0.28,-0.024,322.3,1.11,129.1,0,train
APDA-ROADMAP-POS-0859,25.67297,94.11557,9.96,32.55,82.37,235.8,279.04,0.32,0.204,917.8,24.13,173.3,1,train
APDA-ROADMAP-NEG-0212,27.13175,88.35182,0.25,4.2,8.36,28.94,45.96,0.08,-0.019,749.1,4.1,36.6,0,train
APDA-ROADMAP-POS-0098,23.72901,92.72277,10.91,54.64,147.3,287.08,421.04,0.457,0.186,719.1,36.13,208.9,1,train
APDA-ROADMAP-NEG-0974,27.61017,92.84727,0.85,3.66,12.72,30.45,36.76,0.139,-0.044,258.3,4.37,192.9,0,train
APDA-ROADMAP-POS-0738,23.73285,92.71909,11.51,52.78,140.62,188.27,333.22,0.495,0.125,562.9,42.62,193.5,1,train
APDA-ROADMAP-NEG-0256,27.50017,93.13152,0.26,6.9,11.03,32.91,52.25,0.156,-0.066,112.5,3.54,228.9,0,train
APDA-ROADMAP-POS-0103,25.74914,91.89908,17.99,61.75,194.94,365.56,448.37,0.395,0.258,1141.1,35.45,209.7,1,train
APDA-ROADMAP-POS-0435,27.58952,91.86207,14.82,37.5,142.24,225.04,310.13,0.499,0.189,1761.8,32.66,140.5,1,train
APDA-ROADMAP-POS-0075,27.58396,91.86146,9.4,45.26,158.08,220.95,401.3,0.398,0.195,1720.7,31.11,109.4,1,train
APDA-ROADMAP-NEG-0792,27.48249,89.04527,0.49,7.44,18.49,19.36,42.93,0.1,-0.068,792.5,2.27,7.7,0,train
APDA-ROADMAP-NEG-0235,27.8486,91.61173,0.5,2.5,13.67,36.98,65.57,0.089,-0.071,96.3,3.3,28.5,0,train
APDA-ROADMAP-POS-0919,25.67043,94.1109,15.89,75.53,120.77,256.76,386.04,0.464,0.188,1150.7,49.25,229.4,1,train
APDA-ROADMAP-NEG-0712,27.6877,88.37424,0.16,1.13,9.96,12.12,34.21,0.27,-0.025,179.8,7.87,353.2,0,train
APDA-ROADMAP-NEG-0671,27.20539,89.05698,1.58,2.86,3.83,13.59,47.43,0.217,0.011,192.6,2.22,55.3,0,train
APDA-ROADMAP-NEG-0621,25.78919,91.59182,3.37,3.76,3.98,20.62,39.73,0.08,-0.033,594.9,1.52,233.9,0,train
APDA-ROADMAP-POS-0763,25.75329,91.90226,10.99,51.3,121.06,294.48,493.13,0.32,0.186,1191.9,44.4,5.0,1,train
APDA-ROADMAP-POS-0990,26.01261,93.41607,14.19,62.71,93.59,254.79,378.06,0.43,0.13,1043.3,23.77,158.6,1,train
APDA-ROADMAP-POS-0389,26.17898,91.75989,9.19,36.05,123.52,210.48,299.81,0.409,0.113,1011.1,39.95,206.6,1,train
APDA-ROADMAP-POS-0236,27.09791,93.61615,16.99,35.36,136.15,289.49,414.11,0.32,0.081,1659.9,33.11,161.6,1,train
APDA-ROADMAP-NEG-0507,24.91445,92.79347,2.0,8.47,9.77,18.87,27.22,0.214,-0.069,775.8,0.49,71.0,0,train
APDA-ROADMAP-POS-0268,24.82871,92.80635,11.88,33.62,135.24,259.61,371.08,0.482,0.19,458.7,36.59,195.4,1,train
APDA-ROADMAP-NEG-0188,24.49292,93.04363,0.02,0.48,9.97,26.91,40.98,0.151,-0.029,498.4,7.17,170.0,0,train
APDA-ROADMAP-POS-0118,23.73116,92.71053,18.84,56.53,150.34,234.39,436.91,0.414,0.185,412.7,38.15,72.8,1,train
APDA-ROADMAP-NEG-0607,24.84727,92.80764,1.35,1.75,5.1,28.07,58.87,0.242,-0.08,608.6,1.12,164.3,0,train
APDA-ROADMAP-POS-0674,27.35451,92.4152,11.9,42.17,155.39,295.69,382.13,0.431,0.198,1390.4,33.49,202.8,1,train
APDA-ROADMAP-POS-0250,26.00703,93.42259,3.89,31.26,178.87,254.18,446.58,0.39,0.25,1156.7,47.9,10.7,1,train
APDA-ROADMAP-NEG-0453,27.44199,88.08813,0.36,2.47,6.02,25.73,34.53,0.12,-0.04,385.8,1.19,3.3,0,train
APDA-ROADMAP-NEG-0995,27.85319,92.23391,0.46,6.46,18.35,41.33,75.04,0.181,-0.061,498.1,13.58,295.0,0,train
APDA-ROADMAP-POS-0095,27.5829,91.86473,18.51,70.85,103.78,174.6,364.11,0.439,0.153,1360.3,36.38,170.1,1,train
APDA-ROADMAP-POS-0034,27.35309,92.41077,4.68,49.11,195.49,373.33,473.86,0.488,0.116,1426.5,33.59,41.1,1,train
APDA-ROADMAP-NEG-0464,25.63241,92.01014,2.35,9.06,22.93,27.84,45.44,0.205,-0.012,173.7,1.33,101.0,0,train
APDA-ROADMAP-NEG-0668,24.342,92.40607,0.4,3.81,14.48,34.74,57.76,0.08,-0.103,554.5,3.14,106.3,0,train
APDA-ROADMAP-POS-0449,26.17307,91.75844,6.99,40.58,145.46,297.69,478.07,0.454,0.197,1089.1,35.05,191.0,1,train
APDA-ROADMAP-POS-0717,24.78923,93.67858,10.63,32.19,128.49,202.54,245.99,0.331,0.254,658.1,35.81,218.1,1,train
APDA-ROADMAP-NEG-0810,26.45229,92.97687,0.88,1.28,11.09,27.82,51.1,0.093,-0.053,533.5,3.75,166.6,0,train
APDA-ROADMAP-NEG-0518,24.03568,92.52525,0.44,8.34,21.54,42.06,50.11,0.08,-0.033,574.0,12.93,217.2,0,train
APDA-ROADMAP-POS-0001,25.53491,91.86488,8.73,44.0,118.49,288.24,463.45,0.494,0.132,1212.6,41.61,351.2,1,train
APDA-ROADMAP-NEG-0376,26.75647,93.22129,0.36,7.16,14.0,28.65,31.46,0.224,-0.054,202.6,3.1,257.8,0,train
APDA-ROADMAP-NEG-0102,25.74155,92.02723,1.32,1.8,6.15,14.15,27.97,0.08,0.032,627.5,6.17,242.2,0,train
APDA-ROADMAP-NEG-0109,26.54514,91.40276,0.26,3.16,10.71,11.25,19.1,0.08,-0.043,686.8,0.61,158.6,0,train
APDA-ROADMAP-NEG-0227,24.61061,92.95781,0.25,7.94,11.75,18.5,46.89,0.117,-0.074,119.5,3.4,191.9,0,train
APDA-ROADMAP-POS-0083,25.75468,91.90381,13.18,71.4,145.91,245.42,455.97,0.497,0.092,1320.1,34.76,225.6,1,train
APDA-ROADMAP-NEG-0289,25.99881,92.22499,0.72,2.49,14.29,30.37,48.51,0.254,-0.022,211.3,0.49,62.4,0,train
APDA-ROADMAP-POS-0677,24.78117,93.68232,11.09,44.97,93.32,155.14,388.72,0.365,0.236,941.7,46.2,184.8,1,train
APDA-ROADMAP-NEG-0921,25.16069,91.66704,0.37,2.42,9.17,20.62,55.62,0.214,-0.038,632.2,4.36,180.7,0,train
APDA-ROADMAP-NEG-0047,24.58015,92.67506,1.01,5.7,5.98,23.0,26.26,0.214,-0.099,296.6,9.99,277.4,0,train
APDA-ROADMAP-POS-0771,27.68946,88.5824,28.05,52.31,172.77,266.21,397.96,0.32,0.118,1632.3,43.71,191.8,1,train
APDA-ROADMAP-NEG-0947,24.91238,93.63749,0.24,7.41,15.55,28.19,35.4,0.113,-0.089,260.5,2.7,267.1,0,train
APDA-ROADMAP-NEG-0281,25.81363,92.15142,0.15,1.02,8.06,14.04,15.33,0.189,-0.098,636.5,10.77,186.6,0,train
APDA-ROADMAP-NEG-0581,26.01365,91.6462,2.99,9.38,16.47,37.72,66.17,0.116,-0.089,167.0,1.43,351.5,0,train
APDA-ROADMAP-NEG-0489,26.01549,91.46686,0.26,2.63,14.41,27.06,47.03,0.195,-0.037,165.6,0.56,256.5,0,train
APDA-ROADMAP-POS-0405,25.59896,90.5865,6.18,56.71,152.64,210.64,257.88,0.396,0.106,1227.0,40.3,136.4,1,train
APDA-ROADMAP-NEG-0728,25.14778,93.24674,0.35,0.75,8.77,21.62,44.49,0.28,-0.036,157.6,5.44,217.8,0,train
APDA-ROADMAP-NEG-0299,26.16862,93.66464,0.88,3.86,9.08,11.13,13.7,0.105,-0.059,817.4,1.05,75.5,0,train
APDA-ROADMAP-NEG-0341,25.22418,92.25013,0.35,6.77,15.06,23.29,43.71,0.096,-0.045,745.0,3.42,22.1,0,train
APDA-ROADMAP-POS-0105,25.6021,90.58065,15.69,56.86,89.47,248.3,320.94,0.439,0.231,1042.3,39.8,157.7,1,train
APDA-ROADMAP-POS-0689,26.1715,91.75543,9.25,57.82,200.64,289.69,370.74,0.32,0.169,1150.3,33.62,170.2,1,train
APDA-ROADMAP-NEG-0306,25.53668,93.5122,0.22,2.81,3.9,11.71,19.37,0.28,-0.045,393.0,3.2,104.7,0,train
APDA-ROADMAP-POS-0827,25.0707,93.14762,11.99,35.24,128.61,213.48,387.32,0.441,0.263,1254.4,39.13,114.4,1,train
APDA-ROADMAP-POS-0063,25.75974,91.90648,14.43,64.87,194.72,349.7,477.2,0.459,0.168,1246.0,43.57,186.1,1,train
APDA-ROADMAP-POS-0853,27.18432,88.35085,21.87,69.33,162.34,253.21,293.81,0.4,0.184,1428.5,41.66,21.9,1,train
APDA-ROADMAP-NEG-0354,27.67139,92.76635,0.24,5.08,13.5,34.83,38.81,0.154,-0.034,569.3,0.54,336.3,0,train
APDA-ROADMAP-POS-0224,25.4461,92.19299,12.95,57.17,156.04,217.92,352.56,0.32,0.194,1144.4,37.53,204.7,1,train
APDA-ROADMAP-POS-0146,25.18203,93.0279,22.78,67.69,199.25,378.28,506.52,0.485,0.194,1087.0,37.71,104.8,1,train
APDA-ROADMAP-NEG-0089,25.71173,91.40869,0.69,4.09,6.08,17.19,39.57,0.126,-0.031,243.3,4.66,24.2,0,train
APDA-ROADMAP-POS-0374,27.34964,92.41829,5.0,45.84,142.84,184.94,405.8,0.32,0.175,1455.2,24.7,237.0,1,train
APDA-ROADMAP-NEG-0421,25.80829,91.41119,0.57,0.63,0.73,24.25,34.09,0.253,-0.077,582.5,4.0,349.3,0,train
APDA-ROADMAP-NEG-0143,25.58948,92.31439,1.07,5.38,20.24,40.99,45.82,0.08,-0.092,590.6,1.72,356.0,0,train
APDA-ROADMAP-NEG-0827,25.24802,93.37568,0.98,3.8,9.87,16.68,28.57,0.177,-0.025,456.6,5.45,200.7,0,train
APDA-ROADMAP-NEG-0495,27.97391,92.18526,0.08,1.14,6.73,9.99,18.07,0.175,-0.049,313.4,5.77,181.4,0,train
APDA-ROADMAP-NEG-0602,25.65577,92.1043,1.1,6.32,19.95,32.14,66.33,0.178,-0.048,471.7,15.0,57.0,0,train
APDA-ROADMAP-NEG-0271,27.93061,88.43265,0.19,4.38,16.59,23.87,34.81,0.087,-0.037,401.4,1.09,157.3,0,train
APDA-ROADMAP-POS-0010,26.00982,93.42739,9.68,66.8,116.55,162.84,294.21,0.32,0.174,976.8,40.95,171.7,1,train
APDA-ROADMAP-POS-0450,26.01571,93.42465,9.49,42.39,112.6,241.84,483.63,0.329,0.258,1032.4,36.76,238.1,1,train
APDA-ROADMAP-POS-0709,26.17687,91.75591,3.0,46.56,83.82,134.6,300.0,0.32,0.286,1129.0,33.2,232.4,1,train
APDA-ROADMAP-POS-0256,27.10007,93.61817,11.58,52.43,101.11,237.17,469.62,0.45,0.22,1640.9,23.46,224.4,1,train
APDA-ROADMAP-POS-0883,25.76049,91.91186,17.93,68.43,209.59,252.86,379.4,0.394,0.185,1107.6,38.48,313.0,1,train
APDA-ROADMAP-POS-0390,26.01131,93.41873,23.12,62.03,188.81,354.31,474.68,0.422,0.187,1130.8,26.39,53.0,1,train
APDA-ROADMAP-POS-0909,26.17306,91.75953,8.97,24.57,151.77,329.14,375.52,0.429,0.186,1255.4,31.5,148.3,1,train
APDA-ROADMAP-POS-0925,25.60664,90.57919,14.87,73.11,185.73,233.71,414.42,0.32,0.225,1072.5,27.92,231.7,1,train
APDA-ROADMAP-NEG-0704,25.16934,92.34756,1.72,3.68,9.37,25.89,49.46,0.277,-0.08,684.9,1.38,165.8,0,train
APDA-ROADMAP-NEG-0233,26.72638,88.05262,0.03,4.11,5.14,11.06,38.83,0.277,-0.004,447.8,4.55,77.7,0,train
APDA-ROADMAP-POS-0461,25.53012,91.8649,21.4,68.47,204.08,339.43,523.43,0.373,0.116,1107.7,37.89,300.3,1,train
APDA-ROADMAP-NEG-0270,26.34035,93.65284,2.42,8.56,19.11,30.88,46.52,0.113,-0.029,572.5,0.96,156.2,0,train
APDA-ROADMAP-NEG-0760,27.4414,88.71657,1.71,9.46,18.66,39.46,42.12,0.159,-0.052,737.1,3.57,353.6,0,train
APDA-ROADMAP-NEG-0169,26.49792,92.03876,0.4,1.31,4.55,26.6,31.66,0.16,-0.034,575.3,10.67,81.9,0,train
APDA-ROADMAP-POS-0959,25.67296,94.10493,18.06,36.33,127.47,204.12,437.59,0.32,0.141,933.7,38.08,194.4,1,train
APDA-ROADMAP-POS-0502,25.29802,91.71101,4.69,43.18,189.87,295.67,527.7,0.484,0.238,1342.1,42.35,185.2,1,train
APDA-ROADMAP-POS-0740,27.03564,88.26222,6.42,49.3,131.18,207.91,337.39,0.457,0.145,1621.7,34.83,67.7,1,train
APDA-ROADMAP-NEG-0850,26.21847,93.01257,0.12,6.28,17.51,30.58,56.69,0.117,-0.014,578.7,4.68,163.7,0,train
APDA-ROADMAP-POS-0869,26.17331,91.75221,26.88,76.05,116.84,255.14,502.46,0.32,0.187,918.8,31.08,166.0,1,train
APDA-ROADMAP-POS-0732,27.32749,88.61105,15.53,65.77,169.54,310.82,505.91,0.32,0.14,1772.1,32.84,146.2,1,train
APDA-ROADMAP-POS-0540,27.04184,88.26884,12.11,28.74,89.23,226.97,342.65,0.32,0.264,1693.0,36.99,199.1,1,train
APDA-ROADMAP-NEG-0202,25.63628,92.17007,0.65,6.83,11.11,33.26,64.46,0.28,-0.065,281.8,3.72,194.2,0,train
APDA-ROADMAP-POS-0698,23.73154,92.71751,9.55,28.89,73.87,235.81,415.14,0.428,0.256,391.1,37.66,163.3,1,train
APDA-ROADMAP-NEG-0393,27.57036,88.73961,0.7,1.5,9.93,21.75,25.91,0.149,-0.053,642.3,0.79,144.6,0,train
APDA-ROADMAP-NEG-0377,24.43289,93.23434,2.19,10.0,12.34,23.12,44.84,0.11,-0.03,470.2,2.17,17.2,0,train
APDA-ROADMAP-NEG-0146,24.87748,93.26632,4.0,6.33,10.5,18.89,26.98,0.28,0.001,130.8,2.0,224.6,0,train
APDA-ROADMAP-NEG-0032,27.14661,88.23887,0.28,4.48,4.75,23.22,33.73,0.188,0.006,453.3,1.3,93.6,0,train
APDA-ROADMAP-POS-0373,27.1834,88.35604,9.53,48.21,192.22,291.63,497.12,0.475,0.181,1650.8,33.17,206.4,1,train
APDA-ROADMAP-POS-0668,24.83932,92.79994,7.71,36.4,163.54,333.8,506.33,0.483,0.163,481.8,42.7,158.2,1,train
APDA-ROADMAP-NEG-0526,24.80407,93.24211,0.29,6.84,18.98,33.74,48.3,0.156,-0.049,388.6,15.0,24.0,0,train
APDA-ROADMAP-POS-0358,23.72848,92.72023,26.21,43.49,127.33,191.36,257.18,0.444,0.091,827.0,33.82,191.3,1,train
APDA-ROADMAP-POS-0968,24.83081,92.79867,18.99,60.63,136.9,214.36,266.42,0.453,0.08,595.9,38.29,31.8,1,train
APDA-ROADMAP-POS-0784,25.44145,92.19471,10.73,67.63,154.21,231.59,479.01,0.39,0.165,1277.3,48.58,196.1,1,train
APDA-ROADMAP-POS-0736,27.09962,93.61362,9.3,59.85,208.71,322.43,457.3,0.4,0.25,1428.3,31.8,228.1,1,train
APDA-ROADMAP-NEG-0036,26.72663,93.17086,1.45,4.67,14.87,25.7,56.41,0.102,-0.101,483.4,0.51,197.9,0,train
APDA-ROADMAP-POS-0971,27.69559,88.58653,16.44,74.34,161.37,338.09,485.37,0.32,0.11,1556.4,28.7,180.4,1,train
APDA-ROADMAP-NEG-0525,26.08995,90.33678,3.75,9.42,20.1,36.98,65.59,0.28,-0.04,402.4,3.57,99.6,0,train
APDA-ROADMAP-NEG-0487,24.83276,92.76952,0.12,6.5,10.62,29.12,45.64,0.26,-0.012,818.6,7.23,44.7,0,train
APDA-ROADMAP-NEG-0524,25.11045,92.62058,0.0,7.11,19.39,43.64,44.88,0.28,-0.121,540.9,0.4,293.2,0,train
APDA-ROADMAP-NEG-0491,27.32357,88.1968,0.21,2.33,4.23,19.73,23.84,0.099,0.0,476.7,1.73,251.1,0,train
APDA-ROADMAP-NEG-0643,25.95015,91.73802,2.13,3.31,7.56,20.66,35.73,0.125,-0.023,634.7,1.22,288.1,0,train
APDA-ROADMAP-NEG-0253,27.52531,88.6522,0.94,1.88,15.4,17.14,46.45,0.141,-0.077,351.7,7.7,80.9,0,train
APDA-ROADMAP-NEG-0694,26.92898,92.61644,0.51,6.97,10.57,34.69,42.2,0.08,-0.021,504.0,2.96,228.0,0,train
APDA-ROADMAP-NEG-0750,25.71714,93.77115,0.82,1.61,7.91,30.14,35.76,0.101,-0.079,654.0,11.11,230.4,0,train
APDA-ROADMAP-NEG-0237,25.09957,94.12713,0.35,7.01,11.59,22.07,38.26,0.28,-0.031,546.5,9.87,260.0,0,train
APDA-ROADMAP-POS-0886,25.18454,93.02425,6.45,48.73,175.29,251.53,487.58,0.395,0.235,851.4,38.01,164.6,1,train
APDA-ROADMAP-POS-0080,27.03973,88.25877,15.88,55.05,160.17,228.43,436.56,0.416,0.137,1777.4,33.39,155.4,1,train
APDA-ROADMAP-NEG-0173,27.52382,88.15425,0.94,5.87,6.72,15.66,45.71,0.197,-0.068,230.3,8.18,80.9,0,train
APDA-ROADMAP-POS-0815,27.58639,91.86384,7.15,61.26,160.43,258.96,445.62,0.476,0.184,1602.7,32.62,140.3,1,train
APDA-ROADMAP-NEG-0286,24.81282,93.41243,1.87,8.39,13.46,33.8,37.91,0.209,0.002,670.8,13.02,198.5,0,train
APDA-ROADMAP-POS-0672,27.32687,88.61792,10.8,26.91,63.18,229.83,417.67,0.427,0.091,1547.5,30.36,192.8,1,train
APDA-ROADMAP-NEG-0532,27.08737,88.31644,1.05,2.61,17.25,25.02,37.02,0.08,-0.103,694.1,4.03,151.6,0,train
APDA-ROADMAP-POS-0058,23.73301,92.71588,3.1,48.15,93.67,172.19,241.31,0.417,0.211,663.4,37.96,71.2,1,train
APDA-ROADMAP-POS-0134,27.35084,92.41535,8.51,26.6,139.62,268.05,467.09,0.5,0.214,1718.3,28.35,159.8,1,train
APDA-ROADMAP-NEG-0141,25.84512,91.64654,0.01,3.12,18.03,32.77,43.13,0.102,-0.042,448.7,7.97,304.2,0,train
APDA-ROADMAP-POS-0934,27.35339,92.41725,7.46,56.37,202.05,262.66,333.16,0.355,0.155,1807.9,45.67,214.6,1,train
APDA-ROADMAP-NEG-0685,25.91931,91.01977,0.3,2.24,16.7,27.55,56.78,0.151,-0.074,245.0,5.33,342.1,0,train
APDA-ROADMAP-POS-0824,25.44681,92.19516,5.41,58.49,89.53,251.21,302.89,0.482,0.234,839.3,37.63,198.8,1,train
APDA-ROADMAP-NEG-0215,27.29109,92.11468,0.5,8.13,18.37,28.56,47.59,0.139,0.0,821.0,0.91,4.0,0,train
APDA-ROADMAP-POS-0505,25.60585,90.58203,8.0,51.16,131.13,205.5,401.98,0.455,0.185,763.7,29.02,236.2,1,train
APDA-ROADMAP-NEG-0775,27.77176,92.08315,0.37,2.67,11.41,15.84,44.07,0.232,-0.056,242.0,4.38,28.1,0,train
APDA-ROADMAP-POS-0348,24.83186,92.80403,9.58,57.3,146.68,283.12,485.35,0.331,0.143,332.3,36.99,228.1,1,train
APDA-ROADMAP-POS-0387,25.07036,93.15728,9.23,42.53,92.99,134.72,232.12,0.32,0.161,968.6,32.34,137.8,1,train
APDA-ROADMAP-NEG-0025,25.42668,90.18754,0.24,7.39,9.52,14.25,37.62,0.267,-0.102,306.3,7.3,141.0,0,train
APDA-ROADMAP-POS-0895,27.586,91.86372,9.58,28.88,89.92,214.91,450.56,0.351,0.166,1385.0,52.04,154.1,1,train
APDA-ROADMAP-POS-0829,26.17066,91.75645,12.71,49.82,147.79,305.51,384.39,0.418,0.204,962.8,27.31,181.8,1,train
APDA-ROADMAP-NEG-0893,27.44532,87.9753,0.08,2.53,10.06,12.96,16.9,0.08,0.001,334.6,0.73,186.4,0,train
APDA-ROADMAP-POS-0476,27.0945,93.61505,12.06,62.02,195.89,270.36,337.12,0.392,0.184,1684.2,38.13,207.2,1,train
APDA-ROADMAP-NEG-0471,28.01849,88.73964,1.56,2.64,13.33,28.86,43.9,0.083,-0.067,466.4,0.35,101.3,0,train
APDA-ROADMAP-NEG-0448,24.63218,92.63782,0.03,2.46,10.93,29.53,53.25,0.28,-0.02,98.9,0.74,267.7,0,train
APDA-ROADMAP-NEG-0582,24.84222,91.33099,0.47,2.03,14.86,31.5,60.35,0.08,-0.011,509.8,1.23,125.6,0,train
APDA-ROADMAP-POS-0653,27.18371,88.3582,5.2,32.73,148.5,275.0,485.69,0.387,0.222,1612.2,34.9,235.2,1,train
APDA-ROADMAP-POS-0173,27.19242,88.35851,6.04,49.82,168.03,307.67,527.94,0.498,0.232,1556.5,35.53,62.3,1,train
APDA-ROADMAP-NEG-0150,26.34802,93.03695,0.33,5.06,16.31,29.2,56.48,0.08,-0.091,783.9,0.99,214.9,0,train
APDA-ROADMAP-POS-0039,25.66888,94.10715,6.65,36.16,84.82,247.22,346.7,0.441,0.211,1172.3,32.1,214.2,1,train
APDA-ROADMAP-POS-0714,27.35174,92.41873,6.81,42.02,118.65,187.23,414.37,0.32,0.156,1475.8,46.06,238.7,1,train
APDA-ROADMAP-POS-0091,27.69673,88.5808,22.22,73.05,211.96,364.34,460.21,0.399,0.207,1591.8,42.86,186.8,1,train
APDA-ROADMAP-NEG-0937,24.98822,93.96332,0.38,5.09,13.79,21.68,55.36,0.213,-0.063,115.7,6.77,88.4,0,train
APDA-ROADMAP-NEG-0206,25.50313,92.61628,1.65,9.63,16.63,18.78,31.59,0.08,-0.053,563.3,0.27,160.8,0,train
APDA-ROADMAP-POS-0876,27.09791,93.61067,13.81,40.61,89.08,230.38,391.96,0.488,0.153,1604.6,27.99,238.0,1,train
APDA-ROADMAP-NEG-0352,27.62089,88.93412,0.13,4.81,17.37,17.95,26.37,0.08,-0.033,613.3,3.01,268.9,0,train
APDA-ROADMAP-NEG-0890,25.792,93.12378,3.77,8.69,20.85,43.07,71.21,0.08,-0.039,219.0,5.22,62.6,0,train
APDA-ROADMAP-NEG-0094,27.05336,92.88127,0.03,1.41,2.48,15.29,37.27,0.232,-0.069,366.6,2.78,280.6,0,train
APDA-ROADMAP-NEG-0156,26.85624,93.18456,0.72,6.96,12.12,31.75,55.54,0.258,-0.052,778.8,9.75,320.4,0,train
APDA-ROADMAP-NEG-0782,25.10864,91.93739,0.01,7.04,17.93,37.31,50.57,0.2,0.035,592.2,10.57,329.8,0,train
APDA-ROADMAP-NEG-0959,25.50087,93.86617,1.3,4.03,12.45,33.76,55.28,0.1,-0.038,814.5,4.44,267.9,0,train
APDA-ROADMAP-POS-0500,27.04067,88.2669,14.8,36.79,134.91,261.51,480.27,0.457,0.206,1583.4,29.89,176.5,1,train
APDA-ROADMAP-POS-0339,25.6755,94.11227,23.11,39.76,133.1,286.69,465.41,0.32,0.113,1003.4,41.06,239.1,1,train
APDA-ROADMAP-NEG-0189,25.68403,92.11528,1.78,4.39,18.03,40.0,70.24,0.094,-0.11,240.4,6.69,104.9,0,train
APDA-ROADMAP-POS-0029,26.174,91.76126,2.62,54.84,187.63,279.74,352.0,0.32,0.152,1155.0,33.64,173.4,1,train
APDA-ROADMAP-NEG-0218,23.38091,93.21417,1.43,1.92,1.93,13.26,39.37,0.092,-0.028,344.6,4.17,76.2,0,train
APDA-ROADMAP-NEG-0400,27.21868,88.70351,1.58,6.31,18.6,30.43,49.6,0.108,0.076,799.2,0.88,308.6,0,train
APDA-ROADMAP-NEG-0821,25.28794,91.62511,0.58,4.15,11.14,24.29,45.04,0.08,-0.065,516.1,1.29,121.9,0,train
APDA-ROADMAP-POS-0946,25.18679,93.02404,3.24,39.23,128.45,214.03,325.96,0.52,0.105,1173.5,44.81,312.4,1,train
APDA-ROADMAP-POS-0170,26.01908,93.41994,19.17,73.54,213.46,372.5,615.06,0.496,0.181,1036.8,36.27,171.6,1,train
APDA-ROADMAP-NEG-0405,25.18665,90.15852,2.62,7.64,11.08,26.28,33.21,0.08,0.051,684.9,3.6,296.9,0,train
APDA-ROADMAP-NEG-0198,24.0919,92.29364,1.69,5.67,19.62,40.46,65.79,0.158,-0.027,477.1,1.32,35.6,0,train
APDA-ROADMAP-NEG-0254,27.69417,92.14906,1.52,4.22,14.4,29.74,47.63,0.208,-0.017,762.0,2.83,113.1,0,train
APDA-ROADMAP-NEG-0614,27.58287,92.24139,0.73,0.83,1.13,18.32,41.45,0.159,-0.064,373.8,3.29,253.4,0,train
APDA-ROADMAP-POS-0913,27.18136,88.35445,18.63,37.57,161.92,258.96,342.66,0.466,0.243,1746.1,50.26,106.1,1,train
APDA-ROADMAP-POS-0492,27.33691,88.6119,6.76,39.32,168.61,216.53,319.13,0.417,0.18,1729.6,32.38,115.0,1,train
APDA-ROADMAP-POS-0954,27.35401,92.41709,30.06,79.42,168.35,242.68,343.18,0.484,0.148,1480.2,37.05,304.3,1,train
APDA-ROADMAP-NEG-0098,23.4498,92.26334,0.57,7.01,18.4,41.74,58.4,0.178,-0.092,580.5,14.89,227.4,0,train
APDA-ROADMAP-NEG-0033,26.86859,88.65936,1.53,2.69,6.79,7.15,18.32,0.28,0.013,262.6,4.03,213.5,0,train
APDA-ROADMAP-POS-0588,24.83387,92.8007,7.92,67.32,217.14,357.92,526.41,0.433,0.132,511.2,37.41,196.4,1,train
APDA-ROADMAP-POS-0751,27.69252,88.58091,6.06,35.97,85.19,173.77,264.85,0.479,0.19,1614.3,40.5,140.4,1,train
APDA-ROADMAP-POS-0658,23.73269,92.7159,7.51,59.38,163.44,275.97,390.23,0.467,0.08,537.2,26.03,51.9,1,train
APDA-ROADMAP-POS-0235,27.58472,91.86651,6.5,31.02,66.07,162.73,382.65,0.374,0.298,1759.2,39.45,215.7,1,train
APDA-ROADMAP-POS-0733,27.18297,88.35551,3.07,28.91,107.33,189.51,371.03,0.438,0.137,1482.5,45.2,156.9,1,train
APDA-ROADMAP-NEG-0989,25.76643,91.60083,2.02,8.16,15.67,21.12,35.01,0.08,-0.069,510.2,1.66,169.5,0,train
APDA-ROADMAP-NEG-0633,26.75716,87.95497,0.21,2.49,7.42,15.49,41.62,0.189,-0.017,316.0,6.13,207.0,0,train
APDA-ROADMAP-NEG-0157,25.05063,93.18942,0.63,6.69,7.9,16.79,41.7,0.147,-0.112,381.9,14.48,204.2,0,train
APDA-ROADMAP-NEG-0470,26.30782,93.69347,0.14,7.01,11.55,19.17,47.38,0.19,-0.045,568.2,0.79,292.8,0,train
APDA-ROADMAP-NEG-0425,25.86443,90.92318,0.57,5.19,9.25,14.45,19.69,0.173,-0.047,601.3,3.84,100.7,0,train
APDA-ROADMAP-NEG-0628,24.45198,93.11623,0.45,6.89,11.0,30.76,62.49,0.08,-0.102,601.0,0.5,276.8,0,train
APDA-ROADMAP-POS-0935,27.58419,91.86288,13.64,41.6,129.4,197.48,411.38,0.32,0.193,1382.6,32.02,178.5,1,train
APDA-ROADMAP-NEG-0210,26.26109,93.77598,1.93,2.34,9.5,31.33,58.98,0.277,-0.026,417.3,0.79,175.5,0,train
APDA-ROADMAP-NEG-0066,25.44409,93.24839,0.04,6.61,18.35,34.06,49.31,0.259,-0.083,207.2,2.99,245.1,0,train
APDA-ROADMAP-POS-0109,26.17105,91.7536,4.62,52.61,126.89,191.36,277.47,0.32,0.26,935.9,42.17,224.9,1,train
APDA-ROADMAP-NEG-0543,25.30689,92.28829,0.57,7.7,21.45,40.11,47.12,0.121,-0.043,398.6,1.22,324.5,0,train
APDA-ROADMAP-POS-0569,26.17023,91.76005,4.8,54.71,152.57,228.28,377.84,0.368,0.158,1285.0,44.47,163.5,1,train
APDA-ROADMAP-NEG-0168,24.52975,93.05399,0.75,3.75,18.57,38.47,41.83,0.279,-0.088,130.3,4.28,150.0,0,train
APDA-ROADMAP-NEG-0175,27.25858,92.15877,0.39,3.16,11.26,17.75,52.22,0.177,0.021,638.2,2.04,313.8,0,train
APDA-ROADMAP-POS-0891,27.69399,88.58363,14.01,56.89,97.37,252.6,462.0,0.509,0.231,1777.2,39.61,210.1,1,train
APDA-ROADMAP-POS-0948,24.83592,92.80092,12.64,36.37,185.68,254.22,296.4,0.424,0.156,468.1,41.76,196.1,1,train
APDA-ROADMAP-NEG-0049,26.61057,92.25344,1.27,7.43,15.86,23.45,48.64,0.25,-0.019,583.2,0.39,36.5,0,train
APDA-ROADMAP-NEG-0353,27.02305,88.54857,0.44,3.73,12.26,27.74,37.12,0.264,-0.089,380.6,8.22,196.5,0,train
APDA-ROADMAP-NEG-0778,24.14418,92.98235,1.38,2.13,13.4,22.07,52.33,0.28,-0.007,453.8,3.85,337.1,0,train
APDA-ROADMAP-NEG-0447,24.58225,92.77026,0.33,1.58,5.46,29.03,34.67,0.28,-0.032,243.1,13.97,323.3,0,train
APDA-ROADMAP-POS-0885,25.60363,90.58254,13.8,39.95,83.28,155.43,219.95,0.362,0.183,1223.9,31.24,239.5,1,train
APDA-ROADMAP-NEG-0673,27.40671,88.64584,0.6,2.01,10.28,23.63,39.39,0.136,-0.043,339.2,2.61,320.0,0,train
APDA-ROADMAP-POS-0851,27.69204,88.58654,16.23,54.15,118.44,291.94,530.19,0.357,0.192,1796.0,32.34,152.7,1,train
APDA-ROADMAP-POS-0735,27.5855,91.87181,22.36,67.81,106.82,215.24,291.84,0.366,0.248,1559.6,37.17,201.0,1,train
APDA-ROADMAP-POS-0718,23.72948,92.71917,11.16,63.43,135.55,272.2,415.6,0.449,0.141,460.9,35.52,188.6,1,train
APDA-ROADMAP-POS-0455,27.58379,91.86865,9.33,24.44,95.78,234.45,357.0,0.361,0.216,2203.9,39.99,140.9,1,train
APDA-ROADMAP-POS-0265,25.60202,90.58638,13.67,36.72,116.4,266.55,497.44,0.482,0.223,1026.5,23.72,167.5,1,train
APDA-ROADMAP-POS-0076,27.09323,93.61463,13.59,32.22,140.42,302.42,475.61,0.344,0.128,1711.3,23.29,149.7,1,train
APDA-ROADMAP-NEG-0658,23.45334,93.11865,0.6,3.92,5.44,21.18,34.59,0.143,-0.003,326.1,9.03,100.8,0,train
APDA-ROADMAP-POS-0445,25.60151,90.57893,33.42,90.62,190.5,277.17,400.57,0.404,0.267,935.3,32.39,93.7,1,train
APDA-ROADMAP-POS-0396,27.09662,93.61136,20.08,44.0,136.85,195.84,374.29,0.377,0.268,1683.5,30.17,209.1,1,train
APDA-ROADMAP-POS-0177,24.78342,93.67863,45.0,72.63,142.3,220.69,431.19,0.393,0.135,739.9,42.43,219.1,1,train
APDA-ROADMAP-NEG-0043,25.56338,92.35835,0.31,4.9,10.77,31.49,55.37,0.267,-0.046,280.9,11.77,43.2,0,train
APDA-ROADMAP-NEG-0736,26.61552,93.29518,1.91,6.75,14.74,28.53,35.58,0.113,-0.056,820.6,6.96,320.7,0,train
APDA-ROADMAP-NEG-0402,25.48944,92.14815,0.13,4.87,12.39,13.39,22.13,0.28,-0.116,498.6,1.73,277.1,0,train
APDA-ROADMAP-NEG-0381,25.69139,92.06596,0.19,0.89,13.45,35.38,57.67,0.175,-0.044,628.3,4.41,23.0,0,train
APDA-ROADMAP-POS-0596,27.1022,93.61628,14.32,60.6,207.38,311.03,381.92,0.32,0.107,1583.5,33.86,160.8,1,train
APDA-ROADMAP-POS-0062,25.29924,91.71631,8.22,60.68,111.84,211.13,367.09,0.403,0.241,1136.6,34.52,97.4,1,train
APDA-ROADMAP-NEG-0297,25.22613,93.27962,0.58,3.58,9.26,33.91,60.89,0.08,-0.068,778.1,0.26,138.7,0,train
APDA-ROADMAP-POS-0873,27.18602,88.35792,17.3,49.42,99.39,228.39,372.75,0.389,0.155,1459.1,27.05,223.5,1,train
APDA-ROADMAP-NEG-0490,25.82212,92.95839,0.37,7.2,18.25,27.26,50.27,0.182,-0.095,602.0,9.19,338.7,0,train
APDA-ROADMAP-NEG-0879,25.87678,94.3348,0.05,4.55,5.7,16.33,41.16,0.165,0.026,111.7,0.33,22.0,0,train
APDA-ROADMAP-POS-0279,25.67653,94.11539,11.2,58.48,109.41,230.8,358.31,0.465,0.16,975.5,35.0,238.4,1,train
APDA-ROADMAP-POS-0037,24.79265,93.68078,14.92,62.21,189.1,368.93,471.16,0.355,0.116,259.5,33.48,167.5,1,train
APDA-ROADMAP-NEG-0976,26.90242,93.9846,1.68,6.64,8.05,14.52,24.2,0.223,-0.068,389.4,3.22,307.5,0,train
APDA-ROADMAP-POS-0663,25.75408,91.9063,10.73,29.01,132.77,242.81,332.79,0.32,0.177,1097.1,28.47,319.0,1,train
APDA-ROADMAP-NEG-0954,27.57778,92.21547,0.13,5.12,8.32,8.68,32.79,0.124,-0.105,613.1,4.75,300.3,0,train
APDA-ROADMAP-NEG-0445,25.19081,91.06961,2.48,2.61,5.69,20.37,32.92,0.123,-0.043,170.9,0.23,27.7,0,train
APDA-ROADMAP-POS-0978,23.7271,92.7155,22.24,69.65,108.61,205.46,410.41,0.471,0.235,599.4,34.94,202.9,1,train
APDA-ROADMAP-NEG-0572,27.80611,88.18115,0.82,3.82,6.97,23.64,47.36,0.262,-0.019,264.4,3.06,154.2,0,train
APDA-ROADMAP-POS-0739,25.68078,94.11016,16.83,52.25,159.9,305.74,545.15,0.401,0.184,1358.1,34.3,212.9,1,train
APDA-ROADMAP-POS-0192,27.33416,88.60945,14.23,55.7,85.99,245.83,413.93,0.487,0.186,1412.9,40.11,243.5,1,train
APDA-ROADMAP-POS-0920,27.04095,88.26236,16.2,38.4,130.56,249.09,361.2,0.535,0.215,1547.4,40.26,191.7,1,train
APDA-ROADMAP-POS-0457,24.78043,93.68575,4.25,28.82,141.01,296.94,359.94,0.395,0.204,748.1,41.09,187.6,1,train
APDA-ROADMAP-POS-0676,27.09946,93.61703,12.43,53.88,101.14,172.46,330.29,0.377,0.188,1287.5,45.83,181.4,1,train
APDA-ROADMAP-POS-0761,25.52909,91.86997,9.16,38.77,152.12,219.45,359.93,0.329,0.168,1143.1,35.08,192.5,1,train
APDA-ROADMAP-NEG-0808,24.62172,92.61983,2.07,7.22,17.62,20.94,27.69,0.133,-0.084,253.1,2.43,122.8,0,train
APDA-ROADMAP-NEG-0603,25.59249,92.38147,0.56,2.59,6.45,23.25,53.91,0.137,-0.059,713.8,6.57,24.8,0,train
APDA-ROADMAP-POS-0729,26.17557,91.75911,12.03,35.77,67.09,143.04,274.39,0.427,0.196,1046.9,29.59,359.9,1,train
APDA-ROADMAP-POS-0413,27.18355,88.3549,2.55,35.16,70.63,157.33,399.26,0.407,0.128,1415.5,39.84,217.1,1,train
APDA-ROADMAP-NEG-0099,25.18972,94.38665,0.87,5.96,18.74,28.54,58.26,0.154,-0.06,734.5,6.49,258.1,0,train
APDA-ROADMAP-POS-0826,25.18121,93.02665,12.09,28.01,164.59,228.94,400.16,0.523,0.181,1250.9,35.37,298.2,1,train
APDA-ROADMAP-NEG-0640,27.37325,88.63589,3.48,6.81,12.67,24.55,38.83,0.099,-0.047,602.7,4.24,126.1,0,train
APDA-ROADMAP-POS-0617,24.78459,93.68146,12.61,62.74,121.55,189.54,329.12,0.326,0.168,405.4,28.99,163.7,1,train
APDA-ROADMAP-POS-0115,27.58058,91.8667,15.58,48.21,102.24,237.44,315.52,0.32,0.276,1209.7,36.84,193.1,1,train
APDA-ROADMAP-POS-0418,23.7305,92.72014,2.0,23.21,103.29,151.02,390.04,0.474,0.234,442.1,44.28,212.6,1,train
APDA-ROADMAP-NEG-0911,27.94492,88.87627,0.74,7.66,10.09,12.09,26.75,0.14,-0.053,845.6,1.09,37.6,0,train
APDA-ROADMAP-POS-0970,26.01116,93.41776,10.22,69.25,166.43,274.89,507.64,0.382,0.17,1194.8,37.33,164.5,1,train
APDA-ROADMAP-POS-0605,25.60054,90.58505,23.72,50.56,199.97,314.27,535.53,0.498,0.252,1238.0,39.85,142.0,1,train
APDA-ROADMAP-NEG-0919,26.11921,93.92308,0.35,0.65,7.21,29.32,29.72,0.1,-0.088,830.6,15.0,219.2,0,train
APDA-ROADMAP-POS-0090,26.01557,93.42054,18.09,51.54,139.07,299.72,474.6,0.347,0.192,1182.5,30.93,179.5,1,train
APDA-ROADMAP-POS-0849,26.17678,91.75554,2.0,57.34,172.24,220.56,448.61,0.401,0.173,859.9,35.41,150.1,1,train
APDA-ROADMAP-NEG-0520,26.62368,87.8794,2.3,8.94,16.9,38.91,73.27,0.098,-0.025,283.8,1.03,113.2,0,train
APDA-ROADMAP-NEG-0918,23.93725,92.87468,3.04,9.01,21.38,43.23,61.72,0.117,-0.044,199.7,0.39,354.9,0,train
APDA-ROADMAP-POS-0754,27.35221,92.42529,16.84,55.39,192.26,245.29,345.64,0.347,0.2,1526.8,35.48,226.0,1,train
APDA-ROADMAP-POS-0499,25.6726,94.1096,27.21,67.26,213.67,297.66,446.9,0.396,0.243,1025.0,35.04,162.3,1,train
APDA-ROADMAP-NEG-0277,24.38675,93.47193,1.17,3.12,14.39,17.13,46.95,0.147,-0.035,462.0,15.0,85.4,0,train
APDA-ROADMAP-NEG-0326,24.73942,92.56695,0.21,0.21,5.6,6.18,21.41,0.277,-0.051,627.1,2.78,26.3,0,train
APDA-ROADMAP-POS-0012,27.32982,88.61398,2.1,48.34,148.07,216.04,424.91,0.445,0.204,1575.5,37.69,163.0,1,val
APDA-ROADMAP-POS-0397,24.78657,93.68789,10.84,63.93,162.22,242.8,430.56,0.405,0.228,685.2,23.76,200.6,1,val
APDA-ROADMAP-POS-0285,25.60195,90.58318,5.48,44.35,181.74,301.89,469.65,0.422,0.276,1041.5,35.97,140.3,1,val
APDA-ROADMAP-NEG-0067,25.37837,92.80175,0.83,0.83,4.08,28.99,54.47,0.203,-0.036,362.9,13.85,2.1,0,val
APDA-ROADMAP-NEG-0192,26.97451,88.25012,1.54,7.1,8.8,10.66,16.33,0.225,-0.08,557.9,0.2,9.9,0,val
APDA-ROADMAP-NEG-0745,25.81799,90.3925,0.18,4.25,14.97,25.93,59.62,0.08,-0.077,484.9,0.17,5.8,0,val
APDA-ROADMAP-POS-0691,27.6931,88.5844,4.5,48.67,125.79,269.09,500.61,0.494,0.178,1928.8,32.7,227.6,1,val
APDA-ROADMAP-NEG-0753,27.41507,87.94347,0.07,1.98,9.07,30.24,56.96,0.175,-0.05,380.9,4.19,49.2,0,val
APDA-ROADMAP-NEG-0876,26.63667,93.27387,0.48,3.09,10.94,34.94,47.03,0.08,-0.061,632.5,0.27,322.5,0,val
APDA-ROADMAP-POS-0690,26.01301,93.42117,8.48,30.67,82.1,206.59,404.3,0.465,0.183,1359.6,21.76,152.0,1,val
APDA-ROADMAP-POS-0852,27.33203,88.61725,5.37,45.28,117.84,262.54,449.97,0.389,0.151,1443.1,44.11,190.9,1,val
APDA-ROADMAP-POS-0160,27.04091,88.26001,11.17,69.72,106.63,275.84,435.08,0.417,0.229,1674.0,34.8,53.7,1,val
APDA-ROADMAP-POS-0896,27.09798,93.60756,8.35,60.46,210.33,302.17,346.4,0.44,0.199,1570.6,42.59,172.0,1,val
APDA-ROADMAP-NEG-0576,26.80663,93.38757,0.4,2.79,11.98,26.0,40.24,0.162,-0.126,305.6,1.91,121.4,0,val
APDA-ROADMAP-POS-0258,23.73209,92.71431,11.67,50.29,173.38,350.23,483.54,0.343,0.257,184.2,32.4,225.5,1,val
APDA-ROADMAP-POS-0336,27.09785,93.61891,6.48,32.5,63.15,178.02,242.52,0.464,0.155,1600.6,32.93,176.4,1,val
APDA-ROADMAP-NEG-0880,26.70259,88.59125,0.03,6.44,14.61,31.78,34.42,0.08,-0.117,697.4,5.05,132.6,0,val
APDA-ROADMAP-NEG-0040,27.24402,88.65319,0.04,7.25,13.48,31.92,63.39,0.268,-0.054,683.6,0.44,219.6,0,val
APDA-ROADMAP-POS-0516,27.09568,93.61233,2.29,22.99,137.22,267.66,379.53,0.509,0.132,1685.1,31.45,192.5,1,val
APDA-ROADMAP-NEG-0349,26.53598,91.48269,0.31,4.06,10.51,25.63,43.46,0.26,-0.012,630.4,2.99,187.2,0,val
APDA-ROADMAP-NEG-0016,27.49153,93.4329,0.12,6.46,17.16,20.1,43.4,0.155,0.016,573.8,9.58,199.9,0,val
APDA-ROADMAP-POS-0769,26.17211,91.75875,10.29,41.95,134.55,276.72,470.26,0.394,0.109,1279.8,41.86,210.2,1,val
APDA-ROADMAP-NEG-0747,24.81238,92.6735,0.17,0.78,3.1,9.72,34.53,0.128,0.009,644.3,7.35,310.6,0,val
APDA-ROADMAP-POS-0762,25.29928,91.71262,10.94,41.45,118.34,236.61,346.65,0.353,0.198,1155.5,35.0,228.7,1,val
APDA-ROADMAP-NEG-0247,25.45609,92.95611,0.97,2.21,5.54,25.88,34.83,0.214,0.011,484.2,1.13,160.3,0,val
APDA-ROADMAP-NEG-0204,25.65955,92.02813,1.36,2.26,12.79,37.03,41.6,0.111,-0.006,808.5,4.63,141.8,0,val
APDA-ROADMAP-NEG-0468,24.38639,92.47534,0.17,5.1,17.01,28.44,35.11,0.28,-0.069,514.6,7.3,3.5,0,val
APDA-ROADMAP-NEG-0984,25.85164,92.65618,0.36,8.06,11.16,34.02,62.85,0.224,-0.051,182.8,3.32,118.1,0,val
APDA-ROADMAP-POS-0522,25.29595,91.70709,14.88,46.1,112.72,171.97,404.4,0.427,0.115,932.0,37.77,165.0,1,val
APDA-ROADMAP-POS-0023,25.75262,91.90632,7.87,27.66,177.55,310.75,487.28,0.409,0.171,1178.6,37.3,358.9,1,val
APDA-ROADMAP-POS-0357,24.78247,93.68387,15.43,37.16,123.49,265.92,442.68,0.42,0.237,429.3,29.1,197.5,1,val
APDA-ROADMAP-NEG-0278,23.57862,92.47089,0.24,7.63,15.31,26.48,46.29,0.08,-0.064,485.7,2.07,331.9,0,val
APDA-ROADMAP-NEG-0313,26.90458,88.84381,0.23,4.53,13.26,37.45,55.12,0.265,-0.079,274.9,1.42,56.6,0,val
APDA-ROADMAP-NEG-0683,26.14113,91.55173,0.11,4.13,11.13,12.98,44.29,0.233,-0.056,631.4,15.0,240.1,0,val
APDA-ROADMAP-POS-0341,25.5373,91.86644,25.4,64.4,177.88,245.24,376.88,0.32,0.184,969.4,36.51,215.0,1,val
APDA-ROADMAP-POS-0432,27.33014,88.6156,14.3,71.98,134.79,178.9,288.08,0.381,0.239,1582.1,23.38,194.2,1,val
APDA-ROADMAP-POS-0474,27.35264,92.41589,18.41,64.22,123.95,228.39,403.81,0.35,0.114,1574.1,37.51,239.0,1,val
APDA-ROADMAP-POS-0218,23.72772,92.71825,7.77,26.84,116.6,178.74,309.48,0.407,0.25,799.6,37.55,171.6,1,val
APDA-ROADMAP-POS-0912,27.32893,88.62224,17.88,77.02,204.06,264.61,392.13,0.32,0.162,1535.0,34.26,155.8,1,val
APDA-ROADMAP-NEG-0228,25.2219,93.08835,0.44,6.88,7.44,11.2,11.63,0.114,-0.052,493.8,5.71,88.6,0,val
APDA-ROADMAP-NEG-0597,25.13022,93.90232,0.36,5.01,17.96,27.28,30.78,0.197,-0.067,545.6,1.41,256.6,0,val
APDA-ROADMAP-NEG-0012,27.68402,88.95424,0.14,7.46,10.69,14.82,49.72,0.091,0.001,533.7,6.85,220.0,0,val
APDA-ROADMAP-NEG-0950,25.67916,93.85084,0.03,3.19,11.39,30.89,62.34,0.08,-0.002,454.0,0.48,250.0,0,val
APDA-ROADMAP-POS-0094,27.35582,92.41961,16.37,75.66,147.9,277.26,416.78,0.442,0.194,1542.2,33.96,286.3,1,val
APDA-ROADMAP-NEG-0009,25.97336,91.93598,0.91,8.52,13.13,33.24,62.36,0.258,-0.005,320.5,1.94,216.6,0,val
APDA-ROADMAP-NEG-0071,27.22914,88.20305,0.24,1.29,8.24,19.58,34.0,0.08,-0.02,432.3,4.17,112.0,0,val
APDA-ROADMAP-NEG-0093,26.93833,87.94387,0.18,3.49,13.13,16.15,25.04,0.224,0.004,104.4,3.19,75.7,0,val
APDA-ROADMAP-NEG-0915,27.41696,92.15305,2.42,8.47,22.41,47.15,48.61,0.143,-0.073,585.8,7.38,129.2,0,val
APDA-ROADMAP-NEG-0309,25.73358,91.35481,0.15,6.02,16.9,23.61,55.83,0.28,-0.019,770.4,3.62,338.9,0,val
APDA-ROADMAP-POS-0697,24.78493,93.68261,10.27,35.9,84.59,172.91,266.21,0.392,0.147,446.2,34.31,211.9,1,val
APDA-ROADMAP-NEG-0828,24.58336,92.49756,0.23,0.71,13.63,31.89,34.28,0.08,-0.081,614.1,1.55,350.4,0,val
APDA-ROADMAP-POS-0997,24.77995,93.68521,11.62,42.92,139.57,254.93,469.36,0.464,0.166,426.0,32.62,182.4,1,val
APDA-ROADMAP-POS-0154,27.35024,92.41689,4.22,45.31,150.52,239.98,422.67,0.32,0.212,1464.3,34.4,27.1,1,val
APDA-ROADMAP-NEG-0100,27.20762,87.93538,0.81,7.72,10.93,33.96,53.8,0.169,-0.096,754.0,8.84,308.8,0,val
APDA-ROADMAP-NEG-0719,25.84268,93.65537,2.05,3.94,17.62,34.83,54.03,0.08,-0.043,838.2,1.1,276.6,0,val
APDA-ROADMAP-NEG-0998,24.07039,92.96362,1.59,6.37,7.88,9.92,16.85,0.223,-0.062,260.5,6.58,157.2,0,val
APDA-ROADMAP-POS-0790,26.01691,93.42311,5.81,25.04,147.56,199.32,365.2,0.32,0.197,1083.9,40.3,203.2,1,val
APDA-ROADMAP-POS-0581,25.53256,91.87278,26.92,78.02,162.62,234.51,373.73,0.525,0.231,889.6,34.33,22.8,1,val
APDA-ROADMAP-POS-0704,25.44237,92.19818,13.72,35.77,98.31,156.16,392.32,0.461,0.124,1311.2,37.66,214.3,1,val
APDA-ROADMAP-NEG-0213,27.49961,88.56011,2.03,7.88,11.59,17.35,37.87,0.217,-0.043,462.6,10.9,309.4,0,val
APDA-ROADMAP-NEG-0296,27.50908,93.24032,0.03,1.33,9.49,12.05,45.8,0.207,-0.076,296.3,3.85,291.7,0,val
APDA-ROADMAP-NEG-0666,24.82634,93.35437,1.25,5.87,11.68,28.09,60.12,0.147,-0.047,693.9,1.26,281.9,0,val
APDA-ROADMAP-NEG-0261,25.98782,92.06847,0.08,4.46,5.81,12.87,27.0,0.212,0.022,690.5,7.5,13.0,0,val
APDA-ROADMAP-POS-0488,24.83509,92.80519,8.41,31.29,83.93,250.14,454.76,0.37,0.24,546.1,50.32,179.4,1,val
APDA-ROADMAP-POS-0560,27.04111,88.26678,9.84,24.97,122.77,261.33,419.38,0.32,0.22,1762.6,34.41,160.6,1,val
APDA-ROADMAP-NEG-0142,25.63164,91.5522,1.37,2.25,9.67,24.78,41.63,0.08,-0.031,121.9,0.76,318.6,0,val
APDA-ROADMAP-NEG-0120,26.59754,88.07452,1.34,6.81,16.73,31.3,49.79,0.08,-0.076,448.4,1.97,174.3,0,val
APDA-ROADMAP-POS-0802,25.29671,91.70494,6.27,23.33,153.92,308.0,382.13,0.416,0.177,1530.2,38.92,216.2,1,val
APDA-ROADMAP-POS-0513,27.18679,88.36086,9.55,47.36,119.0,260.77,444.84,0.426,0.21,1613.9,30.21,180.0,1,val
APDA-ROADMAP-POS-0634,27.35083,92.41761,22.99,70.38,171.54,330.38,484.59,0.469,0.111,1453.2,34.36,151.2,1,val
APDA-ROADMAP-NEG-0922,25.75048,91.32975,0.42,3.6,12.37,30.28,48.0,0.21,0.017,224.8,7.35,177.3,0,val
APDA-ROADMAP-NEG-0788,25.15789,92.50624,0.18,5.86,7.1,20.04,41.82,0.237,-0.066,104.8,1.11,232.0,0,val
APDA-ROADMAP-NEG-0546,24.76447,92.58812,1.87,9.17,12.21,36.42,54.56,0.28,-0.093,456.1,0.21,120.3,0,val
APDA-ROADMAP-NEG-0151,28.16982,88.79097,1.55,4.71,10.88,34.25,57.74,0.14,-0.022,310.5,0.98,239.8,0,val
APDA-ROADMAP-POS-0791,27.68916,88.58301,9.05,39.3,152.05,304.78,529.07,0.433,0.274,1458.9,26.31,184.2,1,val
APDA-ROADMAP-POS-0117,24.78066,93.68717,10.46,37.36,72.11,127.26,217.72,0.445,0.178,590.9,37.97,193.3,1,val
APDA-ROADMAP-POS-0741,25.53798,91.86797,4.33,53.11,144.34,212.48,431.06,0.32,0.103,1021.4,36.2,97.8,1,val
APDA-ROADMAP-NEG-0691,27.90152,88.95649,0.55,7.07,9.8,19.65,36.89,0.201,-0.041,541.6,3.33,301.5,0,val
APDA-ROADMAP-NEG-0082,25.61515,91.52445,1.43,6.18,19.19,21.98,47.94,0.179,-0.057,535.6,9.64,311.6,0,val
APDA-ROADMAP-POS-0831,27.69864,88.58171,10.29,30.61,90.58,234.36,351.34,0.484,0.107,1839.6,45.84,219.8,1,val
APDA-ROADMAP-POS-0120,27.0386,88.26447,14.72,48.52,109.4,219.78,291.66,0.458,0.185,1561.1,35.91,167.0,1,val
APDA-ROADMAP-POS-0657,24.78935,93.68394,10.64,48.91,106.92,210.1,291.25,0.516,0.147,718.8,47.57,164.0,1,val
APDA-ROADMAP-NEG-0908,25.32612,92.44429,1.3,6.05,19.0,23.53,50.28,0.149,0.005,519.9,11.39,357.5,0,val
APDA-ROADMAP-POS-0636,27.0933,93.61403,12.04,45.8,108.65,201.95,341.92,0.384,0.169,1956.3,23.8,160.9,1,val
APDA-ROADMAP-POS-0370,26.01177,93.42276,11.76,61.74,200.94,302.31,359.42,0.357,0.219,836.0,25.08,192.6,1,val
APDA-ROADMAP-POS-0269,26.16405,91.75698,10.21,60.86,150.72,231.11,308.89,0.496,0.279,1198.1,33.96,209.2,1,val
APDA-ROADMAP-POS-0656,27.10343,93.61922,18.03,66.95,126.46,201.91,264.85,0.368,0.209,1579.5,35.18,152.8,1,val
APDA-ROADMAP-POS-0936,27.10118,93.61137,5.64,31.84,64.23,143.23,268.99,0.399,0.162,1594.6,33.32,169.6,1,val
APDA-ROADMAP-POS-0823,25.75423,91.90371,6.39,38.5,172.22,216.64,329.56,0.466,0.133,1214.6,37.09,293.3,1,val
APDA-ROADMAP-POS-0867,25.07865,93.15107,8.84,58.56,126.83,239.21,406.56,0.464,0.104,1324.8,31.76,217.7,1,val
APDA-ROADMAP-POS-0047,25.07304,93.15565,12.83,58.55,106.47,281.09,358.56,0.443,0.08,1069.7,31.74,192.0,1,val
APDA-ROADMAP-NEG-0374,27.15347,92.75936,0.78,5.22,14.86,35.34,41.89,0.126,-0.023,148.1,2.07,111.3,0,val
APDA-ROADMAP-NEG-0709,26.44589,92.05148,0.58,4.69,14.21,24.36,28.83,0.208,-0.067,741.3,9.71,347.9,0,val
APDA-ROADMAP-POS-0992,27.33184,88.61514,13.77,39.1,133.61,283.06,411.06,0.448,0.228,1383.6,35.9,203.0,1,val
APDA-ROADMAP-POS-0877,24.7806,93.68059,8.08,33.3,73.33,127.58,369.06,0.347,0.114,745.2,28.7,174.1,1,val
APDA-ROADMAP-POS-0774,27.35252,92.42375,6.73,22.78,134.81,213.06,353.04,0.455,0.2,1764.7,31.43,189.6,1,val
APDA-ROADMAP-NEG-0220,26.63199,88.68623,0.05,4.03,12.22,20.71,48.58,0.14,0.001,199.9,7.51,267.9,0,val
APDA-ROADMAP-NEG-1000,26.82891,87.78931,1.37,8.21,11.64,17.9,38.61,0.161,-0.06,692.4,11.64,274.8,0,val
APDA-ROADMAP-POS-0005,25.59817,90.5806,11.74,45.02,172.71,236.08,280.85,0.362,0.181,962.1,38.73,169.4,1,val
APDA-ROADMAP-NEG-0004,25.03482,91.9998,1.25,6.12,10.2,20.59,29.2,0.103,-0.011,238.3,2.72,268.5,0,val
APDA-ROADMAP-NEG-0724,25.28735,92.34829,0.02,6.51,20.08,33.19,46.2,0.15,-0.009,841.5,10.82,22.9,0,val
APDA-ROADMAP-POS-0264,25.4413,92.19313,9.44,44.07,143.56,256.01,439.01,0.358,0.234,1006.8,31.28,293.3,1,val
APDA-ROADMAP-NEG-0570,25.56757,93.04854,0.5,6.31,20.86,33.55,35.44,0.275,-0.006,485.8,2.37,38.8,0,val
APDA-ROADMAP-NEG-0831,27.28999,88.84962,1.0,1.31,12.0,19.49,35.67,0.08,-0.106,223.1,14.02,128.4,0,val
APDA-ROADMAP-POS-0444,25.44595,92.19279,17.2,56.01,140.26,310.68,392.48,0.526,0.167,901.7,40.67,166.5,1,val
APDA-ROADMAP-NEG-0003,26.17707,91.5934,1.16,5.05,10.31,32.98,44.88,0.28,-0.015,426.2,5.78,9.7,0,val
APDA-ROADMAP-NEG-0078,24.18856,92.24625,4.0,8.2,18.41,33.52,40.63,0.247,-0.094,136.0,7.65,353.3,0,val
APDA-ROADMAP-POS-0838,23.7288,92.71986,7.15,40.38,157.24,210.1,402.36,0.32,0.258,582.5,30.36,59.5,1,val
APDA-ROADMAP-NEG-0791,28.15289,88.86473,0.66,7.84,22.38,40.21,45.89,0.135,-0.106,102.5,12.33,311.5,0,val
APDA-ROADMAP-POS-0305,25.60352,90.58633,15.19,43.14,80.86,169.9,246.88,0.356,0.146,1293.1,32.02,169.0,1,val
APDA-ROADMAP-NEG-0366,24.93965,93.27462,0.63,8.25,19.09,24.19,42.76,0.16,-0.05,127.4,1.75,215.1,0,val
APDA-ROADMAP-NEG-0558,23.957,93.08408,2.11,2.74,7.68,12.44,29.73,0.139,-0.015,390.0,0.81,7.6,0,val
APDA-ROADMAP-POS-0314,27.35097,92.41331,6.04,29.96,159.11,338.66,399.31,0.433,0.171,1693.2,42.81,198.2,1,val
APDA-ROADMAP-POS-0150,26.01586,93.41852,13.88,47.35,97.5,241.21,446.0,0.438,0.147,1096.9,31.69,141.2,1,val
APDA-ROADMAP-NEG-0149,25.74901,91.49473,0.66,4.3,7.94,30.98,60.63,0.08,0.02,152.8,3.45,118.4,0,val
APDA-ROADMAP-NEG-0214,27.5864,92.02555,2.57,9.09,17.82,26.62,53.6,0.184,-0.038,736.0,0.53,292.4,0,val
APDA-ROADMAP-POS-0575,27.5858,91.86256,9.4,30.19,68.52,247.6,421.24,0.364,0.162,1629.3,43.35,145.2,1,val
APDA-ROADMAP-POS-0051,27.69169,88.58392,12.67,52.55,94.19,252.6,422.12,0.388,0.232,1633.8,41.66,238.2,1,val
APDA-ROADMAP-NEG-0553,27.56032,87.96051,1.79,6.3,10.23,21.68,28.61,0.08,-0.061,774.5,0.61,308.6,0,val
APDA-ROADMAP-POS-0727,25.07417,93.15419,12.97,59.32,94.93,260.56,376.42,0.494,0.171,1086.9,34.12,180.7,1,val
APDA-ROADMAP-POS-0834,27.34924,92.41527,11.1,45.71,168.53,208.63,353.84,0.4,0.192,1599.9,35.63,163.9,1,val
APDA-ROADMAP-NEG-0378,23.385,93.20761,1.27,2.22,11.84,32.84,60.38,0.1,-0.079,189.0,9.08,203.1,0,val
APDA-ROADMAP-NEG-0116,27.30032,93.16554,1.74,9.32,12.9,27.09,28.51,0.08,-0.044,337.6,4.34,246.4,0,val
APDA-ROADMAP-NEG-0167,25.5447,93.63948,0.26,3.87,8.99,30.99,49.12,0.201,0.006,128.0,2.41,324.6,0,val
APDA-ROADMAP-POS-0471,27.69208,88.58977,12.98,67.2,151.98,202.76,405.05,0.468,0.161,1306.0,34.87,183.8,1,val
APDA-ROADMAP-POS-0972,27.33606,88.61796,27.47,60.53,100.02,248.97,323.14,0.32,0.17,1572.6,37.98,170.4,1,val
APDA-ROADMAP-POS-0654,27.35162,92.41248,14.17,37.75,109.64,204.55,401.63,0.471,0.193,1707.4,36.45,206.8,1,val
APDA-ROADMAP-POS-0400,27.03975,88.26468,9.93,69.21,181.66,232.75,463.4,0.397,0.206,1452.7,41.94,96.2,1,val
APDA-ROADMAP-POS-0512,27.33263,88.61649,2.0,44.58,153.38,309.34,437.69,0.406,0.178,1671.6,33.53,145.9,1,val
APDA-ROADMAP-POS-0321,25.52846,91.86716,18.74,73.76,216.72,287.45,348.47,0.509,0.18,1271.7,39.39,177.7,1,val
APDA-ROADMAP-POS-0020,27.0359,88.25996,20.13,56.1,148.82,295.77,503.61,0.491,0.101,1604.9,27.59,149.5,1,val
APDA-ROADMAP-POS-0685,25.60327,90.58153,11.23,26.24,87.14,195.4,407.86,0.421,0.138,1220.7,50.07,205.4,1,val
APDA-ROADMAP-POS-0036,27.09934,93.61258,8.04,46.2,157.47,201.62,325.9,0.47,0.261,1407.6,40.14,144.9,1,val
APDA-ROADMAP-POS-0903,25.75529,91.90843,2.68,40.75,164.72,320.54,461.09,0.422,0.22,1284.8,44.13,136.2,1,val
APDA-ROADMAP-NEG-0779,26.09693,94.50765,2.12,8.34,8.86,27.75,37.19,0.197,-0.041,506.1,0.39,310.6,0,val
APDA-ROADMAP-POS-0828,24.83804,92.79861,5.04,40.77,99.33,204.33,422.78,0.499,0.148,878.8,34.97,179.0,1,val
APDA-ROADMAP-NEG-0854,27.5306,92.85495,3.4,3.96,5.08,10.0,25.65,0.117,-0.03,735.8,14.41,298.0,0,val
APDA-ROADMAP-POS-0408,24.83009,92.79958,6.62,62.86,198.47,353.12,543.05,0.365,0.211,405.1,34.84,141.0,1,val
APDA-ROADMAP-POS-0921,25.53574,91.87041,20.26,55.02,110.26,251.74,319.66,0.401,0.137,1050.9,28.74,195.8,1,val
APDA-ROADMAP-POS-0538,23.72787,92.71376,10.28,27.78,173.81,238.24,283.84,0.42,0.158,662.9,25.72,184.1,1,val
APDA-ROADMAP-POS-0759,25.67303,94.10829,11.08,53.0,169.42,294.96,491.61,0.391,0.26,1209.0,31.72,220.7,1,val
APDA-ROADMAP-NEG-0905,25.9103,90.96976,0.49,0.71,6.96,25.08,49.72,0.08,-0.035,289.4,2.43,287.6,0,val
APDA-ROADMAP-NEG-0063,26.08566,91.42978,0.6,3.23,4.72,27.75,61.1,0.246,-0.095,255.2,5.44,203.9,0,val
APDA-ROADMAP-NEG-0200,26.85571,88.65287,1.82,6.87,17.68,32.18,38.29,0.097,-0.059,678.3,2.25,91.7,0,val
APDA-ROADMAP-POS-0246,25.19086,93.02606,13.87,58.03,92.89,202.28,379.74,0.32,0.104,1150.8,33.1,205.9,1,val
APDA-ROADMAP-NEG-0417,24.45055,93.31261,0.54,0.89,15.49,33.79,47.56,0.141,-0.068,473.0,1.76,285.7,0,val
APDA-ROADMAP-NEG-0128,25.11669,92.32347,0.31,1.59,5.65,27.33,54.63,0.236,-0.014,402.3,6.39,214.1,0,val
APDA-ROADMAP-POS-0785,25.59889,90.58229,8.39,62.24,132.6,236.95,410.49,0.32,0.109,995.0,20.0,212.0,1,val
APDA-ROADMAP-NEG-0743,25.37209,91.74402,0.29,6.67,13.64,25.61,59.56,0.129,-0.098,803.9,3.88,33.2,0,val
APDA-ROADMAP-POS-0490,26.01626,93.42521,18.21,76.34,132.48,174.98,306.8,0.378,0.173,1108.4,25.76,201.1,1,val
APDA-ROADMAP-POS-0155,27.58251,91.85967,16.35,32.63,129.67,209.22,374.53,0.33,0.224,1752.9,43.04,158.4,1,val
APDA-ROADMAP-POS-0962,25.30031,91.70805,6.7,46.09,95.33,189.71,257.96,0.452,0.177,1147.4,30.54,174.8,1,val
APDA-ROADMAP-POS-0854,27.3532,92.41988,2.42,53.47,158.47,212.59,312.83,0.458,0.151,1491.3,28.63,186.2,1,val
APDA-ROADMAP-NEG-0312,27.1202,88.82491,0.14,2.99,13.12,32.94,45.05,0.251,0.016,113.6,0.49,86.5,0,val
APDA-ROADMAP-POS-0626,25.19009,93.02341,5.76,45.76,189.41,334.34,535.78,0.448,0.227,986.4,26.54,191.3,1,val
APDA-ROADMAP-POS-0686,25.1822,93.01952,7.98,61.43,173.32,213.95,297.15,0.428,0.173,1005.6,29.07,228.6,1,val
APDA-ROADMAP-NEG-0562,25.66785,91.33665,1.74,9.3,21.87,31.71,51.69,0.08,0.037,520.6,4.69,209.4,0,val
APDA-ROADMAP-POS-0570,26.01232,93.41921,18.81,59.37,166.97,268.65,320.02,0.365,0.144,1070.5,52.52,154.3,1,val
APDA-ROADMAP-NEG-0909,25.77721,91.9974,0.42,7.16,11.54,34.37,60.51,0.147,-0.035,221.4,2.56,84.6,0,val
APDA-ROADMAP-POS-0018,23.72988,92.71173,10.27,38.63,182.49,350.78,491.77,0.349,0.221,599.2,46.73,176.8,1,val
APDA-ROADMAP-POS-0128,24.83465,92.79387,15.16,52.49,192.8,237.36,291.43,0.43,0.116,432.3,36.4,158.1,1,val
APDA-ROADMAP-NEG-0347,25.22452,92.83247,0.62,4.38,11.37,29.29,63.99,0.266,-0.016,319.6,1.65,4.2,0,val
APDA-ROADMAP-NEG-0280,26.78541,88.44361,0.12,5.55,14.78,18.98,42.56,0.256,-0.058,274.9,0.34,183.4,0,val
APDA-ROADMAP-NEG-0969,25.98222,91.91809,1.52,6.21,8.62,19.63,41.92,0.112,-0.019,594.2,4.45,105.5,0,val
APDA-ROADMAP-POS-0928,24.83306,92.79752,29.05,56.15,103.56,165.02,393.1,0.472,0.138,589.7,32.06,265.3,1,val
APDA-ROADMAP-POS-0981,25.5337,91.86464,8.48,33.12,84.09,256.3,495.78,0.424,0.134,1036.3,39.46,225.0,1,val
APDA-ROADMAP-NEG-0965,25.80832,90.43215,0.58,4.96,10.0,26.43,31.42,0.231,-0.016,214.5,0.09,203.1,0,val
APDA-ROADMAP-POS-0191,27.69328,88.58393,6.27,46.12,125.26,242.64,373.43,0.32,0.144,1524.9,25.43,111.7,1,val
APDA-ROADMAP-NEG-0140,27.24407,88.58413,0.01,4.99,9.4,30.99,40.91,0.138,-0.074,727.4,1.25,69.4,0,val
APDA-ROADMAP-POS-0993,27.18584,88.36227,15.48,40.91,77.7,156.56,225.3,0.502,0.187,1770.0,45.23,260.8,1,val
APDA-ROADMAP-NEG-0956,27.41236,93.88665,0.74,2.2,13.88,20.06,41.85,0.08,-0.034,673.6,4.33,72.0,0,val
APDA-ROADMAP-NEG-0657,24.32267,94.04807,0.12,6.79,12.54,34.05,50.1,0.13,-0.065,823.3,10.37,31.7,0,val
APDA-ROADMAP-POS-0607,25.07233,93.15345,6.44,40.86,121.0,215.13,457.59,0.51,0.233,1015.5,32.42,163.0,1,val
APDA-ROADMAP-POS-0181,25.53544,91.86896,5.27,36.15,152.6,273.67,416.89,0.444,0.088,1253.1,31.94,203.9,1,val
APDA-ROADMAP-POS-0302,25.29971,91.7116,29.72,83.44,143.5,318.51,422.82,0.465,0.225,1024.8,36.39,214.6,1,val
APDA-ROADMAP-POS-0497,24.78327,93.68441,23.44,79.7,167.08,317.36,398.33,0.32,0.121,744.3,42.67,203.7,1,val
APDA-ROADMAP-NEG-0721,25.95416,92.23766,0.21,0.34,14.03,20.02,23.11,0.179,-0.051,644.5,0.77,116.5,0,val
APDA-ROADMAP-NEG-0710,25.69835,93.13148,0.55,3.06,12.82,19.46,32.38,0.202,-0.016,486.1,0.14,176.9,0,val
APDA-ROADMAP-NEG-0888,25.09966,92.95131,1.27,7.38,21.91,42.88,55.34,0.16,0.015,98.7,5.81,188.5,0,val
APDA-ROADMAP-NEG-0992,27.5901,88.90469,0.97,8.24,12.89,16.1,39.75,0.28,-0.047,579.5,6.21,147.7,0,val
APDA-ROADMAP-POS-0518,23.72977,92.7169,6.17,33.89,129.01,242.73,334.68,0.32,0.216,581.3,29.52,196.3,1,val
APDA-ROADMAP-NEG-0985,25.31629,90.90434,1.22,1.42,10.32,22.3,49.84,0.126,-0.044,847.2,2.51,296.1,0,val
APDA-ROADMAP-NEG-0070,26.38173,93.7824,1.4,5.28,11.11,34.77,57.1,0.145,-0.091,812.1,5.47,246.0,0,val
APDA-ROADMAP-POS-0477,24.78883,93.68165,13.95,41.38,137.32,206.72,318.9,0.46,0.142,497.5,31.15,189.0,1,val
APDA-ROADMAP-POS-0158,23.73268,92.71623,5.45,22.08,126.66,230.74,275.0,0.379,0.153,636.0,31.32,181.5,1,val
APDA-ROADMAP-NEG-0244,25.21184,91.81268,0.34,0.34,13.92,29.46,34.31,0.113,-0.065,602.7,1.4,3.1,0,val
APDA-ROADMAP-NEG-0196,26.74459,93.99484,2.27,6.97,10.3,29.67,40.94,0.28,0.002,686.4,3.01,343.2,0,val
APDA-ROADMAP-POS-0017,24.78579,93.68344,12.48,62.54,108.68,223.73,371.72,0.473,0.195,288.3,41.53,352.6,1,val
APDA-ROADMAP-NEG-0536,26.66805,93.80303,3.2,10.26,13.6,37.45,52.95,0.095,0.013,789.6,4.77,207.5,0,val
APDA-ROADMAP-NEG-0073,27.63483,87.90483,0.74,1.51,13.51,29.35,42.67,0.28,-0.027,705.5,7.45,342.8,0,val
APDA-ROADMAP-NEG-0972,27.65921,88.14692,0.43,7.64,16.23,29.95,30.25,0.185,-0.022,677.7,1.29,266.6,0,val
APDA-ROADMAP-POS-0547,25.08248,93.15351,12.13,59.05,189.91,244.65,311.08,0.33,0.212,1025.8,41.8,149.4,1,val
APDA-ROADMAP-NEG-0540,27.47879,87.84471,1.07,7.7,17.31,29.36,51.01,0.22,-0.046,845.3,4.31,84.2,0,val
APDA-ROADMAP-POS-0659,25.67305,94.11173,10.14,70.1,209.82,331.69,417.44,0.37,0.198,896.1,45.34,145.3,1,val
APDA-ROADMAP-NEG-0626,24.78829,93.48366,1.04,4.35,13.6,25.71,37.37,0.271,-0.088,533.1,0.82,256.8,0,val
APDA-ROADMAP-NEG-0020,27.44437,88.00469,1.2,3.35,15.51,27.7,54.38,0.257,-0.047,84.9,4.99,216.3,0,val
APDA-ROADMAP-NEG-0663,25.99541,92.20458,0.44,2.31,12.23,34.48,45.28,0.085,-0.037,597.8,4.72,252.2,0,val
APDA-ROADMAP-NEG-0505,25.15336,90.16154,1.07,3.55,7.94,30.13,62.92,0.136,-0.117,441.6,3.32,246.9,0,val
APDA-ROADMAP-POS-0960,27.03369,88.26629,20.44,44.98,145.73,234.35,402.41,0.408,0.2,1735.7,36.39,86.6,1,val
APDA-ROADMAP-NEG-0882,24.85214,91.52798,0.54,6.68,8.4,29.0,58.77,0.19,-0.097,685.1,1.21,167.2,0,val
APDA-ROADMAP-POS-0284,25.43605,92.19163,22.38,52.31,168.28,295.88,511.69,0.357,0.182,1100.8,30.14,204.9,1,val
APDA-ROADMAP-POS-0798,23.72866,92.71497,4.09,32.71,124.73,294.93,544.54,0.448,0.174,506.7,30.91,201.4,1,val
APDA-ROADMAP-NEG-0627,24.70878,93.55913,1.56,7.08,9.77,32.33,46.93,0.28,-0.095,305.3,5.31,37.4,0,val
APDA-ROADMAP-POS-0226,25.1885,93.02608,23.87,73.55,163.59,311.09,407.35,0.425,0.148,1138.5,39.97,212.8,1,val
APDA-ROADMAP-POS-0027,25.07448,93.15823,3.29,32.56,66.88,165.46,305.03,0.432,0.166,973.2,37.66,203.5,1,val
APDA-ROADMAP-NEG-0771,27.87208,88.11233,0.25,0.96,6.0,22.77,40.27,0.08,-0.018,390.7,7.06,331.5,0,val
APDA-ROADMAP-POS-0438,23.73,92.71594,4.6,58.18,155.52,327.7,387.43,0.32,0.111,481.7,25.43,72.7,1,val
APDA-ROADMAP-NEG-0949,25.7768,92.19521,0.15,3.52,7.69,10.75,31.94,0.154,-0.023,532.2,4.13,349.3,0,val
APDA-ROADMAP-NEG-0389,25.88478,92.08247,1.02,4.74,9.4,27.81,37.2,0.133,-0.023,798.8,3.85,82.4,0,val
APDA-ROADMAP-POS-0230,26.01047,93.42432,6.16,62.51,189.33,243.91,312.03,0.337,0.208,1229.1,36.01,229.9,1,val
APDA-ROADMAP-POS-0038,23.72581,92.71749,14.98,50.38,156.52,244.58,372.86,0.41,0.176,491.4,47.51,153.4,1,val
APDA-ROADMAP-POS-0750,26.012,93.4246,4.79,34.68,129.15,178.17,255.38,0.32,0.188,1096.2,30.35,160.8,1,val
APDA-ROADMAP-NEG-0046,24.8686,93.19996,0.33,4.56,13.6,33.85,48.3,0.236,-0.008,344.5,5.62,48.8,0,val
APDA-ROADMAP-NEG-0399,25.44064,94.29354,0.0,5.8,9.72,18.24,26.65,0.221,0.028,136.1,4.17,54.0,0,val
APDA-ROADMAP-POS-0470,26.00953,93.4201,7.59,65.37,158.32,201.48,296.08,0.407,0.156,1231.0,32.16,226.0,1,val
APDA-ROADMAP-NEG-0693,27.52433,87.91254,0.96,6.1,6.22,17.44,26.82,0.121,-0.096,487.5,15.0,344.7,0,val
APDA-ROADMAP-NEG-0968,25.11701,93.17971,0.32,7.73,17.97,35.63,36.75,0.141,-0.055,95.7,0.12,114.7,0,val
APDA-ROADMAP-POS-0688,24.8367,92.79972,16.99,51.4,172.36,331.06,412.98,0.444,0.181,692.4,31.44,206.4,1,val
APDA-ROADMAP-NEG-0844,25.02232,92.55861,0.08,7.89,19.24,25.1,43.08,0.136,0.011,595.0,12.55,232.9,0,val
APDA-ROADMAP-POS-0640,27.03671,88.26342,13.98,60.58,197.26,301.14,481.74,0.377,0.097,1392.1,31.55,181.7,1,val
APDA-ROADMAP-NEG-0713,27.00408,88.60778,1.44,3.59,10.13,10.59,35.38,0.119,0.001,558.3,3.31,173.1,0,val
APDA-ROADMAP-NEG-0219,25.23068,94.33635,0.33,4.27,15.74,40.53,55.44,0.27,-0.096,432.5,2.31,339.1,0,val
APDA-ROADMAP-NEG-0159,25.48054,94.51035,0.99,7.55,13.01,36.21,49.15,0.214,-0.01,543.1,6.43,99.0,0,val
APDA-ROADMAP-NEG-0416,27.5024,93.77587,1.96,4.42,18.02,27.59,41.46,0.11,-0.067,774.3,7.23,97.6,0,val
APDA-ROADMAP-NEG-0528,24.5019,92.58379,0.87,4.1,14.98,27.06,51.32,0.163,-0.156,288.6,0.11,128.7,0,val
APDA-ROADMAP-NEG-0656,26.64715,93.92278,1.95,5.26,9.78,19.98,32.48,0.25,-0.026,99.1,5.72,3.6,0,val
APDA-ROADMAP-NEG-0301,25.71556,91.68963,1.1,3.74,5.85,29.52,60.16,0.08,-0.125,124.0,0.93,128.8,0,val
APDA-ROADMAP-NEG-0823,26.13171,92.39031,0.96,1.93,8.08,28.49,34.21,0.187,0.016,126.3,0.5,84.2,0,val
APDA-ROADMAP-POS-0801,25.53468,91.86372,21.27,49.25,177.34,223.65,339.14,0.32,0.166,1304.6,32.46,213.6,1,val
APDA-ROADMAP-NEG-0604,25.05166,91.9022,0.91,8.34,21.16,35.73,37.84,0.195,-0.047,199.5,3.48,251.3,0,val
APDA-ROADMAP-POS-0161,25.53353,91.87229,11.51,29.21,129.99,265.75,429.26,0.527,0.256,1305.3,37.08,210.9,1,val
APDA-ROADMAP-POS-0957,24.77784,93.6839,6.13,62.6,180.84,301.78,480.55,0.32,0.133,716.3,43.24,6.1,1,val
APDA-ROADMAP-NEG-0187,24.59174,92.71083,0.08,2.43,10.41,31.13,50.89,0.08,-0.039,324.1,2.32,303.2,0,val
APDA-ROADMAP-POS-0822,25.30626,91.71342,15.09,43.76,176.61,265.26,326.85,0.32,0.197,1151.2,38.3,277.3,1,val
APDA-ROADMAP-NEG-0682,25.79811,91.2652,0.27,7.54,11.27,20.25,33.22,0.234,0.017,763.1,8.49,335.8,0,val
APDA-ROADMAP-POS-0878,23.73296,92.71409,17.45,40.6,159.35,332.06,507.42,0.394,0.155,349.4,37.05,161.0,1,val
APDA-ROADMAP-POS-0914,27.35138,92.41878,4.86,24.9,99.15,211.5,444.69,0.343,0.163,1779.6,24.42,204.8,1,val
APDA-ROADMAP-POS-0153,27.1862,88.34942,4.82,42.95,104.12,163.05,227.61,0.32,0.189,1645.3,34.76,17.6,1,val
APDA-ROADMAP-NEG-0871,27.35282,88.26476,2.15,5.87,9.35,12.57,33.34,0.173,-0.02,591.3,2.07,45.8,0,val
APDA-ROADMAP-NEG-0777,25.21473,94.10279,0.63,5.32,17.62,41.53,60.94,0.143,-0.109,165.8,6.81,175.1,0,val
APDA-ROADMAP-POS-0510,26.01027,93.41971,8.99,28.55,170.64,301.96,361.87,0.495,0.189,938.9,32.11,226.6,1,val
APDA-ROADMAP-NEG-0136,26.67278,93.92221,0.48,2.17,14.86,23.92,52.44,0.28,-0.025,500.6,1.13,148.4,0,val
APDA-ROADMAP-NEG-0251,27.24908,88.40263,0.58,1.14,15.65,39.13,61.94,0.198,0.032,170.0,4.62,284.5,0,val
APDA-ROADMAP-NEG-0684,25.87941,92.35375,0.03,7.77,17.26,17.53,34.7,0.184,0.002,96.9,1.68,53.9,0,val
APDA-ROADMAP-POS-0104,25.43837,92.19432,11.25,44.63,164.53,251.22,360.67,0.503,0.08,1212.1,35.87,172.1,1,val
APDA-ROADMAP-NEG-0446,25.01061,93.18967,1.67,8.2,10.42,24.52,58.96,0.129,-0.04,428.2,2.1,2.6,0,val
APDA-ROADMAP-NEG-0444,25.73719,92.5775,2.46,3.64,7.47,23.47,36.42,0.257,-0.024,330.1,1.29,181.8,0,val
APDA-ROADMAP-POS-0587,25.07687,93.15494,17.92,77.05,173.09,303.47,485.76,0.32,0.215,977.6,37.26,180.8,1,val
APDA-ROADMAP-NEG-0769,26.58802,91.59483,1.86,6.92,13.86,15.38,25.03,0.173,-0.107,352.1,9.22,297.5,0,val
APDA-ROADMAP-NEG-0144,25.75877,91.76927,0.28,0.97,6.61,9.94,26.6,0.126,-0.018,356.1,0.25,109.2,0,val
APDA-ROADMAP-POS-0054,27.3555,92.42294,17.38,46.85,149.83,254.93,379.02,0.366,0.122,1646.4,39.33,160.8,1,val
APDA-ROADMAP-POS-0152,27.33486,88.60827,18.19,56.82,165.16,333.83,394.94,0.32,0.171,1408.1,28.79,287.1,1,val
APDA-ROADMAP-POS-0404,25.44043,92.19601,16.01,66.27,205.93,375.49,478.12,0.32,0.171,1033.8,37.14,229.7,1,val
APDA-ROADMAP-NEG-0943,25.95803,92.16003,1.3,4.47,19.21,26.76,59.95,0.235,-0.002,274.0,1.29,149.0,0,val
APDA-ROADMAP-POS-0208,24.82936,92.80228,4.15,61.14,118.28,231.75,466.6,0.431,0.141,944.0,44.28,272.9,1,val
APDA-ROADMAP-NEG-0895,27.91051,91.50984,0.04,3.19,16.89,22.32,27.35,0.28,-0.092,612.6,3.93,255.8,0,val
APDA-ROADMAP-NEG-0123,26.11945,92.14113,1.98,6.19,18.32,22.43,25.98,0.211,-0.031,553.6,6.79,358.3,0,val
APDA-ROADMAP-NEG-0891,28.04519,88.82522,2.08,3.25,4.19,27.97,30.32,0.08,-0.003,767.0,0.05,317.9,0,val
APDA-ROADMAP-POS-0009,26.16956,91.75675,5.23,50.48,114.23,246.55,439.22,0.452,0.132,1008.2,34.58,222.6,1,val
APDA-ROADMAP-NEG-0015,27.77497,92.23792,1.41,4.2,17.3,22.77,42.48,0.145,-0.052,364.1,4.71,245.6,0,val
APDA-ROADMAP-NEG-0907,25.52475,92.81312,1.32,2.5,6.13,23.45,44.94,0.18,0.024,231.2,1.3,126.6,0,val
APDA-ROADMAP-NEG-0061,25.18113,91.70106,0.7,6.8,15.33,37.49,70.9,0.254,0.03,352.7,2.28,37.6,0,val
APDA-ROADMAP-POS-0453,27.18535,88.3561,11.98,43.48,83.5,239.35,476.68,0.389,0.262,1789.5,45.39,160.0,1,val
APDA-ROADMAP-POS-0254,27.35439,92.4159,9.04,48.76,132.35,244.06,329.28,0.46,0.127,1840.2,40.37,207.5,1,val
APDA-ROADMAP-NEG-0328,25.26353,93.25106,0.38,3.05,6.18,28.31,33.28,0.137,-0.068,612.9,2.74,245.1,0,val
APDA-ROADMAP-POS-0897,24.7853,93.6787,5.01,21.69,101.96,212.05,337.38,0.417,0.198,534.3,33.82,112.7,1,val
APDA-ROADMAP-NEG-0734,26.86216,92.74193,0.34,0.36,3.26,7.09,9.22,0.245,-0.081,820.9,1.39,212.5,0,val
APDA-ROADMAP-POS-0881,25.53675,91.86646,6.29,24.62,96.39,150.67,203.88,0.427,0.186,981.4,37.96,182.9,1,val
APDA-ROADMAP-NEG-0596,26.62497,93.33965,0.82,5.1,6.33,10.43,24.3,0.098,-0.037,144.0,1.0,257.1,0,val
APDA-ROADMAP-NEG-0889,25.99585,92.02542,1.06,6.38,7.77,14.25,25.07,0.08,0.017,805.2,4.79,112.2,0,val
APDA-ROADMAP-POS-0624,25.44064,92.19736,6.81,35.34,136.98,217.23,393.47,0.399,0.183,1289.1,41.22,152.9,1,val
APDA-ROADMAP-POS-0346,25.18297,93.01882,26.83,73.75,122.57,281.0,520.93,0.421,0.261,1293.1,31.33,212.3,1,val
APDA-ROADMAP-NEG-0703,25.33647,91.69854,0.25,6.75,16.51,20.16,26.59,0.139,-0.064,274.4,0.42,123.2,0,val
APDA-ROADMAP-POS-0263,25.76256,91.90766,10.01,47.11,79.13,157.52,398.15,0.484,0.261,1295.6,40.67,114.8,1,val
APDA-ROADMAP-NEG-0635,27.94292,91.65725,0.88,8.67,20.75,44.72,51.35,0.08,-0.134,472.7,4.67,164.2,0,val
APDA-ROADMAP-NEG-0322,25.02519,91.45565,3.88,5.13,5.82,25.59,33.19,0.156,-0.053,404.7,5.76,217.1,0,val
APDA-ROADMAP-NEG-0439,26.14265,94.385,0.27,4.14,5.01,9.01,42.28,0.17,-0.059,690.9,0.92,10.9,0,val
APDA-ROADMAP-POS-0151,27.69407,88.58831,14.35,67.34,118.34,265.42,381.13,0.373,0.168,1530.3,38.65,158.2,1,val
APDA-ROADMAP-POS-0473,27.18226,88.35997,12.66,46.16,179.92,291.13,439.7,0.32,0.184,1554.5,41.59,208.0,1,val
APDA-ROADMAP-POS-0641,25.53082,91.87117,4.8,57.67,111.56,189.17,354.34,0.334,0.193,1112.6,24.57,162.7,1,val
APDA-ROADMAP-NEG-0983,25.90751,92.29663,0.36,5.98,7.64,19.87,22.78,0.28,-0.077,365.7,3.15,188.4,0,val
APDA-ROADMAP-NEG-0883,25.26363,92.27806,4.0,11.76,15.79,26.11,57.89,0.08,-0.073,266.8,1.21,286.6,0,val
APDA-ROADMAP-POS-0551,27.69268,88.57906,13.81,28.87,61.66,198.3,324.96,0.343,0.333,1499.1,25.74,187.1,1,val
APDA-ROADMAP-NEG-0780,26.63347,88.53686,1.59,5.82,14.72,24.35,49.23,0.197,-0.042,757.3,4.56,48.3,0,val
APDA-ROADMAP-POS-0929,26.17128,91.75978,3.67,56.73,196.12,289.62,377.46,0.486,0.198,1327.7,27.09,225.9,1,val
APDA-ROADMAP-POS-0489,26.16791,91.75383,9.32,34.19,168.3,312.93,439.09,0.49,0.151,917.9,35.56,202.1,1,val
APDA-ROADMAP-NEG-0812,27.7177,88.15964,0.12,1.57,7.17,21.39,43.95,0.202,-0.06,731.9,0.22,44.8,0,val
APDA-ROADMAP-NEG-0172,27.7648,88.78738,0.73,6.74,9.7,20.57,39.56,0.163,-0.052,680.3,0.85,32.3,0,val
APDA-ROADMAP-POS-0147,25.06826,93.15811,5.81,61.1,99.51,219.98,358.11,0.465,0.146,1018.4,44.67,179.7,1,val
APDA-ROADMAP-NEG-0705,25.34138,90.26678,1.28,2.06,13.47,26.19,56.52,0.082,0.066,374.2,8.66,227.2,0,val
APDA-ROADMAP-NEG-0929,25.75544,92.09728,0.39,3.52,4.66,12.07,27.39,0.146,-0.036,792.4,4.05,344.8,0,val
APDA-ROADMAP-POS-0403,25.75375,91.90601,27.16,48.01,82.44,144.51,384.63,0.464,0.184,1103.2,40.53,171.4,1,val
APDA-ROADMAP-POS-0955,27.58897,91.86786,9.14,48.61,146.1,275.14,381.42,0.38,0.166,1618.3,42.12,205.8,1,val
APDA-ROADMAP-NEG-0878,23.55108,92.50444,0.07,4.93,11.48,30.33,61.27,0.231,-0.024,314.8,9.46,243.5,0,val
APDA-ROADMAP-POS-0660,27.03254,88.26388,11.6,40.92,175.06,285.83,437.52,0.32,0.14,1368.4,24.94,191.2,1,val
APDA-ROADMAP-NEG-0373,27.48324,88.0316,1.28,3.25,6.38,14.05,41.6,0.246,-0.054,629.2,2.13,247.9,0,val
APDA-ROADMAP-POS-0464,25.44156,92.19299,14.87,59.37,168.38,326.49,503.67,0.411,0.247,1075.0,32.07,235.2,1,val
APDA-ROADMAP-NEG-0350,26.23974,92.95996,0.17,3.19,16.26,40.98,74.85,0.28,-0.03,792.1,0.77,273.1,0,val
APDA-ROADMAP-POS-0187,25.07726,93.15759,8.75,26.85,156.98,270.26,500.77,0.435,0.178,1075.7,31.15,232.7,1,val
APDA-ROADMAP-NEG-0148,25.27859,93.30075,0.08,6.56,17.94,31.17,31.98,0.278,-0.045,559.5,2.0,283.3,0,val
APDA-ROADMAP-NEG-0225,25.33129,90.99293,2.33,7.3,14.21,36.2,40.96,0.272,-0.024,716.5,3.74,74.9,0,test
APDA-ROADMAP-POS-0609,26.17437,91.75927,6.62,60.66,111.39,263.36,397.88,0.454,0.115,993.9,32.52,183.3,1,test
APDA-ROADMAP-POS-0144,25.44086,92.19354,9.98,47.15,169.9,247.86,391.65,0.35,0.182,1053.2,48.63,163.3,1,test
APDA-ROADMAP-POS-0752,27.32442,88.61514,18.06,50.42,158.26,219.58,394.27,0.529,0.081,1492.0,43.07,234.4,1,test
APDA-ROADMAP-NEG-0535,27.31029,92.03971,1.28,7.43,7.64,26.64,55.89,0.218,0.008,275.6,4.35,330.5,0,test
APDA-ROADMAP-POS-0982,25.30183,91.71179,26.6,86.28,172.49,270.93,416.32,0.517,0.151,1110.2,37.09,333.3,1,test
APDA-ROADMAP-POS-0198,23.73234,92.71864,13.17,41.08,86.68,196.85,283.06,0.407,0.134,394.5,38.82,16.0,1,test
APDA-ROADMAP-NEG-0634,27.17583,92.67351,0.91,2.0,13.36,31.61,57.79,0.213,-0.097,595.0,12.84,24.7,0,test
APDA-ROADMAP-POS-0884,25.44267,92.19556,9.49,25.71,159.38,246.7,328.55,0.349,0.208,1061.5,29.55,219.3,1,test
APDA-ROADMAP-POS-0280,27.03467,88.262,8.01,51.96,181.32,341.97,500.25,0.519,0.108,1650.9,34.34,131.2,1,test
APDA-ROADMAP-POS-0294,27.34965,92.42159,13.44,69.53,189.91,322.0,498.7,0.502,0.282,1732.6,39.41,260.4,1,test
APDA-ROADMAP-NEG-0824,25.09439,92.00418,1.21,6.52,21.18,22.86,34.43,0.222,-0.058,461.7,4.03,210.7,0,test
APDA-ROADMAP-POS-0401,25.53283,91.8656,8.13,50.94,118.31,182.46,405.03,0.375,0.225,984.4,32.0,152.6,1,test
APDA-ROADMAP-POS-0123,25.74987,91.90278,13.01,59.75,97.8,143.23,320.51,0.531,0.174,1007.6,29.97,185.2,1,test
APDA-ROADMAP-NEG-0208,24.51534,92.63598,0.59,2.86,3.17,15.05,37.67,0.099,-0.104,231.9,13.77,67.4,0,test
APDA-ROADMAP-POS-0203,25.75372,91.90329,23.31,40.06,142.09,195.01,348.94,0.464,0.157,833.8,44.57,125.3,1,test
APDA-ROADMAP-NEG-0463,25.33642,92.0813,1.38,4.44,16.34,21.85,24.74,0.28,-0.001,280.2,10.9,279.8,0,test
APDA-ROADMAP-POS-0836,27.099,93.61314,8.38,34.2,83.45,133.38,322.77,0.437,0.199,1486.2,32.35,43.3,1,test
APDA-ROADMAP-POS-0247,25.0736,93.15358,16.11,54.74,186.79,366.25,428.76,0.486,0.122,901.3,48.14,168.0,1,test
APDA-ROADMAP-NEG-0440,27.34893,87.76575,0.03,5.76,12.54,16.91,31.98,0.263,-0.042,323.7,1.91,228.5,0,test
APDA-ROADMAP-NEG-0754,27.63135,92.77466,0.33,3.76,18.38,25.18,50.55,0.28,-0.041,537.9,4.96,169.3,0,test
APDA-ROADMAP-NEG-0902,25.49065,91.42233,0.7,2.66,11.52,18.58,37.26,0.107,-0.099,507.4,4.8,27.0,0,test
APDA-ROADMAP-NEG-0708,25.08297,92.64481,0.19,6.58,14.32,20.45,49.81,0.223,-0.077,82.6,0.12,187.7,0,test
APDA-ROADMAP-NEG-0881,25.1104,92.30991,1.01,1.3,12.57,32.63,40.11,0.28,-0.088,276.0,1.94,42.6,0,test
APDA-ROADMAP-NEG-0154,27.77282,92.16059,0.3,8.29,10.69,15.44,39.76,0.25,0.04,452.9,2.1,53.2,0,test
APDA-ROADMAP-NEG-0662,25.65909,91.50219,1.21,6.68,13.06,24.11,32.01,0.28,-0.042,162.2,3.02,289.5,0,test
APDA-ROADMAP-NEG-0427,24.7113,93.44917,0.39,2.56,4.53,16.56,26.65,0.267,-0.056,235.2,3.43,349.1,0,test
APDA-ROADMAP-POS-0385,25.59963,90.58623,2.0,38.72,80.78,193.88,359.82,0.443,0.13,1091.0,33.37,199.2,1,test
APDA-ROADMAP-NEG-0759,25.28094,94.45035,0.32,5.58,17.53,35.6,43.47,0.148,-0.039,378.0,6.24,318.3,0,test
APDA-ROADMAP-POS-0855,27.5923,91.86428,9.18,54.92,88.17,206.12,335.18,0.522,0.166,1543.9,31.98,174.9,1,test
APDA-ROADMAP-NEG-0590,26.22244,93.83046,1.34,5.5,8.18,18.24,36.24,0.08,-0.124,145.8,6.78,95.7,0,test
APDA-ROADMAP-POS-0220,27.03343,88.26231,3.57,29.42,124.02,189.8,333.82,0.45,0.2,1357.3,51.4,174.0,1,test
APDA-ROADMAP-POS-0642,25.30246,91.70936,8.19,45.84,90.03,189.78,339.06,0.414,0.131,1204.6,32.16,222.0,1,test
APDA-ROADMAP-POS-0002,25.30364,91.71185,8.53,25.5,74.01,209.64,406.04,0.456,0.236,1072.3,31.07,321.5,1,test
APDA-ROADMAP-POS-0113,27.18617,88.35964,10.08,69.23,104.31,206.6,361.47,0.348,0.124,1634.7,41.77,102.5,1,test
APDA-ROADMAP-POS-0699,25.66977,94.11346,11.73,35.99,135.7,293.84,350.42,0.51,0.212,1359.7,39.96,234.5,1,test
APDA-ROADMAP-NEG-0916,27.32747,93.88658,0.07,6.3,8.15,28.48,29.08,0.195,-0.067,384.0,0.38,202.2,0,test
APDA-ROADMAP-POS-0952,27.33571,88.61527,6.7,23.75,162.06,204.94,371.48,0.369,0.235,1990.9,35.82,234.6,1,test
APDA-ROADMAP-NEG-0649,25.75287,91.51761,0.41,4.81,5.27,7.61,15.33,0.28,-0.052,429.1,0.24,307.2,0,test
APDA-ROADMAP-NEG-0637,24.30494,93.20067,1.15,6.49,20.99,25.31,30.16,0.144,-0.066,471.1,3.9,299.8,0,test
APDA-ROADMAP-NEG-0886,25.64663,92.74291,0.62,1.03,14.11,20.09,52.87,0.189,-0.007,220.7,3.84,222.2,0,test
APDA-ROADMAP-NEG-0411,27.48209,88.97875,0.18,6.11,16.53,38.82,49.92,0.102,-0.102,698.2,2.0,15.6,0,test
APDA-ROADMAP-NEG-0410,26.25709,93.19168,1.11,8.24,9.55,21.06,52.85,0.28,-0.074,602.3,4.5,164.6,0,test
APDA-ROADMAP-NEG-0534,27.68375,92.75514,0.3,3.1,3.35,6.18,15.37,0.15,-0.05,473.3,0.56,272.7,0,test
APDA-ROADMAP-NEG-0292,27.12472,88.3393,0.04,3.6,4.04,14.16,36.8,0.17,-0.032,499.6,8.39,176.6,0,test
APDA-ROADMAP-NEG-0809,26.39389,92.19667,0.4,6.73,12.89,37.34,46.36,0.28,-0.111,337.0,3.81,47.9,0,test
APDA-ROADMAP-POS-0442,25.3003,91.71508,10.35,35.84,131.13,276.96,514.23,0.446,0.216,934.8,28.73,197.7,1,test
APDA-ROADMAP-NEG-0521,25.80365,92.17021,0.46,5.19,13.16,35.48,58.54,0.119,-0.031,141.4,15.0,40.1,0,test
APDA-ROADMAP-NEG-0137,25.20208,94.10445,2.89,6.22,7.28,24.92,50.18,0.242,-0.093,743.6,10.38,204.7,0,test
APDA-ROADMAP-NEG-0716,27.53181,93.42142,0.72,0.78,5.78,27.11,52.36,0.131,-0.093,401.9,1.73,288.5,0,test
APDA-ROADMAP-NEG-0257,24.54012,93.98507,0.54,6.6,18.18,35.58,45.11,0.082,-0.138,486.6,12.59,228.2,0,test
APDA-ROADMAP-NEG-0864,25.85065,91.73179,0.73,2.29,5.34,10.26,26.96,0.28,-0.081,225.8,1.72,226.8,0,test
APDA-ROADMAP-NEG-0632,27.48698,88.24506,0.58,3.78,5.07,12.04,32.21,0.113,-0.064,340.1,5.87,146.8,0,test
APDA-ROADMAP-NEG-0696,27.29625,93.34026,1.92,6.86,13.39,17.71,40.03,0.173,-0.052,192.2,0.74,281.9,0,test
APDA-ROADMAP-NEG-0398,23.93726,92.54345,0.98,7.41,13.94,32.31,47.83,0.128,-0.103,635.6,1.66,337.7,0,test
APDA-ROADMAP-POS-0664,25.43804,92.19958,22.07,68.47,110.87,193.56,237.21,0.534,0.175,926.1,38.28,182.4,1,test
APDA-ROADMAP-NEG-0836,26.62741,93.37682,1.63,4.34,10.66,27.72,58.7,0.162,-0.07,252.7,9.51,68.5,0,test
APDA-ROADMAP-NEG-0258,24.14296,92.26236,1.38,4.75,7.68,20.89,48.38,0.08,-0.091,208.2,0.08,38.0,0,test
APDA-ROADMAP-NEG-0774,27.02852,92.10489,0.08,4.72,17.89,23.47,50.47,0.28,-0.064,95.7,1.04,50.8,0,test
APDA-ROADMAP-NEG-0701,26.02012,92.35476,1.33,8.9,22.05,43.72,56.52,0.243,-0.017,94.6,6.61,72.0,0,test
APDA-ROADMAP-POS-0318,23.72504,92.71246,16.59,62.67,108.57,164.55,366.66,0.389,0.167,423.1,25.15,293.3,1,test
APDA-ROADMAP-POS-0649,26.1742,91.76238,20.06,39.1,84.31,153.78,315.63,0.503,0.209,1069.0,33.46,209.6,1,test
APDA-ROADMAP-NEG-0435,27.3806,91.45622,0.69,4.91,19.0,24.23,26.94,0.219,-0.034,718.6,15.0,331.9,0,test
APDA-ROADMAP-NEG-0480,26.71961,88.04577,2.21,7.31,10.24,33.62,40.67,0.18,-0.117,266.3,7.04,40.9,0,test
APDA-ROADMAP-POS-0710,26.01316,93.4197,5.08,43.21,130.23,207.61,355.95,0.409,0.123,966.0,34.05,174.8,1,test
APDA-ROADMAP-NEG-0383,25.95354,91.73102,1.14,1.74,7.68,13.44,19.2,0.08,-0.062,778.0,1.45,32.2,0,test
APDA-ROADMAP-NEG-0283,26.16011,91.58275,1.63,4.44,15.21,29.08,31.8,0.08,-0.037,321.2,3.04,162.1,0,test
APDA-ROADMAP-POS-0973,27.18284,88.36096,16.15,49.27,134.73,222.56,461.26,0.443,0.173,1674.3,36.1,228.6,1,test
APDA-ROADMAP-POS-0628,24.83726,92.80035,10.07,49.51,180.0,354.46,471.59,0.407,0.158,502.5,29.83,9.2,1,test
APDA-ROADMAP-POS-0633,27.1846,88.36048,15.7,68.6,104.54,204.45,422.3,0.45,0.167,1344.3,25.01,164.2,1,test
APDA-ROADMAP-NEG-0307,25.52052,93.50943,4.0,7.27,16.44,29.61,40.22,0.188,0.014,451.4,14.44,341.0,0,test
APDA-ROADMAP-NEG-0401,25.30015,91.65084,1.85,8.45,10.11,24.3,34.99,0.141,-0.033,742.9,5.95,135.9,0,test
APDA-ROADMAP-NEG-0409,26.44793,91.28658,1.48,3.33,13.05,19.57,48.59,0.276,-0.051,722.7,4.14,136.7,0,test
APDA-ROADMAP-NEG-0249,25.84718,91.46648,0.49,2.22,15.97,24.55,53.51,0.145,-0.051,207.4,3.23,102.7,0,test
APDA-ROADMAP-NEG-0953,27.47463,88.01852,3.73,7.19,14.98,34.44,59.39,0.166,-0.005,694.8,1.32,158.8,0,test
APDA-ROADMAP-NEG-0255,27.41085,91.50585,0.83,3.08,7.24,23.2,37.56,0.186,-0.044,763.7,0.73,47.5,0,test
APDA-ROADMAP-NEG-0497,24.31752,94.05433,0.53,0.76,13.03,30.63,33.73,0.089,-0.106,369.7,5.69,39.1,0,test
APDA-ROADMAP-NEG-0372,27.77998,88.39131,0.8,4.55,19.18,28.44,42.65,0.28,-0.081,105.3,1.39,303.2,0,test
APDA-ROADMAP-NEG-0530,26.28862,93.04232,0.09,7.14,9.94,19.89,23.51,0.163,-0.088,639.0,4.46,5.0,0,test
APDA-ROADMAP-NEG-0664,24.98784,92.35331,0.39,4.42,12.19,27.42,45.47,0.085,0.046,331.3,1.43,151.9,0,test
APDA-ROADMAP-NEG-0355,27.27274,92.34199,0.38,5.31,16.58,34.16,57.14,0.08,0.034,682.2,2.21,292.8,0,test
APDA-ROADMAP-NEG-0926,24.72397,93.38305,0.76,6.79,8.43,12.41,25.44,0.14,-0.007,282.6,6.15,171.9,0,test
APDA-ROADMAP-NEG-0901,25.19629,92.26224,0.25,5.34,12.01,19.6,51.57,0.164,-0.012,472.1,9.13,157.3,0,test
APDA-ROADMAP-NEG-0644,25.02406,92.03945,1.01,8.16,19.32,33.74,39.79,0.161,0.02,757.9,9.35,334.8,0,test
APDA-ROADMAP-NEG-0849,26.42443,91.41717,1.18,8.16,11.59,29.52,51.0,0.28,-0.01,842.6,11.18,146.1,0,test
APDA-ROADMAP-POS-0796,27.09758,93.61396,14.06,65.1,210.82,338.71,577.25,0.372,0.127,1737.6,33.31,148.9,1,test
APDA-ROADMAP-POS-0646,25.18807,93.02481,10.04,26.19,56.38,144.75,260.7,0.365,0.154,1082.5,45.84,177.7,1,test
APDA-ROADMAP-NEG-0013,27.01102,88.05796,0.25,7.0,20.59,43.84,70.02,0.125,-0.036,344.8,0.83,335.2,0,test
APDA-ROADMAP-NEG-0840,27.42778,88.47971,0.92,5.29,5.67,17.95,32.28,0.104,-0.002,150.3,1.99,309.0,0,test
APDA-ROADMAP-POS-0557,24.78207,93.67706,5.63,34.93,154.27,214.78,372.53,0.505,0.167,589.4,32.21,174.0,1,test
APDA-ROADMAP-POS-0682,25.30036,91.70597,19.06,38.41,70.59,186.82,313.73,0.42,0.244,1188.6,36.28,40.7,1,test
APDA-ROADMAP-POS-0578,23.73248,92.71607,11.85,68.49,155.3,217.74,420.06,0.507,0.162,491.4,39.15,248.4,1,test
APDA-ROADMAP-NEG-0110,25.77757,93.57717,0.57,6.11,10.31,14.73,32.35,0.28,-0.055,737.9,2.24,125.0,0,test
APDA-ROADMAP-NEG-0267,24.65965,93.47471,0.03,3.46,7.03,30.93,43.65,0.28,-0.031,410.5,1.05,221.5,0,test
APDA-ROADMAP-NEG-0723,25.90571,92.34022,0.7,5.42,18.76,25.0,25.46,0.161,-0.059,695.4,0.85,246.2,0,test
APDA-ROADMAP-NEG-0184,24.95541,91.75879,0.08,2.66,4.57,10.14,21.57,0.112,-0.142,140.3,2.99,96.1,0,test
APDA-ROADMAP-POS-0525,25.5997,90.58402,11.65,56.1,136.23,276.76,327.72,0.435,0.147,1058.3,31.53,164.6,1,test
APDA-ROADMAP-NEG-0060,27.52387,87.84729,0.85,8.13,21.9,39.33,73.57,0.088,-0.089,265.6,5.27,179.8,0,test
APDA-ROADMAP-POS-0541,25.53451,91.86801,14.5,64.88,114.82,284.31,333.54,0.495,0.228,1179.4,35.48,146.0,1,test
APDA-ROADMAP-NEG-0195,27.41521,92.21314,0.01,0.39,8.06,32.27,46.55,0.091,-0.039,513.5,3.28,182.0,0,test
APDA-ROADMAP-NEG-0679,26.1383,94.29605,1.91,9.56,14.64,23.66,53.07,0.089,-0.019,848.0,0.06,303.3,0,test
APDA-ROADMAP-POS-0749,26.17003,91.75699,26.4,46.85,150.06,267.8,503.51,0.365,0.117,942.1,35.97,66.8,1,test
APDA-ROADMAP-NEG-0852,26.83368,88.22104,0.28,1.85,6.02,10.2,38.32,0.204,-0.053,183.7,15.0,200.7,0,test
APDA-ROADMAP-NEG-0431,27.49928,89.07648,0.05,4.88,14.07,19.92,25.59,0.239,0.068,384.2,3.19,43.2,0,test
APDA-ROADMAP-POS-0485,25.6062,90.58454,12.15,62.19,163.82,317.13,481.34,0.351,0.173,1324.5,30.63,209.4,1,test
APDA-ROADMAP-NEG-0758,24.22778,93.03712,2.59,5.5,13.28,18.42,42.71,0.238,-0.071,434.3,2.14,280.5,0,test
APDA-ROADMAP-POS-0096,27.09874,93.61458,7.56,46.46,169.98,244.37,332.83,0.454,0.08,1731.0,32.02,92.7,1,test
APDA-ROADMAP-NEG-0021,25.35392,92.33659,0.13,8.1,14.4,21.82,23.99,0.189,-0.075,338.0,2.0,277.8,0,test
APDA-ROADMAP-POS-0564,25.44128,92.19876,19.13,43.11,95.33,259.97,487.23,0.32,0.138,1330.9,38.78,241.7,1,test
APDA-ROADMAP-NEG-0265,25.77316,90.80513,0.01,6.45,13.04,30.38,39.91,0.137,-0.115,671.9,7.44,271.4,0,test
APDA-ROADMAP-POS-0743,25.75408,91.90048,2.6,32.25,95.73,157.41,362.77,0.411,0.195,1320.8,40.35,34.8,1,test
APDA-ROADMAP-POS-0864,25.4458,92.19677,11.44,26.7,159.29,265.53,456.7,0.421,0.231,1041.3,31.25,239.4,1,test
APDA-ROADMAP-NEG-0599,25.39374,93.7777,0.47,6.51,11.04,15.21,30.31,0.08,-0.026,577.4,0.39,68.0,0,test
APDA-ROADMAP-NEG-0715,27.19955,92.14046,0.07,6.17,15.76,22.93,57.64,0.163,-0.04,298.2,2.61,130.6,0,test
APDA-ROADMAP-NEG-0485,25.30392,90.40944,0.36,7.81,12.24,15.47,22.45,0.08,-0.041,263.0,3.17,170.1,0,test
APDA-ROADMAP-POS-0892,27.33037,88.61214,12.05,39.34,84.41,145.24,381.89,0.49,0.161,1505.8,39.67,352.2,1,test
APDA-ROADMAP-NEG-0578,24.04189,92.37089,0.11,8.03,22.26,28.9,44.36,0.08,-0.081,247.0,11.16,234.1,0,test
APDA-ROADMAP-NEG-0039,25.48434,93.8219,0.33,4.68,5.49,7.26,24.25,0.28,-0.071,84.1,2.81,194.5,0,test
APDA-ROADMAP-POS-0207,25.0688,93.15541,29.45,47.08,171.88,283.64,394.4,0.462,0.193,1173.2,38.92,156.5,1,test
APDA-ROADMAP-POS-0393,27.18332,88.35666,6.9,30.75,124.9,167.95,313.74,0.458,0.184,1416.7,28.43,287.3,1,test
APDA-ROADMAP-POS-0795,27.58538,91.86398,2.39,45.35,155.93,304.14,358.24,0.35,0.194,1624.1,23.74,170.2,1,test
APDA-ROADMAP-POS-0871,27.69408,88.58717,20.77,51.13,163.04,311.59,525.58,0.483,0.173,1749.5,38.28,148.9,1,test
APDA-ROADMAP-POS-0398,23.7299,92.71715,13.02,30.31,166.39,322.12,476.93,0.454,0.178,727.2,20.69,193.8,1,test
APDA-ROADMAP-POS-0767,25.07814,93.15445,2.52,27.49,144.56,184.66,341.8,0.417,0.161,1020.7,41.51,237.7,1,test
APDA-ROADMAP-NEG-0842,24.9941,91.29774,0.7,5.64,16.28,16.5,21.49,0.255,-0.091,762.8,5.08,39.4,0,test
APDA-ROADMAP-NEG-0242,25.45152,91.4795,0.38,1.39,11.96,19.1,29.9,0.094,-0.061,171.2,8.87,52.1,0,test
APDA-ROADMAP-NEG-0029,25.87192,91.41665,0.78,4.38,4.99,18.41,39.26,0.146,-0.018,255.6,4.32,287.6,0,test
APDA-ROADMAP-NEG-0793,26.95695,88.80217,0.08,1.97,6.25,28.48,60.52,0.08,-0.074,620.3,1.78,256.1,0,test
APDA-ROADMAP-POS-0643,25.75915,91.90123,30.81,70.47,171.57,254.64,304.5,0.343,0.119,1232.4,40.09,171.0,1,test
APDA-ROADMAP-NEG-0892,26.95694,88.34148,2.85,7.45,16.66,22.13,54.85,0.183,0.008,106.5,3.41,185.3,0,test
APDA-ROADMAP-POS-0613,27.17898,88.35688,9.86,56.42,196.92,320.88,408.61,0.32,0.197,1655.7,46.84,220.5,1,test
APDA-ROADMAP-NEG-0763,26.08836,92.14841,0.61,2.7,12.0,36.97,43.16,0.234,-0.055,257.7,3.31,239.7,0,test
APDA-ROADMAP-POS-0961,25.53284,91.87138,8.12,53.57,174.21,240.23,330.85,0.32,0.164,1232.9,42.57,339.3,1,test
APDA-ROADMAP-NEG-0571,27.49085,88.88736,0.21,2.99,16.67,33.83,34.64,0.158,0.051,645.3,1.12,159.4,0,test
APDA-ROADMAP-POS-0726,25.18196,93.02817,15.23,35.39,81.13,164.93,413.2,0.366,0.102,1012.6,32.48,214.9,1,test
APDA-ROADMAP-POS-0684,25.43815,92.19184,2.37,27.09,60.97,184.53,369.21,0.393,0.245,1139.2,31.96,151.6,1,test
APDA-ROADMAP-POS-0099,25.67283,94.11643,12.85,37.6,150.27,317.64,419.59,0.342,0.293,1176.0,26.97,208.6,1,test
APDA-ROADMAP-POS-0805,25.59986,90.5819,15.95,72.37,129.41,251.13,451.92,0.364,0.156,1106.8,34.75,283.5,1,test
APDA-ROADMAP-NEG-0752,27.49812,88.40587,0.05,5.77,16.39,19.78,21.76,0.22,-0.018,532.5,1.04,288.4,0,test
APDA-ROADMAP-NEG-0598,24.17616,93.11906,0.1,4.84,5.49,13.19,39.88,0.08,-0.041,475.2,6.9,305.2,0,test
APDA-ROADMAP-POS-0407,25.07063,93.15297,8.88,32.79,96.72,206.21,403.45,0.405,0.155,1157.1,43.11,160.6,1,test
APDA-ROADMAP-POS-0503,25.75889,91.90786,7.18,29.88,141.14,184.6,258.24,0.32,0.163,897.4,41.11,179.7,1,test
APDA-ROADMAP-NEG-0072,27.80646,89.0326,1.08,2.51,11.91,33.55,61.67,0.149,-0.015,494.9,5.96,305.8,0,test
APDA-ROADMAP-NEG-0057,24.36106,93.93091,0.65,4.5,17.19,29.89,57.28,0.236,0.017,162.0,15.0,177.3,0,test
APDA-ROADMAP-POS-0930,26.01205,93.4222,17.14,72.0,173.83,316.48,437.42,0.439,0.167,1158.6,47.57,62.4,1,test
APDA-ROADMAP-POS-0780,27.04225,88.2672,13.15,69.6,125.81,277.2,359.56,0.355,0.177,1687.0,33.53,237.3,1,test
APDA-ROADMAP-POS-0201,25.53434,91.86423,14.2,43.5,83.45,145.64,273.23,0.518,0.189,1074.5,44.48,225.9,1,test
APDA-ROADMAP-POS-0135,27.58316,91.86017,3.08,39.74,138.33,185.2,310.1,0.421,0.194,1700.3,42.8,215.6,1,test
APDA-ROADMAP-NEG-0052,27.55539,89.0199,0.78,5.14,9.58,20.56,50.17,0.28,-0.072,256.7,1.93,125.4,0,test
APDA-ROADMAP-POS-0041,25.53734,91.86726,14.75,48.49,78.69,134.38,355.56,0.489,0.214,945.4,35.13,146.1,1,test
APDA-ROADMAP-NEG-0018,23.47845,92.34525,0.07,0.61,5.2,25.42,48.72,0.188,-0.017,104.1,0.45,312.6,0,test
APDA-ROADMAP-POS-0231,27.69445,88.58531,8.53,28.29,132.02,276.49,474.22,0.472,0.14,1567.1,39.17,228.5,1,test
APDA-ROADMAP-NEG-0514,27.03971,92.78814,0.63,4.6,16.34,37.85,62.79,0.28,-0.004,809.9,2.58,61.3,0,test
APDA-ROADMAP-NEG-0797,24.54139,93.31653,0.22,4.76,6.5,7.9,24.98,0.205,-0.021,463.2,1.07,355.2,0,test
APDA-ROADMAP-POS-0379,25.67603,94.11736,6.35,55.09,191.38,280.28,457.51,0.404,0.215,1251.2,31.64,177.0,1,test
APDA-ROADMAP-POS-0289,26.17612,91.75879,7.52,31.25,139.34,261.25,333.77,0.441,0.096,1112.2,29.41,215.2,1,test
APDA-ROADMAP-POS-0419,25.67463,94.11574,3.41,59.58,128.84,267.51,453.3,0.424,0.14,1270.0,35.55,189.7,1,test
APDA-ROADMAP-NEG-0699,26.17127,94.499,0.39,7.2,7.51,10.68,31.7,0.133,-0.056,570.8,11.92,39.5,0,test
APDA-ROADMAP-POS-0392,27.33237,88.61837,12.09,54.13,151.15,294.01,543.85,0.32,0.26,1645.0,44.89,225.2,1,test
APDA-ROADMAP-POS-0593,27.18737,88.35702,7.36,26.93,65.52,209.72,402.32,0.483,0.233,1461.3,41.47,233.6,1,test
APDA-ROADMAP-NEG-0523,25.56742,92.24423,0.1,6.28,11.6,28.65,63.59,0.147,-0.108,303.9,4.56,22.3,0,test
APDA-ROADMAP-NEG-0163,26.01805,91.62732,0.02,6.87,14.25,29.72,46.82,0.08,-0.042,599.3,0.91,87.9,0,test
APDA-ROADMAP-NEG-0087,24.92276,92.8605,1.63,7.04,17.62,21.43,33.56,0.101,-0.024,296.6,1.38,327.1,0,test
APDA-ROADMAP-NEG-0496,27.42893,93.93156,0.57,8.39,21.32,33.88,63.15,0.28,-0.049,580.9,3.18,146.9,0,test
APDA-ROADMAP-POS-0648,24.83132,92.805,6.11,42.1,184.09,363.81,505.91,0.401,0.143,637.0,29.7,201.1,1,test
APDA-ROADMAP-NEG-0153,27.41303,88.19858,1.26,9.15,16.31,36.26,46.31,0.262,-0.014,495.4,3.75,149.8,0,test
APDA-ROADMAP-NEG-0368,24.56283,92.33635,1.13,1.2,3.57,26.54,46.22,0.12,-0.029,396.7,0.57,319.4,0,test
APDA-ROADMAP-POS-0521,25.53305,91.87131,4.06,28.6,141.51,270.62,443.16,0.367,0.19,1072.9,29.23,148.2,1,test
APDA-ROADMAP-NEG-0863,25.43255,91.43975,0.54,7.67,21.43,41.61,45.88,0.145,-0.018,514.9,5.01,78.2,0,test
APDA-ROADMAP-POS-0065,25.59994,90.58815,10.69,42.25,98.55,167.72,365.54,0.462,0.232,1075.3,43.87,165.7,1,test
APDA-ROADMAP-NEG-0837,24.42635,93.96473,0.08,5.02,12.67,18.79,50.04,0.216,-0.103,448.1,2.85,19.9,0,test
APDA-ROADMAP-POS-0015,27.58171,91.87051,5.43,61.88,111.74,191.6,263.86,0.37,0.152,2035.8,27.88,52.6,1,test
APDA-ROADMAP-NEG-0181,26.00719,91.66942,2.06,2.21,13.82,16.36,35.26,0.11,-0.044,705.3,0.12,293.4,0,test
APDA-ROADMAP-NEG-0065,25.7998,90.4209,0.28,2.52,6.46,20.17,34.15,0.144,-0.062,736.3,2.48,16.5,0,test
APDA-ROADMAP-POS-0493,27.18367,88.36088,4.77,37.17,173.02,238.29,307.97,0.32,0.264,1569.5,25.77,199.7,1,test
APDA-ROADMAP-POS-0380,27.03757,88.2606,26.49,67.31,180.94,311.09,499.51,0.32,0.268,1690.0,35.08,111.2,1,test
APDA-ROADMAP-POS-0188,24.82734,92.79981,3.17,20.75,152.79,313.3,425.17,0.393,0.134,558.4,33.67,145.4,1,test
APDA-ROADMAP-POS-0764,25.43979,92.19632,18.38,52.06,184.29,270.08,455.53,0.536,0.16,1285.2,46.31,224.8,1,test
APDA-ROADMAP-POS-0217,24.79322,93.6846,11.28,30.38,165.47,246.81,376.15,0.454,0.094,428.4,39.34,159.1,1,test
APDA-ROADMAP-POS-0792,27.33535,88.60755,21.68,64.66,182.32,333.47,564.87,0.516,0.2,1534.4,35.53,157.0,1,test
APDA-ROADMAP-NEG-0077,25.23592,93.94329,0.16,7.4,14.16,34.24,44.72,0.116,-0.08,750.3,0.72,239.9,0,test
APDA-ROADMAP-POS-0879,25.67194,94.10803,9.16,67.42,156.34,223.01,319.88,0.463,0.195,1231.2,34.9,225.5,1,test
APDA-ROADMAP-POS-0338,23.73043,92.71823,5.46,35.81,134.28,299.1,476.1,0.443,0.113,303.9,40.08,1.4,1,test
APDA-ROADMAP-NEG-0773,27.48299,88.74317,0.03,6.22,8.18,12.56,25.39,0.126,-0.072,147.5,2.55,64.9,0,test
APDA-ROADMAP-POS-0720,27.03629,88.26324,4.84,48.56,146.07,203.47,380.81,0.458,0.208,1660.3,38.04,335.3,1,test
APDA-ROADMAP-NEG-0749,25.90274,91.54847,1.3,5.6,9.73,10.32,17.86,0.15,0.005,446.0,3.65,112.6,0,test
APDA-ROADMAP-POS-0296,27.10228,93.62013,3.6,22.47,75.36,179.14,414.48,0.483,0.217,1821.7,40.6,209.7,1,test
APDA-ROADMAP-NEG-0726,25.0323,92.70974,0.98,1.95,5.4,14.53,49.18,0.121,-0.042,346.9,0.23,236.1,0,test
APDA-ROADMAP-NEG-0017,24.45702,94.1774,0.98,8.72,18.53,26.36,40.28,0.251,-0.048,256.8,2.32,273.6,0,test
APDA-ROADMAP-NEG-0276,27.57044,93.96172,1.68,9.47,10.66,20.37,43.72,0.125,-0.101,292.2,0.41,95.8,0,test
APDA-ROADMAP-NEG-0751,28.1433,88.12277,1.04,5.15,12.1,14.73,22.3,0.1,-0.023,677.1,13.66,346.0,0,test
APDA-ROADMAP-NEG-0486,25.60636,92.66511,0.14,0.21,13.34,20.7,36.29,0.08,0.011,731.0,2.52,219.7,0,test
APDA-ROADMAP-POS-0456,27.10108,93.60772,16.16,72.5,206.94,289.76,419.76,0.458,0.248,1476.3,34.78,171.6,1,test
APDA-ROADMAP-NEG-0997,24.29726,93.41782,0.56,7.42,11.21,31.89,53.89,0.191,0.004,195.6,6.28,291.5,0,test
APDA-ROADMAP-POS-0816,27.09767,93.61363,24.72,84.56,157.47,221.48,439.13,0.467,0.208,1773.3,38.45,202.3,1,test
APDA-ROADMAP-NEG-0887,25.35762,92.69788,0.04,0.32,2.57,18.43,43.86,0.185,-0.001,813.4,1.28,246.3,0,test
APDA-ROADMAP-POS-0270,26.01374,93.41582,13.12,58.18,198.63,295.74,417.57,0.431,0.157,633.4,40.26,178.7,1,test
APDA-ROADMAP-POS-0996,27.1004,93.61323,25.46,77.03,202.22,345.23,543.04,0.444,0.211,1768.9,40.72,217.4,1,test
APDA-ROADMAP-POS-0202,25.30267,91.70799,30.21,58.54,130.04,280.74,505.18,0.434,0.305,1196.8,48.85,152.9,1,test
APDA-ROADMAP-POS-0162,25.30119,91.71372,2.0,53.67,103.91,183.61,311.45,0.375,0.195,823.5,31.1,148.6,1,test
APDA-ROADMAP-NEG-0580,27.34279,87.97935,0.12,6.7,9.18,29.14,49.69,0.12,-0.12,500.2,15.0,111.5,0,test
APDA-ROADMAP-POS-0730,26.01654,93.42143,9.4,55.06,86.66,235.58,312.33,0.404,0.216,1271.6,39.54,234.3,1,test
APDA-ROADMAP-POS-0402,25.30037,91.71068,15.18,70.03,143.37,275.49,397.19,0.496,0.191,1341.4,39.18,236.8,1,test
APDA-ROADMAP-POS-0703,25.75658,91.90241,9.53,41.21,185.58,343.96,445.58,0.441,0.193,884.1,34.16,211.7,1,test
APDA-ROADMAP-NEG-0501,25.86622,92.29929,2.6,9.7,16.41,21.17,28.28,0.198,-0.096,787.3,6.04,231.1,0,test
APDA-ROADMAP-NEG-0846,25.3752,92.69545,0.34,2.86,17.34,28.75,57.96,0.28,-0.034,647.6,10.9,308.0,0,test
APDA-ROADMAP-NEG-0796,26.93077,93.82815,0.73,6.04,19.69,29.91,48.31,0.08,0.009,128.7,15.0,38.4,0,test
APDA-ROADMAP-NEG-0130,25.54988,93.78341,1.39,5.32,10.52,11.9,14.16,0.178,-0.078,836.3,2.29,24.8,0,test
APDA-ROADMAP-POS-0566,25.18163,93.01747,9.3,47.97,104.84,226.1,311.89,0.472,0.173,1359.5,45.43,183.2,1,test
APDA-ROADMAP-NEG-0414,26.90439,91.94693,3.61,7.57,20.06,33.24,42.32,0.28,-0.007,502.3,6.02,280.8,0,test
APDA-ROADMAP-NEG-0022,25.53252,91.54004,0.42,3.34,17.18,23.72,29.61,0.202,-0.009,134.8,0.8,114.0,0,test
APDA-ROADMAP-NEG-0026,25.35898,93.29991,1.05,6.37,11.8,24.31,34.55,0.091,-0.053,484.1,9.93,35.7,0,test
APDA-ROADMAP-NEG-0412,27.50968,88.44201,1.37,5.7,9.63,10.89,29.87,0.162,-0.07,707.3,0.61,296.6,0,test
APDA-ROADMAP-NEG-0896,26.64065,93.94103,1.78,6.36,10.13,19.41,27.56,0.08,-0.043,819.9,2.75,84.2,0,test
APDA-ROADMAP-NEG-0586,24.70655,93.43395,1.41,1.64,3.44,23.48,40.56,0.08,-0.083,103.1,1.62,280.2,0,test
APDA-ROADMAP-NEG-0105,26.10081,90.1937,0.67,6.05,6.92,15.3,46.9,0.08,-0.14,170.8,2.0,17.5,0,test
APDA-ROADMAP-POS-0206,25.18929,93.02577,28.71,54.97,190.13,273.47,355.53,0.511,0.125,1228.0,40.17,158.9,1,test
APDA-ROADMAP-POS-0035,27.58373,91.86344,21.34,72.44,213.4,368.56,416.33,0.422,0.109,1721.9,37.07,148.2,1,test
APDA-ROADMAP-POS-0776,27.09637,93.6144,19.75,37.04,115.52,264.76,460.96,0.488,0.08,1726.5,32.34,204.8,1,test
APDA-ROADMAP-POS-0509,26.17795,91.75579,19.11,48.22,189.32,362.28,610.58,0.534,0.233,1082.1,39.65,202.1,1,test
APDA-ROADMAP-NEG-0452,27.62507,89.03365,0.07,4.95,5.79,15.22,34.88,0.192,-0.041,182.2,4.57,4.7,0,test
APDA-ROADMAP-NEG-0479,25.21576,94.45624,1.88,5.02,10.06,29.21,51.41,0.192,-0.057,239.5,1.28,180.8,0,test
APDA-ROADMAP-NEG-0971,27.51618,88.99074,1.53,4.92,15.98,29.11,52.15,0.25,-0.108,527.3,4.65,350.2,0,test
APDA-ROADMAP-NEG-0391,27.24799,88.96392,0.44,6.53,15.94,16.17,49.44,0.08,-0.062,115.9,0.82,238.0,0,test
APDA-ROADMAP-POS-0092,27.33974,88.60867,20.33,73.63,205.44,277.31,327.92,0.492,0.179,1648.6,30.56,230.1,1,test
APDA-ROADMAP-NEG-0364,25.21358,91.97323,0.05,6.67,13.05,14.98,42.95,0.157,-0.014,763.9,0.2,316.8,0,test
APDA-ROADMAP-POS-0898,23.73168,92.71893,3.05,21.91,107.08,196.28,278.61,0.32,0.163,597.5,38.55,125.9,1,test
APDA-ROADMAP-POS-0565,25.59826,90.58157,3.95,43.66,177.95,302.65,449.31,0.474,0.092,1158.9,37.73,198.3,1,test
APDA-ROADMAP-NEG-0370,25.66545,93.67865,0.03,3.34,10.93,27.19,39.2,0.085,-0.042,407.0,0.96,254.6,0,test
APDA-ROADMAP-POS-0777,24.78823,93.67943,27.64,70.36,167.22,239.04,381.92,0.32,0.08,696.4,29.25,195.7,1,test
APDA-ROADMAP-POS-0242,25.30061,91.71324,13.89,64.8,184.4,227.11,324.47,0.482,0.18,1033.7,25.27,64.9,1,test
APDA-ROADMAP-POS-0014,27.35023,92.41895,5.12,47.26,126.77,219.16,348.59,0.5,0.116,1780.9,30.76,219.7,1,test
APDA-ROADMAP-POS-0316,27.0983,93.61569,16.54,48.75,169.91,315.31,373.35,0.454,0.156,1670.4,41.49,343.4,1,test
APDA-ROADMAP-POS-0601,25.53855,91.86792,7.02,44.16,192.67,263.22,342.6,0.32,0.189,1249.1,38.95,332.3,1,test
APDA-ROADMAP-POS-0388,24.82886,92.80382,5.24,64.95,108.82,282.64,492.54,0.456,0.183,536.1,29.97,190.7,1,test
APDA-ROADMAP-NEG-0298,24.17575,92.43031,0.42,5.36,12.8,19.3,20.73,0.128,-0.051,528.0,11.46,278.5,0,test
APDA-ROADMAP-POS-0167,25.07434,93.15555,10.85,70.19,184.93,311.42,352.46,0.451,0.186,1392.6,27.25,177.8,1,test
APDA-ROADMAP-POS-0841,25.5392,91.86544,8.23,66.4,147.31,246.85,383.69,0.455,0.104,1080.9,26.97,160.9,1,test
APDA-ROADMAP-POS-0021,25.53843,91.86911,12.27,43.66,111.39,173.46,244.49,0.456,0.143,1227.0,31.79,120.1,1,test
APDA-ROADMAP-POS-0647,25.07457,93.1547,10.6,33.52,143.82,287.0,429.77,0.48,0.199,1108.8,29.75,217.3,1,test
APDA-ROADMAP-NEG-0843,25.47464,92.19441,0.43,5.56,15.11,28.09,40.06,0.2,0.005,132.4,2.3,90.9,0,test
APDA-ROADMAP-NEG-0509,26.01859,92.14133,0.16,4.58,12.12,28.49,55.92,0.233,0.006,157.6,2.37,89.7,0,test
APDA-ROADMAP-NEG-0155,27.84744,92.3298,0.23,7.41,11.16,33.84,38.04,0.28,-0.015,505.7,1.69,31.8,0,test
APDA-ROADMAP-NEG-0529,25.82942,92.04083,0.01,1.02,15.98,38.64,49.84,0.13,-0.014,283.6,3.91,71.4,0,test
APDA-ROADMAP-POS-0832,27.33342,88.61545,12.47,52.78,109.7,213.99,422.48,0.32,0.152,1540.0,35.09,20.0,1,test
APDA-ROADMAP-NEG-0268,24.5299,93.2382,0.49,8.07,20.36,20.84,39.26,0.174,-0.004,83.2,8.97,21.4,0,test
APDA-ROADMAP-NEG-0591,27.25008,88.77903,0.14,3.84,11.07,24.85,44.81,0.196,-0.057,533.0,5.31,90.6,0,test
APDA-ROADMAP-NEG-0900,26.87456,88.68459,0.21,4.23,16.2,38.1,42.13,0.178,-0.041,766.8,0.81,252.1,0,test
APDA-ROADMAP-POS-0563,25.75625,91.90497,6.65,42.94,107.92,258.58,345.46,0.46,0.131,1018.1,43.62,236.6,1,test
APDA-ROADMAP-NEG-0952,27.03029,88.8029,0.06,3.09,12.58,34.92,50.13,0.095,0.087,640.8,2.06,33.0,0,test
APDA-ROADMAP-POS-0687,25.0728,93.1522,7.63,54.75,86.11,217.94,292.21,0.389,0.169,987.2,32.83,195.1,1,test
APDA-ROADMAP-POS-0958,23.73101,92.71537,6.32,49.17,135.66,267.41,463.56,0.32,0.262,529.5,48.22,76.5,1,test
APDA-ROADMAP-POS-0190,26.01115,93.42191,10.61,70.2,194.08,365.33,594.82,0.32,0.176,1118.7,33.84,222.2,1,test
APDA-ROADMAP-NEG-0807,24.81305,93.62247,3.03,10.37,17.72,39.7,53.08,0.106,-0.127,648.4,0.66,109.9,0,test
APDA-ROADMAP-POS-0976,27.09617,93.61412,12.65,60.87,111.4,291.33,367.8,0.412,0.181,1482.5,26.91,144.1,1,test
APDA-ROADMAP-POS-0700,27.03788,88.26031,10.07,61.85,159.6,259.51,450.59,0.41,0.171,1545.6,30.36,219.8,1,test
APDA-ROADMAP-NEG-0500,26.86153,87.83673,2.47,6.26,20.79,42.58,60.6,0.135,-0.043,425.3,1.99,170.3,0,test
APDA-ROADMAP-NEG-0706,25.45918,92.59499,0.01,6.05,19.39,37.27,60.89,0.134,-0.034,96.9,7.42,26.6,0,test
APDA-ROADMAP-POS-0511,27.69523,88.57864,10.36,33.09,176.03,340.2,450.96,0.504,0.174,1517.6,26.62,204.2,1,test
APDA-ROADMAP-NEG-0083,26.00119,91.65139,0.11,3.7,4.27,29.25,39.77,0.248,-0.0,541.9,1.76,86.8,0,test
APDA-ROADMAP-POS-0475,27.59103,91.8682,16.3,34.71,143.5,247.46,432.11,0.32,0.141,1523.6,28.81,182.6,1,test
APDA-ROADMAP-NEG-0585,26.04499,91.03915,0.02,5.74,13.51,19.28,47.54,0.116,-0.043,296.0,6.65,140.3,0,test
APDA-ROADMAP-POS-0857,24.78281,93.68268,16.27,50.65,127.07,172.09,298.3,0.32,0.18,587.2,36.05,271.7,1,test
APDA-ROADMAP-POS-0748,24.83545,92.80279,11.81,60.07,138.83,199.62,287.92,0.431,0.214,547.5,27.86,93.8,1,test
APDA-ROADMAP-POS-0253,27.18308,88.36308,6.55,39.43,144.2,313.42,560.61,0.506,0.115,1442.4,38.28,161.1,1,test
APDA-ROADMAP-POS-0022,25.29853,91.71261,14.71,58.38,103.01,225.37,409.45,0.509,0.1,1226.7,35.57,258.4,1,test
APDA-ROADMAP-NEG-0338,23.30706,92.4938,2.1,4.9,14.16,37.47,47.36,0.206,-0.011,207.0,10.61,252.8,0,test
APDA-ROADMAP-POS-0460,27.04351,88.2637,26.76,67.23,177.52,278.41,412.43,0.363,0.188,1358.0,38.22,138.9,1,test
APDA-ROADMAP-NEG-0185,26.08955,90.41033,0.83,6.91,21.57,33.91,42.91,0.193,-0.013,531.2,2.61,135.2,0,test
APDA-ROADMAP-POS-0277,24.78174,93.68559,8.61,41.52,101.01,280.86,369.08,0.365,0.214,565.3,24.26,228.5,1,test
APDA-ROADMAP-POS-0956,27.10284,93.61611,3.57,37.81,85.31,247.94,299.45,0.423,0.142,1554.4,38.93,157.9,1,test
APDA-ROADMAP-NEG-0216,27.28597,93.44906,0.0,6.35,13.58,36.67,54.9,0.197,-0.076,810.4,2.86,257.6,0,test
APDA-ROADMAP-POS-0386,25.18995,93.03172,8.89,32.77,73.01,145.49,387.5,0.382,0.173,1171.7,35.43,265.9,1,test
APDA-ROADMAP-POS-0806,25.18458,93.02623,8.75,24.5,78.41,122.13,232.12,0.394,0.289,1032.7,45.45,195.8,1,test
APDA-ROADMAP-NEG-0438,24.12192,92.88847,2.39,3.48,14.09,36.67,54.93,0.18,0.006,731.3,1.5,99.7,0,test
APDA-ROADMAP-NEG-0516,26.91162,93.45147,0.26,1.32,14.69,27.69,33.71,0.225,-0.019,223.9,6.96,206.8,0,test
APDA-ROADMAP-POS-0344,25.44036,92.19544,7.81,43.57,100.13,223.25,268.67,0.345,0.244,994.8,38.35,26.9,1,test
APDA-ROADMAP-POS-0770,26.00786,93.42499,19.23,73.06,200.85,279.54,528.05,0.348,0.214,952.6,32.25,224.5,1,test
APDA-ROADMAP-NEG-0333,26.85602,88.06218,0.9,2.24,8.34,26.28,61.05,0.195,-0.009,763.5,0.07,28.8,0,test
APDA-ROADMAP-NEG-0686,24.77712,92.68292,0.02,0.99,5.96,28.5,41.8,0.24,-0.052,700.2,0.52,158.1,0,test
APDA-ROADMAP-POS-0131,27.69217,88.58549,13.65,42.39,102.5,193.6,265.09,0.32,0.135,1654.9,33.63,181.9,1,test
APDA-ROADMAP-NEG-0688,24.65791,93.15933,0.48,4.13,12.42,28.65,37.41,0.122,-0.008,152.9,12.51,31.9,0,test
APDA-ROADMAP-POS-0872,27.32847,88.61023,10.63,68.07,174.12,251.59,426.57,0.345,0.168,1504.4,30.55,140.1,1,test
APDA-ROADMAP-NEG-0124,25.73942,91.87627,0.0,0.98,12.24,23.36,30.32,0.28,-0.012,789.8,4.86,60.7,0,test
APDA-ROADMAP-NEG-0397,24.56673,93.4191,0.9,1.26,7.4,18.95,36.56,0.224,-0.066,615.9,2.24,15.8,0,test
APDA-ROADMAP-POS-0088,24.83709,92.80029,6.6,39.73,169.82,305.21,385.51,0.45,0.187,282.9,30.28,169.6,1,test
APDA-ROADMAP-NEG-0483,25.9235,92.33781,0.52,6.4,7.61,20.28,21.49,0.168,-0.092,537.8,7.3,108.9,0,test
APDA-ROADMAP-POS-0331,27.69547,88.5874,13.26,69.83,120.69,212.29,348.05,0.375,0.202,1545.7,35.17,301.9,1,test
APDA-ROADMAP-NEG-0239,25.24455,93.68608,0.63,6.02,9.48,20.74,53.36,0.08,0.039,451.2,9.45,14.5,0,test
APDA-ROADMAP-POS-0467,25.07494,93.15081,4.25,44.55,185.99,248.79,404.39,0.387,0.087,1177.9,26.31,168.8,1,test
APDA-ROADMAP-POS-0122,25.30138,91.71181,12.99,60.3,143.42,205.3,267.17,0.423,0.321,1209.7,30.0,233.7,1,test
APDA-ROADMAP-NEG-0639,25.94938,94.49876,0.3,7.52,13.73,18.51,33.2,0.158,-0.005,515.6,6.45,173.1,0,test
APDA-ROADMAP-NEG-0045,25.81056,90.89025,1.03,2.58,4.82,26.5,30.77,0.169,-0.04,191.6,0.77,39.3,0,test
APDA-ROADMAP-NEG-0725,25.7743,90.29765,0.14,3.32,11.11,25.43,31.95,0.179,-0.05,630.4,7.75,240.5,0,test
APDA-ROADMAP-NEG-0096,26.70255,93.40065,0.44,5.39,15.63,17.36,41.98,0.08,-0.03,542.0,1.13,195.0,0,test
APDA-ROADMAP-NEG-0131,27.95464,88.11683,0.21,0.64,15.13,25.25,48.27,0.101,-0.023,222.5,2.53,297.5,0,test
APDA-ROADMAP-NEG-0295,27.73995,91.42656,0.52,5.35,15.06,21.98,49.31,0.25,-0.068,636.5,2.35,176.3,0,test
APDA-ROADMAP-POS-0861,25.53568,91.86691,4.58,63.53,143.21,243.54,433.19,0.535,0.08,1285.5,35.2,217.0,1,test
APDA-ROADMAP-NEG-0460,27.52073,87.87617,0.02,4.71,11.16,16.77,30.21,0.256,-0.086,530.9,1.11,105.3,0,test
APDA-ROADMAP-NEG-0127,25.54863,92.65502,0.37,8.0,18.71,33.55,40.88,0.28,-0.049,190.6,2.97,254.4,0,test
