sample_id,coolr_event_id,event_date,state,district,latitude,longitude,landslide_category,trigger_mechanism,landslide,copernicus_elevation_m,copernicus_slope_deg,copernicus_aspect_deg,copernicus_plan_curvature,copernicus_profile_curvature,copernicus_twi,gpm_imerg_rainfall_1d_mm,gpm_imerg_rainfall_3d_mm,gpm_imerg_rainfall_7d_mm,gpm_imerg_peak_intensity_mm_h,smap_surface_moisture_m3m3,smap_rootzone_moisture_m3m3,smap_soil_saturation_ratio,data_source_events,data_source_rainfall,data_source_moisture,data_source_terrain,split
APDA-V1-NEG-00367,NONE_ABSENCE_CONTROL,2021-07-13,Manipur,Imphal East,24.80009,93.82322,none,none,0,904.3,0.98,20.0,-0.0127,-0.00203,8.06,2.56,25.88,60.25,0.43,0.137,0.126,0.305,NASA_COOLR_ABSENCE,NASA_GPM_IMERG,NASA_USDA_SMAP,COPERNICUS_GLO_30,val
APDA-V1-NEG-00619,NONE_ABSENCE_CONTROL,2022-10-26,Assam,Dibrugarh,27.4518,94.98803,none,none,0,3244.8,8.79,34.0,-0.00208,-0.00616,5.98,6.04,26.71,57.95,1.01,0.217,0.2,0.473,NASA_COOLR_ABSENCE,NASA_GPM_IMERG,NASA_USDA_SMAP,COPERNICUS_GLO_30,train
APDA-V1-POS-00423,COOLR-IN-NER-020-INST-423,2022-07-12,Manipur,Noney,24.78833,93.6805,massive_debris_slide,unprecedented_continuous_rain,1,364.2,42.6,196.3,-0.06501,0.04225,5.94,51.02,128.65,376.44,17.07,0.357,0.32,0.712,NASA_COOLR,NASA_GPM_IMERG,NASA_USDA_SMAP,COPERNICUS_GLO_30,test
APDA-V1-POS-00414,COOLR-IN-NER-011-INST-414,2021-07-14,Assam,Karbi Anglong,26.01662,93.41373,debris_flow,continuous_rain,1,924.7,35.8,200.1,-0.0544,0.04388,5.28,104.65,180.52,448.92,28.26,0.499,0.459,0.949,NASA_COOLR,NASA_GPM_IMERG,NASA_USDA_SMAP,COPERNICUS_GLO_30,train
APDA-V1-POS-00452,COOLR-IN-NER-018-INST-452,2022-06-20,Arunachal Pradesh,Papum Pare,27.09928,93.61077,mudslide,continuous_rain,1,1512.9,47.07,162.0,-0.0403,0.05112,5.69,129.4,332.89,622.17,18.77,0.401,0.359,0.74,NASA_COOLR,NASA_GPM_IMERG,NASA_USDA_SMAP,COPERNICUS_GLO_30,train
APDA-V1-NEG-00112,NONE_ABSENCE_CONTROL,2021-06-30,West Bengal,Jalpaiguri,26.43672,88.80524,none,none,0,1398.8,4.08,171.7,0.00493,-0.00291,7.17,1.64,9.13,32.44,0.27,0.125,0.115,0.281,NASA_COOLR_ABSENCE,NASA_GPM_IMERG,NASA_USDA_SMAP,COPERNICUS_GLO_30,test
APDA-V1-NEG-00314,NONE_ABSENCE_CONTROL,2021-09-11,Assam,Nagaon,26.40642,92.57234,none,none,0,731.7,1.68,128.0,-0.0249,-0.02023,8.53,3.15,17.44,30.18,0.52,0.085,0.078,0.175,NASA_COOLR_ABSENCE,NASA_GPM_IMERG,NASA_USDA_SMAP,COPERNICUS_GLO_30,val
APDA-V1-POS-00742,COOLR-IN-NER-029-INST-742,2022-05-13,Tripura,Dhalai,23.85246,91.95476,shallow_slide,heavy_rain,1,1099.1,28.94,236.7,-0.09034,0.05384,6.45,233.51,282.57,393.18,30.84,0.513,0.468,0.941,NASA_COOLR,NASA_GPM_IMERG,NASA_USDA_SMAP,COPERNICUS_GLO_30,val
APDA-V1-NEG-00523,NONE_ABSENCE_CONTROL,2022-12-04,Assam,Dibrugarh,27.36249,94.87751,none,none,0,2430.4,0.85,87.4,0.0143,0.00182,8.61,0.39,22.59,47.58,0.06,0.165,0.152,0.337,NASA_COOLR_ABSENCE,NASA_GPM_IMERG,NASA_USDA_SMAP,COPERNICUS_GLO_30,train
APDA-V1-POS-00260,COOLR-IN-NER-012-INST-260,2023-10-07,Sikkim,North Sikkim,27.69088,88.58151,complex_glol_debris,glacial_lake_outburst_rain,1,2769.8,26.87,166.2,-0.09476,0.01586,6.74,45.29,199.9,298.49,14.46,0.462,0.409,0.909,NASA_COOLR,NASA_GPM_IMERG,NASA_USDA_SMAP,COPERNICUS_GLO_30,train
APDA-V1-NEG-00139,NONE_ABSENCE_CONTROL,2021-02-14,Assam,Dibrugarh,27.54897,94.95133,none,none,0,2024.5,7.64,88.8,-0.00449,-0.00159,5.91,0.76,15.21,38.22,0.13,0.081,0.074,0.19,NASA_COOLR_ABSENCE,NASA_GPM_IMERG,NASA_USDA_SMAP,COPERNICUS_GLO_30,train
APDA-V1-NEG-00683,NONE_ABSENCE_CONTROL,2021-06-27,Assam,Dibrugarh,27.41814,94.96732,none,none,0,2457.7,1.21,19.0,0.00568,-0.01774,8.2,0.08,10.08,25.91,0.01,0.027,0.025,0.054,NASA_COOLR_ABSENCE,NASA_GPM_IMERG,NASA_USDA_SMAP,COPERNICUS_GLO_30,test
APDA-V1-POS-00713,COOLR-IN-NER-031-INST-713,2023-10-08,West Bengal,Kalimpong,27.06042,88.46889,debris_flow,teesta_river_erosion,1,3497.1,32.43,217.9,-0.03487,0.06524,5.31,66.15,117.77,246.9,16.71,0.435,0.394,0.833,NASA_COOLR,NASA_GPM_IMERG,NASA_USDA_SMAP,COPERNICUS_GLO_30,train
APDA-V1-NEG-00633,NONE_ABSENCE_CONTROL,2022-04-03,Assam,Kamrup Metro,26.16634,91.7488,none,none,0,1001.6,3.66,101.0,-0.00207,0.01068,7.4,1.73,22.17,64.18,0.29,0.228,0.209,0.524,NASA_COOLR_ABSENCE,NASA_GPM_IMERG,NASA_USDA_SMAP,COPERNICUS_GLO_30,val
APDA-V1-POS-00071,COOLR-IN-NER-009-INST-71,2022-06-22,Assam,Cachar,24.83159,92.80327,mudslide,flooding_rain,1,1129.0,39.72,24.7,0.01377,0.01246,5.55,120.55,284.27,403.85,21.59,0.377,0.321,0.696,NASA_COOLR,NASA_GPM_IMERG,NASA_USDA_SMAP,COPERNICUS_GLO_30,train
APDA-V1-NEG-00519,NONE_ABSENCE_CONTROL,2023-12-09,Manipur,Imphal East,24.72021,94.07429,none,none,0,1181.4,1.95,41.1,-0.0133,0.00804,8.23,2.33,12.45,33.5,0.39,0.124,0.114,0.294,NASA_COOLR_ABSENCE,NASA_GPM_IMERG,NASA_USDA_SMAP,COPERNICUS_GLO_30,train
APDA-V1-NEG-00742,NONE_ABSENCE_CONTROL,2023-04-10,Tripura,West Tripura,23.782,91.41366,none,none,0,1207.8,5.91,66.2,0.01576,0.01173,7.02,1.5,8.33,48.43,0.25,0.11,0.101,0.261,NASA_COOLR_ABSENCE,NASA_GPM_IMERG,NASA_USDA_SMAP,COPERNICUS_GLO_30,train
APDA-V1-POS-00608,COOLR-IN-NER-019-INST-608,2020-08-04,Arunachal Pradesh,Lower Subansiri,27.5266,93.82113,debris_flow,monsoon_rain,1,2916.3,29.74,195.0,-0.05542,0.0144,5.68,41.11,246.64,331.92,12.39,0.463,0.409,0.894,NASA_COOLR,NASA_GPM_IMERG,NASA_USDA_SMAP,COPERNICUS_GLO_30,train
APDA-V1-POS-00434,COOLR-IN-NER-031-INST-434,2023-09-22,West Bengal,Kalimpong,27.06507,88.47357,debris_flow,teesta_river_erosion,1,2408.5,40.42,162.4,-0.03913,0.02958,6.23,57.45,188.14,418.73,14.14,0.428,0.388,0.813,NASA_COOLR,NASA_GPM_IMERG,NASA_USDA_SMAP,COPERNICUS_GLO_30,val
APDA-V1-POS-00052,COOLR-IN-NER-021-INST-52,2021-08-03,Manipur,Senapati,25.26252,94.01752,translational_slide,monsoon_rain,1,1421.5,32.64,201.7,-0.02211,0.06392,6.36,105.19,201.46,286.52,16.84,0.411,0.371,0.827,NASA_COOLR,NASA_GPM_IMERG,NASA_USDA_SMAP,COPERNICUS_GLO_30,train
APDA-V1-NEG-00450,NONE_ABSENCE_CONTROL,2021-10-08,Assam,Nagaon,26.2256,92.73738,none,none,0,662.7,16.0,18.4,-0.0031,0.01196,5.21,15.19,22.94,53.51,2.53,0.156,0.144,0.33,NASA_COOLR_ABSENCE,NASA_GPM_IMERG,NASA_USDA_SMAP,COPERNICUS_GLO_30,val
APDA-V1-NEG-00379,NONE_ABSENCE_CONTROL,2023-03-06,Assam,Dibrugarh,27.51996,94.98563,none,none,0,2324.9,1.17,143.8,-0.02273,0.02634,6.92,0.12,17.02,55.41,0.02,0.088,0.081,0.202,NASA_COOLR_ABSENCE,NASA_GPM_IMERG,NASA_USDA_SMAP,COPERNICUS_GLO_30,train
APDA-V1-NEG-00441,NONE_ABSENCE_CONTROL,2021-09-05,Assam,Kamrup Metro,26.01547,91.71629,none,none,0,1392.7,2.08,352.4,0.01223,0.00657,7.94,5.81,10.31,49.18,0.97,0.169,0.156,0.385,NASA_COOLR_ABSENCE,NASA_GPM_IMERG,NASA_USDA_SMAP,COPERNICUS_GLO_30,test
APDA-V1-NEG-00500,NONE_ABSENCE_CONTROL,2023-06-07,Meghalaya,Ri-Bhoi,25.98589,91.98714,none,none,0,1786.8,16.0,354.9,0.03711,0.00937,5.22,5.37,6.27,20.53,0.89,0.147,0.136,0.309,NASA_COOLR_ABSENCE,NASA_GPM_IMERG,NASA_USDA_SMAP,COPERNICUS_GLO_30,test
APDA-V1-NEG-00670,NONE_ABSENCE_CONTROL,2021-12-14,Tripura,West Tripura,23.8359,91.29598,none,none,0,390.3,2.25,324.0,0.00181,-0.00385,8.21,1.87,21.66,58.4,0.31,0.021,0.019,0.041,NASA_COOLR_ABSENCE,NASA_GPM_IMERG,NASA_USDA_SMAP,COPERNICUS_GLO_30,val
APDA-V1-POS-00433,COOLR-IN-NER-030-INST-433,2021-10-11,West Bengal,Darjeeling,27.04396,88.26028,rotational_slide,post_monsoon_deluge,1,2057.3,27.75,227.4,-0.04529,0.05411,5.31,110.68,192.02,328.66,20.96,0.528,0.477,0.933,NASA_COOLR,NASA_GPM_IMERG,NASA_USDA_SMAP,COPERNICUS_GLO_30,train
APDA-V1-NEG-00703,NONE_ABSENCE_CONTROL,2021-10-26,Manipur,Imphal East,24.84595,94.07943,none,none,0,1257.0,3.37,84.7,0.01415,0.00398,7.61,2.94,26.89,68.44,0.49,0.24,0.221,0.558,NASA_COOLR_ABSENCE,NASA_GPM_IMERG,NASA_USDA_SMAP,COPERNICUS_GLO_30,train
APDA-V1-NEG-00721,NONE_ABSENCE_CONTROL,2023-07-31,Assam,Kamrup Metro,26.033,91.78628,none,none,0,1397.4,5.68,354.9,0.00884,0.01151,6.83,0.28,12.94,44.98,0.05,0.084,0.077,0.193,NASA_COOLR_ABSENCE,NASA_GPM_IMERG,NASA_USDA_SMAP,COPERNICUS_GLO_30,train
APDA-V1-NEG-00485,NONE_ABSENCE_CONTROL,2022-04-22,Meghalaya,West Garo Hills,25.47651,90.2872,none,none,0,1684.0,0.11,326.7,0.00291,0.00827,9.73,1.91,18.24,50.83,0.32,0.099,0.091,0.204,NASA_COOLR_ABSENCE,NASA_GPM_IMERG,NASA_USDA_SMAP,COPERNICUS_GLO_30,train
APDA-V1-NEG-00532,NONE_ABSENCE_CONTROL,2021-03-15,Meghalaya,Ri-Bhoi,25.93645,91.79008,none,none,0,870.2,6.68,341.1,-0.00419,-5e-05,6.75,2.63,15.63,18.7,0.44,0.136,0.125,0.296,NASA_COOLR_ABSENCE,NASA_GPM_IMERG,NASA_USDA_SMAP,COPERNICUS_GLO_30,train
APDA-V1-NEG-00336,NONE_ABSENCE_CONTROL,2023-06-03,West Bengal,Jalpaiguri,26.5,88.57063,none,none,0,1341.0,8.83,132.7,-0.00906,-0.01306,6.71,1.77,21.95,62.34,0.29,0.224,0.206,0.465,NASA_COOLR_ABSENCE,NASA_GPM_IMERG,NASA_USDA_SMAP,COPERNICUS_GLO_30,val
APDA-V1-POS-00611,COOLR-IN-NER-022-INST-611,2020-07-21,Manipur,Tamenglong,24.98845,93.49192,mudslide,monsoon_rain,1,1154.7,49.97,231.0,-0.07845,0.03285,4.92,140.68,338.32,399.81,21.51,0.372,0.335,0.725,NASA_COOLR,NASA_GPM_IMERG,NASA_USDA_SMAP,COPERNICUS_GLO_30,test
APDA-V1-NEG-00535,NONE_ABSENCE_CONTROL,2023-09-08,Manipur,Imphal East,24.79213,93.89452,none,none,0,1095.6,3.2,235.4,-0.0115,-0.00187,7.52,9.93,28.99,62.17,1.66,0.113,0.104,0.25,NASA_COOLR_ABSENCE,NASA_GPM_IMERG,NASA_USDA_SMAP,COPERNICUS_GLO_30,train
APDA-V1-NEG-00292,NONE_ABSENCE_CONTROL,2023-08-23,Meghalaya,Ri-Bhoi,25.94446,91.71307,none,none,0,1290.8,3.12,203.6,0.00556,0.00409,7.37,12.1,22.24,29.36,2.02,0.104,0.096,0.21,NASA_COOLR_ABSENCE,NASA_GPM_IMERG,NASA_USDA_SMAP,COPERNICUS_GLO_30,train
APDA-V1-POS-00221,COOLR-IN-NER-004-INST-221,2021-08-19,Meghalaya,West Jaintia Hills,25.4463,92.19344,translational_slide,monsoon_rain,1,1659.2,27.86,230.8,-0.02231,0.02132,5.68,72.31,217.46,382.82,20.43,0.461,0.409,0.877,NASA_COOLR,NASA_GPM_IMERG,NASA_USDA_SMAP,COPERNICUS_GLO_30,train
APDA-V1-POS-00340,COOLR-IN-NER-030-INST-340,2021-10-28,West Bengal,Darjeeling,27.03629,88.26229,rotational_slide,post_monsoon_deluge,1,1698.8,35.12,177.2,-0.08206,0.05418,5.09,127.4,196.36,294.71,19.62,0.465,0.411,0.874,NASA_COOLR,NASA_GPM_IMERG,NASA_USDA_SMAP,COPERNICUS_GLO_30,train
APDA-V1-POS-00424,COOLR-IN-NER-021-INST-424,2021-08-09,Manipur,Senapati,25.26726,94.02095,translational_slide,monsoon_rain,1,1723.5,24.75,98.5,-0.06112,0.02319,6.71,146.46,356.51,457.11,43.43,0.451,0.394,0.823,NASA_COOLR,NASA_GPM_IMERG,NASA_USDA_SMAP,COPERNICUS_GLO_30,train
APDA-V1-POS-00429,COOLR-IN-NER-026-INST-429,2023-07-30,Nagaland,Kohima,25.67667,94.11338,translational_slide,continuous_rain,1,936.7,45.37,140.0,-0.01319,0.04138,5.92,56.68,128.26,418.86,12.92,0.355,0.321,0.68,NASA_COOLR,NASA_GPM_IMERG,NASA_USDA_SMAP,COPERNICUS_GLO_30,train
APDA-V1-NEG-00356,NONE_ABSENCE_CONTROL,2022-02-18,Meghalaya,Ri-Bhoi,25.95689,91.76961,none,none,0,1247.6,12.74,43.6,0.00911,0.01402,5.02,0.23,18.09,20.96,0.04,0.175,0.161,0.405,NASA_COOLR_ABSENCE,NASA_GPM_IMERG,NASA_USDA_SMAP,COPERNICUS_GLO_30,train
APDA-V1-POS-00077,COOLR-IN-NER-015-INST-77,2020-08-06,Sikkim,West Sikkim,27.28276,88.24842,translational_slide,continuous_rain,1,3204.6,40.87,22.8,-0.03588,0.05396,6.18,47.75,254.02,410.76,9.79,0.484,0.449,0.955,NASA_COOLR,NASA_GPM_IMERG,NASA_USDA_SMAP,COPERNICUS_GLO_30,train
APDA-V1-NEG-00642,NONE_ABSENCE_CONTROL,2022-02-15,Assam,Nagaon,26.35219,92.75256,none,none,0,1223.5,5.68,290.1,0.00732,0.00189,6.98,2.04,22.32,48.73,0.34,0.198,0.182,0.432,NASA_COOLR_ABSENCE,NASA_GPM_IMERG,NASA_USDA_SMAP,COPERNICUS_GLO_30,train
APDA-V1-POS-00440,COOLR-IN-NER-006-INST-440,2024-05-21,Meghalaya,East Khasi Hills,25.56908,91.87489,shallow_slide,cyclone_remnants,1,1849.9,28.35,70.8,-0.05634,0.03323,6.44,200.61,369.42,452.31,36.99,0.528,0.49,0.957,NASA_COOLR,NASA_GPM_IMERG,NASA_USDA_SMAP,COPERNICUS_GLO_30,val
APDA-V1-NEG-00587,NONE_ABSENCE_CONTROL,2021-11-29,Assam,Dibrugarh,27.60431,94.93958,none,none,0,3089.0,1.27,268.4,-0.02161,0.00076,8.34,0.12,18.16,54.26,0.02,0.13,0.119,0.279,NASA_COOLR_ABSENCE,NASA_GPM_IMERG,NASA_USDA_SMAP,COPERNICUS_GLO_30,val
APDA-V1-NEG-00115,NONE_ABSENCE_CONTROL,2021-11-06,Assam,Dibrugarh,27.62655,94.9747,none,none,0,1921.2,7.91,33.7,0.01676,-0.0018,6.89,2.74,14.92,36.4,0.46,0.301,0.277,0.641,NASA_COOLR_ABSENCE,NASA_GPM_IMERG,NASA_USDA_SMAP,COPERNICUS_GLO_30,train
APDA-V1-NEG-00331,NONE_ABSENCE_CONTROL,2021-01-08,Assam,Dibrugarh,27.36664,94.92587,none,none,0,3022.0,9.28,325.1,0.0112,0.00757,6.52,0.64,12.78,32.29,0.11,0.284,0.261,0.569,NASA_COOLR_ABSENCE,NASA_GPM_IMERG,NASA_USDA_SMAP,COPERNICUS_GLO_30,val
APDA-V1-POS-00355,COOLR-IN-NER-014-INST-355,2021-09-12,Sikkim,South Sikkim,27.18475,88.35386,rotational_slide,monsoon_rain,1,3643.1,39.19,70.2,-0.01704,0.00043,6.13,113.57,301.4,527.68,25.71,0.415,0.379,0.855,NASA_COOLR,NASA_GPM_IMERG,NASA_USDA_SMAP,COPERNICUS_GLO_30,val
APDA-V1-POS-00366,COOLR-IN-NER-025-INST-366,2021-07-29,Mizoram,Champhai,23.47209,93.32766,debris_flow,continuous_rain,1,1177.0,49.08,345.7,-0.07404,0.01736,5.74,133.03,290.21,501.33,32.85,0.465,0.408,0.904,NASA_COOLR,NASA_GPM_IMERG,NASA_USDA_SMAP,COPERNICUS_GLO_30,train
APDA-V1-POS-00310,COOLR-IN-NER-031-INST-310,2023-09-24,West Bengal,Kalimpong,27.06032,88.47229,debris_flow,teesta_river_erosion,1,3296.9,35.38,207.1,-0.06115,0.01516,5.41,35.0,147.29,436.8,6.21,0.353,0.319,0.68,NASA_COOLR,NASA_GPM_IMERG,NASA_USDA_SMAP,COPERNICUS_GLO_30,train
APDA-V1-POS-00737,COOLR-IN-NER-024-INST-737,2022-06-24,Mizoram,Lunglei,22.88624,92.74195,mudslide,monsoon_rain,1,593.3,30.41,163.5,-0.05306,0.05072,6.54,141.51,284.59,431.61,32.94,0.397,0.35,0.723,NASA_COOLR,NASA_GPM_IMERG,NASA_USDA_SMAP,COPERNICUS_GLO_30,train
APDA-V1-NEG-00249,NONE_ABSENCE_CONTROL,2021-04-12,Assam,Kamrup Metro,26.21515,91.834,none,none,0,1017.4,3.5,61.1,-0.00081,-0.00148,6.29,0.09,17.08,27.03,0.02,0.171,0.157,0.343,NASA_COOLR_ABSENCE,NASA_GPM_IMERG,NASA_USDA_SMAP,COPERNICUS_GLO_30,train
APDA-V1-POS-00622,COOLR-IN-NER-002-INST-622,2022-06-05,Meghalaya,East Khasi Hills,25.30466,91.71583,mudslide,downpour,1,630.9,28.77,149.8,-0.01506,0.02755,6.25,62.13,152.92,451.2,15.02,0.413,0.366,0.726,NASA_COOLR,NASA_GPM_IMERG,NASA_USDA_SMAP,COPERNICUS_GLO_30,train
APDA-V1-POS-00544,COOLR-IN-NER-017-INST-544,2021-05-24,Arunachal Pradesh,Tawang,27.58887,91.86959,debris_avalanche,rain_snowmelt,1,3530.7,36.71,2.3,-0.00568,0.0777,6.04,60.62,159.35,444.99,11.66,0.502,0.447,0.876,NASA_COOLR,NASA_GPM_IMERG,NASA_USDA_SMAP,COPERNICUS_GLO_30,train
APDA-V1-NEG-00391,NONE_ABSENCE_CONTROL,2021-01-18,Manipur,Imphal East,24.71827,93.97439,none,none,0,1013.6,7.63,191.9,0.01053,-0.00213,6.12,0.26,19.19,38.06,0.04,0.109,0.1,0.233,NASA_COOLR_ABSENCE,NASA_GPM_IMERG,NASA_USDA_SMAP,COPERNICUS_GLO_30,val
APDA-V1-NEG-00547,NONE_ABSENCE_CONTROL,2021-09-22,Assam,Dibrugarh,27.42269,94.81331,none,none,0,2053.5,14.42,300.0,-0.00085,0.00248,4.73,1.65,10.68,31.57,0.27,0.042,0.039,0.092,NASA_COOLR_ABSENCE,NASA_GPM_IMERG,NASA_USDA_SMAP,COPERNICUS_GLO_30,train
APDA-V1-POS-00555,COOLR-IN-NER-028-INST-555,2020-09-02,Nagaland,Phek,25.68422,94.50318,debris_flow,monsoon_rain,1,1273.2,27.16,183.1,-0.0208,0.02172,6.56,46.29,133.89,329.85,6.79,0.474,0.413,0.883,NASA_COOLR,NASA_GPM_IMERG,NASA_USDA_SMAP,COPERNICUS_GLO_30,val
APDA-V1-POS-00680,COOLR-IN-NER-029-INST-680,2022-05-23,Tripura,Dhalai,23.84987,91.95255,shallow_slide,heavy_rain,1,922.9,35.72,193.7,-0.06769,0.00929,6.28,104.37,260.21,392.02,15.01,0.432,0.381,0.85,NASA_COOLR,NASA_GPM_IMERG,NASA_USDA_SMAP,COPERNICUS_GLO_30,val
APDA-V1-POS-00050,COOLR-IN-NER-019-INST-50,2020-07-29,Arunachal Pradesh,Lower Subansiri,27.52451,93.81842,debris_flow,monsoon_rain,1,1960.8,43.35,187.1,-0.08917,0.05144,6.12,47.11,264.09,321.74,12.4,0.475,0.437,0.868,NASA_COOLR,NASA_GPM_IMERG,NASA_USDA_SMAP,COPERNICUS_GLO_30,train
APDA-V1-POS-00491,COOLR-IN-NER-026-INST-491,2023-07-17,Nagaland,Kohima,25.67047,94.11303,translational_slide,continuous_rain,1,1067.5,36.98,236.0,-0.06515,0.01838,6.03,103.57,302.57,510.87,19.64,0.399,0.357,0.714,NASA_COOLR,NASA_GPM_IMERG,NASA_USDA_SMAP,COPERNICUS_GLO_30,train
APDA-V1-POS-00317,COOLR-IN-NER-007-INST-317,2022-05-11,Assam,Dima Hasao,25.18307,93.0258,rotational_slide,torrential_rain,1,1025.5,28.81,154.4,-0.06,0.06965,6.7,164.19,316.12,370.11,28.35,0.495,0.47,0.978,NASA_COOLR,NASA_GPM_IMERG,NASA_USDA_SMAP,COPERNICUS_GLO_30,train
APDA-V1-NEG-00155,NONE_ABSENCE_CONTROL,2021-10-15,Assam,Dibrugarh,27.46227,94.87213,none,none,0,3775.5,1.24,175.3,0.02443,-0.01178,8.84,2.13,18.13,48.28,0.35,0.303,0.279,0.701,NASA_COOLR_ABSENCE,NASA_GPM_IMERG,NASA_USDA_SMAP,COPERNICUS_GLO_30,train
APDA-V1-POS-00637,COOLR-IN-NER-017-INST-637,2021-06-01,Arunachal Pradesh,Tawang,27.5865,91.86219,debris_avalanche,rain_snowmelt,1,3517.4,46.17,238.0,-0.0653,0.00965,5.31,74.19,120.48,333.82,13.2,0.386,0.339,0.68,NASA_COOLR,NASA_GPM_IMERG,NASA_USDA_SMAP,COPERNICUS_GLO_30,train
APDA-V1-POS-00561,COOLR-IN-NER-003-INST-561,2023-07-03,Meghalaya,Ri-Bhoi,25.75297,91.90785,rockfall,continuous_rain,1,1394.9,31.08,294.6,-0.02566,0.05486,5.92,220.34,381.43,476.37,53.13,0.356,0.319,0.68,NASA_COOLR,NASA_GPM_IMERG,NASA_USDA_SMAP,COPERNICUS_GLO_30,train
APDA-V1-POS-00487,COOLR-IN-NER-022-INST-487,2020-06-26,Manipur,Tamenglong,24.98612,93.50015,mudslide,monsoon_rain,1,289.2,42.46,267.6,-0.02508,0.0269,5.36,96.53,237.13,437.29,22.2,0.503,0.459,0.941,NASA_COOLR,NASA_GPM_IMERG,NASA_USDA_SMAP,COPERNICUS_GLO_30,train
APDA-V1-POS-00068,COOLR-IN-NER-006-INST-68,2024-06-07,Meghalaya,East Khasi Hills,25.56678,91.88149,shallow_slide,cyclone_remnants,1,983.1,30.95,187.2,-0.01181,0.0337,5.61,44.46,192.77,458.04,7.7,0.506,0.471,0.961,NASA_COOLR,NASA_GPM_IMERG,NASA_USDA_SMAP,COPERNICUS_GLO_30,val
APDA-V1-NEG-00062,NONE_ABSENCE_CONTROL,2022-09-10,Tripura,West Tripura,23.82179,91.41354,none,none,0,1228.6,8.37,147.5,0.00221,-0.00377,6.62,19.82,23.84,31.31,3.3,0.088,0.081,0.207,NASA_COOLR_ABSENCE,NASA_GPM_IMERG,NASA_USDA_SMAP,COPERNICUS_GLO_30,train
APDA-V1-POS-00494,COOLR-IN-NER-029-INST-494,2022-05-20,Tripura,Dhalai,23.85473,91.94943,shallow_slide,heavy_rain,1,1306.9,36.13,205.0,-0.06041,0.08706,5.65,51.31,124.4,223.58,18.7,0.521,0.474,0.938,NASA_COOLR,NASA_GPM_IMERG,NASA_USDA_SMAP,COPERNICUS_GLO_30,train
APDA-V1-POS-00311,COOLR-IN-NER-001-INST-311,2023-06-05,Meghalaya,East Khasi Hills,25.53453,91.86436,debris_flow,monsoon_rain,1,1277.3,50.54,238.9,-0.06119,0.09415,4.91,116.08,178.96,487.2,23.92,0.46,0.417,0.836,NASA_COOLR,NASA_GPM_IMERG,NASA_USDA_SMAP,COPERNICUS_GLO_30,train
APDA-V1-NEG-00347,NONE_ABSENCE_CONTROL,2021-12-23,Assam,Dibrugarh,27.58989,94.80443,none,none,0,2713.8,0.02,65.1,0.00411,0.00628,9.6,3.53,19.03,53.99,0.59,0.135,0.124,0.318,NASA_COOLR_ABSENCE,NASA_GPM_IMERG,NASA_USDA_SMAP,COPERNICUS_GLO_30,train
APDA-V1-NEG-00498,NONE_ABSENCE_CONTROL,2021-07-19,Assam,Nagaon,26.49481,92.76261,none,none,0,1004.5,5.32,136.2,-0.00264,-0.00761,7.16,6.34,6.51,20.99,1.06,0.359,0.331,0.731,NASA_COOLR_ABSENCE,NASA_GPM_IMERG,NASA_USDA_SMAP,COPERNICUS_GLO_30,train
APDA-V1-POS-00185,COOLR-IN-NER-030-INST-185,2021-10-11,West Bengal,Darjeeling,27.03619,88.26023,rotational_slide,post_monsoon_deluge,1,2640.1,57.44,155.2,-0.07101,0.05926,5.21,85.37,242.13,396.7,15.05,0.497,0.457,0.95,NASA_COOLR,NASA_GPM_IMERG,NASA_USDA_SMAP,COPERNICUS_GLO_30,train
APDA-V1-POS-00307,COOLR-IN-NER-028-INST-307,2020-09-19,Nagaland,Phek,25.68949,94.50168,debris_flow,monsoon_rain,1,1577.2,50.96,147.7,-0.05901,0.06079,5.32,78.37,193.25,329.51,16.65,0.446,0.39,0.857,NASA_COOLR,NASA_GPM_IMERG,NASA_USDA_SMAP,COPERNICUS_GLO_30,train
APDA-V1-NEG-00103,NONE_ABSENCE_CONTROL,2021-09-11,Manipur,Imphal East,24.66027,94.08262,none,none,0,276.4,4.04,344.8,0.00229,-0.0143,7.03,9.33,25.35,42.06,1.55,0.301,0.276,0.71,NASA_COOLR_ABSENCE,NASA_GPM_IMERG,NASA_USDA_SMAP,COPERNICUS_GLO_30,train
APDA-V1-NEG-00043,NONE_ABSENCE_CONTROL,2023-11-30,Assam,Dibrugarh,27.41464,94.7911,none,none,0,3577.5,3.87,329.0,0.01034,0.01319,6.18,1.9,2.05,20.3,0.32,0.178,0.164,0.394,NASA_COOLR_ABSENCE,NASA_GPM_IMERG,NASA_USDA_SMAP,COPERNICUS_GLO_30,test
APDA-V1-POS-00290,COOLR-IN-NER-011-INST-290,2021-07-23,Assam,Karbi Anglong,26.01229,93.42111,debris_flow,continuous_rain,1,793.0,32.91,30.4,-0.03824,0.00941,6.11,153.03,343.01,625.84,27.38,0.417,0.376,0.826,NASA_COOLR,NASA_GPM_IMERG,NASA_USDA_SMAP,COPERNICUS_GLO_30,train
APDA-V1-POS-00707,COOLR-IN-NER-025-INST-707,2021-07-29,Mizoram,Champhai,23.47917,93.32935,debris_flow,continuous_rain,1,1089.8,33.74,200.0,-0.00219,0.02325,5.76,125.24,322.24,487.09,25.01,0.381,0.349,0.75,NASA_COOLR,NASA_GPM_IMERG,NASA_USDA_SMAP,COPERNICUS_GLO_30,train
APDA-V1-NEG-00580,NONE_ABSENCE_CONTROL,2022-07-13,Meghalaya,Ri-Bhoi,26.0378,91.81466,none,none,0,822.9,2.2,249.3,0.02425,0.01675,7.8,5.2,26.3,37.74,0.87,0.103,0.095,0.225,NASA_COOLR_ABSENCE,NASA_GPM_IMERG,NASA_USDA_SMAP,COPERNICUS_GLO_30,train
APDA-V1-POS-00655,COOLR-IN-NER-004-INST-655,2021-08-25,Meghalaya,West Jaintia Hills,25.43832,92.19389,translational_slide,monsoon_rain,1,1250.8,38.77,177.1,-0.00654,0.08113,5.98,118.68,280.04,483.83,29.26,0.391,0.334,0.68,NASA_COOLR,NASA_GPM_IMERG,NASA_USDA_SMAP,COPERNICUS_GLO_30,train
APDA-V1-POS-00523,COOLR-IN-NER-027-INST-523,2022-08-13,Nagaland,Mokokchung,26.32177,94.52503,mudslide,monsoon_rain,1,1269.1,40.45,212.5,-0.03255,0.02659,6.21,56.86,164.83,443.24,11.83,0.405,0.362,0.79,NASA_COOLR,NASA_GPM_IMERG,NASA_USDA_SMAP,COPERNICUS_GLO_30,train
APDA-V1-POS-00462,COOLR-IN-NER-028-INST-462,2020-08-27,Nagaland,Phek,25.68469,94.49867,debris_flow,monsoon_rain,1,1651.5,36.29,360.0,-0.06686,0.107,6.41,115.11,184.37,368.5,31.63,0.37,0.34,0.68,NASA_COOLR,NASA_GPM_IMERG,NASA_USDA_SMAP,COPERNICUS_GLO_30,train
APDA-V1-NEG-00181,NONE_ABSENCE_CONTROL,2021-07-21,Meghalaya,West Garo Hills,25.64045,90.15304,none,none,0,1874.0,1.55,39.3,-0.00194,0.0169,7.17,15.25,19.07,42.79,2.54,0.138,0.127,0.323,NASA_COOLR_ABSENCE,NASA_GPM_IMERG,NASA_USDA_SMAP,COPERNICUS_GLO_30,val
APDA-V1-NEG-00285,NONE_ABSENCE_CONTROL,2022-04-23,Meghalaya,West Garo Hills,25.59367,90.25195,none,none,0,800.6,0.55,247.3,-0.002,0.00771,8.04,0.98,7.93,38.8,0.16,0.11,0.101,0.252,NASA_COOLR_ABSENCE,NASA_GPM_IMERG,NASA_USDA_SMAP,COPERNICUS_GLO_30,train
APDA-V1-POS-00030,COOLR-IN-NER-030-INST-30,2021-10-22,West Bengal,Darjeeling,27.03802,88.2636,rotational_slide,post_monsoon_deluge,1,3685.5,35.17,292.6,-0.0905,0.04226,4.77,38.97,98.23,170.2,11.95,0.422,0.379,0.755,NASA_COOLR,NASA_GPM_IMERG,NASA_USDA_SMAP,COPERNICUS_GLO_30,train
APDA-V1-POS-00241,COOLR-IN-NER-024-INST-241,2022-06-17,Mizoram,Lunglei,22.8849,92.73927,mudslide,monsoon_rain,1,449.4,42.02,202.2,-0.06954,0.0712,5.93,72.45,129.56,353.09,14.9,0.518,0.468,0.93,NASA_COOLR,NASA_GPM_IMERG,NASA_USDA_SMAP,COPERNICUS_GLO_30,val
APDA-V1-NEG-00049,NONE_ABSENCE_CONTROL,2023-08-25,Assam,Kamrup Metro,26.08862,91.70135,none,none,0,1819.5,6.8,342.9,0.03736,-0.0108,6.22,1.7,2.18,41.61,0.28,0.165,0.152,0.346,NASA_COOLR_ABSENCE,NASA_GPM_IMERG,NASA_USDA_SMAP,COPERNICUS_GLO_30,train
APDA-V1-NEG-00068,NONE_ABSENCE_CONTROL,2022-09-26,Meghalaya,Ri-Bhoi,25.96321,91.93931,none,none,0,1612.8,16.0,153.9,-0.00832,-0.0089,6.11,4.4,21.14,47.81,0.73,0.082,0.075,0.19,NASA_COOLR_ABSENCE,NASA_GPM_IMERG,NASA_USDA_SMAP,COPERNICUS_GLO_30,train
APDA-V1-POS-00066,COOLR-IN-NER-004-INST-66,2021-07-30,Meghalaya,West Jaintia Hills,25.44411,92.19224,translational_slide,monsoon_rain,1,1655.6,26.93,223.9,-0.00715,0.05783,6.09,35.0,120.11,322.95,12.11,0.361,0.331,0.68,NASA_COOLR,NASA_GPM_IMERG,NASA_USDA_SMAP,COPERNICUS_GLO_30,train
APDA-V1-POS-00602,COOLR-IN-NER-013-INST-602,2022-07-07,Sikkim,East Sikkim,27.32636,88.6188,rockfall,heavy_rain,1,1766.9,31.58,185.3,-0.01535,0.00757,5.56,47.12,246.49,474.59,14.27,0.48,0.419,0.877,NASA_COOLR,NASA_GPM_IMERG,NASA_USDA_SMAP,COPERNICUS_GLO_30,val
APDA-V1-NEG-00175,NONE_ABSENCE_CONTROL,2022-06-19,Manipur,Imphal East,24.93378,93.91793,none,none,0,1156.2,0.07,265.6,0.00481,0.00913,9.69,4.7,26.73,58.38,0.78,0.136,0.125,0.283,NASA_COOLR_ABSENCE,NASA_GPM_IMERG,NASA_USDA_SMAP,COPERNICUS_GLO_30,train
APDA-V1-NEG-00005,NONE_ABSENCE_CONTROL,2021-09-24,Meghalaya,West Garo Hills,25.45175,90.18275,none,none,0,1366.7,0.9,350.2,-0.01055,0.01379,7.15,2.51,27.31,39.06,0.42,0.147,0.136,0.324,NASA_COOLR_ABSENCE,NASA_GPM_IMERG,NASA_USDA_SMAP,COPERNICUS_GLO_30,train
APDA-V1-NEG-00177,NONE_ABSENCE_CONTROL,2021-11-16,Assam,Kamrup Metro,26.10487,91.83276,none,none,0,1565.4,14.87,61.5,0.00539,-0.00232,5.45,0.17,11.66,16.67,0.03,0.304,0.28,0.682,NASA_COOLR_ABSENCE,NASA_GPM_IMERG,NASA_USDA_SMAP,COPERNICUS_GLO_30,train
APDA-V1-NEG-00352,NONE_ABSENCE_CONTROL,2021-01-20,West Bengal,Jalpaiguri,26.66657,88.60336,none,none,0,1659.4,10.99,68.5,-0.00505,0.00963,5.04,2.65,3.37,31.11,0.44,0.026,0.024,0.056,NASA_COOLR_ABSENCE,NASA_GPM_IMERG,NASA_USDA_SMAP,COPERNICUS_GLO_30,train
APDA-V1-POS-00248,COOLR-IN-NER-031-INST-248,2023-09-30,West Bengal,Kalimpong,27.06189,88.47452,debris_flow,teesta_river_erosion,1,2413.3,38.09,93.4,0.02447,0.04433,6.31,106.54,317.0,401.94,22.97,0.423,0.379,0.866,NASA_COOLR,NASA_GPM_IMERG,NASA_USDA_SMAP,COPERNICUS_GLO_30,train
APDA-V1-POS-00278,COOLR-IN-NER-030-INST-278,2021-10-06,West Bengal,Darjeeling,27.04011,88.26548,rotational_slide,post_monsoon_deluge,1,2714.3,33.99,182.9,0.00051,0.07722,5.26,103.1,198.85,435.72,24.14,0.484,0.429,0.914,NASA_COOLR,NASA_GPM_IMERG,NASA_USDA_SMAP,COPERNICUS_GLO_30,train
APDA-V1-NEG-00653,NONE_ABSENCE_CONTROL,2021-12-08,Meghalaya,West Garo Hills,25.52721,90.12287,none,none,0,895.5,1.03,94.9,-0.00464,0.02042,8.46,1.16,14.5,47.03,0.19,0.086,0.079,0.173,NASA_COOLR_ABSENCE,NASA_GPM_IMERG,NASA_USDA_SMAP,COPERNICUS_GLO_30,train
APDA-V1-NEG-00317,NONE_ABSENCE_CONTROL,2022-07-28,Meghalaya,West Garo Hills,25.58676,90.02816,none,none,0,1828.1,6.12,354.1,-0.03678,0.00123,6.11,17.96,41.92,72.57,2.99,0.146,0.135,0.316,NASA_COOLR_ABSENCE,NASA_GPM_IMERG,NASA_USDA_SMAP,COPERNICUS_GLO_30,train
APDA-V1-POS-00480,COOLR-IN-NER-015-INST-480,2020-08-14,Sikkim,West Sikkim,27.28751,88.24379,translational_slide,continuous_rain,1,2040.9,36.7,205.8,-0.04378,0.05585,5.82,168.2,314.14,388.57,20.71,0.411,0.378,0.836,NASA_COOLR,NASA_GPM_IMERG,NASA_USDA_SMAP,COPERNICUS_GLO_30,train
APDA-V1-POS-00427,COOLR-IN-NER-024-INST-427,2022-06-16,Mizoram,Lunglei,22.88747,92.74412,mudslide,monsoon_rain,1,975.3,32.82,183.2,-0.09786,0.04763,6.25,71.26,222.28,377.66,9.51,0.45,0.406,0.914,NASA_COOLR,NASA_GPM_IMERG,NASA_USDA_SMAP,COPERNICUS_GLO_30,train
APDA-V1-POS-00124,COOLR-IN-NER-031-INST-124,2023-10-02,West Bengal,Kalimpong,27.06133,88.47438,debris_flow,teesta_river_erosion,1,3463.7,27.31,143.7,-0.0671,0.04029,5.9,61.07,155.37,420.48,12.11,0.427,0.39,0.825,NASA_COOLR,NASA_GPM_IMERG,NASA_USDA_SMAP,COPERNICUS_GLO_30,train
APDA-V1-NEG-00420,NONE_ABSENCE_CONTROL,2021-06-15,Meghalaya,Ri-Bhoi,25.87216,91.98213,none,none,0,1603.1,0.04,202.3,0.01191,-0.00633,9.02,7.11,28.31,58.4,1.19,0.231,0.212,0.48,NASA_COOLR_ABSENCE,NASA_GPM_IMERG,NASA_USDA_SMAP,COPERNICUS_GLO_30,train
APDA-V1-POS-00395,COOLR-IN-NER-023-INST-395,2024-05-18,Mizoram,Aizawl,23.72427,92.71737,stone_quarry_collapse,cyclone_remal_deluge,1,442.7,40.86,151.7,0.01893,0.0069,6.07,64.28,228.35,530.63,14.27,0.389,0.332,0.711,NASA_COOLR,NASA_GPM_IMERG,NASA_USDA_SMAP,COPERNICUS_GLO_30,test
APDA-V1-NEG-00236,NONE_ABSENCE_CONTROL,2023-11-21,Meghalaya,Ri-Bhoi,25.78798,91.9831,none,none,0,1184.0,0.14,217.6,0.0168,0.01156,8.84,0.73,3.26,47.03,0.12,0.107,0.098,0.249,NASA_COOLR_ABSENCE,NASA_GPM_IMERG,NASA_USDA_SMAP,COPERNICUS_GLO_30,test
APDA-V1-POS-00716,COOLR-IN-NER-003-INST-716,2023-06-25,Meghalaya,Ri-Bhoi,25.75341,91.9031,rockfall,continuous_rain,1,1382.1,34.19,9.8,-0.06845,0.04903,6.23,90.78,250.82,312.66,22.59,0.471,0.419,0.838,NASA_COOLR,NASA_GPM_IMERG,NASA_USDA_SMAP,COPERNICUS_GLO_30,train
APDA-V1-NEG-00385,NONE_ABSENCE_CONTROL,2021-03-06,Assam,Kamrup Metro,26.05034,91.72938,none,none,0,1925.0,9.28,266.4,0.00573,-0.00061,6.5,0.89,16.28,31.87,0.15,0.126,0.116,0.299,NASA_COOLR_ABSENCE,NASA_GPM_IMERG,NASA_USDA_SMAP,COPERNICUS_GLO_30,train
APDA-V1-NEG-00335,NONE_ABSENCE_CONTROL,2021-04-07,Manipur,Imphal East,24.90293,93.82399,none,none,0,721.8,0.52,64.4,0.00329,0.00777,9.51,0.92,1.01,6.71,0.15,0.155,0.143,0.339,NASA_COOLR_ABSENCE,NASA_GPM_IMERG,NASA_USDA_SMAP,COPERNICUS_GLO_30,test
APDA-V1-POS-00498,COOLR-IN-NER-002-INST-498,2022-07-01,Meghalaya,East Khasi Hills,25.3077,91.71406,mudslide,downpour,1,1516.7,33.44,76.7,-0.03341,0.02114,5.97,150.89,315.15,414.61,20.6,0.491,0.446,0.894,NASA_COOLR,NASA_GPM_IMERG,NASA_USDA_SMAP,COPERNICUS_GLO_30,val
APDA-V1-POS-00045,COOLR-IN-NER-014-INST-45,2021-08-30,Sikkim,South Sikkim,27.1842,88.36222,rotational_slide,monsoon_rain,1,2308.2,36.26,176.3,-0.04707,-0.00885,6.38,75.75,160.87,352.84,17.09,0.446,0.397,0.867,NASA_COOLR,NASA_GPM_IMERG,NASA_USDA_SMAP,COPERNICUS_GLO_30,val
APDA-V1-POS-00060,COOLR-IN-NER-029-INST-60,2022-06-05,Tripura,Dhalai,23.85463,91.95105,shallow_slide,heavy_rain,1,526.7,36.65,217.3,-0.05026,0.04392,6.14,204.87,400.38,613.38,24.33,0.506,0.465,0.94,NASA_COOLR,NASA_GPM_IMERG,NASA_USDA_SMAP,COPERNICUS_GLO_30,train
APDA-V1-NEG-00412,NONE_ABSENCE_CONTROL,2021-10-29,Meghalaya,Ri-Bhoi,26.02678,91.91062,none,none,0,1554.1,1.07,160.1,-0.00206,-0.00583,8.91,0.09,24.3,58.95,0.02,0.238,0.219,0.552,NASA_COOLR_ABSENCE,NASA_GPM_IMERG,NASA_USDA_SMAP,COPERNICUS_GLO_30,train
APDA-V1-POS-00024,COOLR-IN-NER-024-INST-24,2022-06-08,Mizoram,Lunglei,22.87925,92.74383,mudslide,monsoon_rain,1,1372.8,38.77,60.3,-0.04086,0.05509,5.85,48.1,197.25,397.61,11.91,0.436,0.39,0.842,NASA_COOLR,NASA_GPM_IMERG,NASA_USDA_SMAP,COPERNICUS_GLO_30,train
APDA-V1-NEG-00125,NONE_ABSENCE_CONTROL,2022-03-20,Meghalaya,West Garo Hills,25.60248,90.16631,none,none,0,1887.7,0.71,20.2,-0.01278,0.01202,8.72,1.55,4.01,21.01,0.26,0.073,0.068,0.175,NASA_COOLR_ABSENCE,NASA_GPM_IMERG,NASA_USDA_SMAP,COPERNICUS_GLO_30,test
APDA-V1-POS-00482,COOLR-IN-NER-017-INST-482,2021-05-16,Arunachal Pradesh,Tawang,27.58342,91.86939,debris_avalanche,rain_snowmelt,1,3749.5,30.83,168.5,-0.02381,0.02832,5.56,82.1,249.94,329.47,13.35,0.454,0.403,0.857,NASA_COOLR,NASA_GPM_IMERG,NASA_USDA_SMAP,COPERNICUS_GLO_30,train
APDA-V1-NEG-00575,NONE_ABSENCE_CONTROL,2023-03-30,Manipur,Imphal East,24.93035,94.02362,none,none,0,1085.8,6.56,256.9,0.00348,0.00968,6.21,0.26,21.93,31.23,0.04,0.026,0.024,0.056,NASA_COOLR_ABSENCE,NASA_GPM_IMERG,NASA_USDA_SMAP,COPERNICUS_GLO_30,train
APDA-V1-POS-00746,COOLR-IN-NER-002-INST-746,2022-06-22,Meghalaya,East Khasi Hills,25.30653,91.71033,mudslide,downpour,1,1525.6,38.28,135.5,-0.08537,0.00986,5.77,146.15,195.62,288.8,20.47,0.345,0.316,0.68,NASA_COOLR,NASA_GPM_IMERG,NASA_USDA_SMAP,COPERNICUS_GLO_30,train
APDA-V1-POS-00232,COOLR-IN-NER-015-INST-232,2020-08-15,Sikkim,West Sikkim,27.29026,88.24511,translational_slide,continuous_rain,1,1572.5,35.72,252.4,-0.01241,0.0349,5.05,134.27,353.7,496.3,38.5,0.407,0.374,0.811,NASA_COOLR,NASA_GPM_IMERG,NASA_USDA_SMAP,COPERNICUS_GLO_30,train
APDA-V1-POS-00125,COOLR-IN-NER-001-INST-125,2023-06-04,Meghalaya,East Khasi Hills,25.53172,91.87208,debris_flow,monsoon_rain,1,1452.7,27.82,199.5,0.0144,0.04145,6.12,50.73,218.84,344.75,13.28,0.457,0.42,0.903,NASA_COOLR,NASA_GPM_IMERG,NASA_USDA_SMAP,COPERNICUS_GLO_30,train
APDA-V1-POS-00428,COOLR-IN-NER-025-INST-428,2021-07-25,Mizoram,Champhai,23.4729,93.32624,debris_flow,continuous_rain,1,1447.3,44.08,165.3,-0.10518,0.04892,6.02,75.3,182.23,264.58,14.97,0.424,0.382,0.854,NASA_COOLR,NASA_GPM_IMERG,NASA_USDA_SMAP,COPERNICUS_GLO_30,test
APDA-V1-NEG-00069,NONE_ABSENCE_CONTROL,2023-02-09,Meghalaya,West Garo Hills,25.39646,90.26315,none,none,0,873.0,4.17,352.1,0.01509,0.00949,6.72,6.03,26.78,48.17,1.01,0.082,0.076,0.195,NASA_COOLR_ABSENCE,NASA_GPM_IMERG,NASA_USDA_SMAP,COPERNICUS_GLO_30,val
APDA-V1-POS-00169,COOLR-IN-NER-014-INST-169,2021-09-08,Sikkim,South Sikkim,27.18935,88.36115,rotational_slide,monsoon_rain,1,2708.2,43.18,201.4,-0.02777,0.0453,5.48,55.54,126.01,201.19,16.28,0.455,0.406,0.882,NASA_COOLR,NASA_GPM_IMERG,NASA_USDA_SMAP,COPERNICUS_GLO_30,val
APDA-V1-POS-00116,COOLR-IN-NER-023-INST-116,2024-05-29,Mizoram,Aizawl,23.72899,92.71502,stone_quarry_collapse,cyclone_remal_deluge,1,1023.5,45.83,186.7,-0.04469,0.03021,5.01,176.41,344.68,553.28,26.35,0.455,0.402,0.849,NASA_COOLR,NASA_GPM_IMERG,NASA_USDA_SMAP,COPERNICUS_GLO_30,train
APDA-V1-NEG-00339,NONE_ABSENCE_CONTROL,2022-11-15,Assam,Dibrugarh,27.54022,94.97567,none,none,0,2533.1,2.34,39.2,0.00531,-0.00172,7.99,4.68,8.63,15.92,0.78,0.267,0.245,0.614,NASA_COOLR_ABSENCE,NASA_GPM_IMERG,NASA_USDA_SMAP,COPERNICUS_GLO_30,train
APDA-V1-NEG-00237,NONE_ABSENCE_CONTROL,2021-02-12,Meghalaya,West Garo Hills,25.47409,90.21941,none,none,0,1494.0,5.07,323.9,-0.00162,-0.00184,7.04,0.01,9.91,45.25,0.0,0.041,0.038,0.087,NASA_COOLR_ABSENCE,NASA_GPM_IMERG,NASA_USDA_SMAP,COPERNICUS_GLO_30,train
APDA-V1-NEG-00646,NONE_ABSENCE_CONTROL,2021-01-08,Tripura,West Tripura,23.82834,91.33205,none,none,0,1274.5,5.87,51.5,-0.00968,0.00313,6.8,0.71,21.07,61.82,0.12,0.156,0.144,0.322,NASA_COOLR_ABSENCE,NASA_GPM_IMERG,NASA_USDA_SMAP,COPERNICUS_GLO_30,train
APDA-V1-NEG-00675,NONE_ABSENCE_CONTROL,2022-04-04,Assam,Dibrugarh,27.52496,94.85522,none,none,0,3106.9,6.3,60.2,0.01201,-0.00539,6.31,5.57,6.95,22.4,0.93,0.267,0.246,0.57,NASA_COOLR_ABSENCE,NASA_GPM_IMERG,NASA_USDA_SMAP,COPERNICUS_GLO_30,train
APDA-V1-POS-00416,COOLR-IN-NER-013-INST-416,2022-07-02,Sikkim,East Sikkim,27.32863,88.61039,rockfall,heavy_rain,1,1648.5,40.84,177.0,-0.01058,0.04665,6.18,54.28,239.54,491.93,14.45,0.423,0.372,0.848,NASA_COOLR,NASA_GPM_IMERG,NASA_USDA_SMAP,COPERNICUS_GLO_30,train
APDA-V1-POS-00142,COOLR-IN-NER-018-INST-142,2022-07-12,Arunachal Pradesh,Papum Pare,27.09992,93.61232,mudslide,continuous_rain,1,3080.7,38.63,216.5,-0.0397,0.05358,6.04,70.49,247.97,367.6,12.87,0.482,0.434,0.86,NASA_COOLR,NASA_GPM_IMERG,NASA_USDA_SMAP,COPERNICUS_GLO_30,train
APDA-V1-NEG-00484,NONE_ABSENCE_CONTROL,2021-12-21,Meghalaya,Ri-Bhoi,26.02419,91.90959,none,none,0,1788.4,7.87,225.1,0.01115,-0.00293,6.36,6.56,17.9,58.9,1.09,0.109,0.101,0.227,NASA_COOLR_ABSENCE,NASA_GPM_IMERG,NASA_USDA_SMAP,COPERNICUS_GLO_30,train
APDA-V1-NEG-00544,NONE_ABSENCE_CONTROL,2021-05-21,West Bengal,Jalpaiguri,26.50301,88.84281,none,none,0,1859.2,2.43,170.3,0.01169,0.00044,6.99,2.29,27.12,62.6,0.38,0.22,0.203,0.5,NASA_COOLR_ABSENCE,NASA_GPM_IMERG,NASA_USDA_SMAP,COPERNICUS_GLO_30,train
APDA-V1-NEG-00013,NONE_ABSENCE_CONTROL,2022-07-15,Meghalaya,West Garo Hills,25.61898,90.24155,none,none,0,979.0,16.0,26.2,0.00979,0.01036,5.18,8.8,27.56,67.15,1.47,0.177,0.162,0.414,NASA_COOLR_ABSENCE,NASA_GPM_IMERG,NASA_USDA_SMAP,COPERNICUS_GLO_30,train
APDA-V1-NEG-00457,NONE_ABSENCE_CONTROL,2023-11-21,Assam,Kamrup Metro,26.07676,91.81544,none,none,0,1590.1,8.53,180.0,0.00997,-0.00334,6.4,4.16,16.38,45.03,0.69,0.12,0.11,0.262,NASA_COOLR_ABSENCE,NASA_GPM_IMERG,NASA_USDA_SMAP,COPERNICUS_GLO_30,train
APDA-V1-POS-00463,COOLR-IN-NER-029-INST-463,2022-05-24,Tripura,Dhalai,23.8537,91.95926,shallow_slide,heavy_rain,1,1117.3,34.51,234.6,0.05526,0.08459,6.04,133.53,216.78,477.12,22.52,0.471,0.418,0.896,NASA_COOLR,NASA_GPM_IMERG,NASA_USDA_SMAP,COPERNICUS_GLO_30,train
APDA-V1-NEG-00494,NONE_ABSENCE_CONTROL,2022-12-20,Tripura,West Tripura,23.75587,91.3098,none,none,0,340.1,2.88,329.8,0.00985,0.01139,6.22,0.19,16.49,54.06,0.03,0.229,0.21,0.538,NASA_COOLR_ABSENCE,NASA_GPM_IMERG,NASA_USDA_SMAP,COPERNICUS_GLO_30,train
APDA-V1-POS-00079,COOLR-IN-NER-017-INST-79,2021-05-04,Arunachal Pradesh,Tawang,27.57728,91.86471,debris_avalanche,rain_snowmelt,1,2745.8,18.5,176.6,-0.01616,0.04502,7.07,128.34,330.36,534.66,30.4,0.457,0.411,0.884,NASA_COOLR,NASA_GPM_IMERG,NASA_USDA_SMAP,COPERNICUS_GLO_30,test
APDA-V1-NEG-00255,NONE_ABSENCE_CONTROL,2021-05-15,Manipur,Imphal East,24.81813,93.85734,none,none,0,544.9,13.68,21.4,-0.00402,0.00103,5.59,5.76,6.12,40.87,0.96,0.2,0.184,0.401,NASA_COOLR_ABSENCE,NASA_GPM_IMERG,NASA_USDA_SMAP,COPERNICUS_GLO_30,train
APDA-V1-NEG-00741,NONE_ABSENCE_CONTROL,2022-02-18,Meghalaya,West Garo Hills,25.56057,90.09716,none,none,0,837.7,1.19,346.0,0.01208,-0.00431,8.7,1.29,16.17,34.47,0.22,0.129,0.118,0.285,NASA_COOLR_ABSENCE,NASA_GPM_IMERG,NASA_USDA_SMAP,COPERNICUS_GLO_30,train
APDA-V1-POS-00572,COOLR-IN-NER-014-INST-572,2021-09-16,Sikkim,South Sikkim,27.18022,88.36012,rotational_slide,monsoon_rain,1,2372.3,26.47,170.1,-0.07593,0.03267,6.32,51.71,237.73,419.39,14.55,0.408,0.365,0.775,NASA_COOLR,NASA_GPM_IMERG,NASA_USDA_SMAP,COPERNICUS_GLO_30,train
APDA-V1-POS-00016,COOLR-IN-NER-016-INST-16,2023-06-19,Arunachal Pradesh,West Kameng,27.35675,92.41645,rockfall,cloudburst,1,3279.5,39.23,211.5,-0.01881,0.02195,5.44,35.0,170.26,391.25,13.66,0.425,0.366,0.825,NASA_COOLR,NASA_GPM_IMERG,NASA_USDA_SMAP,COPERNICUS_GLO_30,train
APDA-V1-POS-00495,COOLR-IN-NER-030-INST-495,2021-10-09,West Bengal,Darjeeling,27.04478,88.26518,rotational_slide,post_monsoon_deluge,1,2765.9,48.95,335.1,-0.02619,-0.00893,5.81,145.56,271.11,377.47,19.41,0.36,0.312,0.68,NASA_COOLR,NASA_GPM_IMERG,NASA_USDA_SMAP,COPERNICUS_GLO_30,test
APDA-V1-POS-00351,COOLR-IN-NER-010-INST-351,2023-07-24,Assam,Kamrup Metropolitan,26.16971,91.75569,shallow_slide,urban_downpour,1,1483.6,35.36,183.4,-0.02424,-0.01708,6.04,105.9,313.18,435.15,28.1,0.399,0.361,0.804,NASA_COOLR,NASA_GPM_IMERG,NASA_USDA_SMAP,COPERNICUS_GLO_30,train
APDA-V1-NEG-00250,NONE_ABSENCE_CONTROL,2022-02-08,Assam,Nagaon,26.40713,92.6891,none,none,0,1430.9,3.96,284.5,-0.01057,0.01509,5.9,1.93,26.9,69.71,0.32,0.348,0.32,0.744,NASA_COOLR_ABSENCE,NASA_GPM_IMERG,NASA_USDA_SMAP,COPERNICUS_GLO_30,val
APDA-V1-POS-00275,COOLR-IN-NER-027-INST-275,2022-07-23,Nagaland,Mokokchung,26.32808,94.51775,mudslide,monsoon_rain,1,1482.2,41.01,55.1,-0.05667,0.00598,5.83,79.6,147.9,311.66,10.99,0.411,0.365,0.768,NASA_COOLR,NASA_GPM_IMERG,NASA_USDA_SMAP,COPERNICUS_GLO_30,train
APDA-V1-NEG-00442,NONE_ABSENCE_CONTROL,2022-10-17,Assam,Nagaon,26.48207,92.78715,none,none,0,1300.8,5.29,233.3,0.02326,0.01738,6.82,0.87,17.98,21.05,0.14,0.125,0.115,0.287,NASA_COOLR_ABSENCE,NASA_GPM_IMERG,NASA_USDA_SMAP,COPERNICUS_GLO_30,train
APDA-V1-POS-00272,COOLR-IN-NER-024-INST-272,2022-06-14,Mizoram,Lunglei,22.88315,92.74726,mudslide,monsoon_rain,1,756.2,33.76,199.0,-0.1058,0.03414,6.45,147.61,344.54,507.48,21.97,0.481,0.428,0.861,NASA_COOLR,NASA_GPM_IMERG,NASA_USDA_SMAP,COPERNICUS_GLO_30,train
APDA-V1-NEG-00724,NONE_ABSENCE_CONTROL,2022-09-03,Meghalaya,Ri-Bhoi,25.82103,91.88196,none,none,0,1060.7,4.68,234.2,-0.02243,-0.00896,7.48,9.51,18.53,37.11,1.58,0.047,0.043,0.095,NASA_COOLR_ABSENCE,NASA_GPM_IMERG,NASA_USDA_SMAP,COPERNICUS_GLO_30,test
APDA-V1-POS-00238,COOLR-IN-NER-021-INST-238,2021-08-14,Manipur,Senapati,25.26543,94.01902,translational_slide,monsoon_rain,1,987.5,54.44,129.5,-0.0506,0.04677,4.19,71.32,283.39,557.22,18.57,0.497,0.436,0.892,NASA_COOLR,NASA_GPM_IMERG,NASA_USDA_SMAP,COPERNICUS_GLO_30,train
APDA-V1-POS-00586,COOLR-IN-NER-028-INST-586,2020-09-14,Nagaland,Phek,25.68375,94.49993,debris_flow,monsoon_rain,1,1945.6,36.69,214.1,-0.02875,0.04935,6.36,89.7,158.78,411.71,24.18,0.454,0.411,0.837,NASA_COOLR,NASA_GPM_IMERG,NASA_USDA_SMAP,COPERNICUS_GLO_30,train
APDA-V1-NEG-00563,NONE_ABSENCE_CONTROL,2022-10-01,Assam,Dibrugarh,27.40406,95.0148,none,none,0,3292.8,3.38,184.4,0.02076,0.01444,7.3,2.61,14.72,48.31,0.44,0.285,0.262,0.667,NASA_COOLR_ABSENCE,NASA_GPM_IMERG,NASA_USDA_SMAP,COPERNICUS_GLO_30,train
APDA-V1-POS-00695,COOLR-IN-NER-013-INST-695,2022-07-11,Sikkim,East Sikkim,27.33083,88.61619,rockfall,heavy_rain,1,2092.3,44.56,190.4,-0.03346,0.06518,5.42,96.91,182.22,410.2,25.04,0.448,0.398,0.887,NASA_COOLR,NASA_GPM_IMERG,NASA_USDA_SMAP,COPERNICUS_GLO_30,train
APDA-V1-NEG-00252,NONE_ABSENCE_CONTROL,2022-02-05,Meghalaya,Ri-Bhoi,25.92402,91.8344,none,none,0,1898.6,5.23,238.9,0.01705,-0.00097,6.6,7.27,15.91,60.4,1.21,0.273,0.251,0.601,NASA_COOLR_ABSENCE,NASA_GPM_IMERG,NASA_USDA_SMAP,COPERNICUS_GLO_30,train
APDA-V1-POS-00323,COOLR-IN-NER-013-INST-323,2022-07-05,Sikkim,East Sikkim,27.32442,88.61601,rockfall,heavy_rain,1,3078.4,33.62,155.9,-0.04404,0.03958,6.18,113.46,219.39,390.48,26.31,0.454,0.416,0.872,NASA_COOLR,NASA_GPM_IMERG,NASA_USDA_SMAP,COPERNICUS_GLO_30,train
APDA-V1-NEG-00033,NONE_ABSENCE_CONTROL,2021-07-21,Assam,Kamrup Metro,26.07899,91.81496,none,none,0,1327.6,3.71,26.3,0.01563,-0.00701,7.44,2.82,22.41,50.76,0.47,0.262,0.241,0.56,NASA_COOLR_ABSENCE,NASA_GPM_IMERG,NASA_USDA_SMAP,COPERNICUS_GLO_30,train
APDA-V1-NEG-00609,NONE_ABSENCE_CONTROL,2022-12-04,Assam,Kamrup Metro,26.19147,91.60714,none,none,0,1665.6,3.33,55.7,0.00789,0.01088,7.58,4.96,21.51,33.01,0.83,0.162,0.149,0.366,NASA_COOLR_ABSENCE,NASA_GPM_IMERG,NASA_USDA_SMAP,COPERNICUS_GLO_30,val
APDA-V1-NEG-00454,NONE_ABSENCE_CONTROL,2022-02-14,Tripura,West Tripura,23.84508,91.34729,none,none,0,425.2,3.96,357.8,0.03016,0.00681,7.51,1.02,19.48,45.52,0.17,0.095,0.087,0.221,NASA_COOLR_ABSENCE,NASA_GPM_IMERG,NASA_USDA_SMAP,COPERNICUS_GLO_30,test
APDA-V1-NEG-00221,NONE_ABSENCE_CONTROL,2022-04-18,Meghalaya,West Garo Hills,25.42868,90.1968,none,none,0,828.6,7.95,285.5,0.00221,0.00114,6.59,0.23,2.85,12.98,0.04,0.131,0.121,0.269,NASA_COOLR_ABSENCE,NASA_GPM_IMERG,NASA_USDA_SMAP,COPERNICUS_GLO_30,train
APDA-V1-NEG-00717,NONE_ABSENCE_CONTROL,2022-09-01,Meghalaya,West Garo Hills,25.51222,90.21059,none,none,0,1006.1,1.13,144.5,-0.00038,0.01126,7.86,14.65,29.16,36.05,2.44,0.264,0.243,0.623,NASA_COOLR_ABSENCE,NASA_GPM_IMERG,NASA_USDA_SMAP,COPERNICUS_GLO_30,train
APDA-V1-POS-00527,COOLR-IN-NER-031-INST-527,2023-09-28,West Bengal,Kalimpong,27.06146,88.47562,debris_flow,teesta_river_erosion,1,3769.8,32.12,238.0,-0.01348,0.05161,5.22,38.98,112.63,399.38,12.08,0.451,0.396,0.775,NASA_COOLR,NASA_GPM_IMERG,NASA_USDA_SMAP,COPERNICUS_GLO_30,train
APDA-V1-NEG-00676,NONE_ABSENCE_CONTROL,2021-07-01,Meghalaya,Ri-Bhoi,25.9305,91.74695,none,none,0,1396.2,4.53,281.5,0.01108,0.01705,7.12,1.41,16.67,44.61,0.24,0.196,0.181,0.449,NASA_COOLR_ABSENCE,NASA_GPM_IMERG,NASA_USDA_SMAP,COPERNICUS_GLO_30,train
APDA-V1-NEG-00421,NONE_ABSENCE_CONTROL,2022-04-26,Meghalaya,West Garo Hills,25.64191,90.21686,none,none,0,723.9,12.36,9.0,-0.01754,0.00644,6.51,1.67,8.28,43.67,0.28,0.061,0.056,0.135,NASA_COOLR_ABSENCE,NASA_GPM_IMERG,NASA_USDA_SMAP,COPERNICUS_GLO_30,train
APDA-V1-POS-00176,COOLR-IN-NER-021-INST-176,2021-07-23,Manipur,Senapati,25.26229,94.02186,translational_slide,monsoon_rain,1,734.8,47.73,172.4,-0.02997,0.05711,5.6,207.5,402.1,537.43,23.46,0.472,0.432,0.894,NASA_COOLR,NASA_GPM_IMERG,NASA_USDA_SMAP,COPERNICUS_GLO_30,train
APDA-V1-POS-00359,COOLR-IN-NER-018-INST-359,2022-06-24,Arunachal Pradesh,Papum Pare,27.09948,93.61549,mudslide,continuous_rain,1,1923.0,43.09,203.8,-0.0376,0.01606,6.13,47.93,245.44,488.17,10.81,0.337,0.3,0.68,NASA_COOLR,NASA_GPM_IMERG,NASA_USDA_SMAP,COPERNICUS_GLO_30,val
APDA-V1-POS-00044,COOLR-IN-NER-013-INST-44,2022-07-10,Sikkim,East Sikkim,27.3287,88.61597,rockfall,heavy_rain,1,2933.7,41.6,287.1,-0.03399,0.00838,6.07,188.89,312.2,571.12,47.47,0.356,0.305,0.68,NASA_COOLR,NASA_GPM_IMERG,NASA_USDA_SMAP,COPERNICUS_GLO_30,val
APDA-V1-POS-00417,COOLR-IN-NER-014-INST-417,2021-08-31,Sikkim,South Sikkim,27.18962,88.34997,rotational_slide,monsoon_rain,1,3199.0,36.09,17.9,-0.05402,0.01644,6.08,61.61,158.07,364.23,16.96,0.452,0.409,0.857,NASA_COOLR,NASA_GPM_IMERG,NASA_USDA_SMAP,COPERNICUS_GLO_30,train
APDA-V1-POS-00345,COOLR-IN-NER-004-INST-345,2021-08-17,Meghalaya,West Jaintia Hills,25.43869,92.19052,translational_slide,monsoon_rain,1,989.5,29.21,192.3,-0.06152,-0.01601,6.36,83.71,192.59,430.17,22.54,0.48,0.433,0.864,NASA_COOLR,NASA_GPM_IMERG,NASA_USDA_SMAP,COPERNICUS_GLO_30,test
APDA-V1-NEG-00277,NONE_ABSENCE_CONTROL,2021-07-18,Meghalaya,West Garo Hills,25.54983,90.18966,none,none,0,1690.1,6.11,315.8,0.01111,-0.01227,6.99,16.88,40.05,47.7,2.81,0.184,0.169,0.405,NASA_COOLR_ABSENCE,NASA_GPM_IMERG,NASA_USDA_SMAP,COPERNICUS_GLO_30,train
APDA-V1-NEG-00652,NONE_ABSENCE_CONTROL,2021-01-20,Meghalaya,Ri-Bhoi,25.82602,91.8212,none,none,0,1232.9,0.35,323.1,0.00829,0.00013,9.29,2.26,3.93,38.9,0.38,0.176,0.162,0.38,NASA_COOLR_ABSENCE,NASA_GPM_IMERG,NASA_USDA_SMAP,COPERNICUS_GLO_30,train
APDA-V1-POS-00102,COOLR-IN-NER-009-INST-102,2022-06-17,Assam,Cachar,24.83397,92.80367,mudslide,flooding_rain,1,834.1,47.17,239.7,-0.04712,0.04326,5.75,58.65,113.65,275.44,10.39,0.408,0.354,0.727,NASA_COOLR,NASA_GPM_IMERG,NASA_USDA_SMAP,COPERNICUS_GLO_30,train
APDA-V1-POS-00108,COOLR-IN-NER-015-INST-108,2020-08-25,Sikkim,West Sikkim,27.28919,88.24382,translational_slide,continuous_rain,1,2657.0,25.15,215.5,-0.02915,0.06184,6.74,89.5,189.25,286.52,13.17,0.469,0.427,0.905,NASA_COOLR,NASA_GPM_IMERG,NASA_USDA_SMAP,COPERNICUS_GLO_30,train
APDA-V1-NEG-00740,NONE_ABSENCE_CONTROL,2022-07-03,Meghalaya,Ri-Bhoi,25.79595,91.93048,none,none,0,1536.5,0.18,59.2,-0.00875,0.01552,8.05,0.28,1.25,25.14,0.05,0.187,0.172,0.421,NASA_COOLR_ABSENCE,NASA_GPM_IMERG,NASA_USDA_SMAP,COPERNICUS_GLO_30,val
APDA-V1-NEG-00303,NONE_ABSENCE_CONTROL,2023-01-25,Manipur,Imphal East,24.79177,93.96397,none,none,0,527.1,3.76,292.1,-0.01549,0.00676,7.14,1.91,16.7,26.51,0.32,0.293,0.269,0.69,NASA_COOLR_ABSENCE,NASA_GPM_IMERG,NASA_USDA_SMAP,COPERNICUS_GLO_30,val
APDA-V1-NEG-00215,NONE_ABSENCE_CONTROL,2021-08-22,Manipur,Imphal East,24.6745,94.07494,none,none,0,1038.5,0.53,229.4,0.01594,0.00962,9.03,19.35,35.45,72.29,3.23,0.292,0.269,0.593,NASA_COOLR_ABSENCE,NASA_GPM_IMERG,NASA_USDA_SMAP,COPERNICUS_GLO_30,train
APDA-V1-POS-00381,COOLR-IN-NER-009-INST-381,2022-07-03,Assam,Cachar,24.83523,92.79809,mudslide,flooding_rain,1,715.8,43.21,159.4,-0.0345,0.02447,6.09,69.33,165.95,454.3,9.6,0.469,0.435,0.956,NASA_COOLR,NASA_GPM_IMERG,NASA_USDA_SMAP,COPERNICUS_GLO_30,test
APDA-V1-POS-00245,COOLR-IN-NER-028-INST-245,2020-09-14,Nagaland,Phek,25.68493,94.50154,debris_flow,monsoon_rain,1,921.7,55.59,168.0,-0.12283,0.0505,5.56,46.28,255.74,362.61,13.93,0.482,0.443,0.904,NASA_COOLR,NASA_GPM_IMERG,NASA_USDA_SMAP,COPERNICUS_GLO_30,train
APDA-V1-NEG-00350,NONE_ABSENCE_CONTROL,2022-04-02,Tripura,West Tripura,23.74759,91.30441,none,none,0,1355.6,0.06,15.5,0.0137,0.01735,8.56,0.32,16.77,21.56,0.05,0.163,0.15,0.337,NASA_COOLR_ABSENCE,NASA_GPM_IMERG,NASA_USDA_SMAP,COPERNICUS_GLO_30,train
APDA-V1-POS-00501,COOLR-IN-NER-005-INST-501,2020-09-24,Meghalaya,East Garo Hills,25.60469,90.58568,debris_flow,tropical_cyclone,1,1287.6,37.66,180.9,-0.04746,0.03463,6.26,115.6,202.79,475.75,27.24,0.43,0.38,0.771,NASA_COOLR,NASA_GPM_IMERG,NASA_USDA_SMAP,COPERNICUS_GLO_30,train
APDA-V1-POS-00701,COOLR-IN-NER-019-INST-701,2020-07-22,Arunachal Pradesh,Lower Subansiri,27.52163,93.81395,debris_flow,monsoon_rain,1,3292.5,35.93,37.7,-0.01557,0.02029,5.59,129.89,256.5,559.46,25.03,0.366,0.327,0.68,NASA_COOLR,NASA_GPM_IMERG,NASA_USDA_SMAP,COPERNICUS_GLO_30,test
APDA-V1-POS-00129,COOLR-IN-NER-005-INST-129,2020-09-22,Meghalaya,East Garo Hills,25.60641,90.57818,debris_flow,tropical_cyclone,1,721.4,22.1,230.9,-0.08739,0.05847,5.93,47.33,127.2,436.31,9.29,0.368,0.329,0.68,NASA_COOLR,NASA_GPM_IMERG,NASA_USDA_SMAP,COPERNICUS_GLO_30,train
APDA-V1-POS-00240,COOLR-IN-NER-023-INST-240,2024-05-22,Mizoram,Aizawl,23.73308,92.71326,stone_quarry_collapse,cyclone_remal_deluge,1,926.4,29.42,353.8,-0.0812,0.03428,6.62,85.44,262.93,497.23,16.45,0.479,0.427,0.844,NASA_COOLR,NASA_GPM_IMERG,NASA_USDA_SMAP,COPERNICUS_GLO_30,train
APDA-V1-NEG-00365,NONE_ABSENCE_CONTROL,2022-01-19,Meghalaya,West Garo Hills,25.54115,90.20484,none,none,0,860.3,8.75,131.7,-0.01133,0.01218,6.86,2.03,13.85,24.43,0.34,0.124,0.114,0.285,NASA_COOLR_ABSENCE,NASA_GPM_IMERG,NASA_USDA_SMAP,COPERNICUS_GLO_30,train
APDA-V1-POS-00683,COOLR-IN-NER-001-INST-683,2023-06-05,Meghalaya,East Khasi Hills,25.53578,91.86564,debris_flow,monsoon_rain,1,919.2,47.21,197.1,-0.04013,0.01306,5.82,125.17,214.42,314.23,31.78,0.486,0.463,0.983,NASA_COOLR,NASA_GPM_IMERG,NASA_USDA_SMAP,COPERNICUS_GLO_30,test
APDA-V1-POS-00483,COOLR-IN-NER-018-INST-483,2022-07-13,Arunachal Pradesh,Papum Pare,27.09732,93.61803,mudslide,continuous_rain,1,1928.7,35.33,203.0,-0.04749,0.06858,5.67,52.1,237.21,374.4,9.03,0.417,0.366,0.73,NASA_COOLR,NASA_GPM_IMERG,NASA_USDA_SMAP,COPERNICUS_GLO_30,test
APDA-V1-NEG-00556,NONE_ABSENCE_CONTROL,2022-12-11,Meghalaya,Ri-Bhoi,25.87297,91.87788,none,none,0,1569.0,0.5,85.6,-0.01668,0.01809,9.07,3.42,6.66,44.36,0.57,0.098,0.091,0.21,NASA_COOLR_ABSENCE,NASA_GPM_IMERG,NASA_USDA_SMAP,COPERNICUS_GLO_30,val
APDA-V1-POS-00276,COOLR-IN-NER-028-INST-276,2020-08-31,Nagaland,Phek,25.68269,94.49509,debris_flow,monsoon_rain,1,1441.3,40.22,204.4,-0.01047,0.09351,5.01,161.85,269.71,342.79,23.01,0.361,0.32,0.68,NASA_COOLR,NASA_GPM_IMERG,NASA_USDA_SMAP,COPERNICUS_GLO_30,test
APDA-V1-POS-00583,COOLR-IN-NER-025-INST-583,2021-08-04,Mizoram,Champhai,23.47421,93.32951,debris_flow,continuous_rain,1,636.2,35.17,137.2,-0.06033,0.05228,5.56,35.94,210.27,457.06,5.93,0.372,0.339,0.68,NASA_COOLR,NASA_GPM_IMERG,NASA_USDA_SMAP,COPERNICUS_GLO_30,test
APDA-V1-POS-00204,COOLR-IN-NER-018-INST-204,2022-07-11,Arunachal Pradesh,Papum Pare,27.09928,93.61766,mudslide,continuous_rain,1,1413.5,43.9,146.8,0.02598,0.01693,4.52,177.19,241.88,295.69,23.73,0.408,0.369,0.833,NASA_COOLR,NASA_GPM_IMERG,NASA_USDA_SMAP,COPERNICUS_GLO_30,train
APDA-V1-POS-00033,COOLR-IN-NER-002-INST-33,2022-06-23,Meghalaya,East Khasi Hills,25.30096,91.7107,mudslide,downpour,1,991.1,33.21,95.7,0.03564,0.08162,5.15,136.84,326.93,407.75,26.37,0.44,0.406,0.918,NASA_COOLR,NASA_GPM_IMERG,NASA_USDA_SMAP,COPERNICUS_GLO_30,train
APDA-V1-NEG-00570,NONE_ABSENCE_CONTROL,2022-10-15,Assam,Nagaon,26.30539,92.75888,none,none,0,1792.9,1.78,206.1,0.00161,-0.01619,7.98,30.0,37.13,66.46,5.0,0.178,0.164,0.408,NASA_COOLR_ABSENCE,NASA_GPM_IMERG,NASA_USDA_SMAP,COPERNICUS_GLO_30,val
APDA-V1-NEG-00064,NONE_ABSENCE_CONTROL,2021-06-04,West Bengal,Jalpaiguri,26.50915,88.59666,none,none,0,1537.6,10.17,180.5,-0.0008,0.00601,4.72,7.09,12.26,31.07,1.18,0.051,0.047,0.108,NASA_COOLR_ABSENCE,NASA_GPM_IMERG,NASA_USDA_SMAP,COPERNICUS_GLO_30,train
APDA-V1-NEG-00248,NONE_ABSENCE_CONTROL,2022-01-15,West Bengal,Jalpaiguri,26.67121,88.7572,none,none,0,1366.8,7.43,41.1,-0.00862,0.00571,6.56,0.54,13.99,41.6,0.09,0.128,0.118,0.28,NASA_COOLR_ABSENCE,NASA_GPM_IMERG,NASA_USDA_SMAP,COPERNICUS_GLO_30,train
APDA-V1-POS-00382,COOLR-IN-NER-010-INST-382,2023-07-20,Assam,Kamrup Metropolitan,26.16821,91.75381,shallow_slide,urban_downpour,1,810.5,29.99,139.4,-0.07488,0.02812,6.58,124.09,316.76,487.75,21.67,0.393,0.358,0.714,NASA_COOLR,NASA_GPM_IMERG,NASA_USDA_SMAP,COPERNICUS_GLO_30,train
APDA-V1-NEG-00324,NONE_ABSENCE_CONTROL,2022-07-10,Meghalaya,Ri-Bhoi,25.95475,91.8087,none,none,0,1653.3,4.98,233.0,0.00192,-0.0074,5.73,0.93,5.26,26.91,0.16,0.156,0.144,0.323,NASA_COOLR_ABSENCE,NASA_GPM_IMERG,NASA_USDA_SMAP,COPERNICUS_GLO_30,val
APDA-V1-NEG-00599,NONE_ABSENCE_CONTROL,2023-02-21,Manipur,Imphal East,24.83955,94.06968,none,none,0,876.6,16.0,135.6,0.0254,0.0139,5.81,0.09,10.18,16.57,0.02,0.172,0.158,0.394,NASA_COOLR_ABSENCE,NASA_GPM_IMERG,NASA_USDA_SMAP,COPERNICUS_GLO_30,train
APDA-V1-POS-00579,COOLR-IN-NER-021-INST-579,2021-08-05,Manipur,Senapati,25.26702,94.0193,translational_slide,monsoon_rain,1,1140.1,36.24,187.0,-0.01135,0.01726,5.01,52.22,172.55,323.07,8.68,0.42,0.379,0.779,NASA_COOLR,NASA_GPM_IMERG,NASA_USDA_SMAP,COPERNICUS_GLO_30,test
APDA-V1-NEG-00138,NONE_ABSENCE_CONTROL,2021-05-06,Assam,Nagaon,26.41044,92.7139,none,none,0,1219.2,4.76,282.3,0.00294,-0.00504,7.39,6.72,18.96,61.38,1.12,0.14,0.128,0.282,NASA_COOLR_ABSENCE,NASA_GPM_IMERG,NASA_USDA_SMAP,COPERNICUS_GLO_30,train
APDA-V1-NEG-00576,NONE_ABSENCE_CONTROL,2023-01-11,West Bengal,Jalpaiguri,26.52251,88.78887,none,none,0,1181.3,16.0,150.7,0.01188,0.00229,5.72,1.28,23.05,43.81,0.21,0.121,0.111,0.284,NASA_COOLR_ABSENCE,NASA_GPM_IMERG,NASA_USDA_SMAP,COPERNICUS_GLO_30,train
APDA-V1-NEG-00577,NONE_ABSENCE_CONTROL,2021-12-29,Assam,Kamrup Metro,26.10228,91.57712,none,none,0,1320.5,0.68,184.7,-0.00519,0.0016,7.66,3.22,21.42,30.03,0.54,0.167,0.154,0.389,NASA_COOLR_ABSENCE,NASA_GPM_IMERG,NASA_USDA_SMAP,COPERNICUS_GLO_30,val
APDA-V1-NEG-00192,NONE_ABSENCE_CONTROL,2022-07-08,West Bengal,Jalpaiguri,26.47828,88.77194,none,none,0,1563.4,3.09,6.0,0.02483,0.01052,7.27,17.31,32.46,66.61,2.89,0.152,0.14,0.331,NASA_COOLR_ABSENCE,NASA_GPM_IMERG,NASA_USDA_SMAP,COPERNICUS_GLO_30,train
APDA-V1-POS-00164,COOLR-IN-NER-009-INST-164,2022-06-06,Assam,Cachar,24.83537,92.80345,mudslide,flooding_rain,1,894.3,27.85,189.5,-0.04812,0.04294,6.38,65.81,207.43,512.94,17.59,0.459,0.405,0.836,NASA_COOLR,NASA_GPM_IMERG,NASA_USDA_SMAP,COPERNICUS_GLO_30,train
APDA-V1-NEG-00160,NONE_ABSENCE_CONTROL,2022-06-21,West Bengal,Jalpaiguri,26.41345,88.74589,none,none,0,1013.8,7.16,157.9,-0.00699,0.00157,6.03,15.37,34.55,57.29,2.56,0.136,0.125,0.275,NASA_COOLR_ABSENCE,NASA_GPM_IMERG,NASA_USDA_SMAP,COPERNICUS_GLO_30,train
APDA-V1-POS-00298,COOLR-IN-NER-019-INST-298,2020-07-16,Arunachal Pradesh,Lower Subansiri,27.52461,93.8231,debris_flow,monsoon_rain,1,1620.8,44.69,231.4,-0.10662,0.01416,5.68,53.7,269.88,566.17,11.24,0.514,0.475,0.953,NASA_COOLR,NASA_GPM_IMERG,NASA_USDA_SMAP,COPERNICUS_GLO_30,test
APDA-V1-NEG-00006,NONE_ABSENCE_CONTROL,2021-10-21,Tripura,West Tripura,23.7275,91.21764,none,none,0,821.1,9.47,185.8,-0.01355,0.00773,5.48,4.18,8.66,42.66,0.7,0.16,0.147,0.374,NASA_COOLR_ABSENCE,NASA_GPM_IMERG,NASA_USDA_SMAP,COPERNICUS_GLO_30,train
APDA-V1-POS-00406,COOLR-IN-NER-003-INST-406,2023-07-11,Meghalaya,Ri-Bhoi,25.75264,91.90579,rockfall,continuous_rain,1,1235.7,41.42,157.4,-0.03722,0.08128,6.18,82.5,285.1,424.85,19.0,0.439,0.379,0.804,NASA_COOLR,NASA_GPM_IMERG,NASA_USDA_SMAP,COPERNICUS_GLO_30,train
APDA-V1-NEG-00219,NONE_ABSENCE_CONTROL,2022-03-16,Assam,Dibrugarh,27.52709,94.97149,none,none,0,2120.5,7.88,104.9,0.02137,0.00488,5.44,2.38,20.79,51.03,0.4,0.239,0.22,0.505,NASA_COOLR_ABSENCE,NASA_GPM_IMERG,NASA_USDA_SMAP,COPERNICUS_GLO_30,val
APDA-V1-POS-00606,COOLR-IN-NER-017-INST-606,2021-05-10,Arunachal Pradesh,Tawang,27.58742,91.86473,debris_avalanche,rain_snowmelt,1,3191.4,37.97,230.7,0.01021,0.07749,4.89,89.1,134.4,413.86,16.76,0.463,0.413,0.921,NASA_COOLR,NASA_GPM_IMERG,NASA_USDA_SMAP,COPERNICUS_GLO_30,test
APDA-V1-POS-00421,COOLR-IN-NER-018-INST-421,2022-06-23,Arunachal Pradesh,Papum Pare,27.09522,93.60777,mudslide,continuous_rain,1,2119.7,27.86,151.3,-0.01393,0.05202,6.08,40.43,256.63,401.1,11.06,0.467,0.407,0.841,NASA_COOLR,NASA_GPM_IMERG,NASA_USDA_SMAP,COPERNICUS_GLO_30,train
APDA-V1-POS-00465,COOLR-IN-NER-031-INST-465,2023-10-06,West Bengal,Kalimpong,27.05575,88.46833,debris_flow,teesta_river_erosion,1,1892.3,56.16,136.0,-0.04751,0.04153,4.72,54.86,267.11,449.33,18.07,0.48,0.446,0.884,NASA_COOLR,NASA_GPM_IMERG,NASA_USDA_SMAP,COPERNICUS_GLO_30,train
APDA-V1-NEG-00438,NONE_ABSENCE_CONTROL,2022-04-29,Tripura,West Tripura,23.74092,91.30173,none,none,0,1018.6,3.52,25.8,0.00661,0.01097,6.74,1.47,6.94,28.61,0.25,0.108,0.099,0.237,NASA_COOLR_ABSENCE,NASA_GPM_IMERG,NASA_USDA_SMAP,COPERNICUS_GLO_30,train
APDA-V1-NEG-00190,NONE_ABSENCE_CONTROL,2021-04-05,Tripura,West Tripura,23.88795,91.36759,none,none,0,1030.2,0.39,101.0,-0.01631,-0.00435,9.22,0.22,2.46,28.94,0.04,0.129,0.119,0.278,NASA_COOLR_ABSENCE,NASA_GPM_IMERG,NASA_USDA_SMAP,COPERNICUS_GLO_30,train
APDA-V1-POS-00193,COOLR-IN-NER-007-INST-193,2022-05-20,Assam,Dima Hasao,25.18527,93.02391,rotational_slide,torrential_rain,1,891.9,43.35,146.7,-0.14436,0.01328,4.98,40.83,208.81,486.65,11.86,0.392,0.359,0.758,NASA_COOLR,NASA_GPM_IMERG,NASA_USDA_SMAP,COPERNICUS_GLO_30,train
APDA-V1-POS-00675,COOLR-IN-NER-024-INST-675,2022-06-21,Mizoram,Lunglei,22.88419,92.74247,mudslide,monsoon_rain,1,601.0,35.75,330.3,-0.08695,0.06066,6.25,87.83,244.22,314.13,18.44,0.38,0.335,0.728,NASA_COOLR,NASA_GPM_IMERG,NASA_USDA_SMAP,COPERNICUS_GLO_30,train
APDA-V1-POS-00352,COOLR-IN-NER-011-INST-352,2021-07-04,Assam,Karbi Anglong,26.00918,93.41487,debris_flow,continuous_rain,1,1671.3,38.12,155.0,-0.09211,0.02369,6.18,40.83,105.03,293.64,11.34,0.472,0.423,0.925,NASA_COOLR,NASA_GPM_IMERG,NASA_USDA_SMAP,COPERNICUS_GLO_30,train
APDA-V1-NEG-00109,NONE_ABSENCE_CONTROL,2023-09-14,Meghalaya,West Garo Hills,25.47109,90.27829,none,none,0,1556.5,1.19,132.1,0.01028,0.02265,8.65,3.22,21.97,51.0,0.54,0.167,0.154,0.349,NASA_COOLR_ABSENCE,NASA_GPM_IMERG,NASA_USDA_SMAP,COPERNICUS_GLO_30,train
APDA-V1-POS-00064,COOLR-IN-NER-002-INST-64,2022-06-04,Meghalaya,East Khasi Hills,25.30069,91.71025,mudslide,downpour,1,1468.5,25.84,193.7,-0.09857,0.0595,6.2,46.25,252.92,398.34,9.73,0.368,0.317,0.68,NASA_COOLR,NASA_GPM_IMERG,NASA_USDA_SMAP,COPERNICUS_GLO_30,train
APDA-V1-NEG-00424,NONE_ABSENCE_CONTROL,2022-09-16,West Bengal,Jalpaiguri,26.56393,88.59833,none,none,0,1581.1,8.23,206.1,0.00651,-0.00604,6.79,9.0,10.38,17.69,1.5,0.199,0.183,0.438,NASA_COOLR_ABSENCE,NASA_GPM_IMERG,NASA_USDA_SMAP,COPERNICUS_GLO_30,train
APDA-V1-NEG-00016,NONE_ABSENCE_CONTROL,2022-08-07,West Bengal,Jalpaiguri,26.53864,88.7761,none,none,0,1787.2,16.0,188.2,-0.00708,0.0117,4.99,1.09,13.52,56.06,0.18,0.119,0.109,0.244,NASA_COOLR_ABSENCE,NASA_GPM_IMERG,NASA_USDA_SMAP,COPERNICUS_GLO_30,train
APDA-V1-NEG-00691,NONE_ABSENCE_CONTROL,2023-04-01,Assam,Dibrugarh,27.39514,95.02215,none,none,0,1481.8,2.71,4.0,-0.00449,-0.0009,7.79,2.07,15.46,25.71,0.34,0.083,0.076,0.178,NASA_COOLR_ABSENCE,NASA_GPM_IMERG,NASA_USDA_SMAP,COPERNICUS_GLO_30,val
APDA-V1-POS-00262,COOLR-IN-NER-014-INST-262,2021-09-11,Sikkim,South Sikkim,27.18502,88.35693,rotational_slide,monsoon_rain,1,3022.0,35.73,216.0,-0.02077,0.08187,6.02,35.0,80.59,373.54,7.43,0.463,0.424,0.907,NASA_COOLR,NASA_GPM_IMERG,NASA_USDA_SMAP,COPERNICUS_GLO_30,val
APDA-V1-POS-00343,COOLR-IN-NER-002-INST-343,2022-06-25,Meghalaya,East Khasi Hills,25.30618,91.7147,mudslide,downpour,1,1875.8,48.55,141.0,-0.07858,0.04811,5.08,101.94,222.01,469.47,20.19,0.431,0.39,0.875,NASA_COOLR,NASA_GPM_IMERG,NASA_USDA_SMAP,COPERNICUS_GLO_30,val
APDA-V1-NEG-00471,NONE_ABSENCE_CONTROL,2022-08-16,Manipur,Imphal East,24.73143,94.0016,none,none,0,743.9,16.0,94.4,-0.0031,0.00926,4.48,0.52,13.78,52.54,0.09,0.175,0.161,0.374,NASA_COOLR_ABSENCE,NASA_GPM_IMERG,NASA_USDA_SMAP,COPERNICUS_GLO_30,train
APDA-V1-POS-00472,COOLR-IN-NER-007-INST-472,2022-05-03,Assam,Dima Hasao,25.18079,93.02244,rotational_slide,torrential_rain,1,1319.2,47.53,223.3,-0.05313,0.00739,5.61,67.37,213.68,368.46,12.16,0.408,0.365,0.787,NASA_COOLR,NASA_GPM_IMERG,NASA_USDA_SMAP,COPERNICUS_GLO_30,train
APDA-V1-NEG-00585,NONE_ABSENCE_CONTROL,2023-05-04,Assam,Kamrup Metro,26.01764,91.70554,none,none,0,942.4,6.57,31.9,0.013,0.00591,7.05,3.61,27.24,67.01,0.6,0.152,0.139,0.342,NASA_COOLR_ABSENCE,NASA_GPM_IMERG,NASA_USDA_SMAP,COPERNICUS_GLO_30,test
APDA-V1-POS-00199,COOLR-IN-NER-013-INST-199,2022-07-16,Sikkim,East Sikkim,27.32847,88.61239,rockfall,heavy_rain,1,2194.3,40.47,168.3,-0.04245,0.09285,6.15,70.49,192.35,292.69,13.17,0.374,0.319,0.68,NASA_COOLR,NASA_GPM_IMERG,NASA_USDA_SMAP,COPERNICUS_GLO_30,train
APDA-V1-NEG-00482,NONE_ABSENCE_CONTROL,2021-07-30,Assam,Nagaon,26.43825,92.82174,none,none,0,1626.7,9.66,206.0,0.00856,0.01144,5.92,11.83,21.72,56.96,1.97,0.163,0.15,0.348,NASA_COOLR_ABSENCE,NASA_GPM_IMERG,NASA_USDA_SMAP,COPERNICUS_GLO_30,train
APDA-V1-NEG-00168,NONE_ABSENCE_CONTROL,2023-11-06,West Bengal,Jalpaiguri,26.56216,88.82346,none,none,0,962.5,3.19,45.1,0.00057,0.01082,7.49,0.66,14.82,18.21,0.11,0.243,0.224,0.502,NASA_COOLR_ABSENCE,NASA_GPM_IMERG,NASA_USDA_SMAP,COPERNICUS_GLO_30,train
APDA-V1-POS-00744,COOLR-IN-NER-031-INST-744,2023-10-08,West Bengal,Kalimpong,27.06159,88.47103,debris_flow,teesta_river_erosion,1,2521.7,51.4,203.7,-0.09127,0.01903,4.88,59.64,105.74,218.43,14.4,0.382,0.341,0.708,NASA_COOLR,NASA_GPM_IMERG,NASA_USDA_SMAP,COPERNICUS_GLO_30,train
APDA-V1-POS-00571,COOLR-IN-NER-013-INST-571,2022-07-17,Sikkim,East Sikkim,27.33506,88.6092,rockfall,heavy_rain,1,1405.8,39.29,206.5,-0.04157,0.05094,6.31,104.16,174.86,394.01,27.12,0.384,0.354,0.778,NASA_COOLR,NASA_GPM_IMERG,NASA_USDA_SMAP,COPERNICUS_GLO_30,test
APDA-V1-POS-00219,COOLR-IN-NER-002-INST-219,2022-06-04,Meghalaya,East Khasi Hills,25.29715,91.70697,mudslide,downpour,1,1238.6,38.55,193.2,-0.05155,0.01444,5.69,74.79,276.45,434.21,15.62,0.435,0.378,0.786,NASA_COOLR,NASA_GPM_IMERG,NASA_USDA_SMAP,COPERNICUS_GLO_30,train
APDA-V1-POS-00454,COOLR-IN-NER-020-INST-454,2022-07-08,Manipur,Noney,24.78703,93.68056,massive_debris_slide,unprecedented_continuous_rain,1,789.0,31.05,157.0,-0.03035,0.09667,5.46,86.66,169.86,297.55,21.52,0.5,0.441,0.875,NASA_COOLR,NASA_GPM_IMERG,NASA_USDA_SMAP,COPERNICUS_GLO_30,test
APDA-V1-POS-00031,COOLR-IN-NER-031-INST-31,2023-09-20,West Bengal,Kalimpong,27.05788,88.47362,debris_flow,teesta_river_erosion,1,2861.4,38.62,270.0,-0.04749,0.03112,6.08,120.64,169.37,466.29,21.52,0.481,0.461,0.989,NASA_COOLR,NASA_GPM_IMERG,NASA_USDA_SMAP,COPERNICUS_GLO_30,train
APDA-V1-POS-00057,COOLR-IN-NER-026-INST-57,2023-07-18,Nagaland,Kohima,25.67425,94.1131,translational_slide,continuous_rain,1,1566.0,36.76,209.0,-0.03806,0.02505,5.36,111.99,196.84,447.49,21.77,0.405,0.348,0.68,NASA_COOLR,NASA_GPM_IMERG,NASA_USDA_SMAP,COPERNICUS_GLO_30,train
APDA-V1-NEG-00461,NONE_ABSENCE_CONTROL,2021-06-13,Meghalaya,West Garo Hills,25.37405,90.06626,none,none,0,1500.9,1.33,277.9,-0.01105,-0.01629,8.56,2.95,18.39,42.96,0.49,0.333,0.306,0.682,NASA_COOLR_ABSENCE,NASA_GPM_IMERG,NASA_USDA_SMAP,COPERNICUS_GLO_30,train
APDA-V1-NEG-00636,NONE_ABSENCE_CONTROL,2021-01-08,Meghalaya,Ri-Bhoi,26.01296,91.94214,none,none,0,885.0,1.97,193.0,0.00367,-0.00323,7.98,0.41,0.48,8.81,0.07,0.046,0.043,0.099,NASA_COOLR_ABSENCE,NASA_GPM_IMERG,NASA_USDA_SMAP,COPERNICUS_GLO_30,train
APDA-V1-NEG-00316,NONE_ABSENCE_CONTROL,2022-06-17,Meghalaya,Ri-Bhoi,25.8766,91.8545,none,none,0,1450.8,1.12,238.8,-0.01104,-0.00449,7.67,12.59,14.75,47.64,2.1,0.306,0.281,0.709,NASA_COOLR_ABSENCE,NASA_GPM_IMERG,NASA_USDA_SMAP,COPERNICUS_GLO_30,train
APDA-V1-POS-00431,COOLR-IN-NER-028-INST-431,2020-09-21,Nagaland,Phek,25.68905,94.49268,debris_flow,monsoon_rain,1,1612.0,24.58,214.1,-0.04045,0.00095,6.44,35.0,131.79,227.11,8.33,0.445,0.386,0.816,NASA_COOLR,NASA_GPM_IMERG,NASA_USDA_SMAP,COPERNICUS_GLO_30,train
APDA-V1-POS-00725,COOLR-IN-NER-012-INST-725,2023-09-24,Sikkim,North Sikkim,27.68944,88.58545,complex_glol_debris,glacial_lake_outburst_rain,1,2748.1,46.11,152.7,-0.06545,0.05524,5.54,78.98,233.26,385.13,19.96,0.429,0.384,0.851,NASA_COOLR,NASA_GPM_IMERG,NASA_USDA_SMAP,COPERNICUS_GLO_30,test
APDA-V1-NEG-00395,NONE_ABSENCE_CONTROL,2022-09-29,Assam,Dibrugarh,27.50312,94.84126,none,none,0,2781.0,4.26,107.0,0.03788,0.00578,7.08,10.08,21.15,53.37,1.68,0.078,0.072,0.165,NASA_COOLR_ABSENCE,NASA_GPM_IMERG,NASA_USDA_SMAP,COPERNICUS_GLO_30,train
APDA-V1-NEG-00256,NONE_ABSENCE_CONTROL,2023-03-07,West Bengal,Jalpaiguri,26.51695,88.74996,none,none,0,1515.8,10.35,211.4,-0.00284,0.00804,5.94,2.13,2.37,30.22,0.35,0.183,0.168,0.435,NASA_COOLR_ABSENCE,NASA_GPM_IMERG,NASA_USDA_SMAP,COPERNICUS_GLO_30,test
APDA-V1-NEG-00301,NONE_ABSENCE_CONTROL,2023-08-13,Meghalaya,West Garo Hills,25.6476,90.22448,none,none,0,916.4,10.96,96.6,-0.0035,-0.00187,6.34,3.51,26.3,38.75,0.59,0.145,0.133,0.337,NASA_COOLR_ABSENCE,NASA_GPM_IMERG,NASA_USDA_SMAP,COPERNICUS_GLO_30,val
APDA-V1-NEG-00596,NONE_ABSENCE_CONTROL,2023-10-18,Meghalaya,Ri-Bhoi,25.87719,91.77157,none,none,0,1875.7,13.0,351.3,-0.00457,0.00258,5.86,3.42,5.79,29.57,0.57,0.183,0.169,0.373,NASA_COOLR_ABSENCE,NASA_GPM_IMERG,NASA_USDA_SMAP,COPERNICUS_GLO_30,train
APDA-V1-NEG-00487,NONE_ABSENCE_CONTROL,2023-10-27,Manipur,Imphal East,24.90457,93.92881,none,none,0,1056.6,1.48,177.8,-0.01547,0.0157,8.2,25.67,39.87,43.67,4.28,0.122,0.112,0.272,NASA_COOLR_ABSENCE,NASA_GPM_IMERG,NASA_USDA_SMAP,COPERNICUS_GLO_30,val
APDA-V1-NEG-00486,NONE_ABSENCE_CONTROL,2023-01-22,Tripura,West Tripura,23.95115,91.28286,none,none,0,1435.5,2.0,335.8,-0.0098,0.01364,7.84,0.25,21.53,33.8,0.04,0.222,0.204,0.458,NASA_COOLR_ABSENCE,NASA_GPM_IMERG,NASA_USDA_SMAP,COPERNICUS_GLO_30,train
APDA-V1-NEG-00699,NONE_ABSENCE_CONTROL,2023-08-23,Assam,Dibrugarh,27.41813,94.93003,none,none,0,2947.1,2.38,155.3,-0.00511,0.00109,6.38,5.24,8.67,12.18,0.87,0.137,0.126,0.274,NASA_COOLR_ABSENCE,NASA_GPM_IMERG,NASA_USDA_SMAP,COPERNICUS_GLO_30,train
APDA-V1-POS-00621,COOLR-IN-NER-001-INST-621,2023-06-15,Meghalaya,East Khasi Hills,25.52764,91.86507,debris_flow,monsoon_rain,1,1816.8,30.74,233.1,-0.04849,0.07048,5.04,45.97,124.72,341.94,15.34,0.39,0.339,0.761,NASA_COOLR,NASA_GPM_IMERG,NASA_USDA_SMAP,COPERNICUS_GLO_30,val
APDA-V1-NEG-00318,NONE_ABSENCE_CONTROL,2023-01-11,Tripura,West Tripura,23.69656,91.16458,none,none,0,1208.2,1.91,110.9,0.00771,-0.0024,8.31,0.29,10.82,38.84,0.05,0.204,0.188,0.477,NASA_COOLR_ABSENCE,NASA_GPM_IMERG,NASA_USDA_SMAP,COPERNICUS_GLO_30,val
APDA-V1-NEG-00089,NONE_ABSENCE_CONTROL,2022-06-12,Assam,Kamrup Metro,26.2113,91.56586,none,none,0,754.2,3.4,81.7,0.00932,-0.00512,7.18,1.65,2.43,5.79,0.28,0.236,0.217,0.551,NASA_COOLR_ABSENCE,NASA_GPM_IMERG,NASA_USDA_SMAP,COPERNICUS_GLO_30,train
APDA-V1-POS-00100,COOLR-IN-NER-007-INST-100,2022-05-27,Assam,Dima Hasao,25.18666,93.02603,rotational_slide,torrential_rain,1,1061.0,18.5,197.9,0.03799,0.08434,6.76,131.01,335.23,614.73,35.85,0.448,0.408,0.836,NASA_COOLR,NASA_GPM_IMERG,NASA_USDA_SMAP,COPERNICUS_GLO_30,train
APDA-V1-POS-00533,COOLR-IN-NER-006-INST-533,2024-06-08,Meghalaya,East Khasi Hills,25.57344,91.88342,shallow_slide,cyclone_remnants,1,1162.0,36.15,286.5,-0.04741,0.06962,6.35,54.95,213.0,364.86,14.11,0.409,0.368,0.816,NASA_COOLR,NASA_GPM_IMERG,NASA_USDA_SMAP,COPERNICUS_GLO_30,train
APDA-V1-POS-00529,COOLR-IN-NER-002-INST-529,2022-06-28,Meghalaya,East Khasi Hills,25.30301,91.70837,mudslide,downpour,1,836.0,44.94,273.9,-0.06048,0.01443,5.74,48.53,249.21,323.4,10.44,0.5,0.45,0.883,NASA_COOLR,NASA_GPM_IMERG,NASA_USDA_SMAP,COPERNICUS_GLO_30,test
APDA-V1-NEG-00597,NONE_ABSENCE_CONTROL,2021-08-06,Meghalaya,West Garo Hills,25.40738,90.24359,none,none,0,1236.3,5.56,133.5,-0.01321,-0.00933,6.22,15.29,30.73,36.7,2.55,0.312,0.287,0.655,NASA_COOLR_ABSENCE,NASA_GPM_IMERG,NASA_USDA_SMAP,COPERNICUS_GLO_30,train
APDA-V1-NEG-00423,NONE_ABSENCE_CONTROL,2022-06-29,Manipur,Imphal East,24.66446,93.89133,none,none,0,407.6,1.0,315.2,-0.01525,0.00376,7.81,2.05,22.28,30.48,0.34,0.102,0.094,0.239,NASA_COOLR_ABSENCE,NASA_GPM_IMERG,NASA_USDA_SMAP,COPERNICUS_GLO_30,train
APDA-V1-NEG-00429,NONE_ABSENCE_CONTROL,2021-04-18,Meghalaya,West Garo Hills,25.53439,90.18994,none,none,0,716.1,0.03,117.1,-0.02389,0.00288,9.73,5.17,30.14,46.66,0.86,0.121,0.111,0.25,NASA_COOLR_ABSENCE,NASA_GPM_IMERG,NASA_USDA_SMAP,COPERNICUS_GLO_30,train
APDA-V1-POS-00630,COOLR-IN-NER-010-INST-630,2023-08-14,Assam,Kamrup Metropolitan,26.17486,91.75932,shallow_slide,urban_downpour,1,1597.5,33.74,178.0,-0.06299,-0.01475,5.68,75.12,156.82,368.87,23.19,0.414,0.361,0.737,NASA_COOLR,NASA_GPM_IMERG,NASA_USDA_SMAP,COPERNICUS_GLO_30,train
APDA-V1-NEG-00278,NONE_ABSENCE_CONTROL,2023-08-29,Tripura,West Tripura,23.87315,91.16775,none,none,0,549.9,4.34,275.4,-0.00838,0.01451,7.53,14.94,37.48,65.58,2.49,0.267,0.246,0.548,NASA_COOLR_ABSENCE,NASA_GPM_IMERG,NASA_USDA_SMAP,COPERNICUS_GLO_30,train
APDA-V1-POS-00271,COOLR-IN-NER-023-INST-271,2024-06-04,Mizoram,Aizawl,23.73198,92.71785,stone_quarry_collapse,cyclone_remal_deluge,1,526.1,42.8,203.8,-0.02833,0.01645,5.99,48.16,211.97,444.16,11.58,0.337,0.309,0.68,NASA_COOLR,NASA_GPM_IMERG,NASA_USDA_SMAP,COPERNICUS_GLO_30,test
APDA-V1-NEG-00592,NONE_ABSENCE_CONTROL,2022-08-14,West Bengal,Jalpaiguri,26.5253,88.78184,none,none,0,642.8,3.15,41.2,-0.00552,-0.01291,7.12,5.02,23.5,53.7,0.84,0.225,0.207,0.484,NASA_COOLR_ABSENCE,NASA_GPM_IMERG,NASA_USDA_SMAP,COPERNICUS_GLO_30,train
APDA-V1-POS-00627,COOLR-IN-NER-007-INST-627,2022-05-07,Assam,Dima Hasao,25.18773,93.02101,rotational_slide,torrential_rain,1,1070.5,39.26,104.0,-0.07689,0.04112,6.22,148.98,254.49,391.9,18.78,0.408,0.374,0.83,NASA_COOLR,NASA_GPM_IMERG,NASA_USDA_SMAP,COPERNICUS_GLO_30,train
APDA-V1-NEG-00293,NONE_ABSENCE_CONTROL,2023-03-31,Meghalaya,West Garo Hills,25.40907,90.17956,none,none,0,1328.5,4.43,265.7,0.01286,-0.00581,6.79,7.3,9.67,20.51,1.22,0.294,0.271,0.66,NASA_COOLR_ABSENCE,NASA_GPM_IMERG,NASA_USDA_SMAP,COPERNICUS_GLO_30,train
APDA-V1-NEG-00227,NONE_ABSENCE_CONTROL,2021-09-23,Assam,Dibrugarh,27.58079,94.83089,none,none,0,2115.3,4.21,327.4,-0.02142,0.00624,7.15,4.4,9.48,17.28,0.73,0.194,0.178,0.394,NASA_COOLR_ABSENCE,NASA_GPM_IMERG,NASA_USDA_SMAP,COPERNICUS_GLO_30,val
APDA-V1-POS-00372,COOLR-IN-NER-031-INST-372,2023-09-28,West Bengal,Kalimpong,27.06212,88.47178,debris_flow,teesta_river_erosion,1,3700.1,40.98,186.6,0.01906,0.01843,6.14,149.96,206.16,414.69,22.44,0.35,0.309,0.68,NASA_COOLR,NASA_GPM_IMERG,NASA_USDA_SMAP,COPERNICUS_GLO_30,val
APDA-V1-POS-00589,COOLR-IN-NER-031-INST-589,2023-10-11,West Bengal,Kalimpong,27.06102,88.47313,debris_flow,teesta_river_erosion,1,2426.5,34.17,103.7,-0.08827,0.03638,6.21,149.95,269.91,531.47,39.42,0.369,0.327,0.68,NASA_COOLR,NASA_GPM_IMERG,NASA_USDA_SMAP,COPERNICUS_GLO_30,train
APDA-V1-NEG-00218,NONE_ABSENCE_CONTROL,2022-11-10,Assam,Nagaon,26.4902,92.6637,none,none,0,884.6,8.33,337.0,-0.00939,-0.00997,4.99,0.38,7.62,21.36,0.06,0.161,0.148,0.37,NASA_COOLR_ABSENCE,NASA_GPM_IMERG,NASA_USDA_SMAP,COPERNICUS_GLO_30,train
APDA-V1-NEG-00416,NONE_ABSENCE_CONTROL,2023-06-20,West Bengal,Jalpaiguri,26.52536,88.57192,none,none,0,1136.2,8.13,252.2,0.01239,0.00162,6.6,1.93,22.21,26.95,0.32,0.24,0.221,0.524,NASA_COOLR_ABSENCE,NASA_GPM_IMERG,NASA_USDA_SMAP,COPERNICUS_GLO_30,train
APDA-V1-NEG-00397,NONE_ABSENCE_CONTROL,2021-09-24,Meghalaya,West Garo Hills,25.60667,90.01435,none,none,0,1223.2,16.0,343.2,-0.00432,0.00442,5.27,5.16,16.93,35.77,0.86,0.093,0.085,0.217,NASA_COOLR_ABSENCE,NASA_GPM_IMERG,NASA_USDA_SMAP,COPERNICUS_GLO_30,train
APDA-V1-POS-00237,COOLR-IN-NER-020-INST-237,2022-07-04,Manipur,Noney,24.78477,93.68692,massive_debris_slide,unprecedented_continuous_rain,1,1130.9,39.01,146.9,-0.00942,0.04637,5.99,45.36,143.61,223.08,14.29,0.429,0.375,0.748,NASA_COOLR,NASA_GPM_IMERG,NASA_USDA_SMAP,COPERNICUS_GLO_30,val
APDA-V1-POS-00597,COOLR-IN-NER-008-INST-597,2022-05-04,Assam,Dima Hasao,25.07877,93.15473,debris_flow,monsoon_rain,1,692.1,38.58,192.2,-0.02207,0.07314,5.48,50.51,201.23,357.73,11.71,0.371,0.325,0.68,NASA_COOLR,NASA_GPM_IMERG,NASA_USDA_SMAP,COPERNICUS_GLO_30,train
APDA-V1-NEG-00213,NONE_ABSENCE_CONTROL,2021-12-10,Meghalaya,West Garo Hills,25.392,90.2754,none,none,0,1100.0,2.75,204.6,0.03302,-0.00645,6.86,1.56,18.99,44.78,0.26,0.135,0.124,0.316,NASA_COOLR_ABSENCE,NASA_GPM_IMERG,NASA_USDA_SMAP,COPERNICUS_GLO_30,train
APDA-V1-NEG-00696,NONE_ABSENCE_CONTROL,2021-03-10,West Bengal,Jalpaiguri,26.51302,88.81685,none,none,0,1716.2,0.66,86.4,-0.00662,0.00493,9.0,1.79,6.84,24.78,0.3,0.174,0.16,0.414,NASA_COOLR_ABSENCE,NASA_GPM_IMERG,NASA_USDA_SMAP,COPERNICUS_GLO_30,test
APDA-V1-NEG-00414,NONE_ABSENCE_CONTROL,2023-09-05,Tripura,West Tripura,23.89901,91.41568,none,none,0,900.5,5.32,43.5,0.01026,0.01386,6.07,0.83,5.86,9.26,0.14,0.128,0.118,0.297,NASA_COOLR_ABSENCE,NASA_GPM_IMERG,NASA_USDA_SMAP,COPERNICUS_GLO_30,train
APDA-V1-POS-00591,COOLR-IN-NER-002-INST-591,2022-06-06,Meghalaya,East Khasi Hills,25.29409,91.71117,mudslide,downpour,1,1464.2,36.29,181.4,-0.05959,0.01511,5.29,116.6,294.24,508.52,20.67,0.463,0.43,0.929,NASA_COOLR,NASA_GPM_IMERG,NASA_USDA_SMAP,COPERNICUS_GLO_30,train
APDA-V1-POS-00209,COOLR-IN-NER-023-INST-209,2024-05-24,Mizoram,Aizawl,23.73046,92.71712,stone_quarry_collapse,cyclone_remal_deluge,1,611.4,42.14,30.4,-0.07524,0.00999,6.03,155.08,243.65,419.32,24.08,0.366,0.333,0.68,NASA_COOLR,NASA_GPM_IMERG,NASA_USDA_SMAP,COPERNICUS_GLO_30,train
APDA-V1-NEG-00325,NONE_ABSENCE_CONTROL,2022-11-25,Meghalaya,West Garo Hills,25.50665,90.21145,none,none,0,858.2,10.81,237.9,-0.01096,0.00632,4.71,3.27,12.74,15.74,0.54,0.106,0.097,0.243,NASA_COOLR_ABSENCE,NASA_GPM_IMERG,NASA_USDA_SMAP,COPERNICUS_GLO_30,train
APDA-V1-NEG-00150,NONE_ABSENCE_CONTROL,2023-11-22,Tripura,West Tripura,23.95982,91.1893,none,none,0,618.8,9.65,352.9,0.00579,0.0116,6.67,1.52,17.73,22.85,0.25,0.321,0.295,0.722,NASA_COOLR_ABSENCE,NASA_GPM_IMERG,NASA_USDA_SMAP,COPERNICUS_GLO_30,train
APDA-V1-POS-00354,COOLR-IN-NER-013-INST-354,2022-07-06,Sikkim,East Sikkim,27.33165,88.61322,rockfall,heavy_rain,1,3538.9,38.31,143.7,-0.06967,0.06267,5.59,105.4,293.52,349.48,17.94,0.44,0.388,0.819,NASA_COOLR,NASA_GPM_IMERG,NASA_USDA_SMAP,COPERNICUS_GLO_30,train
APDA-V1-POS-00059,COOLR-IN-NER-028-INST-59,2020-08-24,Nagaland,Phek,25.68635,94.49862,debris_flow,monsoon_rain,1,1724.1,30.75,202.9,-0.04839,0.03335,4.97,88.74,149.15,297.61,19.38,0.435,0.399,0.865,NASA_COOLR,NASA_GPM_IMERG,NASA_USDA_SMAP,COPERNICUS_GLO_30,train
APDA-V1-POS-00304,COOLR-IN-NER-025-INST-304,2021-08-10,Mizoram,Champhai,23.46674,93.32623,debris_flow,continuous_rain,1,491.6,40.71,331.1,-0.0496,0.00596,5.23,55.3,128.2,394.78,14.53,0.382,0.346,0.768,NASA_COOLR,NASA_GPM_IMERG,NASA_USDA_SMAP,COPERNICUS_GLO_30,train
APDA-V1-NEG-00698,NONE_ABSENCE_CONTROL,2021-02-25,Assam,Nagaon,26.21383,92.66468,none,none,0,681.3,4.0,312.1,0.00637,0.00597,7.63,0.45,20.31,58.08,0.08,0.356,0.327,0.759,NASA_COOLR_ABSENCE,NASA_GPM_IMERG,NASA_USDA_SMAP,COPERNICUS_GLO_30,train
APDA-V1-NEG-00094,NONE_ABSENCE_CONTROL,2022-07-28,Tripura,West Tripura,23.84986,91.35379,none,none,0,273.9,15.74,152.4,0.01135,-0.00602,5.57,15.6,40.24,76.79,2.6,0.126,0.116,0.275,NASA_COOLR_ABSENCE,NASA_GPM_IMERG,NASA_USDA_SMAP,COPERNICUS_GLO_30,train
APDA-V1-NEG-00512,NONE_ABSENCE_CONTROL,2021-12-28,West Bengal,Jalpaiguri,26.51975,88.68445,none,none,0,1926.3,4.63,327.9,0.00576,0.00649,7.09,1.94,20.67,60.67,0.32,0.08,0.073,0.176,NASA_COOLR_ABSENCE,NASA_GPM_IMERG,NASA_USDA_SMAP,COPERNICUS_GLO_30,train
APDA-V1-NEG-00681,NONE_ABSENCE_CONTROL,2021-09-24,Assam,Kamrup Metro,26.11442,91.5651,none,none,0,921.4,2.32,174.5,0.00364,-0.00425,7.08,20.36,39.73,84.14,3.39,0.028,0.026,0.065,NASA_COOLR_ABSENCE,NASA_GPM_IMERG,NASA_USDA_SMAP,COPERNICUS_GLO_30,train
APDA-V1-NEG-00460,NONE_ABSENCE_CONTROL,2023-09-03,Meghalaya,Ri-Bhoi,25.88694,91.94129,none,none,0,1684.7,3.55,47.8,-0.00656,0.00539,6.91,14.66,16.41,50.22,2.44,0.157,0.145,0.339,NASA_COOLR_ABSENCE,NASA_GPM_IMERG,NASA_USDA_SMAP,COPERNICUS_GLO_30,train
APDA-V1-POS-00368,COOLR-IN-NER-027-INST-368,2022-07-19,Nagaland,Mokokchung,26.32898,94.5236,mudslide,monsoon_rain,1,1685.0,48.37,175.3,-0.0899,0.05972,5.73,126.97,309.62,563.47,23.14,0.453,0.409,0.931,NASA_COOLR,NASA_GPM_IMERG,NASA_USDA_SMAP,COPERNICUS_GLO_30,test
APDA-V1-NEG-00608,NONE_ABSENCE_CONTROL,2023-12-10,West Bengal,Jalpaiguri,26.54742,88.80874,none,none,0,1245.2,9.48,341.9,-0.01971,-0.00251,5.72,3.52,9.71,30.94,0.59,0.019,0.018,0.043,NASA_COOLR_ABSENCE,NASA_GPM_IMERG,NASA_USDA_SMAP,COPERNICUS_GLO_30,test
APDA-V1-NEG-00448,NONE_ABSENCE_CONTROL,2021-12-08,West Bengal,Jalpaiguri,26.40435,88.67745,none,none,0,1517.7,3.19,190.5,0.01599,-0.00216,6.34,0.72,11.58,18.23,0.12,0.209,0.192,0.447,NASA_COOLR_ABSENCE,NASA_GPM_IMERG,NASA_USDA_SMAP,COPERNICUS_GLO_30,train
APDA-V1-NEG-00555,NONE_ABSENCE_CONTROL,2021-12-19,Assam,Dibrugarh,27.48676,95.00921,none,none,0,3457.5,16.0,67.3,0.01239,0.00288,6.14,0.81,13.36,52.26,0.14,0.155,0.143,0.337,NASA_COOLR_ABSENCE,NASA_GPM_IMERG,NASA_USDA_SMAP,COPERNICUS_GLO_30,train
APDA-V1-NEG-00483,NONE_ABSENCE_CONTROL,2021-09-02,Assam,Dibrugarh,27.41819,94.98843,none,none,0,3193.5,1.75,263.4,0.005,-0.00522,8.27,4.5,23.52,61.82,0.75,0.26,0.239,0.533,NASA_COOLR_ABSENCE,NASA_GPM_IMERG,NASA_USDA_SMAP,COPERNICUS_GLO_30,train
APDA-V1-POS-00705,COOLR-IN-NER-023-INST-705,2024-05-28,Mizoram,Aizawl,23.72917,92.71733,stone_quarry_collapse,cyclone_remal_deluge,1,627.9,50.66,177.4,-0.0535,0.04053,5.61,69.7,234.06,540.77,15.13,0.446,0.394,0.857,NASA_COOLR,NASA_GPM_IMERG,NASA_USDA_SMAP,COPERNICUS_GLO_30,train
APDA-V1-POS-00234,COOLR-IN-NER-017-INST-234,2021-05-10,Arunachal Pradesh,Tawang,27.5844,91.86001,debris_avalanche,rain_snowmelt,1,2891.7,39.27,162.6,-0.03251,0.05172,6.17,95.19,236.59,486.76,14.38,0.482,0.433,0.852,NASA_COOLR,NASA_GPM_IMERG,NASA_USDA_SMAP,COPERNICUS_GLO_30,train
APDA-V1-POS-00619,COOLR-IN-NER-030-INST-619,2021-10-25,West Bengal,Darjeeling,27.03789,88.26057,rotational_slide,post_monsoon_deluge,1,2449.4,20.38,191.9,-0.01186,0.03343,5.97,36.43,245.63,394.84,10.77,0.489,0.439,0.926,NASA_COOLR,NASA_GPM_IMERG,NASA_USDA_SMAP,COPERNICUS_GLO_30,train
APDA-V1-POS-00197,COOLR-IN-NER-011-INST-197,2021-07-20,Assam,Karbi Anglong,26.0132,93.41971,debris_flow,continuous_rain,1,678.1,39.35,158.6,-0.07098,0.06975,6.18,66.26,272.6,488.4,14.89,0.418,0.376,0.798,NASA_COOLR,NASA_GPM_IMERG,NASA_USDA_SMAP,COPERNICUS_GLO_30,train
APDA-V1-NEG-00510,NONE_ABSENCE_CONTROL,2022-12-20,Tripura,West Tripura,23.8475,91.37797,none,none,0,1092.3,15.29,192.1,0.02524,-0.00661,5.95,5.86,23.31,57.67,0.98,0.066,0.061,0.148,NASA_COOLR_ABSENCE,NASA_GPM_IMERG,NASA_USDA_SMAP,COPERNICUS_GLO_30,train
APDA-V1-POS-00082,COOLR-IN-NER-020-INST-82,2022-06-29,Manipur,Noney,24.78474,93.68451,massive_debris_slide,unprecedented_continuous_rain,1,1012.0,36.97,219.5,-0.03974,0.02366,5.83,55.48,244.52,515.35,12.27,0.407,0.365,0.732,NASA_COOLR,NASA_GPM_IMERG,NASA_USDA_SMAP,COPERNICUS_GLO_30,train
APDA-V1-NEG-00655,NONE_ABSENCE_CONTROL,2021-05-03,Manipur,Imphal East,24.66648,94.08602,none,none,0,850.1,9.99,234.6,-0.01165,0.0087,6.59,16.27,38.25,66.41,2.71,0.201,0.185,0.428,NASA_COOLR_ABSENCE,NASA_GPM_IMERG,NASA_USDA_SMAP,COPERNICUS_GLO_30,train
APDA-V1-POS-00598,COOLR-IN-NER-009-INST-598,2022-06-13,Assam,Cachar,24.82989,92.80146,mudslide,flooding_rain,1,1367.2,27.15,151.2,-0.08074,0.08927,6.31,102.91,156.2,283.94,26.89,0.506,0.467,0.951,NASA_COOLR,NASA_GPM_IMERG,NASA_USDA_SMAP,COPERNICUS_GLO_30,val
APDA-V1-NEG-00407,NONE_ABSENCE_CONTROL,2022-09-14,Manipur,Imphal East,24.95344,93.97417,none,none,0,268.8,3.27,187.9,0.00054,0.00948,7.33,9.08,27.45,30.24,1.51,0.236,0.217,0.504,NASA_COOLR_ABSENCE,NASA_GPM_IMERG,NASA_USDA_SMAP,COPERNICUS_GLO_30,train
APDA-V1-POS-00112,COOLR-IN-NER-019-INST-112,2020-07-21,Arunachal Pradesh,Lower Subansiri,27.51923,93.82382,debris_flow,monsoon_rain,1,2648.5,47.7,182.3,-0.06892,-0.03074,4.54,73.26,130.67,312.42,13.68,0.396,0.346,0.681,NASA_COOLR,NASA_GPM_IMERG,NASA_USDA_SMAP,COPERNICUS_GLO_30,test
APDA-V1-NEG-00527,NONE_ABSENCE_CONTROL,2023-05-03,Manipur,Imphal East,24.85089,94.03374,none,none,0,1210.5,2.19,234.3,-0.01324,0.00219,7.36,7.71,22.94,66.27,1.28,0.208,0.191,0.426,NASA_COOLR_ABSENCE,NASA_GPM_IMERG,NASA_USDA_SMAP,COPERNICUS_GLO_30,train
APDA-V1-NEG-00031,NONE_ABSENCE_CONTROL,2023-02-28,Manipur,Imphal East,24.89645,93.79107,none,none,0,1130.7,5.17,54.6,0.01272,0.00184,7.22,2.38,3.56,39.25,0.4,0.135,0.124,0.316,NASA_COOLR_ABSENCE,NASA_GPM_IMERG,NASA_USDA_SMAP,COPERNICUS_GLO_30,val
APDA-V1-NEG-00234,NONE_ABSENCE_CONTROL,2021-06-24,Assam,Nagaon,26.40306,92.69364,none,none,0,1552.3,14.77,200.9,-0.00487,0.00276,6.3,7.13,22.29,43.36,1.19,0.22,0.202,0.445,NASA_COOLR_ABSENCE,NASA_GPM_IMERG,NASA_USDA_SMAP,COPERNICUS_GLO_30,test
APDA-V1-NEG-00050,NONE_ABSENCE_CONTROL,2021-10-05,Assam,Nagaon,26.4453,92.59157,none,none,0,1378.0,0.19,300.5,0.01426,0.00422,9.65,2.56,24.19,41.37,0.43,0.071,0.065,0.164,NASA_COOLR_ABSENCE,NASA_GPM_IMERG,NASA_USDA_SMAP,COPERNICUS_GLO_30,test
APDA-V1-NEG-00516,NONE_ABSENCE_CONTROL,2021-01-23,Meghalaya,Ri-Bhoi,26.03045,91.75741,none,none,0,641.8,4.31,96.4,-0.00434,0.00655,6.25,0.27,15.8,32.56,0.04,0.201,0.185,0.428,NASA_COOLR_ABSENCE,NASA_GPM_IMERG,NASA_USDA_SMAP,COPERNICUS_GLO_30,val
APDA-V1-NEG-00401,NONE_ABSENCE_CONTROL,2022-07-18,Assam,Kamrup Metro,26.26579,91.60985,none,none,0,971.6,2.47,330.7,0.00429,-0.0035,7.42,1.62,11.5,37.75,0.27,0.111,0.103,0.241,NASA_COOLR_ABSENCE,NASA_GPM_IMERG,NASA_USDA_SMAP,COPERNICUS_GLO_30,val
APDA-V1-NEG-00075,NONE_ABSENCE_CONTROL,2022-11-22,Assam,Dibrugarh,27.37637,94.78134,none,none,0,2233.2,1.95,58.5,0.00819,0.00708,7.74,0.49,19.26,43.5,0.08,0.136,0.125,0.31,NASA_COOLR_ABSENCE,NASA_GPM_IMERG,NASA_USDA_SMAP,COPERNICUS_GLO_30,train
APDA-V1-POS-00383,COOLR-IN-NER-011-INST-383,2021-07-15,Assam,Karbi Anglong,26.01211,93.41987,debris_flow,continuous_rain,1,1418.3,35.31,174.0,-0.09634,0.02992,5.82,167.39,269.62,407.6,30.34,0.45,0.393,0.836,NASA_COOLR,NASA_GPM_IMERG,NASA_USDA_SMAP,COPERNICUS_GLO_30,val
APDA-V1-POS-00539,COOLR-IN-NER-012-INST-539,2023-09-28,Sikkim,North Sikkim,27.69302,88.58216,complex_glol_debris,glacial_lake_outburst_rain,1,2552.3,36.35,143.4,-0.06594,0.04204,6.28,78.51,203.64,375.13,25.21,0.381,0.352,0.788,NASA_COOLR,NASA_GPM_IMERG,NASA_USDA_SMAP,COPERNICUS_GLO_30,train
APDA-V1-NEG-00744,NONE_ABSENCE_CONTROL,2023-12-22,West Bengal,Jalpaiguri,26.58748,88.64233,none,none,0,830.0,0.36,162.0,-0.00247,-0.00147,9.55,0.45,19.56,28.25,0.07,0.15,0.138,0.328,NASA_COOLR_ABSENCE,NASA_GPM_IMERG,NASA_USDA_SMAP,COPERNICUS_GLO_30,train
APDA-V1-NEG-00363,NONE_ABSENCE_CONTROL,2023-04-14,Assam,Dibrugarh,27.39954,94.92618,none,none,0,2797.9,10.43,153.7,-0.013,-0.00831,5.3,2.5,19.09,46.19,0.42,0.206,0.189,0.434,NASA_COOLR_ABSENCE,NASA_GPM_IMERG,NASA_USDA_SMAP,COPERNICUS_GLO_30,train
APDA-V1-POS-00325,COOLR-IN-NER-015-INST-325,2020-08-16,Sikkim,West Sikkim,27.28813,88.24491,translational_slide,continuous_rain,1,3366.6,38.6,224.1,-0.04886,0.08618,5.43,108.4,180.31,446.41,16.61,0.509,0.485,0.983,NASA_COOLR,NASA_GPM_IMERG,NASA_USDA_SMAP,COPERNICUS_GLO_30,test
APDA-V1-POS-00362,COOLR-IN-NER-021-INST-362,2021-08-10,Manipur,Senapati,25.26766,94.01443,translational_slide,monsoon_rain,1,1889.6,35.84,343.7,-0.03206,0.08658,6.07,40.61,145.84,408.36,10.28,0.451,0.411,0.872,NASA_COOLR,NASA_GPM_IMERG,NASA_USDA_SMAP,COPERNICUS_GLO_30,train
APDA-V1-NEG-00738,NONE_ABSENCE_CONTROL,2021-06-05,Assam,Nagaon,26.41481,92.59888,none,none,0,1715.8,3.72,226.5,-0.01691,0.00206,6.22,11.82,16.08,52.73,1.97,0.109,0.1,0.254,NASA_COOLR_ABSENCE,NASA_GPM_IMERG,NASA_USDA_SMAP,COPERNICUS_GLO_30,train
APDA-V1-NEG-00280,NONE_ABSENCE_CONTROL,2022-03-17,West Bengal,Jalpaiguri,26.57403,88.62247,none,none,0,1895.6,8.51,24.4,-0.01257,-0.00617,6.41,0.0,20.37,54.39,0.0,0.077,0.071,0.18,NASA_COOLR_ABSENCE,NASA_GPM_IMERG,NASA_USDA_SMAP,COPERNICUS_GLO_30,train
APDA-V1-POS-00708,COOLR-IN-NER-026-INST-708,2023-08-01,Nagaland,Kohima,25.67554,94.11291,translational_slide,continuous_rain,1,799.5,44.34,175.9,-0.03206,0.07839,5.65,133.82,347.12,539.31,23.31,0.381,0.344,0.68,NASA_COOLR,NASA_GPM_IMERG,NASA_USDA_SMAP,COPERNICUS_GLO_30,train
APDA-V1-POS-00333,COOLR-IN-NER-023-INST-333,2024-06-10,Mizoram,Aizawl,23.73308,92.72189,stone_quarry_collapse,cyclone_remal_deluge,1,1203.6,36.72,214.9,-0.01947,0.03918,6.26,83.24,265.79,407.68,18.41,0.485,0.439,0.903,NASA_COOLR,NASA_GPM_IMERG,NASA_USDA_SMAP,COPERNICUS_GLO_30,train
APDA-V1-POS-00430,COOLR-IN-NER-027-INST-430,2022-08-10,Nagaland,Mokokchung,26.32785,94.52115,mudslide,monsoon_rain,1,1785.1,30.81,183.2,-0.06942,0.07029,5.29,125.67,239.83,305.15,30.79,0.421,0.366,0.74,NASA_COOLR,NASA_GPM_IMERG,NASA_USDA_SMAP,COPERNICUS_GLO_30,train
APDA-V1-NEG-00493,NONE_ABSENCE_CONTROL,2022-04-28,Meghalaya,West Garo Hills,25.44421,90.09582,none,none,0,1148.5,1.62,258.6,-0.00868,-0.00405,7.3,0.74,24.94,51.73,0.12,0.057,0.052,0.128,NASA_COOLR_ABSENCE,NASA_GPM_IMERG,NASA_USDA_SMAP,COPERNICUS_GLO_30,train
APDA-V1-POS-00426,COOLR-IN-NER-023-INST-426,2024-06-11,Mizoram,Aizawl,23.73735,92.71226,stone_quarry_collapse,cyclone_remal_deluge,1,1242.2,42.68,149.0,-0.07919,0.03026,5.67,46.57,114.87,185.74,13.73,0.479,0.43,0.927,NASA_COOLR,NASA_GPM_IMERG,NASA_USDA_SMAP,COPERNICUS_GLO_30,train
APDA-V1-POS-00629,COOLR-IN-NER-009-INST-629,2022-07-01,Assam,Cachar,24.83441,92.80287,mudslide,flooding_rain,1,1155.0,47.05,91.9,-0.0843,0.04898,5.12,94.12,307.7,409.18,25.92,0.455,0.407,0.88,NASA_COOLR,NASA_GPM_IMERG,NASA_USDA_SMAP,COPERNICUS_GLO_30,train
APDA-V1-NEG-00362,NONE_ABSENCE_CONTROL,2021-09-02,Assam,Nagaon,26.3384,92.7545,none,none,0,1393.7,8.32,320.2,-0.00397,0.03297,6.19,5.72,12.68,24.08,0.95,0.141,0.13,0.286,NASA_COOLR_ABSENCE,NASA_GPM_IMERG,NASA_USDA_SMAP,COPERNICUS_GLO_30,train
APDA-V1-POS-00678,COOLR-IN-NER-027-INST-678,2022-07-19,Nagaland,Mokokchung,26.32508,94.51604,mudslide,monsoon_rain,1,856.3,53.72,64.9,-0.0199,0.03456,5.78,74.25,142.96,242.09,21.52,0.448,0.407,0.887,NASA_COOLR,NASA_GPM_IMERG,NASA_USDA_SMAP,COPERNICUS_GLO_30,train
APDA-V1-POS-00694,COOLR-IN-NER-012-INST-694,2023-10-05,Sikkim,North Sikkim,27.69444,88.58869,complex_glol_debris,glacial_lake_outburst_rain,1,2928.2,47.99,189.5,-0.08465,0.03662,5.43,68.55,199.38,289.74,16.42,0.429,0.382,0.824,NASA_COOLR,NASA_GPM_IMERG,NASA_USDA_SMAP,COPERNICUS_GLO_30,train
APDA-V1-NEG-00008,NONE_ABSENCE_CONTROL,2022-12-23,West Bengal,Jalpaiguri,26.4515,88.6505,none,none,0,1298.9,8.92,178.0,-0.0112,0.01048,6.15,0.96,2.16,35.6,0.16,0.144,0.133,0.333,NASA_COOLR_ABSENCE,NASA_GPM_IMERG,NASA_USDA_SMAP,COPERNICUS_GLO_30,train
APDA-V1-POS-00255,COOLR-IN-NER-007-INST-255,2022-05-20,Assam,Dima Hasao,25.1813,93.02612,rotational_slide,torrential_rain,1,1434.0,35.09,191.7,0.032,0.09294,6.46,44.42,185.28,278.62,8.0,0.432,0.378,0.828,NASA_COOLR,NASA_GPM_IMERG,NASA_USDA_SMAP,COPERNICUS_GLO_30,train
APDA-V1-NEG-00345,NONE_ABSENCE_CONTROL,2022-06-03,Assam,Kamrup Metro,26.14822,91.57689,none,none,0,1470.7,0.26,352.1,0.00486,0.01365,9.28,30.0,43.15,62.25,5.0,0.136,0.125,0.313,NASA_COOLR_ABSENCE,NASA_GPM_IMERG,NASA_USDA_SMAP,COPERNICUS_GLO_30,test
APDA-V1-NEG-00167,NONE_ABSENCE_CONTROL,2021-09-02,Manipur,Imphal East,24.75954,93.92612,none,none,0,1260.7,5.55,239.1,-0.01483,0.0109,7.11,3.38,9.99,22.54,0.56,0.332,0.305,0.701,NASA_COOLR_ABSENCE,NASA_GPM_IMERG,NASA_USDA_SMAP,COPERNICUS_GLO_30,test
APDA-V1-NEG-00436,NONE_ABSENCE_CONTROL,2022-06-29,Meghalaya,Ri-Bhoi,25.80072,91.78177,none,none,0,962.7,2.51,107.0,-0.04082,0.0163,8.05,4.82,28.51,65.58,0.8,0.182,0.167,0.422,NASA_COOLR_ABSENCE,NASA_GPM_IMERG,NASA_USDA_SMAP,COPERNICUS_GLO_30,train
APDA-V1-POS-00669,COOLR-IN-NER-018-INST-669,2022-06-23,Arunachal Pradesh,Papum Pare,27.10129,93.61702,mudslide,continuous_rain,1,3740.3,36.32,153.1,-0.04054,0.10276,5.61,108.42,277.95,510.06,25.34,0.401,0.356,0.756,NASA_COOLR,NASA_GPM_IMERG,NASA_USDA_SMAP,COPERNICUS_GLO_30,train
APDA-V1-NEG-00092,NONE_ABSENCE_CONTROL,2023-04-09,Meghalaya,Ri-Bhoi,26.00724,91.95595,none,none,0,1036.9,7.2,273.2,0.00629,0.00047,6.77,4.02,4.13,8.31,0.67,0.174,0.16,0.41,NASA_COOLR_ABSENCE,NASA_GPM_IMERG,NASA_USDA_SMAP,COPERNICUS_GLO_30,train
APDA-V1-NEG-00057,NONE_ABSENCE_CONTROL,2023-02-15,Assam,Kamrup Metro,26.12119,91.668,none,none,0,1721.2,5.32,28.8,-0.02384,0.0095,6.07,0.08,8.13,51.75,0.01,0.141,0.13,0.308,NASA_COOLR_ABSENCE,NASA_GPM_IMERG,NASA_USDA_SMAP,COPERNICUS_GLO_30,val
APDA-V1-NEG-00707,NONE_ABSENCE_CONTROL,2023-09-29,Assam,Dibrugarh,27.61054,95.06781,none,none,0,3303.0,4.03,195.8,-0.00519,-0.00707,7.41,3.24,12.81,20.38,0.54,0.175,0.161,0.397,NASA_COOLR_ABSENCE,NASA_GPM_IMERG,NASA_USDA_SMAP,COPERNICUS_GLO_30,train
APDA-V1-POS-00087,COOLR-IN-NER-025-INST-87,2021-08-07,Mizoram,Champhai,23.47776,93.32802,debris_flow,continuous_rain,1,284.4,38.91,207.2,-0.07142,0.02071,6.24,44.92,213.95,309.74,7.81,0.429,0.391,0.87,NASA_COOLR,NASA_GPM_IMERG,NASA_USDA_SMAP,COPERNICUS_GLO_30,val
APDA-V1-NEG-00672,NONE_ABSENCE_CONTROL,2023-05-27,West Bengal,Jalpaiguri,26.57081,88.65505,none,none,0,1564.4,12.39,98.3,0.00965,0.01075,5.58,1.77,15.54,47.51,0.3,0.047,0.044,0.11,NASA_COOLR_ABSENCE,NASA_GPM_IMERG,NASA_USDA_SMAP,COPERNICUS_GLO_30,train
APDA-V1-POS-00266,COOLR-IN-NER-018-INST-266,2022-07-04,Arunachal Pradesh,Papum Pare,27.09576,93.616,mudslide,continuous_rain,1,3142.6,32.96,224.7,-0.00869,0.05153,6.49,87.72,248.84,520.43,22.98,0.397,0.342,0.68,NASA_COOLR,NASA_GPM_IMERG,NASA_USDA_SMAP,COPERNICUS_GLO_30,train
APDA-V1-POS-00288,COOLR-IN-NER-009-INST-288,2022-06-30,Assam,Cachar,24.83495,92.80451,mudslide,flooding_rain,1,833.0,38.56,29.3,-0.00048,0.0203,5.35,35.0,201.53,355.07,10.03,0.451,0.406,0.846,NASA_COOLR,NASA_GPM_IMERG,NASA_USDA_SMAP,COPERNICUS_GLO_30,train
APDA-V1-NEG-00734,NONE_ABSENCE_CONTROL,2023-03-29,Tripura,West Tripura,23.90178,91.22573,none,none,0,520.8,1.21,181.1,-0.0136,0.0065,8.79,7.33,25.49,32.39,1.22,0.288,0.265,0.577,NASA_COOLR_ABSENCE,NASA_GPM_IMERG,NASA_USDA_SMAP,COPERNICUS_GLO_30,val
APDA-V1-NEG-00143,NONE_ABSENCE_CONTROL,2021-12-05,Manipur,Imphal East,24.77024,93.84985,none,none,0,491.8,0.67,100.5,-0.01119,0.00471,9.17,0.53,12.68,28.53,0.09,0.276,0.254,0.642,NASA_COOLR_ABSENCE,NASA_GPM_IMERG,NASA_USDA_SMAP,COPERNICUS_GLO_30,train
APDA-V1-NEG-00746,NONE_ABSENCE_CONTROL,2022-01-12,Assam,Nagaon,26.34509,92.5897,none,none,0,761.2,0.55,16.7,-0.02979,-0.0089,9.13,0.1,11.42,36.15,0.02,0.261,0.24,0.529,NASA_COOLR_ABSENCE,NASA_GPM_IMERG,NASA_USDA_SMAP,COPERNICUS_GLO_30,train
APDA-V1-NEG-00229,NONE_ABSENCE_CONTROL,2021-10-01,Meghalaya,West Garo Hills,25.39584,90.16733,none,none,0,768.1,3.85,295.5,0.00181,-0.00017,7.58,2.54,3.0,21.33,0.42,0.24,0.22,0.531,NASA_COOLR_ABSENCE,NASA_GPM_IMERG,NASA_USDA_SMAP,COPERNICUS_GLO_30,test
APDA-V1-POS-00535,COOLR-IN-NER-008-INST-535,2022-05-11,Assam,Dima Hasao,25.07838,93.15556,debris_flow,monsoon_rain,1,1814.9,36.45,178.0,0.04147,0.00798,5.86,142.17,272.99,491.11,20.69,0.482,0.445,0.869,NASA_COOLR,NASA_GPM_IMERG,NASA_USDA_SMAP,COPERNICUS_GLO_30,train
APDA-V1-NEG-00251,NONE_ABSENCE_CONTROL,2022-11-17,Assam,Dibrugarh,27.4814,94.79218,none,none,0,1547.6,16.0,37.8,-0.00086,-0.00804,4.66,9.57,14.23,38.51,1.6,0.094,0.087,0.214,NASA_COOLR_ABSENCE,NASA_GPM_IMERG,NASA_USDA_SMAP,COPERNICUS_GLO_30,train
APDA-V1-POS-00222,COOLR-IN-NER-005-INST-222,2020-09-13,Meghalaya,East Garo Hills,25.59983,90.58661,debris_flow,tropical_cyclone,1,1375.9,52.32,142.7,0.01074,0.08637,5.71,139.86,333.58,407.8,25.0,0.385,0.352,0.71,NASA_COOLR,NASA_GPM_IMERG,NASA_USDA_SMAP,COPERNICUS_GLO_30,train
APDA-V1-POS-00114,COOLR-IN-NER-021-INST-114,2021-07-29,Manipur,Senapati,25.26469,94.01899,translational_slide,monsoon_rain,1,1010.0,31.76,235.3,-0.08013,0.00033,6.44,127.51,332.91,482.9,20.69,0.391,0.341,0.68,NASA_COOLR,NASA_GPM_IMERG,NASA_USDA_SMAP,COPERNICUS_GLO_30,val
APDA-V1-POS-00673,COOLR-IN-NER-022-INST-673,2020-06-28,Manipur,Tamenglong,24.98025,93.49426,mudslide,monsoon_rain,1,381.2,27.15,238.2,-0.07417,0.09288,5.65,101.82,277.78,338.42,25.68,0.412,0.381,0.749,NASA_COOLR,NASA_GPM_IMERG,NASA_USDA_SMAP,COPERNICUS_GLO_30,train
APDA-V1-POS-00584,COOLR-IN-NER-026-INST-584,2023-08-01,Nagaland,Kohima,25.67167,94.11319,translational_slide,continuous_rain,1,674.8,20.39,30.9,-0.09949,0.04912,6.17,105.94,306.79,432.15,28.32,0.378,0.336,0.765,NASA_COOLR,NASA_GPM_IMERG,NASA_USDA_SMAP,COPERNICUS_GLO_30,test
APDA-V1-POS-00175,COOLR-IN-NER-020-INST-175,2022-07-14,Manipur,Noney,24.78833,93.68965,massive_debris_slide,unprecedented_continuous_rain,1,1006.9,37.83,186.7,-0.01611,0.04695,5.54,81.87,263.92,398.89,17.31,0.374,0.322,0.706,NASA_COOLR,NASA_GPM_IMERG,NASA_USDA_SMAP,COPERNICUS_GLO_30,train
APDA-V1-POS-00536,COOLR-IN-NER-009-INST-536,2022-06-26,Assam,Cachar,24.83063,92.80156,mudslide,flooding_rain,1,1438.0,47.79,203.9,-0.07599,0.01193,5.24,63.91,141.07,410.11,17.43,0.461,0.428,0.911,NASA_COOLR,NASA_GPM_IMERG,NASA_USDA_SMAP,COPERNICUS_GLO_30,test
APDA-V1-NEG-00329,NONE_ABSENCE_CONTROL,2023-03-28,Assam,Kamrup Metro,26.14673,91.81849,none,none,0,1022.7,4.14,270.8,0.02447,0.00601,7.28,0.58,0.74,30.47,0.1,0.094,0.086,0.218,NASA_COOLR_ABSENCE,NASA_GPM_IMERG,NASA_USDA_SMAP,COPERNICUS_GLO_30,val
APDA-V1-NEG-00427,NONE_ABSENCE_CONTROL,2021-05-24,Assam,Dibrugarh,27.33188,95.01607,none,none,0,3191.0,0.23,54.1,0.00938,0.00312,9.44,10.31,17.92,50.5,1.72,0.198,0.183,0.415,NASA_COOLR_ABSENCE,NASA_GPM_IMERG,NASA_USDA_SMAP,COPERNICUS_GLO_30,train
APDA-V1-NEG-00357,NONE_ABSENCE_CONTROL,2023-10-04,Meghalaya,West Garo Hills,25.55277,90.28461,none,none,0,1517.2,5.75,84.4,0.01486,0.01184,6.96,1.72,4.32,14.26,0.29,0.162,0.149,0.341,NASA_COOLR_ABSENCE,NASA_GPM_IMERG,NASA_USDA_SMAP,COPERNICUS_GLO_30,val
APDA-V1-NEG-00233,NONE_ABSENCE_CONTROL,2022-08-10,Assam,Kamrup Metro,26.13538,91.62724,none,none,0,1371.3,4.0,131.5,-0.01221,-0.00304,7.63,30.0,33.23,52.23,5.0,0.159,0.146,0.327,NASA_COOLR_ABSENCE,NASA_GPM_IMERG,NASA_USDA_SMAP,COPERNICUS_GLO_30,val
APDA-V1-POS-00286,COOLR-IN-NER-007-INST-286,2022-04-30,Assam,Dima Hasao,25.18441,93.03095,rotational_slide,torrential_rain,1,698.7,44.49,171.7,-0.01829,0.01041,5.31,64.73,124.82,354.69,16.64,0.405,0.368,0.763,NASA_COOLR,NASA_GPM_IMERG,NASA_USDA_SMAP,COPERNICUS_GLO_30,test
APDA-V1-NEG-00118,NONE_ABSENCE_CONTROL,2022-03-05,Tripura,West Tripura,23.87264,91.21266,none,none,0,1410.1,5.96,298.2,0.03598,0.00306,6.02,1.64,11.97,17.02,0.27,0.298,0.274,0.611,NASA_COOLR_ABSENCE,NASA_GPM_IMERG,NASA_USDA_SMAP,COPERNICUS_GLO_30,train
APDA-V1-POS-00375,COOLR-IN-NER-003-INST-375,2023-07-05,Meghalaya,Ri-Bhoi,25.75996,91.90623,rockfall,continuous_rain,1,1414.6,38.72,332.7,-0.09182,0.03795,4.92,67.59,208.38,324.09,19.23,0.441,0.387,0.789,NASA_COOLR,NASA_GPM_IMERG,NASA_USDA_SMAP,COPERNICUS_GLO_30,train
APDA-V1-NEG-00447,NONE_ABSENCE_CONTROL,2022-05-25,Manipur,Imphal East,24.76945,94.08981,none,none,0,1446.5,0.53,128.8,-0.00422,0.0116,9.01,15.11,30.69,48.74,2.52,0.038,0.035,0.083,NASA_COOLR_ABSENCE,NASA_GPM_IMERG,NASA_USDA_SMAP,COPERNICUS_GLO_30,train
APDA-V1-POS-00032,COOLR-IN-NER-001-INST-32,2023-06-03,Meghalaya,East Khasi Hills,25.54012,91.86744,debris_flow,monsoon_rain,1,1850.9,38.32,188.1,-0.00251,0.01423,6.23,105.27,324.43,570.64,19.69,0.478,0.427,0.879,NASA_COOLR,NASA_GPM_IMERG,NASA_USDA_SMAP,COPERNICUS_GLO_30,train
APDA-V1-POS-00552,COOLR-IN-NER-025-INST-552,2021-08-03,Mizoram,Champhai,23.47491,93.32737,debris_flow,continuous_rain,1,487.3,48.72,209.8,-0.04659,0.07131,5.96,92.24,242.68,542.95,22.83,0.416,0.36,0.822,NASA_COOLR,NASA_GPM_IMERG,NASA_USDA_SMAP,COPERNICUS_GLO_30,train
APDA-V1-POS-00211,COOLR-IN-NER-025-INST-211,2021-07-27,Mizoram,Champhai,23.47278,93.32756,debris_flow,continuous_rain,1,304.6,43.8,189.6,-0.0087,0.04989,6.01,95.74,287.18,388.14,29.19,0.399,0.363,0.783,NASA_COOLR,NASA_GPM_IMERG,NASA_USDA_SMAP,COPERNICUS_GLO_30,train
APDA-V1-NEG-00297,NONE_ABSENCE_CONTROL,2021-01-28,Assam,Kamrup Metro,26.26238,91.77027,none,none,0,1421.9,10.36,340.0,0.00122,-0.01405,6.61,2.81,5.67,10.25,0.47,0.246,0.226,0.493,NASA_COOLR_ABSENCE,NASA_GPM_IMERG,NASA_USDA_SMAP,COPERNICUS_GLO_30,train
APDA-V1-NEG-00174,NONE_ABSENCE_CONTROL,2022-10-08,Tripura,West Tripura,23.91501,91.22899,none,none,0,748.5,4.67,345.5,-0.00826,-0.00637,5.96,30.0,48.58,84.36,5.0,0.24,0.221,0.506,NASA_COOLR_ABSENCE,NASA_GPM_IMERG,NASA_USDA_SMAP,COPERNICUS_GLO_30,train
APDA-V1-NEG-00060,NONE_ABSENCE_CONTROL,2022-09-10,Meghalaya,Ri-Bhoi,25.75394,91.80785,none,none,0,1148.2,0.87,318.6,0.00141,0.00179,9.19,2.71,19.01,48.61,0.45,0.066,0.061,0.146,NASA_COOLR_ABSENCE,NASA_GPM_IMERG,NASA_USDA_SMAP,COPERNICUS_GLO_30,train
APDA-V1-POS-00618,COOLR-IN-NER-029-INST-618,2022-05-20,Tripura,Dhalai,23.85388,91.94622,shallow_slide,heavy_rain,1,1381.4,29.33,155.7,-0.03557,0.03864,5.82,47.21,235.04,384.35,12.96,0.441,0.409,0.881,NASA_COOLR,NASA_GPM_IMERG,NASA_USDA_SMAP,COPERNICUS_GLO_30,val
APDA-V1-NEG-00183,NONE_ABSENCE_CONTROL,2022-05-05,Manipur,Imphal East,24.68313,93.99553,none,none,0,1326.4,1.04,293.1,0.00102,0.01185,8.76,0.02,22.83,60.97,0.0,0.102,0.094,0.241,NASA_COOLR_ABSENCE,NASA_GPM_IMERG,NASA_USDA_SMAP,COPERNICUS_GLO_30,val
APDA-V1-POS-00620,COOLR-IN-NER-031-INST-620,2023-10-18,West Bengal,Kalimpong,27.06497,88.47198,debris_flow,teesta_river_erosion,1,3388.6,48.07,188.6,-0.09682,0.07344,4.62,45.2,253.72,537.29,10.32,0.486,0.433,0.852,NASA_COOLR,NASA_GPM_IMERG,NASA_USDA_SMAP,COPERNICUS_GLO_30,train
APDA-V1-POS-00189,COOLR-IN-NER-003-INST-189,2023-07-13,Meghalaya,Ri-Bhoi,25.75448,91.90251,rockfall,continuous_rain,1,744.2,34.37,203.6,-0.04769,0.02423,6.3,103.47,273.35,544.2,15.95,0.392,0.334,0.68,NASA_COOLR,NASA_GPM_IMERG,NASA_USDA_SMAP,COPERNICUS_GLO_30,train
APDA-V1-POS-00711,COOLR-IN-NER-029-INST-711,2022-05-25,Tripura,Dhalai,23.85813,91.95105,shallow_slide,heavy_rain,1,1378.2,23.34,208.0,-0.04845,0.05589,6.53,159.63,360.84,467.5,23.47,0.441,0.392,0.854,NASA_COOLR,NASA_GPM_IMERG,NASA_USDA_SMAP,COPERNICUS_GLO_30,test
APDA-V1-NEG-00187,NONE_ABSENCE_CONTROL,2023-05-22,Assam,Dibrugarh,27.35073,95.0463,none,none,0,3536.5,4.12,7.5,-0.01175,0.01423,7.19,0.25,4.57,13.62,0.04,0.113,0.104,0.247,NASA_COOLR_ABSENCE,NASA_GPM_IMERG,NASA_USDA_SMAP,COPERNICUS_GLO_30,train
APDA-V1-NEG-00419,NONE_ABSENCE_CONTROL,2023-09-14,Assam,Dibrugarh,27.45744,94.97802,none,none,0,2898.6,3.28,134.1,-0.00485,0.00311,6.05,12.41,32.31,43.95,2.07,0.153,0.14,0.32,NASA_COOLR_ABSENCE,NASA_GPM_IMERG,NASA_USDA_SMAP,COPERNICUS_GLO_30,train
APDA-V1-NEG-00470,NONE_ABSENCE_CONTROL,2021-07-23,Tripura,West Tripura,23.87279,91.20344,none,none,0,984.9,4.94,151.3,0.01137,-0.00642,7.26,14.79,31.87,44.61,2.47,0.121,0.111,0.28,NASA_COOLR_ABSENCE,NASA_GPM_IMERG,NASA_USDA_SMAP,COPERNICUS_GLO_30,train
APDA-V1-NEG-00348,NONE_ABSENCE_CONTROL,2021-01-07,Meghalaya,Ri-Bhoi,25.80936,91.89913,none,none,0,934.6,0.21,115.4,0.01678,0.00815,9.16,1.01,23.02,26.39,0.17,0.225,0.207,0.495,NASA_COOLR_ABSENCE,NASA_GPM_IMERG,NASA_USDA_SMAP,COPERNICUS_GLO_30,train
APDA-V1-NEG-00152,NONE_ABSENCE_CONTROL,2022-04-12,West Bengal,Jalpaiguri,26.55105,88.73463,none,none,0,719.1,2.49,92.8,0.03779,-0.00882,7.68,1.59,19.46,32.77,0.26,0.147,0.135,0.313,NASA_COOLR_ABSENCE,NASA_GPM_IMERG,NASA_USDA_SMAP,COPERNICUS_GLO_30,train
APDA-V1-POS-00084,COOLR-IN-NER-022-INST-84,2020-07-23,Manipur,Tamenglong,24.98618,93.49766,mudslide,monsoon_rain,1,1046.1,34.36,235.4,-0.07616,0.03398,6.07,103.16,215.4,265.86,19.79,0.462,0.416,0.903,NASA_COOLR,NASA_GPM_IMERG,NASA_USDA_SMAP,COPERNICUS_GLO_30,val
APDA-V1-POS-00702,COOLR-IN-NER-020-INST-702,2022-07-03,Manipur,Noney,24.78887,93.6799,massive_debris_slide,unprecedented_continuous_rain,1,738.9,34.05,228.5,-0.01821,0.06219,6.2,74.23,245.14,495.03,14.58,0.402,0.367,0.783,NASA_COOLR,NASA_GPM_IMERG,NASA_USDA_SMAP,COPERNICUS_GLO_30,train
APDA-V1-POS-00049,COOLR-IN-NER-018-INST-49,2022-06-14,Arunachal Pradesh,Papum Pare,27.09968,93.61327,mudslide,continuous_rain,1,2214.4,36.39,215.1,-0.04804,0.0574,5.35,82.37,214.0,443.37,13.91,0.427,0.394,0.806,NASA_COOLR,NASA_GPM_IMERG,NASA_USDA_SMAP,COPERNICUS_GLO_30,train
APDA-V1-NEG-00534,NONE_ABSENCE_CONTROL,2021-03-26,Tripura,West Tripura,23.69998,91.27102,none,none,0,1321.2,2.88,216.3,-0.00379,-0.0281,7.92,0.67,21.09,41.17,0.11,0.111,0.102,0.237,NASA_COOLR_ABSENCE,NASA_GPM_IMERG,NASA_USDA_SMAP,COPERNICUS_GLO_30,test
APDA-V1-POS-00156,COOLR-IN-NER-001-INST-156,2023-06-17,Meghalaya,East Khasi Hills,25.53444,91.86779,debris_flow,monsoon_rain,1,1328.8,40.9,161.1,-0.0473,0.06167,6.24,159.65,363.88,573.79,25.85,0.473,0.438,0.887,NASA_COOLR,NASA_GPM_IMERG,NASA_USDA_SMAP,COPERNICUS_GLO_30,val
APDA-V1-NEG-00402,NONE_ABSENCE_CONTROL,2022-08-15,Assam,Nagaon,26.29821,92.60667,none,none,0,1195.9,5.98,30.8,0.00201,0.01504,5.46,4.57,28.08,48.98,0.76,0.087,0.08,0.191,NASA_COOLR_ABSENCE,NASA_GPM_IMERG,NASA_USDA_SMAP,COPERNICUS_GLO_30,train
APDA-V1-NEG-00392,NONE_ABSENCE_CONTROL,2023-06-15,West Bengal,Jalpaiguri,26.63514,88.8208,none,none,0,1365.5,0.99,309.6,-0.02772,0.00832,8.95,12.2,25.92,40.7,2.03,0.117,0.108,0.241,NASA_COOLR_ABSENCE,NASA_GPM_IMERG,NASA_USDA_SMAP,COPERNICUS_GLO_30,train
APDA-V1-NEG-00225,NONE_ABSENCE_CONTROL,2023-02-11,Assam,Kamrup Metro,26.19476,91.5801,none,none,0,1702.6,8.6,275.5,0.00231,-0.01158,6.28,1.09,11.48,28.66,0.18,0.167,0.153,0.353,NASA_COOLR_ABSENCE,NASA_GPM_IMERG,NASA_USDA_SMAP,COPERNICUS_GLO_30,train
APDA-V1-NEG-00308,NONE_ABSENCE_CONTROL,2023-05-07,Meghalaya,Ri-Bhoi,25.85397,91.89045,none,none,0,1088.1,13.1,18.4,-0.01156,-0.01047,6.12,1.81,21.75,36.3,0.3,0.071,0.065,0.159,NASA_COOLR_ABSENCE,NASA_GPM_IMERG,NASA_USDA_SMAP,COPERNICUS_GLO_30,train
APDA-V1-NEG-00058,NONE_ABSENCE_CONTROL,2021-12-10,Assam,Nagaon,26.3535,92.79616,none,none,0,1926.7,2.92,95.0,-0.00128,0.00092,7.52,0.78,6.82,36.87,0.13,0.255,0.235,0.605,NASA_COOLR_ABSENCE,NASA_GPM_IMERG,NASA_USDA_SMAP,COPERNICUS_GLO_30,train
APDA-V1-NEG-00480,NONE_ABSENCE_CONTROL,2021-08-24,West Bengal,Jalpaiguri,26.62981,88.86831,none,none,0,1026.7,3.21,168.9,0.01438,0.01047,7.69,4.8,5.46,25.3,0.8,0.169,0.155,0.373,NASA_COOLR_ABSENCE,NASA_GPM_IMERG,NASA_USDA_SMAP,COPERNICUS_GLO_30,test
APDA-V1-NEG-00731,NONE_ABSENCE_CONTROL,2023-04-13,Assam,Dibrugarh,27.48963,95.05653,none,none,0,3730.6,3.27,218.0,0.02502,0.00697,7.63,6.74,22.97,65.99,1.12,0.267,0.246,0.536,NASA_COOLR_ABSENCE,NASA_GPM_IMERG,NASA_USDA_SMAP,COPERNICUS_GLO_30,train
APDA-V1-NEG-00687,NONE_ABSENCE_CONTROL,2021-09-23,Manipur,Imphal East,24.88038,93.97764,none,none,0,478.6,11.31,314.0,-0.01058,-0.00884,5.74,4.42,22.32,37.3,0.74,0.173,0.159,0.402,NASA_COOLR_ABSENCE,NASA_GPM_IMERG,NASA_USDA_SMAP,COPERNICUS_GLO_30,train
APDA-V1-POS-00180,COOLR-IN-NER-025-INST-180,2021-07-27,Mizoram,Champhai,23.47132,93.33121,debris_flow,continuous_rain,1,1421.0,32.75,200.0,-0.06205,0.07356,6.48,55.45,249.24,395.44,12.42,0.49,0.455,0.907,NASA_COOLR,NASA_GPM_IMERG,NASA_USDA_SMAP,COPERNICUS_GLO_30,val
APDA-V1-NEG-00606,NONE_ABSENCE_CONTROL,2023-01-23,Tripura,West Tripura,23.693,91.26305,none,none,0,705.4,4.68,317.6,0.00191,0.00697,7.45,0.92,9.99,25.54,0.15,0.201,0.185,0.446,NASA_COOLR_ABSENCE,NASA_GPM_IMERG,NASA_USDA_SMAP,COPERNICUS_GLO_30,train
APDA-V1-NEG-00497,NONE_ABSENCE_CONTROL,2021-01-17,Assam,Kamrup Metro,26.06891,91.81829,none,none,0,1483.7,2.28,90.7,-0.00921,0.0008,8.08,5.74,18.11,31.61,0.96,0.183,0.168,0.401,NASA_COOLR_ABSENCE,NASA_GPM_IMERG,NASA_USDA_SMAP,COPERNICUS_GLO_30,test
APDA-V1-NEG-00291,NONE_ABSENCE_CONTROL,2023-08-05,Assam,Dibrugarh,27.33811,94.82224,none,none,0,2421.5,3.71,221.2,0.02807,0.00264,7.71,6.05,24.52,35.51,1.01,0.146,0.134,0.298,NASA_COOLR_ABSENCE,NASA_GPM_IMERG,NASA_USDA_SMAP,COPERNICUS_GLO_30,val
APDA-V1-NEG-00200,NONE_ABSENCE_CONTROL,2023-08-13,West Bengal,Jalpaiguri,26.54515,88.76772,none,none,0,1568.1,0.35,287.5,0.0222,-0.0202,9.53,2.92,9.73,17.81,0.49,0.178,0.164,0.371,NASA_COOLR_ABSENCE,NASA_GPM_IMERG,NASA_USDA_SMAP,COPERNICUS_GLO_30,train
APDA-V1-NEG-00067,NONE_ABSENCE_CONTROL,2023-04-24,Assam,Dibrugarh,27.41085,94.79652,none,none,0,3547.3,12.14,345.0,-0.01828,0.00568,6.13,0.11,17.61,20.19,0.02,0.236,0.218,0.514,NASA_COOLR_ABSENCE,NASA_GPM_IMERG,NASA_USDA_SMAP,COPERNICUS_GLO_30,train
APDA-V1-POS-00364,COOLR-IN-NER-023-INST-364,2024-06-08,Mizoram,Aizawl,23.73258,92.72065,stone_quarry_collapse,cyclone_remal_deluge,1,825.8,36.58,297.3,-0.01904,-0.00849,6.33,87.34,199.84,394.7,19.12,0.371,0.315,0.718,NASA_COOLR,NASA_GPM_IMERG,NASA_USDA_SMAP,COPERNICUS_GLO_30,test
APDA-V1-NEG-00428,NONE_ABSENCE_CONTROL,2022-11-01,Meghalaya,Ri-Bhoi,25.97343,91.97619,none,none,0,1707.2,1.18,287.0,0.00489,-0.0049,8.32,0.05,2.33,8.05,0.01,0.29,0.267,0.635,NASA_COOLR_ABSENCE,NASA_GPM_IMERG,NASA_USDA_SMAP,COPERNICUS_GLO_30,val
APDA-V1-NEG-00449,NONE_ABSENCE_CONTROL,2022-03-01,Assam,Kamrup Metro,26.03151,91.61245,none,none,0,1172.4,6.54,185.7,-0.00292,0.0066,5.54,1.5,24.33,46.47,0.25,0.245,0.225,0.492,NASA_COOLR_ABSENCE,NASA_GPM_IMERG,NASA_USDA_SMAP,COPERNICUS_GLO_30,test
APDA-V1-POS-00347,COOLR-IN-NER-006-INST-347,2024-05-30,Meghalaya,East Khasi Hills,25.56261,91.8824,shallow_slide,cyclone_remnants,1,858.6,22.66,208.6,-0.09261,0.02022,6.37,71.59,198.95,260.95,18.87,0.404,0.351,0.75,NASA_COOLR,NASA_GPM_IMERG,NASA_USDA_SMAP,COPERNICUS_GLO_30,train
APDA-V1-NEG-00261,NONE_ABSENCE_CONTROL,2021-01-01,Meghalaya,West Garo Hills,25.43064,90.15728,none,none,0,1858.9,2.09,200.8,0.00969,0.00046,7.42,0.87,23.15,29.41,0.15,0.099,0.092,0.217,NASA_COOLR_ABSENCE,NASA_GPM_IMERG,NASA_USDA_SMAP,COPERNICUS_GLO_30,test
APDA-V1-POS-00615,COOLR-IN-NER-026-INST-615,2023-07-17,Nagaland,Kohima,25.67481,94.11318,translational_slide,continuous_rain,1,1193.5,36.24,202.9,-0.04763,0.06358,6.07,83.37,207.12,324.91,13.19,0.4,0.352,0.716,NASA_COOLR,NASA_GPM_IMERG,NASA_USDA_SMAP,COPERNICUS_GLO_30,train
APDA-V1-NEG-00216,NONE_ABSENCE_CONTROL,2022-02-13,West Bengal,Jalpaiguri,26.67661,88.83913,none,none,0,1678.7,6.3,242.1,0.00476,-0.01147,7.15,3.05,20.69,38.31,0.51,0.195,0.179,0.394,NASA_COOLR_ABSENCE,NASA_GPM_IMERG,NASA_USDA_SMAP,COPERNICUS_GLO_30,train
APDA-V1-NEG-00524,NONE_ABSENCE_CONTROL,2021-10-01,Meghalaya,Ri-Bhoi,25.95197,91.92681,none,none,0,1598.8,5.42,59.0,0.00542,0.00476,7.01,17.9,19.17,57.98,2.98,0.246,0.226,0.506,NASA_COOLR_ABSENCE,NASA_GPM_IMERG,NASA_USDA_SMAP,COPERNICUS_GLO_30,train
APDA-V1-POS-00590,COOLR-IN-NER-001-INST-590,2023-06-04,Meghalaya,East Khasi Hills,25.53949,91.8703,debris_flow,monsoon_rain,1,1643.4,41.08,228.0,-0.03739,0.04951,5.86,147.9,261.45,442.84,38.18,0.465,0.431,0.957,NASA_COOLR,NASA_GPM_IMERG,NASA_USDA_SMAP,COPERNICUS_GLO_30,train
APDA-V1-NEG-00539,NONE_ABSENCE_CONTROL,2021-08-14,Assam,Dibrugarh,27.36544,94.85485,none,none,0,2953.1,4.0,217.0,-0.01147,0.00517,6.75,4.63,25.64,49.54,0.77,0.241,0.222,0.556,NASA_COOLR_ABSENCE,NASA_GPM_IMERG,NASA_USDA_SMAP,COPERNICUS_GLO_30,train
APDA-V1-POS-00632,COOLR-IN-NER-012-INST-632,2023-10-15,Sikkim,North Sikkim,27.69183,88.58104,complex_glol_debris,glacial_lake_outburst_rain,1,3327.2,42.42,144.3,0.02265,0.02819,6.0,62.44,173.17,339.51,15.83,0.377,0.348,0.712,NASA_COOLR,NASA_GPM_IMERG,NASA_USDA_SMAP,COPERNICUS_GLO_30,train
APDA-V1-POS-00244,COOLR-IN-NER-027-INST-244,2022-08-04,Nagaland,Mokokchung,26.32565,94.52318,mudslide,monsoon_rain,1,1413.5,28.49,229.6,-0.04301,0.05863,5.73,131.83,227.79,468.59,18.45,0.422,0.374,0.805,NASA_COOLR,NASA_GPM_IMERG,NASA_USDA_SMAP,COPERNICUS_GLO_30,val
APDA-V1-NEG-00625,NONE_ABSENCE_CONTROL,2023-12-29,Assam,Kamrup Metro,26.09735,91.69797,none,none,0,1890.3,6.41,354.2,0.00822,-0.00648,6.91,0.62,3.2,42.67,0.1,0.097,0.09,0.197,NASA_COOLR_ABSENCE,NASA_GPM_IMERG,NASA_USDA_SMAP,COPERNICUS_GLO_30,train
APDA-V1-NEG-00702,NONE_ABSENCE_CONTROL,2021-12-01,Tripura,West Tripura,23.8887,91.17567,none,none,0,276.9,3.56,301.7,0.01065,-0.00759,7.12,1.98,14.92,36.12,0.33,0.143,0.132,0.29,NASA_COOLR_ABSENCE,NASA_GPM_IMERG,NASA_USDA_SMAP,COPERNICUS_GLO_30,train
APDA-V1-NEG-00015,NONE_ABSENCE_CONTROL,2021-01-02,Manipur,Imphal East,24.72542,93.88072,none,none,0,889.4,0.62,52.4,-0.00958,0.00441,8.96,5.05,7.81,17.77,0.84,0.097,0.089,0.202,NASA_COOLR_ABSENCE,NASA_GPM_IMERG,NASA_USDA_SMAP,COPERNICUS_GLO_30,train
APDA-V1-NEG-00238,NONE_ABSENCE_CONTROL,2022-12-31,Tripura,West Tripura,23.72406,91.37419,none,none,0,1384.6,3.82,286.8,-0.01968,-0.00843,7.7,1.1,15.65,52.29,0.18,0.274,0.252,0.595,NASA_COOLR_ABSENCE,NASA_GPM_IMERG,NASA_USDA_SMAP,COPERNICUS_GLO_30,train
APDA-V1-POS-00412,COOLR-IN-NER-009-INST-412,2022-06-29,Assam,Cachar,24.83218,92.80074,mudslide,flooding_rain,1,1148.8,40.61,164.2,-0.01235,0.03261,4.92,147.33,271.78,334.85,22.44,0.469,0.449,0.987,NASA_COOLR,NASA_GPM_IMERG,NASA_USDA_SMAP,COPERNICUS_GLO_30,test
APDA-V1-NEG-00671,NONE_ABSENCE_CONTROL,2023-07-26,Manipur,Imphal East,24.75445,93.98875,none,none,0,618.9,5.94,262.0,-0.00089,-0.01069,6.75,0.19,0.41,4.09,0.03,0.161,0.148,0.335,NASA_COOLR_ABSENCE,NASA_GPM_IMERG,NASA_USDA_SMAP,COPERNICUS_GLO_30,val
APDA-V1-NEG-00476,NONE_ABSENCE_CONTROL,2021-05-08,Meghalaya,Ri-Bhoi,26.04392,91.79362,none,none,0,1357.6,7.42,138.1,0.03493,0.0055,5.51,15.17,18.31,23.91,2.53,0.11,0.101,0.244,NASA_COOLR_ABSENCE,NASA_GPM_IMERG,NASA_USDA_SMAP,COPERNICUS_GLO_30,train
APDA-V1-POS-00309,COOLR-IN-NER-030-INST-309,2021-10-15,West Bengal,Darjeeling,27.03554,88.26252,rotational_slide,post_monsoon_deluge,1,1860.6,24.54,155.7,-0.05548,0.00809,5.63,35.0,191.01,355.99,9.85,0.443,0.395,0.826,NASA_COOLR,NASA_GPM_IMERG,NASA_USDA_SMAP,COPERNICUS_GLO_30,test
APDA-V1-NEG-00132,NONE_ABSENCE_CONTROL,2022-05-01,Meghalaya,Ri-Bhoi,25.87633,91.70271,none,none,0,1804.7,9.23,263.3,-0.00121,0.0083,5.83,19.64,28.31,70.78,3.27,0.202,0.186,0.441,NASA_COOLR_ABSENCE,NASA_GPM_IMERG,NASA_USDA_SMAP,COPERNICUS_GLO_30,test
APDA-V1-POS-00399,COOLR-IN-NER-027-INST-399,2022-07-30,Nagaland,Mokokchung,26.32547,94.51787,mudslide,monsoon_rain,1,1474.5,42.14,195.3,-0.07561,0.0111,6.19,148.43,208.34,420.56,22.18,0.497,0.463,0.962,NASA_COOLR,NASA_GPM_IMERG,NASA_USDA_SMAP,COPERNICUS_GLO_30,train
APDA-V1-POS-00371,COOLR-IN-NER-030-INST-371,2021-10-31,West Bengal,Darjeeling,27.0401,88.266,rotational_slide,post_monsoon_deluge,1,3723.0,39.08,316.8,-0.06019,0.06206,6.23,65.94,198.03,450.94,15.07,0.477,0.433,0.924,NASA_COOLR,NASA_GPM_IMERG,NASA_USDA_SMAP,COPERNICUS_GLO_30,val
APDA-V1-POS-00055,COOLR-IN-NER-024-INST-55,2022-06-11,Mizoram,Lunglei,22.88894,92.74954,mudslide,monsoon_rain,1,1226.8,35.31,329.2,-0.08056,-0.03765,5.72,128.82,206.59,480.49,19.13,0.401,0.344,0.719,NASA_COOLR,NASA_GPM_IMERG,NASA_USDA_SMAP,COPERNICUS_GLO_30,train
APDA-V1-NEG-00589,NONE_ABSENCE_CONTROL,2023-02-03,Meghalaya,West Garo Hills,25.3834,90.29912,none,none,0,662.6,0.68,90.2,-0.00054,0.01179,8.96,3.87,15.89,31.37,0.64,0.12,0.11,0.242,NASA_COOLR_ABSENCE,NASA_GPM_IMERG,NASA_USDA_SMAP,COPERNICUS_GLO_30,test
APDA-V1-NEG-00433,NONE_ABSENCE_CONTROL,2022-02-18,Assam,Kamrup Metro,26.09431,91.84758,none,none,0,684.9,9.31,208.3,0.00349,-0.00909,6.5,0.03,19.14,45.03,0.0,0.167,0.154,0.345,NASA_COOLR_ABSENCE,NASA_GPM_IMERG,NASA_USDA_SMAP,COPERNICUS_GLO_30,train
APDA-V1-POS-00313,COOLR-IN-NER-003-INST-313,2023-07-01,Meghalaya,Ri-Bhoi,25.75282,91.90537,rockfall,continuous_rain,1,1535.8,36.96,234.4,-0.00535,0.02126,6.25,78.98,291.77,342.97,14.99,0.45,0.413,0.881,NASA_COOLR,NASA_GPM_IMERG,NASA_USDA_SMAP,COPERNICUS_GLO_30,train
APDA-V1-NEG-00172,NONE_ABSENCE_CONTROL,2022-06-10,Meghalaya,Ri-Bhoi,26.02662,91.75759,none,none,0,871.8,1.08,144.6,-0.00707,-0.01277,8.16,24.57,26.44,32.04,4.1,0.184,0.169,0.383,NASA_COOLR_ABSENCE,NASA_GPM_IMERG,NASA_USDA_SMAP,COPERNICUS_GLO_30,train
APDA-V1-POS-00110,COOLR-IN-NER-017-INST-110,2021-05-11,Arunachal Pradesh,Tawang,27.58397,91.86472,debris_avalanche,rain_snowmelt,1,3777.7,37.93,94.9,-0.02567,0.05327,5.54,53.66,140.14,332.84,13.46,0.397,0.346,0.68,NASA_COOLR,NASA_GPM_IMERG,NASA_USDA_SMAP,COPERNICUS_GLO_30,test
APDA-V1-POS-00719,COOLR-IN-NER-006-INST-719,2024-05-18,Meghalaya,East Khasi Hills,25.57319,91.8843,shallow_slide,cyclone_remnants,1,1201.9,52.41,174.2,-0.03678,0.0054,4.77,125.4,207.13,503.47,29.66,0.472,0.438,0.864,NASA_COOLR,NASA_GPM_IMERG,NASA_USDA_SMAP,COPERNICUS_GLO_30,train
APDA-V1-POS-00692,COOLR-IN-NER-010-INST-692,2023-08-15,Assam,Kamrup Metropolitan,26.17745,91.75751,shallow_slide,urban_downpour,1,1242.7,37.15,107.8,-0.06991,0.10292,5.66,88.39,146.82,280.65,19.05,0.448,0.41,0.889,NASA_COOLR,NASA_GPM_IMERG,NASA_USDA_SMAP,COPERNICUS_GLO_30,train
APDA-V1-POS-00101,COOLR-IN-NER-008-INST-101,2022-05-15,Assam,Dima Hasao,25.07745,93.1499,debris_flow,monsoon_rain,1,1020.6,38.06,160.5,0.00771,-0.02186,6.23,83.18,287.99,493.41,12.92,0.483,0.444,0.948,NASA_COOLR,NASA_GPM_IMERG,NASA_USDA_SMAP,COPERNICUS_GLO_30,train
APDA-V1-NEG-00376,NONE_ABSENCE_CONTROL,2022-05-27,West Bengal,Jalpaiguri,26.68768,88.61666,none,none,0,1908.7,8.04,223.4,-0.02037,-0.01415,5.81,0.93,7.13,16.84,0.15,0.188,0.173,0.434,NASA_COOLR_ABSENCE,NASA_GPM_IMERG,NASA_USDA_SMAP,COPERNICUS_GLO_30,val
APDA-V1-POS-00670,COOLR-IN-NER-019-INST-670,2020-07-25,Arunachal Pradesh,Lower Subansiri,27.52994,93.82215,debris_flow,monsoon_rain,1,2887.1,43.21,176.8,-0.03214,0.0435,6.1,138.45,306.36,481.15,33.71,0.367,0.318,0.695,NASA_COOLR,NASA_GPM_IMERG,NASA_USDA_SMAP,COPERNICUS_GLO_30,train
APDA-V1-NEG-00626,NONE_ABSENCE_CONTROL,2023-03-29,Assam,Nagaon,26.33908,92.57034,none,none,0,1222.9,0.51,123.0,-0.00721,0.01683,9.54,5.93,18.13,32.15,0.99,0.297,0.274,0.702,NASA_COOLR_ABSENCE,NASA_GPM_IMERG,NASA_USDA_SMAP,COPERNICUS_GLO_30,test
APDA-V1-POS-00267,COOLR-IN-NER-019-INST-267,2020-07-09,Arunachal Pradesh,Lower Subansiri,27.52649,93.82275,debris_flow,monsoon_rain,1,2138.5,47.55,149.1,-0.01484,-0.01322,5.76,79.05,260.82,487.56,11.8,0.499,0.448,0.926,NASA_COOLR,NASA_GPM_IMERG,NASA_USDA_SMAP,COPERNICUS_GLO_30,train
APDA-V1-POS-00679,COOLR-IN-NER-028-INST-679,2020-09-13,Nagaland,Phek,25.68659,94.50332,debris_flow,monsoon_rain,1,1826.8,37.17,177.9,-0.04782,0.07914,5.11,106.95,298.41,476.47,21.76,0.4,0.348,0.725,NASA_COOLR,NASA_GPM_IMERG,NASA_USDA_SMAP,COPERNICUS_GLO_30,train
APDA-V1-POS-00297,COOLR-IN-NER-018-INST-297,2022-06-27,Arunachal Pradesh,Papum Pare,27.09783,93.61698,mudslide,continuous_rain,1,3456.3,36.1,300.9,0.00707,0.04894,6.01,73.66,125.1,301.95,13.45,0.466,0.426,0.837,NASA_COOLR,NASA_GPM_IMERG,NASA_USDA_SMAP,COPERNICUS_GLO_30,train
APDA-V1-POS-00530,COOLR-IN-NER-003-INST-530,2023-07-12,Meghalaya,Ri-Bhoi,25.75484,91.89821,rockfall,continuous_rain,1,1682.1,37.05,146.3,-0.08758,-0.02348,5.97,54.18,223.11,299.52,14.75,0.395,0.356,0.725,NASA_COOLR,NASA_GPM_IMERG,NASA_USDA_SMAP,COPERNICUS_GLO_30,train
APDA-V1-NEG-00195,NONE_ABSENCE_CONTROL,2022-11-27,Assam,Dibrugarh,27.3981,94.89915,none,none,0,2667.7,0.93,180.3,0.00296,0.01163,7.17,0.4,15.77,54.24,0.07,0.29,0.266,0.659,NASA_COOLR_ABSENCE,NASA_GPM_IMERG,NASA_USDA_SMAP,COPERNICUS_GLO_30,train
APDA-V1-NEG-00264,NONE_ABSENCE_CONTROL,2023-07-25,West Bengal,Jalpaiguri,26.68868,88.8689,none,none,0,1796.1,6.06,354.7,-0.00091,0.00616,6.41,0.58,12.18,45.03,0.1,0.21,0.194,0.453,NASA_COOLR_ABSENCE,NASA_GPM_IMERG,NASA_USDA_SMAP,COPERNICUS_GLO_30,val
APDA-V1-NEG-00201,NONE_ABSENCE_CONTROL,2022-08-02,Assam,Kamrup Metro,26.27157,91.81092,none,none,0,1809.2,12.27,61.2,0.00298,0.01214,5.96,3.47,6.83,47.87,0.58,0.285,0.262,0.631,NASA_COOLR_ABSENCE,NASA_GPM_IMERG,NASA_USDA_SMAP,COPERNICUS_GLO_30,train
APDA-V1-POS-00378,COOLR-IN-NER-006-INST-378,2024-05-31,Meghalaya,East Khasi Hills,25.56296,91.87752,shallow_slide,cyclone_remnants,1,1533.1,38.54,222.0,-0.02714,0.05118,5.97,49.44,180.67,259.07,13.71,0.374,0.337,0.757,NASA_COOLR,NASA_GPM_IMERG,NASA_USDA_SMAP,COPERNICUS_GLO_30,val
APDA-V1-POS-00287,COOLR-IN-NER-008-INST-287,2022-05-18,Assam,Dima Hasao,25.07108,93.15412,debris_flow,monsoon_rain,1,746.6,26.27,245.6,-0.08511,0.01541,5.31,35.0,221.02,382.3,11.41,0.471,0.436,0.858,NASA_COOLR,NASA_GPM_IMERG,NASA_USDA_SMAP,COPERNICUS_GLO_30,train
APDA-V1-NEG-00689,NONE_ABSENCE_CONTROL,2021-02-08,Assam,Kamrup Metro,26.14101,91.7892,none,none,0,660.6,13.97,89.5,-0.00794,-0.01422,5.23,8.66,20.16,53.29,1.44,0.258,0.237,0.55,NASA_COOLR_ABSENCE,NASA_GPM_IMERG,NASA_USDA_SMAP,COPERNICUS_GLO_30,val
APDA-V1-POS-00731,COOLR-IN-NER-018-INST-731,2022-06-22,Arunachal Pradesh,Papum Pare,27.09801,93.62259,mudslide,continuous_rain,1,2806.7,37.7,201.8,0.00434,0.01736,5.89,56.0,275.38,367.89,12.36,0.49,0.45,0.885,NASA_COOLR,NASA_GPM_IMERG,NASA_USDA_SMAP,COPERNICUS_GLO_30,test
APDA-V1-POS-00127,COOLR-IN-NER-003-INST-127,2023-07-12,Meghalaya,Ri-Bhoi,25.75018,91.91317,rockfall,continuous_rain,1,671.1,39.87,211.1,-0.01219,0.04287,6.13,132.26,237.33,429.4,29.27,0.378,0.344,0.703,NASA_COOLR,NASA_GPM_IMERG,NASA_USDA_SMAP,COPERNICUS_GLO_30,val
APDA-V1-POS-00328,COOLR-IN-NER-018-INST-328,2022-07-09,Arunachal Pradesh,Papum Pare,27.09312,93.61591,mudslide,continuous_rain,1,2082.9,39.47,76.0,0.005,0.02905,5.81,43.1,160.67,278.13,13.93,0.404,0.363,0.709,NASA_COOLR,NASA_GPM_IMERG,NASA_USDA_SMAP,COPERNICUS_GLO_30,train
APDA-V1-POS-00293,COOLR-IN-NER-014-INST-293,2021-09-15,Sikkim,South Sikkim,27.18775,88.35674,rotational_slide,monsoon_rain,1,3513.5,25.24,193.7,-0.06954,0.07167,6.81,104.38,243.63,378.05,27.68,0.514,0.487,0.977,NASA_COOLR,NASA_GPM_IMERG,NASA_USDA_SMAP,COPERNICUS_GLO_30,val
APDA-V1-POS-00549,COOLR-IN-NER-022-INST-549,2020-07-20,Manipur,Tamenglong,24.98593,93.49401,mudslide,monsoon_rain,1,922.6,45.93,205.4,0.03058,0.06241,5.77,76.12,276.3,415.94,12.6,0.399,0.357,0.773,NASA_COOLR,NASA_GPM_IMERG,NASA_USDA_SMAP,COPERNICUS_GLO_30,train
APDA-V1-POS-00728,COOLR-IN-NER-015-INST-728,2020-08-23,Sikkim,West Sikkim,27.29282,88.24621,translational_slide,continuous_rain,1,3497.7,40.71,216.9,-0.07948,0.03366,6.03,50.48,174.71,410.8,10.09,0.473,0.449,0.978,NASA_COOLR,NASA_GPM_IMERG,NASA_USDA_SMAP,COPERNICUS_GLO_30,train
APDA-V1-NEG-00159,NONE_ABSENCE_CONTROL,2021-04-23,Manipur,Imphal East,24.85755,94.06576,none,none,0,794.1,15.57,25.7,-0.014,0.01105,5.25,1.93,11.28,49.66,0.32,0.174,0.16,0.402,NASA_COOLR_ABSENCE,NASA_GPM_IMERG,NASA_USDA_SMAP,COPERNICUS_GLO_30,train
APDA-V1-POS-00356,COOLR-IN-NER-015-INST-356,2020-08-31,Sikkim,West Sikkim,27.28999,88.24489,translational_slide,continuous_rain,1,3021.9,35.91,209.6,-0.06184,-0.00612,5.74,96.24,199.32,346.15,15.98,0.363,0.329,0.68,NASA_COOLR,NASA_GPM_IMERG,NASA_USDA_SMAP,COPERNICUS_GLO_30,train
APDA-V1-POS-00171,COOLR-IN-NER-016-INST-171,2023-06-21,Arunachal Pradesh,West Kameng,27.34904,92.41857,rockfall,cloudburst,1,2266.7,49.64,215.5,-0.0744,0.00845,4.96,133.96,309.31,565.36,25.54,0.47,0.417,0.855,NASA_COOLR,NASA_GPM_IMERG,NASA_USDA_SMAP,COPERNICUS_GLO_30,val
APDA-V1-NEG-00217,NONE_ABSENCE_CONTROL,2022-01-25,Assam,Kamrup Metro,26.01724,91.68298,none,none,0,1900.5,6.32,42.6,0.01136,0.01061,5.37,1.09,15.32,42.57,0.18,0.1,0.092,0.202,NASA_COOLR_ABSENCE,NASA_GPM_IMERG,NASA_USDA_SMAP,COPERNICUS_GLO_30,train
APDA-V1-NEG-00384,NONE_ABSENCE_CONTROL,2023-05-15,West Bengal,Jalpaiguri,26.42996,88.65697,none,none,0,619.7,1.01,99.5,9e-05,-0.0026,8.83,6.63,25.16,43.78,1.1,0.219,0.202,0.499,NASA_COOLR_ABSENCE,NASA_GPM_IMERG,NASA_USDA_SMAP,COPERNICUS_GLO_30,test
APDA-V1-POS-00652,COOLR-IN-NER-001-INST-652,2023-06-26,Meghalaya,East Khasi Hills,25.53148,91.86808,debris_flow,monsoon_rain,1,1855.2,34.97,125.8,-0.05711,0.07703,4.93,72.86,145.13,254.44,18.03,0.352,0.301,0.68,NASA_COOLR,NASA_GPM_IMERG,NASA_USDA_SMAP,COPERNICUS_GLO_30,train
APDA-V1-POS-00210,COOLR-IN-NER-024-INST-210,2022-05-28,Mizoram,Lunglei,22.8881,92.73899,mudslide,monsoon_rain,1,735.4,40.91,222.7,-0.01127,0.03851,5.23,35.0,196.83,363.64,12.55,0.455,0.398,0.785,NASA_COOLR,NASA_GPM_IMERG,NASA_USDA_SMAP,COPERNICUS_GLO_30,val
APDA-V1-NEG-00648,NONE_ABSENCE_CONTROL,2023-04-19,West Bengal,Jalpaiguri,26.64897,88.60218,none,none,0,1297.6,0.41,124.1,0.01212,0.01558,9.61,0.59,15.13,21.57,0.1,0.236,0.217,0.49,NASA_COOLR_ABSENCE,NASA_GPM_IMERG,NASA_USDA_SMAP,COPERNICUS_GLO_30,train
APDA-V1-POS-00141,COOLR-IN-NER-017-INST-141,2021-05-26,Arunachal Pradesh,Tawang,27.58728,91.8659,debris_avalanche,rain_snowmelt,1,2168.1,38.03,158.2,-0.041,0.00467,5.98,151.03,347.62,474.73,34.3,0.472,0.453,0.99,NASA_COOLR,NASA_GPM_IMERG,NASA_USDA_SMAP,COPERNICUS_GLO_30,train
APDA-V1-NEG-00334,NONE_ABSENCE_CONTROL,2023-08-07,Tripura,West Tripura,23.95295,91.17725,none,none,0,408.7,1.1,280.5,-0.00907,0.01349,8.43,2.57,19.63,51.74,0.43,0.244,0.224,0.579,NASA_COOLR_ABSENCE,NASA_GPM_IMERG,NASA_USDA_SMAP,COPERNICUS_GLO_30,val
APDA-V1-NEG-00241,NONE_ABSENCE_CONTROL,2021-11-27,Assam,Kamrup Metro,26.00722,91.66272,none,none,0,720.7,11.03,278.1,0.00581,-0.0099,5.1,3.94,27.05,29.96,0.66,0.179,0.164,0.385,NASA_COOLR_ABSENCE,NASA_GPM_IMERG,NASA_USDA_SMAP,COPERNICUS_GLO_30,test
APDA-V1-POS-00651,COOLR-IN-NER-031-INST-651,2023-10-15,West Bengal,Kalimpong,27.06403,88.46561,debris_flow,teesta_river_erosion,1,3793.3,41.32,299.0,-0.07801,0.01682,5.71,128.07,333.4,431.02,18.78,0.466,0.423,0.885,NASA_COOLR,NASA_GPM_IMERG,NASA_USDA_SMAP,COPERNICUS_GLO_30,train
APDA-V1-NEG-00439,NONE_ABSENCE_CONTROL,2022-10-26,Manipur,Imphal East,24.6601,94.03239,none,none,0,578.7,3.24,127.7,0.0034,-0.00048,6.54,5.93,24.51,53.05,0.99,0.142,0.131,0.284,NASA_COOLR_ABSENCE,NASA_GPM_IMERG,NASA_USDA_SMAP,COPERNICUS_GLO_30,train
APDA-V1-NEG-00749,NONE_ABSENCE_CONTROL,2021-05-25,Meghalaya,West Garo Hills,25.48552,90.03405,none,none,0,1396.6,16.0,188.2,0.00901,-0.00118,5.75,11.0,28.93,60.34,1.83,0.135,0.124,0.297,NASA_COOLR_ABSENCE,NASA_GPM_IMERG,NASA_USDA_SMAP,COPERNICUS_GLO_30,train
APDA-V1-POS-00486,COOLR-IN-NER-021-INST-486,2021-07-27,Manipur,Senapati,25.26699,94.02503,translational_slide,monsoon_rain,1,1110.4,30.39,135.0,-0.00497,0.00541,6.13,116.68,321.02,486.02,25.86,0.442,0.408,0.851,NASA_COOLR,NASA_GPM_IMERG,NASA_USDA_SMAP,COPERNICUS_GLO_30,train
APDA-V1-POS-00528,COOLR-IN-NER-001-INST-528,2023-06-28,Meghalaya,East Khasi Hills,25.53567,91.86588,debris_flow,monsoon_rain,1,1826.1,30.6,139.9,-0.02741,0.01958,6.3,115.27,334.16,509.59,16.32,0.416,0.368,0.819,NASA_COOLR,NASA_GPM_IMERG,NASA_USDA_SMAP,COPERNICUS_GLO_30,test
APDA-V1-POS-00200,COOLR-IN-NER-014-INST-200,2021-09-03,Sikkim,South Sikkim,27.18264,88.35773,rotational_slide,monsoon_rain,1,2885.1,43.81,162.4,-0.04752,0.00012,6.09,119.25,336.89,413.56,31.59,0.446,0.392,0.822,NASA_COOLR,NASA_GPM_IMERG,NASA_USDA_SMAP,COPERNICUS_GLO_30,val
APDA-V1-NEG-00140,NONE_ABSENCE_CONTROL,2022-01-13,Meghalaya,Ri-Bhoi,25.9039,91.80984,none,none,0,1432.2,8.85,308.5,0.01423,0.00536,6.2,1.36,6.08,38.0,0.23,0.157,0.144,0.353,NASA_COOLR_ABSENCE,NASA_GPM_IMERG,NASA_USDA_SMAP,COPERNICUS_GLO_30,train
APDA-V1-NEG-00095,NONE_ABSENCE_CONTROL,2022-06-26,Manipur,Imphal East,24.86723,93.79435,none,none,0,988.2,1.83,167.0,0.01763,-0.01313,8.11,30.0,49.67,71.34,5.0,0.094,0.086,0.215,NASA_COOLR_ABSENCE,NASA_GPM_IMERG,NASA_USDA_SMAP,COPERNICUS_GLO_30,train
APDA-V1-NEG-00319,NONE_ABSENCE_CONTROL,2021-03-10,Manipur,Imphal East,24.74234,93.80209,none,none,0,1113.7,0.78,288.5,-0.01113,-0.00556,9.02,2.4,6.48,27.11,0.4,0.044,0.04,0.095,NASA_COOLR_ABSENCE,NASA_GPM_IMERG,NASA_USDA_SMAP,COPERNICUS_GLO_30,train
APDA-V1-NEG-00456,NONE_ABSENCE_CONTROL,2022-10-31,West Bengal,Jalpaiguri,26.40307,88.68714,none,none,0,710.8,2.04,21.7,-0.00965,0.00239,7.18,2.84,5.36,32.31,0.47,0.202,0.186,0.411,NASA_COOLR_ABSENCE,NASA_GPM_IMERG,NASA_USDA_SMAP,COPERNICUS_GLO_30,test
APDA-V1-NEG-00305,NONE_ABSENCE_CONTROL,2023-08-14,Assam,Kamrup Metro,26.07155,91.84,none,none,0,1368.4,16.0,316.1,-0.00874,0.01857,6.19,11.57,13.88,56.22,1.93,0.126,0.116,0.289,NASA_COOLR_ABSENCE,NASA_GPM_IMERG,NASA_USDA_SMAP,COPERNICUS_GLO_30,train
APDA-V1-POS-00011,COOLR-IN-NER-011-INST-11,2021-07-23,Assam,Karbi Anglong,26.01219,93.41902,debris_flow,continuous_rain,1,1374.5,28.56,173.7,-0.06094,0.04841,6.51,58.72,188.59,274.51,19.12,0.469,0.418,0.825,NASA_COOLR,NASA_GPM_IMERG,NASA_USDA_SMAP,COPERNICUS_GLO_30,val
APDA-V1-POS-00148,COOLR-IN-NER-024-INST-148,2022-05-31,Mizoram,Lunglei,22.88714,92.73864,mudslide,monsoon_rain,1,646.1,56.14,214.7,-0.11903,0.01602,5.29,132.35,324.12,601.54,23.0,0.366,0.333,0.713,NASA_COOLR,NASA_GPM_IMERG,NASA_USDA_SMAP,COPERNICUS_GLO_30,train
APDA-V1-POS-00722,COOLR-IN-NER-009-INST-722,2022-06-26,Assam,Cachar,24.82937,92.80398,mudslide,flooding_rain,1,489.9,44.14,204.7,-0.04733,0.02556,5.12,69.58,147.9,267.45,10.56,0.366,0.322,0.683,NASA_COOLR,NASA_GPM_IMERG,NASA_USDA_SMAP,COPERNICUS_GLO_30,train
APDA-V1-POS-00283,COOLR-IN-NER-004-INST-283,2021-07-28,Meghalaya,West Jaintia Hills,25.4459,92.19498,translational_slide,monsoon_rain,1,943.3,38.58,205.1,-0.04892,0.07764,6.15,118.22,167.59,451.31,29.18,0.467,0.425,0.848,NASA_COOLR,NASA_GPM_IMERG,NASA_USDA_SMAP,COPERNICUS_GLO_30,train
APDA-V1-POS-00299,COOLR-IN-NER-020-INST-299,2022-06-22,Manipur,Noney,24.78842,93.68403,massive_debris_slide,unprecedented_continuous_rain,1,559.9,49.05,212.5,0.02416,0.07563,5.21,109.74,233.54,379.1,27.27,0.437,0.403,0.916,NASA_COOLR,NASA_GPM_IMERG,NASA_USDA_SMAP,COPERNICUS_GLO_30,test
APDA-V1-POS-00614,COOLR-IN-NER-025-INST-614,2021-08-07,Mizoram,Champhai,23.47383,93.32217,debris_flow,continuous_rain,1,1216.8,40.58,187.1,0.00463,0.05787,5.63,36.1,104.87,247.38,10.91,0.44,0.404,0.903,NASA_COOLR,NASA_GPM_IMERG,NASA_USDA_SMAP,COPERNICUS_GLO_30,train
APDA-V1-POS-00292,COOLR-IN-NER-013-INST-292,2022-07-02,Sikkim,East Sikkim,27.33179,88.60947,rockfall,heavy_rain,1,3127.0,44.82,209.9,-0.0965,0.07996,5.96,58.28,204.32,349.87,15.45,0.413,0.381,0.817,NASA_COOLR,NASA_GPM_IMERG,NASA_USDA_SMAP,COPERNICUS_GLO_30,train
APDA-V1-POS-00650,COOLR-IN-NER-030-INST-650,2021-10-23,West Bengal,Darjeeling,27.03806,88.26771,rotational_slide,post_monsoon_deluge,1,2588.7,38.03,213.9,-0.05713,0.06557,5.91,199.48,285.44,487.81,23.46,0.372,0.338,0.68,NASA_COOLR,NASA_GPM_IMERG,NASA_USDA_SMAP,COPERNICUS_GLO_30,train
APDA-V1-POS-00599,COOLR-IN-NER-010-INST-599,2023-07-20,Assam,Kamrup Metropolitan,26.16905,91.76024,shallow_slide,urban_downpour,1,1316.3,32.94,27.2,-0.05403,0.04983,5.24,106.28,186.51,414.94,21.91,0.476,0.418,0.877,NASA_COOLR,NASA_GPM_IMERG,NASA_USDA_SMAP,COPERNICUS_GLO_30,train
APDA-V1-NEG-00294,NONE_ABSENCE_CONTROL,2022-11-25,Tripura,West Tripura,23.72285,91.31963,none,none,0,1352.1,7.73,218.9,0.00213,0.01423,6.2,2.54,18.92,42.55,0.42,0.247,0.227,0.56,NASA_COOLR_ABSENCE,NASA_GPM_IMERG,NASA_USDA_SMAP,COPERNICUS_GLO_30,test
APDA-V1-POS-00553,COOLR-IN-NER-026-INST-553,2023-07-29,Nagaland,Kohima,25.67809,94.1144,translational_slide,continuous_rain,1,1068.2,53.33,154.2,-0.03064,0.07179,5.05,116.3,250.43,551.28,30.08,0.372,0.335,0.68,NASA_COOLR,NASA_GPM_IMERG,NASA_USDA_SMAP,COPERNICUS_GLO_30,train
APDA-V1-NEG-00549,NONE_ABSENCE_CONTROL,2021-02-17,Meghalaya,West Garo Hills,25.49803,90.24754,none,none,0,1112.7,2.75,162.9,0.00951,0.00328,7.76,1.58,9.43,47.51,0.26,0.188,0.173,0.377,NASA_COOLR_ABSENCE,NASA_GPM_IMERG,NASA_USDA_SMAP,COPERNICUS_GLO_30,train
APDA-V1-POS-00130,COOLR-IN-NER-006-INST-130,2024-06-02,Meghalaya,East Khasi Hills,25.57114,91.88394,shallow_slide,cyclone_remnants,1,899.4,26.26,358.7,0.00199,0.05065,5.55,88.54,218.34,306.96,20.38,0.508,0.46,0.934,NASA_COOLR,NASA_GPM_IMERG,NASA_USDA_SMAP,COPERNICUS_GLO_30,train
APDA-V1-NEG-00312,NONE_ABSENCE_CONTROL,2023-07-16,West Bengal,Jalpaiguri,26.4988,88.77552,none,none,0,901.6,8.19,26.3,-0.00538,0.00799,6.25,0.9,18.07,34.71,0.15,0.061,0.056,0.144,NASA_COOLR_ABSENCE,NASA_GPM_IMERG,NASA_USDA_SMAP,COPERNICUS_GLO_30,train
APDA-V1-POS-00332,COOLR-IN-NER-022-INST-332,2020-07-23,Manipur,Tamenglong,24.98366,93.5028,mudslide,monsoon_rain,1,1177.9,22.26,238.0,-0.00181,-0.02273,6.6,47.39,211.58,507.43,17.97,0.449,0.405,0.844,NASA_COOLR,NASA_GPM_IMERG,NASA_USDA_SMAP,COPERNICUS_GLO_30,train
APDA-V1-POS-00324,COOLR-IN-NER-014-INST-324,2021-09-14,Sikkim,South Sikkim,27.18905,88.35591,rotational_slide,monsoon_rain,1,2753.6,44.66,144.3,-0.01955,0.04216,5.85,79.85,207.95,302.04,12.43,0.382,0.347,0.721,NASA_COOLR,NASA_GPM_IMERG,NASA_USDA_SMAP,COPERNICUS_GLO_30,train
APDA-V1-POS-00681,COOLR-IN-NER-030-INST-681,2021-10-22,West Bengal,Darjeeling,27.03752,88.25503,rotational_slide,post_monsoon_deluge,1,2338.4,37.16,143.3,-0.08111,0.06002,5.66,86.32,254.14,486.99,19.31,0.361,0.331,0.68,NASA_COOLR,NASA_GPM_IMERG,NASA_USDA_SMAP,COPERNICUS_GLO_30,train
APDA-V1-POS-00479,COOLR-IN-NER-014-INST-479,2021-09-07,Sikkim,South Sikkim,27.18786,88.36369,rotational_slide,monsoon_rain,1,1765.5,44.24,113.6,-0.00141,0.03369,5.95,80.06,254.6,358.98,17.2,0.392,0.343,0.735,NASA_COOLR,NASA_GPM_IMERG,NASA_USDA_SMAP,COPERNICUS_GLO_30,train
APDA-V1-POS-00562,COOLR-IN-NER-004-INST-562,2021-07-30,Meghalaya,West Jaintia Hills,25.44573,92.19344,translational_slide,monsoon_rain,1,1545.3,26.52,230.3,-0.06869,0.08228,6.13,49.14,182.25,322.81,12.5,0.437,0.383,0.873,NASA_COOLR,NASA_GPM_IMERG,NASA_USDA_SMAP,COPERNICUS_GLO_30,train
APDA-V1-POS-00136,COOLR-IN-NER-012-INST-136,2023-09-24,Sikkim,North Sikkim,27.68728,88.58033,complex_glol_debris,glacial_lake_outburst_rain,1,2740.6,39.86,161.5,-0.04389,0.02534,5.1,52.43,201.09,336.3,17.17,0.478,0.432,0.932,NASA_COOLR,NASA_GPM_IMERG,NASA_USDA_SMAP,COPERNICUS_GLO_30,train
APDA-V1-POS-00507,COOLR-IN-NER-011-INST-507,2021-06-30,Assam,Karbi Anglong,26.01794,93.42139,debris_flow,continuous_rain,1,1578.6,33.83,214.1,-0.04689,0.04816,5.56,71.04,271.87,333.63,17.96,0.399,0.364,0.771,NASA_COOLR,NASA_GPM_IMERG,NASA_USDA_SMAP,COPERNICUS_GLO_30,train
APDA-V1-POS-00514,COOLR-IN-NER-018-INST-514,2022-06-29,Arunachal Pradesh,Papum Pare,27.09923,93.61927,mudslide,continuous_rain,1,2434.8,53.37,318.9,-0.08511,0.01443,4.67,130.93,306.18,567.31,27.74,0.463,0.408,0.888,NASA_COOLR,NASA_GPM_IMERG,NASA_USDA_SMAP,COPERNICUS_GLO_30,train
APDA-V1-NEG-00622,NONE_ABSENCE_CONTROL,2022-05-16,Tripura,West Tripura,23.94296,91.29639,none,none,0,384.7,2.24,344.1,-0.00782,-0.00876,8.04,0.52,7.26,30.59,0.09,0.327,0.301,0.672,NASA_COOLR_ABSENCE,NASA_GPM_IMERG,NASA_USDA_SMAP,COPERNICUS_GLO_30,train
APDA-V1-POS-00436,COOLR-IN-NER-002-INST-436,2022-06-08,Meghalaya,East Khasi Hills,25.30188,91.70963,mudslide,downpour,1,1910.7,37.19,149.3,-0.07832,0.03072,6.06,67.33,162.1,369.08,19.96,0.454,0.421,0.891,NASA_COOLR,NASA_GPM_IMERG,NASA_USDA_SMAP,COPERNICUS_GLO_30,train
APDA-V1-NEG-00124,NONE_ABSENCE_CONTROL,2023-03-08,Meghalaya,Ri-Bhoi,25.93142,91.94139,none,none,0,999.8,8.53,315.1,-0.00991,0.02855,6.77,0.49,19.15,61.23,0.08,0.042,0.039,0.087,NASA_COOLR_ABSENCE,NASA_GPM_IMERG,NASA_USDA_SMAP,COPERNICUS_GLO_30,train
APDA-V1-NEG-00713,NONE_ABSENCE_CONTROL,2023-03-03,Assam,Kamrup Metro,26.10464,91.63146,none,none,0,951.1,7.79,231.4,-0.00415,0.00682,6.8,1.41,18.75,30.33,0.23,0.141,0.129,0.296,NASA_COOLR_ABSENCE,NASA_GPM_IMERG,NASA_USDA_SMAP,COPERNICUS_GLO_30,train
APDA-V1-NEG-00003,NONE_ABSENCE_CONTROL,2022-08-23,Assam,Dibrugarh,27.59749,94.89997,none,none,0,2666.0,15.84,232.3,0.01071,0.01765,5.92,2.47,2.6,11.75,0.41,0.143,0.132,0.302,NASA_COOLR_ABSENCE,NASA_GPM_IMERG,NASA_USDA_SMAP,COPERNICUS_GLO_30,train
APDA-V1-POS-00666,COOLR-IN-NER-015-INST-666,2020-08-17,Sikkim,West Sikkim,27.28429,88.24182,translational_slide,continuous_rain,1,1408.0,35.11,210.3,-0.10661,0.03797,6.17,85.1,211.29,309.79,23.31,0.406,0.366,0.755,NASA_COOLR,NASA_GPM_IMERG,NASA_USDA_SMAP,COPERNICUS_GLO_30,train
APDA-V1-POS-00159,COOLR-IN-NER-004-INST-159,2021-07-28,Meghalaya,West Jaintia Hills,25.44164,92.19466,translational_slide,monsoon_rain,1,1201.7,48.24,178.2,-0.04078,0.03483,5.56,35.0,86.03,375.72,13.63,0.414,0.363,0.756,NASA_COOLR,NASA_GPM_IMERG,NASA_USDA_SMAP,COPERNICUS_GLO_30,train
APDA-V1-NEG-00504,NONE_ABSENCE_CONTROL,2021-05-19,West Bengal,Jalpaiguri,26.42376,88.66625,none,none,0,1365.2,1.34,185.6,0.01362,0.00563,8.16,30.0,50.01,91.29,5.0,0.119,0.11,0.242,NASA_COOLR_ABSENCE,NASA_GPM_IMERG,NASA_USDA_SMAP,COPERNICUS_GLO_30,train
APDA-V1-NEG-00543,NONE_ABSENCE_CONTROL,2022-07-10,Manipur,Imphal East,24.89495,94.05925,none,none,0,649.2,9.59,102.5,-0.00148,0.02484,6.57,8.63,18.27,30.58,1.44,0.083,0.076,0.182,NASA_COOLR_ABSENCE,NASA_GPM_IMERG,NASA_USDA_SMAP,COPERNICUS_GLO_30,train
APDA-V1-POS-00576,COOLR-IN-NER-018-INST-576,2022-06-23,Arunachal Pradesh,Papum Pare,27.09874,93.62208,mudslide,continuous_rain,1,2951.3,45.86,177.8,-0.07284,-0.02605,5.81,46.99,185.98,378.89,9.58,0.347,0.32,0.68,NASA_COOLR,NASA_GPM_IMERG,NASA_USDA_SMAP,COPERNICUS_GLO_30,train
APDA-V1-POS-00353,COOLR-IN-NER-012-INST-353,2023-10-07,Sikkim,North Sikkim,27.69087,88.5809,complex_glol_debris,glacial_lake_outburst_rain,1,2348.7,46.65,317.9,-0.03173,0.03222,5.91,93.69,279.37,558.0,24.44,0.454,0.409,0.817,NASA_COOLR,NASA_GPM_IMERG,NASA_USDA_SMAP,COPERNICUS_GLO_30,val
APDA-V1-NEG-00188,NONE_ABSENCE_CONTROL,2023-07-19,Meghalaya,Ri-Bhoi,25.78476,91.99974,none,none,0,1786.3,12.6,346.2,-0.0025,0.00218,4.89,0.67,20.85,30.98,0.11,0.153,0.141,0.308,NASA_COOLR_ABSENCE,NASA_GPM_IMERG,NASA_USDA_SMAP,COPERNICUS_GLO_30,train
APDA-V1-NEG-00546,NONE_ABSENCE_CONTROL,2023-12-26,Assam,Nagaon,26.23722,92.54724,none,none,0,1801.4,16.0,159.9,-0.01307,-0.00575,5.11,2.03,25.19,50.57,0.34,0.247,0.227,0.511,NASA_COOLR_ABSENCE,NASA_GPM_IMERG,NASA_USDA_SMAP,COPERNICUS_GLO_30,train
APDA-V1-NEG-00643,NONE_ABSENCE_CONTROL,2022-05-26,Assam,Dibrugarh,27.42586,94.82994,none,none,0,3321.3,11.11,160.8,-0.0007,0.00354,5.14,6.84,23.3,57.71,1.14,0.134,0.123,0.31,NASA_COOLR_ABSENCE,NASA_GPM_IMERG,NASA_USDA_SMAP,COPERNICUS_GLO_30,train
APDA-V1-NEG-00551,NONE_ABSENCE_CONTROL,2021-05-19,Manipur,Imphal East,24.67506,93.81617,none,none,0,493.4,5.45,9.5,0.01766,0.00657,6.63,7.86,26.23,64.51,1.31,0.167,0.153,0.366,NASA_COOLR_ABSENCE,NASA_GPM_IMERG,NASA_USDA_SMAP,COPERNICUS_GLO_30,val
APDA-V1-POS-00592,COOLR-IN-NER-003-INST-592,2023-07-02,Meghalaya,Ri-Bhoi,25.75501,91.90558,rockfall,continuous_rain,1,1717.1,41.04,179.2,-0.0144,-0.0269,4.61,58.76,164.0,370.31,15.57,0.434,0.401,0.91,NASA_COOLR,NASA_GPM_IMERG,NASA_USDA_SMAP,COPERNICUS_GLO_30,train
APDA-V1-POS-00665,COOLR-IN-NER-014-INST-665,2021-08-19,Sikkim,South Sikkim,27.18287,88.35365,rotational_slide,monsoon_rain,1,2943.6,48.09,157.4,-0.01459,0.02192,5.85,65.91,201.4,335.21,13.23,0.509,0.464,0.937,NASA_COOLR,NASA_GPM_IMERG,NASA_USDA_SMAP,COPERNICUS_GLO_30,train
APDA-V1-POS-00196,COOLR-IN-NER-010-INST-196,2023-07-24,Assam,Kamrup Metropolitan,26.16667,91.75928,shallow_slide,urban_downpour,1,1465.2,30.58,121.7,-0.03065,0.06413,6.44,113.56,227.73,368.77,18.67,0.458,0.401,0.8,NASA_COOLR,NASA_GPM_IMERG,NASA_USDA_SMAP,COPERNICUS_GLO_30,train
APDA-V1-NEG-00491,NONE_ABSENCE_CONTROL,2021-08-24,Assam,Dibrugarh,27.5333,94.81635,none,none,0,3629.6,9.51,166.6,-0.00465,0.00993,5.0,0.26,10.51,32.51,0.04,0.194,0.179,0.419,NASA_COOLR_ABSENCE,NASA_GPM_IMERG,NASA_USDA_SMAP,COPERNICUS_GLO_30,train
APDA-V1-NEG-00299,NONE_ABSENCE_CONTROL,2023-11-26,Assam,Dibrugarh,27.35497,94.96017,none,none,0,1850.7,8.98,179.7,0.01092,0.00524,6.73,2.41,17.55,59.54,0.4,0.072,0.067,0.172,NASA_COOLR_ABSENCE,NASA_GPM_IMERG,NASA_USDA_SMAP,COPERNICUS_GLO_30,train
APDA-V1-POS-00439,COOLR-IN-NER-005-INST-439,2020-10-04,Meghalaya,East Garo Hills,25.60285,90.58434,debris_flow,tropical_cyclone,1,726.7,36.48,155.4,-0.1136,0.02614,5.6,47.48,182.16,315.4,9.52,0.407,0.37,0.739,NASA_COOLR,NASA_GPM_IMERG,NASA_USDA_SMAP,COPERNICUS_GLO_30,val
APDA-V1-NEG-00686,NONE_ABSENCE_CONTROL,2023-06-27,Tripura,West Tripura,23.86599,91.31313,none,none,0,984.2,9.27,87.4,0.00425,-0.02059,6.6,11.26,27.94,40.22,1.88,0.133,0.122,0.306,NASA_COOLR_ABSENCE,NASA_GPM_IMERG,NASA_USDA_SMAP,COPERNICUS_GLO_30,test
APDA-V1-POS-00644,COOLR-IN-NER-024-INST-644,2022-06-11,Mizoram,Lunglei,22.88103,92.73489,mudslide,monsoon_rain,1,696.6,38.56,209.0,0.00775,0.06923,4.89,96.79,238.17,526.34,16.91,0.405,0.355,0.792,NASA_COOLR,NASA_GPM_IMERG,NASA_USDA_SMAP,COPERNICUS_GLO_30,test
APDA-V1-POS-00097,COOLR-IN-NER-004-INST-97,2021-08-09,Meghalaya,West Jaintia Hills,25.4351,92.1923,translational_slide,monsoon_rain,1,627.2,42.83,24.9,-0.06891,0.06806,5.45,65.94,255.66,343.93,12.21,0.401,0.366,0.777,NASA_COOLR,NASA_GPM_IMERG,NASA_USDA_SMAP,COPERNICUS_GLO_30,train
APDA-V1-POS-00585,COOLR-IN-NER-027-INST-585,2022-07-22,Nagaland,Mokokchung,26.32635,94.5228,mudslide,monsoon_rain,1,1342.8,42.32,162.8,-0.08479,0.05551,5.74,111.85,197.16,385.3,15.71,0.429,0.394,0.79,NASA_COOLR,NASA_GPM_IMERG,NASA_USDA_SMAP,COPERNICUS_GLO_30,train
APDA-V1-NEG-00465,NONE_ABSENCE_CONTROL,2021-03-09,Assam,Kamrup Metro,26.16549,91.71507,none,none,0,1540.8,4.52,112.4,-0.00818,0.01687,6.54,4.46,11.44,13.72,0.74,0.227,0.209,0.487,NASA_COOLR_ABSENCE,NASA_GPM_IMERG,NASA_USDA_SMAP,COPERNICUS_GLO_30,val
APDA-V1-POS-00157,COOLR-IN-NER-002-INST-157,2022-06-03,Meghalaya,East Khasi Hills,25.30401,91.71324,mudslide,downpour,1,1638.3,39.93,217.1,0.02048,0.01151,5.87,45.57,174.07,338.24,11.92,0.423,0.373,0.836,NASA_COOLR,NASA_GPM_IMERG,NASA_USDA_SMAP,COPERNICUS_GLO_30,train
APDA-V1-POS-00420,COOLR-IN-NER-017-INST-420,2021-05-31,Arunachal Pradesh,Tawang,27.58684,91.865,debris_avalanche,rain_snowmelt,1,3324.3,40.0,157.1,-0.03387,0.03939,6.19,81.36,259.23,331.53,11.18,0.403,0.356,0.696,NASA_COOLR,NASA_GPM_IMERG,NASA_USDA_SMAP,COPERNICUS_GLO_30,val
APDA-V1-POS-00411,COOLR-IN-NER-008-INST-411,2022-05-21,Assam,Dima Hasao,25.07369,93.15323,debris_flow,monsoon_rain,1,1450.8,31.2,234.9,-0.04974,0.03241,6.16,89.44,160.64,314.65,19.48,0.454,0.42,0.88,NASA_COOLR,NASA_GPM_IMERG,NASA_USDA_SMAP,COPERNICUS_GLO_30,train
APDA-V1-NEG-00473,NONE_ABSENCE_CONTROL,2022-06-02,Assam,Kamrup Metro,26.01055,91.63151,none,none,0,805.2,1.34,342.8,-0.00575,0.01221,7.7,3.76,17.85,30.49,0.63,0.198,0.182,0.407,NASA_COOLR_ABSENCE,NASA_GPM_IMERG,NASA_USDA_SMAP,COPERNICUS_GLO_30,train
APDA-V1-POS-00478,COOLR-IN-NER-013-INST-478,2022-06-29,Sikkim,East Sikkim,27.33379,88.61161,rockfall,heavy_rain,1,3414.4,21.55,160.9,0.00264,0.06644,5.47,90.89,237.1,436.88,18.98,0.465,0.407,0.84,NASA_COOLR,NASA_GPM_IMERG,NASA_USDA_SMAP,COPERNICUS_GLO_30,train
APDA-V1-POS-00515,COOLR-IN-NER-019-INST-515,2020-07-31,Arunachal Pradesh,Lower Subansiri,27.52373,93.81799,debris_flow,monsoon_rain,1,3325.5,36.81,95.5,-0.022,0.00948,6.31,92.15,249.8,531.16,25.14,0.356,0.317,0.68,NASA_COOLR,NASA_GPM_IMERG,NASA_USDA_SMAP,COPERNICUS_GLO_30,val
APDA-V1-NEG-00536,NONE_ABSENCE_CONTROL,2022-01-22,West Bengal,Jalpaiguri,26.41689,88.67595,none,none,0,1275.5,2.4,109.9,-0.0046,-0.00568,7.57,0.79,7.64,14.12,0.13,0.078,0.072,0.16,NASA_COOLR_ABSENCE,NASA_GPM_IMERG,NASA_USDA_SMAP,COPERNICUS_GLO_30,train
APDA-V1-NEG-00704,NONE_ABSENCE_CONTROL,2023-07-27,West Bengal,Jalpaiguri,26.64062,88.67518,none,none,0,762.6,6.19,60.9,0.00787,0.01132,6.29,13.5,20.72,23.32,2.25,0.18,0.166,0.401,NASA_COOLR_ABSENCE,NASA_GPM_IMERG,NASA_USDA_SMAP,COPERNICUS_GLO_30,train
APDA-V1-NEG-00369,NONE_ABSENCE_CONTROL,2022-03-07,Assam,Kamrup Metro,26.21648,91.69958,none,none,0,971.4,5.29,90.8,0.01297,-0.00034,7.38,1.68,18.9,57.44,0.28,0.209,0.193,0.428,NASA_COOLR_ABSENCE,NASA_GPM_IMERG,NASA_USDA_SMAP,COPERNICUS_GLO_30,train
APDA-V1-POS-00448,COOLR-IN-NER-014-INST-448,2021-08-24,Sikkim,South Sikkim,27.18341,88.36675,rotational_slide,monsoon_rain,1,1932.0,28.03,136.2,-0.02816,0.04252,6.11,58.04,189.13,464.71,12.49,0.451,0.405,0.814,NASA_COOLR,NASA_GPM_IMERG,NASA_USDA_SMAP,COPERNICUS_GLO_30,train
APDA-V1-POS-00179,COOLR-IN-NER-024-INST-179,2022-06-20,Mizoram,Lunglei,22.88771,92.73908,mudslide,monsoon_rain,1,536.9,41.9,215.1,-0.01687,0.00756,6.04,68.6,193.16,483.31,18.51,0.445,0.402,0.795,NASA_COOLR,NASA_GPM_IMERG,NASA_USDA_SMAP,COPERNICUS_GLO_30,train
APDA-V1-POS-00391,COOLR-IN-NER-019-INST-391,2020-07-31,Arunachal Pradesh,Lower Subansiri,27.52599,93.82182,debris_flow,monsoon_rain,1,2208.0,47.42,318.6,-0.07852,0.01483,5.97,105.9,263.75,497.85,16.95,0.384,0.336,0.698,NASA_COOLR,NASA_GPM_IMERG,NASA_USDA_SMAP,COPERNICUS_GLO_30,val
APDA-V1-NEG-00540,NONE_ABSENCE_CONTROL,2022-10-17,Meghalaya,Ri-Bhoi,25.76433,91.8131,none,none,0,1338.6,13.65,57.9,0.00051,-0.00416,5.71,8.24,13.01,24.92,1.37,0.113,0.104,0.247,NASA_COOLR_ABSENCE,NASA_GPM_IMERG,NASA_USDA_SMAP,COPERNICUS_GLO_30,train
APDA-V1-NEG-00558,NONE_ABSENCE_CONTROL,2023-11-17,Tripura,West Tripura,23.95464,91.31326,none,none,0,1052.1,3.07,286.1,-0.02034,0.02594,7.66,0.37,3.83,37.56,0.06,0.048,0.044,0.111,NASA_COOLR_ABSENCE,NASA_GPM_IMERG,NASA_USDA_SMAP,COPERNICUS_GLO_30,val
APDA-V1-NEG-00617,NONE_ABSENCE_CONTROL,2023-03-26,Assam,Kamrup Metro,26.04353,91.7153,none,none,0,1115.4,6.28,49.8,-0.01512,-0.01221,7.07,2.14,16.65,28.24,0.36,0.133,0.122,0.285,NASA_COOLR_ABSENCE,NASA_GPM_IMERG,NASA_USDA_SMAP,COPERNICUS_GLO_30,test
APDA-V1-NEG-00298,NONE_ABSENCE_CONTROL,2022-10-03,Assam,Nagaon,26.21851,92.79504,none,none,0,1019.4,1.77,42.8,0.01318,-0.01151,8.31,8.68,26.48,69.81,1.45,0.052,0.048,0.113,NASA_COOLR_ABSENCE,NASA_GPM_IMERG,NASA_USDA_SMAP,COPERNICUS_GLO_30,train
APDA-V1-NEG-00393,NONE_ABSENCE_CONTROL,2022-08-22,Assam,Kamrup Metro,26.03605,91.65449,none,none,0,1756.7,8.31,102.0,-0.03115,-0.00444,5.6,8.11,24.12,48.7,1.35,0.072,0.066,0.159,NASA_COOLR_ABSENCE,NASA_GPM_IMERG,NASA_USDA_SMAP,COPERNICUS_GLO_30,train
APDA-V1-POS-00635,COOLR-IN-NER-015-INST-635,2020-08-19,Sikkim,West Sikkim,27.28759,88.2456,translational_slide,continuous_rain,1,3089.1,28.9,151.6,-0.10323,0.07904,6.1,54.1,188.38,392.44,12.26,0.505,0.453,0.921,NASA_COOLR,NASA_GPM_IMERG,NASA_USDA_SMAP,COPERNICUS_GLO_30,train
APDA-V1-NEG-00116,NONE_ABSENCE_CONTROL,2023-05-01,Meghalaya,Ri-Bhoi,25.84335,91.88153,none,none,0,1332.0,1.96,169.4,0.02588,-0.00526,8.17,4.91,24.32,42.79,0.82,0.219,0.201,0.479,NASA_COOLR_ABSENCE,NASA_GPM_IMERG,NASA_USDA_SMAP,COPERNICUS_GLO_30,train
APDA-V1-NEG-00038,NONE_ABSENCE_CONTROL,2023-08-28,Tripura,West Tripura,23.71338,91.41374,none,none,0,1102.9,0.89,20.9,0.00493,0.00781,8.8,3.19,27.25,45.86,0.53,0.34,0.313,0.797,NASA_COOLR_ABSENCE,NASA_GPM_IMERG,NASA_USDA_SMAP,COPERNICUS_GLO_30,train
APDA-V1-POS-00745,COOLR-IN-NER-001-INST-745,2023-06-29,Meghalaya,East Khasi Hills,25.52893,91.86666,debris_flow,monsoon_rain,1,1552.9,31.09,202.2,0.0098,0.05462,6.11,123.39,270.26,360.45,27.16,0.487,0.461,0.978,NASA_COOLR,NASA_GPM_IMERG,NASA_USDA_SMAP,COPERNICUS_GLO_30,test
APDA-V1-NEG-00110,NONE_ABSENCE_CONTROL,2022-06-03,Tripura,West Tripura,23.84824,91.21548,none,none,0,1335.8,1.83,211.7,0.01045,0.01307,8.39,3.96,28.7,53.29,0.66,0.337,0.31,0.716,NASA_COOLR_ABSENCE,NASA_GPM_IMERG,NASA_USDA_SMAP,COPERNICUS_GLO_30,test
APDA-V1-POS-00295,COOLR-IN-NER-016-INST-295,2023-06-11,Arunachal Pradesh,West Kameng,27.35173,92.41673,rockfall,cloudburst,1,1737.3,37.31,218.7,-0.07857,0.01338,6.38,88.78,240.34,395.26,17.97,0.506,0.446,0.908,NASA_COOLR,NASA_GPM_IMERG,NASA_USDA_SMAP,COPERNICUS_GLO_30,val
APDA-V1-POS-00545,COOLR-IN-NER-018-INST-545,2022-06-23,Arunachal Pradesh,Papum Pare,27.0982,93.61516,mudslide,continuous_rain,1,3154.4,24.22,37.2,-0.0941,0.01679,6.76,130.0,308.11,613.42,19.99,0.434,0.395,0.837,NASA_COOLR,NASA_GPM_IMERG,NASA_USDA_SMAP,COPERNICUS_GLO_30,train
APDA-V1-NEG-00613,NONE_ABSENCE_CONTROL,2022-04-15,Meghalaya,West Garo Hills,25.57054,90.05815,none,none,0,895.9,3.18,221.2,-0.00604,0.00129,6.79,0.18,1.65,44.97,0.03,0.036,0.033,0.085,NASA_COOLR_ABSENCE,NASA_GPM_IMERG,NASA_USDA_SMAP,COPERNICUS_GLO_30,train
APDA-V1-POS-00089,COOLR-IN-NER-027-INST-89,2022-08-08,Nagaland,Mokokchung,26.32418,94.51853,mudslide,monsoon_rain,1,1180.7,33.58,164.0,-0.06198,0.0439,5.57,68.01,116.24,175.87,13.88,0.429,0.392,0.791,NASA_COOLR,NASA_GPM_IMERG,NASA_USDA_SMAP,COPERNICUS_GLO_30,val
APDA-V1-NEG-00282,NONE_ABSENCE_CONTROL,2021-12-31,Assam,Nagaon,26.3466,92.65544,none,none,0,956.3,3.78,101.3,0.00081,-0.00667,6.09,0.18,2.68,38.49,0.03,0.094,0.086,0.203,NASA_COOLR_ABSENCE,NASA_GPM_IMERG,NASA_USDA_SMAP,COPERNICUS_GLO_30,train
APDA-V1-NEG-00630,NONE_ABSENCE_CONTROL,2021-11-14,Tripura,West Tripura,23.69701,91.35921,none,none,0,479.5,6.95,312.3,-0.0023,0.01023,6.68,0.48,12.93,35.53,0.08,0.153,0.141,0.319,NASA_COOLR_ABSENCE,NASA_GPM_IMERG,NASA_USDA_SMAP,COPERNICUS_GLO_30,train
APDA-V1-POS-00577,COOLR-IN-NER-019-INST-577,2020-07-07,Arunachal Pradesh,Lower Subansiri,27.52462,93.81714,debris_flow,monsoon_rain,1,3036.3,42.58,124.4,-0.04535,0.06933,5.44,70.65,266.92,547.38,12.03,0.388,0.334,0.68,NASA_COOLR,NASA_GPM_IMERG,NASA_USDA_SMAP,COPERNICUS_GLO_30,train
APDA-V1-NEG-00157,NONE_ABSENCE_CONTROL,2021-11-13,Meghalaya,West Garo Hills,25.47767,90.07753,none,none,0,1073.0,14.44,296.6,-0.00498,-0.0113,6.16,1.38,11.47,54.02,0.23,0.294,0.271,0.6,NASA_COOLR_ABSENCE,NASA_GPM_IMERG,NASA_USDA_SMAP,COPERNICUS_GLO_30,train
APDA-V1-NEG-00638,NONE_ABSENCE_CONTROL,2023-08-08,Tripura,West Tripura,23.70978,91.21456,none,none,0,1103.4,0.15,317.3,-0.01514,-0.01262,9.09,4.95,27.29,61.12,0.82,0.221,0.204,0.471,NASA_COOLR_ABSENCE,NASA_GPM_IMERG,NASA_USDA_SMAP,COPERNICUS_GLO_30,train
APDA-V1-NEG-00342,NONE_ABSENCE_CONTROL,2023-06-05,Tripura,West Tripura,23.69499,91.26504,none,none,0,1307.5,1.32,105.3,0.00704,0.00562,8.09,8.36,9.76,37.72,1.39,0.121,0.111,0.254,NASA_COOLR_ABSENCE,NASA_GPM_IMERG,NASA_USDA_SMAP,COPERNICUS_GLO_30,train
APDA-V1-NEG-00194,NONE_ABSENCE_CONTROL,2022-04-16,Assam,Nagaon,26.2156,92.7361,none,none,0,777.0,2.65,233.4,0.00423,0.00574,6.58,0.14,2.73,21.7,0.02,0.248,0.228,0.579,NASA_COOLR_ABSENCE,NASA_GPM_IMERG,NASA_USDA_SMAP,COPERNICUS_GLO_30,train
APDA-V1-POS-00291,COOLR-IN-NER-012-INST-291,2023-10-11,Sikkim,North Sikkim,27.69449,88.58429,complex_glol_debris,glacial_lake_outburst_rain,1,2402.5,28.69,183.9,-0.01031,0.01657,6.09,139.21,208.06,413.01,34.46,0.496,0.458,0.904,NASA_COOLR,NASA_GPM_IMERG,NASA_USDA_SMAP,COPERNICUS_GLO_30,val
APDA-V1-NEG-00669,NONE_ABSENCE_CONTROL,2023-11-13,Meghalaya,West Garo Hills,25.41388,90.1529,none,none,0,1225.5,0.71,316.6,0.01299,-0.01102,8.18,2.05,14.67,25.12,0.34,0.183,0.168,0.425,NASA_COOLR_ABSENCE,NASA_GPM_IMERG,NASA_USDA_SMAP,COPERNICUS_GLO_30,test
APDA-V1-NEG-00269,NONE_ABSENCE_CONTROL,2022-09-08,Meghalaya,West Garo Hills,25.50081,90.06471,none,none,0,1508.6,0.48,10.3,0.02326,0.01245,8.83,7.33,21.89,28.21,1.22,0.06,0.055,0.141,NASA_COOLR_ABSENCE,NASA_GPM_IMERG,NASA_USDA_SMAP,COPERNICUS_GLO_30,train
APDA-V1-POS-00349,COOLR-IN-NER-008-INST-349,2022-05-09,Assam,Dima Hasao,25.07479,93.16078,debris_flow,monsoon_rain,1,1676.4,23.3,201.2,0.00979,0.04187,6.25,174.89,315.17,516.86,25.54,0.445,0.394,0.829,NASA_COOLR,NASA_GPM_IMERG,NASA_USDA_SMAP,COPERNICUS_GLO_30,val
APDA-V1-POS-00568,COOLR-IN-NER-010-INST-568,2023-08-13,Assam,Kamrup Metropolitan,26.17168,91.75825,shallow_slide,urban_downpour,1,1593.5,26.84,189.5,-0.04976,0.0224,6.23,144.76,211.93,309.11,35.88,0.482,0.438,0.881,NASA_COOLR,NASA_GPM_IMERG,NASA_USDA_SMAP,COPERNICUS_GLO_30,test
APDA-V1-NEG-00663,NONE_ABSENCE_CONTROL,2022-07-31,Manipur,Imphal East,24.7441,93.89136,none,none,0,667.8,3.4,166.3,0.00641,0.01131,7.81,23.24,36.17,51.52,3.87,0.225,0.207,0.464,NASA_COOLR_ABSENCE,NASA_GPM_IMERG,NASA_USDA_SMAP,COPERNICUS_GLO_30,train
APDA-V1-NEG-00309,NONE_ABSENCE_CONTROL,2021-01-16,Meghalaya,West Garo Hills,25.38571,90.11489,none,none,0,861.1,2.8,42.2,0.00217,-0.00175,7.39,0.22,6.71,13.6,0.04,0.198,0.182,0.401,NASA_COOLR_ABSENCE,NASA_GPM_IMERG,NASA_USDA_SMAP,COPERNICUS_GLO_30,train
APDA-V1-POS-00600,COOLR-IN-NER-011-INST-600,2021-07-14,Assam,Karbi Anglong,26.01551,93.41409,debris_flow,continuous_rain,1,1043.9,32.86,192.5,-0.01763,0.03681,5.93,145.66,245.3,366.66,38.66,0.451,0.398,0.879,NASA_COOLR,NASA_GPM_IMERG,NASA_USDA_SMAP,COPERNICUS_GLO_30,train
APDA-V1-POS-00459,COOLR-IN-NER-025-INST-459,2021-08-02,Mizoram,Champhai,23.47614,93.32764,debris_flow,continuous_rain,1,733.5,41.94,236.2,-0.05698,0.03911,5.52,81.24,161.48,291.64,11.33,0.483,0.436,0.851,NASA_COOLR,NASA_GPM_IMERG,NASA_USDA_SMAP,COPERNICUS_GLO_30,train
APDA-V1-POS-00376,COOLR-IN-NER-004-INST-376,2021-08-05,Meghalaya,West Jaintia Hills,25.44103,92.19569,translational_slide,monsoon_rain,1,1281.3,34.12,150.1,-0.10024,0.05562,6.43,102.27,231.33,376.34,18.15,0.361,0.329,0.68,NASA_COOLR,NASA_GPM_IMERG,NASA_USDA_SMAP,COPERNICUS_GLO_30,val
APDA-V1-POS-00334,COOLR-IN-NER-024-INST-334,2022-06-08,Mizoram,Lunglei,22.87896,92.73959,mudslide,monsoon_rain,1,1321.1,44.1,278.5,-0.01437,0.0519,6.08,43.46,131.23,302.22,15.74,0.38,0.339,0.767,NASA_COOLR,NASA_GPM_IMERG,NASA_USDA_SMAP,COPERNICUS_GLO_30,train
APDA-V1-NEG-00007,NONE_ABSENCE_CONTROL,2022-11-02,Manipur,Imphal East,24.82519,93.87383,none,none,0,681.9,1.07,156.9,-0.01856,0.00386,8.53,4.03,20.24,50.83,0.67,0.139,0.128,0.327,NASA_COOLR_ABSENCE,NASA_GPM_IMERG,NASA_USDA_SMAP,COPERNICUS_GLO_30,train
APDA-V1-NEG-00574,NONE_ABSENCE_CONTROL,2021-04-17,Tripura,West Tripura,23.87172,91.13031,none,none,0,950.0,2.83,75.9,-0.00331,0.00831,7.93,0.14,17.61,55.26,0.02,0.105,0.097,0.219,NASA_COOLR_ABSENCE,NASA_GPM_IMERG,NASA_USDA_SMAP,COPERNICUS_GLO_30,train
APDA-V1-POS-00712,COOLR-IN-NER-030-INST-712,2021-10-10,West Bengal,Darjeeling,27.038,88.25996,rotational_slide,post_monsoon_deluge,1,2589.7,39.15,213.8,-0.08149,0.03319,6.17,131.87,301.85,432.18,25.86,0.482,0.447,0.907,NASA_COOLR,NASA_GPM_IMERG,NASA_USDA_SMAP,COPERNICUS_GLO_30,train
APDA-V1-NEG-00640,NONE_ABSENCE_CONTROL,2022-01-24,West Bengal,Jalpaiguri,26.58965,88.86216,none,none,0,1050.6,16.0,218.2,0.02222,0.00365,5.66,2.2,21.34,47.19,0.37,0.263,0.242,0.56,NASA_COOLR_ABSENCE,NASA_GPM_IMERG,NASA_USDA_SMAP,COPERNICUS_GLO_30,test
APDA-V1-POS-00567,COOLR-IN-NER-009-INST-567,2022-06-24,Assam,Cachar,24.83109,92.80103,mudslide,flooding_rain,1,1397.2,40.3,182.8,-0.06799,0.05961,6.22,75.96,262.95,542.9,17.14,0.395,0.361,0.75,NASA_COOLR,NASA_GPM_IMERG,NASA_USDA_SMAP,COPERNICUS_GLO_30,train
APDA-V1-POS-00329,COOLR-IN-NER-019-INST-329,2020-07-21,Arunachal Pradesh,Lower Subansiri,27.52253,93.81768,debris_flow,monsoon_rain,1,3151.0,46.6,176.0,-0.07743,-0.03528,4.94,96.83,273.92,431.68,17.01,0.462,0.421,0.94,NASA_COOLR,NASA_GPM_IMERG,NASA_USDA_SMAP,COPERNICUS_GLO_30,train
APDA-V1-POS-00319,COOLR-IN-NER-009-INST-319,2022-06-21,Assam,Cachar,24.83083,92.80172,mudslide,flooding_rain,1,745.5,31.01,231.7,-0.08816,0.06696,6.48,78.76,161.38,372.08,15.17,0.416,0.377,0.786,NASA_COOLR,NASA_GPM_IMERG,NASA_USDA_SMAP,COPERNICUS_GLO_30,train
APDA-V1-NEG-00553,NONE_ABSENCE_CONTROL,2022-03-23,Assam,Kamrup Metro,26.23834,91.64782,none,none,0,1025.9,1.48,176.2,0.01486,0.00587,7.09,1.3,1.5,24.93,0.22,0.038,0.035,0.083,NASA_COOLR_ABSENCE,NASA_GPM_IMERG,NASA_USDA_SMAP,COPERNICUS_GLO_30,train
APDA-V1-NEG-00203,NONE_ABSENCE_CONTROL,2022-05-14,Assam,Dibrugarh,27.43099,94.82672,none,none,0,2645.4,10.39,91.5,0.00715,0.00476,6.15,3.55,3.82,36.54,0.59,0.137,0.126,0.301,NASA_COOLR_ABSENCE,NASA_GPM_IMERG,NASA_USDA_SMAP,COPERNICUS_GLO_30,train
APDA-V1-POS-00013,COOLR-IN-NER-013-INST-13,2022-07-22,Sikkim,East Sikkim,27.3257,88.60851,rockfall,heavy_rain,1,3214.3,31.55,251.1,-0.04088,0.05731,6.58,71.49,189.49,331.34,12.14,0.372,0.324,0.68,NASA_COOLR,NASA_GPM_IMERG,NASA_USDA_SMAP,COPERNICUS_GLO_30,train
APDA-V1-POS-00172,COOLR-IN-NER-017-INST-172,2021-05-22,Arunachal Pradesh,Tawang,27.58573,91.8652,debris_avalanche,rain_snowmelt,1,2635.4,31.49,318.8,-0.0235,0.02189,6.56,74.1,138.82,423.95,22.05,0.345,0.311,0.68,NASA_COOLR,NASA_GPM_IMERG,NASA_USDA_SMAP,COPERNICUS_GLO_30,train
APDA-V1-POS-00261,COOLR-IN-NER-013-INST-261,2022-07-08,Sikkim,East Sikkim,27.33146,88.61188,rockfall,heavy_rain,1,1661.1,54.44,235.8,-0.04566,0.04163,4.08,35.0,216.05,269.91,5.74,0.472,0.432,0.939,NASA_COOLR,NASA_GPM_IMERG,NASA_USDA_SMAP,COPERNICUS_GLO_30,train
APDA-V1-NEG-00070,NONE_ABSENCE_CONTROL,2023-11-17,Tripura,West Tripura,23.72351,91.30716,none,none,0,575.8,0.02,120.8,0.00341,-0.00787,8.44,6.08,21.03,42.25,1.01,0.111,0.103,0.254,NASA_COOLR_ABSENCE,NASA_GPM_IMERG,NASA_USDA_SMAP,COPERNICUS_GLO_30,val
APDA-V1-NEG-00745,NONE_ABSENCE_CONTROL,2023-07-16,Assam,Kamrup Metro,26.26678,91.83335,none,none,0,1815.2,7.95,348.4,-0.00742,0.01377,6.75,4.54,19.29,57.37,0.76,0.025,0.023,0.05,NASA_COOLR_ABSENCE,NASA_GPM_IMERG,NASA_USDA_SMAP,COPERNICUS_GLO_30,train
APDA-V1-NEG-00047,NONE_ABSENCE_CONTROL,2022-01-09,Manipur,Imphal East,24.70414,94.03291,none,none,0,616.9,0.5,200.3,0.00155,7e-05,9.38,0.52,1.78,36.39,0.09,0.1,0.092,0.225,NASA_COOLR_ABSENCE,NASA_GPM_IMERG,NASA_USDA_SMAP,COPERNICUS_GLO_30,train
APDA-V1-POS-00139,COOLR-IN-NER-015-INST-139,2020-08-18,Sikkim,West Sikkim,27.28351,88.24462,translational_slide,continuous_rain,1,3581.2,31.94,159.5,-0.03921,-5e-05,6.26,88.01,306.45,454.64,18.96,0.438,0.391,0.867,NASA_COOLR,NASA_GPM_IMERG,NASA_USDA_SMAP,COPERNICUS_GLO_30,train
APDA-V1-POS-00550,COOLR-IN-NER-023-INST-550,2024-05-24,Mizoram,Aizawl,23.73436,92.71685,stone_quarry_collapse,cyclone_remal_deluge,1,727.1,30.56,206.6,-0.07049,0.0322,5.75,83.68,248.47,394.68,20.58,0.446,0.406,0.843,NASA_COOLR,NASA_GPM_IMERG,NASA_USDA_SMAP,COPERNICUS_GLO_30,val
APDA-V1-POS-00616,COOLR-IN-NER-027-INST-616,2022-07-24,Nagaland,Mokokchung,26.32506,94.52102,mudslide,monsoon_rain,1,1319.4,35.57,216.0,-0.06283,0.02334,5.19,64.46,277.0,386.67,11.21,0.388,0.345,0.713,NASA_COOLR,NASA_GPM_IMERG,NASA_USDA_SMAP,COPERNICUS_GLO_30,train
APDA-V1-NEG-00096,NONE_ABSENCE_CONTROL,2022-09-27,West Bengal,Jalpaiguri,26.57127,88.62901,none,none,0,1303.9,1.2,19.9,-0.02023,0.00217,8.24,4.07,11.03,40.65,0.68,0.055,0.051,0.126,NASA_COOLR_ABSENCE,NASA_GPM_IMERG,NASA_USDA_SMAP,COPERNICUS_GLO_30,train
APDA-V1-NEG-00028,NONE_ABSENCE_CONTROL,2022-03-10,Meghalaya,Ri-Bhoi,25.81574,91.71146,none,none,0,1721.2,10.99,17.6,0.00772,0.006,5.23,0.06,23.04,51.74,0.01,0.075,0.069,0.167,NASA_COOLR_ABSENCE,NASA_GPM_IMERG,NASA_USDA_SMAP,COPERNICUS_GLO_30,train
APDA-V1-POS-00559,COOLR-IN-NER-001-INST-559,2023-06-02,Meghalaya,East Khasi Hills,25.52773,91.87068,debris_flow,monsoon_rain,1,1049.7,35.14,181.6,-0.08903,0.03672,5.45,76.86,205.86,432.57,16.65,0.49,0.447,0.897,NASA_COOLR,NASA_GPM_IMERG,NASA_USDA_SMAP,COPERNICUS_GLO_30,train
APDA-V1-POS-00140,COOLR-IN-NER-016-INST-140,2023-06-18,Arunachal Pradesh,West Kameng,27.35262,92.4218,rockfall,cloudburst,1,2057.2,32.74,134.8,-0.11791,0.05642,6.14,62.83,125.85,251.83,13.39,0.496,0.454,0.913,NASA_COOLR,NASA_GPM_IMERG,NASA_USDA_SMAP,COPERNICUS_GLO_30,val
APDA-V1-NEG-00560,NONE_ABSENCE_CONTROL,2022-05-02,West Bengal,Jalpaiguri,26.68407,88.84769,none,none,0,1790.8,8.92,51.6,-0.00046,0.01129,6.45,8.86,26.18,37.55,1.48,0.018,0.017,0.037,NASA_COOLR_ABSENCE,NASA_GPM_IMERG,NASA_USDA_SMAP,COPERNICUS_GLO_30,train
APDA-V1-NEG-00274,NONE_ABSENCE_CONTROL,2023-07-26,Assam,Nagaon,26.38751,92.5976,none,none,0,1215.8,0.1,28.4,0.00354,-0.00011,9.38,2.17,4.37,33.23,0.36,0.058,0.053,0.129,NASA_COOLR_ABSENCE,NASA_GPM_IMERG,NASA_USDA_SMAP,COPERNICUS_GLO_30,val
APDA-V1-POS-00225,COOLR-IN-NER-008-INST-225,2022-05-29,Assam,Dima Hasao,25.07578,93.15513,debris_flow,monsoon_rain,1,719.1,42.54,335.4,-0.04599,0.03226,5.65,92.4,166.81,274.87,12.01,0.509,0.449,0.91,NASA_COOLR,NASA_GPM_IMERG,NASA_USDA_SMAP,COPERNICUS_GLO_30,test
APDA-V1-NEG-00214,NONE_ABSENCE_CONTROL,2022-02-08,Tripura,West Tripura,23.89738,91.42409,none,none,0,361.0,0.24,67.8,-0.00823,0.00606,8.43,3.02,27.94,33.84,0.5,0.265,0.243,0.54,NASA_COOLR_ABSENCE,NASA_GPM_IMERG,NASA_USDA_SMAP,COPERNICUS_GLO_30,train
APDA-V1-POS-00410,COOLR-IN-NER-007-INST-410,2022-05-14,Assam,Dima Hasao,25.17954,93.02746,rotational_slide,torrential_rain,1,922.3,23.9,138.0,-0.10822,0.04188,6.11,55.78,251.54,476.13,10.8,0.493,0.467,0.976,NASA_COOLR,NASA_GPM_IMERG,NASA_USDA_SMAP,COPERNICUS_GLO_30,test
APDA-V1-POS-00326,COOLR-IN-NER-016-INST-326,2023-06-23,Arunachal Pradesh,West Kameng,27.34971,92.42132,rockfall,cloudburst,1,2832.0,25.21,138.4,-0.05126,0.02304,6.85,85.94,277.62,392.11,17.47,0.352,0.306,0.68,NASA_COOLR,NASA_GPM_IMERG,NASA_USDA_SMAP,COPERNICUS_GLO_30,train
APDA-V1-POS-00300,COOLR-IN-NER-021-INST-300,2021-08-15,Manipur,Senapati,25.26651,94.01769,translational_slide,monsoon_rain,1,1431.7,29.87,194.6,-0.02634,0.00133,6.45,152.47,261.06,365.25,31.81,0.445,0.399,0.911,NASA_COOLR,NASA_GPM_IMERG,NASA_USDA_SMAP,COPERNICUS_GLO_30,test
APDA-V1-NEG-00244,NONE_ABSENCE_CONTROL,2022-06-02,Meghalaya,Ri-Bhoi,25.8149,91.99229,none,none,0,1703.1,1.66,279.0,0.00688,0.00764,7.5,1.44,20.56,30.37,0.24,0.177,0.163,0.363,NASA_COOLR_ABSENCE,NASA_GPM_IMERG,NASA_USDA_SMAP,COPERNICUS_GLO_30,train
APDA-V1-NEG-00283,NONE_ABSENCE_CONTROL,2022-12-04,Assam,Dibrugarh,27.62653,94.80615,none,none,0,3207.7,1.55,322.3,0.00198,0.00265,8.33,0.56,1.1,15.81,0.09,0.166,0.152,0.358,NASA_COOLR_ABSENCE,NASA_GPM_IMERG,NASA_USDA_SMAP,COPERNICUS_GLO_30,train
APDA-V1-POS-00671,COOLR-IN-NER-020-INST-671,2022-06-22,Manipur,Noney,24.78996,93.68141,massive_debris_slide,unprecedented_continuous_rain,1,1404.9,35.53,207.8,-0.04666,0.03529,6.23,47.03,200.44,322.73,12.14,0.357,0.326,0.68,NASA_COOLR,NASA_GPM_IMERG,NASA_USDA_SMAP,COPERNICUS_GLO_30,train
APDA-V1-NEG-00730,NONE_ABSENCE_CONTROL,2023-03-15,Assam,Nagaon,26.40691,92.6083,none,none,0,621.6,3.03,38.6,0.00753,-0.00821,7.8,1.03,11.65,52.44,0.17,0.148,0.136,0.317,NASA_COOLR_ABSENCE,NASA_GPM_IMERG,NASA_USDA_SMAP,COPERNICUS_GLO_30,train
APDA-V1-NEG-00197,NONE_ABSENCE_CONTROL,2022-10-29,Meghalaya,West Garo Hills,25.55503,90.19513,none,none,0,796.2,0.3,255.0,-0.00334,0.01231,8.69,3.16,9.53,21.73,0.53,0.119,0.11,0.275,NASA_COOLR_ABSENCE,NASA_GPM_IMERG,NASA_USDA_SMAP,COPERNICUS_GLO_30,train
APDA-V1-NEG-00520,NONE_ABSENCE_CONTROL,2022-09-19,West Bengal,Jalpaiguri,26.44085,88.75567,none,none,0,1948.0,8.28,325.9,0.00972,-0.00935,5.9,0.45,18.59,30.78,0.08,0.146,0.135,0.33,NASA_COOLR_ABSENCE,NASA_GPM_IMERG,NASA_USDA_SMAP,COPERNICUS_GLO_30,test
APDA-V1-POS-00574,COOLR-IN-NER-016-INST-574,2023-07-05,Arunachal Pradesh,West Kameng,27.34691,92.4205,rockfall,cloudburst,1,2457.9,47.44,170.7,-0.01821,0.01805,5.89,47.48,98.39,296.66,10.08,0.37,0.331,0.68,NASA_COOLR,NASA_GPM_IMERG,NASA_USDA_SMAP,COPERNICUS_GLO_30,train
APDA-V1-POS-00504,COOLR-IN-NER-008-INST-504,2022-05-09,Assam,Dima Hasao,25.07432,93.1566,debris_flow,monsoon_rain,1,841.4,31.78,147.0,0.02771,0.02404,5.19,79.51,254.87,431.0,17.09,0.472,0.432,0.944,NASA_COOLR,NASA_GPM_IMERG,NASA_USDA_SMAP,COPERNICUS_GLO_30,train
APDA-V1-NEG-00288,NONE_ABSENCE_CONTROL,2022-07-18,West Bengal,Jalpaiguri,26.67292,88.75059,none,none,0,1603.5,12.54,81.4,0.00144,-0.00574,6.24,9.26,34.21,54.75,1.54,0.068,0.063,0.151,NASA_COOLR_ABSENCE,NASA_GPM_IMERG,NASA_USDA_SMAP,COPERNICUS_GLO_30,train
APDA-V1-POS-00004,COOLR-IN-NER-004-INST-4,2021-08-12,Meghalaya,West Jaintia Hills,25.43922,92.19577,translational_slide,monsoon_rain,1,1903.5,37.72,57.7,-0.0624,0.06936,5.47,78.19,139.45,192.79,15.2,0.438,0.388,0.781,NASA_COOLR,NASA_GPM_IMERG,NASA_USDA_SMAP,COPERNICUS_GLO_30,train
APDA-V1-NEG-00719,NONE_ABSENCE_CONTROL,2021-09-20,Manipur,Imphal East,24.89411,93.79378,none,none,0,501.6,0.46,22.9,-0.00257,-0.00867,8.16,12.38,25.71,31.18,2.06,0.148,0.136,0.337,NASA_COOLR_ABSENCE,NASA_GPM_IMERG,NASA_USDA_SMAP,COPERNICUS_GLO_30,train
APDA-V1-POS-00468,COOLR-IN-NER-003-INST-468,2023-07-06,Meghalaya,Ri-Bhoi,25.7505,91.90649,rockfall,continuous_rain,1,1479.2,32.49,221.7,-0.07943,0.06397,6.14,90.35,199.11,262.2,26.82,0.397,0.341,0.726,NASA_COOLR,NASA_GPM_IMERG,NASA_USDA_SMAP,COPERNICUS_GLO_30,test
APDA-V1-POS-00322,COOLR-IN-NER-012-INST-322,2023-10-11,Sikkim,North Sikkim,27.69797,88.58231,complex_glol_debris,glacial_lake_outburst_rain,1,2451.0,29.48,180.7,-0.00083,0.08201,6.68,73.62,125.54,434.77,11.72,0.369,0.326,0.681,NASA_COOLR,NASA_GPM_IMERG,NASA_USDA_SMAP,COPERNICUS_GLO_30,train
APDA-V1-POS-00006,COOLR-IN-NER-006-INST-6,2024-06-09,Meghalaya,East Khasi Hills,25.56114,91.88234,shallow_slide,cyclone_remnants,1,1497.0,36.3,172.3,-0.00889,0.0509,6.26,67.41,280.14,511.86,15.3,0.478,0.442,0.954,NASA_COOLR,NASA_GPM_IMERG,NASA_USDA_SMAP,COPERNICUS_GLO_30,train
APDA-V1-NEG-00224,NONE_ABSENCE_CONTROL,2022-08-30,West Bengal,Jalpaiguri,26.55968,88.59263,none,none,0,1163.7,2.39,108.2,0.00555,-0.00628,6.41,11.95,30.25,65.37,1.99,0.277,0.254,0.626,NASA_COOLR_ABSENCE,NASA_GPM_IMERG,NASA_USDA_SMAP,COPERNICUS_GLO_30,train
APDA-V1-POS-00548,COOLR-IN-NER-021-INST-548,2021-08-19,Manipur,Senapati,25.26668,94.01851,translational_slide,monsoon_rain,1,1364.5,36.69,215.0,-0.01957,0.04141,5.85,149.03,357.48,532.13,39.14,0.436,0.401,0.831,NASA_COOLR,NASA_GPM_IMERG,NASA_USDA_SMAP,COPERNICUS_GLO_30,train
APDA-V1-NEG-00727,NONE_ABSENCE_CONTROL,2022-08-10,Manipur,Imphal East,24.7558,93.8823,none,none,0,1046.9,2.92,100.3,0.01179,0.0056,7.47,9.85,34.34,37.8,1.64,0.06,0.055,0.125,NASA_COOLR_ABSENCE,NASA_GPM_IMERG,NASA_USDA_SMAP,COPERNICUS_GLO_30,train
APDA-V1-POS-00040,COOLR-IN-NER-009-INST-40,2022-06-05,Assam,Cachar,24.83664,92.80081,mudslide,flooding_rain,1,1169.5,35.74,235.3,-0.10417,0.01266,5.03,115.12,333.61,417.76,27.86,0.504,0.452,0.9,NASA_COOLR,NASA_GPM_IMERG,NASA_USDA_SMAP,COPERNICUS_GLO_30,val
APDA-V1-POS-00543,COOLR-IN-NER-016-INST-543,2023-06-25,Arunachal Pradesh,West Kameng,27.35226,92.42128,rockfall,cloudburst,1,2657.0,37.99,146.3,-0.07962,0.01989,6.12,44.45,225.89,439.57,11.19,0.409,0.374,0.821,NASA_COOLR,NASA_GPM_IMERG,NASA_USDA_SMAP,COPERNICUS_GLO_30,train
APDA-V1-POS-00243,COOLR-IN-NER-026-INST-243,2023-07-30,Nagaland,Kohima,25.6765,94.11444,translational_slide,continuous_rain,1,1465.7,35.42,34.0,-0.02331,0.07378,5.97,40.11,109.48,338.83,8.62,0.345,0.309,0.684,NASA_COOLR,NASA_GPM_IMERG,NASA_USDA_SMAP,COPERNICUS_GLO_30,test
APDA-V1-POS-00137,COOLR-IN-NER-013-INST-137,2022-07-02,Sikkim,East Sikkim,27.32901,88.61586,rockfall,heavy_rain,1,3442.1,29.19,167.5,-0.03242,0.01394,6.26,167.7,382.66,569.9,30.54,0.453,0.42,0.879,NASA_COOLR,NASA_GPM_IMERG,NASA_USDA_SMAP,COPERNICUS_GLO_30,train
APDA-V1-POS-00603,COOLR-IN-NER-014-INST-603,2021-08-18,Sikkim,South Sikkim,27.18772,88.35682,rotational_slide,monsoon_rain,1,2786.0,41.44,205.0,-0.05554,-0.0052,6.21,82.04,248.86,360.56,18.18,0.356,0.31,0.68,NASA_COOLR,NASA_GPM_IMERG,NASA_USDA_SMAP,COPERNICUS_GLO_30,train
APDA-V1-NEG-00023,NONE_ABSENCE_CONTROL,2023-04-16,Manipur,Imphal East,24.6862,94.01941,none,none,0,475.8,10.21,298.5,-0.00034,0.00152,5.43,1.64,11.35,38.33,0.27,0.046,0.042,0.097,NASA_COOLR_ABSENCE,NASA_GPM_IMERG,NASA_USDA_SMAP,COPERNICUS_GLO_30,val
APDA-V1-NEG-00097,NONE_ABSENCE_CONTROL,2023-10-04,Assam,Kamrup Metro,26.13425,91.68396,none,none,0,1272.8,6.79,61.8,-0.01444,0.01316,6.67,8.23,9.49,18.78,1.37,0.197,0.181,0.425,NASA_COOLR_ABSENCE,NASA_GPM_IMERG,NASA_USDA_SMAP,COPERNICUS_GLO_30,test
APDA-V1-NEG-00341,NONE_ABSENCE_CONTROL,2021-03-15,Meghalaya,West Garo Hills,25.4869,90.24575,none,none,0,989.0,4.32,6.9,0.00382,0.01079,5.93,2.0,14.89,43.18,0.33,0.103,0.095,0.229,NASA_COOLR_ABSENCE,NASA_GPM_IMERG,NASA_USDA_SMAP,COPERNICUS_GLO_30,val
APDA-V1-NEG-00616,NONE_ABSENCE_CONTROL,2023-01-27,West Bengal,Jalpaiguri,26.65886,88.59653,none,none,0,1343.0,0.17,6.8,0.00509,-0.00108,9.23,4.87,25.03,62.99,0.81,0.068,0.063,0.141,NASA_COOLR_ABSENCE,NASA_GPM_IMERG,NASA_USDA_SMAP,COPERNICUS_GLO_30,test
APDA-V1-POS-00582,COOLR-IN-NER-024-INST-582,2022-06-16,Mizoram,Lunglei,22.89003,92.74264,mudslide,monsoon_rain,1,301.2,27.73,147.5,0.03851,0.00231,5.78,203.09,359.54,594.86,25.63,0.461,0.409,0.915,NASA_COOLR,NASA_GPM_IMERG,NASA_USDA_SMAP,COPERNICUS_GLO_30,val
APDA-V1-NEG-00725,NONE_ABSENCE_CONTROL,2023-06-14,Meghalaya,West Garo Hills,25.44487,90.1663,none,none,0,608.9,3.34,60.3,-0.01225,0.00941,7.72,0.26,13.99,57.47,0.04,0.222,0.205,0.445,NASA_COOLR_ABSENCE,NASA_GPM_IMERG,NASA_USDA_SMAP,COPERNICUS_GLO_30,test
APDA-V1-NEG-00039,NONE_ABSENCE_CONTROL,2022-06-22,Manipur,Imphal East,24.68274,93.79152,none,none,0,534.7,3.44,56.2,-0.00383,0.00017,6.32,9.79,19.69,26.37,1.63,0.144,0.133,0.303,NASA_COOLR_ABSENCE,NASA_GPM_IMERG,NASA_USDA_SMAP,COPERNICUS_GLO_30,train
APDA-V1-NEG-00639,NONE_ABSENCE_CONTROL,2021-08-29,Manipur,Imphal East,24.75487,94.06693,none,none,0,544.9,8.55,174.5,-0.01612,-0.00264,6.73,25.82,40.72,56.32,4.3,0.212,0.195,0.493,NASA_COOLR_ABSENCE,NASA_GPM_IMERG,NASA_USDA_SMAP,COPERNICUS_GLO_30,val
APDA-V1-POS-00377,COOLR-IN-NER-005-INST-377,2020-09-11,Meghalaya,East Garo Hills,25.60186,90.58645,debris_flow,tropical_cyclone,1,799.5,36.71,237.1,-0.0245,0.01453,6.21,42.3,215.18,461.34,14.58,0.443,0.395,0.824,NASA_COOLR,NASA_GPM_IMERG,NASA_USDA_SMAP,COPERNICUS_GLO_30,train
APDA-V1-POS-00315,COOLR-IN-NER-005-INST-315,2020-10-05,Meghalaya,East Garo Hills,25.60252,90.58715,debris_flow,tropical_cyclone,1,1236.4,28.69,205.4,-0.02167,0.06037,5.91,89.79,189.04,301.05,18.85,0.463,0.435,0.97,NASA_COOLR,NASA_GPM_IMERG,NASA_USDA_SMAP,COPERNICUS_GLO_30,train
APDA-V1-POS-00443,COOLR-IN-NER-009-INST-443,2022-06-29,Assam,Cachar,24.82857,92.80412,mudslide,flooding_rain,1,354.1,42.02,161.3,-0.00411,0.01414,6.06,135.02,186.91,472.66,20.17,0.365,0.326,0.687,NASA_COOLR,NASA_GPM_IMERG,NASA_USDA_SMAP,COPERNICUS_GLO_30,train
APDA-V1-POS-00320,COOLR-IN-NER-010-INST-320,2023-07-31,Assam,Kamrup Metropolitan,26.17075,91.76079,shallow_slide,urban_downpour,1,1273.4,35.48,190.6,0.02889,0.07337,6.27,81.15,173.97,236.4,13.77,0.437,0.39,0.866,NASA_COOLR,NASA_GPM_IMERG,NASA_USDA_SMAP,COPERNICUS_GLO_30,test
APDA-V1-NEG-00729,NONE_ABSENCE_CONTROL,2022-01-06,Assam,Kamrup Metro,26.24666,91.75045,none,none,0,1804.1,1.74,215.5,-0.02712,0.0079,7.68,0.85,4.45,44.32,0.14,0.171,0.157,0.404,NASA_COOLR_ABSENCE,NASA_GPM_IMERG,NASA_USDA_SMAP,COPERNICUS_GLO_30,test
APDA-V1-NEG-00044,NONE_ABSENCE_CONTROL,2021-02-06,Meghalaya,Ri-Bhoi,25.87788,91.80293,none,none,0,1786.1,1.62,20.2,0.00551,0.01117,8.06,2.36,5.38,43.06,0.39,0.213,0.196,0.464,NASA_COOLR_ABSENCE,NASA_GPM_IMERG,NASA_USDA_SMAP,COPERNICUS_GLO_30,train
APDA-V1-NEG-00383,NONE_ABSENCE_CONTROL,2023-11-12,Manipur,Imphal East,24.72629,93.83835,none,none,0,863.6,3.02,211.3,0.00722,-0.00345,6.24,0.14,7.87,41.25,0.02,0.065,0.06,0.147,NASA_COOLR_ABSENCE,NASA_GPM_IMERG,NASA_USDA_SMAP,COPERNICUS_GLO_30,val
APDA-V1-POS-00425,COOLR-IN-NER-022-INST-425,2020-07-01,Manipur,Tamenglong,24.98875,93.49764,mudslide,monsoon_rain,1,1423.8,49.54,210.2,-0.02949,0.01684,5.86,104.91,216.71,288.04,19.54,0.45,0.4,0.794,NASA_COOLR,NASA_GPM_IMERG,NASA_USDA_SMAP,COPERNICUS_GLO_30,val
APDA-V1-POS-00554,COOLR-IN-NER-027-INST-554,2022-07-21,Nagaland,Mokokchung,26.32396,94.52002,mudslide,monsoon_rain,1,1441.4,37.49,89.0,-0.05181,0.0445,6.12,46.51,175.73,457.03,15.28,0.462,0.438,0.978,NASA_COOLR,NASA_GPM_IMERG,NASA_USDA_SMAP,COPERNICUS_GLO_30,train
APDA-V1-POS-00595,COOLR-IN-NER-006-INST-595,2024-05-20,Meghalaya,East Khasi Hills,25.56773,91.8778,shallow_slide,cyclone_remnants,1,834.6,30.69,192.2,-0.01069,0.02818,6.37,97.86,205.9,267.5,18.77,0.394,0.358,0.772,NASA_COOLR,NASA_GPM_IMERG,NASA_USDA_SMAP,COPERNICUS_GLO_30,train
APDA-V1-NEG-00144,NONE_ABSENCE_CONTROL,2021-11-11,West Bengal,Jalpaiguri,26.43491,88.58114,none,none,0,861.4,8.36,141.1,0.00584,0.00925,6.89,1.97,24.3,31.14,0.33,0.068,0.062,0.158,NASA_COOLR_ABSENCE,NASA_GPM_IMERG,NASA_USDA_SMAP,COPERNICUS_GLO_30,train
APDA-V1-NEG-00732,NONE_ABSENCE_CONTROL,2022-05-03,Meghalaya,Ri-Bhoi,25.83979,91.70719,none,none,0,1589.8,3.05,43.3,-0.01116,-0.01238,7.66,3.47,5.37,14.77,0.58,0.038,0.035,0.083,NASA_COOLR_ABSENCE,NASA_GPM_IMERG,NASA_USDA_SMAP,COPERNICUS_GLO_30,val
APDA-V1-NEG-00468,NONE_ABSENCE_CONTROL,2023-06-14,Meghalaya,Ri-Bhoi,25.9945,91.89835,none,none,0,1477.5,1.75,344.4,0.00797,0.01453,7.31,0.63,13.52,19.91,0.1,0.191,0.176,0.399,NASA_COOLR_ABSENCE,NASA_GPM_IMERG,NASA_USDA_SMAP,COPERNICUS_GLO_30,train
APDA-V1-NEG-00415,NONE_ABSENCE_CONTROL,2023-03-29,Manipur,Imphal East,24.95969,93.87053,none,none,0,550.0,4.47,260.9,0.00674,0.01448,6.67,1.26,12.13,51.01,0.21,0.195,0.179,0.425,NASA_COOLR_ABSENCE,NASA_GPM_IMERG,NASA_USDA_SMAP,COPERNICUS_GLO_30,test
APDA-V1-POS-00228,COOLR-IN-NER-011-INST-228,2021-07-19,Assam,Karbi Anglong,26.0156,93.41828,debris_flow,continuous_rain,1,1069.6,38.01,188.7,-0.05192,0.0433,5.9,168.94,357.85,583.87,22.63,0.385,0.344,0.718,NASA_COOLR,NASA_GPM_IMERG,NASA_USDA_SMAP,COPERNICUS_GLO_30,train
APDA-V1-POS-00715,COOLR-IN-NER-002-INST-715,2022-06-21,Meghalaya,East Khasi Hills,25.29946,91.70942,mudslide,downpour,1,936.0,42.43,176.3,-0.01905,0.07048,4.53,111.51,243.32,541.19,32.35,0.495,0.458,0.953,NASA_COOLR,NASA_GPM_IMERG,NASA_USDA_SMAP,COPERNICUS_GLO_30,test
APDA-V1-NEG-00061,NONE_ABSENCE_CONTROL,2021-12-11,Meghalaya,West Garo Hills,25.43779,90.28,none,none,0,920.1,1.39,296.2,-0.00521,0.01307,8.66,1.52,5.42,28.21,0.25,0.226,0.208,0.533,NASA_COOLR_ABSENCE,NASA_GPM_IMERG,NASA_USDA_SMAP,COPERNICUS_GLO_30,train
APDA-V1-NEG-00230,NONE_ABSENCE_CONTROL,2023-08-04,Tripura,West Tripura,23.77154,91.37129,none,none,0,276.5,7.44,109.2,-0.00538,-0.00167,5.25,17.7,19.93,61.95,2.95,0.117,0.107,0.275,NASA_COOLR_ABSENCE,NASA_GPM_IMERG,NASA_USDA_SMAP,COPERNICUS_GLO_30,val
APDA-V1-NEG-00326,NONE_ABSENCE_CONTROL,2023-10-07,Tripura,West Tripura,23.92626,91.2981,none,none,0,1236.5,1.72,269.8,-0.00406,-0.00116,7.81,4.07,20.41,33.94,0.68,0.11,0.101,0.249,NASA_COOLR_ABSENCE,NASA_GPM_IMERG,NASA_USDA_SMAP,COPERNICUS_GLO_30,train
APDA-V1-POS-00067,COOLR-IN-NER-005-INST-67,2020-09-17,Meghalaya,East Garo Hills,25.60338,90.58578,debris_flow,tropical_cyclone,1,1220.5,48.95,158.6,-0.07043,0.06279,4.45,114.37,278.32,526.39,18.03,0.514,0.458,0.909,NASA_COOLR,NASA_GPM_IMERG,NASA_USDA_SMAP,COPERNICUS_GLO_30,train
APDA-V1-POS-00394,COOLR-IN-NER-022-INST-394,2020-06-28,Manipur,Tamenglong,24.99108,93.49789,mudslide,monsoon_rain,1,497.2,44.24,228.1,-0.03071,0.05932,5.66,76.13,283.76,413.68,14.23,0.508,0.45,0.893,NASA_COOLR,NASA_GPM_IMERG,NASA_USDA_SMAP,COPERNICUS_GLO_30,val
APDA-V1-POS-00580,COOLR-IN-NER-022-INST-580,2020-06-28,Manipur,Tamenglong,24.98491,93.49236,mudslide,monsoon_rain,1,1335.4,28.31,216.7,-0.03954,0.04359,5.42,71.17,241.73,402.5,20.57,0.419,0.37,0.724,NASA_COOLR,NASA_GPM_IMERG,NASA_USDA_SMAP,COPERNICUS_GLO_30,test
APDA-V1-NEG-00240,NONE_ABSENCE_CONTROL,2023-02-26,West Bengal,Jalpaiguri,26.64223,88.72047,none,none,0,1324.3,2.92,82.2,-0.0076,-0.00108,7.92,0.29,9.65,23.39,0.05,0.062,0.057,0.126,NASA_COOLR_ABSENCE,NASA_GPM_IMERG,NASA_USDA_SMAP,COPERNICUS_GLO_30,val
APDA-V1-POS-00212,COOLR-IN-NER-026-INST-212,2023-07-18,Nagaland,Kohima,25.67116,94.11797,translational_slide,continuous_rain,1,1622.4,38.1,188.3,0.01454,0.01578,6.05,92.52,274.79,477.62,18.09,0.516,0.473,0.946,NASA_COOLR,NASA_GPM_IMERG,NASA_USDA_SMAP,COPERNICUS_GLO_30,train
APDA-V1-NEG-00410,NONE_ABSENCE_CONTROL,2023-09-06,Assam,Nagaon,26.36222,92.75071,none,none,0,635.3,0.45,227.3,0.01889,9e-05,9.48,9.39,27.75,60.82,1.57,0.317,0.292,0.68,NASA_COOLR_ABSENCE,NASA_GPM_IMERG,NASA_USDA_SMAP,COPERNICUS_GLO_30,train
APDA-V1-NEG-00032,NONE_ABSENCE_CONTROL,2023-07-23,West Bengal,Jalpaiguri,26.4015,88.78019,none,none,0,1040.3,3.43,318.0,-0.0002,0.01493,6.92,7.29,28.22,36.86,1.21,0.207,0.19,0.464,NASA_COOLR_ABSENCE,NASA_GPM_IMERG,NASA_USDA_SMAP,COPERNICUS_GLO_30,train
APDA-V1-POS-00537,COOLR-IN-NER-010-INST-537,2023-08-14,Assam,Kamrup Metropolitan,26.1735,91.75876,shallow_slide,urban_downpour,1,938.1,42.09,180.0,-0.03671,0.03543,5.4,125.3,283.57,479.67,21.92,0.375,0.339,0.68,NASA_COOLR,NASA_GPM_IMERG,NASA_USDA_SMAP,COPERNICUS_GLO_30,train
APDA-V1-NEG-00025,NONE_ABSENCE_CONTROL,2023-09-01,Assam,Kamrup Metro,26.23094,91.704,none,none,0,1278.1,3.07,48.4,0.01253,-0.00143,6.99,4.04,13.39,42.39,0.67,0.044,0.04,0.094,NASA_COOLR_ABSENCE,NASA_GPM_IMERG,NASA_USDA_SMAP,COPERNICUS_GLO_30,train
APDA-V1-POS-00662,COOLR-IN-NER-011-INST-662,2021-07-11,Assam,Karbi Anglong,26.0114,93.42111,debris_flow,continuous_rain,1,1456.7,37.66,235.7,-0.08417,0.06924,4.71,67.63,246.79,462.95,10.13,0.474,0.441,0.961,NASA_COOLR,NASA_GPM_IMERG,NASA_USDA_SMAP,COPERNICUS_GLO_30,val
APDA-V1-POS-00086,COOLR-IN-NER-024-INST-86,2022-05-30,Mizoram,Lunglei,22.88522,92.74017,mudslide,monsoon_rain,1,1087.9,38.44,149.8,-0.05156,0.05634,6.21,116.91,200.82,338.97,17.52,0.467,0.43,0.944,NASA_COOLR,NASA_GPM_IMERG,NASA_USDA_SMAP,COPERNICUS_GLO_30,val
APDA-V1-NEG-00600,NONE_ABSENCE_CONTROL,2022-11-03,West Bengal,Jalpaiguri,26.67825,88.8174,none,none,0,939.7,3.01,192.1,0.00846,0.00935,6.95,9.25,11.24,16.5,1.54,0.098,0.09,0.197,NASA_COOLR_ABSENCE,NASA_GPM_IMERG,NASA_USDA_SMAP,COPERNICUS_GLO_30,test
APDA-V1-NEG-00467,NONE_ABSENCE_CONTROL,2021-12-27,Assam,Dibrugarh,27.50627,95.06885,none,none,0,3437.1,0.9,88.4,0.0013,-0.00099,7.95,1.87,5.81,21.09,0.31,0.124,0.114,0.257,NASA_COOLR_ABSENCE,NASA_GPM_IMERG,NASA_USDA_SMAP,COPERNICUS_GLO_30,val
APDA-V1-NEG-00166,NONE_ABSENCE_CONTROL,2023-12-06,Tripura,West Tripura,23.68013,91.42287,none,none,0,1373.4,8.1,211.3,0.01011,0.00169,5.07,1.63,12.46,40.22,0.27,0.09,0.083,0.201,NASA_COOLR_ABSENCE,NASA_GPM_IMERG,NASA_USDA_SMAP,COPERNICUS_GLO_30,val
APDA-V1-POS-00661,COOLR-IN-NER-010-INST-661,2023-08-07,Assam,Kamrup Metropolitan,26.16968,91.76232,shallow_slide,urban_downpour,1,1550.7,28.21,166.4,0.01215,0.02749,6.35,36.5,83.18,172.66,10.6,0.472,0.416,0.865,NASA_COOLR,NASA_GPM_IMERG,NASA_USDA_SMAP,COPERNICUS_GLO_30,train
APDA-V1-NEG-00601,NONE_ABSENCE_CONTROL,2023-12-20,Assam,Kamrup Metro,26.29698,91.81327,none,none,0,1955.2,7.85,170.2,-0.00137,0.01518,6.99,0.18,12.33,18.95,0.03,0.114,0.105,0.234,NASA_COOLR_ABSENCE,NASA_GPM_IMERG,NASA_USDA_SMAP,COPERNICUS_GLO_30,train
APDA-V1-POS-00631,COOLR-IN-NER-011-INST-631,2021-07-06,Assam,Karbi Anglong,26.01269,93.41709,debris_flow,continuous_rain,1,688.7,36.34,32.6,0.01532,0.0068,5.31,88.64,141.63,321.32,24.65,0.366,0.329,0.68,NASA_COOLR,NASA_GPM_IMERG,NASA_USDA_SMAP,COPERNICUS_GLO_30,train
APDA-V1-NEG-00284,NONE_ABSENCE_CONTROL,2023-07-15,Meghalaya,Ri-Bhoi,26.01831,91.85681,none,none,0,1671.8,0.01,163.8,0.00435,0.00661,8.23,5.91,28.85,61.77,0.99,0.187,0.172,0.396,NASA_COOLR_ABSENCE,NASA_GPM_IMERG,NASA_USDA_SMAP,COPERNICUS_GLO_30,test
APDA-V1-NEG-00650,NONE_ABSENCE_CONTROL,2021-11-27,Assam,Nagaon,26.45156,92.57811,none,none,0,1936.4,2.06,16.2,-0.01916,0.00358,6.8,2.76,6.44,34.82,0.46,0.091,0.084,0.213,NASA_COOLR_ABSENCE,NASA_GPM_IMERG,NASA_USDA_SMAP,COPERNICUS_GLO_30,train
APDA-V1-NEG-00343,NONE_ABSENCE_CONTROL,2021-01-27,Manipur,Imphal East,24.89083,94.03339,none,none,0,403.5,0.08,303.7,-0.00054,0.00013,9.16,1.02,25.54,32.11,0.17,0.102,0.094,0.231,NASA_COOLR_ABSENCE,NASA_GPM_IMERG,NASA_USDA_SMAP,COPERNICUS_GLO_30,train
APDA-V1-POS-00274,COOLR-IN-NER-026-INST-274,2023-07-10,Nagaland,Kohima,25.67119,94.1094,translational_slide,continuous_rain,1,964.9,45.16,138.0,-0.05341,0.04417,5.63,99.84,312.11,618.15,21.72,0.48,0.429,0.887,NASA_COOLR,NASA_GPM_IMERG,NASA_USDA_SMAP,COPERNICUS_GLO_30,train
APDA-V1-POS-00723,COOLR-IN-NER-010-INST-723,2023-08-17,Assam,Kamrup Metropolitan,26.16959,91.75977,shallow_slide,urban_downpour,1,755.8,36.94,164.9,-0.03591,-0.0114,6.35,98.61,264.95,325.61,13.73,0.373,0.334,0.68,NASA_COOLR,NASA_GPM_IMERG,NASA_USDA_SMAP,COPERNICUS_GLO_30,train
APDA-V1-POS-00363,COOLR-IN-NER-022-INST-363,2020-07-05,Manipur,Tamenglong,24.98509,93.49493,mudslide,monsoon_rain,1,611.2,45.35,231.0,-0.0892,0.05674,4.78,189.93,262.43,441.74,29.39,0.428,0.392,0.837,NASA_COOLR,NASA_GPM_IMERG,NASA_USDA_SMAP,COPERNICUS_GLO_30,train
APDA-V1-POS-00623,COOLR-IN-NER-003-INST-623,2023-06-20,Meghalaya,Ri-Bhoi,25.75375,91.90057,rockfall,continuous_rain,1,1112.5,42.19,194.0,0.02635,0.0674,5.02,107.92,315.47,486.84,17.47,0.405,0.35,0.798,NASA_COOLR,NASA_GPM_IMERG,NASA_USDA_SMAP,COPERNICUS_GLO_30,test
APDA-V1-POS-00003,COOLR-IN-NER-003-INST-3,2023-07-16,Meghalaya,Ri-Bhoi,25.75716,91.91155,rockfall,continuous_rain,1,1445.2,59.19,187.0,-0.00719,0.0256,3.87,73.21,175.35,355.34,23.48,0.455,0.406,0.882,NASA_COOLR,NASA_GPM_IMERG,NASA_USDA_SMAP,COPERNICUS_GLO_30,train
APDA-V1-POS-00007,COOLR-IN-NER-007-INST-7,2022-05-04,Assam,Dima Hasao,25.18061,93.02364,rotational_slide,torrential_rain,1,1080.1,49.4,157.7,-0.09159,0.04055,5.88,52.24,139.02,362.7,17.7,0.396,0.36,0.766,NASA_COOLR,NASA_GPM_IMERG,NASA_USDA_SMAP,COPERNICUS_GLO_30,train
APDA-V1-POS-00312,COOLR-IN-NER-002-INST-312,2022-06-07,Meghalaya,East Khasi Hills,25.30419,91.71206,mudslide,downpour,1,1579.0,38.42,146.8,-0.06747,0.0124,5.59,35.0,90.04,255.33,6.5,0.439,0.385,0.869,NASA_COOLR,NASA_GPM_IMERG,NASA_USDA_SMAP,COPERNICUS_GLO_30,test
APDA-V1-NEG-00418,NONE_ABSENCE_CONTROL,2022-08-28,Assam,Nagaon,26.35235,92.74546,none,none,0,1940.8,4.06,226.5,0.00885,-0.00297,7.62,8.99,20.2,28.6,1.5,0.411,0.378,0.869,NASA_COOLR_ABSENCE,NASA_GPM_IMERG,NASA_USDA_SMAP,COPERNICUS_GLO_30,train
APDA-V1-NEG-00189,NONE_ABSENCE_CONTROL,2021-06-06,Meghalaya,West Garo Hills,25.40716,90.02973,none,none,0,679.4,6.52,87.7,-0.00572,0.00354,7.09,3.19,23.46,35.05,0.53,0.142,0.131,0.322,NASA_COOLR_ABSENCE,NASA_GPM_IMERG,NASA_USDA_SMAP,COPERNICUS_GLO_30,test
APDA-V1-NEG-00728,NONE_ABSENCE_CONTROL,2023-10-14,West Bengal,Jalpaiguri,26.64912,88.71499,none,none,0,1823.7,1.21,16.1,0.03173,0.0005,8.22,15.58,26.12,49.24,2.6,0.061,0.056,0.14,NASA_COOLR_ABSENCE,NASA_GPM_IMERG,NASA_USDA_SMAP,COPERNICUS_GLO_30,train
APDA-V1-POS-00216,COOLR-IN-NER-030-INST-216,2021-10-17,West Bengal,Darjeeling,27.03736,88.26467,rotational_slide,post_monsoon_deluge,1,3281.1,28.79,289.6,0.03176,0.05871,6.6,68.85,209.03,339.93,14.38,0.387,0.332,0.68,NASA_COOLR,NASA_GPM_IMERG,NASA_USDA_SMAP,COPERNICUS_GLO_30,train
APDA-V1-NEG-00571,NONE_ABSENCE_CONTROL,2022-01-10,Assam,Dibrugarh,27.33592,94.88235,none,none,0,1976.7,0.73,126.5,-0.01229,-0.0102,9.22,0.1,12.91,23.21,0.02,0.296,0.272,0.618,NASA_COOLR_ABSENCE,NASA_GPM_IMERG,NASA_USDA_SMAP,COPERNICUS_GLO_30,train
APDA-V1-POS-00028,COOLR-IN-NER-028-INST-28,2020-09-20,Nagaland,Phek,25.68133,94.50044,debris_flow,monsoon_rain,1,1208.9,33.34,103.9,-0.01674,-0.00833,5.62,94.17,245.62,547.83,16.14,0.351,0.318,0.68,NASA_COOLR,NASA_GPM_IMERG,NASA_USDA_SMAP,COPERNICUS_GLO_30,train
APDA-V1-NEG-00716,NONE_ABSENCE_CONTROL,2021-05-14,Meghalaya,Ri-Bhoi,25.7967,91.77676,none,none,0,853.5,0.45,54.5,-0.00126,-0.01349,9.3,1.7,12.21,56.94,0.28,0.203,0.187,0.424,NASA_COOLR_ABSENCE,NASA_GPM_IMERG,NASA_USDA_SMAP,COPERNICUS_GLO_30,test
APDA-V1-NEG-00275,NONE_ABSENCE_CONTROL,2022-01-27,Assam,Dibrugarh,27.58484,95.0322,none,none,0,2102.1,8.79,245.4,-0.00691,-0.01003,6.69,0.1,7.84,32.05,0.02,0.263,0.242,0.538,NASA_COOLR_ABSENCE,NASA_GPM_IMERG,NASA_USDA_SMAP,COPERNICUS_GLO_30,train
APDA-V1-NEG-00036,NONE_ABSENCE_CONTROL,2023-05-25,Meghalaya,Ri-Bhoi,25.81899,91.98828,none,none,0,1336.2,0.84,256.0,-0.01007,0.01389,7.83,22.77,46.78,77.26,3.8,0.122,0.112,0.259,NASA_COOLR_ABSENCE,NASA_GPM_IMERG,NASA_USDA_SMAP,COPERNICUS_GLO_30,train
APDA-V1-POS-00639,COOLR-IN-NER-019-INST-639,2020-07-09,Arunachal Pradesh,Lower Subansiri,27.52424,93.82165,debris_flow,monsoon_rain,1,3737.6,27.32,290.3,-0.05469,-0.00807,6.65,75.51,174.83,476.91,17.77,0.494,0.458,0.952,NASA_COOLR,NASA_GPM_IMERG,NASA_USDA_SMAP,COPERNICUS_GLO_30,train
APDA-V1-NEG-00080,NONE_ABSENCE_CONTROL,2021-09-19,West Bengal,Jalpaiguri,26.5304,88.63409,none,none,0,1484.2,5.54,170.1,0.01153,-0.0011,7.25,0.3,12.5,46.86,0.05,0.137,0.126,0.28,NASA_COOLR_ABSENCE,NASA_GPM_IMERG,NASA_USDA_SMAP,COPERNICUS_GLO_30,val
APDA-V1-NEG-00077,NONE_ABSENCE_CONTROL,2023-11-22,Meghalaya,West Garo Hills,25.40196,90.14332,none,none,0,1385.6,0.27,203.0,-0.00334,-0.01258,9.41,2.07,15.65,60.08,0.34,0.179,0.165,0.366,NASA_COOLR_ABSENCE,NASA_GPM_IMERG,NASA_USDA_SMAP,COPERNICUS_GLO_30,val
APDA-V1-POS-00625,COOLR-IN-NER-005-INST-625,2020-10-03,Meghalaya,East Garo Hills,25.60269,90.59115,debris_flow,tropical_cyclone,1,679.5,32.33,194.3,-0.01682,0.07125,4.88,164.96,220.86,400.28,21.35,0.435,0.377,0.744,NASA_COOLR,NASA_GPM_IMERG,NASA_USDA_SMAP,COPERNICUS_GLO_30,test
APDA-V1-NEG-00100,NONE_ABSENCE_CONTROL,2022-08-12,Meghalaya,Ri-Bhoi,25.97836,91.80787,none,none,0,1101.6,1.35,284.3,0.01898,0.01126,8.08,13.09,36.48,53.76,2.18,0.07,0.065,0.167,NASA_COOLR_ABSENCE,NASA_GPM_IMERG,NASA_USDA_SMAP,COPERNICUS_GLO_30,train
APDA-V1-POS-00257,COOLR-IN-NER-009-INST-257,2022-06-28,Assam,Cachar,24.83158,92.80238,mudslide,flooding_rain,1,381.4,43.53,194.5,-0.02343,-0.0011,5.41,140.97,350.53,654.33,18.16,0.359,0.33,0.68,NASA_COOLR,NASA_GPM_IMERG,NASA_USDA_SMAP,COPERNICUS_GLO_30,train
APDA-V1-POS-00026,COOLR-IN-NER-026-INST-26,2023-07-07,Nagaland,Kohima,25.66832,94.11118,translational_slide,continuous_rain,1,913.9,32.01,141.2,-0.08217,0.03937,6.2,104.66,172.18,446.42,23.09,0.336,0.306,0.68,NASA_COOLR,NASA_GPM_IMERG,NASA_USDA_SMAP,COPERNICUS_GLO_30,train
APDA-V1-POS-00337,COOLR-IN-NER-027-INST-337,2022-07-29,Nagaland,Mokokchung,26.32857,94.51681,mudslide,monsoon_rain,1,971.4,45.8,160.8,-0.05697,0.01316,5.89,153.37,287.06,390.67,26.0,0.443,0.403,0.786,NASA_COOLR,NASA_GPM_IMERG,NASA_USDA_SMAP,COPERNICUS_GLO_30,train
APDA-V1-POS-00573,COOLR-IN-NER-015-INST-573,2020-08-31,Sikkim,West Sikkim,27.28717,88.24299,translational_slide,continuous_rain,1,3748.9,22.77,220.9,-0.03037,-0.00397,6.97,159.67,263.43,472.29,21.52,0.415,0.378,0.829,NASA_COOLR,NASA_GPM_IMERG,NASA_USDA_SMAP,COPERNICUS_GLO_30,test
APDA-V1-POS-00048,COOLR-IN-NER-017-INST-48,2021-05-22,Arunachal Pradesh,Tawang,27.58469,91.86762,debris_avalanche,rain_snowmelt,1,1751.1,30.36,180.5,-0.06508,0.06908,5.86,73.12,250.81,545.75,16.03,0.395,0.342,0.771,NASA_COOLR,NASA_GPM_IMERG,NASA_USDA_SMAP,COPERNICUS_GLO_30,val
APDA-V1-POS-00107,COOLR-IN-NER-014-INST-107,2021-08-18,Sikkim,South Sikkim,27.18705,88.35852,rotational_slide,monsoon_rain,1,3113.6,23.49,138.4,-0.06222,0.0619,6.54,44.35,250.92,401.34,13.35,0.372,0.331,0.724,NASA_COOLR,NASA_GPM_IMERG,NASA_USDA_SMAP,COPERNICUS_GLO_30,train
APDA-V1-POS-00350,COOLR-IN-NER-009-INST-350,2022-06-23,Assam,Cachar,24.83453,92.79955,mudslide,flooding_rain,1,718.3,44.81,161.3,-0.09166,0.01694,5.42,169.27,298.91,470.82,32.42,0.433,0.394,0.836,NASA_COOLR,NASA_GPM_IMERG,NASA_USDA_SMAP,COPERNICUS_GLO_30,train
APDA-V1-POS-00056,COOLR-IN-NER-025-INST-56,2021-08-05,Mizoram,Champhai,23.47283,93.32896,debris_flow,continuous_rain,1,750.5,31.25,172.3,0.00123,0.04674,6.24,53.78,170.32,458.68,9.82,0.457,0.403,0.829,NASA_COOLR,NASA_GPM_IMERG,NASA_USDA_SMAP,COPERNICUS_GLO_30,test
APDA-V1-NEG-00059,NONE_ABSENCE_CONTROL,2021-04-18,Assam,Dibrugarh,27.47116,94.893,none,none,0,2658.8,4.56,37.7,-0.00854,0.01465,7.15,4.93,19.34,28.3,0.82,0.228,0.209,0.528,NASA_COOLR_ABSENCE,NASA_GPM_IMERG,NASA_USDA_SMAP,COPERNICUS_GLO_30,train
APDA-V1-POS-00214,COOLR-IN-NER-028-INST-214,2020-09-21,Nagaland,Phek,25.68413,94.50278,debris_flow,monsoon_rain,1,1116.8,26.42,184.0,-0.00765,0.02537,6.41,60.59,223.82,465.85,16.32,0.368,0.325,0.68,NASA_COOLR,NASA_GPM_IMERG,NASA_USDA_SMAP,COPERNICUS_GLO_30,train
APDA-V1-POS-00121,COOLR-IN-NER-028-INST-121,2020-09-16,Nagaland,Phek,25.68918,94.49784,debris_flow,monsoon_rain,1,1081.1,46.66,158.1,-0.04415,0.0471,5.94,75.81,135.54,275.74,17.96,0.388,0.34,0.68,NASA_COOLR,NASA_GPM_IMERG,NASA_USDA_SMAP,COPERNICUS_GLO_30,train
APDA-V1-NEG-00120,NONE_ABSENCE_CONTROL,2021-06-14,West Bengal,Jalpaiguri,26.66188,88.79246,none,none,0,1620.3,0.0,312.1,0.01167,-0.00713,8.13,9.17,16.01,45.36,1.53,0.259,0.238,0.546,NASA_COOLR_ABSENCE,NASA_GPM_IMERG,NASA_USDA_SMAP,COPERNICUS_GLO_30,train
APDA-V1-NEG-00106,NONE_ABSENCE_CONTROL,2021-11-30,Assam,Nagaon,26.21122,92.59007,none,none,0,1082.3,0.99,67.0,-0.01233,0.00354,8.32,1.0,22.35,45.32,0.17,0.144,0.132,0.313,NASA_COOLR_ABSENCE,NASA_GPM_IMERG,NASA_USDA_SMAP,COPERNICUS_GLO_30,train
APDA-V1-POS-00073,COOLR-IN-NER-011-INST-73,2021-07-19,Assam,Karbi Anglong,26.00762,93.41736,debris_flow,continuous_rain,1,719.5,27.25,207.9,-0.02143,-0.02573,6.76,105.45,245.58,525.39,16.59,0.388,0.347,0.749,NASA_COOLR,NASA_GPM_IMERG,NASA_USDA_SMAP,COPERNICUS_GLO_30,train
APDA-V1-NEG-00631,NONE_ABSENCE_CONTROL,2023-04-29,Manipur,Imphal East,24.7336,93.88743,none,none,0,1323.0,10.83,125.7,0.013,0.00426,6.09,1.05,23.54,34.45,0.17,0.135,0.124,0.298,NASA_COOLR_ABSENCE,NASA_GPM_IMERG,NASA_USDA_SMAP,COPERNICUS_GLO_30,train
APDA-V1-POS-00721,COOLR-IN-NER-008-INST-721,2022-05-11,Assam,Dima Hasao,25.07262,93.15042,debris_flow,monsoon_rain,1,750.4,33.1,198.7,-0.04988,0.01445,6.33,116.29,167.51,365.12,17.5,0.428,0.391,0.871,NASA_COOLR,NASA_GPM_IMERG,NASA_USDA_SMAP,COPERNICUS_GLO_30,train
APDA-V1-POS-00046,COOLR-IN-NER-015-INST-46,2020-08-13,Sikkim,West Sikkim,27.28947,88.24673,translational_slide,continuous_rain,1,3424.1,39.28,148.5,-0.02745,0.05733,5.88,102.64,302.13,472.22,16.39,0.389,0.343,0.68,NASA_COOLR,NASA_GPM_IMERG,NASA_USDA_SMAP,COPERNICUS_GLO_30,train
APDA-V1-NEG-00514,NONE_ABSENCE_CONTROL,2021-09-20,Assam,Nagaon,26.31297,92.56471,none,none,0,1944.1,3.08,359.1,0.00692,0.00208,6.82,16.03,33.32,44.12,2.67,0.261,0.241,0.557,NASA_COOLR_ABSENCE,NASA_GPM_IMERG,NASA_USDA_SMAP,COPERNICUS_GLO_30,train
APDA-V1-POS-00524,COOLR-IN-NER-028-INST-524,2020-09-01,Nagaland,Phek,25.68432,94.5016,debris_flow,monsoon_rain,1,1222.7,35.01,106.9,-0.05298,0.01333,6.32,180.87,352.2,543.97,31.32,0.486,0.448,0.942,NASA_COOLR,NASA_GPM_IMERG,NASA_USDA_SMAP,COPERNICUS_GLO_30,test
APDA-V1-NEG-00119,NONE_ABSENCE_CONTROL,2021-01-26,Manipur,Imphal East,24.94999,94.02063,none,none,0,1244.7,9.49,5.5,-0.00271,0.01164,6.66,3.93,14.28,21.31,0.66,0.097,0.089,0.197,NASA_COOLR_ABSENCE,NASA_GPM_IMERG,NASA_USDA_SMAP,COPERNICUS_GLO_30,val
APDA-V1-NEG-00358,NONE_ABSENCE_CONTROL,2021-07-09,Tripura,West Tripura,23.96652,91.32176,none,none,0,497.0,0.73,346.9,-0.00555,-0.00621,7.82,0.61,7.68,28.53,0.1,0.291,0.267,0.646,NASA_COOLR_ABSENCE,NASA_GPM_IMERG,NASA_USDA_SMAP,COPERNICUS_GLO_30,train
APDA-V1-NEG-00525,NONE_ABSENCE_CONTROL,2023-02-06,Meghalaya,West Garo Hills,25.65016,90.28178,none,none,0,1394.2,12.12,221.2,0.01443,0.00897,6.37,1.48,2.8,39.02,0.25,0.103,0.095,0.229,NASA_COOLR_ABSENCE,NASA_GPM_IMERG,NASA_USDA_SMAP,COPERNICUS_GLO_30,train
APDA-V1-NEG-00053,NONE_ABSENCE_CONTROL,2021-01-30,Meghalaya,West Garo Hills,25.37039,90.1208,none,none,0,1725.0,5.48,294.2,0.00811,0.00499,6.37,0.6,18.29,54.79,0.1,0.094,0.087,0.201,NASA_COOLR_ABSENCE,NASA_GPM_IMERG,NASA_USDA_SMAP,COPERNICUS_GLO_30,test
APDA-V1-POS-00534,COOLR-IN-NER-007-INST-534,2022-04-30,Assam,Dima Hasao,25.18404,93.02427,rotational_slide,torrential_rain,1,1105.6,37.96,29.4,0.00106,0.06886,6.34,61.38,246.8,411.82,12.88,0.366,0.315,0.711,NASA_COOLR,NASA_GPM_IMERG,NASA_USDA_SMAP,COPERNICUS_GLO_30,train
APDA-V1-NEG-00388,NONE_ABSENCE_CONTROL,2021-08-14,Meghalaya,Ri-Bhoi,25.91926,91.76785,none,none,0,735.5,2.47,133.6,0.01029,0.00961,7.41,2.14,9.54,38.04,0.36,0.175,0.161,0.401,NASA_COOLR_ABSENCE,NASA_GPM_IMERG,NASA_USDA_SMAP,COPERNICUS_GLO_30,train
APDA-V1-POS-00604,COOLR-IN-NER-015-INST-604,2020-09-01,Sikkim,West Sikkim,27.28928,88.2414,translational_slide,continuous_rain,1,2388.9,45.54,164.3,-0.02496,0.04076,5.85,104.58,209.51,500.88,29.77,0.414,0.359,0.782,NASA_COOLR,NASA_GPM_IMERG,NASA_USDA_SMAP,COPERNICUS_GLO_30,test
APDA-V1-POS-00466,COOLR-IN-NER-001-INST-466,2023-06-11,Meghalaya,East Khasi Hills,25.53298,91.86667,debris_flow,monsoon_rain,1,1915.9,41.03,167.6,-0.03881,0.0562,5.98,37.88,94.43,168.81,9.22,0.412,0.365,0.752,NASA_COOLR,NASA_GPM_IMERG,NASA_USDA_SMAP,COPERNICUS_GLO_30,train
APDA-V1-NEG-00453,NONE_ABSENCE_CONTROL,2022-10-28,Meghalaya,West Garo Hills,25.57654,90.14619,none,none,0,1865.8,3.26,166.6,-0.0061,0.02689,7.28,4.51,23.84,52.7,0.75,0.087,0.08,0.198,NASA_COOLR_ABSENCE,NASA_GPM_IMERG,NASA_USDA_SMAP,COPERNICUS_GLO_30,val
APDA-V1-NEG-00528,NONE_ABSENCE_CONTROL,2021-06-29,West Bengal,Jalpaiguri,26.39462,88.69045,none,none,0,1293.5,2.03,95.6,-0.0149,0.01897,7.76,1.76,17.11,44.21,0.29,0.14,0.129,0.325,NASA_COOLR_ABSENCE,NASA_GPM_IMERG,NASA_USDA_SMAP,COPERNICUS_GLO_30,train
APDA-V1-NEG-00694,NONE_ABSENCE_CONTROL,2021-06-23,Tripura,West Tripura,23.86541,91.14517,none,none,0,845.5,15.15,225.2,-0.01216,-0.00916,6.19,6.61,28.76,46.06,1.1,0.304,0.28,0.654,NASA_COOLR_ABSENCE,NASA_GPM_IMERG,NASA_USDA_SMAP,COPERNICUS_GLO_30,train
APDA-V1-NEG-00239,NONE_ABSENCE_CONTROL,2021-11-25,Manipur,Imphal East,24.82134,93.88741,none,none,0,1341.0,0.43,156.6,0.01972,-0.00962,8.19,1.4,7.28,23.78,0.23,0.216,0.199,0.493,NASA_COOLR_ABSENCE,NASA_GPM_IMERG,NASA_USDA_SMAP,COPERNICUS_GLO_30,train
APDA-V1-POS-00061,COOLR-IN-NER-030-INST-61,2021-10-16,West Bengal,Darjeeling,27.03807,88.25872,rotational_slide,post_monsoon_deluge,1,2943.9,18.5,165.1,-0.0566,0.04906,6.36,52.34,141.28,368.38,11.41,0.477,0.423,0.84,NASA_COOLR,NASA_GPM_IMERG,NASA_USDA_SMAP,COPERNICUS_GLO_30,train
APDA-V1-NEG-00136,NONE_ABSENCE_CONTROL,2022-11-17,West Bengal,Jalpaiguri,26.63665,88.59259,none,none,0,1366.5,7.66,293.7,-0.00033,0.00259,6.38,0.43,19.26,36.21,0.07,0.23,0.211,0.49,NASA_COOLR_ABSENCE,NASA_GPM_IMERG,NASA_USDA_SMAP,COPERNICUS_GLO_30,train
APDA-V1-POS-00093,COOLR-IN-NER-031-INST-93,2023-10-12,West Bengal,Kalimpong,27.06174,88.47241,debris_flow,teesta_river_erosion,1,2776.4,41.02,327.2,-0.04553,0.0146,6.07,139.58,241.62,304.51,26.56,0.391,0.357,0.805,NASA_COOLR,NASA_GPM_IMERG,NASA_USDA_SMAP,COPERNICUS_GLO_30,train
APDA-V1-POS-00667,COOLR-IN-NER-016-INST-667,2023-06-25,Arunachal Pradesh,West Kameng,27.35558,92.4177,rockfall,cloudburst,1,2131.9,31.92,187.8,-0.05837,0.01607,5.92,44.49,152.61,283.76,14.41,0.439,0.382,0.785,NASA_COOLR,NASA_GPM_IMERG,NASA_USDA_SMAP,COPERNICUS_GLO_30,test
APDA-V1-POS-00706,COOLR-IN-NER-024-INST-706,2022-05-30,Mizoram,Lunglei,22.88072,92.74615,mudslide,monsoon_rain,1,1389.3,41.07,23.8,-0.05272,0.0616,5.4,123.83,309.82,600.33,23.59,0.454,0.414,0.819,NASA_COOLR,NASA_GPM_IMERG,NASA_USDA_SMAP,COPERNICUS_GLO_30,train
APDA-V1-POS-00195,COOLR-IN-NER-009-INST-195,2022-06-06,Assam,Cachar,24.8333,92.80012,mudslide,flooding_rain,1,342.2,38.76,231.9,-0.03114,0.04274,5.77,62.62,269.99,530.25,18.2,0.374,0.323,0.68,NASA_COOLR,NASA_GPM_IMERG,NASA_USDA_SMAP,COPERNICUS_GLO_30,train
APDA-V1-POS-00281,COOLR-IN-NER-002-INST-281,2022-06-09,Meghalaya,East Khasi Hills,25.29678,91.70767,mudslide,downpour,1,1340.5,42.8,153.2,-0.09062,0.07257,6.11,83.96,250.92,505.62,19.6,0.351,0.315,0.721,NASA_COOLR,NASA_GPM_IMERG,NASA_USDA_SMAP,COPERNICUS_GLO_30,val
APDA-V1-POS-00696,COOLR-IN-NER-014-INST-696,2021-09-06,Sikkim,South Sikkim,27.18481,88.35823,rotational_slide,monsoon_rain,1,2596.4,43.21,136.3,-0.03345,0.03342,5.98,185.74,381.22,561.52,27.17,0.497,0.435,0.863,NASA_COOLR,NASA_GPM_IMERG,NASA_USDA_SMAP,COPERNICUS_GLO_30,val
APDA-V1-POS-00360,COOLR-IN-NER-019-INST-360,2020-07-21,Arunachal Pradesh,Lower Subansiri,27.52514,93.82215,debris_flow,monsoon_rain,1,2066.6,46.41,242.8,-0.10425,0.00363,5.72,80.84,127.25,351.97,24.01,0.392,0.339,0.769,NASA_COOLR,NASA_GPM_IMERG,NASA_USDA_SMAP,COPERNICUS_GLO_30,train
APDA-V1-POS-00520,COOLR-IN-NER-024-INST-520,2022-06-13,Mizoram,Lunglei,22.88342,92.74218,mudslide,monsoon_rain,1,390.2,31.87,238.1,-0.06896,-0.01115,6.07,45.73,147.63,452.87,10.86,0.507,0.445,0.87,NASA_COOLR,NASA_GPM_IMERG,NASA_USDA_SMAP,COPERNICUS_GLO_30,train
APDA-V1-NEG-00063,NONE_ABSENCE_CONTROL,2023-10-08,Manipur,Imphal East,24.92058,93.92032,none,none,0,726.4,4.38,301.0,0.01877,-0.00051,7.08,8.61,11.01,26.26,1.44,0.208,0.191,0.438,NASA_COOLR_ABSENCE,NASA_GPM_IMERG,NASA_USDA_SMAP,COPERNICUS_GLO_30,test
APDA-V1-NEG-00018,NONE_ABSENCE_CONTROL,2022-05-17,Assam,Nagaon,26.30886,92.5581,none,none,0,1137.7,0.56,265.5,0.00711,0.00051,7.88,14.91,22.11,56.65,2.48,0.143,0.132,0.338,NASA_COOLR_ABSENCE,NASA_GPM_IMERG,NASA_USDA_SMAP,COPERNICUS_GLO_30,train
APDA-V1-POS-00183,COOLR-IN-NER-028-INST-183,2020-08-30,Nagaland,Phek,25.68229,94.49874,debris_flow,monsoon_rain,1,1178.8,44.08,186.2,-0.04589,0.05794,5.77,81.65,277.13,464.4,14.48,0.389,0.335,0.68,NASA_COOLR,NASA_GPM_IMERG,NASA_USDA_SMAP,COPERNICUS_GLO_30,val
APDA-V1-NEG-00737,NONE_ABSENCE_CONTROL,2021-05-19,Assam,Kamrup Metro,26.08304,91.73141,none,none,0,1308.0,3.88,168.8,0.00115,0.00471,7.18,2.7,13.58,52.47,0.45,0.107,0.099,0.244,NASA_COOLR_ABSENCE,NASA_GPM_IMERG,NASA_USDA_SMAP,COPERNICUS_GLO_30,test
APDA-V1-POS-00111,COOLR-IN-NER-018-INST-111,2022-06-27,Arunachal Pradesh,Papum Pare,27.09667,93.6183,mudslide,continuous_rain,1,1768.1,27.14,178.8,-0.03436,0.00624,6.35,69.53,238.53,311.6,15.39,0.439,0.39,0.811,NASA_COOLR,NASA_GPM_IMERG,NASA_USDA_SMAP,COPERNICUS_GLO_30,val
APDA-V1-POS-00043,COOLR-IN-NER-012-INST-43,2023-10-12,Sikkim,North Sikkim,27.68954,88.57761,complex_glol_debris,glacial_lake_outburst_rain,1,1779.6,34.8,118.1,-0.0798,0.03477,6.01,35.0,135.05,263.22,11.82,0.513,0.493,0.99,NASA_COOLR,NASA_GPM_IMERG,NASA_USDA_SMAP,COPERNICUS_GLO_30,train
APDA-V1-NEG-00257,NONE_ABSENCE_CONTROL,2022-06-25,Assam,Kamrup Metro,26.18405,91.77993,none,none,0,1012.9,12.1,353.7,0.00211,0.00048,4.93,0.34,19.62,36.64,0.06,0.049,0.045,0.099,NASA_COOLR_ABSENCE,NASA_GPM_IMERG,NASA_USDA_SMAP,COPERNICUS_GLO_30,train
APDA-V1-POS-00205,COOLR-IN-NER-019-INST-205,2020-07-13,Arunachal Pradesh,Lower Subansiri,27.5281,93.8188,debris_flow,monsoon_rain,1,1976.1,41.11,293.3,-0.09238,0.03805,6.1,128.74,229.57,447.54,20.86,0.436,0.387,0.871,NASA_COOLR,NASA_GPM_IMERG,NASA_USDA_SMAP,COPERNICUS_GLO_30,train
APDA-V1-NEG-00071,NONE_ABSENCE_CONTROL,2021-11-13,Manipur,Imphal East,24.89708,93.96533,none,none,0,1413.3,4.8,41.7,0.00601,-0.01017,5.97,2.16,21.88,62.39,0.36,0.081,0.075,0.187,NASA_COOLR_ABSENCE,NASA_GPM_IMERG,NASA_USDA_SMAP,COPERNICUS_GLO_30,train
APDA-V1-POS-00053,COOLR-IN-NER-022-INST-53,2020-07-01,Manipur,Tamenglong,24.98521,93.49331,mudslide,monsoon_rain,1,418.0,29.69,175.1,-0.07789,0.02553,6.08,35.77,119.63,347.27,15.24,0.39,0.353,0.8,NASA_COOLR,NASA_GPM_IMERG,NASA_USDA_SMAP,COPERNICUS_GLO_30,test
APDA-V1-POS-00546,COOLR-IN-NER-019-INST-546,2020-07-15,Arunachal Pradesh,Lower Subansiri,27.52575,93.82558,debris_flow,monsoon_rain,1,2236.5,35.34,65.8,-0.03256,0.08315,6.23,121.94,248.11,485.94,19.17,0.34,0.3,0.68,NASA_COOLR,NASA_GPM_IMERG,NASA_USDA_SMAP,COPERNICUS_GLO_30,train
APDA-V1-NEG-00382,NONE_ABSENCE_CONTROL,2023-09-19,Tripura,West Tripura,23.86068,91.27095,none,none,0,585.8,1.76,343.4,0.004,-0.00558,8.05,24.9,27.03,34.66,4.15,0.222,0.204,0.528,NASA_COOLR_ABSENCE,NASA_GPM_IMERG,NASA_USDA_SMAP,COPERNICUS_GLO_30,train
APDA-V1-NEG-00408,NONE_ABSENCE_CONTROL,2022-02-08,West Bengal,Jalpaiguri,26.44148,88.59289,none,none,0,1368.7,5.51,319.4,-0.02086,0.00177,6.41,1.26,20.74,30.74,0.21,0.074,0.068,0.17,NASA_COOLR_ABSENCE,NASA_GPM_IMERG,NASA_USDA_SMAP,COPERNICUS_GLO_30,train
APDA-V1-NEG-00718,NONE_ABSENCE_CONTROL,2021-03-09,Tripura,West Tripura,23.91112,91.22765,none,none,0,293.5,1.83,354.2,-0.01564,0.00941,7.83,1.07,1.6,33.86,0.18,0.241,0.222,0.553,NASA_COOLR_ABSENCE,NASA_GPM_IMERG,NASA_USDA_SMAP,COPERNICUS_GLO_30,test
APDA-V1-NEG-00161,NONE_ABSENCE_CONTROL,2023-10-03,Assam,Kamrup Metro,26.05358,91.79537,none,none,0,1579.2,10.81,201.8,-0.00295,0.01416,6.38,17.4,39.91,61.4,2.9,0.117,0.107,0.252,NASA_COOLR_ABSENCE,NASA_GPM_IMERG,NASA_USDA_SMAP,COPERNICUS_GLO_30,train
APDA-V1-POS-00184,COOLR-IN-NER-029-INST-184,2022-06-06,Tripura,Dhalai,23.8523,91.95279,shallow_slide,heavy_rain,1,718.4,42.27,228.9,-0.0209,0.01925,5.46,76.42,230.91,312.4,17.89,0.401,0.354,0.721,NASA_COOLR,NASA_GPM_IMERG,NASA_USDA_SMAP,COPERNICUS_GLO_30,train
APDA-V1-POS-00138,COOLR-IN-NER-014-INST-138,2021-08-28,Sikkim,South Sikkim,27.19159,88.35751,rotational_slide,monsoon_rain,1,1931.6,39.35,220.1,-0.03123,0.01393,5.74,118.13,222.68,292.86,24.22,0.382,0.337,0.68,NASA_COOLR,NASA_GPM_IMERG,NASA_USDA_SMAP,COPERNICUS_GLO_30,train
APDA-V1-NEG-00400,NONE_ABSENCE_CONTROL,2021-01-04,West Bengal,Jalpaiguri,26.41057,88.84024,none,none,0,1311.5,5.02,104.9,-0.00741,0.00198,6.83,0.02,20.05,35.54,0.0,0.127,0.116,0.293,NASA_COOLR_ABSENCE,NASA_GPM_IMERG,NASA_USDA_SMAP,COPERNICUS_GLO_30,train
APDA-V1-POS-00081,COOLR-IN-NER-019-INST-81,2020-07-10,Arunachal Pradesh,Lower Subansiri,27.52329,93.81943,debris_flow,monsoon_rain,1,1844.1,35.42,185.6,-0.09659,-0.00421,5.76,184.55,235.53,468.5,25.13,0.401,0.356,0.794,NASA_COOLR,NASA_GPM_IMERG,NASA_USDA_SMAP,COPERNICUS_GLO_30,train
APDA-V1-NEG-00463,NONE_ABSENCE_CONTROL,2021-10-17,Manipur,Imphal East,24.67645,93.89249,none,none,0,1096.9,0.09,72.6,-0.0054,0.01731,9.73,7.12,13.24,21.14,1.19,0.176,0.162,0.414,NASA_COOLR_ABSENCE,NASA_GPM_IMERG,NASA_USDA_SMAP,COPERNICUS_GLO_30,train
APDA-V1-POS-00106,COOLR-IN-NER-013-INST-106,2022-07-22,Sikkim,East Sikkim,27.33423,88.61915,rockfall,heavy_rain,1,3419.3,34.89,136.6,0.00092,0.03682,5.82,38.71,119.87,401.27,9.45,0.448,0.405,0.908,NASA_COOLR,NASA_GPM_IMERG,NASA_USDA_SMAP,COPERNICUS_GLO_30,train
APDA-V1-POS-00542,COOLR-IN-NER-015-INST-542,2020-08-04,Sikkim,West Sikkim,27.28861,88.24335,translational_slide,continuous_rain,1,3270.9,39.11,238.0,-0.06978,0.05639,5.15,106.59,297.84,383.41,14.88,0.453,0.41,0.867,NASA_COOLR,NASA_GPM_IMERG,NASA_USDA_SMAP,COPERNICUS_GLO_30,train
APDA-V1-NEG-00564,NONE_ABSENCE_CONTROL,2023-06-26,Meghalaya,Ri-Bhoi,26.04885,91.8287,none,none,0,1119.2,2.55,272.8,0.01308,0.01514,7.62,4.15,6.2,47.88,0.69,0.074,0.068,0.15,NASA_COOLR_ABSENCE,NASA_GPM_IMERG,NASA_USDA_SMAP,COPERNICUS_GLO_30,train
APDA-V1-POS-00481,COOLR-IN-NER-016-INST-481,2023-06-27,Arunachal Pradesh,West Kameng,27.34915,92.41793,rockfall,cloudburst,1,3599.6,40.79,197.5,-0.16463,-0.01667,4.99,73.91,139.18,204.76,16.48,0.434,0.39,0.874,NASA_COOLR,NASA_GPM_IMERG,NASA_USDA_SMAP,COPERNICUS_GLO_30,train
APDA-V1-POS-00166,COOLR-IN-NER-011-INST-166,2021-07-04,Assam,Karbi Anglong,26.00593,93.41762,debris_flow,continuous_rain,1,1755.9,37.71,152.1,-0.05518,0.05657,5.9,50.21,161.86,438.35,10.0,0.354,0.3,0.681,NASA_COOLR,NASA_GPM_IMERG,NASA_USDA_SMAP,COPERNICUS_GLO_30,train
APDA-V1-POS-00249,COOLR-IN-NER-001-INST-249,2023-06-08,Meghalaya,East Khasi Hills,25.5328,91.87298,debris_flow,monsoon_rain,1,603.3,45.22,155.5,-0.02101,0.08053,6.05,109.03,228.11,496.22,21.88,0.394,0.356,0.781,NASA_COOLR,NASA_GPM_IMERG,NASA_USDA_SMAP,COPERNICUS_GLO_30,train
APDA-V1-POS-00308,COOLR-IN-NER-029-INST-308,2022-05-14,Tripura,Dhalai,23.85285,91.95094,shallow_slide,heavy_rain,1,491.6,29.1,290.8,0.00046,0.05153,5.13,101.29,318.08,535.05,26.33,0.442,0.393,0.819,NASA_COOLR,NASA_GPM_IMERG,NASA_USDA_SMAP,COPERNICUS_GLO_30,train
APDA-V1-POS-00447,COOLR-IN-NER-013-INST-447,2022-06-26,Sikkim,East Sikkim,27.32412,88.6161,rockfall,heavy_rain,1,1867.4,42.83,200.7,-0.02283,0.02732,5.94,43.72,89.86,216.05,7.55,0.468,0.43,0.917,NASA_COOLR,NASA_GPM_IMERG,NASA_USDA_SMAP,COPERNICUS_GLO_30,train
APDA-V1-POS-00747,COOLR-IN-NER-003-INST-747,2023-06-25,Meghalaya,Ri-Bhoi,25.75653,91.90993,rockfall,continuous_rain,1,1065.0,32.52,173.3,-0.07193,0.02986,5.75,61.19,139.21,426.82,12.92,0.397,0.36,0.821,NASA_COOLR,NASA_GPM_IMERG,NASA_USDA_SMAP,COPERNICUS_GLO_30,train
APDA-V1-POS-00335,COOLR-IN-NER-025-INST-335,2021-07-24,Mizoram,Champhai,23.47314,93.32376,debris_flow,continuous_rain,1,1027.6,39.54,149.4,-0.08106,0.07745,6.03,118.59,250.63,485.89,25.17,0.493,0.457,0.927,NASA_COOLR,NASA_GPM_IMERG,NASA_USDA_SMAP,COPERNICUS_GLO_30,train
APDA-V1-POS-00098,COOLR-IN-NER-005-INST-98,2020-10-05,Meghalaya,East Garo Hills,25.60394,90.58818,debris_flow,tropical_cyclone,1,1846.5,31.41,333.8,-0.05313,0.00597,5.6,126.79,214.48,506.02,32.22,0.525,0.484,0.951,NASA_COOLR,NASA_GPM_IMERG,NASA_USDA_SMAP,COPERNICUS_GLO_30,train
APDA-V1-NEG-00010,NONE_ABSENCE_CONTROL,2021-05-10,Assam,Nagaon,26.34975,92.67196,none,none,0,1929.5,16.0,222.2,0.02221,-0.00166,5.22,6.1,20.54,40.58,1.02,0.244,0.224,0.489,NASA_COOLR_ABSENCE,NASA_GPM_IMERG,NASA_USDA_SMAP,COPERNICUS_GLO_30,train
APDA-V1-POS-00738,COOLR-IN-NER-025-INST-738,2021-07-22,Mizoram,Champhai,23.47268,93.33115,debris_flow,continuous_rain,1,413.1,27.62,187.9,-0.08771,0.09184,6.54,157.07,342.17,640.26,22.96,0.35,0.315,0.68,NASA_COOLR,NASA_GPM_IMERG,NASA_USDA_SMAP,COPERNICUS_GLO_30,test
APDA-V1-NEG-00087,NONE_ABSENCE_CONTROL,2021-03-10,Manipur,Imphal East,24.67831,93.91168,none,none,0,1430.7,7.04,97.0,-0.01014,0.00019,5.21,0.29,11.46,31.94,0.05,0.127,0.116,0.297,NASA_COOLR_ABSENCE,NASA_GPM_IMERG,NASA_USDA_SMAP,COPERNICUS_GLO_30,train
APDA-V1-NEG-00193,NONE_ABSENCE_CONTROL,2021-12-22,Assam,Kamrup Metro,26.02782,91.76755,none,none,0,1580.9,3.45,338.9,0.02147,0.02028,6.89,6.41,23.96,32.78,1.07,0.122,0.112,0.244,NASA_COOLR_ABSENCE,NASA_GPM_IMERG,NASA_USDA_SMAP,COPERNICUS_GLO_30,train
APDA-V1-POS-00103,COOLR-IN-NER-010-INST-103,2023-08-02,Assam,Kamrup Metropolitan,26.17054,91.76187,shallow_slide,urban_downpour,1,1381.3,35.02,184.7,-0.00562,0.04912,6.1,35.0,194.73,247.16,8.37,0.508,0.471,0.956,NASA_COOLR,NASA_GPM_IMERG,NASA_USDA_SMAP,COPERNICUS_GLO_30,train
APDA-V1-POS-00435,COOLR-IN-NER-001-INST-435,2023-06-22,Meghalaya,East Khasi Hills,25.53617,91.87079,debris_flow,monsoon_rain,1,1541.7,37.74,230.6,-0.0692,0.06153,5.65,102.11,221.39,327.6,24.96,0.369,0.333,0.718,NASA_COOLR,NASA_GPM_IMERG,NASA_USDA_SMAP,COPERNICUS_GLO_30,train
APDA-V1-POS-00075,COOLR-IN-NER-013-INST-75,2022-07-20,Sikkim,East Sikkim,27.33397,88.61305,rockfall,heavy_rain,1,2137.1,42.12,191.0,-0.02777,0.01566,5.59,74.2,168.38,375.5,18.93,0.459,0.425,0.956,NASA_COOLR,NASA_GPM_IMERG,NASA_USDA_SMAP,COPERNICUS_GLO_30,train
APDA-V1-NEG-00591,NONE_ABSENCE_CONTROL,2021-07-04,Manipur,Imphal East,24.68478,94.05452,none,none,0,1246.5,2.57,256.9,0.00968,-0.00906,7.78,6.12,9.67,37.95,1.02,0.247,0.227,0.5,NASA_COOLR_ABSENCE,NASA_GPM_IMERG,NASA_USDA_SMAP,COPERNICUS_GLO_30,val
APDA-V1-NEG-00375,NONE_ABSENCE_CONTROL,2022-07-18,Manipur,Imphal East,24.83535,93.97292,none,none,0,480.9,1.96,239.6,0.00917,-0.00337,8.17,5.43,21.98,40.92,0.9,0.147,0.135,0.326,NASA_COOLR_ABSENCE,NASA_GPM_IMERG,NASA_USDA_SMAP,COPERNICUS_GLO_30,val
APDA-V1-NEG-00610,NONE_ABSENCE_CONTROL,2023-08-04,Assam,Nagaon,26.27553,92.53253,none,none,0,715.4,0.19,310.1,-0.00828,-0.00083,8.73,1.67,16.42,60.39,0.28,0.197,0.181,0.442,NASA_COOLR_ABSENCE,NASA_GPM_IMERG,NASA_USDA_SMAP,COPERNICUS_GLO_30,train
APDA-V1-POS-00303,COOLR-IN-NER-024-INST-303,2022-06-07,Mizoram,Lunglei,22.89007,92.74411,mudslide,monsoon_rain,1,1243.6,40.08,209.1,0.01036,0.09331,4.96,47.52,223.8,407.61,13.0,0.456,0.403,0.906,NASA_COOLR,NASA_GPM_IMERG,NASA_USDA_SMAP,COPERNICUS_GLO_30,train
APDA-V1-NEG-00513,NONE_ABSENCE_CONTROL,2021-04-03,Assam,Kamrup Metro,26.04349,91.68631,none,none,0,1060.9,16.0,118.4,-0.00613,0.00698,4.79,0.64,17.07,45.49,0.11,0.21,0.193,0.465,NASA_COOLR_ABSENCE,NASA_GPM_IMERG,NASA_USDA_SMAP,COPERNICUS_GLO_30,train
APDA-V1-NEG-00474,NONE_ABSENCE_CONTROL,2022-11-22,Assam,Nagaon,26.34333,92.59004,none,none,0,1186.7,3.82,5.5,0.01937,-0.01945,6.01,0.1,10.83,44.39,0.02,0.101,0.093,0.225,NASA_COOLR_ABSENCE,NASA_GPM_IMERG,NASA_USDA_SMAP,COPERNICUS_GLO_30,train
APDA-V1-POS-00734,COOLR-IN-NER-021-INST-734,2021-08-03,Manipur,Senapati,25.26336,94.02135,translational_slide,monsoon_rain,1,1282.3,31.42,171.2,-0.05381,0.05836,5.66,83.45,294.68,476.8,20.06,0.356,0.322,0.68,NASA_COOLR,NASA_GPM_IMERG,NASA_USDA_SMAP,COPERNICUS_GLO_30,train
APDA-V1-POS-00389,COOLR-IN-NER-017-INST-389,2021-05-14,Arunachal Pradesh,Tawang,27.5878,91.8599,debris_avalanche,rain_snowmelt,1,2251.6,37.57,153.7,-0.03057,0.05661,6.19,113.3,267.3,513.0,19.09,0.477,0.421,0.882,NASA_COOLR,NASA_GPM_IMERG,NASA_USDA_SMAP,COPERNICUS_GLO_30,train
APDA-V1-POS-00236,COOLR-IN-NER-019-INST-236,2020-07-17,Arunachal Pradesh,Lower Subansiri,27.52243,93.82055,debris_flow,monsoon_rain,1,3189.5,21.02,148.3,-0.01476,0.04601,7.04,69.39,272.69,435.79,11.53,0.393,0.339,0.68,NASA_COOLR,NASA_GPM_IMERG,NASA_USDA_SMAP,COPERNICUS_GLO_30,train
APDA-V1-NEG-00496,NONE_ABSENCE_CONTROL,2023-12-21,West Bengal,Jalpaiguri,26.50688,88.74232,none,none,0,1203.1,11.96,144.6,-0.01295,0.00675,6.06,3.06,11.82,15.47,0.51,0.278,0.256,0.625,NASA_COOLR_ABSENCE,NASA_GPM_IMERG,NASA_USDA_SMAP,COPERNICUS_GLO_30,test
APDA-V1-POS-00268,COOLR-IN-NER-020-INST-268,2022-07-11,Manipur,Noney,24.78698,93.68018,massive_debris_slide,unprecedented_continuous_rain,1,542.7,32.62,157.6,-0.01604,0.09211,6.05,73.13,236.56,448.48,20.5,0.387,0.346,0.721,NASA_COOLR,NASA_GPM_IMERG,NASA_USDA_SMAP,COPERNICUS_GLO_30,train
APDA-V1-POS-00306,COOLR-IN-NER-027-INST-306,2022-08-13,Nagaland,Mokokchung,26.32728,94.52301,mudslide,monsoon_rain,1,1196.2,37.56,170.2,-0.04144,0.06091,5.41,54.74,195.73,437.83,15.71,0.422,0.377,0.861,NASA_COOLR,NASA_GPM_IMERG,NASA_USDA_SMAP,COPERNICUS_GLO_30,train
APDA-V1-POS-00118,COOLR-IN-NER-025-INST-118,2021-07-31,Mizoram,Champhai,23.47105,93.33102,debris_flow,continuous_rain,1,1390.7,40.02,215.8,-0.09548,0.02719,4.64,91.85,269.26,577.27,16.33,0.414,0.362,0.722,NASA_COOLR,NASA_GPM_IMERG,NASA_USDA_SMAP,COPERNICUS_GLO_30,val
APDA-V1-NEG-00462,NONE_ABSENCE_CONTROL,2022-06-29,Tripura,West Tripura,23.97781,91.26224,none,none,0,616.4,7.41,63.2,0.01048,-0.02406,6.85,26.18,42.37,49.2,4.36,0.064,0.059,0.14,NASA_COOLR_ABSENCE,NASA_GPM_IMERG,NASA_USDA_SMAP,COPERNICUS_GLO_30,train
APDA-V1-POS-00674,COOLR-IN-NER-023-INST-674,2024-06-06,Mizoram,Aizawl,23.72992,92.71647,stone_quarry_collapse,cyclone_remal_deluge,1,679.5,32.66,221.8,-0.07392,0.05371,6.03,74.97,143.38,448.86,12.89,0.383,0.341,0.68,NASA_COOLR,NASA_GPM_IMERG,NASA_USDA_SMAP,COPERNICUS_GLO_30,train
APDA-V1-POS-00250,COOLR-IN-NER-002-INST-250,2022-06-30,Meghalaya,East Khasi Hills,25.30649,91.71097,mudslide,downpour,1,909.0,33.66,237.8,-0.03445,0.02405,6.48,78.56,266.22,432.45,21.19,0.471,0.434,0.949,NASA_COOLR,NASA_GPM_IMERG,NASA_USDA_SMAP,COPERNICUS_GLO_30,train
APDA-V1-NEG-00344,NONE_ABSENCE_CONTROL,2021-11-27,West Bengal,Jalpaiguri,26.4884,88.81961,none,none,0,1699.3,12.61,303.9,-0.00294,0.00592,5.65,1.67,6.27,14.43,0.28,0.288,0.265,0.635,NASA_COOLR_ABSENCE,NASA_GPM_IMERG,NASA_USDA_SMAP,COPERNICUS_GLO_30,test
APDA-V1-NEG-00330,NONE_ABSENCE_CONTROL,2022-06-30,Assam,Nagaon,26.32641,92.6272,none,none,0,959.5,0.9,281.5,3e-05,0.00261,8.81,25.03,25.21,52.31,4.17,0.054,0.05,0.124,NASA_COOLR_ABSENCE,NASA_GPM_IMERG,NASA_USDA_SMAP,COPERNICUS_GLO_30,train
APDA-V1-POS-00072,COOLR-IN-NER-010-INST-72,2023-07-24,Assam,Kamrup Metropolitan,26.16719,91.76132,shallow_slide,urban_downpour,1,1363.3,47.54,232.6,-0.03088,0.00955,4.93,107.41,244.68,352.89,16.53,0.396,0.358,0.722,NASA_COOLR,NASA_GPM_IMERG,NASA_USDA_SMAP,COPERNICUS_GLO_30,train
APDA-V1-POS-00095,COOLR-IN-NER-002-INST-95,2022-06-05,Meghalaya,East Khasi Hills,25.30238,91.7095,mudslide,downpour,1,721.8,45.36,139.9,-0.0402,0.09429,5.63,88.56,280.87,341.93,23.2,0.433,0.394,0.797,NASA_COOLR,NASA_GPM_IMERG,NASA_USDA_SMAP,COPERNICUS_GLO_30,train
APDA-V1-NEG-00098,NONE_ABSENCE_CONTROL,2022-05-24,Assam,Nagaon,26.49406,92.65152,none,none,0,753.3,16.0,37.9,-0.00067,0.00031,6.08,11.42,33.69,50.32,1.9,0.335,0.308,0.698,NASA_COOLR_ABSENCE,NASA_GPM_IMERG,NASA_USDA_SMAP,COPERNICUS_GLO_30,train
APDA-V1-POS-00034,COOLR-IN-NER-003-INST-34,2023-06-29,Meghalaya,Ri-Bhoi,25.75285,91.91093,rockfall,continuous_rain,1,1797.7,36.18,228.9,-0.03999,0.06843,5.91,117.55,325.2,568.73,20.32,0.443,0.391,0.806,NASA_COOLR,NASA_GPM_IMERG,NASA_USDA_SMAP,COPERNICUS_GLO_30,train
APDA-V1-NEG-00351,NONE_ABSENCE_CONTROL,2023-04-10,Manipur,Imphal East,24.82897,93.93224,none,none,0,970.3,4.32,77.9,-0.00022,0.00401,6.96,2.09,13.72,36.61,0.35,0.21,0.193,0.451,NASA_COOLR_ABSENCE,NASA_GPM_IMERG,NASA_USDA_SMAP,COPERNICUS_GLO_30,train
APDA-V1-POS-00449,COOLR-IN-NER-015-INST-449,2020-08-21,Sikkim,West Sikkim,27.2819,88.24292,translational_slide,continuous_rain,1,3498.7,27.51,177.4,0.00015,0.00872,6.64,119.73,220.01,450.39,25.23,0.364,0.333,0.68,NASA_COOLR,NASA_GPM_IMERG,NASA_USDA_SMAP,COPERNICUS_GLO_30,train
APDA-V1-POS-00446,COOLR-IN-NER-012-INST-446,2023-09-29,Sikkim,North Sikkim,27.69384,88.58197,complex_glol_debris,glacial_lake_outburst_rain,1,2438.2,46.3,169.2,-0.00903,0.05742,5.85,102.2,152.9,248.28,12.79,0.348,0.313,0.68,NASA_COOLR,NASA_GPM_IMERG,NASA_USDA_SMAP,COPERNICUS_GLO_30,train
APDA-V1-NEG-00022,NONE_ABSENCE_CONTROL,2022-02-19,Tripura,West Tripura,23.89522,91.25226,none,none,0,570.8,0.41,133.8,0.01847,-0.00361,8.01,0.91,17.9,62.74,0.15,0.067,0.061,0.158,NASA_COOLR_ABSENCE,NASA_GPM_IMERG,NASA_USDA_SMAP,COPERNICUS_GLO_30,val
APDA-V1-POS-00717,COOLR-IN-NER-004-INST-717,2021-08-23,Meghalaya,West Jaintia Hills,25.44007,92.19653,translational_slide,monsoon_rain,1,1712.3,47.94,143.4,-0.01835,0.00341,4.74,57.48,239.28,350.19,13.33,0.424,0.367,0.746,NASA_COOLR,NASA_GPM_IMERG,NASA_USDA_SMAP,COPERNICUS_GLO_30,train
APDA-V1-NEG-00137,NONE_ABSENCE_CONTROL,2022-03-04,Assam,Kamrup Metro,26.1765,91.57193,none,none,0,1701.7,0.95,45.4,-0.00431,0.01162,7.13,0.77,18.76,38.07,0.13,0.22,0.203,0.464,NASA_COOLR_ABSENCE,NASA_GPM_IMERG,NASA_USDA_SMAP,COPERNICUS_GLO_30,test
APDA-V1-NEG-00495,NONE_ABSENCE_CONTROL,2023-12-31,Manipur,Imphal East,24.88858,93.94513,none,none,0,526.5,13.96,82.8,-0.01838,-0.00376,4.81,5.01,27.87,37.78,0.84,0.175,0.161,0.389,NASA_COOLR_ABSENCE,NASA_GPM_IMERG,NASA_USDA_SMAP,COPERNICUS_GLO_30,train
APDA-V1-NEG-00151,NONE_ABSENCE_CONTROL,2022-10-05,Manipur,Imphal East,24.7478,93.83839,none,none,0,910.9,7.38,131.2,0.01293,-0.01621,6.92,14.05,19.35,36.32,2.34,0.195,0.179,0.418,NASA_COOLR_ABSENCE,NASA_GPM_IMERG,NASA_USDA_SMAP,COPERNICUS_GLO_30,train
APDA-V1-NEG-00286,NONE_ABSENCE_CONTROL,2023-05-23,Tripura,West Tripura,23.95413,91.28249,none,none,0,1351.9,0.6,192.2,-0.00811,0.01751,9.03,4.69,19.99,26.95,0.78,0.146,0.134,0.315,NASA_COOLR_ABSENCE,NASA_GPM_IMERG,NASA_USDA_SMAP,COPERNICUS_GLO_30,val
APDA-V1-POS-00078,COOLR-IN-NER-016-INST-78,2023-07-09,Arunachal Pradesh,West Kameng,27.35283,92.42425,rockfall,cloudburst,1,1701.1,47.28,220.3,-0.06118,0.04738,5.47,48.93,117.73,316.82,15.11,0.42,0.375,0.819,NASA_COOLR,NASA_GPM_IMERG,NASA_USDA_SMAP,COPERNICUS_GLO_30,test
APDA-V1-POS-00085,COOLR-IN-NER-023-INST-85,2024-05-26,Mizoram,Aizawl,23.73636,92.71568,stone_quarry_collapse,cyclone_remal_deluge,1,503.0,46.18,186.7,-0.05852,-0.00275,4.54,192.74,339.01,468.68,32.6,0.363,0.329,0.73,NASA_COOLR,NASA_GPM_IMERG,NASA_USDA_SMAP,COPERNICUS_GLO_30,train
APDA-V1-NEG-00085,NONE_ABSENCE_CONTROL,2021-03-03,Meghalaya,West Garo Hills,25.43754,90.19083,none,none,0,1651.6,1.99,276.7,0.01196,0.004,7.96,0.65,24.34,60.52,0.11,0.234,0.215,0.522,NASA_COOLR_ABSENCE,NASA_GPM_IMERG,NASA_USDA_SMAP,COPERNICUS_GLO_30,test
APDA-V1-POS-00083,COOLR-IN-NER-021-INST-83,2021-08-18,Manipur,Senapati,25.26475,94.02125,translational_slide,monsoon_rain,1,1262.8,23.58,181.3,-0.03303,0.03589,6.64,211.11,264.37,526.33,28.56,0.397,0.354,0.789,NASA_COOLR,NASA_GPM_IMERG,NASA_USDA_SMAP,COPERNICUS_GLO_30,train
APDA-V1-POS-00458,COOLR-IN-NER-024-INST-458,2022-06-25,Mizoram,Lunglei,22.88591,92.74439,mudslide,monsoon_rain,1,1231.2,26.6,212.6,-0.02782,0.02747,6.77,116.42,252.58,450.82,16.79,0.479,0.44,0.873,NASA_COOLR,NASA_GPM_IMERG,NASA_USDA_SMAP,COPERNICUS_GLO_30,train
APDA-V1-NEG-00169,NONE_ABSENCE_CONTROL,2022-11-05,Assam,Kamrup Metro,26.17545,91.75501,none,none,0,1624.5,7.37,264.7,0.00243,-0.00076,6.08,1.38,6.87,16.43,0.23,0.169,0.156,0.341,NASA_COOLR_ABSENCE,NASA_GPM_IMERG,NASA_USDA_SMAP,COPERNICUS_GLO_30,test
APDA-V1-POS-00677,COOLR-IN-NER-026-INST-677,2023-07-05,Nagaland,Kohima,25.67685,94.10909,translational_slide,continuous_rain,1,959.4,33.33,209.3,-0.02758,0.01531,5.93,88.52,290.43,383.27,16.56,0.366,0.323,0.728,NASA_COOLR,NASA_GPM_IMERG,NASA_USDA_SMAP,COPERNICUS_GLO_30,train
APDA-V1-NEG-00235,NONE_ABSENCE_CONTROL,2023-06-22,Assam,Dibrugarh,27.50407,95.04854,none,none,0,2765.3,12.08,242.1,0.0024,0.02331,6.18,4.09,22.47,33.44,0.68,0.153,0.14,0.352,NASA_COOLR_ABSENCE,NASA_GPM_IMERG,NASA_USDA_SMAP,COPERNICUS_GLO_30,val
APDA-V1-NEG-00490,NONE_ABSENCE_CONTROL,2021-03-09,Assam,Nagaon,26.29332,92.72141,none,none,0,823.5,1.34,127.4,0.0043,0.0083,7.68,1.87,14.35,51.28,0.31,0.059,0.054,0.132,NASA_COOLR_ABSENCE,NASA_GPM_IMERG,NASA_USDA_SMAP,COPERNICUS_GLO_30,train
APDA-V1-POS-00437,COOLR-IN-NER-003-INST-437,2023-06-23,Meghalaya,Ri-Bhoi,25.75684,91.90663,rockfall,continuous_rain,1,1199.3,37.64,203.0,-0.02425,0.03519,6.18,68.58,221.4,318.13,17.64,0.442,0.395,0.854,NASA_COOLR,NASA_GPM_IMERG,NASA_USDA_SMAP,COPERNICUS_GLO_30,val
APDA-V1-NEG-00021,NONE_ABSENCE_CONTROL,2022-08-17,Meghalaya,West Garo Hills,25.57775,90.24229,none,none,0,1243.5,14.85,86.1,0.00111,-0.01385,6.18,2.69,25.88,42.35,0.45,0.168,0.155,0.372,NASA_COOLR_ABSENCE,NASA_GPM_IMERG,NASA_USDA_SMAP,COPERNICUS_GLO_30,train
APDA-V1-POS-00645,COOLR-IN-NER-025-INST-645,2021-08-07,Mizoram,Champhai,23.47551,93.32611,debris_flow,continuous_rain,1,668.1,48.61,184.0,-0.06364,0.01875,5.92,154.6,330.19,551.02,19.88,0.46,0.415,0.812,NASA_COOLR,NASA_GPM_IMERG,NASA_USDA_SMAP,COPERNICUS_GLO_30,train
APDA-V1-NEG-00370,NONE_ABSENCE_CONTROL,2021-06-05,Assam,Nagaon,26.40535,92.74608,none,none,0,822.5,0.68,188.7,-0.01104,0.01158,9.24,1.82,2.08,9.09,0.3,0.193,0.178,0.388,NASA_COOLR_ABSENCE,NASA_GPM_IMERG,NASA_USDA_SMAP,COPERNICUS_GLO_30,train
APDA-V1-NEG-00156,NONE_ABSENCE_CONTROL,2021-07-15,Meghalaya,Ri-Bhoi,25.97612,91.79213,none,none,0,1941.6,16.0,51.5,-0.00095,-0.00094,6.0,4.71,8.46,20.86,0.78,0.274,0.252,0.561,NASA_COOLR_ABSENCE,NASA_GPM_IMERG,NASA_USDA_SMAP,COPERNICUS_GLO_30,train
APDA-V1-NEG-00444,NONE_ABSENCE_CONTROL,2022-07-22,Meghalaya,Ri-Bhoi,26.00566,91.70985,none,none,0,1687.3,0.46,139.4,-0.00372,-0.00109,9.52,16.33,25.24,36.15,2.72,0.058,0.054,0.125,NASA_COOLR_ABSENCE,NASA_GPM_IMERG,NASA_USDA_SMAP,COPERNICUS_GLO_30,train
APDA-V1-POS-00405,COOLR-IN-NER-002-INST-405,2022-06-30,Meghalaya,East Khasi Hills,25.30154,91.71207,mudslide,downpour,1,882.4,46.15,195.6,-0.05042,0.00935,5.21,88.31,244.26,493.74,14.9,0.395,0.341,0.68,NASA_COOLR,NASA_GPM_IMERG,NASA_USDA_SMAP,COPERNICUS_GLO_30,train
APDA-V1-NEG-00554,NONE_ABSENCE_CONTROL,2023-06-11,Assam,Nagaon,26.24684,92.66399,none,none,0,1748.9,1.1,339.2,0.00651,-0.01227,8.25,4.0,7.18,52.18,0.67,0.202,0.186,0.466,NASA_COOLR_ABSENCE,NASA_GPM_IMERG,NASA_USDA_SMAP,COPERNICUS_GLO_30,train
APDA-V1-NEG-00184,NONE_ABSENCE_CONTROL,2022-12-12,West Bengal,Jalpaiguri,26.50401,88.63292,none,none,0,758.3,11.4,281.4,0.01396,0.00767,6.46,7.2,9.86,42.64,1.2,0.377,0.347,0.782,NASA_COOLR_ABSENCE,NASA_GPM_IMERG,NASA_USDA_SMAP,COPERNICUS_GLO_30,train
APDA-V1-NEG-00736,NONE_ABSENCE_CONTROL,2023-09-01,West Bengal,Jalpaiguri,26.47382,88.61802,none,none,0,1491.0,0.18,4.5,-0.00388,0.0025,9.61,2.95,3.7,27.95,0.49,0.305,0.281,0.689,NASA_COOLR_ABSENCE,NASA_GPM_IMERG,NASA_USDA_SMAP,COPERNICUS_GLO_30,train
APDA-V1-POS-00105,COOLR-IN-NER-012-INST-105,2023-10-10,Sikkim,North Sikkim,27.68993,88.58768,complex_glol_debris,glacial_lake_outburst_rain,1,3408.7,29.89,66.8,-0.10131,0.05685,6.28,45.09,194.1,491.03,14.15,0.436,0.388,0.821,NASA_COOLR,NASA_GPM_IMERG,NASA_USDA_SMAP,COPERNICUS_GLO_30,val
APDA-V1-POS-00610,COOLR-IN-NER-021-INST-610,2021-08-17,Manipur,Senapati,25.26816,94.0202,translational_slide,monsoon_rain,1,1634.3,30.71,166.2,-0.02701,0.0281,5.5,126.38,241.75,370.77,30.51,0.415,0.361,0.824,NASA_COOLR,NASA_GPM_IMERG,NASA_USDA_SMAP,COPERNICUS_GLO_30,val
APDA-V1-NEG-00706,NONE_ABSENCE_CONTROL,2021-11-07,Assam,Nagaon,26.31416,92.71029,none,none,0,1261.3,2.23,309.8,0.00652,0.01448,7.57,3.65,12.42,20.05,0.61,0.108,0.1,0.226,NASA_COOLR_ABSENCE,NASA_GPM_IMERG,NASA_USDA_SMAP,COPERNICUS_GLO_30,val
APDA-V1-POS-00689,COOLR-IN-NER-007-INST-689,2022-04-30,Assam,Dima Hasao,25.18609,93.02189,rotational_slide,torrential_rain,1,817.0,38.16,240.1,-0.08176,0.05447,5.88,38.6,169.59,381.09,16.12,0.329,0.299,0.68,NASA_COOLR,NASA_GPM_IMERG,NASA_USDA_SMAP,COPERNICUS_GLO_30,train
APDA-V1-NEG-00199,NONE_ABSENCE_CONTROL,2022-06-03,Manipur,Imphal East,24.93021,93.97683,none,none,0,1206.0,1.99,243.0,0.0037,-0.00301,8.06,2.15,19.28,35.56,0.36,0.214,0.197,0.434,NASA_COOLR_ABSENCE,NASA_GPM_IMERG,NASA_USDA_SMAP,COPERNICUS_GLO_30,test
APDA-V1-NEG-00182,NONE_ABSENCE_CONTROL,2021-03-04,Tripura,West Tripura,23.92974,91.17158,none,none,0,267.8,3.3,40.2,0.00204,-0.00396,6.52,1.73,23.11,35.2,0.29,0.086,0.079,0.18,NASA_COOLR_ABSENCE,NASA_GPM_IMERG,NASA_USDA_SMAP,COPERNICUS_GLO_30,train
APDA-V1-POS-00063,COOLR-IN-NER-001-INST-63,2023-06-07,Meghalaya,East Khasi Hills,25.53821,91.86885,debris_flow,monsoon_rain,1,1239.8,33.28,182.6,-0.02812,0.01151,6.4,76.21,275.28,496.25,18.2,0.385,0.354,0.794,NASA_COOLR,NASA_GPM_IMERG,NASA_USDA_SMAP,COPERNICUS_GLO_30,train
APDA-V1-POS-00282,COOLR-IN-NER-003-INST-282,2023-07-01,Meghalaya,Ri-Bhoi,25.75076,91.90421,rockfall,continuous_rain,1,1272.4,32.21,156.5,-0.00637,0.03545,6.12,163.87,309.05,530.93,22.0,0.463,0.41,0.911,NASA_COOLR,NASA_GPM_IMERG,NASA_USDA_SMAP,COPERNICUS_GLO_30,train
APDA-V1-NEG-00029,NONE_ABSENCE_CONTROL,2023-02-16,Meghalaya,West Garo Hills,25.55366,90.27223,none,none,0,1469.5,1.32,36.0,-0.0087,0.00609,7.61,0.25,12.32,22.46,0.04,0.016,0.015,0.033,NASA_COOLR_ABSENCE,NASA_GPM_IMERG,NASA_USDA_SMAP,COPERNICUS_GLO_30,train
APDA-V1-NEG-00644,NONE_ABSENCE_CONTROL,2023-03-11,Meghalaya,Ri-Bhoi,25.99324,91.8331,none,none,0,1567.6,6.79,125.7,-0.00345,0.01025,7.01,0.45,24.28,32.77,0.08,0.106,0.097,0.232,NASA_COOLR_ABSENCE,NASA_GPM_IMERG,NASA_USDA_SMAP,COPERNICUS_GLO_30,train
APDA-V1-POS-00239,COOLR-IN-NER-022-INST-239,2020-06-26,Manipur,Tamenglong,24.98251,93.49576,mudslide,monsoon_rain,1,1027.3,39.97,197.3,-0.04514,0.06487,5.15,78.16,144.12,211.12,16.24,0.454,0.404,0.814,NASA_COOLR,NASA_GPM_IMERG,NASA_USDA_SMAP,COPERNICUS_GLO_30,train
APDA-V1-POS-00224,COOLR-IN-NER-007-INST-224,2022-05-20,Assam,Dima Hasao,25.1822,93.02654,rotational_slide,torrential_rain,1,1791.0,38.34,190.5,0.0317,0.05314,4.67,108.09,206.79,472.66,16.58,0.427,0.379,0.838,NASA_COOLR,NASA_GPM_IMERG,NASA_USDA_SMAP,COPERNICUS_GLO_30,test
APDA-V1-POS-00146,COOLR-IN-NER-022-INST-146,2020-07-20,Manipur,Tamenglong,24.9883,93.49598,mudslide,monsoon_rain,1,831.3,32.16,237.1,-0.10105,0.06081,5.6,57.66,123.33,415.33,16.11,0.404,0.367,0.773,NASA_COOLR,NASA_GPM_IMERG,NASA_USDA_SMAP,COPERNICUS_GLO_30,train
APDA-V1-NEG-00649,NONE_ABSENCE_CONTROL,2022-11-17,Assam,Kamrup Metro,26.19809,91.69059,none,none,0,1703.8,7.2,252.8,-0.00653,0.01566,6.18,1.77,10.6,26.38,0.29,0.205,0.188,0.414,NASA_COOLR_ABSENCE,NASA_GPM_IMERG,NASA_USDA_SMAP,COPERNICUS_GLO_30,train
APDA-V1-POS-00374,COOLR-IN-NER-002-INST-374,2022-06-26,Meghalaya,East Khasi Hills,25.29853,91.71505,mudslide,downpour,1,1076.7,37.53,177.7,-0.08898,0.04202,4.85,101.76,240.3,331.75,17.48,0.445,0.405,0.921,NASA_COOLR,NASA_GPM_IMERG,NASA_USDA_SMAP,COPERNICUS_GLO_30,test
APDA-V1-NEG-00479,NONE_ABSENCE_CONTROL,2021-03-28,Manipur,Imphal East,24.73223,94.04613,none,none,0,651.5,11.71,325.5,-0.00248,-0.00917,4.84,3.21,11.41,22.48,0.54,0.229,0.211,0.472,NASA_COOLR_ABSENCE,NASA_GPM_IMERG,NASA_USDA_SMAP,COPERNICUS_GLO_30,train
APDA-V1-POS-00119,COOLR-IN-NER-026-INST-119,2023-07-04,Nagaland,Kohima,25.67517,94.11032,translational_slide,continuous_rain,1,1258.8,26.82,238.6,-0.05686,-0.02526,6.08,134.92,223.5,409.57,30.49,0.377,0.349,0.68,NASA_COOLR,NASA_GPM_IMERG,NASA_USDA_SMAP,COPERNICUS_GLO_30,train
APDA-V1-NEG-00417,NONE_ABSENCE_CONTROL,2021-11-29,Assam,Kamrup Metro,26.10011,91.75194,none,none,0,1522.6,6.36,57.2,0.00388,0.00679,6.35,0.53,11.74,27.1,0.09,0.162,0.149,0.362,NASA_COOLR_ABSENCE,NASA_GPM_IMERG,NASA_USDA_SMAP,COPERNICUS_GLO_30,test
APDA-V1-POS-00251,COOLR-IN-NER-003-INST-251,2023-07-07,Meghalaya,Ri-Bhoi,25.75454,91.9045,rockfall,continuous_rain,1,1766.8,31.56,191.9,-0.00699,0.05346,5.32,35.0,231.99,407.55,8.4,0.359,0.327,0.702,NASA_COOLR,NASA_GPM_IMERG,NASA_USDA_SMAP,COPERNICUS_GLO_30,test
APDA-V1-NEG-00695,NONE_ABSENCE_CONTROL,2022-11-18,Manipur,Imphal East,24.81513,94.02605,none,none,0,314.1,2.57,72.4,-0.00019,0.00098,7.7,4.79,15.29,59.47,0.8,0.223,0.205,0.486,NASA_COOLR_ABSENCE,NASA_GPM_IMERG,NASA_USDA_SMAP,COPERNICUS_GLO_30,train
APDA-V1-NEG-00273,NONE_ABSENCE_CONTROL,2021-08-04,Assam,Kamrup Metro,26.21606,91.63628,none,none,0,1796.4,2.23,297.3,0.00309,-0.01394,7.71,1.7,3.65,43.87,0.28,0.052,0.048,0.11,NASA_COOLR_ABSENCE,NASA_GPM_IMERG,NASA_USDA_SMAP,COPERNICUS_GLO_30,train
APDA-V1-POS-00010,COOLR-IN-NER-010-INST-10,2023-07-22,Assam,Kamrup Metropolitan,26.17311,91.75823,shallow_slide,urban_downpour,1,879.6,32.51,162.6,-0.03367,0.04242,6.49,125.57,245.39,423.56,21.24,0.494,0.447,0.933,NASA_COOLR,NASA_GPM_IMERG,NASA_USDA_SMAP,COPERNICUS_GLO_30,train
APDA-V1-POS-00450,COOLR-IN-NER-016-INST-450,2023-06-12,Arunachal Pradesh,West Kameng,27.35112,92.41538,rockfall,cloudburst,1,3107.3,36.71,215.0,-0.00406,0.01557,6.07,64.84,189.08,373.19,13.98,0.338,0.306,0.68,NASA_COOLR,NASA_GPM_IMERG,NASA_USDA_SMAP,COPERNICUS_GLO_30,train
APDA-V1-NEG-00133,NONE_ABSENCE_CONTROL,2023-06-06,Meghalaya,West Garo Hills,25.37343,90.00341,none,none,0,1700.8,3.89,72.9,0.0125,0.01163,7.44,0.34,3.92,27.26,0.06,0.325,0.299,0.688,NASA_COOLR_ABSENCE,NASA_GPM_IMERG,NASA_USDA_SMAP,COPERNICUS_GLO_30,train
APDA-V1-POS-00709,COOLR-IN-NER-027-INST-709,2022-08-08,Nagaland,Mokokchung,26.32192,94.51796,mudslide,monsoon_rain,1,1620.4,32.01,171.5,-0.04686,0.03347,5.52,62.13,216.47,519.5,16.07,0.385,0.331,0.72,NASA_COOLR,NASA_GPM_IMERG,NASA_USDA_SMAP,COPERNICUS_GLO_30,train
APDA-V1-POS-00256,COOLR-IN-NER-008-INST-256,2022-05-13,Assam,Dima Hasao,25.07264,93.15371,debris_flow,monsoon_rain,1,1475.5,51.6,185.5,0.01841,0.07226,4.41,173.92,349.87,493.68,46.06,0.388,0.334,0.68,NASA_COOLR,NASA_GPM_IMERG,NASA_USDA_SMAP,COPERNICUS_GLO_30,train
APDA-V1-POS-00594,COOLR-IN-NER-005-INST-594,2020-09-28,Meghalaya,East Garo Hills,25.60145,90.58579,debris_flow,tropical_cyclone,1,848.9,33.11,207.8,0.00093,0.0437,6.47,52.31,189.47,361.02,13.96,0.353,0.309,0.68,NASA_COOLR,NASA_GPM_IMERG,NASA_USDA_SMAP,COPERNICUS_GLO_30,val
APDA-V1-POS-00390,COOLR-IN-NER-018-INST-390,2022-07-03,Arunachal Pradesh,Papum Pare,27.09828,93.61892,mudslide,continuous_rain,1,2408.3,25.53,155.2,-0.07052,0.01468,5.87,118.8,286.54,459.79,16.65,0.366,0.31,0.68,NASA_COOLR,NASA_GPM_IMERG,NASA_USDA_SMAP,COPERNICUS_GLO_30,train
APDA-V1-NEG-00338,NONE_ABSENCE_CONTROL,2023-02-13,Assam,Nagaon,26.40653,92.55457,none,none,0,1580.7,6.01,47.1,-0.00105,0.00014,6.93,0.72,18.06,23.05,0.12,0.099,0.091,0.206,NASA_COOLR_ABSENCE,NASA_GPM_IMERG,NASA_USDA_SMAP,COPERNICUS_GLO_30,train
APDA-V1-NEG-00451,NONE_ABSENCE_CONTROL,2022-02-08,Assam,Dibrugarh,27.46744,94.8771,none,none,0,3674.3,3.27,19.1,0.00762,-6e-05,7.78,0.63,19.43,49.61,0.11,0.146,0.134,0.337,NASA_COOLR_ABSENCE,NASA_GPM_IMERG,NASA_USDA_SMAP,COPERNICUS_GLO_30,train
APDA-V1-POS-00558,COOLR-IN-NER-031-INST-558,2023-09-23,West Bengal,Kalimpong,27.05944,88.46926,debris_flow,teesta_river_erosion,1,3403.3,26.88,165.6,-0.01119,0.0734,6.33,95.52,151.28,433.34,18.37,0.446,0.401,0.783,NASA_COOLR,NASA_GPM_IMERG,NASA_USDA_SMAP,COPERNICUS_GLO_30,test
APDA-V1-NEG-00538,NONE_ABSENCE_CONTROL,2021-04-09,Assam,Nagaon,26.40499,92.7593,none,none,0,1225.5,2.25,263.2,-0.00164,0.00269,7.68,2.15,18.28,34.65,0.36,0.171,0.157,0.377,NASA_COOLR_ABSENCE,NASA_GPM_IMERG,NASA_USDA_SMAP,COPERNICUS_GLO_30,train
APDA-V1-NEG-00090,NONE_ABSENCE_CONTROL,2022-11-26,Assam,Nagaon,26.28409,92.77447,none,none,0,1544.3,2.43,272.2,-0.00698,-0.00054,8.15,0.07,3.41,45.42,0.01,0.199,0.183,0.433,NASA_COOLR_ABSENCE,NASA_GPM_IMERG,NASA_USDA_SMAP,COPERNICUS_GLO_30,train
APDA-V1-POS-00461,COOLR-IN-NER-027-INST-461,2022-08-04,Nagaland,Mokokchung,26.3262,94.52333,mudslide,monsoon_rain,1,1176.0,40.21,215.6,-0.07939,0.01156,5.09,68.12,209.74,325.37,16.24,0.472,0.427,0.933,NASA_COOLR,NASA_GPM_IMERG,NASA_USDA_SMAP,COPERNICUS_GLO_30,train
APDA-V1-POS-00724,COOLR-IN-NER-011-INST-724,2021-07-09,Assam,Karbi Anglong,26.01393,93.42548,debris_flow,continuous_rain,1,1394.8,33.8,232.6,-0.08475,0.0526,5.63,120.73,338.34,397.55,18.78,0.501,0.44,0.863,NASA_COOLR,NASA_GPM_IMERG,NASA_USDA_SMAP,COPERNICUS_GLO_30,train
APDA-V1-NEG-00632,NONE_ABSENCE_CONTROL,2021-05-22,West Bengal,Jalpaiguri,26.49641,88.76427,none,none,0,1001.3,3.39,251.3,0.0394,-0.0011,7.78,8.64,18.37,21.15,1.44,0.213,0.196,0.446,NASA_COOLR_ABSENCE,NASA_GPM_IMERG,NASA_USDA_SMAP,COPERNICUS_GLO_30,train
APDA-V1-POS-00145,COOLR-IN-NER-021-INST-145,2021-08-06,Manipur,Senapati,25.26229,94.02524,translational_slide,monsoon_rain,1,1439.5,30.93,180.4,-0.08715,0.04528,6.45,73.83,214.01,521.65,12.83,0.353,0.311,0.695,NASA_COOLR,NASA_GPM_IMERG,NASA_USDA_SMAP,COPERNICUS_GLO_30,val
APDA-V1-POS-00502,COOLR-IN-NER-006-INST-502,2024-06-05,Meghalaya,East Khasi Hills,25.57251,91.88442,shallow_slide,cyclone_remnants,1,722.0,46.94,215.7,0.00609,0.02917,5.39,126.2,212.22,348.15,20.07,0.462,0.425,0.95,NASA_COOLR,NASA_GPM_IMERG,NASA_USDA_SMAP,COPERNICUS_GLO_30,train
APDA-V1-NEG-00349,NONE_ABSENCE_CONTROL,2023-03-12,Meghalaya,West Garo Hills,25.42437,90.22058,none,none,0,768.5,13.78,45.9,0.00343,0.00609,6.22,0.52,5.4,14.28,0.09,0.157,0.144,0.358,NASA_COOLR_ABSENCE,NASA_GPM_IMERG,NASA_USDA_SMAP,COPERNICUS_GLO_30,val
APDA-V1-POS-00740,COOLR-IN-NER-027-INST-740,2022-07-17,Nagaland,Mokokchung,26.32391,94.52199,mudslide,monsoon_rain,1,928.0,35.64,220.7,-0.06075,-0.02752,5.62,46.39,128.93,280.61,10.92,0.457,0.421,0.921,NASA_COOLR,NASA_GPM_IMERG,NASA_USDA_SMAP,COPERNICUS_GLO_30,test
APDA-V1-NEG-00635,NONE_ABSENCE_CONTROL,2021-03-15,Assam,Dibrugarh,27.3506,94.98337,none,none,0,3249.2,0.32,318.5,0.00784,0.01045,9.65,0.27,18.22,22.0,0.05,0.13,0.12,0.276,NASA_COOLR_ABSENCE,NASA_GPM_IMERG,NASA_USDA_SMAP,COPERNICUS_GLO_30,train
APDA-V1-POS-00732,COOLR-IN-NER-019-INST-732,2020-07-09,Arunachal Pradesh,Lower Subansiri,27.52966,93.82345,debris_flow,monsoon_rain,1,1426.6,22.02,182.7,-0.05721,0.03812,6.67,73.12,159.35,467.88,16.96,0.406,0.366,0.783,NASA_COOLR,NASA_GPM_IMERG,NASA_USDA_SMAP,COPERNICUS_GLO_30,train
APDA-V1-POS-00540,COOLR-IN-NER-013-INST-540,2022-07-12,Sikkim,East Sikkim,27.33067,88.61766,rockfall,heavy_rain,1,2991.4,38.28,168.8,-0.02462,0.00047,5.99,53.0,206.9,486.39,9.15,0.365,0.316,0.68,NASA_COOLR,NASA_GPM_IMERG,NASA_USDA_SMAP,COPERNICUS_GLO_30,train
APDA-V1-POS-00178,COOLR-IN-NER-023-INST-178,2024-06-08,Mizoram,Aizawl,23.73142,92.72045,stone_quarry_collapse,cyclone_remal_deluge,1,345.4,39.18,209.2,-0.04618,0.05794,6.0,183.06,284.53,530.2,23.81,0.503,0.475,0.974,NASA_COOLR,NASA_GPM_IMERG,NASA_USDA_SMAP,COPERNICUS_GLO_30,val
APDA-V1-NEG-00697,NONE_ABSENCE_CONTROL,2022-02-12,Assam,Kamrup Metro,26.22658,91.61636,none,none,0,925.7,4.63,127.1,0.0222,0.00368,7.39,3.64,14.2,59.08,0.61,0.057,0.053,0.118,NASA_COOLR_ABSENCE,NASA_GPM_IMERG,NASA_USDA_SMAP,COPERNICUS_GLO_30,train
APDA-V1-POS-00698,COOLR-IN-NER-016-INST-698,2023-06-10,Arunachal Pradesh,West Kameng,27.35109,92.41722,rockfall,cloudburst,1,2842.0,38.3,216.8,-0.03105,0.06922,5.9,102.11,200.28,389.2,17.86,0.345,0.316,0.68,NASA_COOLR,NASA_GPM_IMERG,NASA_USDA_SMAP,COPERNICUS_GLO_30,train
APDA-V1-NEG-00191,NONE_ABSENCE_CONTROL,2023-09-13,Manipur,Imphal East,24.72199,93.9624,none,none,0,762.6,0.76,82.0,-0.01271,-0.00677,8.53,6.01,8.53,52.05,1.0,0.095,0.088,0.218,NASA_COOLR_ABSENCE,NASA_GPM_IMERG,NASA_USDA_SMAP,COPERNICUS_GLO_30,train
APDA-V1-NEG-00300,NONE_ABSENCE_CONTROL,2023-11-25,Meghalaya,Ri-Bhoi,25.80201,91.73119,none,none,0,1835.9,11.82,244.5,-0.00631,-0.00698,5.71,0.99,24.74,48.9,0.17,0.271,0.25,0.603,NASA_COOLR_ABSENCE,NASA_GPM_IMERG,NASA_USDA_SMAP,COPERNICUS_GLO_30,test
APDA-V1-NEG-00173,NONE_ABSENCE_CONTROL,2022-03-24,Meghalaya,West Garo Hills,25.61479,90.11795,none,none,0,1829.6,1.72,86.8,-0.00841,-0.00504,8.47,3.0,5.25,30.87,0.5,0.19,0.175,0.439,NASA_COOLR_ABSENCE,NASA_GPM_IMERG,NASA_USDA_SMAP,COPERNICUS_GLO_30,train
APDA-V1-NEG-00149,NONE_ABSENCE_CONTROL,2021-01-13,Meghalaya,West Garo Hills,25.37052,90.07424,none,none,0,1201.7,7.39,47.8,0.02845,0.00306,5.79,0.35,21.52,36.2,0.06,0.225,0.207,0.499,NASA_COOLR_ABSENCE,NASA_GPM_IMERG,NASA_USDA_SMAP,COPERNICUS_GLO_30,train
APDA-V1-NEG-00743,NONE_ABSENCE_CONTROL,2021-07-16,Manipur,Imphal East,24.94401,94.08231,none,none,0,1087.9,0.45,352.1,-0.01241,0.0118,7.95,16.87,39.01,72.94,2.81,0.261,0.24,0.617,NASA_COOLR_ABSENCE,NASA_GPM_IMERG,NASA_USDA_SMAP,COPERNICUS_GLO_30,train
APDA-V1-POS-00008,COOLR-IN-NER-008-INST-8,2022-05-04,Assam,Dima Hasao,25.07264,93.14824,debris_flow,monsoon_rain,1,658.6,41.85,138.2,-0.07497,0.11258,5.78,118.55,176.49,448.35,30.55,0.494,0.452,0.883,NASA_COOLR,NASA_GPM_IMERG,NASA_USDA_SMAP,COPERNICUS_GLO_30,test
APDA-V1-NEG-00113,NONE_ABSENCE_CONTROL,2022-04-23,Assam,Kamrup Metro,26.27483,91.78508,none,none,0,1905.8,13.85,313.8,0.03063,-0.01443,6.25,0.4,15.93,60.93,0.07,0.094,0.086,0.19,NASA_COOLR_ABSENCE,NASA_GPM_IMERG,NASA_USDA_SMAP,COPERNICUS_GLO_30,train
APDA-V1-POS-00668,COOLR-IN-NER-017-INST-668,2021-05-15,Arunachal Pradesh,Tawang,27.58544,91.86314,debris_avalanche,rain_snowmelt,1,1871.0,36.08,210.4,-0.09438,0.03794,5.68,93.48,174.49,307.39,19.0,0.336,0.306,0.68,NASA_COOLR,NASA_GPM_IMERG,NASA_USDA_SMAP,COPERNICUS_GLO_30,train
APDA-V1-NEG-00411,NONE_ABSENCE_CONTROL,2021-10-06,Assam,Dibrugarh,27.54838,95.00404,none,none,0,3532.0,2.84,280.7,-0.01133,-0.01401,6.67,10.52,24.47,40.07,1.75,0.304,0.28,0.612,NASA_COOLR_ABSENCE,NASA_GPM_IMERG,NASA_USDA_SMAP,COPERNICUS_GLO_30,test
APDA-V1-POS-00358,COOLR-IN-NER-017-INST-358,2021-05-26,Arunachal Pradesh,Tawang,27.58359,91.86699,debris_avalanche,rain_snowmelt,1,3540.4,49.31,228.6,-0.02832,0.05432,4.38,92.79,153.2,258.14,24.19,0.441,0.397,0.872,NASA_COOLR,NASA_GPM_IMERG,NASA_USDA_SMAP,COPERNICUS_GLO_30,test
APDA-V1-NEG-00034,NONE_ABSENCE_CONTROL,2023-05-30,Assam,Nagaon,26.49729,92.688,none,none,0,640.0,7.91,65.6,-0.01912,0.00365,5.89,10.98,23.56,51.62,1.83,0.184,0.169,0.407,NASA_COOLR_ABSENCE,NASA_GPM_IMERG,NASA_USDA_SMAP,COPERNICUS_GLO_30,train
APDA-V1-POS-00736,COOLR-IN-NER-023-INST-736,2024-05-15,Mizoram,Aizawl,23.72598,92.71708,stone_quarry_collapse,cyclone_remal_deluge,1,1157.5,41.48,194.7,-0.05138,0.01224,6.09,62.93,167.47,427.16,13.97,0.469,0.425,0.86,NASA_COOLR,NASA_GPM_IMERG,NASA_USDA_SMAP,COPERNICUS_GLO_30,train
APDA-V1-POS-00330,COOLR-IN-NER-020-INST-330,2022-06-23,Manipur,Noney,24.78548,93.68139,massive_debris_slide,unprecedented_continuous_rain,1,846.8,40.92,229.7,-0.07738,0.05019,5.42,47.18,191.02,483.12,13.11,0.432,0.391,0.887,NASA_COOLR,NASA_GPM_IMERG,NASA_USDA_SMAP,COPERNICUS_GLO_30,val
APDA-V1-NEG-00306,NONE_ABSENCE_CONTROL,2021-01-24,Assam,Nagaon,26.45416,92.73104,none,none,0,873.8,0.92,6.5,-0.01091,-0.00046,9.11,2.92,22.3,62.11,0.49,0.25,0.23,0.535,NASA_COOLR_ABSENCE,NASA_GPM_IMERG,NASA_USDA_SMAP,COPERNICUS_GLO_30,test
APDA-V1-NEG-00399,NONE_ABSENCE_CONTROL,2021-06-04,Manipur,Imphal East,24.67931,94.03539,none,none,0,842.0,0.9,230.4,0.00596,-0.00087,7.85,8.45,28.49,70.01,1.41,0.151,0.139,0.349,NASA_COOLR_ABSENCE,NASA_GPM_IMERG,NASA_USDA_SMAP,COPERNICUS_GLO_30,train
APDA-V1-NEG-00368,NONE_ABSENCE_CONTROL,2022-10-05,West Bengal,Jalpaiguri,26.43144,88.81839,none,none,0,1681.9,4.45,276.2,-0.00512,0.00256,5.75,0.16,19.43,32.4,0.03,0.357,0.328,0.734,NASA_COOLR_ABSENCE,NASA_GPM_IMERG,NASA_USDA_SMAP,COPERNICUS_GLO_30,train
APDA-V1-POS-00259,COOLR-IN-NER-011-INST-259,2021-07-17,Assam,Karbi Anglong,26.00918,93.41788,debris_flow,continuous_rain,1,625.2,34.27,239.2,-0.04768,0.0378,6.09,60.76,126.68,332.27,17.77,0.454,0.401,0.785,NASA_COOLR,NASA_GPM_IMERG,NASA_USDA_SMAP,COPERNICUS_GLO_30,val
APDA-V1-NEG-00426,NONE_ABSENCE_CONTROL,2021-11-30,Assam,Nagaon,26.47849,92.58273,none,none,0,671.4,6.38,274.5,-0.00138,0.00337,6.16,1.96,18.77,59.14,0.33,0.13,0.119,0.297,NASA_COOLR_ABSENCE,NASA_GPM_IMERG,NASA_USDA_SMAP,COPERNICUS_GLO_30,val
APDA-V1-POS-00373,COOLR-IN-NER-001-INST-373,2023-06-17,Meghalaya,East Khasi Hills,25.53557,91.86993,debris_flow,monsoon_rain,1,607.6,41.49,248.7,-0.07164,0.02289,5.85,54.77,262.9,361.6,14.0,0.435,0.375,0.738,NASA_COOLR,NASA_GPM_IMERG,NASA_USDA_SMAP,COPERNICUS_GLO_30,val
APDA-V1-NEG-00354,NONE_ABSENCE_CONTROL,2022-03-16,Assam,Nagaon,26.27232,92.70719,none,none,0,1614.9,4.6,258.6,-0.01194,0.009,6.06,0.94,15.25,50.89,0.16,0.043,0.039,0.09,NASA_COOLR_ABSENCE,NASA_GPM_IMERG,NASA_USDA_SMAP,COPERNICUS_GLO_30,train
APDA-V1-NEG-00176,NONE_ABSENCE_CONTROL,2021-04-21,West Bengal,Jalpaiguri,26.60498,88.60675,none,none,0,1046.3,7.02,260.8,-0.00296,-2e-05,6.87,2.32,6.3,45.62,0.39,0.196,0.18,0.419,NASA_COOLR_ABSENCE,NASA_GPM_IMERG,NASA_USDA_SMAP,COPERNICUS_GLO_30,train
APDA-V1-POS-00143,COOLR-IN-NER-019-INST-143,2020-08-04,Arunachal Pradesh,Lower Subansiri,27.52819,93.81927,debris_flow,monsoon_rain,1,2152.4,32.47,175.6,-0.01406,0.01823,6.19,39.24,114.85,198.06,9.46,0.399,0.341,0.68,NASA_COOLR,NASA_GPM_IMERG,NASA_USDA_SMAP,COPERNICUS_GLO_30,test
APDA-V1-POS-00526,COOLR-IN-NER-030-INST-526,2021-10-28,West Bengal,Darjeeling,27.03614,88.26013,rotational_slide,post_monsoon_deluge,1,3353.6,29.44,232.2,-0.0769,0.0378,6.38,84.26,208.81,306.25,15.04,0.363,0.329,0.68,NASA_COOLR,NASA_GPM_IMERG,NASA_USDA_SMAP,COPERNICUS_GLO_30,test
APDA-V1-NEG-00389,NONE_ABSENCE_CONTROL,2022-11-17,Meghalaya,West Garo Hills,25.41737,90.07682,none,none,0,664.7,0.35,96.5,0.00108,-5e-05,9.44,0.55,14.8,49.56,0.09,0.087,0.08,0.203,NASA_COOLR_ABSENCE,NASA_GPM_IMERG,NASA_USDA_SMAP,COPERNICUS_GLO_30,val
APDA-V1-NEG-00258,NONE_ABSENCE_CONTROL,2021-04-03,Assam,Nagaon,26.39339,92.80591,none,none,0,1766.5,16.0,263.1,-0.01149,0.01035,6.14,1.5,3.66,22.14,0.25,0.201,0.185,0.466,NASA_COOLR_ABSENCE,NASA_GPM_IMERG,NASA_USDA_SMAP,COPERNICUS_GLO_30,train
APDA-V1-NEG-00372,NONE_ABSENCE_CONTROL,2022-06-03,Meghalaya,Ri-Bhoi,25.99416,91.89536,none,none,0,935.2,4.9,178.9,-0.01236,0.01131,6.57,16.13,25.01,29.43,2.69,0.091,0.084,0.191,NASA_COOLR_ABSENCE,NASA_GPM_IMERG,NASA_USDA_SMAP,COPERNICUS_GLO_30,train
APDA-V1-NEG-00674,NONE_ABSENCE_CONTROL,2022-04-25,Assam,Nagaon,26.43082,92.61269,none,none,0,1309.2,1.31,92.3,0.02422,-0.00556,8.15,1.03,18.94,22.5,0.17,0.101,0.093,0.229,NASA_COOLR_ABSENCE,NASA_GPM_IMERG,NASA_USDA_SMAP,COPERNICUS_GLO_30,val
APDA-V1-POS-00441,COOLR-IN-NER-007-INST-441,2022-05-02,Assam,Dima Hasao,25.1858,93.0225,rotational_slide,torrential_rain,1,603.6,39.09,160.9,0.03714,0.07284,5.83,110.73,204.49,435.81,32.95,0.461,0.402,0.852,NASA_COOLR,NASA_GPM_IMERG,NASA_USDA_SMAP,COPERNICUS_GLO_30,train
APDA-V1-POS-00532,COOLR-IN-NER-005-INST-532,2020-10-03,Meghalaya,East Garo Hills,25.6015,90.58575,debris_flow,tropical_cyclone,1,1552.3,45.79,302.2,-0.00497,0.00371,6.0,214.75,293.25,477.68,54.92,0.417,0.384,0.872,NASA_COOLR,NASA_GPM_IMERG,NASA_USDA_SMAP,COPERNICUS_GLO_30,test
APDA-V1-NEG-00452,NONE_ABSENCE_CONTROL,2023-11-25,Meghalaya,Ri-Bhoi,25.79513,91.78083,none,none,0,762.6,4.92,219.4,0.00976,0.00486,6.16,1.59,15.25,31.39,0.26,0.216,0.199,0.483,NASA_COOLR_ABSENCE,NASA_GPM_IMERG,NASA_USDA_SMAP,COPERNICUS_GLO_30,train
APDA-V1-POS-00227,COOLR-IN-NER-010-INST-227,2023-07-28,Assam,Kamrup Metropolitan,26.16978,91.75493,shallow_slide,urban_downpour,1,733.3,41.1,236.7,-0.05497,0.06598,6.16,49.17,129.83,428.38,8.25,0.389,0.343,0.717,NASA_COOLR,NASA_GPM_IMERG,NASA_USDA_SMAP,COPERNICUS_GLO_30,val
APDA-V1-NEG-00287,NONE_ABSENCE_CONTROL,2023-12-30,Manipur,Imphal East,24.82587,94.03718,none,none,0,662.5,4.05,174.6,-0.00253,0.00098,6.77,2.95,6.4,24.91,0.49,0.108,0.099,0.238,NASA_COOLR_ABSENCE,NASA_GPM_IMERG,NASA_USDA_SMAP,COPERNICUS_GLO_30,test
APDA-V1-POS-00229,COOLR-IN-NER-012-INST-229,2023-10-10,Sikkim,North Sikkim,27.69325,88.58528,complex_glol_debris,glacial_lake_outburst_rain,1,2187.3,46.6,221.5,-0.01825,0.04652,4.46,125.19,340.6,483.29,19.21,0.407,0.376,0.807,NASA_COOLR,NASA_GPM_IMERG,NASA_USDA_SMAP,COPERNICUS_GLO_30,train
APDA-V1-NEG-00530,NONE_ABSENCE_CONTROL,2023-05-19,Assam,Nagaon,26.37022,92.55647,none,none,0,1405.6,7.74,40.0,0.00849,0.0041,6.34,4.77,25.88,33.6,0.8,0.176,0.162,0.386,NASA_COOLR_ABSENCE,NASA_GPM_IMERG,NASA_USDA_SMAP,COPERNICUS_GLO_30,train
APDA-V1-NEG-00700,NONE_ABSENCE_CONTROL,2022-11-06,Meghalaya,Ri-Bhoi,25.89117,91.88297,none,none,0,1700.4,4.92,7.6,-0.01922,0.00262,6.71,0.59,2.07,34.54,0.1,0.339,0.312,0.731,NASA_COOLR_ABSENCE,NASA_GPM_IMERG,NASA_USDA_SMAP,COPERNICUS_GLO_30,train
APDA-V1-POS-00213,COOLR-IN-NER-027-INST-213,2022-08-02,Nagaland,Mokokchung,26.32412,94.51867,mudslide,monsoon_rain,1,655.4,43.36,197.7,-0.07626,0.01283,5.94,64.83,162.76,445.05,13.06,0.382,0.328,0.68,NASA_COOLR,NASA_GPM_IMERG,NASA_USDA_SMAP,COPERNICUS_GLO_30,train
APDA-V1-POS-00080,COOLR-IN-NER-018-INST-80,2022-07-07,Arunachal Pradesh,Papum Pare,27.09644,93.61481,mudslide,continuous_rain,1,2044.5,31.36,241.6,-0.00139,0.08646,6.43,90.62,256.62,385.87,17.68,0.388,0.358,0.769,NASA_COOLR,NASA_GPM_IMERG,NASA_USDA_SMAP,COPERNICUS_GLO_30,train
APDA-V1-POS-00149,COOLR-IN-NER-025-INST-149,2021-08-05,Mizoram,Champhai,23.47449,93.32715,debris_flow,continuous_rain,1,331.5,33.29,137.3,0.01935,0.09364,5.49,83.88,291.01,572.68,20.05,0.457,0.408,0.921,NASA_COOLR,NASA_GPM_IMERG,NASA_USDA_SMAP,COPERNICUS_GLO_30,train
APDA-V1-NEG-00065,NONE_ABSENCE_CONTROL,2021-12-26,Assam,Kamrup Metro,26.0688,91.63414,none,none,0,1527.2,4.82,204.5,0.00435,0.0152,6.64,5.71,28.02,56.6,0.95,0.141,0.13,0.32,NASA_COOLR_ABSENCE,NASA_GPM_IMERG,NASA_USDA_SMAP,COPERNICUS_GLO_30,test
APDA-V1-NEG-00154,NONE_ABSENCE_CONTROL,2023-09-27,Assam,Nagaon,26.45824,92.80286,none,none,0,1630.6,3.43,269.6,-0.00959,-0.00292,7.23,3.59,28.19,32.87,0.6,0.148,0.136,0.343,NASA_COOLR_ABSENCE,NASA_GPM_IMERG,NASA_USDA_SMAP,COPERNICUS_GLO_30,train
APDA-V1-NEG-00209,NONE_ABSENCE_CONTROL,2022-05-18,Assam,Kamrup Metro,26.16147,91.76133,none,none,0,1737.1,6.81,162.5,0.01748,-0.00192,6.76,17.4,22.8,59.84,2.9,0.116,0.107,0.245,NASA_COOLR_ABSENCE,NASA_GPM_IMERG,NASA_USDA_SMAP,COPERNICUS_GLO_30,train
APDA-V1-POS-00672,COOLR-IN-NER-021-INST-672,2021-08-05,Manipur,Senapati,25.26972,94.01905,translational_slide,monsoon_rain,1,1615.3,39.09,159.7,-0.05569,0.07791,6.05,102.49,206.4,306.33,15.68,0.37,0.32,0.68,NASA_COOLR,NASA_GPM_IMERG,NASA_USDA_SMAP,COPERNICUS_GLO_30,train
APDA-V1-NEG-00406,NONE_ABSENCE_CONTROL,2022-10-03,Tripura,West Tripura,23.7205,91.36853,none,none,0,1316.3,3.92,122.1,0.02209,0.02214,6.86,0.2,2.08,8.41,0.03,0.033,0.03,0.072,NASA_COOLR_ABSENCE,NASA_GPM_IMERG,NASA_USDA_SMAP,COPERNICUS_GLO_30,train
APDA-V1-POS-00556,COOLR-IN-NER-029-INST-556,2022-05-14,Tripura,Dhalai,23.85094,91.94975,shallow_slide,heavy_rain,1,535.6,40.55,136.1,-0.07397,0.03124,4.8,118.93,334.17,606.38,30.97,0.494,0.439,0.917,NASA_COOLR,NASA_GPM_IMERG,NASA_USDA_SMAP,COPERNICUS_GLO_30,train
APDA-V1-NEG-00158,NONE_ABSENCE_CONTROL,2022-07-18,Tripura,West Tripura,23.87459,91.1931,none,none,0,582.7,3.92,311.9,0.00494,0.01689,6.82,14.12,17.2,41.53,2.35,0.1,0.092,0.215,NASA_COOLR_ABSENCE,NASA_GPM_IMERG,NASA_USDA_SMAP,COPERNICUS_GLO_30,train
APDA-V1-POS-00134,COOLR-IN-NER-010-INST-134,2023-07-25,Assam,Kamrup Metropolitan,26.17477,91.76272,shallow_slide,urban_downpour,1,1787.1,36.86,279.0,0.04377,0.0213,6.3,36.66,159.74,213.49,8.76,0.469,0.425,0.888,NASA_COOLR,NASA_GPM_IMERG,NASA_USDA_SMAP,COPERNICUS_GLO_30,train
APDA-V1-NEG-00359,NONE_ABSENCE_CONTROL,2021-10-12,Manipur,Imphal East,24.9544,94.0644,none,none,0,1178.6,0.46,14.5,0.01275,0.00562,8.19,6.28,13.74,52.3,1.05,0.241,0.222,0.494,NASA_COOLR_ABSENCE,NASA_GPM_IMERG,NASA_USDA_SMAP,COPERNICUS_GLO_30,train
APDA-V1-NEG-00074,NONE_ABSENCE_CONTROL,2023-12-29,Assam,Nagaon,26.29564,92.61761,none,none,0,1633.2,9.25,354.8,0.01534,0.01973,5.13,1.87,22.91,54.36,0.31,0.106,0.098,0.241,NASA_COOLR_ABSENCE,NASA_GPM_IMERG,NASA_USDA_SMAP,COPERNICUS_GLO_30,test
APDA-V1-POS-00409,COOLR-IN-NER-006-INST-409,2024-05-18,Meghalaya,East Khasi Hills,25.5601,91.88242,shallow_slide,cyclone_remnants,1,797.2,46.96,208.1,-0.08796,0.03962,4.85,122.31,226.71,471.64,35.61,0.357,0.314,0.68,NASA_COOLR,NASA_GPM_IMERG,NASA_USDA_SMAP,COPERNICUS_GLO_30,train
APDA-V1-POS-00369,COOLR-IN-NER-028-INST-369,2020-08-24,Nagaland,Phek,25.68017,94.49804,debris_flow,monsoon_rain,1,611.4,34.37,359.9,-0.00721,0.03469,6.33,124.08,253.51,483.94,23.46,0.343,0.312,0.698,NASA_COOLR,NASA_GPM_IMERG,NASA_USDA_SMAP,COPERNICUS_GLO_30,train
APDA-V1-POS-00508,COOLR-IN-NER-012-INST-508,2023-09-19,Sikkim,North Sikkim,27.68981,88.58412,complex_glol_debris,glacial_lake_outburst_rain,1,3447.7,36.23,211.6,-0.07765,0.00913,6.3,65.72,234.8,528.13,14.49,0.525,0.481,0.947,NASA_COOLR,NASA_GPM_IMERG,NASA_USDA_SMAP,COPERNICUS_GLO_30,val
APDA-V1-NEG-00432,NONE_ABSENCE_CONTROL,2021-09-19,West Bengal,Jalpaiguri,26.58032,88.85867,none,none,0,730.3,1.33,312.5,0.00765,-0.00989,7.68,13.47,31.99,45.26,2.24,0.086,0.079,0.193,NASA_COOLR_ABSENCE,NASA_GPM_IMERG,NASA_USDA_SMAP,COPERNICUS_GLO_30,test
APDA-V1-POS-00505,COOLR-IN-NER-009-INST-505,2022-06-29,Assam,Cachar,24.83558,92.80302,mudslide,flooding_rain,1,1355.6,31.27,190.9,-0.08203,0.01749,5.97,62.29,221.98,499.98,19.13,0.491,0.43,0.904,NASA_COOLR,NASA_GPM_IMERG,NASA_USDA_SMAP,COPERNICUS_GLO_30,train
APDA-V1-NEG-00739,NONE_ABSENCE_CONTROL,2023-09-20,Assam,Dibrugarh,27.54428,94.98069,none,none,0,3332.7,3.52,111.8,0.01211,0.00117,7.7,5.54,24.81,51.97,0.92,0.151,0.139,0.345,NASA_COOLR_ABSENCE,NASA_GPM_IMERG,NASA_USDA_SMAP,COPERNICUS_GLO_30,train
APDA-V1-POS-00348,COOLR-IN-NER-007-INST-348,2022-05-19,Assam,Dima Hasao,25.18735,93.02223,rotational_slide,torrential_rain,1,1579.7,28.01,143.5,-0.01555,0.05315,6.62,70.85,141.77,232.0,14.65,0.38,0.338,0.727,NASA_COOLR,NASA_GPM_IMERG,NASA_USDA_SMAP,COPERNICUS_GLO_30,train
APDA-V1-POS-00387,COOLR-IN-NER-015-INST-387,2020-08-24,Sikkim,West Sikkim,27.2884,88.24451,translational_slide,continuous_rain,1,2064.5,27.38,169.2,-0.06612,0.06563,6.59,87.43,288.52,460.99,19.8,0.362,0.334,0.68,NASA_COOLR,NASA_GPM_IMERG,NASA_USDA_SMAP,COPERNICUS_GLO_30,train
APDA-V1-POS-00001,COOLR-IN-NER-001-INST-1,2023-06-11,Meghalaya,East Khasi Hills,25.53162,91.86872,debris_flow,monsoon_rain,1,1103.9,41.1,218.0,-0.05137,0.03167,6.22,105.65,282.37,466.31,16.49,0.485,0.448,0.954,NASA_COOLR,NASA_GPM_IMERG,NASA_USDA_SMAP,COPERNICUS_GLO_30,train
APDA-V1-POS-00361,COOLR-IN-NER-020-INST-361,2022-06-18,Manipur,Noney,24.78723,93.68243,massive_debris_slide,unprecedented_continuous_rain,1,876.1,39.7,162.9,-0.1142,0.03981,6.05,135.72,313.38,518.25,29.86,0.414,0.374,0.823,NASA_COOLR,NASA_GPM_IMERG,NASA_USDA_SMAP,COPERNICUS_GLO_30,train
APDA-V1-NEG-00145,NONE_ABSENCE_CONTROL,2022-06-17,Assam,Kamrup Metro,26.17584,91.8039,none,none,0,809.5,3.14,309.3,0.02958,0.00611,7.13,0.6,5.68,30.03,0.1,0.132,0.121,0.299,NASA_COOLR_ABSENCE,NASA_GPM_IMERG,NASA_USDA_SMAP,COPERNICUS_GLO_30,train
APDA-V1-NEG-00079,NONE_ABSENCE_CONTROL,2023-02-22,Manipur,Imphal East,24.81675,93.81986,none,none,0,1433.8,15.97,347.1,-0.01341,-0.01582,4.67,0.88,19.88,39.16,0.15,0.292,0.269,0.584,NASA_COOLR_ABSENCE,NASA_GPM_IMERG,NASA_USDA_SMAP,COPERNICUS_GLO_30,train
APDA-V1-NEG-00666,NONE_ABSENCE_CONTROL,2021-02-12,Assam,Nagaon,26.35403,92.79281,none,none,0,1486.0,16.0,265.4,-0.01629,-0.00336,5.6,1.25,17.2,37.11,0.21,0.252,0.232,0.553,NASA_COOLR_ABSENCE,NASA_GPM_IMERG,NASA_USDA_SMAP,COPERNICUS_GLO_30,test
APDA-V1-POS-00476,COOLR-IN-NER-011-INST-476,2021-07-12,Assam,Karbi Anglong,26.00746,93.41779,debris_flow,continuous_rain,1,1190.3,33.07,177.6,-0.08681,0.07329,5.75,152.4,329.38,557.21,21.41,0.349,0.321,0.68,NASA_COOLR,NASA_GPM_IMERG,NASA_USDA_SMAP,COPERNICUS_GLO_30,train
APDA-V1-NEG-00531,NONE_ABSENCE_CONTROL,2022-09-27,Assam,Dibrugarh,27.54058,95.02503,none,none,0,3482.3,0.98,138.9,-0.01143,-0.01339,8.67,1.35,25.36,51.66,0.22,0.133,0.122,0.284,NASA_COOLR_ABSENCE,NASA_GPM_IMERG,NASA_USDA_SMAP,COPERNICUS_GLO_30,train
APDA-V1-POS-00058,COOLR-IN-NER-027-INST-58,2022-07-31,Nagaland,Mokokchung,26.335,94.5213,mudslide,monsoon_rain,1,1865.1,30.27,225.9,-0.05281,0.01803,6.51,60.51,231.29,521.32,17.42,0.36,0.305,0.68,NASA_COOLR,NASA_GPM_IMERG,NASA_USDA_SMAP,COPERNICUS_GLO_30,train
APDA-V1-POS-00638,COOLR-IN-NER-018-INST-638,2022-06-14,Arunachal Pradesh,Papum Pare,27.09965,93.61683,mudslide,continuous_rain,1,2221.9,21.62,153.7,-0.01116,0.02051,6.89,35.0,143.37,203.35,11.57,0.413,0.373,0.793,NASA_COOLR,NASA_GPM_IMERG,NASA_USDA_SMAP,COPERNICUS_GLO_30,train
APDA-V1-NEG-00581,NONE_ABSENCE_CONTROL,2022-01-25,Meghalaya,West Garo Hills,25.642,90.13048,none,none,0,1410.3,8.26,269.3,0.01743,0.02056,5.27,5.24,27.52,31.18,0.87,0.128,0.118,0.298,NASA_COOLR_ABSENCE,NASA_GPM_IMERG,NASA_USDA_SMAP,COPERNICUS_GLO_30,train
APDA-V1-NEG-00304,NONE_ABSENCE_CONTROL,2021-03-06,West Bengal,Jalpaiguri,26.55723,88.83563,none,none,0,1283.7,3.21,190.0,-0.0154,0.00331,7.68,1.05,2.32,24.43,0.18,0.106,0.098,0.23,NASA_COOLR_ABSENCE,NASA_GPM_IMERG,NASA_USDA_SMAP,COPERNICUS_GLO_30,val
APDA-V1-NEG-00621,NONE_ABSENCE_CONTROL,2021-08-14,Meghalaya,West Garo Hills,25.50936,90.09239,none,none,0,1686.8,6.81,315.2,-0.01543,0.00713,5.28,3.74,26.32,63.47,0.62,0.123,0.113,0.292,NASA_COOLR_ABSENCE,NASA_GPM_IMERG,NASA_USDA_SMAP,COPERNICUS_GLO_30,test
APDA-V1-POS-00173,COOLR-IN-NER-018-INST-173,2022-06-20,Arunachal Pradesh,Papum Pare,27.10079,93.61581,mudslide,continuous_rain,1,3144.5,40.65,200.9,-0.03224,0.02581,5.6,97.63,314.39,600.06,15.44,0.337,0.309,0.68,NASA_COOLR,NASA_GPM_IMERG,NASA_USDA_SMAP,COPERNICUS_GLO_30,test
APDA-V1-POS-00451,COOLR-IN-NER-017-INST-451,2021-06-01,Arunachal Pradesh,Tawang,27.58708,91.85939,debris_avalanche,rain_snowmelt,1,1610.3,46.85,221.2,-0.09537,-0.00639,4.34,146.78,280.9,461.71,25.05,0.43,0.394,0.86,NASA_COOLR,NASA_GPM_IMERG,NASA_USDA_SMAP,COPERNICUS_GLO_30,test
APDA-V1-POS-00126,COOLR-IN-NER-002-INST-126,2022-06-20,Meghalaya,East Khasi Hills,25.29762,91.71003,mudslide,downpour,1,826.1,44.27,138.1,-0.01657,-0.0218,5.9,92.38,260.9,317.35,26.3,0.405,0.364,0.803,NASA_COOLR,NASA_GPM_IMERG,NASA_USDA_SMAP,COPERNICUS_GLO_30,test
APDA-V1-NEG-00430,NONE_ABSENCE_CONTROL,2022-08-05,Tripura,West Tripura,23.85393,91.3627,none,none,0,427.5,1.49,359.1,-0.00956,-0.00241,8.14,20.25,40.07,44.36,3.37,0.184,0.169,0.435,NASA_COOLR_ABSENCE,NASA_GPM_IMERG,NASA_USDA_SMAP,COPERNICUS_GLO_30,test
APDA-V1-POS-00531,COOLR-IN-NER-004-INST-531,2021-08-15,Meghalaya,West Jaintia Hills,25.43721,92.19833,translational_slide,monsoon_rain,1,1620.7,48.36,206.9,-0.02516,0.07489,5.7,80.94,202.15,359.62,20.38,0.451,0.416,0.865,NASA_COOLR,NASA_GPM_IMERG,NASA_USDA_SMAP,COPERNICUS_GLO_30,train
APDA-V1-NEG-00108,NONE_ABSENCE_CONTROL,2022-03-10,Meghalaya,Ri-Bhoi,25.84036,91.8773,none,none,0,1104.9,15.41,244.4,-0.00426,0.01295,6.27,2.32,18.41,59.46,0.39,0.093,0.086,0.205,NASA_COOLR_ABSENCE,NASA_GPM_IMERG,NASA_USDA_SMAP,COPERNICUS_GLO_30,train
APDA-V1-POS-00714,COOLR-IN-NER-001-INST-714,2023-06-21,Meghalaya,East Khasi Hills,25.53293,91.8675,debris_flow,monsoon_rain,1,1654.7,35.35,143.0,-0.08432,0.06206,5.48,67.88,284.28,407.29,11.76,0.459,0.419,0.835,NASA_COOLR,NASA_GPM_IMERG,NASA_USDA_SMAP,COPERNICUS_GLO_30,train
APDA-V1-POS-00091,COOLR-IN-NER-029-INST-91,2022-05-18,Tripura,Dhalai,23.85535,91.95139,shallow_slide,heavy_rain,1,1114.6,32.88,236.4,-0.05257,0.06463,6.24,42.27,118.26,170.79,12.43,0.524,0.477,0.939,NASA_COOLR,NASA_GPM_IMERG,NASA_USDA_SMAP,COPERNICUS_GLO_30,train
APDA-V1-NEG-00701,NONE_ABSENCE_CONTROL,2021-06-22,Meghalaya,West Garo Hills,25.61229,90.149,none,none,0,1835.8,4.57,98.1,0.02783,-0.00583,6.08,15.62,32.56,62.68,2.6,0.223,0.205,0.499,NASA_COOLR_ABSENCE,NASA_GPM_IMERG,NASA_USDA_SMAP,COPERNICUS_GLO_30,train
APDA-V1-POS-00182,COOLR-IN-NER-027-INST-182,2022-08-11,Nagaland,Mokokchung,26.3234,94.5228,mudslide,monsoon_rain,1,1491.6,42.43,248.1,0.0114,0.05971,5.71,45.06,226.2,494.88,11.75,0.427,0.386,0.856,NASA_COOLR,NASA_GPM_IMERG,NASA_USDA_SMAP,COPERNICUS_GLO_30,val
APDA-V1-NEG-00126,NONE_ABSENCE_CONTROL,2023-01-05,Tripura,West Tripura,23.78282,91.41046,none,none,0,302.1,0.96,96.2,-0.00053,0.00282,8.78,2.54,12.73,49.06,0.42,0.056,0.052,0.121,NASA_COOLR_ABSENCE,NASA_GPM_IMERG,NASA_USDA_SMAP,COPERNICUS_GLO_30,train
APDA-V1-NEG-00281,NONE_ABSENCE_CONTROL,2023-04-07,Assam,Kamrup Metro,26.20207,91.75181,none,none,0,1838.7,2.41,78.7,-0.00404,-0.0012,8.13,0.42,3.05,43.62,0.07,0.111,0.102,0.235,NASA_COOLR_ABSENCE,NASA_GPM_IMERG,NASA_USDA_SMAP,COPERNICUS_GLO_30,train
APDA-V1-NEG-00037,NONE_ABSENCE_CONTROL,2021-05-28,Meghalaya,West Garo Hills,25.54261,90.26145,none,none,0,1619.0,4.82,100.7,0.00459,0.01173,6.94,7.52,17.72,38.73,1.25,0.061,0.056,0.131,NASA_COOLR_ABSENCE,NASA_GPM_IMERG,NASA_USDA_SMAP,COPERNICUS_GLO_30,train
APDA-V1-POS-00415,COOLR-IN-NER-012-INST-415,2023-09-27,Sikkim,North Sikkim,27.69188,88.59415,complex_glol_debris,glacial_lake_outburst_rain,1,1564.3,32.49,229.1,-0.03168,0.09623,6.18,104.61,266.32,346.89,25.93,0.517,0.457,0.9,NASA_COOLR,NASA_GPM_IMERG,NASA_USDA_SMAP,COPERNICUS_GLO_30,train
APDA-V1-POS-00252,COOLR-IN-NER-004-INST-252,2021-08-17,Meghalaya,West Jaintia Hills,25.44616,92.20081,translational_slide,monsoon_rain,1,936.7,32.12,3.3,-0.02374,0.02864,6.33,82.35,156.83,336.83,23.15,0.495,0.449,0.926,NASA_COOLR,NASA_GPM_IMERG,NASA_USDA_SMAP,COPERNICUS_GLO_30,train
APDA-V1-POS-00070,COOLR-IN-NER-008-INST-70,2022-05-08,Assam,Dima Hasao,25.07082,93.15283,debris_flow,monsoon_rain,1,1511.3,36.81,233.3,-0.07747,0.06934,6.25,103.15,181.77,424.22,17.21,0.446,0.411,0.828,NASA_COOLR,NASA_GPM_IMERG,NASA_USDA_SMAP,COPERNICUS_GLO_30,test
APDA-V1-NEG-00054,NONE_ABSENCE_CONTROL,2022-08-10,Tripura,West Tripura,23.90802,91.23085,none,none,0,894.5,8.83,76.4,-0.02691,0.00049,6.33,8.21,14.58,24.45,1.37,0.186,0.171,0.395,NASA_COOLR_ABSENCE,NASA_GPM_IMERG,NASA_USDA_SMAP,COPERNICUS_GLO_30,train
APDA-V1-POS-00132,COOLR-IN-NER-008-INST-132,2022-05-23,Assam,Dima Hasao,25.07219,93.15169,debris_flow,monsoon_rain,1,638.0,37.69,192.9,0.02027,0.02842,5.84,153.82,283.69,408.6,33.13,0.438,0.396,0.871,NASA_COOLR,NASA_GPM_IMERG,NASA_USDA_SMAP,COPERNICUS_GLO_30,val
APDA-V1-POS-00301,COOLR-IN-NER-022-INST-301,2020-06-30,Manipur,Tamenglong,24.9823,93.49515,mudslide,monsoon_rain,1,1145.7,31.73,149.1,-0.08562,0.06241,6.51,35.0,228.89,526.89,11.56,0.386,0.335,0.72,NASA_COOLR,NASA_GPM_IMERG,NASA_USDA_SMAP,COPERNICUS_GLO_30,train
APDA-V1-NEG-00680,NONE_ABSENCE_CONTROL,2023-12-17,West Bengal,Jalpaiguri,26.46714,88.71639,none,none,0,803.2,5.17,141.1,-0.00857,-0.00224,6.08,0.91,2.05,30.18,0.15,0.12,0.11,0.285,NASA_COOLR_ABSENCE,NASA_GPM_IMERG,NASA_USDA_SMAP,COPERNICUS_GLO_30,train
APDA-V1-POS-00327,COOLR-IN-NER-017-INST-327,2021-05-28,Arunachal Pradesh,Tawang,27.59035,91.86299,debris_avalanche,rain_snowmelt,1,3705.7,33.66,163.7,0.00048,0.02552,6.27,66.32,151.71,383.83,18.73,0.34,0.306,0.68,NASA_COOLR,NASA_GPM_IMERG,NASA_USDA_SMAP,COPERNICUS_GLO_30,train
APDA-V1-NEG-00715,NONE_ABSENCE_CONTROL,2023-07-03,Assam,Dibrugarh,27.57246,95.04969,none,none,0,2349.5,2.14,195.2,0.02013,0.02815,7.86,1.12,1.69,7.37,0.19,0.292,0.269,0.621,NASA_COOLR_ABSENCE,NASA_GPM_IMERG,NASA_USDA_SMAP,COPERNICUS_GLO_30,val
APDA-V1-NEG-00364,NONE_ABSENCE_CONTROL,2023-06-07,Meghalaya,Ri-Bhoi,25.79978,91.86822,none,none,0,856.2,7.27,244.9,-0.00324,0.00086,6.1,4.1,28.51,70.19,0.68,0.138,0.127,0.321,NASA_COOLR_ABSENCE,NASA_GPM_IMERG,NASA_USDA_SMAP,COPERNICUS_GLO_30,val
APDA-V1-POS-00500,COOLR-IN-NER-004-INST-500,2021-08-06,Meghalaya,West Jaintia Hills,25.44429,92.19205,translational_slide,monsoon_rain,1,830.6,26.74,225.9,-0.02939,0.01155,5.33,83.13,223.32,341.47,14.41,0.478,0.422,0.905,NASA_COOLR,NASA_GPM_IMERG,NASA_USDA_SMAP,COPERNICUS_GLO_30,train
APDA-V1-NEG-00628,NONE_ABSENCE_CONTROL,2021-04-28,Meghalaya,Ri-Bhoi,25.79135,91.99029,none,none,0,838.3,3.19,126.8,-0.00064,0.00377,6.0,0.48,18.94,31.84,0.08,0.076,0.07,0.165,NASA_COOLR_ABSENCE,NASA_GPM_IMERG,NASA_USDA_SMAP,COPERNICUS_GLO_30,test
APDA-V1-NEG-00083,NONE_ABSENCE_CONTROL,2022-10-23,Assam,Dibrugarh,27.48161,95.06829,none,none,0,3155.8,4.37,275.3,0.00582,0.00625,7.42,2.28,5.14,20.07,0.38,0.121,0.111,0.272,NASA_COOLR_ABSENCE,NASA_GPM_IMERG,NASA_USDA_SMAP,COPERNICUS_GLO_30,train
APDA-V1-POS-00365,COOLR-IN-NER-024-INST-365,2022-06-23,Mizoram,Lunglei,22.884,92.74696,mudslide,monsoon_rain,1,922.9,31.46,144.0,0.01607,-0.03437,5.81,123.9,276.73,573.28,35.83,0.388,0.339,0.68,NASA_COOLR,NASA_GPM_IMERG,NASA_USDA_SMAP,COPERNICUS_GLO_30,test
APDA-V1-POS-00496,COOLR-IN-NER-031-INST-496,2023-10-13,West Bengal,Kalimpong,27.06079,88.47358,debris_flow,teesta_river_erosion,1,2099.0,33.08,160.8,-0.03218,0.01728,6.25,65.92,265.4,346.14,9.91,0.38,0.338,0.692,NASA_COOLR,NASA_GPM_IMERG,NASA_USDA_SMAP,COPERNICUS_GLO_30,train
APDA-V1-NEG-00645,NONE_ABSENCE_CONTROL,2021-02-12,Meghalaya,West Garo Hills,25.55548,90.19191,none,none,0,1385.3,2.88,8.5,0.01337,-0.00873,7.44,1.37,21.56,29.98,0.23,0.208,0.191,0.451,NASA_COOLR_ABSENCE,NASA_GPM_IMERG,NASA_USDA_SMAP,COPERNICUS_GLO_30,train
APDA-V1-POS-00339,COOLR-IN-NER-029-INST-339,2022-05-15,Tripura,Dhalai,23.85285,91.95357,shallow_slide,heavy_rain,1,1089.8,38.57,61.5,-0.08725,-0.0026,4.82,55.23,169.46,341.74,13.22,0.461,0.423,0.945,NASA_COOLR,NASA_GPM_IMERG,NASA_USDA_SMAP,COPERNICUS_GLO_30,val
APDA-V1-POS-00422,COOLR-IN-NER-019-INST-422,2020-07-18,Arunachal Pradesh,Lower Subansiri,27.52915,93.81833,debris_flow,monsoon_rain,1,1515.0,28.68,46.3,-0.04317,0.038,6.26,170.41,257.03,557.73,26.85,0.445,0.393,0.858,NASA_COOLR,NASA_GPM_IMERG,NASA_USDA_SMAP,COPERNICUS_GLO_30,train
APDA-V1-POS-00165,COOLR-IN-NER-010-INST-165,2023-08-15,Assam,Kamrup Metropolitan,26.16785,91.76056,shallow_slide,urban_downpour,1,1927.3,18.58,218.5,0.02634,0.00235,6.73,62.91,155.97,365.56,12.72,0.43,0.398,0.872,NASA_COOLR,NASA_GPM_IMERG,NASA_USDA_SMAP,COPERNICUS_GLO_30,train
APDA-V1-POS-00029,COOLR-IN-NER-029-INST-29,2022-05-11,Tripura,Dhalai,23.85697,91.94777,shallow_slide,heavy_rain,1,1359.0,35.19,46.4,-0.06172,0.03858,5.86,106.75,312.86,601.41,18.3,0.475,0.441,0.861,NASA_COOLR,NASA_GPM_IMERG,NASA_USDA_SMAP,COPERNICUS_GLO_30,train
APDA-V1-POS-00517,COOLR-IN-NER-021-INST-517,2021-08-12,Manipur,Senapati,25.26634,94.02428,translational_slide,monsoon_rain,1,1840.3,30.38,197.0,-0.08142,0.04039,6.13,85.34,250.16,543.48,14.83,0.471,0.427,0.923,NASA_COOLR,NASA_GPM_IMERG,NASA_USDA_SMAP,COPERNICUS_GLO_30,train
APDA-V1-POS-00194,COOLR-IN-NER-008-INST-194,2022-05-15,Assam,Dima Hasao,25.07578,93.15936,debris_flow,monsoon_rain,1,1822.7,27.44,353.1,-0.03097,0.05567,5.13,143.72,198.78,342.47,28.93,0.523,0.465,0.918,NASA_COOLR,NASA_GPM_IMERG,NASA_USDA_SMAP,COPERNICUS_GLO_30,val
APDA-V1-NEG-00578,NONE_ABSENCE_CONTROL,2021-08-25,Assam,Nagaon,26.45333,92.77937,none,none,0,1607.2,2.85,53.3,0.00207,0.00496,7.31,0.7,13.89,46.45,0.12,0.109,0.1,0.252,NASA_COOLR_ABSENCE,NASA_GPM_IMERG,NASA_USDA_SMAP,COPERNICUS_GLO_30,test
APDA-V1-NEG-00612,NONE_ABSENCE_CONTROL,2023-01-26,Meghalaya,Ri-Bhoi,25.76069,91.7486,none,none,0,1570.2,9.81,294.3,0.00671,0.01907,6.58,1.45,9.92,29.47,0.24,0.143,0.131,0.339,NASA_COOLR_ABSENCE,NASA_GPM_IMERG,NASA_USDA_SMAP,COPERNICUS_GLO_30,test
APDA-V1-NEG-00196,NONE_ABSENCE_CONTROL,2022-05-06,Meghalaya,Ri-Bhoi,25.94127,91.89535,none,none,0,1544.1,8.84,296.1,0.0143,0.00496,6.41,3.4,17.89,56.55,0.57,0.163,0.15,0.335,NASA_COOLR_ABSENCE,NASA_GPM_IMERG,NASA_USDA_SMAP,COPERNICUS_GLO_30,train
APDA-V1-NEG-00611,NONE_ABSENCE_CONTROL,2021-10-28,Assam,Dibrugarh,27.60583,95.04216,none,none,0,3724.1,3.65,221.4,-0.00131,0.01034,7.25,1.74,6.06,11.04,0.29,0.164,0.151,0.366,NASA_COOLR_ABSENCE,NASA_GPM_IMERG,NASA_USDA_SMAP,COPERNICUS_GLO_30,train
APDA-V1-POS-00170,COOLR-IN-NER-015-INST-170,2020-08-13,Sikkim,West Sikkim,27.28731,88.24527,translational_slide,continuous_rain,1,1726.4,51.84,233.7,-0.02884,0.07733,5.83,80.68,209.32,398.05,23.1,0.454,0.407,0.852,NASA_COOLR,NASA_GPM_IMERG,NASA_USDA_SMAP,COPERNICUS_GLO_30,train
APDA-V1-POS-00168,COOLR-IN-NER-013-INST-168,2022-06-27,Sikkim,East Sikkim,27.33116,88.6103,rockfall,heavy_rain,1,3491.8,34.17,175.4,-0.02689,0.017,6.43,122.88,173.46,354.58,18.13,0.422,0.375,0.831,NASA_COOLR,NASA_GPM_IMERG,NASA_USDA_SMAP,COPERNICUS_GLO_30,train
APDA-V1-POS-00653,COOLR-IN-NER-002-INST-653,2022-06-14,Meghalaya,East Khasi Hills,25.29973,91.7151,mudslide,downpour,1,1668.8,21.8,218.3,-0.06056,0.08729,5.93,54.34,178.84,335.43,10.91,0.367,0.311,0.68,NASA_COOLR,NASA_GPM_IMERG,NASA_USDA_SMAP,COPERNICUS_GLO_30,train
APDA-V1-POS-00174,COOLR-IN-NER-019-INST-174,2020-07-24,Arunachal Pradesh,Lower Subansiri,27.52846,93.8212,debris_flow,monsoon_rain,1,2326.0,34.09,207.8,-0.01223,0.05573,5.62,100.62,319.22,557.91,22.18,0.384,0.338,0.739,NASA_COOLR,NASA_GPM_IMERG,NASA_USDA_SMAP,COPERNICUS_GLO_30,test
APDA-V1-POS-00519,COOLR-IN-NER-023-INST-519,2024-05-22,Mizoram,Aizawl,23.72931,92.71136,stone_quarry_collapse,cyclone_remal_deluge,1,1018.7,31.17,144.7,-0.07428,0.06901,5.18,50.89,96.61,260.23,9.18,0.466,0.432,0.888,NASA_COOLR,NASA_GPM_IMERG,NASA_USDA_SMAP,COPERNICUS_GLO_30,test
APDA-V1-NEG-00464,NONE_ABSENCE_CONTROL,2022-05-01,West Bengal,Jalpaiguri,26.65307,88.61444,none,none,0,600.9,15.05,318.8,0.00374,0.0012,6.08,0.54,22.75,27.54,0.09,0.231,0.213,0.541,NASA_COOLR_ABSENCE,NASA_GPM_IMERG,NASA_USDA_SMAP,COPERNICUS_GLO_30,val
APDA-V1-NEG-00651,NONE_ABSENCE_CONTROL,2022-07-23,Assam,Dibrugarh,27.6023,95.04332,none,none,0,2929.4,9.22,280.1,0.00305,-0.01073,6.64,3.49,6.53,27.68,0.58,0.174,0.16,0.363,NASA_COOLR_ABSENCE,NASA_GPM_IMERG,NASA_USDA_SMAP,COPERNICUS_GLO_30,train
APDA-V1-NEG-00163,NONE_ABSENCE_CONTROL,2021-09-23,Assam,Dibrugarh,27.36558,94.82002,none,none,0,2735.6,7.14,282.9,0.01004,0.00679,6.32,4.23,9.64,26.62,0.71,0.09,0.083,0.201,NASA_COOLR_ABSENCE,NASA_GPM_IMERG,NASA_USDA_SMAP,COPERNICUS_GLO_30,train
APDA-V1-POS-00492,COOLR-IN-NER-027-INST-492,2022-08-07,Nagaland,Mokokchung,26.31921,94.52337,mudslide,monsoon_rain,1,1797.3,19.46,115.4,0.02696,0.0093,6.39,79.4,135.56,398.65,14.27,0.404,0.367,0.742,NASA_COOLR,NASA_GPM_IMERG,NASA_USDA_SMAP,COPERNICUS_GLO_30,train
APDA-V1-NEG-00204,NONE_ABSENCE_CONTROL,2022-07-27,Meghalaya,Ri-Bhoi,26.04126,91.72093,none,none,0,1666.5,5.04,226.0,-0.00558,-0.01344,6.49,0.44,21.2,48.5,0.07,0.303,0.279,0.661,NASA_COOLR_ABSENCE,NASA_GPM_IMERG,NASA_USDA_SMAP,COPERNICUS_GLO_30,train
APDA-V1-POS-00074,COOLR-IN-NER-012-INST-74,2023-10-18,Sikkim,North Sikkim,27.6925,88.58083,complex_glol_debris,glacial_lake_outburst_rain,1,3442.3,31.35,218.3,-0.03415,0.0171,5.76,61.87,275.36,396.37,16.62,0.353,0.314,0.68,NASA_COOLR,NASA_GPM_IMERG,NASA_USDA_SMAP,COPERNICUS_GLO_30,train
APDA-V1-NEG-00503,NONE_ABSENCE_CONTROL,2023-05-25,Manipur,Imphal East,24.77752,93.93884,none,none,0,1150.0,3.78,256.2,0.01408,0.00087,7.27,2.3,26.96,55.84,0.38,0.222,0.204,0.472,NASA_COOLR_ABSENCE,NASA_GPM_IMERG,NASA_USDA_SMAP,COPERNICUS_GLO_30,train
APDA-V1-POS-00588,COOLR-IN-NER-030-INST-588,2021-10-12,West Bengal,Darjeeling,27.03798,88.26279,rotational_slide,post_monsoon_deluge,1,3701.7,34.51,180.1,0.02778,-0.00926,5.19,168.38,277.61,366.05,45.76,0.465,0.405,0.894,NASA_COOLR,NASA_GPM_IMERG,NASA_USDA_SMAP,COPERNICUS_GLO_30,train
APDA-V1-NEG-00001,NONE_ABSENCE_CONTROL,2021-01-17,Assam,Kamrup Metro,26.23579,91.62803,none,none,0,1326.0,4.25,131.8,-0.00169,-0.00464,6.41,5.29,28.6,58.06,0.88,0.114,0.105,0.236,NASA_COOLR_ABSENCE,NASA_GPM_IMERG,NASA_USDA_SMAP,COPERNICUS_GLO_30,test
APDA-V1-POS-00658,COOLR-IN-NER-007-INST-658,2022-05-06,Assam,Dima Hasao,25.18307,93.02339,rotational_slide,torrential_rain,1,1156.1,39.6,177.6,-0.03654,0.03241,5.99,112.71,208.76,402.34,23.04,0.45,0.418,0.884,NASA_COOLR,NASA_GPM_IMERG,NASA_USDA_SMAP,COPERNICUS_GLO_30,train
APDA-V1-NEG-00093,NONE_ABSENCE_CONTROL,2021-05-11,Meghalaya,West Garo Hills,25.37643,90.21243,none,none,0,831.4,1.21,140.7,-2e-05,-0.00305,8.38,3.84,26.4,63.05,0.64,0.102,0.094,0.238,NASA_COOLR_ABSENCE,NASA_GPM_IMERG,NASA_USDA_SMAP,COPERNICUS_GLO_30,test
APDA-V1-POS-00235,COOLR-IN-NER-018-INST-235,2022-06-19,Arunachal Pradesh,Papum Pare,27.10436,93.60752,mudslide,continuous_rain,1,3094.9,44.02,194.6,-0.04889,0.06173,6.07,100.67,275.5,524.04,30.35,0.486,0.425,0.866,NASA_COOLR,NASA_GPM_IMERG,NASA_USDA_SMAP,COPERNICUS_GLO_30,train
APDA-V1-POS-00733,COOLR-IN-NER-020-INST-733,2022-06-25,Manipur,Noney,24.78405,93.67941,massive_debris_slide,unprecedented_continuous_rain,1,1014.7,50.57,92.8,-0.03898,0.08444,5.5,65.14,205.16,278.0,13.55,0.487,0.435,0.864,NASA_COOLR,NASA_GPM_IMERG,NASA_USDA_SMAP,COPERNICUS_GLO_30,train
APDA-V1-POS-00215,COOLR-IN-NER-029-INST-215,2022-05-26,Tripura,Dhalai,23.85368,91.95563,shallow_slide,heavy_rain,1,436.6,40.14,200.1,-0.1042,0.0343,5.43,57.18,219.89,410.08,17.11,0.412,0.373,0.757,NASA_COOLR,NASA_GPM_IMERG,NASA_USDA_SMAP,COPERNICUS_GLO_30,train
APDA-V1-POS-00163,COOLR-IN-NER-008-INST-163,2022-05-22,Assam,Dima Hasao,25.07395,93.15685,debris_flow,monsoon_rain,1,767.4,32.55,180.7,-0.06169,-0.0126,6.52,67.55,185.19,475.25,12.17,0.471,0.434,0.846,NASA_COOLR,NASA_GPM_IMERG,NASA_USDA_SMAP,COPERNICUS_GLO_30,train
APDA-V1-POS-00133,COOLR-IN-NER-009-INST-133,2022-06-06,Assam,Cachar,24.83331,92.80149,mudslide,flooding_rain,1,891.1,39.71,243.0,-0.02123,0.06627,5.66,61.91,129.27,387.28,17.86,0.376,0.345,0.747,NASA_COOLR,NASA_GPM_IMERG,NASA_USDA_SMAP,COPERNICUS_GLO_30,train
APDA-V1-NEG-00562,NONE_ABSENCE_CONTROL,2023-12-03,Assam,Nagaon,26.25328,92.5312,none,none,0,1805.8,1.1,132.3,0.01826,-0.01469,8.57,0.79,22.39,29.58,0.13,0.144,0.133,0.319,NASA_COOLR_ABSENCE,NASA_GPM_IMERG,NASA_USDA_SMAP,COPERNICUS_GLO_30,train
APDA-V1-POS-00223,COOLR-IN-NER-006-INST-223,2024-05-16,Meghalaya,East Khasi Hills,25.5657,91.88515,shallow_slide,cyclone_remnants,1,1069.6,41.61,98.4,0.00351,0.043,4.75,62.95,262.36,547.75,16.48,0.447,0.415,0.933,NASA_COOLR,NASA_GPM_IMERG,NASA_USDA_SMAP,COPERNICUS_GLO_30,test
APDA-V1-NEG-00478,NONE_ABSENCE_CONTROL,2023-12-02,Tripura,West Tripura,23.89225,91.17145,none,none,0,1012.8,3.31,154.7,0.00785,0.00983,6.13,2.03,16.83,51.66,0.34,0.105,0.097,0.239,NASA_COOLR_ABSENCE,NASA_GPM_IMERG,NASA_USDA_SMAP,COPERNICUS_GLO_30,train
APDA-V1-NEG-00185,NONE_ABSENCE_CONTROL,2021-08-19,Assam,Kamrup Metro,26.2804,91.83072,none,none,0,731.5,1.71,17.8,-0.0029,-0.0096,7.45,10.39,29.96,51.5,1.73,0.117,0.108,0.237,NASA_COOLR_ABSENCE,NASA_GPM_IMERG,NASA_USDA_SMAP,COPERNICUS_GLO_30,train
APDA-V1-POS-00186,COOLR-IN-NER-031-INST-186,2023-10-10,West Bengal,Kalimpong,27.0665,88.46949,debris_flow,teesta_river_erosion,1,1714.9,44.24,216.8,-0.0419,0.0426,5.44,56.3,144.39,196.56,12.01,0.394,0.358,0.771,NASA_COOLR,NASA_GPM_IMERG,NASA_USDA_SMAP,COPERNICUS_GLO_30,train
APDA-V1-POS-00042,COOLR-IN-NER-011-INST-42,2021-07-13,Assam,Karbi Anglong,26.0153,93.42204,debris_flow,continuous_rain,1,642.0,45.12,57.4,-0.02884,0.03171,4.88,75.24,193.49,266.59,16.68,0.435,0.402,0.914,NASA_COOLR,NASA_GPM_IMERG,NASA_USDA_SMAP,COPERNICUS_GLO_30,train
APDA-V1-POS-00693,COOLR-IN-NER-011-INST-693,2021-07-14,Assam,Karbi Anglong,26.01424,93.42094,debris_flow,continuous_rain,1,1786.2,29.65,12.8,-0.07166,0.03721,5.44,105.65,296.43,566.64,28.08,0.463,0.419,0.921,NASA_COOLR,NASA_GPM_IMERG,NASA_USDA_SMAP,COPERNICUS_GLO_30,train
APDA-V1-POS-00109,COOLR-IN-NER-016-INST-109,2023-06-29,Arunachal Pradesh,West Kameng,27.35136,92.41844,rockfall,cloudburst,1,3067.7,54.25,341.1,-0.06142,-0.00969,5.58,38.5,105.33,281.8,9.61,0.46,0.408,0.917,NASA_COOLR,NASA_GPM_IMERG,NASA_USDA_SMAP,COPERNICUS_GLO_30,train
APDA-V1-POS-00039,COOLR-IN-NER-008-INST-39,2022-05-01,Assam,Dima Hasao,25.07247,93.15565,debris_flow,monsoon_rain,1,1641.7,45.47,183.7,0.01854,0.04837,5.05,129.47,238.41,475.31,22.47,0.396,0.338,0.68,NASA_COOLR,NASA_GPM_IMERG,NASA_USDA_SMAP,COPERNICUS_GLO_30,test
APDA-V1-POS-00569,COOLR-IN-NER-011-INST-569,2021-07-18,Assam,Karbi Anglong,26.01006,93.42326,debris_flow,continuous_rain,1,822.6,41.97,170.8,-0.01614,-0.01434,4.74,137.93,276.29,469.22,20.39,0.492,0.441,0.911,NASA_COOLR,NASA_GPM_IMERG,NASA_USDA_SMAP,COPERNICUS_GLO_30,val
APDA-V1-NEG-00245,NONE_ABSENCE_CONTROL,2022-09-27,Meghalaya,West Garo Hills,25.56768,90.19271,none,none,0,1642.7,3.78,23.6,-0.01336,0.00831,6.07,3.7,20.34,37.65,0.62,0.127,0.117,0.282,NASA_COOLR_ABSENCE,NASA_GPM_IMERG,NASA_USDA_SMAP,COPERNICUS_GLO_30,val
APDA-V1-NEG-00593,NONE_ABSENCE_CONTROL,2023-12-07,Assam,Kamrup Metro,26.08244,91.78559,none,none,0,1661.3,1.09,156.6,-0.00841,0.02811,8.77,0.02,14.99,42.63,0.0,0.321,0.296,0.683,NASA_COOLR_ABSENCE,NASA_GPM_IMERG,NASA_USDA_SMAP,COPERNICUS_GLO_30,train
APDA-V1-NEG-00692,NONE_ABSENCE_CONTROL,2022-03-18,Meghalaya,Ri-Bhoi,25.89981,91.72289,none,none,0,1029.1,3.27,112.5,-0.00353,-0.00228,7.24,0.18,10.36,22.8,0.03,0.138,0.127,0.278,NASA_COOLR_ABSENCE,NASA_GPM_IMERG,NASA_USDA_SMAP,COPERNICUS_GLO_30,train
APDA-V1-POS-00484,COOLR-IN-NER-019-INST-484,2020-07-08,Arunachal Pradesh,Lower Subansiri,27.52634,93.81942,debris_flow,monsoon_rain,1,2360.6,35.18,196.8,-0.01826,0.0129,5.41,103.04,259.9,323.17,20.7,0.492,0.454,0.953,NASA_COOLR,NASA_GPM_IMERG,NASA_USDA_SMAP,COPERNICUS_GLO_30,test
APDA-V1-POS-00469,COOLR-IN-NER-004-INST-469,2021-08-06,Meghalaya,West Jaintia Hills,25.44057,92.18887,translational_slide,monsoon_rain,1,1377.1,48.12,140.0,-0.0571,-0.04291,5.18,109.95,289.73,372.08,23.31,0.466,0.416,0.875,NASA_COOLR,NASA_GPM_IMERG,NASA_USDA_SMAP,COPERNICUS_GLO_30,train
APDA-V1-NEG-00141,NONE_ABSENCE_CONTROL,2022-06-18,Meghalaya,West Garo Hills,25.59488,90.19899,none,none,0,1266.5,5.15,243.6,0.02268,-0.0062,6.65,7.3,29.62,37.78,1.22,0.186,0.171,0.436,NASA_COOLR_ABSENCE,NASA_GPM_IMERG,NASA_USDA_SMAP,COPERNICUS_GLO_30,train
APDA-V1-NEG-00198,NONE_ABSENCE_CONTROL,2021-09-30,Tripura,West Tripura,23.97501,91.20372,none,none,0,615.2,2.94,216.9,0.00148,0.00796,7.56,11.37,24.87,57.26,1.89,0.021,0.02,0.05,NASA_COOLR_ABSENCE,NASA_GPM_IMERG,NASA_USDA_SMAP,COPERNICUS_GLO_30,train
APDA-V1-POS-00025,COOLR-IN-NER-025-INST-25,2021-07-14,Mizoram,Champhai,23.48052,93.32811,debris_flow,continuous_rain,1,780.6,23.34,198.2,-0.05655,0.03861,6.44,93.79,179.92,424.62,19.3,0.414,0.366,0.718,NASA_COOLR,NASA_GPM_IMERG,NASA_USDA_SMAP,COPERNICUS_GLO_30,val
APDA-V1-NEG-00260,NONE_ABSENCE_CONTROL,2022-07-05,Meghalaya,Ri-Bhoi,25.85587,91.82547,none,none,0,1207.7,2.43,341.0,-0.00117,0.01455,6.86,20.3,34.07,53.8,3.38,0.192,0.177,0.407,NASA_COOLR_ABSENCE,NASA_GPM_IMERG,NASA_USDA_SMAP,COPERNICUS_GLO_30,train
APDA-V1-NEG-00443,NONE_ABSENCE_CONTROL,2021-12-22,Assam,Dibrugarh,27.58705,95.069,none,none,0,2975.6,1.76,285.6,-0.00531,0.00055,8.41,5.61,18.66,26.91,0.93,0.166,0.152,0.363,NASA_COOLR_ABSENCE,NASA_GPM_IMERG,NASA_USDA_SMAP,COPERNICUS_GLO_30,val
APDA-V1-POS-00069,COOLR-IN-NER-007-INST-69,2022-05-05,Assam,Dima Hasao,25.18613,93.02759,rotational_slide,torrential_rain,1,1650.1,35.97,144.9,0.01232,0.05489,6.07,35.0,202.26,253.09,11.53,0.498,0.463,0.96,NASA_COOLR,NASA_GPM_IMERG,NASA_USDA_SMAP,COPERNICUS_GLO_30,val
APDA-V1-NEG-00135,NONE_ABSENCE_CONTROL,2022-10-01,Manipur,Imphal East,24.71646,93.85156,none,none,0,479.7,4.97,78.2,-0.00558,-0.01149,6.66,2.66,17.61,44.13,0.44,0.226,0.208,0.462,NASA_COOLR_ABSENCE,NASA_GPM_IMERG,NASA_USDA_SMAP,COPERNICUS_GLO_30,train
APDA-V1-NEG-00605,NONE_ABSENCE_CONTROL,2021-08-19,Meghalaya,West Garo Hills,25.5255,90.16669,none,none,0,1286.7,5.49,328.5,-0.00658,0.01537,7.27,4.68,23.98,44.53,0.78,0.241,0.222,0.548,NASA_COOLR_ABSENCE,NASA_GPM_IMERG,NASA_USDA_SMAP,COPERNICUS_GLO_30,test
APDA-V1-POS-00367,COOLR-IN-NER-026-INST-367,2023-07-23,Nagaland,Kohima,25.67773,94.11747,translational_slide,continuous_rain,1,1018.9,31.4,192.2,-0.05043,0.05571,6.53,80.04,293.04,414.35,16.58,0.494,0.458,0.915,NASA_COOLR,NASA_GPM_IMERG,NASA_USDA_SMAP,COPERNICUS_GLO_30,train
APDA-V1-POS-00506,COOLR-IN-NER-010-INST-506,2023-07-24,Assam,Kamrup Metropolitan,26.16944,91.769,shallow_slide,urban_downpour,1,937.1,41.23,178.8,-0.0331,0.01423,5.73,106.79,185.86,392.58,24.08,0.397,0.349,0.696,NASA_COOLR,NASA_GPM_IMERG,NASA_USDA_SMAP,COPERNICUS_GLO_30,train
APDA-V1-NEG-00101,NONE_ABSENCE_CONTROL,2023-11-13,Meghalaya,West Garo Hills,25.48194,90.17586,none,none,0,1157.6,0.74,34.9,0.00136,-0.00463,9.25,2.7,11.8,53.94,0.45,0.228,0.21,0.47,NASA_COOLR_ABSENCE,NASA_GPM_IMERG,NASA_USDA_SMAP,COPERNICUS_GLO_30,train
APDA-V1-NEG-00566,NONE_ABSENCE_CONTROL,2023-07-18,Tripura,West Tripura,23.82641,91.41748,none,none,0,1015.7,0.06,228.8,-0.00768,0.0039,9.28,0.22,2.36,6.14,0.04,0.047,0.043,0.101,NASA_COOLR_ABSENCE,NASA_GPM_IMERG,NASA_USDA_SMAP,COPERNICUS_GLO_30,test
APDA-V1-POS-00384,COOLR-IN-NER-012-INST-384,2023-10-05,Sikkim,North Sikkim,27.68957,88.58678,complex_glol_debris,glacial_lake_outburst_rain,1,2524.2,39.74,165.0,0.00518,0.03147,5.22,123.96,246.36,535.3,23.94,0.472,0.414,0.898,NASA_COOLR,NASA_GPM_IMERG,NASA_USDA_SMAP,COPERNICUS_GLO_30,train
APDA-V1-POS-00735,COOLR-IN-NER-022-INST-735,2020-07-19,Manipur,Tamenglong,24.99272,93.50094,mudslide,monsoon_rain,1,322.3,34.29,208.9,-0.01191,0.01936,5.9,58.08,111.8,301.99,18.6,0.352,0.316,0.722,NASA_COOLR,NASA_GPM_IMERG,NASA_USDA_SMAP,COPERNICUS_GLO_30,train
APDA-V1-POS-00718,COOLR-IN-NER-005-INST-718,2020-09-29,Meghalaya,East Garo Hills,25.59766,90.58754,debris_flow,tropical_cyclone,1,1533.3,25.01,165.1,-0.03193,0.03645,5.98,64.93,112.15,247.14,10.28,0.404,0.373,0.733,NASA_COOLR,NASA_GPM_IMERG,NASA_USDA_SMAP,COPERNICUS_GLO_30,train
APDA-V1-NEG-00586,NONE_ABSENCE_CONTROL,2022-09-22,Assam,Nagaon,26.44057,92.73952,none,none,0,632.8,3.29,63.4,-0.00593,-0.01551,6.21,16.4,34.63,65.43,2.73,0.254,0.234,0.568,NASA_COOLR_ABSENCE,NASA_GPM_IMERG,NASA_USDA_SMAP,COPERNICUS_GLO_30,train
APDA-V1-POS-00455,COOLR-IN-NER-021-INST-455,2021-08-07,Manipur,Senapati,25.26874,94.02149,translational_slide,monsoon_rain,1,1214.4,34.65,221.5,-0.02303,0.03431,6.44,39.03,214.2,429.39,7.84,0.367,0.329,0.713,NASA_COOLR,NASA_GPM_IMERG,NASA_USDA_SMAP,COPERNICUS_GLO_30,train
APDA-V1-POS-00265,COOLR-IN-NER-017-INST-265,2021-05-28,Arunachal Pradesh,Tawang,27.58934,91.86488,debris_avalanche,rain_snowmelt,1,2695.6,44.16,189.1,-0.0837,0.04949,5.92,68.25,172.28,242.54,21.76,0.433,0.378,0.838,NASA_COOLR,NASA_GPM_IMERG,NASA_USDA_SMAP,COPERNICUS_GLO_30,train
APDA-V1-POS-00076,COOLR-IN-NER-014-INST-76,2021-09-09,Sikkim,South Sikkim,27.17806,88.35874,rotational_slide,monsoon_rain,1,1886.9,46.64,265.8,-0.09116,0.034,5.62,88.79,201.35,420.02,22.11,0.429,0.386,0.827,NASA_COOLR,NASA_GPM_IMERG,NASA_USDA_SMAP,COPERNICUS_GLO_30,train
APDA-V1-NEG-00165,NONE_ABSENCE_CONTROL,2023-08-07,Meghalaya,West Garo Hills,25.51898,90.05544,none,none,0,1567.3,5.14,174.7,0.00058,0.0068,7.26,8.65,23.63,27.9,1.44,0.132,0.121,0.294,NASA_COOLR_ABSENCE,NASA_GPM_IMERG,NASA_USDA_SMAP,COPERNICUS_GLO_30,test
APDA-V1-POS-00233,COOLR-IN-NER-016-INST-233,2023-07-04,Arunachal Pradesh,West Kameng,27.34796,92.41894,rockfall,cloudburst,1,1409.7,37.27,218.3,0.00764,0.05845,6.34,93.74,262.63,493.82,14.72,0.512,0.461,0.928,NASA_COOLR,NASA_GPM_IMERG,NASA_USDA_SMAP,COPERNICUS_GLO_30,train
APDA-V1-POS-00445,COOLR-IN-NER-011-INST-445,2021-07-04,Assam,Karbi Anglong,26.01317,93.41895,debris_flow,continuous_rain,1,1189.4,45.22,185.9,-0.03439,0.04347,5.41,145.87,211.48,486.59,38.54,0.406,0.362,0.781,NASA_COOLR,NASA_GPM_IMERG,NASA_USDA_SMAP,COPERNICUS_GLO_30,val
APDA-V1-POS-00396,COOLR-IN-NER-024-INST-396,2022-06-20,Mizoram,Lunglei,22.88832,92.73965,mudslide,monsoon_rain,1,519.0,28.87,159.0,-0.07901,0.02547,6.48,110.28,300.03,393.34,23.07,0.456,0.411,0.929,NASA_COOLR,NASA_GPM_IMERG,NASA_USDA_SMAP,COPERNICUS_GLO_30,train
APDA-V1-POS-00612,COOLR-IN-NER-023-INST-612,2024-05-21,Mizoram,Aizawl,23.73114,92.71903,stone_quarry_collapse,cyclone_remal_deluge,1,1287.3,41.76,301.7,-0.05021,0.01783,5.8,43.28,229.36,513.73,13.89,0.382,0.34,0.72,NASA_COOLR,NASA_GPM_IMERG,NASA_USDA_SMAP,COPERNICUS_GLO_30,train
APDA-V1-POS-00177,COOLR-IN-NER-022-INST-177,2020-07-21,Manipur,Tamenglong,24.98815,93.49316,mudslide,monsoon_rain,1,1076.6,35.42,146.2,-0.09212,0.06646,5.98,35.0,229.34,539.04,15.06,0.47,0.419,0.901,NASA_COOLR,NASA_GPM_IMERG,NASA_USDA_SMAP,COPERNICUS_GLO_30,train
APDA-V1-POS-00019,COOLR-IN-NER-019-INST-19,2020-08-03,Arunachal Pradesh,Lower Subansiri,27.52415,93.81958,debris_flow,monsoon_rain,1,2750.8,25.48,194.9,0.01579,0.04841,5.97,168.23,223.59,515.77,23.73,0.438,0.384,0.857,NASA_COOLR,NASA_GPM_IMERG,NASA_USDA_SMAP,COPERNICUS_GLO_30,train
APDA-V1-NEG-00561,NONE_ABSENCE_CONTROL,2021-10-17,Assam,Kamrup Metro,26.06125,91.84007,none,none,0,1441.6,3.52,357.4,0.03852,0.00067,7.51,4.32,25.09,45.57,0.72,0.136,0.125,0.302,NASA_COOLR_ABSENCE,NASA_GPM_IMERG,NASA_USDA_SMAP,COPERNICUS_GLO_30,test
APDA-V1-NEG-00472,NONE_ABSENCE_CONTROL,2023-07-21,West Bengal,Jalpaiguri,26.62958,88.82783,none,none,0,1926.8,0.24,265.3,-0.0215,-0.00933,9.22,7.81,17.6,58.67,1.3,0.103,0.095,0.216,NASA_COOLR_ABSENCE,NASA_GPM_IMERG,NASA_USDA_SMAP,COPERNICUS_GLO_30,train
APDA-V1-POS-00342,COOLR-IN-NER-001-INST-342,2023-06-20,Meghalaya,East Khasi Hills,25.53053,91.87016,debris_flow,monsoon_rain,1,768.7,53.16,168.0,-0.02063,0.01228,5.79,61.71,157.41,402.51,10.57,0.494,0.453,0.894,NASA_COOLR,NASA_GPM_IMERG,NASA_USDA_SMAP,COPERNICUS_GLO_30,train
APDA-V1-NEG-00598,NONE_ABSENCE_CONTROL,2021-11-14,Tripura,West Tripura,23.84528,91.33217,none,none,0,441.5,0.57,23.4,-0.0124,0.01007,9.07,0.4,9.07,27.22,0.07,0.065,0.06,0.155,NASA_COOLR_ABSENCE,NASA_GPM_IMERG,NASA_USDA_SMAP,COPERNICUS_GLO_30,train
APDA-V1-NEG-00130,NONE_ABSENCE_CONTROL,2023-10-06,Assam,Nagaon,26.38313,92.56018,none,none,0,621.9,0.63,141.4,0.00046,-0.01101,9.4,10.62,23.6,67.62,1.77,0.05,0.046,0.112,NASA_COOLR_ABSENCE,NASA_GPM_IMERG,NASA_USDA_SMAP,COPERNICUS_GLO_30,val
APDA-V1-POS-00596,COOLR-IN-NER-007-INST-596,2022-05-19,Assam,Dima Hasao,25.18748,93.02654,rotational_slide,torrential_rain,1,1839.4,40.72,143.1,-0.12516,0.06586,5.94,51.08,155.61,288.49,13.1,0.382,0.332,0.68,NASA_COOLR,NASA_GPM_IMERG,NASA_USDA_SMAP,COPERNICUS_GLO_30,train
APDA-V1-POS-00062,COOLR-IN-NER-031-INST-62,2023-10-13,West Bengal,Kalimpong,27.05675,88.47028,debris_flow,teesta_river_erosion,1,2776.6,34.25,297.2,-0.08846,0.01886,5.02,67.1,194.03,329.64,19.6,0.461,0.419,0.888,NASA_COOLR,NASA_GPM_IMERG,NASA_USDA_SMAP,COPERNICUS_GLO_30,train
APDA-V1-NEG-00511,NONE_ABSENCE_CONTROL,2023-07-02,Manipur,Imphal East,24.68241,93.81669,none,none,0,1077.4,5.34,288.4,-0.01195,-0.01035,5.77,6.62,21.35,46.1,1.1,0.078,0.072,0.16,NASA_COOLR_ABSENCE,NASA_GPM_IMERG,NASA_USDA_SMAP,COPERNICUS_GLO_30,test
APDA-V1-POS-00273,COOLR-IN-NER-025-INST-273,2021-08-08,Mizoram,Champhai,23.47895,93.33131,debris_flow,continuous_rain,1,969.9,25.45,139.8,-0.10948,-0.00465,5.26,82.47,143.37,250.64,11.48,0.436,0.404,0.912,NASA_COOLR,NASA_GPM_IMERG,NASA_USDA_SMAP,COPERNICUS_GLO_30,val
APDA-V1-NEG-00459,NONE_ABSENCE_CONTROL,2021-01-17,Assam,Dibrugarh,27.43901,94.78549,none,none,0,3592.1,2.87,192.2,0.0122,0.01631,8.0,0.97,16.98,34.29,0.16,0.173,0.159,0.394,NASA_COOLR_ABSENCE,NASA_GPM_IMERG,NASA_USDA_SMAP,COPERNICUS_GLO_30,test
APDA-V1-NEG-00123,NONE_ABSENCE_CONTROL,2023-10-01,Assam,Dibrugarh,27.59999,94.9931,none,none,0,3347.3,1.76,8.4,0.01181,0.0043,7.68,16.04,28.15,70.67,2.67,0.223,0.205,0.474,NASA_COOLR_ABSENCE,NASA_GPM_IMERG,NASA_USDA_SMAP,COPERNICUS_GLO_30,train
APDA-V1-NEG-00371,NONE_ABSENCE_CONTROL,2023-11-03,Assam,Dibrugarh,27.34478,94.94048,none,none,0,1850.9,2.33,21.2,-0.02236,-0.01217,7.38,1.3,10.27,49.16,0.22,0.216,0.199,0.45,NASA_COOLR_ABSENCE,NASA_GPM_IMERG,NASA_USDA_SMAP,COPERNICUS_GLO_30,train
APDA-V1-NEG-00657,NONE_ABSENCE_CONTROL,2023-10-07,Assam,Kamrup Metro,26.28186,91.70328,none,none,0,1745.2,6.41,215.6,-0.01432,-0.00236,7.0,10.3,30.65,74.13,1.72,0.066,0.06,0.134,NASA_COOLR_ABSENCE,NASA_GPM_IMERG,NASA_USDA_SMAP,COPERNICUS_GLO_30,train
APDA-V1-POS-00279,COOLR-IN-NER-031-INST-279,2023-10-04,West Bengal,Kalimpong,27.05948,88.46743,debris_flow,teesta_river_erosion,1,2677.7,29.66,180.1,-0.07642,0.01709,5.56,238.81,440.58,657.77,43.71,0.426,0.373,0.777,NASA_COOLR,NASA_GPM_IMERG,NASA_USDA_SMAP,COPERNICUS_GLO_30,test
APDA-V1-POS-00037,COOLR-IN-NER-006-INST-37,2024-05-22,Meghalaya,East Khasi Hills,25.57061,91.88489,shallow_slide,cyclone_remnants,1,1143.8,39.02,22.0,-0.04012,0.0337,5.93,112.63,168.81,268.84,21.14,0.498,0.474,0.982,NASA_COOLR,NASA_GPM_IMERG,NASA_USDA_SMAP,COPERNICUS_GLO_30,train
APDA-V1-POS-00663,COOLR-IN-NER-012-INST-663,2023-10-02,Sikkim,North Sikkim,27.68924,88.59096,complex_glol_debris,glacial_lake_outburst_rain,1,1613.5,52.69,189.7,-0.05881,0.03569,5.65,108.81,189.51,351.46,22.94,0.442,0.384,0.825,NASA_COOLR,NASA_GPM_IMERG,NASA_USDA_SMAP,COPERNICUS_GLO_30,val
APDA-V1-NEG-00602,NONE_ABSENCE_CONTROL,2022-03-25,Assam,Nagaon,26.36534,92.7541,none,none,0,967.5,9.62,327.1,0.01863,0.00576,6.36,0.24,20.48,40.78,0.04,0.03,0.027,0.07,NASA_COOLR_ABSENCE,NASA_GPM_IMERG,NASA_USDA_SMAP,COPERNICUS_GLO_30,train
APDA-V1-NEG-00340,NONE_ABSENCE_CONTROL,2023-11-08,Meghalaya,Ri-Bhoi,25.94814,91.7106,none,none,0,757.0,0.21,8.7,0.00605,-0.00492,8.93,1.55,23.01,67.97,0.26,0.223,0.205,0.446,NASA_COOLR_ABSENCE,NASA_GPM_IMERG,NASA_USDA_SMAP,COPERNICUS_GLO_30,train
APDA-V1-NEG-00228,NONE_ABSENCE_CONTROL,2022-05-12,Meghalaya,Ri-Bhoi,25.88084,91.72161,none,none,0,869.9,1.53,116.8,0.00739,0.01534,8.55,9.5,11.08,49.7,1.58,0.153,0.141,0.348,NASA_COOLR_ABSENCE,NASA_GPM_IMERG,NASA_USDA_SMAP,COPERNICUS_GLO_30,val
APDA-V1-POS-00739,COOLR-IN-NER-026-INST-739,2023-07-23,Nagaland,Kohima,25.67152,94.11419,translational_slide,continuous_rain,1,741.5,28.43,164.2,-0.02014,0.03826,5.26,137.52,244.1,395.08,19.96,0.455,0.423,0.902,NASA_COOLR,NASA_GPM_IMERG,NASA_USDA_SMAP,COPERNICUS_GLO_30,train
APDA-V1-POS-00192,COOLR-IN-NER-006-INST-192,2024-05-27,Meghalaya,East Khasi Hills,25.56596,91.88568,shallow_slide,cyclone_remnants,1,1230.5,48.06,331.1,0.0004,0.06026,4.81,141.58,255.98,498.93,25.94,0.411,0.363,0.734,NASA_COOLR,NASA_GPM_IMERG,NASA_USDA_SMAP,COPERNICUS_GLO_30,test
APDA-V1-NEG-00170,NONE_ABSENCE_CONTROL,2021-02-26,Assam,Nagaon,26.40736,92.73183,none,none,0,949.4,3.44,122.0,0.01899,-0.0044,6.0,2.69,7.19,10.26,0.45,0.166,0.153,0.393,NASA_COOLR_ABSENCE,NASA_GPM_IMERG,NASA_USDA_SMAP,COPERNICUS_GLO_30,train
APDA-V1-POS-00457,COOLR-IN-NER-023-INST-457,2024-05-21,Mizoram,Aizawl,23.73074,92.71435,stone_quarry_collapse,cyclone_remal_deluge,1,963.6,42.47,144.2,-0.10316,0.00953,5.25,72.63,143.16,351.92,13.82,0.486,0.447,0.949,NASA_COOLR,NASA_GPM_IMERG,NASA_USDA_SMAP,COPERNICUS_GLO_30,train
APDA-V1-POS-00676,COOLR-IN-NER-025-INST-676,2021-08-01,Mizoram,Champhai,23.47535,93.32772,debris_flow,continuous_rain,1,1294.3,31.67,152.6,-0.0534,0.05561,6.22,121.16,192.53,350.9,24.94,0.433,0.395,0.886,NASA_COOLR,NASA_GPM_IMERG,NASA_USDA_SMAP,COPERNICUS_GLO_30,train
APDA-V1-NEG-00011,NONE_ABSENCE_CONTROL,2022-06-14,Assam,Dibrugarh,27.42405,94.89061,none,none,0,1769.3,1.61,295.2,-0.00069,-0.00756,6.64,9.13,13.53,34.17,1.52,0.324,0.298,0.669,NASA_COOLR_ABSENCE,NASA_GPM_IMERG,NASA_USDA_SMAP,COPERNICUS_GLO_30,train
APDA-V1-NEG-00603,NONE_ABSENCE_CONTROL,2023-02-23,Assam,Dibrugarh,27.53038,95.01444,none,none,0,2077.4,8.83,309.8,0.00834,0.01156,6.32,0.82,5.92,15.66,0.14,0.027,0.025,0.06,NASA_COOLR_ABSENCE,NASA_GPM_IMERG,NASA_USDA_SMAP,COPERNICUS_GLO_30,train
APDA-V1-POS-00729,COOLR-IN-NER-016-INST-729,2023-07-02,Arunachal Pradesh,West Kameng,27.35597,92.41509,rockfall,cloudburst,1,1969.2,28.48,217.3,-0.04008,0.02589,6.53,50.53,116.81,344.12,12.38,0.366,0.328,0.68,NASA_COOLR,NASA_GPM_IMERG,NASA_USDA_SMAP,COPERNICUS_GLO_30,train
APDA-V1-POS-00413,COOLR-IN-NER-010-INST-413,2023-07-22,Assam,Kamrup Metropolitan,26.17043,91.7569,shallow_slide,urban_downpour,1,794.3,39.01,184.9,-0.08131,0.03504,5.48,97.52,206.92,442.34,20.55,0.387,0.338,0.68,NASA_COOLR,NASA_GPM_IMERG,NASA_USDA_SMAP,COPERNICUS_GLO_30,train
APDA-V1-NEG-00076,NONE_ABSENCE_CONTROL,2021-10-06,Meghalaya,Ri-Bhoi,25.85618,91.97146,none,none,0,825.7,10.87,199.3,0.01938,0.00052,5.39,5.47,8.1,47.14,0.91,0.204,0.188,0.486,NASA_COOLR_ABSENCE,NASA_GPM_IMERG,NASA_USDA_SMAP,COPERNICUS_GLO_30,train
APDA-V1-POS-00617,COOLR-IN-NER-028-INST-617,2020-09-20,Nagaland,Phek,25.6833,94.49661,debris_flow,monsoon_rain,1,1890.3,46.82,216.2,-0.05541,0.01409,5.44,61.78,178.44,400.47,8.73,0.439,0.397,0.823,NASA_COOLR,NASA_GPM_IMERG,NASA_USDA_SMAP,COPERNICUS_GLO_30,train
APDA-V1-POS-00115,COOLR-IN-NER-022-INST-115,2020-07-24,Manipur,Tamenglong,24.98252,93.49162,mudslide,monsoon_rain,1,771.1,45.11,61.6,-0.06333,0.01841,4.79,91.67,190.12,433.48,17.62,0.444,0.402,0.859,NASA_COOLR,NASA_GPM_IMERG,NASA_USDA_SMAP,COPERNICUS_GLO_30,train
APDA-V1-POS-00418,COOLR-IN-NER-015-INST-418,2020-09-02,Sikkim,West Sikkim,27.28497,88.24555,translational_slide,continuous_rain,1,1736.5,43.4,51.9,-0.03552,0.03631,4.99,115.16,274.77,420.53,17.86,0.417,0.371,0.813,NASA_COOLR,NASA_GPM_IMERG,NASA_USDA_SMAP,COPERNICUS_GLO_30,train
APDA-V1-NEG-00679,NONE_ABSENCE_CONTROL,2023-01-19,Manipur,Imphal East,24.79875,93.81899,none,none,0,850.2,2.7,352.4,-0.00602,-0.00047,7.4,4.43,6.79,51.2,0.74,0.192,0.177,0.403,NASA_COOLR_ABSENCE,NASA_GPM_IMERG,NASA_USDA_SMAP,COPERNICUS_GLO_30,train
APDA-V1-NEG-00220,NONE_ABSENCE_CONTROL,2023-11-05,Meghalaya,Ri-Bhoi,25.80889,91.74568,none,none,0,1638.1,7.33,204.1,-0.00709,-0.01073,6.02,0.93,22.91,31.66,0.15,0.068,0.063,0.154,NASA_COOLR_ABSENCE,NASA_GPM_IMERG,NASA_USDA_SMAP,COPERNICUS_GLO_30,train
APDA-V1-POS-00605,COOLR-IN-NER-016-INST-605,2023-07-06,Arunachal Pradesh,West Kameng,27.34875,92.41506,rockfall,cloudburst,1,3427.4,29.64,216.6,-0.01802,0.06786,5.08,167.25,384.21,483.13,22.62,0.385,0.353,0.771,NASA_COOLR,NASA_GPM_IMERG,NASA_USDA_SMAP,COPERNICUS_GLO_30,val
APDA-V1-NEG-00685,NONE_ABSENCE_CONTROL,2021-12-14,Meghalaya,West Garo Hills,25.37686,90.02541,none,none,0,626.9,1.37,298.0,0.01027,-0.01496,8.11,3.59,25.7,65.49,0.6,0.277,0.255,0.569,NASA_COOLR_ABSENCE,NASA_GPM_IMERG,NASA_USDA_SMAP,COPERNICUS_GLO_30,test
APDA-V1-POS-00090,COOLR-IN-NER-028-INST-90,2020-09-01,Nagaland,Phek,25.68626,94.49306,debris_flow,monsoon_rain,1,1515.1,27.58,200.0,-0.06609,0.05186,6.28,87.06,226.83,501.46,12.3,0.354,0.305,0.68,NASA_COOLR,NASA_GPM_IMERG,NASA_USDA_SMAP,COPERNICUS_GLO_30,train
APDA-V1-NEG-00099,NONE_ABSENCE_CONTROL,2022-10-01,Assam,Dibrugarh,27.54083,94.93461,none,none,0,2659.8,5.43,334.9,-0.0057,-0.00396,7.28,18.9,28.53,41.36,3.15,0.196,0.18,0.408,NASA_COOLR_ABSENCE,NASA_GPM_IMERG,NASA_USDA_SMAP,COPERNICUS_GLO_30,train
APDA-V1-NEG-00396,NONE_ABSENCE_CONTROL,2023-05-01,Meghalaya,Ri-Bhoi,25.92495,91.95598,none,none,0,1278.1,3.89,281.9,-0.00204,-0.02345,7.57,12.76,35.08,63.1,2.13,0.051,0.047,0.118,NASA_COOLR_ABSENCE,NASA_GPM_IMERG,NASA_USDA_SMAP,COPERNICUS_GLO_30,train
APDA-V1-NEG-00684,NONE_ABSENCE_CONTROL,2023-09-12,Meghalaya,Ri-Bhoi,25.88901,91.82128,none,none,0,904.2,3.97,321.1,-0.02184,0.0064,6.5,0.12,10.04,50.9,0.02,0.296,0.272,0.686,NASA_COOLR_ABSENCE,NASA_GPM_IMERG,NASA_USDA_SMAP,COPERNICUS_GLO_30,train
APDA-V1-NEG-00004,NONE_ABSENCE_CONTROL,2022-05-25,Meghalaya,Ri-Bhoi,25.98476,91.91476,none,none,0,950.1,1.24,187.7,-0.00082,0.00108,8.61,1.52,9.09,29.26,0.25,0.112,0.103,0.255,NASA_COOLR_ABSENCE,NASA_GPM_IMERG,NASA_USDA_SMAP,COPERNICUS_GLO_30,train
APDA-V1-POS-00499,COOLR-IN-NER-003-INST-499,2023-07-10,Meghalaya,Ri-Bhoi,25.75273,91.90734,rockfall,continuous_rain,1,1679.6,41.49,207.6,-0.02232,0.07753,5.68,126.78,251.72,386.6,21.16,0.382,0.34,0.68,NASA_COOLR,NASA_GPM_IMERG,NASA_USDA_SMAP,COPERNICUS_GLO_30,train
APDA-V1-POS-00012,COOLR-IN-NER-012-INST-12,2023-10-14,Sikkim,North Sikkim,27.69961,88.58694,complex_glol_debris,glacial_lake_outburst_rain,1,3641.2,28.42,193.6,-0.08857,0.03453,6.38,125.9,173.78,451.45,19.63,0.374,0.345,0.716,NASA_COOLR,NASA_GPM_IMERG,NASA_USDA_SMAP,COPERNICUS_GLO_30,train
APDA-V1-POS-00397,COOLR-IN-NER-025-INST-397,2021-07-15,Mizoram,Champhai,23.47511,93.32165,debris_flow,continuous_rain,1,1425.3,34.9,151.0,-0.02798,0.00497,5.47,148.11,280.45,507.41,28.68,0.433,0.378,0.832,NASA_COOLR,NASA_GPM_IMERG,NASA_USDA_SMAP,COPERNICUS_GLO_30,test
APDA-V1-POS-00285,COOLR-IN-NER-006-INST-285,2024-05-19,Meghalaya,East Khasi Hills,25.57132,91.88323,shallow_slide,cyclone_remnants,1,1287.9,34.41,184.7,-0.07591,0.03557,5.63,44.16,119.2,351.07,10.76,0.512,0.476,0.935,NASA_COOLR,NASA_GPM_IMERG,NASA_USDA_SMAP,COPERNICUS_GLO_30,train
APDA-V1-POS-00691,COOLR-IN-NER-009-INST-691,2022-06-20,Assam,Cachar,24.83359,92.79163,mudslide,flooding_rain,1,1106.6,20.11,161.0,-0.05946,0.06474,6.04,112.28,265.69,468.76,17.82,0.478,0.444,0.957,NASA_COOLR,NASA_GPM_IMERG,NASA_USDA_SMAP,COPERNICUS_GLO_30,train
APDA-V1-NEG-00481,NONE_ABSENCE_CONTROL,2023-12-28,Assam,Kamrup Metro,26.04402,91.58619,none,none,0,1106.3,11.59,118.0,0.00846,-0.00582,6.29,0.35,19.36,27.34,0.06,0.161,0.148,0.344,NASA_COOLR_ABSENCE,NASA_GPM_IMERG,NASA_USDA_SMAP,COPERNICUS_GLO_30,val
APDA-V1-NEG-00654,NONE_ABSENCE_CONTROL,2022-02-17,Tripura,West Tripura,23.73661,91.33908,none,none,0,1430.5,0.82,97.4,-0.00494,0.00472,9.03,0.34,16.84,33.97,0.06,0.12,0.11,0.28,NASA_COOLR_ABSENCE,NASA_GPM_IMERG,NASA_USDA_SMAP,COPERNICUS_GLO_30,test
APDA-V1-POS-00690,COOLR-IN-NER-008-INST-690,2022-05-02,Assam,Dima Hasao,25.08119,93.15669,debris_flow,monsoon_rain,1,1405.6,32.89,197.8,0.00485,-0.00319,5.22,55.4,171.36,423.28,13.6,0.429,0.397,0.805,NASA_COOLR,NASA_GPM_IMERG,NASA_USDA_SMAP,COPERNICUS_GLO_30,train
APDA-V1-NEG-00102,NONE_ABSENCE_CONTROL,2023-07-13,Tripura,West Tripura,23.89108,91.3076,none,none,0,1078.1,5.21,213.8,-0.00858,-0.00962,5.51,2.26,22.61,63.98,0.38,0.197,0.181,0.466,NASA_COOLR_ABSENCE,NASA_GPM_IMERG,NASA_USDA_SMAP,COPERNICUS_GLO_30,train
APDA-V1-POS-00160,COOLR-IN-NER-005-INST-160,2020-09-16,Meghalaya,East Garo Hills,25.60431,90.58479,debris_flow,tropical_cyclone,1,1555.5,43.48,139.0,0.00342,0.08048,5.68,73.33,201.01,253.01,20.09,0.366,0.336,0.713,NASA_COOLR,NASA_GPM_IMERG,NASA_USDA_SMAP,COPERNICUS_GLO_30,train
APDA-V1-NEG-00146,NONE_ABSENCE_CONTROL,2023-09-17,Assam,Nagaon,26.40034,92.62363,none,none,0,1575.9,1.22,244.4,0.01011,0.00676,8.56,6.73,13.39,57.83,1.12,0.099,0.092,0.233,NASA_COOLR_ABSENCE,NASA_GPM_IMERG,NASA_USDA_SMAP,COPERNICUS_GLO_30,train
APDA-V1-NEG-00440,NONE_ABSENCE_CONTROL,2022-11-19,West Bengal,Jalpaiguri,26.64272,88.58319,none,none,0,1084.8,1.16,106.2,0.00581,0.02383,7.84,0.35,9.38,54.26,0.06,0.26,0.239,0.59,NASA_COOLR_ABSENCE,NASA_GPM_IMERG,NASA_USDA_SMAP,COPERNICUS_GLO_30,test
APDA-V1-POS-00258,COOLR-IN-NER-010-INST-258,2023-08-04,Assam,Kamrup Metropolitan,26.17296,91.75323,shallow_slide,urban_downpour,1,752.5,45.54,204.7,-0.05611,0.07192,4.47,138.62,331.65,551.87,31.52,0.477,0.419,0.819,NASA_COOLR,NASA_GPM_IMERG,NASA_USDA_SMAP,COPERNICUS_GLO_30,train
APDA-V1-POS-00336,COOLR-IN-NER-026-INST-336,2023-07-06,Nagaland,Kohima,25.67173,94.11524,translational_slide,continuous_rain,1,1675.1,39.64,148.9,-0.02645,0.04404,6.0,127.69,338.69,414.14,20.83,0.496,0.455,0.947,NASA_COOLR,NASA_GPM_IMERG,NASA_USDA_SMAP,COPERNICUS_GLO_30,train
APDA-V1-NEG-00658,NONE_ABSENCE_CONTROL,2023-07-05,Assam,Nagaon,26.32169,92.78417,none,none,0,1637.4,0.87,10.4,-0.00236,-0.00369,8.41,7.51,16.63,28.17,1.25,0.255,0.235,0.555,NASA_COOLR_ABSENCE,NASA_GPM_IMERG,NASA_USDA_SMAP,COPERNICUS_GLO_30,train
APDA-V1-NEG-00290,NONE_ABSENCE_CONTROL,2022-08-28,Assam,Nagaon,26.47808,92.64957,none,none,0,1201.2,6.71,272.3,-0.01172,0.00607,6.49,8.36,12.83,54.85,1.39,0.136,0.125,0.279,NASA_COOLR_ABSENCE,NASA_GPM_IMERG,NASA_USDA_SMAP,COPERNICUS_GLO_30,train
APDA-V1-POS-00516,COOLR-IN-NER-020-INST-516,2022-06-17,Manipur,Noney,24.78465,93.67862,massive_debris_slide,unprecedented_continuous_rain,1,1213.0,59.43,162.0,-0.04328,0.09106,5.49,55.89,221.17,512.3,18.12,0.389,0.351,0.784,NASA_COOLR,NASA_GPM_IMERG,NASA_USDA_SMAP,COPERNICUS_GLO_30,test
APDA-V1-NEG-00266,NONE_ABSENCE_CONTROL,2021-06-09,Assam,Nagaon,26.4815,92.73337,none,none,0,1819.3,7.26,187.0,-0.01924,0.00411,6.43,1.18,8.08,29.36,0.2,0.135,0.124,0.301,NASA_COOLR_ABSENCE,NASA_GPM_IMERG,NASA_USDA_SMAP,COPERNICUS_GLO_30,train
APDA-V1-NEG-00019,NONE_ABSENCE_CONTROL,2021-09-03,Assam,Dibrugarh,27.41623,94.97834,none,none,0,1436.6,1.96,237.4,0.00449,0.01126,7.8,2.35,10.74,53.91,0.39,0.233,0.215,0.54,NASA_COOLR_ABSENCE,NASA_GPM_IMERG,NASA_USDA_SMAP,COPERNICUS_GLO_30,train
APDA-V1-NEG-00567,NONE_ABSENCE_CONTROL,2022-01-03,Manipur,Imphal East,24.66908,93.90574,none,none,0,278.0,9.77,346.2,0.01006,0.00823,5.32,2.13,18.11,62.12,0.35,0.105,0.097,0.218,NASA_COOLR_ABSENCE,NASA_GPM_IMERG,NASA_USDA_SMAP,COPERNICUS_GLO_30,test
APDA-V1-NEG-00012,NONE_ABSENCE_CONTROL,2023-11-20,Meghalaya,Ri-Bhoi,25.89683,91.82187,none,none,0,783.2,13.08,121.6,-0.01781,-0.00919,6.28,0.69,3.03,42.03,0.12,0.335,0.308,0.676,NASA_COOLR_ABSENCE,NASA_GPM_IMERG,NASA_USDA_SMAP,COPERNICUS_GLO_30,test
APDA-V1-NEG-00353,NONE_ABSENCE_CONTROL,2022-07-12,Assam,Kamrup Metro,26.1071,91.76253,none,none,0,742.3,1.02,180.3,0.00387,-0.00958,8.91,12.1,21.07,33.8,2.02,0.131,0.12,0.283,NASA_COOLR_ABSENCE,NASA_GPM_IMERG,NASA_USDA_SMAP,COPERNICUS_GLO_30,train
APDA-V1-POS-00522,COOLR-IN-NER-026-INST-522,2023-07-30,Nagaland,Kohima,25.67837,94.11286,translational_slide,continuous_rain,1,1494.0,38.49,288.6,-0.0459,0.04004,4.8,52.59,206.64,406.28,14.73,0.369,0.314,0.68,NASA_COOLR,NASA_GPM_IMERG,NASA_USDA_SMAP,COPERNICUS_GLO_30,train
APDA-V1-POS-00023,COOLR-IN-NER-023-INST-23,2024-05-23,Mizoram,Aizawl,23.72755,92.71814,stone_quarry_collapse,cyclone_remal_deluge,1,374.4,31.15,218.8,-0.0873,0.06348,6.14,35.0,183.5,375.64,13.76,0.504,0.461,0.943,NASA_COOLR,NASA_GPM_IMERG,NASA_USDA_SMAP,COPERNICUS_GLO_30,train
APDA-V1-POS-00357,COOLR-IN-NER-016-INST-357,2023-06-25,Arunachal Pradesh,West Kameng,27.34624,92.41126,rockfall,cloudburst,1,1734.1,27.13,150.6,-0.02801,0.02298,6.35,36.13,179.64,479.65,11.97,0.453,0.418,0.816,NASA_COOLR,NASA_GPM_IMERG,NASA_USDA_SMAP,COPERNICUS_GLO_30,train
APDA-V1-NEG-00522,NONE_ABSENCE_CONTROL,2022-12-14,Assam,Nagaon,26.43048,92.71361,none,none,0,1090.7,0.44,36.7,0.00183,-0.00305,8.08,5.22,6.26,45.86,0.87,0.091,0.084,0.208,NASA_COOLR_ABSENCE,NASA_GPM_IMERG,NASA_USDA_SMAP,COPERNICUS_GLO_30,train
APDA-V1-POS-00341,COOLR-IN-NER-031-INST-341,2023-10-03,West Bengal,Kalimpong,27.06578,88.47514,debris_flow,teesta_river_erosion,1,2882.7,29.39,201.3,-0.08339,0.02207,5.57,130.3,241.09,541.37,17.06,0.449,0.4,0.794,NASA_COOLR,NASA_GPM_IMERG,NASA_USDA_SMAP,COPERNICUS_GLO_30,train
APDA-V1-POS-00432,COOLR-IN-NER-029-INST-432,2022-05-25,Tripura,Dhalai,23.85429,91.94652,shallow_slide,heavy_rain,1,1406.3,27.75,233.3,0.03207,0.02376,6.67,102.28,252.48,432.89,24.72,0.405,0.358,0.814,NASA_COOLR,NASA_GPM_IMERG,NASA_USDA_SMAP,COPERNICUS_GLO_30,test
APDA-V1-POS-00474,COOLR-IN-NER-009-INST-474,2022-06-18,Assam,Cachar,24.83504,92.79808,mudslide,flooding_rain,1,1162.5,32.48,175.9,0.00182,0.07366,6.55,61.64,142.98,204.4,16.79,0.404,0.364,0.774,NASA_COOLR,NASA_GPM_IMERG,NASA_USDA_SMAP,COPERNICUS_GLO_30,test
APDA-V1-POS-00218,COOLR-IN-NER-001-INST-218,2023-06-14,Meghalaya,East Khasi Hills,25.53027,91.8697,debris_flow,monsoon_rain,1,968.0,36.67,234.2,-0.03102,0.03121,5.82,35.0,177.16,275.55,7.1,0.488,0.427,0.899,NASA_COOLR,NASA_GPM_IMERG,NASA_USDA_SMAP,COPERNICUS_GLO_30,val
APDA-V1-NEG-00162,NONE_ABSENCE_CONTROL,2023-04-26,Assam,Nagaon,26.44077,92.73317,none,none,0,1881.0,1.03,208.7,0.00228,-0.00919,8.7,1.69,19.24,37.16,0.28,0.171,0.157,0.383,NASA_COOLR_ABSENCE,NASA_GPM_IMERG,NASA_USDA_SMAP,COPERNICUS_GLO_30,test
APDA-V1-NEG-00455,NONE_ABSENCE_CONTROL,2023-02-03,Manipur,Imphal East,24.91366,93.85662,none,none,0,695.7,8.5,80.6,-0.00131,0.00343,6.67,1.59,2.27,27.07,0.26,0.119,0.11,0.278,NASA_COOLR_ABSENCE,NASA_GPM_IMERG,NASA_USDA_SMAP,COPERNICUS_GLO_30,val
APDA-V1-NEG-00262,NONE_ABSENCE_CONTROL,2021-06-09,Tripura,West Tripura,23.9135,91.37339,none,none,0,697.9,0.5,69.9,0.01328,0.00145,9.48,3.51,26.83,50.06,0.59,0.074,0.068,0.151,NASA_COOLR_ABSENCE,NASA_GPM_IMERG,NASA_USDA_SMAP,COPERNICUS_GLO_30,val
APDA-V1-NEG-00709,NONE_ABSENCE_CONTROL,2023-09-03,Meghalaya,West Garo Hills,25.58304,90.16427,none,none,0,1014.3,6.46,7.5,-0.00225,-0.00264,5.18,8.76,30.49,71.29,1.46,0.171,0.157,0.353,NASA_COOLR_ABSENCE,NASA_GPM_IMERG,NASA_USDA_SMAP,COPERNICUS_GLO_30,val
APDA-V1-POS-00094,COOLR-IN-NER-001-INST-94,2023-06-08,Meghalaya,East Khasi Hills,25.53192,91.87062,debris_flow,monsoon_rain,1,1465.1,41.25,226.6,0.02678,0.03516,5.0,36.39,209.53,428.46,11.37,0.365,0.335,0.697,NASA_COOLR,NASA_GPM_IMERG,NASA_USDA_SMAP,COPERNICUS_GLO_30,train
APDA-V1-NEG-00259,NONE_ABSENCE_CONTROL,2021-05-06,Assam,Dibrugarh,27.40424,94.78509,none,none,0,3037.2,0.79,77.4,-0.0113,-0.00842,7.57,5.13,7.95,25.4,0.86,0.339,0.312,0.783,NASA_COOLR_ABSENCE,NASA_GPM_IMERG,NASA_USDA_SMAP,COPERNICUS_GLO_30,train
APDA-V1-NEG-00321,NONE_ABSENCE_CONTROL,2023-05-19,Assam,Kamrup Metro,26.06324,91.79075,none,none,0,1596.1,16.0,217.7,-0.02227,-0.01278,6.01,8.74,15.84,26.75,1.46,0.136,0.125,0.292,NASA_COOLR_ABSENCE,NASA_GPM_IMERG,NASA_USDA_SMAP,COPERNICUS_GLO_30,train
APDA-V1-POS-00697,COOLR-IN-NER-015-INST-697,2020-08-06,Sikkim,West Sikkim,27.29003,88.23979,translational_slide,continuous_rain,1,2950.6,31.71,219.1,-0.11438,0.00313,6.08,93.25,209.16,471.58,20.45,0.491,0.432,0.908,NASA_COOLR,NASA_GPM_IMERG,NASA_USDA_SMAP,COPERNICUS_GLO_30,train
APDA-V1-NEG-00247,NONE_ABSENCE_CONTROL,2022-05-30,Manipur,Imphal East,24.66591,94.0439,none,none,0,1066.6,4.65,99.4,-0.02306,-0.00788,6.49,2.16,10.9,37.53,0.36,0.087,0.08,0.183,NASA_COOLR_ABSENCE,NASA_GPM_IMERG,NASA_USDA_SMAP,COPERNICUS_GLO_30,train
APDA-V1-POS-00154,COOLR-IN-NER-030-INST-154,2021-10-09,West Bengal,Darjeeling,27.03781,88.26202,rotational_slide,post_monsoon_deluge,1,1776.4,30.36,230.8,-0.02214,0.03033,6.59,60.29,188.11,309.05,12.12,0.403,0.37,0.817,NASA_COOLR,NASA_GPM_IMERG,NASA_USDA_SMAP,COPERNICUS_GLO_30,train
APDA-V1-NEG-00550,NONE_ABSENCE_CONTROL,2023-10-17,Tripura,West Tripura,23.77647,91.24927,none,none,0,953.7,2.26,135.9,0.00178,0.00592,8.11,13.37,16.76,22.25,2.23,0.252,0.232,0.565,NASA_COOLR_ABSENCE,NASA_GPM_IMERG,NASA_USDA_SMAP,COPERNICUS_GLO_30,train
APDA-V1-NEG-00748,NONE_ABSENCE_CONTROL,2022-07-27,Meghalaya,Ri-Bhoi,26.02542,91.86745,none,none,0,771.2,8.25,286.5,-0.0094,0.01511,6.86,9.33,22.08,49.87,1.56,0.037,0.034,0.076,NASA_COOLR_ABSENCE,NASA_GPM_IMERG,NASA_USDA_SMAP,COPERNICUS_GLO_30,train
APDA-V1-NEG-00040,NONE_ABSENCE_CONTROL,2021-06-17,West Bengal,Jalpaiguri,26.46097,88.74344,none,none,0,675.9,16.0,205.9,0.00509,-0.0143,5.58,6.02,9.26,30.56,1.0,0.118,0.108,0.256,NASA_COOLR_ABSENCE,NASA_GPM_IMERG,NASA_USDA_SMAP,COPERNICUS_GLO_30,train
APDA-V1-POS-00581,COOLR-IN-NER-023-INST-581,2024-05-24,Mizoram,Aizawl,23.73017,92.71698,stone_quarry_collapse,cyclone_remal_deluge,1,1075.8,34.19,165.1,-0.01058,0.05099,6.47,100.0,160.78,283.66,17.4,0.529,0.491,0.959,NASA_COOLR,NASA_GPM_IMERG,NASA_USDA_SMAP,COPERNICUS_GLO_30,val
APDA-V1-POS-00704,COOLR-IN-NER-022-INST-704,2020-07-11,Manipur,Tamenglong,24.98818,93.49206,mudslide,monsoon_rain,1,880.6,38.0,170.4,-0.00386,0.0137,5.17,35.0,204.12,397.85,9.3,0.421,0.376,0.753,NASA_COOLR,NASA_GPM_IMERG,NASA_USDA_SMAP,COPERNICUS_GLO_30,test
APDA-V1-NEG-00509,NONE_ABSENCE_CONTROL,2022-05-10,Meghalaya,West Garo Hills,25.44599,90.16326,none,none,0,1028.9,7.21,136.2,0.01951,0.00298,5.97,14.77,36.38,80.59,2.46,0.041,0.038,0.096,NASA_COOLR_ABSENCE,NASA_GPM_IMERG,NASA_USDA_SMAP,COPERNICUS_GLO_30,train
APDA-V1-POS-00488,COOLR-IN-NER-023-INST-488,2024-05-19,Mizoram,Aizawl,23.72925,92.71431,stone_quarry_collapse,cyclone_remal_deluge,1,781.4,43.95,220.1,-0.05257,0.07803,5.91,68.83,155.02,350.78,14.6,0.387,0.343,0.68,NASA_COOLR,NASA_GPM_IMERG,NASA_USDA_SMAP,COPERNICUS_GLO_30,train
APDA-V1-POS-00560,COOLR-IN-NER-002-INST-560,2022-06-19,Meghalaya,East Khasi Hills,25.30034,91.71652,mudslide,downpour,1,1902.8,42.61,350.7,0.01753,0.00621,6.01,35.0,139.86,225.61,10.24,0.453,0.413,0.872,NASA_COOLR,NASA_GPM_IMERG,NASA_USDA_SMAP,COPERNICUS_GLO_30,train
APDA-V1-NEG-00052,NONE_ABSENCE_CONTROL,2023-09-12,Meghalaya,Ri-Bhoi,25.906,91.72118,none,none,0,957.9,1.88,79.8,-0.00335,-0.00589,8.11,0.87,5.44,43.96,0.15,0.097,0.09,0.209,NASA_COOLR_ABSENCE,NASA_GPM_IMERG,NASA_USDA_SMAP,COPERNICUS_GLO_30,val
APDA-V1-POS-00513,COOLR-IN-NER-017-INST-513,2021-05-25,Arunachal Pradesh,Tawang,27.58444,91.86591,debris_avalanche,rain_snowmelt,1,2480.1,44.28,147.7,-0.03373,0.02572,5.49,35.0,157.48,367.38,7.58,0.39,0.337,0.68,NASA_COOLR,NASA_GPM_IMERG,NASA_USDA_SMAP,COPERNICUS_GLO_30,val
APDA-V1-POS-00634,COOLR-IN-NER-014-INST-634,2021-08-27,Sikkim,South Sikkim,27.18611,88.36033,rotational_slide,monsoon_rain,1,2214.2,37.99,148.0,-0.07313,0.04841,4.94,91.1,201.63,301.78,14.31,0.454,0.397,0.831,NASA_COOLR,NASA_GPM_IMERG,NASA_USDA_SMAP,COPERNICUS_GLO_30,train
APDA-V1-NEG-00361,NONE_ABSENCE_CONTROL,2022-10-05,Assam,Kamrup Metro,26.08889,91.76895,none,none,0,1693.4,8.59,187.5,0.0156,-0.00241,6.54,5.07,8.55,24.32,0.84,0.24,0.221,0.566,NASA_COOLR_ABSENCE,NASA_GPM_IMERG,NASA_USDA_SMAP,COPERNICUS_GLO_30,val
APDA-V1-NEG-00722,NONE_ABSENCE_CONTROL,2021-07-17,Assam,Nagaon,26.27174,92.78899,none,none,0,976.1,3.91,121.1,0.02058,-0.01623,5.88,15.18,27.9,49.02,2.53,0.217,0.2,0.504,NASA_COOLR_ABSENCE,NASA_GPM_IMERG,NASA_USDA_SMAP,COPERNICUS_GLO_30,train
APDA-V1-NEG-00041,NONE_ABSENCE_CONTROL,2022-04-03,Assam,Kamrup Metro,26.17743,91.69595,none,none,0,1584.4,0.88,95.5,0.01893,0.0018,8.94,0.69,16.55,29.83,0.11,0.25,0.23,0.584,NASA_COOLR_ABSENCE,NASA_GPM_IMERG,NASA_USDA_SMAP,COPERNICUS_GLO_30,train
APDA-V1-POS-00117,COOLR-IN-NER-024-INST-117,2022-06-07,Mizoram,Lunglei,22.88227,92.73769,mudslide,monsoon_rain,1,838.4,39.24,199.8,-0.00894,0.05538,5.96,102.23,168.57,377.69,21.02,0.456,0.409,0.843,NASA_COOLR,NASA_GPM_IMERG,NASA_USDA_SMAP,COPERNICUS_GLO_30,test
APDA-V1-POS-00741,COOLR-IN-NER-028-INST-741,2020-08-27,Nagaland,Phek,25.68347,94.49995,debris_flow,monsoon_rain,1,1560.8,44.59,170.8,-0.08285,0.04438,5.71,112.81,311.98,369.07,26.59,0.471,0.426,0.892,NASA_COOLR,NASA_GPM_IMERG,NASA_USDA_SMAP,COPERNICUS_GLO_30,train
APDA-V1-NEG-00332,NONE_ABSENCE_CONTROL,2021-02-28,Meghalaya,Ri-Bhoi,25.94328,91.72365,none,none,0,1076.8,1.06,339.6,-0.0061,-0.00843,8.28,1.89,7.6,19.31,0.32,0.12,0.111,0.281,NASA_COOLR_ABSENCE,NASA_GPM_IMERG,NASA_USDA_SMAP,COPERNICUS_GLO_30,train
APDA-V1-NEG-00081,NONE_ABSENCE_CONTROL,2022-09-21,Assam,Kamrup Metro,26.13444,91.81672,none,none,0,814.0,1.87,296.8,0.00729,0.0159,7.54,5.94,13.08,28.54,0.99,0.288,0.265,0.62,NASA_COOLR_ABSENCE,NASA_GPM_IMERG,NASA_USDA_SMAP,COPERNICUS_GLO_30,train
APDA-V1-POS-00120,COOLR-IN-NER-027-INST-120,2022-08-04,Nagaland,Mokokchung,26.32493,94.52141,mudslide,monsoon_rain,1,1415.0,32.02,223.5,-0.07079,0.04849,5.8,103.61,175.75,268.69,13.96,0.414,0.368,0.797,NASA_COOLR,NASA_GPM_IMERG,NASA_USDA_SMAP,COPERNICUS_GLO_30,train
APDA-V1-POS-00657,COOLR-IN-NER-006-INST-657,2024-05-22,Meghalaya,East Khasi Hills,25.57263,91.88157,shallow_slide,cyclone_remnants,1,1411.2,36.64,318.5,0.01045,0.0123,5.2,72.2,196.38,500.5,13.19,0.364,0.332,0.708,NASA_COOLR,NASA_GPM_IMERG,NASA_USDA_SMAP,COPERNICUS_GLO_30,test
APDA-V1-POS-00636,COOLR-IN-NER-016-INST-636,2023-07-02,Arunachal Pradesh,West Kameng,27.3497,92.41895,rockfall,cloudburst,1,3358.6,27.6,157.7,-0.03449,0.01624,6.52,63.59,230.84,400.33,16.76,0.441,0.402,0.911,NASA_COOLR,NASA_GPM_IMERG,NASA_USDA_SMAP,COPERNICUS_GLO_30,test
APDA-V1-POS-00370,COOLR-IN-NER-029-INST-370,2022-05-15,Tripura,Dhalai,23.85458,91.9493,shallow_slide,heavy_rain,1,663.2,26.26,239.0,0.00413,0.03439,5.9,89.78,237.42,435.57,12.55,0.461,0.417,0.853,NASA_COOLR,NASA_GPM_IMERG,NASA_USDA_SMAP,COPERNICUS_GLO_30,train
APDA-V1-POS-00269,COOLR-IN-NER-021-INST-269,2021-08-08,Manipur,Senapati,25.27115,94.02589,translational_slide,monsoon_rain,1,924.4,44.45,212.5,-0.0881,0.04688,5.1,43.59,89.77,242.54,13.48,0.438,0.4,0.912,NASA_COOLR,NASA_GPM_IMERG,NASA_USDA_SMAP,COPERNICUS_GLO_30,train
APDA-V1-POS-00656,COOLR-IN-NER-005-INST-656,2020-09-15,Meghalaya,East Garo Hills,25.59953,90.58931,debris_flow,tropical_cyclone,1,832.5,34.01,138.7,-0.05297,0.02677,5.38,55.66,131.04,306.64,12.8,0.426,0.377,0.81,NASA_COOLR,NASA_GPM_IMERG,NASA_USDA_SMAP,COPERNICUS_GLO_30,val
APDA-V1-NEG-00186,NONE_ABSENCE_CONTROL,2021-03-10,Assam,Nagaon,26.20152,92.54815,none,none,0,1342.9,8.09,322.0,0.00057,0.01576,6.33,1.15,10.14,27.49,0.19,0.126,0.116,0.299,NASA_COOLR_ABSENCE,NASA_GPM_IMERG,NASA_USDA_SMAP,COPERNICUS_GLO_30,train
APDA-V1-NEG-00073,NONE_ABSENCE_CONTROL,2023-01-29,Assam,Kamrup Metro,26.21906,91.65221,none,none,0,1600.8,3.75,285.8,0.00053,-0.00309,6.94,2.5,15.44,32.87,0.42,0.247,0.227,0.52,NASA_COOLR_ABSENCE,NASA_GPM_IMERG,NASA_USDA_SMAP,COPERNICUS_GLO_30,test
APDA-V1-NEG-00117,NONE_ABSENCE_CONTROL,2023-08-03,Meghalaya,West Garo Hills,25.53177,90.08482,none,none,0,1894.1,6.41,293.7,0.00631,0.01075,7.02,0.59,24.34,45.47,0.1,0.282,0.26,0.579,NASA_COOLR_ABSENCE,NASA_GPM_IMERG,NASA_USDA_SMAP,COPERNICUS_GLO_30,train
APDA-V1-POS-00047,COOLR-IN-NER-016-INST-47,2023-06-25,Arunachal Pradesh,West Kameng,27.34993,92.41931,rockfall,cloudburst,1,3054.2,33.85,300.5,-0.01812,0.0481,6.21,46.58,104.02,178.74,8.24,0.34,0.303,0.68,NASA_COOLR,NASA_GPM_IMERG,NASA_USDA_SMAP,COPERNICUS_GLO_30,train
APDA-V1-NEG-00541,NONE_ABSENCE_CONTROL,2021-10-30,Meghalaya,West Garo Hills,25.42685,90.03238,none,none,0,1299.3,0.48,239.4,0.01674,0.0172,9.26,8.93,17.71,46.8,1.49,0.043,0.04,0.096,NASA_COOLR_ABSENCE,NASA_GPM_IMERG,NASA_USDA_SMAP,COPERNICUS_GLO_30,val
APDA-V1-NEG-00242,NONE_ABSENCE_CONTROL,2021-03-21,Assam,Nagaon,26.30551,92.73065,none,none,0,1221.5,0.48,237.9,0.01226,-0.00662,9.01,0.07,13.7,54.61,0.01,0.238,0.219,0.559,NASA_COOLR_ABSENCE,NASA_GPM_IMERG,NASA_USDA_SMAP,COPERNICUS_GLO_30,train
APDA-V1-NEG-00127,NONE_ABSENCE_CONTROL,2022-11-19,Manipur,Imphal East,24.77723,93.79355,none,none,0,292.4,9.56,295.5,0.00704,0.00737,6.42,0.31,0.92,14.31,0.05,0.016,0.014,0.037,NASA_COOLR_ABSENCE,NASA_GPM_IMERG,NASA_USDA_SMAP,COPERNICUS_GLO_30,train
APDA-V1-NEG-00024,NONE_ABSENCE_CONTROL,2023-11-25,West Bengal,Jalpaiguri,26.63803,88.57144,none,none,0,1062.1,1.77,230.1,-0.01113,0.01336,8.16,1.75,9.8,23.05,0.29,0.158,0.145,0.345,NASA_COOLR_ABSENCE,NASA_GPM_IMERG,NASA_USDA_SMAP,COPERNICUS_GLO_30,train
APDA-V1-NEG-00750,NONE_ABSENCE_CONTROL,2021-01-02,Tripura,West Tripura,23.79698,91.17395,none,none,0,1320.9,14.85,343.8,-0.01531,-0.00811,4.71,1.18,24.27,28.88,0.2,0.227,0.209,0.477,NASA_COOLR_ABSENCE,NASA_GPM_IMERG,NASA_USDA_SMAP,COPERNICUS_GLO_30,train
APDA-V1-POS-00005,COOLR-IN-NER-005-INST-5,2020-10-02,Meghalaya,East Garo Hills,25.59944,90.58603,debris_flow,tropical_cyclone,1,917.2,23.5,220.5,-0.05538,0.04502,5.49,49.52,204.48,338.02,10.27,0.387,0.342,0.772,NASA_COOLR,NASA_GPM_IMERG,NASA_USDA_SMAP,COPERNICUS_GLO_30,train
APDA-V1-NEG-00254,NONE_ABSENCE_CONTROL,2021-10-24,Tripura,West Tripura,23.86706,91.38617,none,none,0,339.4,3.87,289.9,0.00246,0.00649,6.54,25.53,38.31,58.65,4.25,0.189,0.174,0.381,NASA_COOLR_ABSENCE,NASA_GPM_IMERG,NASA_USDA_SMAP,COPERNICUS_GLO_30,train
APDA-V1-NEG-00552,NONE_ABSENCE_CONTROL,2023-03-21,West Bengal,Jalpaiguri,26.54664,88.57228,none,none,0,1564.7,13.65,318.5,0.02173,0.01448,6.25,2.03,10.38,25.01,0.34,0.084,0.077,0.173,NASA_COOLR_ABSENCE,NASA_GPM_IMERG,NASA_USDA_SMAP,COPERNICUS_GLO_30,test
APDA-V1-POS-00264,COOLR-IN-NER-016-INST-264,2023-06-14,Arunachal Pradesh,West Kameng,27.35134,92.41646,rockfall,cloudburst,1,1510.5,36.98,138.5,-0.06651,0.00843,6.0,101.11,187.29,484.12,21.27,0.453,0.435,0.99,NASA_COOLR,NASA_GPM_IMERG,NASA_USDA_SMAP,COPERNICUS_GLO_30,test
APDA-V1-NEG-00584,NONE_ABSENCE_CONTROL,2021-05-01,West Bengal,Jalpaiguri,26.66881,88.613,none,none,0,1434.4,1.32,108.4,-0.00853,0.00228,7.4,4.3,5.22,18.4,0.72,0.066,0.06,0.141,NASA_COOLR_ABSENCE,NASA_GPM_IMERG,NASA_USDA_SMAP,COPERNICUS_GLO_30,train
APDA-V1-NEG-00693,NONE_ABSENCE_CONTROL,2022-01-01,Meghalaya,West Garo Hills,25.63978,90.23374,none,none,0,1100.6,0.55,20.6,0.00389,0.0041,9.48,1.32,19.89,44.73,0.22,0.144,0.133,0.321,NASA_COOLR_ABSENCE,NASA_GPM_IMERG,NASA_USDA_SMAP,COPERNICUS_GLO_30,train
APDA-V1-POS-00444,COOLR-IN-NER-010-INST-444,2023-08-12,Assam,Kamrup Metropolitan,26.17488,91.75506,shallow_slide,urban_downpour,1,1287.4,59.5,169.4,0.00236,0.07291,5.36,75.31,181.04,413.16,19.59,0.416,0.363,0.737,NASA_COOLR,NASA_GPM_IMERG,NASA_USDA_SMAP,COPERNICUS_GLO_30,val
APDA-V1-NEG-00253,NONE_ABSENCE_CONTROL,2023-12-28,Meghalaya,West Garo Hills,25.4308,90.28183,none,none,0,1882.4,5.24,47.5,0.00375,0.00077,6.73,3.14,14.5,56.02,0.52,0.059,0.055,0.139,NASA_COOLR_ABSENCE,NASA_GPM_IMERG,NASA_USDA_SMAP,COPERNICUS_GLO_30,test
APDA-V1-NEG-00328,NONE_ABSENCE_CONTROL,2022-07-13,West Bengal,Jalpaiguri,26.63188,88.65126,none,none,0,971.1,16.0,62.2,0.00207,0.00445,5.63,1.79,5.08,34.22,0.3,0.174,0.16,0.389,NASA_COOLR_ABSENCE,NASA_GPM_IMERG,NASA_USDA_SMAP,COPERNICUS_GLO_30,train
APDA-V1-NEG-00088,NONE_ABSENCE_CONTROL,2021-09-01,West Bengal,Jalpaiguri,26.48674,88.84933,none,none,0,866.9,3.25,178.7,0.00116,0.00662,6.99,10.05,12.39,28.1,1.67,0.029,0.026,0.061,NASA_COOLR_ABSENCE,NASA_GPM_IMERG,NASA_USDA_SMAP,COPERNICUS_GLO_30,train
APDA-V1-NEG-00590,NONE_ABSENCE_CONTROL,2021-01-31,Tripura,West Tripura,23.76692,91.13286,none,none,0,562.4,13.66,339.7,0.03008,-0.0159,4.68,5.95,18.66,49.74,0.99,0.044,0.04,0.093,NASA_COOLR_ABSENCE,NASA_GPM_IMERG,NASA_USDA_SMAP,COPERNICUS_GLO_30,train
APDA-V1-POS-00305,COOLR-IN-NER-026-INST-305,2023-07-31,Nagaland,Kohima,25.67512,94.11022,translational_slide,continuous_rain,1,1649.6,35.3,138.6,-0.08715,0.05094,5.24,59.4,136.2,259.04,8.42,0.432,0.378,0.799,NASA_COOLR,NASA_GPM_IMERG,NASA_USDA_SMAP,COPERNICUS_GLO_30,train
APDA-V1-NEG-00425,NONE_ABSENCE_CONTROL,2023-10-15,Assam,Kamrup Metro,26.08247,91.59141,none,none,0,1100.3,6.05,246.2,-0.01387,-0.01861,7.02,2.44,25.59,28.86,0.41,0.179,0.165,0.359,NASA_COOLR_ABSENCE,NASA_GPM_IMERG,NASA_USDA_SMAP,COPERNICUS_GLO_30,train
APDA-V1-POS-00314,COOLR-IN-NER-004-INST-314,2021-08-03,Meghalaya,West Jaintia Hills,25.441,92.19525,translational_slide,monsoon_rain,1,859.4,31.97,206.9,-0.02411,0.05689,5.96,54.55,229.94,355.98,13.54,0.459,0.411,0.924,NASA_COOLR,NASA_GPM_IMERG,NASA_USDA_SMAP,COPERNICUS_GLO_30,train
APDA-V1-POS-00150,COOLR-IN-NER-026-INST-150,2023-08-01,Nagaland,Kohima,25.67478,94.11404,translational_slide,continuous_rain,1,1883.4,33.61,219.8,-0.0314,0.03901,5.29,86.78,192.48,401.03,21.55,0.434,0.395,0.849,NASA_COOLR,NASA_GPM_IMERG,NASA_USDA_SMAP,COPERNICUS_GLO_30,val
APDA-V1-POS-00575,COOLR-IN-NER-017-INST-575,2021-05-16,Arunachal Pradesh,Tawang,27.58187,91.8655,debris_avalanche,rain_snowmelt,1,3597.4,40.97,202.1,-0.12976,0.03399,5.18,130.79,194.89,503.01,29.71,0.45,0.395,0.887,NASA_COOLR,NASA_GPM_IMERG,NASA_USDA_SMAP,COPERNICUS_GLO_30,val
APDA-V1-POS-00051,COOLR-IN-NER-020-INST-51,2022-06-18,Manipur,Noney,24.78133,93.68722,massive_debris_slide,unprecedented_continuous_rain,1,727.0,42.16,210.3,-0.06962,-0.02915,5.91,44.32,192.35,248.82,10.43,0.487,0.444,0.873,NASA_COOLR,NASA_GPM_IMERG,NASA_USDA_SMAP,COPERNICUS_GLO_30,val
APDA-V1-NEG-00665,NONE_ABSENCE_CONTROL,2022-10-21,Assam,Kamrup Metro,26.11852,91.67955,none,none,0,879.6,2.58,325.5,0.01685,0.01427,7.67,0.98,4.3,16.52,0.16,0.123,0.113,0.269,NASA_COOLR_ABSENCE,NASA_GPM_IMERG,NASA_USDA_SMAP,COPERNICUS_GLO_30,train
APDA-V1-POS-00727,COOLR-IN-NER-014-INST-727,2021-09-09,Sikkim,South Sikkim,27.18091,88.35801,rotational_slide,monsoon_rain,1,2537.7,40.8,157.0,-0.05152,0.04258,5.75,35.0,217.24,415.25,11.88,0.456,0.402,0.898,NASA_COOLR,NASA_GPM_IMERG,NASA_USDA_SMAP,COPERNICUS_GLO_30,train
APDA-V1-NEG-00084,NONE_ABSENCE_CONTROL,2022-04-20,Meghalaya,Ri-Bhoi,25.7603,91.81438,none,none,0,1902.2,0.11,101.3,0.01435,0.01294,9.48,0.5,19.1,41.73,0.08,0.187,0.172,0.439,NASA_COOLR_ABSENCE,NASA_GPM_IMERG,NASA_USDA_SMAP,COPERNICUS_GLO_30,val
APDA-V1-NEG-00366,NONE_ABSENCE_CONTROL,2021-02-01,Tripura,West Tripura,23.90764,91.24746,none,none,0,1283.5,2.04,204.8,0.01256,-0.00796,8.11,0.85,12.39,50.62,0.14,0.104,0.096,0.242,NASA_COOLR_ABSENCE,NASA_GPM_IMERG,NASA_USDA_SMAP,COPERNICUS_GLO_30,val
APDA-V1-POS-00471,COOLR-IN-NER-006-INST-471,2024-06-09,Meghalaya,East Khasi Hills,25.57106,91.88156,shallow_slide,cyclone_remnants,1,1187.3,30.37,220.1,-0.05096,0.04791,5.85,144.91,335.99,484.83,34.12,0.362,0.308,0.686,NASA_COOLR,NASA_GPM_IMERG,NASA_USDA_SMAP,COPERNICUS_GLO_30,train
APDA-V1-NEG-00222,NONE_ABSENCE_CONTROL,2022-01-01,Tripura,West Tripura,23.80386,91.23542,none,none,0,520.7,15.66,325.1,-0.00059,0.0054,6.02,0.45,21.98,26.14,0.07,0.227,0.209,0.477,NASA_COOLR_ABSENCE,NASA_GPM_IMERG,NASA_USDA_SMAP,COPERNICUS_GLO_30,test
APDA-V1-POS-00654,COOLR-IN-NER-003-INST-654,2023-06-20,Meghalaya,Ri-Bhoi,25.76001,91.90938,rockfall,continuous_rain,1,979.5,30.89,237.8,-0.02529,0.04511,6.54,145.96,254.65,505.16,24.12,0.371,0.315,0.68,NASA_COOLR,NASA_GPM_IMERG,NASA_USDA_SMAP,COPERNICUS_GLO_30,train
APDA-V1-POS-00400,COOLR-IN-NER-028-INST-400,2020-08-29,Nagaland,Phek,25.68303,94.49705,debris_flow,monsoon_rain,1,948.5,29.1,223.3,-0.09359,0.06324,5.81,90.31,251.41,414.76,19.7,0.508,0.483,0.981,NASA_COOLR,NASA_GPM_IMERG,NASA_USDA_SMAP,COPERNICUS_GLO_30,test
APDA-V1-POS-00512,COOLR-IN-NER-016-INST-512,2023-07-08,Arunachal Pradesh,West Kameng,27.35559,92.41525,rockfall,cloudburst,1,3179.3,32.4,194.0,-0.03855,0.08757,5.36,130.78,222.1,481.2,38.74,0.472,0.448,0.979,NASA_COOLR,NASA_GPM_IMERG,NASA_USDA_SMAP,COPERNICUS_GLO_30,train
APDA-V1-POS-00321,COOLR-IN-NER-011-INST-321,2021-07-13,Assam,Karbi Anglong,26.01031,93.41925,debris_flow,continuous_rain,1,1338.4,34.61,234.9,-0.06247,0.03502,6.17,44.21,238.92,371.87,14.66,0.512,0.454,0.897,NASA_COOLR,NASA_GPM_IMERG,NASA_USDA_SMAP,COPERNICUS_GLO_30,train
APDA-V1-POS-00020,COOLR-IN-NER-020-INST-20,2022-07-07,Manipur,Noney,24.78704,93.6836,massive_debris_slide,unprecedented_continuous_rain,1,742.0,31.54,184.6,-0.0243,0.00795,6.37,46.2,196.44,496.89,13.43,0.457,0.418,0.849,NASA_COOLR,NASA_GPM_IMERG,NASA_USDA_SMAP,COPERNICUS_GLO_30,train
APDA-V1-POS-00685,COOLR-IN-NER-003-INST-685,2023-06-19,Meghalaya,Ri-Bhoi,25.75264,91.90431,rockfall,continuous_rain,1,1057.9,28.81,149.3,-0.0391,0.0517,6.69,41.69,231.9,467.4,13.48,0.483,0.446,0.894,NASA_COOLR,NASA_GPM_IMERG,NASA_USDA_SMAP,COPERNICUS_GLO_30,train
APDA-V1-POS-00036,COOLR-IN-NER-005-INST-36,2020-09-17,Meghalaya,East Garo Hills,25.60623,90.58272,debris_flow,tropical_cyclone,1,1950.0,42.84,223.0,-0.04027,0.03183,5.98,62.36,271.9,383.38,10.56,0.394,0.339,0.696,NASA_COOLR,NASA_GPM_IMERG,NASA_USDA_SMAP,COPERNICUS_GLO_30,train
APDA-V1-NEG-00153,NONE_ABSENCE_CONTROL,2023-12-17,Assam,Kamrup Metro,26.2986,91.81035,none,none,0,1547.3,2.96,42.6,0.00341,-0.01232,6.54,2.07,20.46,39.85,0.34,0.165,0.152,0.38,NASA_COOLR_ABSENCE,NASA_GPM_IMERG,NASA_USDA_SMAP,COPERNICUS_GLO_30,train
APDA-V1-NEG-00078,NONE_ABSENCE_CONTROL,2021-09-09,Tripura,West Tripura,23.82389,91.13415,none,none,0,656.0,2.66,69.6,-0.00768,-0.00184,7.78,0.97,17.36,20.15,0.16,0.083,0.076,0.174,NASA_COOLR_ABSENCE,NASA_GPM_IMERG,NASA_USDA_SMAP,COPERNICUS_GLO_30,train
APDA-V1-NEG-00595,NONE_ABSENCE_CONTROL,2022-07-03,Assam,Dibrugarh,27.39492,94.8607,none,none,0,1905.5,2.72,107.6,0.00258,0.01651,8.01,3.46,10.98,14.6,0.58,0.163,0.15,0.328,NASA_COOLR_ABSENCE,NASA_GPM_IMERG,NASA_USDA_SMAP,COPERNICUS_GLO_30,val
APDA-V1-POS-00408,COOLR-IN-NER-005-INST-408,2020-09-27,Meghalaya,East Garo Hills,25.60606,90.58508,debris_flow,tropical_cyclone,1,1471.1,28.22,221.5,-0.01795,0.049,5.58,95.18,160.5,260.53,24.13,0.448,0.39,0.86,NASA_COOLR,NASA_GPM_IMERG,NASA_USDA_SMAP,COPERNICUS_GLO_30,train
APDA-V1-NEG-00171,NONE_ABSENCE_CONTROL,2021-02-06,Assam,Dibrugarh,27.36369,94.86683,none,none,0,3696.9,1.58,4.7,0.01776,0.01222,7.27,0.15,5.4,24.82,0.03,0.329,0.302,0.685,NASA_COOLR_ABSENCE,NASA_GPM_IMERG,NASA_USDA_SMAP,COPERNICUS_GLO_30,train
APDA-V1-POS-00538,COOLR-IN-NER-011-INST-538,2021-07-02,Assam,Karbi Anglong,26.00904,93.41719,debris_flow,continuous_rain,1,1823.5,28.51,218.3,-0.05529,0.00848,6.7,44.44,170.97,255.56,13.89,0.462,0.417,0.847,NASA_COOLR,NASA_GPM_IMERG,NASA_USDA_SMAP,COPERNICUS_GLO_30,val
APDA-V1-NEG-00009,NONE_ABSENCE_CONTROL,2022-05-16,Assam,Kamrup Metro,26.10078,91.63493,none,none,0,811.7,16.0,350.5,-0.00331,-0.00823,5.4,11.4,25.72,65.33,1.9,0.232,0.213,0.498,NASA_COOLR_ABSENCE,NASA_GPM_IMERG,NASA_USDA_SMAP,COPERNICUS_GLO_30,train
APDA-V1-NEG-00313,NONE_ABSENCE_CONTROL,2021-04-12,Assam,Kamrup Metro,26.29157,91.65694,none,none,0,1662.4,13.03,127.3,-0.01689,0.01952,5.07,4.61,5.24,44.7,0.77,0.049,0.045,0.112,NASA_COOLR_ABSENCE,NASA_GPM_IMERG,NASA_USDA_SMAP,COPERNICUS_GLO_30,train
APDA-V1-POS-00246,COOLR-IN-NER-029-INST-246,2022-06-04,Tripura,Dhalai,23.85074,91.95278,shallow_slide,heavy_rain,1,883.9,38.58,296.8,-0.00239,0.01099,6.02,97.61,166.09,432.38,15.53,0.383,0.334,0.68,NASA_COOLR,NASA_GPM_IMERG,NASA_USDA_SMAP,COPERNICUS_GLO_30,test
APDA-V1-NEG-00378,NONE_ABSENCE_CONTROL,2022-08-30,Assam,Nagaon,26.30276,92.55075,none,none,0,1321.6,2.15,73.4,0.01415,-0.00365,8.2,4.87,22.29,59.26,0.81,0.077,0.071,0.157,NASA_COOLR_ABSENCE,NASA_GPM_IMERG,NASA_USDA_SMAP,COPERNICUS_GLO_30,val
APDA-V1-NEG-00035,NONE_ABSENCE_CONTROL,2023-11-01,Assam,Dibrugarh,27.45446,94.80617,none,none,0,1466.6,1.79,248.8,-2e-05,0.02079,8.12,1.6,18.57,42.81,0.27,0.209,0.193,0.451,NASA_COOLR_ABSENCE,NASA_GPM_IMERG,NASA_USDA_SMAP,COPERNICUS_GLO_30,train
APDA-V1-POS-00490,COOLR-IN-NER-025-INST-490,2021-07-20,Mizoram,Champhai,23.47381,93.32954,debris_flow,continuous_rain,1,1072.2,42.87,170.4,-0.06772,0.00417,5.88,77.14,217.42,490.58,16.63,0.443,0.39,0.888,NASA_COOLR,NASA_GPM_IMERG,NASA_USDA_SMAP,COPERNICUS_GLO_30,val
APDA-V1-POS-00155,COOLR-IN-NER-031-INST-155,2023-10-17,West Bengal,Kalimpong,27.05788,88.47167,debris_flow,teesta_river_erosion,1,3650.1,45.79,112.8,-0.04973,0.07725,5.42,60.35,250.48,358.33,16.67,0.495,0.46,0.916,NASA_COOLR,NASA_GPM_IMERG,NASA_USDA_SMAP,COPERNICUS_GLO_30,train
APDA-V1-NEG-00212,NONE_ABSENCE_CONTROL,2021-11-13,Meghalaya,Ri-Bhoi,25.95129,91.83284,none,none,0,1503.8,2.52,348.2,-0.01029,0.00411,7.38,0.9,18.29,49.69,0.15,0.164,0.151,0.328,NASA_COOLR_ABSENCE,NASA_GPM_IMERG,NASA_USDA_SMAP,COPERNICUS_GLO_30,train
APDA-V1-NEG-00104,NONE_ABSENCE_CONTROL,2022-12-26,West Bengal,Jalpaiguri,26.49314,88.6161,none,none,0,1931.7,6.08,73.3,0.00212,-0.02353,6.63,0.35,10.87,38.5,0.06,0.3,0.276,0.64,NASA_COOLR_ABSENCE,NASA_GPM_IMERG,NASA_USDA_SMAP,COPERNICUS_GLO_30,val
APDA-V1-POS-00626,COOLR-IN-NER-006-INST-626,2024-06-10,Meghalaya,East Khasi Hills,25.57181,91.87912,shallow_slide,cyclone_remnants,1,1636.0,41.35,216.3,-0.05501,0.05752,6.01,55.32,219.33,325.18,8.67,0.492,0.45,0.929,NASA_COOLR,NASA_GPM_IMERG,NASA_USDA_SMAP,COPERNICUS_GLO_30,train
APDA-V1-POS-00686,COOLR-IN-NER-004-INST-686,2021-08-01,Meghalaya,West Jaintia Hills,25.44651,92.195,translational_slide,monsoon_rain,1,758.1,30.77,162.3,-0.04177,0.04142,5.02,99.67,234.48,336.7,16.54,0.475,0.424,0.92,NASA_COOLR,NASA_GPM_IMERG,NASA_USDA_SMAP,COPERNICUS_GLO_30,val
APDA-V1-POS-00570,COOLR-IN-NER-012-INST-570,2023-09-26,Sikkim,North Sikkim,27.69122,88.58325,complex_glol_debris,glacial_lake_outburst_rain,1,1505.5,29.64,310.4,-0.00408,0.06638,5.62,35.06,246.99,396.33,14.4,0.428,0.377,0.799,NASA_COOLR,NASA_GPM_IMERG,NASA_USDA_SMAP,COPERNICUS_GLO_30,train
APDA-V1-NEG-00677,NONE_ABSENCE_CONTROL,2022-04-19,Meghalaya,West Garo Hills,25.61574,90.217,none,none,0,1354.9,14.85,1.0,-0.00202,0.00716,4.46,5.39,17.19,22.23,0.9,0.141,0.13,0.287,NASA_COOLR_ABSENCE,NASA_GPM_IMERG,NASA_USDA_SMAP,COPERNICUS_GLO_30,val
APDA-V1-POS-00018,COOLR-IN-NER-018-INST-18,2022-06-16,Arunachal Pradesh,Papum Pare,27.10072,93.61507,mudslide,continuous_rain,1,2932.5,42.8,164.8,-0.07729,-0.02508,5.24,87.13,141.71,364.0,21.09,0.522,0.493,0.974,NASA_COOLR,NASA_GPM_IMERG,NASA_USDA_SMAP,COPERNICUS_GLO_30,train
APDA-V1-POS-00128,COOLR-IN-NER-004-INST-128,2021-08-01,Meghalaya,West Jaintia Hills,25.44188,92.19807,translational_slide,monsoon_rain,1,866.0,42.81,141.9,-0.03969,0.06926,5.92,106.16,282.34,503.61,28.81,0.494,0.474,0.99,NASA_COOLR,NASA_GPM_IMERG,NASA_USDA_SMAP,COPERNICUS_GLO_30,train
APDA-V1-NEG-00178,NONE_ABSENCE_CONTROL,2022-03-25,Assam,Nagaon,26.40022,92.67905,none,none,0,931.3,0.28,336.7,0.02566,0.00309,7.75,0.59,19.83,44.15,0.1,0.436,0.401,0.894,NASA_COOLR_ABSENCE,NASA_GPM_IMERG,NASA_USDA_SMAP,COPERNICUS_GLO_30,train
APDA-V1-NEG-00231,NONE_ABSENCE_CONTROL,2021-07-02,Manipur,Imphal East,24.89042,93.88,none,none,0,584.2,4.71,35.6,-0.01085,0.00486,6.57,8.04,16.1,51.51,1.34,0.159,0.146,0.352,NASA_COOLR_ABSENCE,NASA_GPM_IMERG,NASA_USDA_SMAP,COPERNICUS_GLO_30,train
APDA-V1-NEG-00720,NONE_ABSENCE_CONTROL,2023-01-18,West Bengal,Jalpaiguri,26.59159,88.6066,none,none,0,791.6,0.65,83.0,-0.00198,0.00125,8.43,1.02,17.51,48.96,0.17,0.147,0.135,0.326,NASA_COOLR_ABSENCE,NASA_GPM_IMERG,NASA_USDA_SMAP,COPERNICUS_GLO_30,val
APDA-V1-POS-00191,COOLR-IN-NER-005-INST-191,2020-09-24,Meghalaya,East Garo Hills,25.60319,90.58367,debris_flow,tropical_cyclone,1,1569.2,45.94,177.1,-0.09961,0.03023,4.75,116.08,169.44,371.61,20.09,0.41,0.363,0.794,NASA_COOLR,NASA_GPM_IMERG,NASA_USDA_SMAP,COPERNICUS_GLO_30,train
APDA-V1-NEG-00390,NONE_ABSENCE_CONTROL,2023-05-10,Tripura,West Tripura,23.84014,91.37467,none,none,0,1410.4,6.07,197.7,0.00903,0.00129,7.12,17.07,26.76,43.78,2.85,0.185,0.17,0.385,NASA_COOLR_ABSENCE,NASA_GPM_IMERG,NASA_USDA_SMAP,COPERNICUS_GLO_30,train
APDA-V1-NEG-00243,NONE_ABSENCE_CONTROL,2023-12-23,Assam,Dibrugarh,27.5902,94.81817,none,none,0,2660.1,0.17,102.1,0.01661,0.00668,8.43,3.11,10.84,47.35,0.52,0.156,0.144,0.352,NASA_COOLR_ABSENCE,NASA_GPM_IMERG,NASA_USDA_SMAP,COPERNICUS_GLO_30,train
APDA-V1-NEG-00714,NONE_ABSENCE_CONTROL,2021-05-09,Assam,Nagaon,26.24115,92.74898,none,none,0,932.8,0.29,178.9,0.01317,-0.00168,9.67,1.04,3.87,12.43,0.17,0.167,0.154,0.396,NASA_COOLR_ABSENCE,NASA_GPM_IMERG,NASA_USDA_SMAP,COPERNICUS_GLO_30,train
APDA-V1-NEG-00502,NONE_ABSENCE_CONTROL,2023-06-29,Tripura,West Tripura,23.77127,91.25075,none,none,0,1069.2,0.76,236.3,-0.01864,0.00053,9.24,15.21,31.59,40.09,2.54,0.061,0.056,0.14,NASA_COOLR_ABSENCE,NASA_GPM_IMERG,NASA_USDA_SMAP,COPERNICUS_GLO_30,val
APDA-V1-POS-00607,COOLR-IN-NER-018-INST-607,2022-07-02,Arunachal Pradesh,Papum Pare,27.09481,93.61375,mudslide,continuous_rain,1,3701.0,36.6,143.9,-0.06072,0.0674,6.14,73.83,282.52,369.8,19.22,0.41,0.367,0.782,NASA_COOLR,NASA_GPM_IMERG,NASA_USDA_SMAP,COPERNICUS_GLO_30,train
APDA-V1-POS-00181,COOLR-IN-NER-026-INST-181,2023-07-08,Nagaland,Kohima,25.67632,94.11396,translational_slide,continuous_rain,1,1492.7,37.61,210.7,-0.04117,0.01019,6.28,36.37,192.68,421.37,8.79,0.35,0.312,0.68,NASA_COOLR,NASA_GPM_IMERG,NASA_USDA_SMAP,COPERNICUS_GLO_30,test
APDA-V1-POS-00302,COOLR-IN-NER-023-INST-302,2024-05-14,Mizoram,Aizawl,23.72822,92.71738,stone_quarry_collapse,cyclone_remal_deluge,1,473.9,18.5,237.6,-0.1151,0.00498,5.48,207.67,259.29,352.21,30.26,0.426,0.392,0.84,NASA_COOLR,NASA_GPM_IMERG,NASA_USDA_SMAP,COPERNICUS_GLO_30,train
APDA-V1-POS-00497,COOLR-IN-NER-001-INST-497,2023-06-01,Meghalaya,East Khasi Hills,25.53339,91.87032,debris_flow,monsoon_rain,1,1302.4,34.16,233.1,-0.0416,0.03841,6.18,128.23,187.78,487.25,16.19,0.432,0.376,0.822,NASA_COOLR,NASA_GPM_IMERG,NASA_USDA_SMAP,COPERNICUS_GLO_30,train
APDA-V1-NEG-00565,NONE_ABSENCE_CONTROL,2023-02-11,Meghalaya,West Garo Hills,25.43016,90.01498,none,none,0,689.1,13.77,109.8,-0.004,-0.00399,6.36,1.6,24.13,49.72,0.27,0.19,0.175,0.405,NASA_COOLR_ABSENCE,NASA_GPM_IMERG,NASA_USDA_SMAP,COPERNICUS_GLO_30,train
APDA-V1-NEG-00506,NONE_ABSENCE_CONTROL,2023-03-26,Assam,Nagaon,26.41979,92.55391,none,none,0,1865.6,3.27,134.7,0.00622,0.01608,7.5,1.31,19.23,49.13,0.22,0.171,0.157,0.386,NASA_COOLR_ABSENCE,NASA_GPM_IMERG,NASA_USDA_SMAP,COPERNICUS_GLO_30,train
APDA-V1-NEG-00488,NONE_ABSENCE_CONTROL,2023-05-29,West Bengal,Jalpaiguri,26.39869,88.79242,none,none,0,1788.1,16.0,115.0,-0.0124,0.02524,5.91,19.84,28.91,33.71,3.31,0.269,0.247,0.607,NASA_COOLR_ABSENCE,NASA_GPM_IMERG,NASA_USDA_SMAP,COPERNICUS_GLO_30,test
APDA-V1-POS-00518,COOLR-IN-NER-022-INST-518,2020-07-24,Manipur,Tamenglong,24.98419,93.49038,mudslide,monsoon_rain,1,426.8,38.2,173.8,-0.10592,0.03372,6.19,47.81,232.85,439.59,17.7,0.515,0.472,0.944,NASA_COOLR,NASA_GPM_IMERG,NASA_USDA_SMAP,COPERNICUS_GLO_30,test
APDA-V1-NEG-00320,NONE_ABSENCE_CONTROL,2022-03-15,West Bengal,Jalpaiguri,26.57,88.73993,none,none,0,1279.9,3.94,278.5,0.00548,0.01448,7.46,6.83,11.5,51.24,1.14,0.062,0.057,0.135,NASA_COOLR_ABSENCE,NASA_GPM_IMERG,NASA_USDA_SMAP,COPERNICUS_GLO_30,test
APDA-V1-POS-00477,COOLR-IN-NER-012-INST-477,2023-09-24,Sikkim,North Sikkim,27.69028,88.58342,complex_glol_debris,glacial_lake_outburst_rain,1,1428.1,44.03,154.4,-0.04767,0.04193,5.88,35.0,226.89,505.5,8.66,0.472,0.427,0.905,NASA_COOLR,NASA_GPM_IMERG,NASA_USDA_SMAP,COPERNICUS_GLO_30,train
APDA-V1-POS-00158,COOLR-IN-NER-003-INST-158,2023-06-23,Meghalaya,Ri-Bhoi,25.75901,91.90455,rockfall,continuous_rain,1,1211.6,26.75,215.8,-0.06658,0.02561,6.63,83.0,172.91,342.56,15.84,0.472,0.416,0.815,NASA_COOLR,NASA_GPM_IMERG,NASA_USDA_SMAP,COPERNICUS_GLO_30,train
APDA-V1-NEG-00446,NONE_ABSENCE_CONTROL,2021-02-20,Tripura,West Tripura,23.83731,91.17632,none,none,0,986.0,13.57,354.5,0.01178,0.00116,5.1,0.86,7.1,50.19,0.14,0.223,0.205,0.486,NASA_COOLR_ABSENCE,NASA_GPM_IMERG,NASA_USDA_SMAP,COPERNICUS_GLO_30,train
APDA-V1-POS-00017,COOLR-IN-NER-017-INST-17,2021-05-12,Arunachal Pradesh,Tawang,27.58913,91.87008,debris_avalanche,rain_snowmelt,1,3404.3,49.88,52.1,-0.07585,0.09433,5.61,58.65,186.53,249.15,12.71,0.461,0.418,0.845,NASA_COOLR,NASA_GPM_IMERG,NASA_USDA_SMAP,COPERNICUS_GLO_30,train
APDA-V1-NEG-00323,NONE_ABSENCE_CONTROL,2023-12-07,Assam,Dibrugarh,27.45114,94.77956,none,none,0,1975.0,2.51,333.6,-0.0118,0.00341,7.25,9.52,15.29,33.67,1.59,0.22,0.202,0.49,NASA_COOLR_ABSENCE,NASA_GPM_IMERG,NASA_USDA_SMAP,COPERNICUS_GLO_30,val
APDA-V1-POS-00547,COOLR-IN-NER-020-INST-547,2022-06-23,Manipur,Noney,24.78304,93.67934,massive_debris_slide,unprecedented_continuous_rain,1,740.1,28.99,223.6,-0.01991,0.02684,5.03,76.41,160.41,311.0,17.38,0.483,0.444,0.913,NASA_COOLR,NASA_GPM_IMERG,NASA_USDA_SMAP,COPERNICUS_GLO_30,train
APDA-V1-POS-00659,COOLR-IN-NER-008-INST-659,2022-05-17,Assam,Dima Hasao,25.07445,93.15238,debris_flow,monsoon_rain,1,1504.7,30.88,177.4,-0.06412,0.08656,6.53,100.66,149.39,352.39,20.61,0.362,0.325,0.68,NASA_COOLR,NASA_GPM_IMERG,NASA_USDA_SMAP,COPERNICUS_GLO_30,train
APDA-V1-NEG-00477,NONE_ABSENCE_CONTROL,2022-04-05,Meghalaya,West Garo Hills,25.5443,90.14974,none,none,0,1893.3,0.83,11.4,-0.00635,-0.00212,8.96,0.48,16.96,24.62,0.08,0.058,0.053,0.13,NASA_COOLR_ABSENCE,NASA_GPM_IMERG,NASA_USDA_SMAP,COPERNICUS_GLO_30,val
APDA-V1-NEG-00270,NONE_ABSENCE_CONTROL,2021-06-13,Tripura,West Tripura,23.94872,91.42849,none,none,0,282.1,1.34,317.5,-0.0156,0.01404,8.44,11.3,18.23,56.52,1.88,0.198,0.182,0.469,NASA_COOLR_ABSENCE,NASA_GPM_IMERG,NASA_USDA_SMAP,COPERNICUS_GLO_30,val
APDA-V1-NEG-00569,NONE_ABSENCE_CONTROL,2022-10-29,Assam,Kamrup Metro,26.05006,91.75236,none,none,0,969.4,3.49,15.3,0.00807,0.00659,7.69,0.86,1.56,24.52,0.14,0.177,0.163,0.379,NASA_COOLR_ABSENCE,NASA_GPM_IMERG,NASA_USDA_SMAP,COPERNICUS_GLO_30,train
APDA-V1-NEG-00210,NONE_ABSENCE_CONTROL,2022-07-22,Assam,Nagaon,26.28324,92.61008,none,none,0,811.1,2.68,174.0,-0.00042,-0.00515,7.03,12.97,35.63,43.15,2.16,0.116,0.107,0.269,NASA_COOLR_ABSENCE,NASA_GPM_IMERG,NASA_USDA_SMAP,COPERNICUS_GLO_30,train
APDA-V1-NEG-00660,NONE_ABSENCE_CONTROL,2021-08-11,Meghalaya,Ri-Bhoi,26.04669,91.87828,none,none,0,731.3,11.5,2.6,0.00319,0.0073,6.18,0.21,3.96,44.52,0.03,0.178,0.164,0.389,NASA_COOLR_ABSENCE,NASA_GPM_IMERG,NASA_USDA_SMAP,COPERNICUS_GLO_30,train
APDA-V1-POS-00284,COOLR-IN-NER-005-INST-284,2020-09-25,Meghalaya,East Garo Hills,25.60125,90.5789,debris_flow,tropical_cyclone,1,986.4,43.05,163.8,-0.06561,0.00908,5.44,132.62,266.61,362.61,17.85,0.483,0.448,0.891,NASA_COOLR,NASA_GPM_IMERG,NASA_USDA_SMAP,COPERNICUS_GLO_30,train
APDA-V1-NEG-00048,NONE_ABSENCE_CONTROL,2021-05-16,West Bengal,Jalpaiguri,26.50644,88.69976,none,none,0,1694.6,1.19,72.9,-0.00144,0.00301,7.2,5.53,28.31,32.91,0.92,0.102,0.093,0.225,NASA_COOLR_ABSENCE,NASA_GPM_IMERG,NASA_USDA_SMAP,COPERNICUS_GLO_30,train
APDA-V1-POS-00226,COOLR-IN-NER-009-INST-226,2022-06-26,Assam,Cachar,24.83116,92.80091,mudslide,flooding_rain,1,1070.4,37.34,226.9,0.0054,0.04002,6.17,102.8,239.43,351.92,26.21,0.418,0.37,0.775,NASA_COOLR,NASA_GPM_IMERG,NASA_USDA_SMAP,COPERNICUS_GLO_30,train
APDA-V1-POS-00027,COOLR-IN-NER-027-INST-27,2022-07-25,Nagaland,Mokokchung,26.32416,94.52136,mudslide,monsoon_rain,1,690.5,34.48,214.5,-0.01378,0.03509,6.41,44.5,200.53,486.39,16.59,0.375,0.338,0.68,NASA_COOLR,NASA_GPM_IMERG,NASA_USDA_SMAP,COPERNICUS_GLO_30,val
APDA-V1-POS-00438,COOLR-IN-NER-004-INST-438,2021-08-10,Meghalaya,West Jaintia Hills,25.44119,92.19814,translational_slide,monsoon_rain,1,1936.4,43.56,138.6,-0.03964,0.03964,4.51,88.76,251.75,432.1,26.78,0.457,0.405,0.794,NASA_COOLR,NASA_GPM_IMERG,NASA_USDA_SMAP,COPERNICUS_GLO_30,val
APDA-V1-NEG-00708,NONE_ABSENCE_CONTROL,2022-07-24,Meghalaya,Ri-Bhoi,26.0494,91.83212,none,none,0,984.8,2.01,85.3,0.01258,0.01582,6.81,14.02,32.38,39.8,2.34,0.162,0.149,0.348,NASA_COOLR_ABSENCE,NASA_GPM_IMERG,NASA_USDA_SMAP,COPERNICUS_GLO_30,train
APDA-V1-POS-00230,COOLR-IN-NER-013-INST-230,2022-07-22,Sikkim,East Sikkim,27.32779,88.61444,rockfall,heavy_rain,1,2729.7,27.16,160.1,-0.06307,-0.00952,6.14,152.32,362.25,651.11,28.76,0.387,0.346,0.68,NASA_COOLR,NASA_GPM_IMERG,NASA_USDA_SMAP,COPERNICUS_GLO_30,train
APDA-V1-POS-00038,COOLR-IN-NER-007-INST-38,2022-05-13,Assam,Dima Hasao,25.18652,93.02536,rotational_slide,torrential_rain,1,1106.5,25.86,227.6,-0.0456,0.03399,6.47,52.21,227.93,311.01,8.92,0.407,0.374,0.775,NASA_COOLR,NASA_GPM_IMERG,NASA_USDA_SMAP,COPERNICUS_GLO_30,train
APDA-V1-POS-00750,COOLR-IN-NER-006-INST-750,2024-05-21,Meghalaya,East Khasi Hills,25.56802,91.87894,shallow_slide,cyclone_remnants,1,1209.8,30.44,226.5,-0.03559,0.00323,5.45,65.39,154.56,401.31,12.49,0.41,0.359,0.735,NASA_COOLR,NASA_GPM_IMERG,NASA_USDA_SMAP,COPERNICUS_GLO_30,train
APDA-V1-NEG-00296,NONE_ABSENCE_CONTROL,2022-07-03,West Bengal,Jalpaiguri,26.58241,88.73534,none,none,0,1925.5,2.02,290.6,0.0224,-0.00124,7.77,1.5,9.34,17.24,0.25,0.067,0.062,0.153,NASA_COOLR_ABSENCE,NASA_GPM_IMERG,NASA_USDA_SMAP,COPERNICUS_GLO_30,train
APDA-V1-POS-00470,COOLR-IN-NER-005-INST-470,2020-10-05,Meghalaya,East Garo Hills,25.60251,90.58261,debris_flow,tropical_cyclone,1,993.2,52.56,171.6,-0.06942,0.01561,5.76,102.08,297.84,501.66,16.82,0.522,0.501,0.99,NASA_COOLR,NASA_GPM_IMERG,NASA_USDA_SMAP,COPERNICUS_GLO_30,train
APDA-V1-NEG-00529,NONE_ABSENCE_CONTROL,2021-11-12,Assam,Kamrup Metro,26.27699,91.60747,none,none,0,1103.7,7.81,146.8,0.02032,0.0014,6.79,1.07,17.14,30.21,0.18,0.166,0.153,0.34,NASA_COOLR_ABSENCE,NASA_GPM_IMERG,NASA_USDA_SMAP,COPERNICUS_GLO_30,train
APDA-V1-NEG-00723,NONE_ABSENCE_CONTROL,2022-04-23,Assam,Dibrugarh,27.38229,94.90449,none,none,0,3326.8,0.23,241.0,0.02287,0.00785,9.73,1.48,24.26,60.43,0.25,0.303,0.278,0.626,NASA_COOLR_ABSENCE,NASA_GPM_IMERG,NASA_USDA_SMAP,COPERNICUS_GLO_30,train
APDA-V1-POS-00688,COOLR-IN-NER-006-INST-688,2024-05-20,Meghalaya,East Khasi Hills,25.56318,91.88439,shallow_slide,cyclone_remnants,1,1417.4,50.07,192.4,0.00131,0.09809,5.6,84.53,160.22,354.18,19.89,0.467,0.441,0.974,NASA_COOLR,NASA_GPM_IMERG,NASA_USDA_SMAP,COPERNICUS_GLO_30,train
APDA-V1-NEG-00629,NONE_ABSENCE_CONTROL,2021-02-01,Meghalaya,West Garo Hills,25.52801,90.12886,none,none,0,1594.4,16.0,102.3,0.00741,-0.0021,6.19,3.26,11.98,18.54,0.54,0.217,0.2,0.495,NASA_COOLR_ABSENCE,NASA_GPM_IMERG,NASA_USDA_SMAP,COPERNICUS_GLO_30,train
APDA-V1-POS-00640,COOLR-IN-NER-020-INST-640,2022-06-19,Manipur,Noney,24.78587,93.6856,massive_debris_slide,unprecedented_continuous_rain,1,960.7,46.5,173.9,-0.11731,0.05365,4.54,134.83,188.64,263.32,18.2,0.33,0.3,0.68,NASA_COOLR,NASA_GPM_IMERG,NASA_USDA_SMAP,COPERNICUS_GLO_30,test
APDA-V1-NEG-00667,NONE_ABSENCE_CONTROL,2022-07-18,Assam,Dibrugarh,27.33345,94.858,none,none,0,3662.5,3.87,120.6,0.00146,0.00407,7.62,3.32,21.43,28.95,0.55,0.221,0.203,0.471,NASA_COOLR_ABSENCE,NASA_GPM_IMERG,NASA_USDA_SMAP,COPERNICUS_GLO_30,train
APDA-V1-NEG-00469,NONE_ABSENCE_CONTROL,2022-02-22,Meghalaya,West Garo Hills,25.44865,90.19608,none,none,0,1700.2,0.56,241.4,-0.00505,0.00697,8.85,0.41,8.52,45.41,0.07,0.018,0.016,0.037,NASA_COOLR_ABSENCE,NASA_GPM_IMERG,NASA_USDA_SMAP,COPERNICUS_GLO_30,train
APDA-V1-NEG-00409,NONE_ABSENCE_CONTROL,2021-02-04,Assam,Kamrup Metro,26.06205,91.55891,none,none,0,1186.4,7.63,172.1,-0.00276,0.01467,6.65,4.08,16.8,61.21,0.68,0.168,0.154,0.364,NASA_COOLR_ABSENCE,NASA_GPM_IMERG,NASA_USDA_SMAP,COPERNICUS_GLO_30,test
APDA-V1-NEG-00501,NONE_ABSENCE_CONTROL,2021-05-07,Meghalaya,West Garo Hills,25.66849,90.21205,none,none,0,1217.6,5.8,109.6,0.0297,0.00783,7.08,9.8,26.23,53.34,1.63,0.169,0.155,0.345,NASA_COOLR_ABSENCE,NASA_GPM_IMERG,NASA_USDA_SMAP,COPERNICUS_GLO_30,train
APDA-V1-NEG-00690,NONE_ABSENCE_CONTROL,2021-05-07,Assam,Nagaon,26.27247,92.63916,none,none,0,1430.4,0.91,211.8,0.01118,0.00915,8.13,15.89,37.58,81.76,2.65,0.176,0.162,0.391,NASA_COOLR_ABSENCE,NASA_GPM_IMERG,NASA_USDA_SMAP,COPERNICUS_GLO_30,train
APDA-V1-NEG-00051,NONE_ABSENCE_CONTROL,2021-12-19,Assam,Dibrugarh,27.58094,94.81187,none,none,0,1693.6,0.81,276.3,0.01082,-0.00625,7.68,1.55,10.3,13.96,0.26,0.19,0.175,0.395,NASA_COOLR_ABSENCE,NASA_GPM_IMERG,NASA_USDA_SMAP,COPERNICUS_GLO_30,test
APDA-V1-POS-00161,COOLR-IN-NER-006-INST-161,2024-06-09,Meghalaya,East Khasi Hills,25.56855,91.88921,shallow_slide,cyclone_remnants,1,672.3,41.17,123.6,-0.09924,0.04893,4.88,141.9,275.37,490.02,20.45,0.363,0.319,0.68,NASA_COOLR,NASA_GPM_IMERG,NASA_USDA_SMAP,COPERNICUS_GLO_30,train
APDA-V1-NEG-00207,NONE_ABSENCE_CONTROL,2021-05-04,Manipur,Imphal East,24.77478,94.00143,none,none,0,537.4,9.46,279.6,-0.00718,0.0074,6.65,1.7,9.8,29.5,0.28,0.115,0.106,0.231,NASA_COOLR_ABSENCE,NASA_GPM_IMERG,NASA_USDA_SMAP,COPERNICUS_GLO_30,train
APDA-V1-NEG-00437,NONE_ABSENCE_CONTROL,2023-08-12,Meghalaya,West Garo Hills,25.59309,90.09075,none,none,0,1402.8,16.0,222.7,-0.00252,-0.00863,5.85,1.12,19.92,62.89,0.19,0.199,0.183,0.408,NASA_COOLR_ABSENCE,NASA_GPM_IMERG,NASA_USDA_SMAP,COPERNICUS_GLO_30,train
APDA-V1-NEG-00072,NONE_ABSENCE_CONTROL,2022-10-15,West Bengal,Jalpaiguri,26.64816,88.70298,none,none,0,1378.1,10.36,44.9,-0.00491,0.00896,6.52,14.88,22.55,41.37,2.48,0.242,0.223,0.576,NASA_COOLR_ABSENCE,NASA_GPM_IMERG,NASA_USDA_SMAP,COPERNICUS_GLO_30,train
APDA-V1-NEG-00521,NONE_ABSENCE_CONTROL,2021-08-02,Assam,Kamrup Metro,26.07134,91.62286,none,none,0,1865.3,6.15,76.7,0.00404,-0.0041,5.38,20.85,27.88,39.72,3.47,0.124,0.115,0.295,NASA_COOLR_ABSENCE,NASA_GPM_IMERG,NASA_USDA_SMAP,COPERNICUS_GLO_30,train
APDA-V1-NEG-00128,NONE_ABSENCE_CONTROL,2022-08-05,West Bengal,Jalpaiguri,26.40242,88.72989,none,none,0,830.4,6.3,113.0,-0.00261,-0.00949,5.57,1.66,20.92,44.71,0.28,0.143,0.132,0.317,NASA_COOLR_ABSENCE,NASA_GPM_IMERG,NASA_USDA_SMAP,COPERNICUS_GLO_30,train
APDA-V1-NEG-00164,NONE_ABSENCE_CONTROL,2021-12-29,Meghalaya,Ri-Bhoi,25.99628,91.94053,none,none,0,788.8,4.8,241.1,0.02116,0.0049,6.75,10.62,14.98,17.48,1.77,0.098,0.091,0.213,NASA_COOLR_ABSENCE,NASA_GPM_IMERG,NASA_USDA_SMAP,COPERNICUS_GLO_30,train
APDA-V1-POS-00153,COOLR-IN-NER-029-INST-153,2022-06-07,Tripura,Dhalai,23.85493,91.95066,shallow_slide,heavy_rain,1,511.2,41.22,218.6,0.00515,0.10779,5.01,137.44,217.67,477.46,26.42,0.402,0.362,0.71,NASA_COOLR,NASA_GPM_IMERG,NASA_USDA_SMAP,COPERNICUS_GLO_30,train
APDA-V1-NEG-00624,NONE_ABSENCE_CONTROL,2022-12-09,West Bengal,Jalpaiguri,26.46126,88.72046,none,none,0,649.3,14.11,286.4,0.00823,0.00298,5.13,0.07,10.75,32.98,0.01,0.23,0.211,0.495,NASA_COOLR_ABSENCE,NASA_GPM_IMERG,NASA_USDA_SMAP,COPERNICUS_GLO_30,train
APDA-V1-POS-00510,COOLR-IN-NER-014-INST-510,2021-09-09,Sikkim,South Sikkim,27.1865,88.35901,rotational_slide,monsoon_rain,1,3777.0,39.74,237.2,-0.04322,0.00464,5.15,253.54,377.28,577.87,34.84,0.481,0.423,0.843,NASA_COOLR,NASA_GPM_IMERG,NASA_USDA_SMAP,COPERNICUS_GLO_30,train
APDA-V1-NEG-00386,NONE_ABSENCE_CONTROL,2022-12-03,Assam,Nagaon,26.41594,92.58108,none,none,0,1824.1,3.86,192.2,-0.01178,0.01886,6.68,2.02,11.96,25.05,0.34,0.138,0.127,0.302,NASA_COOLR_ABSENCE,NASA_GPM_IMERG,NASA_USDA_SMAP,COPERNICUS_GLO_30,train
APDA-V1-NEG-00572,NONE_ABSENCE_CONTROL,2023-03-23,Meghalaya,Ri-Bhoi,25.77696,91.89332,none,none,0,1394.6,9.6,268.5,0.02107,0.00547,6.24,4.83,23.55,65.25,0.81,0.037,0.034,0.078,NASA_COOLR_ABSENCE,NASA_GPM_IMERG,NASA_USDA_SMAP,COPERNICUS_GLO_30,test
APDA-V1-POS-00104,COOLR-IN-NER-011-INST-104,2021-07-17,Assam,Karbi Anglong,26.01266,93.41909,debris_flow,continuous_rain,1,1633.9,46.72,136.9,-0.03016,0.06242,5.99,68.92,224.66,358.95,13.84,0.364,0.314,0.68,NASA_COOLR,NASA_GPM_IMERG,NASA_USDA_SMAP,COPERNICUS_GLO_30,train
APDA-V1-POS-00587,COOLR-IN-NER-029-INST-587,2022-06-06,Tripura,Dhalai,23.85029,91.95273,shallow_slide,heavy_rain,1,1002.9,38.85,193.4,-0.02187,0.03641,5.4,78.16,254.26,512.14,20.31,0.466,0.435,0.962,NASA_COOLR,NASA_GPM_IMERG,NASA_USDA_SMAP,COPERNICUS_GLO_30,train
APDA-V1-NEG-00579,NONE_ABSENCE_CONTROL,2021-09-14,Assam,Dibrugarh,27.33593,94.8982,none,none,0,1729.1,6.85,41.4,0.00208,-0.00966,6.08,11.25,22.09,42.61,1.87,0.163,0.15,0.329,NASA_COOLR_ABSENCE,NASA_GPM_IMERG,NASA_USDA_SMAP,COPERNICUS_GLO_30,train
APDA-V1-NEG-00394,NONE_ABSENCE_CONTROL,2023-04-13,Assam,Nagaon,26.39759,92.69319,none,none,0,822.1,1.93,165.4,-0.01834,-0.00668,8.33,0.94,16.02,27.86,0.16,0.243,0.224,0.537,NASA_COOLR_ABSENCE,NASA_GPM_IMERG,NASA_USDA_SMAP,COPERNICUS_GLO_30,train
APDA-V1-POS-00054,COOLR-IN-NER-023-INST-54,2024-05-15,Mizoram,Aizawl,23.72964,92.71806,stone_quarry_collapse,cyclone_remal_deluge,1,1312.7,31.4,299.2,-0.02914,0.03947,6.15,70.01,246.87,322.11,16.98,0.389,0.354,0.744,NASA_COOLR,NASA_GPM_IMERG,NASA_USDA_SMAP,COPERNICUS_GLO_30,train
APDA-V1-POS-00152,COOLR-IN-NER-028-INST-152,2020-09-15,Nagaland,Phek,25.68478,94.50295,debris_flow,monsoon_rain,1,713.8,45.06,139.3,-0.01053,0.02886,5.97,85.0,158.91,386.43,15.7,0.426,0.391,0.891,NASA_COOLR,NASA_GPM_IMERG,NASA_USDA_SMAP,COPERNICUS_GLO_30,train
APDA-V1-POS-00404,COOLR-IN-NER-001-INST-404,2023-06-07,Meghalaya,East Khasi Hills,25.53473,91.8673,debris_flow,monsoon_rain,1,1849.1,32.45,259.2,-0.00618,0.0558,5.7,55.23,123.51,228.73,14.2,0.393,0.341,0.704,NASA_COOLR,NASA_GPM_IMERG,NASA_USDA_SMAP,COPERNICUS_GLO_30,train
APDA-V1-NEG-00705,NONE_ABSENCE_CONTROL,2021-09-14,Assam,Kamrup Metro,26.11501,91.59032,none,none,0,942.7,1.36,236.6,0.01795,-0.00144,7.33,14.12,14.84,43.4,2.35,0.14,0.129,0.321,NASA_COOLR_ABSENCE,NASA_GPM_IMERG,NASA_USDA_SMAP,COPERNICUS_GLO_30,test
APDA-V1-POS-00208,COOLR-IN-NER-022-INST-208,2020-07-07,Manipur,Tamenglong,24.98556,93.50206,mudslide,monsoon_rain,1,1432.7,33.07,104.0,0.01437,0.05775,4.99,152.34,253.5,357.02,21.96,0.382,0.347,0.741,NASA_COOLR,NASA_GPM_IMERG,NASA_USDA_SMAP,COPERNICUS_GLO_30,test
APDA-V1-NEG-00668,NONE_ABSENCE_CONTROL,2023-12-30,Meghalaya,Ri-Bhoi,25.85582,91.82953,none,none,0,1234.1,16.0,298.9,0.01353,0.01706,4.91,3.68,17.81,20.23,0.61,0.32,0.294,0.654,NASA_COOLR_ABSENCE,NASA_GPM_IMERG,NASA_USDA_SMAP,COPERNICUS_GLO_30,train
APDA-V1-NEG-00373,NONE_ABSENCE_CONTROL,2023-09-27,Meghalaya,West Garo Hills,25.43807,90.1529,none,none,0,981.7,2.5,128.9,-0.00669,-0.00332,8.13,4.46,19.07,21.28,0.74,0.153,0.141,0.353,NASA_COOLR_ABSENCE,NASA_GPM_IMERG,NASA_USDA_SMAP,COPERNICUS_GLO_30,train
APDA-V1-POS-00009,COOLR-IN-NER-009-INST-9,2022-06-25,Assam,Cachar,24.83313,92.80677,mudslide,flooding_rain,1,1045.6,44.2,152.0,-0.01556,0.03228,5.61,101.55,197.09,339.7,17.66,0.374,0.34,0.767,NASA_COOLR,NASA_GPM_IMERG,NASA_USDA_SMAP,COPERNICUS_GLO_30,train
APDA-V1-NEG-00265,NONE_ABSENCE_CONTROL,2023-02-17,Assam,Kamrup Metro,26.18877,91.76487,none,none,0,1902.7,1.42,154.2,-0.00434,-0.00125,8.64,0.21,3.71,16.32,0.04,0.053,0.049,0.111,NASA_COOLR_ABSENCE,NASA_GPM_IMERG,NASA_USDA_SMAP,COPERNICUS_GLO_30,train
APDA-V1-NEG-00594,NONE_ABSENCE_CONTROL,2023-04-16,Assam,Nagaon,26.49332,92.66114,none,none,0,1479.4,15.25,239.2,-0.00597,-0.01272,5.52,0.24,2.14,41.74,0.04,0.068,0.062,0.137,NASA_COOLR_ABSENCE,NASA_GPM_IMERG,NASA_USDA_SMAP,COPERNICUS_GLO_30,train
APDA-V1-NEG-00311,NONE_ABSENCE_CONTROL,2022-08-19,Manipur,Imphal East,24.71003,93.79473,none,none,0,1348.0,4.0,276.2,-0.00359,0.01267,7.21,5.79,28.33,69.64,0.96,0.13,0.12,0.294,NASA_COOLR_ABSENCE,NASA_GPM_IMERG,NASA_USDA_SMAP,COPERNICUS_GLO_30,test
APDA-V1-POS-00453,COOLR-IN-NER-019-INST-453,2020-07-14,Arunachal Pradesh,Lower Subansiri,27.52527,93.82641,debris_flow,monsoon_rain,1,2969.8,39.72,211.0,0.01445,0.03871,5.5,61.69,174.38,468.04,18.17,0.377,0.335,0.68,NASA_COOLR,NASA_GPM_IMERG,NASA_USDA_SMAP,COPERNICUS_GLO_30,val
APDA-V1-POS-00254,COOLR-IN-NER-006-INST-254,2024-06-07,Meghalaya,East Khasi Hills,25.56781,91.87903,shallow_slide,cyclone_remnants,1,1370.0,37.43,175.9,-0.06623,0.02905,6.36,48.43,146.19,255.11,13.78,0.389,0.338,0.68,NASA_COOLR,NASA_GPM_IMERG,NASA_USDA_SMAP,COPERNICUS_GLO_30,val
APDA-V1-NEG-00147,NONE_ABSENCE_CONTROL,2023-06-17,Assam,Dibrugarh,27.36762,94.84557,none,none,0,3155.7,13.5,263.7,-0.00268,-0.00462,6.41,3.45,15.2,53.28,0.57,0.124,0.114,0.256,NASA_COOLR_ABSENCE,NASA_GPM_IMERG,NASA_USDA_SMAP,COPERNICUS_GLO_30,train
APDA-V1-NEG-00559,NONE_ABSENCE_CONTROL,2023-12-14,Manipur,Imphal East,24.72667,93.99616,none,none,0,326.7,2.93,176.0,0.02138,0.00139,6.93,3.8,25.23,43.97,0.63,0.144,0.132,0.334,NASA_COOLR_ABSENCE,NASA_GPM_IMERG,NASA_USDA_SMAP,COPERNICUS_GLO_30,test
APDA-V1-NEG-00131,NONE_ABSENCE_CONTROL,2022-04-22,Assam,Dibrugarh,27.53386,94.8699,none,none,0,3400.5,5.96,56.4,-0.00721,0.00914,6.06,0.2,11.73,16.45,0.03,0.092,0.085,0.213,NASA_COOLR_ABSENCE,NASA_GPM_IMERG,NASA_USDA_SMAP,COPERNICUS_GLO_30,train
APDA-V1-NEG-00678,NONE_ABSENCE_CONTROL,2021-06-22,Tripura,West Tripura,23.97345,91.33648,none,none,0,322.2,1.31,202.0,-0.00204,-0.00914,8.73,5.99,17.61,35.28,1.0,0.147,0.136,0.318,NASA_COOLR_ABSENCE,NASA_GPM_IMERG,NASA_USDA_SMAP,COPERNICUS_GLO_30,train
APDA-V1-POS-00624,COOLR-IN-NER-004-INST-624,2021-08-13,Meghalaya,West Jaintia Hills,25.43868,92.19703,translational_slide,monsoon_rain,1,1630.4,31.54,63.4,-0.05097,0.03877,6.26,67.22,285.64,554.33,14.72,0.52,0.465,0.924,NASA_COOLR,NASA_GPM_IMERG,NASA_USDA_SMAP,COPERNICUS_GLO_30,train
APDA-V1-POS-00346,COOLR-IN-NER-005-INST-346,2020-09-24,Meghalaya,East Garo Hills,25.60349,90.58516,debris_flow,tropical_cyclone,1,1374.5,48.6,165.7,-0.06716,0.05486,4.43,140.97,358.88,655.38,21.23,0.381,0.333,0.713,NASA_COOLR,NASA_GPM_IMERG,NASA_USDA_SMAP,COPERNICUS_GLO_30,test
APDA-V1-NEG-00537,NONE_ABSENCE_CONTROL,2021-09-26,Assam,Kamrup Metro,26.07599,91.719,none,none,0,1792.2,1.18,339.4,0.00479,0.00384,8.78,10.79,34.92,41.66,1.8,0.044,0.04,0.091,NASA_COOLR_ABSENCE,NASA_GPM_IMERG,NASA_USDA_SMAP,COPERNICUS_GLO_30,train
APDA-V1-POS-00263,COOLR-IN-NER-015-INST-263,2020-08-05,Sikkim,West Sikkim,27.28293,88.24191,translational_slide,continuous_rain,1,2898.0,28.9,159.0,-0.0073,0.06659,5.82,63.35,205.8,426.23,16.85,0.392,0.343,0.708,NASA_COOLR,NASA_GPM_IMERG,NASA_USDA_SMAP,COPERNICUS_GLO_30,val
APDA-V1-POS-00151,COOLR-IN-NER-027-INST-151,2022-08-12,Nagaland,Mokokchung,26.32117,94.51669,mudslide,monsoon_rain,1,958.0,40.82,334.6,-0.02341,-0.02357,5.91,43.21,156.77,210.89,9.21,0.398,0.341,0.694,NASA_COOLR,NASA_GPM_IMERG,NASA_USDA_SMAP,COPERNICUS_GLO_30,train
APDA-V1-POS-00473,COOLR-IN-NER-008-INST-473,2022-05-04,Assam,Dima Hasao,25.07537,93.15545,debris_flow,monsoon_rain,1,724.9,25.69,233.9,-0.06269,0.03907,5.56,70.16,260.35,531.16,14.76,0.407,0.373,0.77,NASA_COOLR,NASA_GPM_IMERG,NASA_USDA_SMAP,COPERNICUS_GLO_30,test
APDA-V1-POS-00641,COOLR-IN-NER-021-INST-641,2021-08-10,Manipur,Senapati,25.26255,94.01833,translational_slide,monsoon_rain,1,1536.4,31.09,197.2,-0.01346,0.04424,5.51,71.76,246.03,310.27,13.39,0.403,0.369,0.744,NASA_COOLR,NASA_GPM_IMERG,NASA_USDA_SMAP,COPERNICUS_GLO_30,train
APDA-V1-NEG-00735,NONE_ABSENCE_CONTROL,2021-05-28,Manipur,Imphal East,24.92601,93.8772,none,none,0,475.9,10.59,50.9,0.02326,0.00674,6.15,2.52,7.33,22.76,0.42,0.096,0.088,0.202,NASA_COOLR_ABSENCE,NASA_GPM_IMERG,NASA_USDA_SMAP,COPERNICUS_GLO_30,train
APDA-V1-NEG-00661,NONE_ABSENCE_CONTROL,2022-04-09,Meghalaya,West Garo Hills,25.4197,90.225,none,none,0,1397.8,10.39,334.3,-0.00875,-0.00207,5.42,0.77,19.0,29.69,0.13,0.074,0.068,0.152,NASA_COOLR_ABSENCE,NASA_GPM_IMERG,NASA_USDA_SMAP,COPERNICUS_GLO_30,test
APDA-V1-POS-00551,COOLR-IN-NER-024-INST-551,2022-06-15,Mizoram,Lunglei,22.89026,92.74046,mudslide,monsoon_rain,1,859.0,47.9,173.9,-0.05019,0.05009,5.89,71.54,156.91,446.22,20.81,0.451,0.433,0.989,NASA_COOLR,NASA_GPM_IMERG,NASA_USDA_SMAP,COPERNICUS_GLO_30,train
APDA-V1-NEG-00179,NONE_ABSENCE_CONTROL,2021-02-17,Assam,Dibrugarh,27.53495,94.7742,none,none,0,3778.6,4.15,50.5,-0.00632,-0.0102,6.89,0.44,9.0,40.39,0.07,0.183,0.168,0.401,NASA_COOLR_ABSENCE,NASA_GPM_IMERG,NASA_USDA_SMAP,COPERNICUS_GLO_30,train
APDA-V1-POS-00489,COOLR-IN-NER-024-INST-489,2022-06-20,Mizoram,Lunglei,22.88495,92.74352,mudslide,monsoon_rain,1,428.7,42.72,142.9,-0.04423,0.03947,5.32,89.22,135.8,274.12,15.21,0.453,0.4,0.902,NASA_COOLR,NASA_GPM_IMERG,NASA_USDA_SMAP,COPERNICUS_GLO_30,train
APDA-V1-NEG-00607,NONE_ABSENCE_CONTROL,2023-12-11,Manipur,Imphal East,24.72221,94.06491,none,none,0,1164.4,5.26,222.9,0.00386,0.00169,5.54,1.35,11.57,15.58,0.23,0.394,0.363,0.827,NASA_COOLR_ABSENCE,NASA_GPM_IMERG,NASA_USDA_SMAP,COPERNICUS_GLO_30,train
APDA-V1-NEG-00422,NONE_ABSENCE_CONTROL,2021-04-12,Tripura,West Tripura,23.9001,91.19393,none,none,0,1252.1,2.0,207.9,0.0025,-0.00342,7.05,3.8,6.09,25.12,0.63,0.299,0.275,0.653,NASA_COOLR_ABSENCE,NASA_GPM_IMERG,NASA_USDA_SMAP,COPERNICUS_GLO_30,train
APDA-V1-POS-00147,COOLR-IN-NER-023-INST-147,2024-05-20,Mizoram,Aizawl,23.72863,92.7187,stone_quarry_collapse,cyclone_remal_deluge,1,1213.7,44.05,163.5,-0.07662,0.03225,5.41,35.0,105.26,274.56,9.33,0.41,0.373,0.737,NASA_COOLR,NASA_GPM_IMERG,NASA_USDA_SMAP,COPERNICUS_GLO_30,train
APDA-V1-POS-00403,COOLR-IN-NER-031-INST-403,2023-09-23,West Bengal,Kalimpong,27.06274,88.47055,debris_flow,teesta_river_erosion,1,2660.2,31.26,171.8,-0.0069,0.05487,5.23,59.65,138.62,391.67,11.87,0.487,0.43,0.876,NASA_COOLR,NASA_GPM_IMERG,NASA_USDA_SMAP,COPERNICUS_GLO_30,train
APDA-V1-NEG-00205,NONE_ABSENCE_CONTROL,2023-10-16,Meghalaya,West Garo Hills,25.41581,90.09755,none,none,0,897.4,8.27,31.3,0.00904,-0.00195,5.36,1.63,7.27,40.32,0.27,0.172,0.158,0.391,NASA_COOLR_ABSENCE,NASA_GPM_IMERG,NASA_USDA_SMAP,COPERNICUS_GLO_30,test
APDA-V1-NEG-00656,NONE_ABSENCE_CONTROL,2021-10-30,West Bengal,Jalpaiguri,26.57213,88.78786,none,none,0,843.0,5.52,79.7,0.00707,0.01113,6.4,5.54,27.81,47.17,0.92,0.373,0.343,0.808,NASA_COOLR_ABSENCE,NASA_GPM_IMERG,NASA_USDA_SMAP,COPERNICUS_GLO_30,train
APDA-V1-POS-00660,COOLR-IN-NER-009-INST-660,2022-06-13,Assam,Cachar,24.83419,92.79862,mudslide,flooding_rain,1,1388.4,35.58,312.7,-0.08286,0.04221,6.28,116.63,222.44,457.81,23.72,0.376,0.338,0.731,NASA_COOLR,NASA_GPM_IMERG,NASA_USDA_SMAP,COPERNICUS_GLO_30,train
APDA-V1-POS-00464,COOLR-IN-NER-030-INST-464,2021-10-05,West Bengal,Darjeeling,27.041,88.26801,rotational_slide,post_monsoon_deluge,1,2876.5,36.23,167.0,-0.00842,0.00371,6.39,110.89,305.32,471.91,24.66,0.367,0.316,0.699,NASA_COOLR,NASA_GPM_IMERG,NASA_USDA_SMAP,COPERNICUS_GLO_30,train
APDA-V1-POS-00187,COOLR-IN-NER-001-INST-187,2023-06-23,Meghalaya,East Khasi Hills,25.5368,91.87001,debris_flow,monsoon_rain,1,1563.0,29.0,297.7,0.02842,0.00421,5.53,91.69,223.17,279.89,12.04,0.497,0.457,0.948,NASA_COOLR,NASA_GPM_IMERG,NASA_USDA_SMAP,COPERNICUS_GLO_30,train
APDA-V1-NEG-00398,NONE_ABSENCE_CONTROL,2021-05-07,Tripura,West Tripura,23.71266,91.25141,none,none,0,675.7,6.71,15.5,-0.00217,0.00136,6.91,5.04,7.24,26.78,0.84,0.073,0.067,0.169,NASA_COOLR_ABSENCE,NASA_GPM_IMERG,NASA_USDA_SMAP,COPERNICUS_GLO_30,train
APDA-V1-NEG-00475,NONE_ABSENCE_CONTROL,2021-01-11,Assam,Dibrugarh,27.44803,94.94023,none,none,0,3587.9,11.83,107.3,0.01007,-0.01927,6.13,1.3,5.21,30.56,0.22,0.28,0.258,0.587,NASA_COOLR_ABSENCE,NASA_GPM_IMERG,NASA_USDA_SMAP,COPERNICUS_GLO_30,test
APDA-V1-POS-00609,COOLR-IN-NER-020-INST-609,2022-07-01,Manipur,Noney,24.78298,93.67837,massive_debris_slide,unprecedented_continuous_rain,1,973.3,50.52,110.9,-0.05112,0.04067,5.6,130.89,262.45,454.85,26.44,0.428,0.375,0.816,NASA_COOLR,NASA_GPM_IMERG,NASA_USDA_SMAP,COPERNICUS_GLO_30,test
APDA-V1-POS-00144,COOLR-IN-NER-020-INST-144,2022-07-02,Manipur,Noney,24.78844,93.67947,massive_debris_slide,unprecedented_continuous_rain,1,275.8,39.17,3.1,-0.03836,0.03292,6.1,177.56,233.83,291.23,40.55,0.468,0.43,0.85,NASA_COOLR,NASA_GPM_IMERG,NASA_USDA_SMAP,COPERNICUS_GLO_30,train
APDA-V1-NEG-00002,NONE_ABSENCE_CONTROL,2023-04-09,Assam,Nagaon,26.25665,92.65935,none,none,0,1552.2,0.05,17.2,-0.01267,-0.00319,9.18,3.36,22.29,38.98,0.56,0.21,0.193,0.483,NASA_COOLR_ABSENCE,NASA_GPM_IMERG,NASA_USDA_SMAP,COPERNICUS_GLO_30,train
APDA-V1-NEG-00232,NONE_ABSENCE_CONTROL,2023-05-13,West Bengal,Jalpaiguri,26.58563,88.86837,none,none,0,1571.3,4.91,311.8,0.00588,0.00679,5.63,11.91,14.16,48.82,1.99,0.12,0.11,0.258,NASA_COOLR_ABSENCE,NASA_GPM_IMERG,NASA_USDA_SMAP,COPERNICUS_GLO_30,train
APDA-V1-POS-00198,COOLR-IN-NER-012-INST-198,2023-10-06,Sikkim,North Sikkim,27.69601,88.58243,complex_glol_debris,glacial_lake_outburst_rain,1,1482.3,33.31,290.3,-0.08679,0.06347,5.48,106.72,303.7,494.47,32.88,0.398,0.352,0.79,NASA_COOLR,NASA_GPM_IMERG,NASA_USDA_SMAP,COPERNICUS_GLO_30,train
APDA-V1-NEG-00134,NONE_ABSENCE_CONTROL,2021-09-17,Tripura,West Tripura,23.76264,91.39524,none,none,0,1006.1,1.13,123.0,-0.03321,-0.00506,8.82,9.75,10.93,46.36,1.62,0.125,0.115,0.296,NASA_COOLR_ABSENCE,NASA_GPM_IMERG,NASA_USDA_SMAP,COPERNICUS_GLO_30,train
APDA-V1-POS-00280,COOLR-IN-NER-001-INST-280,2023-06-08,Meghalaya,East Khasi Hills,25.53206,91.86807,debris_flow,monsoon_rain,1,734.2,39.78,136.5,-0.08907,0.04102,5.6,83.22,274.88,490.4,12.34,0.439,0.394,0.772,NASA_COOLR,NASA_GPM_IMERG,NASA_USDA_SMAP,COPERNICUS_GLO_30,train
APDA-V1-POS-00294,COOLR-IN-NER-015-INST-294,2020-08-20,Sikkim,West Sikkim,27.28661,88.24479,translational_slide,continuous_rain,1,3415.8,49.83,145.2,-0.01057,-0.01978,5.49,90.07,227.67,476.7,17.81,0.475,0.421,0.864,NASA_COOLR,NASA_GPM_IMERG,NASA_USDA_SMAP,COPERNICUS_GLO_30,train
APDA-V1-NEG-00615,NONE_ABSENCE_CONTROL,2021-08-23,Manipur,Imphal East,24.93104,93.99104,none,none,0,1416.7,3.86,96.7,0.00565,0.01396,6.84,4.87,16.48,36.04,0.81,0.191,0.175,0.41,NASA_COOLR_ABSENCE,NASA_GPM_IMERG,NASA_USDA_SMAP,COPERNICUS_GLO_30,train
APDA-V1-POS-00401,COOLR-IN-NER-029-INST-401,2022-05-25,Tripura,Dhalai,23.85076,91.94877,shallow_slide,heavy_rain,1,1379.3,21.59,207.5,-0.03371,0.00728,6.67,92.48,219.02,341.28,18.46,0.456,0.408,0.922,NASA_COOLR,NASA_GPM_IMERG,NASA_USDA_SMAP,COPERNICUS_GLO_30,train
APDA-V1-POS-00123,COOLR-IN-NER-030-INST-123,2021-10-14,West Bengal,Darjeeling,27.04076,88.25947,rotational_slide,post_monsoon_deluge,1,2180.4,30.68,271.1,-0.0605,0.06702,6.46,121.89,306.92,544.48,25.19,0.393,0.337,0.68,NASA_COOLR,NASA_GPM_IMERG,NASA_USDA_SMAP,COPERNICUS_GLO_30,train
APDA-V1-NEG-00458,NONE_ABSENCE_CONTROL,2021-10-13,Assam,Nagaon,26.4253,92.58426,none,none,0,889.1,8.2,15.1,0.0002,-0.01214,5.76,4.15,22.16,59.44,0.69,0.078,0.072,0.182,NASA_COOLR_ABSENCE,NASA_GPM_IMERG,NASA_USDA_SMAP,COPERNICUS_GLO_30,train
APDA-V1-POS-00203,COOLR-IN-NER-017-INST-203,2021-05-18,Arunachal Pradesh,Tawang,27.58624,91.86502,debris_avalanche,rain_snowmelt,1,2074.6,32.31,226.1,-0.09429,0.03161,6.44,53.88,138.43,407.68,16.97,0.431,0.383,0.774,NASA_COOLR,NASA_GPM_IMERG,NASA_USDA_SMAP,COPERNICUS_GLO_30,train
APDA-V1-NEG-00086,NONE_ABSENCE_CONTROL,2022-03-13,Tripura,West Tripura,23.83254,91.40963,none,none,0,997.9,7.67,236.7,0.00657,0.00423,6.22,0.27,19.78,39.08,0.05,0.125,0.115,0.254,NASA_COOLR_ABSENCE,NASA_GPM_IMERG,NASA_USDA_SMAP,COPERNICUS_GLO_30,val
APDA-V1-POS-00247,COOLR-IN-NER-030-INST-247,2021-11-03,West Bengal,Darjeeling,27.03044,88.26126,rotational_slide,post_monsoon_deluge,1,3575.2,43.23,201.2,-0.0477,0.05254,6.16,36.64,244.11,485.78,12.29,0.49,0.446,0.906,NASA_COOLR,NASA_GPM_IMERG,NASA_USDA_SMAP,COPERNICUS_GLO_30,train
APDA-V1-NEG-00673,NONE_ABSENCE_CONTROL,2021-02-10,Assam,Kamrup Metro,26.19538,91.76579,none,none,0,1404.9,1.38,35.2,-0.00355,-0.00453,7.41,0.92,3.83,19.42,0.15,0.071,0.065,0.153,NASA_COOLR_ABSENCE,NASA_GPM_IMERG,NASA_USDA_SMAP,COPERNICUS_GLO_30,train
APDA-V1-NEG-00659,NONE_ABSENCE_CONTROL,2021-01-26,Assam,Dibrugarh,27.39827,94.90737,none,none,0,3234.6,16.0,210.2,-0.01067,0.00583,5.13,0.29,4.13,12.2,0.05,0.115,0.106,0.259,NASA_COOLR_ABSENCE,NASA_GPM_IMERG,NASA_USDA_SMAP,COPERNICUS_GLO_30,train
APDA-V1-NEG-00404,NONE_ABSENCE_CONTROL,2021-05-06,Meghalaya,Ri-Bhoi,26.03245,91.98244,none,none,0,1874.8,5.59,81.8,-0.00517,-0.00954,5.88,6.03,20.93,45.19,1.0,0.273,0.251,0.585,NASA_COOLR_ABSENCE,NASA_GPM_IMERG,NASA_USDA_SMAP,COPERNICUS_GLO_30,val
APDA-V1-POS-00385,COOLR-IN-NER-013-INST-385,2022-07-06,Sikkim,East Sikkim,27.33591,88.61854,rockfall,heavy_rain,1,2114.6,27.51,0.1,0.01169,0.01314,5.19,90.75,197.35,367.96,23.1,0.476,0.44,0.864,NASA_COOLR,NASA_GPM_IMERG,NASA_USDA_SMAP,COPERNICUS_GLO_30,train
APDA-V1-NEG-00573,NONE_ABSENCE_CONTROL,2021-11-29,Meghalaya,West Garo Hills,25.46864,90.26538,none,none,0,1557.4,13.12,263.5,-0.00443,0.01514,6.32,0.67,2.42,12.73,0.11,0.136,0.125,0.293,NASA_COOLR_ABSENCE,NASA_GPM_IMERG,NASA_USDA_SMAP,COPERNICUS_GLO_30,val
APDA-V1-NEG-00105,NONE_ABSENCE_CONTROL,2021-06-03,Assam,Kamrup Metro,26.1265,91.65962,none,none,0,1489.6,1.75,286.7,0.01845,-0.01293,6.57,3.71,24.9,49.53,0.62,0.074,0.068,0.17,NASA_COOLR_ABSENCE,NASA_GPM_IMERG,NASA_USDA_SMAP,COPERNICUS_GLO_30,test
APDA-V1-POS-00220,COOLR-IN-NER-003-INST-220,2023-07-16,Meghalaya,Ri-Bhoi,25.75978,91.90637,rockfall,continuous_rain,1,1466.6,34.07,162.7,-0.07026,0.04314,5.96,35.73,254.02,473.23,11.03,0.382,0.338,0.68,NASA_COOLR,NASA_GPM_IMERG,NASA_USDA_SMAP,COPERNICUS_GLO_30,train
APDA-V1-POS-00642,COOLR-IN-NER-022-INST-642,2020-06-30,Manipur,Tamenglong,24.98672,93.49618,mudslide,monsoon_rain,1,427.2,32.98,178.0,-0.0397,0.00957,5.68,75.26,230.01,305.86,18.55,0.486,0.447,0.941,NASA_COOLR,NASA_GPM_IMERG,NASA_USDA_SMAP,COPERNICUS_GLO_30,train
APDA-V1-POS-00002,COOLR-IN-NER-002-INST-2,2022-06-17,Meghalaya,East Khasi Hills,25.30055,91.71393,mudslide,downpour,1,1096.6,31.37,197.5,-0.08293,0.07584,5.83,136.46,257.19,541.31,29.24,0.484,0.433,0.914,NASA_COOLR,NASA_GPM_IMERG,NASA_USDA_SMAP,COPERNICUS_GLO_30,train
APDA-V1-POS-00113,COOLR-IN-NER-020-INST-113,2022-06-24,Manipur,Noney,24.7873,93.68071,massive_debris_slide,unprecedented_continuous_rain,1,1071.4,39.32,166.4,-0.07644,-0.01665,6.24,67.76,149.87,202.09,12.81,0.364,0.336,0.68,NASA_COOLR,NASA_GPM_IMERG,NASA_USDA_SMAP,COPERNICUS_GLO_30,test
APDA-V1-POS-00699,COOLR-IN-NER-017-INST-699,2021-05-14,Arunachal Pradesh,Tawang,27.5874,91.86898,debris_avalanche,rain_snowmelt,1,2757.7,32.34,130.5,-0.0485,0.03161,6.49,81.33,177.18,264.2,16.26,0.485,0.439,0.931,NASA_COOLR,NASA_GPM_IMERG,NASA_USDA_SMAP,COPERNICUS_GLO_30,train
APDA-V1-NEG-00682,NONE_ABSENCE_CONTROL,2021-01-29,Assam,Nagaon,26.28831,92.55568,none,none,0,1372.9,6.12,32.6,-0.01251,0.0016,6.33,1.68,13.04,22.1,0.28,0.125,0.115,0.291,NASA_COOLR_ABSENCE,NASA_GPM_IMERG,NASA_USDA_SMAP,COPERNICUS_GLO_30,test
APDA-V1-NEG-00202,NONE_ABSENCE_CONTROL,2022-01-31,Assam,Nagaon,26.37423,92.76605,none,none,0,1865.7,2.79,10.2,0.00657,-0.00151,7.39,1.13,6.37,18.96,0.19,0.153,0.141,0.356,NASA_COOLR_ABSENCE,NASA_GPM_IMERG,NASA_USDA_SMAP,COPERNICUS_GLO_30,train
APDA-V1-NEG-00568,NONE_ABSENCE_CONTROL,2023-08-13,West Bengal,Jalpaiguri,26.46838,88.83149,none,none,0,989.2,1.71,255.2,0.00228,0.0009,8.49,0.99,12.13,26.59,0.16,0.029,0.027,0.063,NASA_COOLR_ABSENCE,NASA_GPM_IMERG,NASA_USDA_SMAP,COPERNICUS_GLO_30,train
APDA-V1-NEG-00542,NONE_ABSENCE_CONTROL,2022-04-14,Tripura,West Tripura,23.75951,91.308,none,none,0,1357.3,6.25,29.2,-0.01812,0.0052,6.15,0.45,4.02,46.64,0.07,0.112,0.103,0.229,NASA_COOLR_ABSENCE,NASA_GPM_IMERG,NASA_USDA_SMAP,COPERNICUS_GLO_30,train
APDA-V1-NEG-00604,NONE_ABSENCE_CONTROL,2023-02-23,Meghalaya,Ri-Bhoi,25.88137,91.811,none,none,0,1164.3,5.01,57.8,-0.00836,0.0052,6.46,2.51,23.0,32.95,0.42,0.145,0.133,0.337,NASA_COOLR_ABSENCE,NASA_GPM_IMERG,NASA_USDA_SMAP,COPERNICUS_GLO_30,train
APDA-V1-POS-00442,COOLR-IN-NER-008-INST-442,2022-05-27,Assam,Dima Hasao,25.07279,93.15335,debris_flow,monsoon_rain,1,1418.4,19.09,146.8,-0.03672,0.05991,5.77,87.84,275.0,575.21,15.12,0.477,0.427,0.838,NASA_COOLR,NASA_GPM_IMERG,NASA_USDA_SMAP,COPERNICUS_GLO_30,train
APDA-V1-NEG-00387,NONE_ABSENCE_CONTROL,2021-03-13,Assam,Dibrugarh,27.5072,94.89211,none,none,0,2979.9,0.23,42.0,-9e-05,-0.0019,8.76,4.07,14.98,20.31,0.68,0.071,0.065,0.16,NASA_COOLR_ABSENCE,NASA_GPM_IMERG,NASA_USDA_SMAP,COPERNICUS_GLO_30,train
APDA-V1-NEG-00507,NONE_ABSENCE_CONTROL,2023-08-10,Assam,Dibrugarh,27.35918,94.81354,none,none,0,3635.1,0.07,174.3,0.02135,0.0115,9.74,20.96,41.49,48.99,3.49,0.123,0.113,0.291,NASA_COOLR_ABSENCE,NASA_GPM_IMERG,NASA_USDA_SMAP,COPERNICUS_GLO_30,val
APDA-V1-POS-00664,COOLR-IN-NER-013-INST-664,2022-07-20,Sikkim,East Sikkim,27.3303,88.6143,rockfall,heavy_rain,1,3534.7,25.34,168.7,-0.08064,0.02213,6.58,53.0,270.97,452.14,8.5,0.451,0.418,0.955,NASA_COOLR,NASA_GPM_IMERG,NASA_USDA_SMAP,COPERNICUS_GLO_30,test
APDA-V1-NEG-00623,NONE_ABSENCE_CONTROL,2022-11-20,Manipur,Imphal East,24.84081,93.9934,none,none,0,902.3,4.23,189.8,0.00513,0.02226,6.87,0.24,22.62,55.29,0.04,0.264,0.243,0.577,NASA_COOLR_ABSENCE,NASA_GPM_IMERG,NASA_USDA_SMAP,COPERNICUS_GLO_30,train
APDA-V1-NEG-00508,NONE_ABSENCE_CONTROL,2022-12-20,Meghalaya,Ri-Bhoi,26.00526,91.99465,none,none,0,1486.2,2.78,4.0,-0.0105,-0.00877,7.95,3.6,16.19,44.43,0.6,0.239,0.22,0.517,NASA_COOLR_ABSENCE,NASA_GPM_IMERG,NASA_USDA_SMAP,COPERNICUS_GLO_30,train
APDA-V1-NEG-00582,NONE_ABSENCE_CONTROL,2023-07-20,Tripura,West Tripura,23.79037,91.16553,none,none,0,1155.1,2.5,115.2,-0.00364,0.00295,8.11,2.9,27.89,57.89,0.48,0.107,0.098,0.245,NASA_COOLR_ABSENCE,NASA_GPM_IMERG,NASA_USDA_SMAP,COPERNICUS_GLO_30,train
APDA-V1-POS-00318,COOLR-IN-NER-008-INST-318,2022-05-28,Assam,Dima Hasao,25.07264,93.15315,debris_flow,monsoon_rain,1,1545.6,31.6,227.6,-0.04383,-0.00319,6.56,61.08,148.31,240.64,8.29,0.359,0.316,0.68,NASA_COOLR,NASA_GPM_IMERG,NASA_USDA_SMAP,COPERNICUS_GLO_30,val
APDA-V1-POS-00649,COOLR-IN-NER-029-INST-649,2022-06-05,Tripura,Dhalai,23.85128,91.9549,shallow_slide,heavy_rain,1,1202.2,38.23,140.0,-0.09348,-0.01982,5.59,61.43,276.99,406.02,13.28,0.503,0.47,0.965,NASA_COOLR,NASA_GPM_IMERG,NASA_USDA_SMAP,COPERNICUS_GLO_30,train
APDA-V1-POS-00710,COOLR-IN-NER-028-INST-710,2020-09-19,Nagaland,Phek,25.68195,94.50425,debris_flow,monsoon_rain,1,1882.8,27.31,61.0,-0.09714,0.03746,5.79,101.72,222.07,472.83,16.73,0.443,0.384,0.863,NASA_COOLR,NASA_GPM_IMERG,NASA_USDA_SMAP,COPERNICUS_GLO_30,test
APDA-V1-NEG-00533,NONE_ABSENCE_CONTROL,2021-04-09,Meghalaya,West Garo Hills,25.43129,90.06368,none,none,0,1226.2,0.25,356.7,-0.00054,-0.00519,8.94,1.75,1.9,26.95,0.29,0.044,0.04,0.097,NASA_COOLR_ABSENCE,NASA_GPM_IMERG,NASA_USDA_SMAP,COPERNICUS_GLO_30,train
APDA-V1-NEG-00223,NONE_ABSENCE_CONTROL,2022-12-28,Manipur,Imphal East,24.68213,94.02668,none,none,0,1227.3,0.1,275.2,0.02275,-0.01179,9.46,0.47,16.12,49.64,0.08,0.226,0.208,0.469,NASA_COOLR_ABSENCE,NASA_GPM_IMERG,NASA_USDA_SMAP,COPERNICUS_GLO_30,train
APDA-V1-POS-00628,COOLR-IN-NER-008-INST-628,2022-05-15,Assam,Dima Hasao,25.07492,93.1558,debris_flow,monsoon_rain,1,1303.6,27.53,211.3,-0.06337,0.08468,6.39,103.3,226.79,437.25,20.88,0.477,0.425,0.921,NASA_COOLR,NASA_GPM_IMERG,NASA_USDA_SMAP,COPERNICUS_GLO_30,train
APDA-V1-POS-00633,COOLR-IN-NER-013-INST-633,2022-07-01,Sikkim,East Sikkim,27.33463,88.61706,rockfall,heavy_rain,1,3668.0,43.9,143.0,-0.08532,0.02303,5.48,50.82,121.84,214.03,12.51,0.473,0.44,0.927,NASA_COOLR,NASA_GPM_IMERG,NASA_USDA_SMAP,COPERNICUS_GLO_30,train
APDA-V1-NEG-00557,NONE_ABSENCE_CONTROL,2021-09-30,Meghalaya,West Garo Hills,25.48586,90.29383,none,none,0,1543.9,8.82,146.0,-0.00666,-0.00044,5.83,3.27,26.61,67.12,0.54,0.215,0.198,0.508,NASA_COOLR_ABSENCE,NASA_GPM_IMERG,NASA_USDA_SMAP,COPERNICUS_GLO_30,val
APDA-V1-NEG-00499,NONE_ABSENCE_CONTROL,2023-11-18,Assam,Dibrugarh,27.62783,95.04401,none,none,0,1710.5,7.31,90.4,-0.01085,0.01242,6.21,0.04,4.34,48.6,0.01,0.155,0.143,0.348,NASA_COOLR_ABSENCE,NASA_GPM_IMERG,NASA_USDA_SMAP,COPERNICUS_GLO_30,train
APDA-V1-NEG-00712,NONE_ABSENCE_CONTROL,2021-07-23,West Bengal,Jalpaiguri,26.4846,88.73281,none,none,0,1766.7,10.9,221.2,-0.01756,0.00954,6.27,0.64,2.77,20.44,0.11,0.211,0.194,0.472,NASA_COOLR_ABSENCE,NASA_GPM_IMERG,NASA_USDA_SMAP,COPERNICUS_GLO_30,train
APDA-V1-NEG-00505,NONE_ABSENCE_CONTROL,2022-04-11,Assam,Kamrup Metro,26.01983,91.76154,none,none,0,1274.9,8.42,194.6,-0.00931,-0.0106,5.67,4.08,22.17,52.1,0.68,0.11,0.101,0.229,NASA_COOLR_ABSENCE,NASA_GPM_IMERG,NASA_USDA_SMAP,COPERNICUS_GLO_30,test
APDA-V1-NEG-00634,NONE_ABSENCE_CONTROL,2023-08-23,Assam,Nagaon,26.43927,92.82682,none,none,0,1896.7,4.35,112.6,0.02679,-0.01381,7.15,5.18,29.02,70.58,0.86,0.183,0.169,0.43,NASA_COOLR_ABSENCE,NASA_GPM_IMERG,NASA_USDA_SMAP,COPERNICUS_GLO_30,test
APDA-V1-NEG-00046,NONE_ABSENCE_CONTROL,2023-06-09,Tripura,West Tripura,23.9218,91.1345,none,none,0,702.0,6.76,220.2,0.0247,-0.02334,6.79,30.0,40.27,57.02,5.0,0.116,0.107,0.235,NASA_COOLR_ABSENCE,NASA_GPM_IMERG,NASA_USDA_SMAP,COPERNICUS_GLO_30,test
APDA-V1-POS-00646,COOLR-IN-NER-026-INST-646,2023-07-18,Nagaland,Kohima,25.67432,94.10909,translational_slide,continuous_rain,1,641.9,23.6,204.3,-0.03381,0.0322,6.09,38.15,190.66,365.43,13.99,0.435,0.401,0.807,NASA_COOLR,NASA_GPM_IMERG,NASA_USDA_SMAP,COPERNICUS_GLO_30,train
APDA-V1-NEG-00263,NONE_ABSENCE_CONTROL,2021-02-23,Manipur,Imphal East,24.67837,93.93916,none,none,0,293.2,4.15,208.6,-0.00369,0.00874,7.03,0.18,17.37,39.34,0.03,0.031,0.029,0.065,NASA_COOLR_ABSENCE,NASA_GPM_IMERG,NASA_USDA_SMAP,COPERNICUS_GLO_30,train
APDA-V1-POS-00557,COOLR-IN-NER-030-INST-557,2021-10-17,West Bengal,Darjeeling,27.04071,88.26025,rotational_slide,post_monsoon_deluge,1,2583.9,40.06,341.3,-0.0149,0.03029,5.4,47.23,169.92,248.67,15.73,0.387,0.345,0.766,NASA_COOLR,NASA_GPM_IMERG,NASA_USDA_SMAP,COPERNICUS_GLO_30,test
APDA-V1-POS-00682,COOLR-IN-NER-031-INST-682,2023-10-15,West Bengal,Kalimpong,27.06153,88.4716,debris_flow,teesta_river_erosion,1,1827.9,40.97,40.1,-0.0427,0.06189,5.23,65.47,259.62,556.73,19.32,0.453,0.415,0.867,NASA_COOLR,NASA_GPM_IMERG,NASA_USDA_SMAP,COPERNICUS_GLO_30,train
APDA-V1-POS-00578,COOLR-IN-NER-020-INST-578,2022-06-23,Manipur,Noney,24.78491,93.68445,massive_debris_slide,unprecedented_continuous_rain,1,1342.9,35.95,159.4,-0.05743,-0.0025,6.29,72.89,217.76,333.88,20.27,0.457,0.396,0.801,NASA_COOLR,NASA_GPM_IMERG,NASA_USDA_SMAP,COPERNICUS_GLO_30,train
APDA-V1-NEG-00360,NONE_ABSENCE_CONTROL,2023-11-19,West Bengal,Jalpaiguri,26.39213,88.70131,none,none,0,1105.0,10.9,184.2,-0.0014,-0.00201,5.44,0.24,18.99,23.53,0.04,0.113,0.104,0.252,NASA_COOLR_ABSENCE,NASA_GPM_IMERG,NASA_USDA_SMAP,COPERNICUS_GLO_30,val
APDA-V1-NEG-00517,NONE_ABSENCE_CONTROL,2021-12-06,Meghalaya,West Garo Hills,25.48127,90.11331,none,none,0,762.1,3.86,165.7,-0.00291,-0.0137,7.69,0.28,21.93,66.69,0.05,0.09,0.083,0.2,NASA_COOLR_ABSENCE,NASA_GPM_IMERG,NASA_USDA_SMAP,COPERNICUS_GLO_30,train
APDA-V1-NEG-00434,NONE_ABSENCE_CONTROL,2022-08-26,Assam,Nagaon,26.24294,92.80639,none,none,0,1748.3,3.0,358.8,-0.01432,-0.00043,7.8,1.61,1.74,19.93,0.27,0.239,0.22,0.479,NASA_COOLR_ABSENCE,NASA_GPM_IMERG,NASA_USDA_SMAP,COPERNICUS_GLO_30,train
APDA-V1-POS-00525,COOLR-IN-NER-029-INST-525,2022-06-04,Tripura,Dhalai,23.8554,91.95376,shallow_slide,heavy_rain,1,1098.3,29.75,347.9,-0.02039,0.04816,6.35,73.18,288.12,556.76,18.1,0.37,0.32,0.68,NASA_COOLR,NASA_GPM_IMERG,NASA_USDA_SMAP,COPERNICUS_GLO_30,test
APDA-V1-NEG-00310,NONE_ABSENCE_CONTROL,2022-09-27,Tripura,West Tripura,23.82422,91.39747,none,none,0,1376.2,2.66,231.3,-0.00673,0.00322,7.64,5.77,13.67,38.64,0.96,0.132,0.121,0.308,NASA_COOLR_ABSENCE,NASA_GPM_IMERG,NASA_USDA_SMAP,COPERNICUS_GLO_30,train
APDA-V1-POS-00541,COOLR-IN-NER-014-INST-541,2021-09-03,Sikkim,South Sikkim,27.18411,88.35842,rotational_slide,monsoon_rain,1,1504.9,34.01,245.6,-0.06054,0.06051,5.37,59.96,160.55,282.26,13.06,0.511,0.464,0.937,NASA_COOLR,NASA_GPM_IMERG,NASA_USDA_SMAP,COPERNICUS_GLO_30,train
APDA-V1-NEG-00445,NONE_ABSENCE_CONTROL,2021-04-21,Meghalaya,West Garo Hills,25.38444,90.19427,none,none,0,698.4,4.16,256.6,-0.00351,0.00211,7.18,0.38,13.92,30.01,0.06,0.302,0.278,0.604,NASA_COOLR_ABSENCE,NASA_GPM_IMERG,NASA_USDA_SMAP,COPERNICUS_GLO_30,train
APDA-V1-POS-00749,COOLR-IN-NER-005-INST-749,2020-09-27,Meghalaya,East Garo Hills,25.59751,90.58398,debris_flow,tropical_cyclone,1,1625.3,34.81,208.6,-0.02155,0.02006,5.94,66.71,245.59,483.25,13.58,0.478,0.423,0.847,NASA_COOLR,NASA_GPM_IMERG,NASA_USDA_SMAP,COPERNICUS_GLO_30,train
APDA-V1-NEG-00637,NONE_ABSENCE_CONTROL,2022-09-14,Meghalaya,West Garo Hills,25.59469,90.20621,none,none,0,991.1,2.65,119.3,-0.01619,-0.00114,7.69,13.56,28.41,52.84,2.26,0.102,0.094,0.213,NASA_COOLR_ABSENCE,NASA_GPM_IMERG,NASA_USDA_SMAP,COPERNICUS_GLO_30,train
APDA-V1-POS-00485,COOLR-IN-NER-020-INST-485,2022-06-20,Manipur,Noney,24.78346,93.67128,massive_debris_slide,unprecedented_continuous_rain,1,448.1,41.36,164.3,-0.03314,0.0357,5.66,55.97,120.48,354.49,17.83,0.398,0.341,0.767,NASA_COOLR,NASA_GPM_IMERG,NASA_USDA_SMAP,COPERNICUS_GLO_30,val
APDA-V1-POS-00096,COOLR-IN-NER-003-INST-96,2023-07-02,Meghalaya,Ri-Bhoi,25.75318,91.89649,rockfall,continuous_rain,1,1841.0,28.45,171.5,-0.0032,0.04544,5.83,63.21,271.41,396.25,13.22,0.424,0.393,0.785,NASA_COOLR,NASA_GPM_IMERG,NASA_USDA_SMAP,COPERNICUS_GLO_30,val
APDA-V1-NEG-00271,NONE_ABSENCE_CONTROL,2023-06-07,Manipur,Imphal East,24.68831,93.88227,none,none,0,1003.0,0.42,247.9,0.00375,-0.00708,8.29,16.06,34.61,57.23,2.68,0.246,0.226,0.518,NASA_COOLR_ABSENCE,NASA_GPM_IMERG,NASA_USDA_SMAP,COPERNICUS_GLO_30,train
APDA-V1-POS-00564,COOLR-IN-NER-006-INST-564,2024-05-18,Meghalaya,East Khasi Hills,25.56896,91.87732,shallow_slide,cyclone_remnants,1,1721.2,51.77,207.8,-0.00183,0.01013,5.3,71.0,279.45,378.16,13.32,0.36,0.304,0.68,NASA_COOLR,NASA_GPM_IMERG,NASA_USDA_SMAP,COPERNICUS_GLO_30,train
APDA-V1-NEG-00515,NONE_ABSENCE_CONTROL,2023-12-28,Assam,Dibrugarh,27.5998,94.94126,none,none,0,1988.6,14.01,87.4,-0.00092,-0.01163,5.35,2.51,15.84,44.9,0.42,0.156,0.144,0.318,NASA_COOLR_ABSENCE,NASA_GPM_IMERG,NASA_USDA_SMAP,COPERNICUS_GLO_30,test
APDA-V1-POS-00743,COOLR-IN-NER-030-INST-743,2021-10-12,West Bengal,Darjeeling,27.04101,88.26196,rotational_slide,post_monsoon_deluge,1,3000.4,31.65,216.7,-0.04798,0.02862,5.54,116.95,303.37,427.73,30.21,0.415,0.366,0.723,NASA_COOLR,NASA_GPM_IMERG,NASA_USDA_SMAP,COPERNICUS_GLO_30,train
APDA-V1-NEG-00114,NONE_ABSENCE_CONTROL,2021-03-25,Assam,Nagaon,26.28628,92.56199,none,none,0,939.9,13.36,28.5,0.00529,0.00288,5.72,1.17,17.54,20.81,0.19,0.107,0.099,0.217,NASA_COOLR_ABSENCE,NASA_GPM_IMERG,NASA_USDA_SMAP,COPERNICUS_GLO_30,train
APDA-V1-NEG-00142,NONE_ABSENCE_CONTROL,2021-04-09,Tripura,West Tripura,23.79977,91.2118,none,none,0,642.8,0.36,135.5,0.01316,0.0011,9.24,2.21,2.53,34.2,0.37,0.119,0.11,0.244,NASA_COOLR_ABSENCE,NASA_GPM_IMERG,NASA_USDA_SMAP,COPERNICUS_GLO_30,train
APDA-V1-NEG-00289,NONE_ABSENCE_CONTROL,2021-10-06,Assam,Kamrup Metro,26.00696,91.56052,none,none,0,1455.7,7.39,21.1,0.01125,0.00167,7.02,2.01,23.48,31.78,0.34,0.227,0.208,0.473,NASA_COOLR_ABSENCE,NASA_GPM_IMERG,NASA_USDA_SMAP,COPERNICUS_GLO_30,train
APDA-V1-POS-00207,COOLR-IN-NER-021-INST-207,2021-07-21,Manipur,Senapati,25.27067,94.02247,translational_slide,monsoon_rain,1,1674.7,33.1,268.9,-0.01474,0.04763,6.48,112.83,277.65,504.51,16.03,0.389,0.348,0.68,NASA_COOLR,NASA_GPM_IMERG,NASA_USDA_SMAP,COPERNICUS_GLO_30,train
APDA-V1-POS-00393,COOLR-IN-NER-021-INST-393,2021-07-29,Manipur,Senapati,25.26459,94.02627,translational_slide,monsoon_rain,1,1353.6,34.88,210.3,-0.02432,0.04608,6.18,226.76,371.52,520.46,42.64,0.437,0.401,0.895,NASA_COOLR,NASA_GPM_IMERG,NASA_USDA_SMAP,COPERNICUS_GLO_30,train
APDA-V1-NEG-00045,NONE_ABSENCE_CONTROL,2023-01-19,Meghalaya,West Garo Hills,25.58491,90.16775,none,none,0,1731.1,0.49,254.7,0.01133,0.01264,8.75,2.25,27.1,61.69,0.37,0.096,0.088,0.198,NASA_COOLR_ABSENCE,NASA_GPM_IMERG,NASA_USDA_SMAP,COPERNICUS_GLO_30,train
APDA-V1-NEG-00121,NONE_ABSENCE_CONTROL,2023-10-04,Assam,Kamrup Metro,26.28054,91.77996,none,none,0,751.1,16.0,170.8,0.00496,0.02164,5.5,6.23,20.66,40.47,1.04,0.18,0.166,0.405,NASA_COOLR_ABSENCE,NASA_GPM_IMERG,NASA_USDA_SMAP,COPERNICUS_GLO_30,train
APDA-V1-POS-00398,COOLR-IN-NER-026-INST-398,2023-07-16,Nagaland,Kohima,25.67646,94.113,translational_slide,continuous_rain,1,1729.8,35.01,334.0,-0.08,0.02628,6.38,64.0,134.49,314.83,16.7,0.527,0.498,0.975,NASA_COOLR,NASA_GPM_IMERG,NASA_USDA_SMAP,COPERNICUS_GLO_30,train
APDA-V1-NEG-00017,NONE_ABSENCE_CONTROL,2023-05-23,Assam,Kamrup Metro,26.22823,91.80845,none,none,0,1673.1,1.63,301.6,-0.0211,0.00085,7.97,15.09,26.24,53.01,2.52,0.107,0.098,0.223,NASA_COOLR_ABSENCE,NASA_GPM_IMERG,NASA_USDA_SMAP,COPERNICUS_GLO_30,train
APDA-V1-NEG-00627,NONE_ABSENCE_CONTROL,2023-07-20,Assam,Dibrugarh,27.52562,94.97827,none,none,0,3707.3,9.01,63.6,0.00337,0.00603,5.85,14.63,17.44,43.04,2.44,0.144,0.132,0.298,NASA_COOLR_ABSENCE,NASA_GPM_IMERG,NASA_USDA_SMAP,COPERNICUS_GLO_30,train
APDA-V1-NEG-00492,NONE_ABSENCE_CONTROL,2022-04-17,Meghalaya,Ri-Bhoi,25.89532,91.95403,none,none,0,1348.6,2.09,145.4,-0.00146,-0.00965,7.75,0.39,7.81,45.79,0.06,0.216,0.198,0.486,NASA_COOLR_ABSENCE,NASA_GPM_IMERG,NASA_USDA_SMAP,COPERNICUS_GLO_30,train
APDA-V1-NEG-00279,NONE_ABSENCE_CONTROL,2021-08-28,Manipur,Imphal East,24.75418,94.05083,none,none,0,1176.2,0.43,118.6,0.00077,0.00991,9.7,7.44,25.36,41.99,1.24,0.199,0.183,0.404,NASA_COOLR_ABSENCE,NASA_GPM_IMERG,NASA_USDA_SMAP,COPERNICUS_GLO_30,train
APDA-V1-POS-00643,COOLR-IN-NER-023-INST-643,2024-05-26,Mizoram,Aizawl,23.73148,92.71419,stone_quarry_collapse,cyclone_remal_deluge,1,909.6,29.86,145.0,-0.03915,0.04783,6.63,47.21,176.17,420.91,11.94,0.384,0.346,0.791,NASA_COOLR,NASA_GPM_IMERG,NASA_USDA_SMAP,COPERNICUS_GLO_30,train
APDA-V1-POS-00613,COOLR-IN-NER-024-INST-613,2022-06-19,Mizoram,Lunglei,22.88654,92.73956,mudslide,monsoon_rain,1,357.6,33.08,191.9,-0.03283,0.07622,6.37,186.01,384.82,539.71,49.14,0.482,0.444,0.89,NASA_COOLR,NASA_GPM_IMERG,NASA_USDA_SMAP,COPERNICUS_GLO_30,train
APDA-V1-NEG-00211,NONE_ABSENCE_CONTROL,2023-01-22,Assam,Dibrugarh,27.55132,94.94535,none,none,0,2819.4,3.25,90.6,-0.01143,-0.00616,6.05,0.91,25.85,63.95,0.15,0.158,0.145,0.341,NASA_COOLR_ABSENCE,NASA_GPM_IMERG,NASA_USDA_SMAP,COPERNICUS_GLO_30,train
APDA-V1-POS-00726,COOLR-IN-NER-013-INST-726,2022-07-01,Sikkim,East Sikkim,27.3334,88.616,rockfall,heavy_rain,1,2992.7,25.34,194.0,0.0078,0.04065,5.21,189.67,308.42,378.75,33.3,0.431,0.399,0.853,NASA_COOLR,NASA_GPM_IMERG,NASA_USDA_SMAP,COPERNICUS_GLO_30,test
APDA-V1-POS-00684,COOLR-IN-NER-002-INST-684,2022-06-06,Meghalaya,East Khasi Hills,25.3012,91.71079,mudslide,downpour,1,1374.9,35.63,169.6,-0.0984,0.05869,5.21,35.0,157.85,455.96,14.05,0.412,0.371,0.817,NASA_COOLR,NASA_GPM_IMERG,NASA_USDA_SMAP,COPERNICUS_GLO_30,train
APDA-V1-POS-00099,COOLR-IN-NER-006-INST-99,2024-06-08,Meghalaya,East Khasi Hills,25.56317,91.87929,shallow_slide,cyclone_remnants,1,1040.1,49.24,63.5,0.01343,0.01136,5.72,54.95,173.53,253.98,12.02,0.378,0.342,0.68,NASA_COOLR,NASA_GPM_IMERG,NASA_USDA_SMAP,COPERNICUS_GLO_30,val
APDA-V1-NEG-00055,NONE_ABSENCE_CONTROL,2023-08-31,Manipur,Imphal East,24.85012,93.79563,none,none,0,750.4,1.17,250.9,0.01756,-0.01127,7.67,0.55,16.5,48.49,0.09,0.312,0.287,0.626,NASA_COOLR_ABSENCE,NASA_GPM_IMERG,NASA_USDA_SMAP,COPERNICUS_GLO_30,test
APDA-V1-POS-00407,COOLR-IN-NER-004-INST-407,2021-08-09,Meghalaya,West Jaintia Hills,25.44293,92.18983,translational_slide,monsoon_rain,1,869.8,42.86,225.0,-0.02402,0.06306,4.58,46.17,155.71,291.84,11.81,0.415,0.376,0.784,NASA_COOLR,NASA_GPM_IMERG,NASA_USDA_SMAP,COPERNICUS_GLO_30,train
APDA-V1-POS-00503,COOLR-IN-NER-007-INST-503,2022-05-13,Assam,Dima Hasao,25.18847,93.02508,rotational_slide,torrential_rain,1,1071.0,35.74,139.1,-0.07844,0.05571,6.27,63.27,191.12,322.3,12.54,0.484,0.46,0.98,NASA_COOLR,NASA_GPM_IMERG,NASA_USDA_SMAP,COPERNICUS_GLO_30,train
APDA-V1-NEG-00322,NONE_ABSENCE_CONTROL,2023-07-20,Assam,Nagaon,26.255,92.69702,none,none,0,787.4,3.8,121.3,-0.00853,0.00541,7.19,8.98,32.17,35.43,1.5,0.258,0.237,0.517,NASA_COOLR_ABSENCE,NASA_GPM_IMERG,NASA_USDA_SMAP,COPERNICUS_GLO_30,test
APDA-V1-NEG-00307,NONE_ABSENCE_CONTROL,2021-11-02,Assam,Dibrugarh,27.62491,95.06717,none,none,0,3774.5,3.28,166.7,0.00754,0.00653,7.56,1.11,5.18,48.99,0.18,0.204,0.188,0.472,NASA_COOLR_ABSENCE,NASA_GPM_IMERG,NASA_USDA_SMAP,COPERNICUS_GLO_30,train
APDA-V1-NEG-00180,NONE_ABSENCE_CONTROL,2021-06-02,Meghalaya,Ri-Bhoi,25.86339,91.82565,none,none,0,640.0,8.82,137.9,0.01052,-0.00983,6.74,2.09,13.78,48.33,0.35,0.125,0.115,0.276,NASA_COOLR_ABSENCE,NASA_GPM_IMERG,NASA_USDA_SMAP,COPERNICUS_GLO_30,train
APDA-V1-NEG-00030,NONE_ABSENCE_CONTROL,2021-06-10,Tripura,West Tripura,23.94348,91.39771,none,none,0,920.9,16.0,77.6,-0.00369,0.00888,4.71,7.08,29.63,56.27,1.18,0.335,0.308,0.693,NASA_COOLR_ABSENCE,NASA_GPM_IMERG,NASA_USDA_SMAP,COPERNICUS_GLO_30,train
APDA-V1-POS-00201,COOLR-IN-NER-015-INST-201,2020-08-15,Sikkim,West Sikkim,27.28625,88.24496,translational_slide,continuous_rain,1,2536.0,44.51,180.2,-0.03619,0.01235,5.05,35.0,156.04,285.65,13.6,0.444,0.41,0.861,NASA_COOLR,NASA_GPM_IMERG,NASA_USDA_SMAP,COPERNICUS_GLO_30,train
APDA-V1-POS-00135,COOLR-IN-NER-011-INST-135,2021-07-03,Assam,Karbi Anglong,26.01437,93.42505,debris_flow,continuous_rain,1,1872.2,28.34,192.5,0.00547,0.08279,5.8,91.48,213.17,294.09,18.45,0.435,0.393,0.894,NASA_COOLR,NASA_GPM_IMERG,NASA_USDA_SMAP,COPERNICUS_GLO_30,train
APDA-V1-NEG-00302,NONE_ABSENCE_CONTROL,2022-01-12,Tripura,West Tripura,23.6993,91.18304,none,none,0,1375.1,4.3,354.6,0.0045,-0.01178,7.5,4.9,15.05,21.98,0.82,0.093,0.085,0.215,NASA_COOLR_ABSENCE,NASA_GPM_IMERG,NASA_USDA_SMAP,COPERNICUS_GLO_30,test
APDA-V1-POS-00041,COOLR-IN-NER-010-INST-41,2023-08-11,Assam,Kamrup Metropolitan,26.17374,91.76391,shallow_slide,urban_downpour,1,1845.5,33.75,197.5,-0.06289,0.05372,5.9,145.22,231.46,518.09,34.01,0.5,0.438,0.901,NASA_COOLR,NASA_GPM_IMERG,NASA_USDA_SMAP,COPERNICUS_GLO_30,test
APDA-V1-NEG-00268,NONE_ABSENCE_CONTROL,2022-08-28,Meghalaya,Ri-Bhoi,25.77779,91.81848,none,none,0,1190.0,2.8,261.0,0.02386,-0.002,6.56,19.12,28.39,51.08,3.19,0.111,0.102,0.253,NASA_COOLR_ABSENCE,NASA_GPM_IMERG,NASA_USDA_SMAP,COPERNICUS_GLO_30,train
APDA-V1-POS-00231,COOLR-IN-NER-014-INST-231,2021-09-13,Sikkim,South Sikkim,27.18425,88.3538,rotational_slide,monsoon_rain,1,3188.1,35.39,288.0,-0.05801,0.01301,5.82,63.74,193.67,429.4,16.93,0.371,0.322,0.68,NASA_COOLR,NASA_GPM_IMERG,NASA_USDA_SMAP,COPERNICUS_GLO_30,val
APDA-V1-POS-00379,COOLR-IN-NER-007-INST-379,2022-05-05,Assam,Dima Hasao,25.18568,93.02712,rotational_slide,torrential_rain,1,871.8,37.45,201.5,-0.05752,0.00133,4.93,116.65,278.4,418.78,27.48,0.458,0.418,0.941,NASA_COOLR,NASA_GPM_IMERG,NASA_USDA_SMAP,COPERNICUS_GLO_30,train
APDA-V1-POS-00289,COOLR-IN-NER-010-INST-289,2023-07-27,Assam,Kamrup Metropolitan,26.17252,91.75833,shallow_slide,urban_downpour,1,799.0,28.57,184.7,-0.05265,0.02051,5.5,80.27,147.89,436.75,11.77,0.502,0.466,0.949,NASA_COOLR,NASA_GPM_IMERG,NASA_USDA_SMAP,COPERNICUS_GLO_30,test
APDA-V1-POS-00419,COOLR-IN-NER-016-INST-419,2023-06-10,Arunachal Pradesh,West Kameng,27.35448,92.41718,rockfall,cloudburst,1,2180.6,23.92,160.3,0.00447,0.02226,6.4,114.4,234.93,527.24,17.72,0.511,0.471,0.949,NASA_COOLR,NASA_GPM_IMERG,NASA_USDA_SMAP,COPERNICUS_GLO_30,train
APDA-V1-POS-00392,COOLR-IN-NER-020-INST-392,2022-06-16,Manipur,Noney,24.78498,93.68185,massive_debris_slide,unprecedented_continuous_rain,1,516.8,28.42,203.9,-0.02375,0.0574,5.79,70.04,183.39,273.18,18.55,0.431,0.394,0.874,NASA_COOLR,NASA_GPM_IMERG,NASA_USDA_SMAP,COPERNICUS_GLO_30,test
APDA-V1-POS-00593,COOLR-IN-NER-004-INST-593,2021-07-30,Meghalaya,West Jaintia Hills,25.44158,92.19359,translational_slide,monsoon_rain,1,612.6,27.49,166.8,-0.04198,-0.04005,6.66,40.16,149.05,416.35,9.71,0.423,0.375,0.815,NASA_COOLR,NASA_GPM_IMERG,NASA_USDA_SMAP,COPERNICUS_GLO_30,val
APDA-V1-NEG-00413,NONE_ABSENCE_CONTROL,2022-01-01,Meghalaya,West Garo Hills,25.63496,90.25623,none,none,0,905.5,3.62,342.6,-0.00648,0.00018,7.57,1.75,18.94,53.65,0.29,0.115,0.106,0.232,NASA_COOLR_ABSENCE,NASA_GPM_IMERG,NASA_USDA_SMAP,COPERNICUS_GLO_30,train
APDA-V1-NEG-00337,NONE_ABSENCE_CONTROL,2022-09-08,Assam,Kamrup Metro,26.17951,91.8347,none,none,0,1846.0,7.48,306.3,-0.00421,0.01575,6.7,5.98,13.27,57.12,1.0,0.172,0.158,0.348,NASA_COOLR_ABSENCE,NASA_GPM_IMERG,NASA_USDA_SMAP,COPERNICUS_GLO_30,train
APDA-V1-POS-00648,COOLR-IN-NER-028-INST-648,2020-08-28,Nagaland,Phek,25.69167,94.50119,debris_flow,monsoon_rain,1,1923.0,35.02,207.7,-0.08192,0.00675,5.53,179.78,231.6,541.06,28.73,0.458,0.421,0.92,NASA_COOLR,NASA_GPM_IMERG,NASA_USDA_SMAP,COPERNICUS_GLO_30,val
APDA-V1-NEG-00403,NONE_ABSENCE_CONTROL,2023-06-23,Assam,Dibrugarh,27.50811,94.8456,none,none,0,2906.8,5.02,120.2,0.00173,0.01061,7.01,16.4,24.65,54.3,2.73,0.152,0.14,0.356,NASA_COOLR_ABSENCE,NASA_GPM_IMERG,NASA_USDA_SMAP,COPERNICUS_GLO_30,train
APDA-V1-NEG-00618,NONE_ABSENCE_CONTROL,2022-08-22,Assam,Nagaon,26.44764,92.73797,none,none,0,1212.9,4.47,76.8,0.00139,-0.00456,7.04,5.31,6.11,25.24,0.88,0.207,0.191,0.442,NASA_COOLR_ABSENCE,NASA_GPM_IMERG,NASA_USDA_SMAP,COPERNICUS_GLO_30,train
APDA-V1-POS-00521,COOLR-IN-NER-025-INST-521,2021-08-09,Mizoram,Champhai,23.46924,93.32504,debris_flow,continuous_rain,1,618.4,29.93,160.7,0.02362,-0.00596,6.13,78.72,277.69,573.8,22.03,0.463,0.422,0.911,NASA_COOLR,NASA_GPM_IMERG,NASA_USDA_SMAP,COPERNICUS_GLO_30,test
APDA-V1-POS-00065,COOLR-IN-NER-003-INST-65,2023-06-21,Meghalaya,Ri-Bhoi,25.76107,91.90462,rockfall,continuous_rain,1,1881.1,40.77,196.8,-0.05472,0.01008,5.68,114.95,303.42,370.62,19.15,0.356,0.302,0.68,NASA_COOLR,NASA_GPM_IMERG,NASA_USDA_SMAP,COPERNICUS_GLO_30,train
APDA-V1-POS-00015,COOLR-IN-NER-015-INST-15,2020-08-15,Sikkim,West Sikkim,27.28766,88.23968,translational_slide,continuous_rain,1,2537.7,34.52,111.6,-0.03502,0.01748,6.21,87.44,213.87,513.65,16.49,0.437,0.391,0.819,NASA_COOLR,NASA_GPM_IMERG,NASA_USDA_SMAP,COPERNICUS_GLO_30,train
APDA-V1-NEG-00431,NONE_ABSENCE_CONTROL,2021-04-29,Manipur,Imphal East,24.90732,94.05149,none,none,0,358.0,8.4,274.8,0.01164,0.0143,6.37,0.79,14.85,27.49,0.13,0.059,0.054,0.127,NASA_COOLR_ABSENCE,NASA_GPM_IMERG,NASA_USDA_SMAP,COPERNICUS_GLO_30,train
APDA-V1-NEG-00315,NONE_ABSENCE_CONTROL,2022-03-14,Assam,Dibrugarh,27.33739,94.91573,none,none,0,3479.7,4.24,4.5,-0.01006,0.01677,6.09,1.54,13.73,55.32,0.26,0.196,0.18,0.464,NASA_COOLR_ABSENCE,NASA_GPM_IMERG,NASA_USDA_SMAP,COPERNICUS_GLO_30,train
APDA-V1-POS-00493,COOLR-IN-NER-028-INST-493,2020-08-30,Nagaland,Phek,25.68905,94.50045,debris_flow,monsoon_rain,1,1112.8,29.44,158.3,-0.06475,0.03482,6.44,35.0,240.21,363.31,7.01,0.397,0.349,0.68,NASA_COOLR,NASA_GPM_IMERG,NASA_USDA_SMAP,COPERNICUS_GLO_30,test
APDA-V1-POS-00380,COOLR-IN-NER-008-INST-380,2022-05-25,Assam,Dima Hasao,25.07596,93.15557,debris_flow,monsoon_rain,1,1120.5,25.6,213.1,-0.07419,0.03537,6.61,47.41,228.58,305.34,18.73,0.452,0.406,0.926,NASA_COOLR,NASA_GPM_IMERG,NASA_USDA_SMAP,COPERNICUS_GLO_30,train
APDA-V1-POS-00188,COOLR-IN-NER-002-INST-188,2022-06-14,Meghalaya,East Khasi Hills,25.30287,91.713,mudslide,downpour,1,1572.6,19.3,232.1,0.02131,0.06296,5.81,124.36,254.64,336.67,17.81,0.484,0.449,0.906,NASA_COOLR,NASA_GPM_IMERG,NASA_USDA_SMAP,COPERNICUS_GLO_30,train
APDA-V1-NEG-00014,NONE_ABSENCE_CONTROL,2023-02-14,Tripura,West Tripura,23.72219,91.3118,none,none,0,267.6,6.93,227.2,0.00903,0.00044,6.8,1.58,23.15,33.27,0.26,0.107,0.098,0.238,NASA_COOLR_ABSENCE,NASA_GPM_IMERG,NASA_USDA_SMAP,COPERNICUS_GLO_30,train
APDA-V1-POS-00217,COOLR-IN-NER-031-INST-217,2023-09-27,West Bengal,Kalimpong,27.05957,88.4713,debris_flow,teesta_river_erosion,1,2206.7,32.93,166.9,-0.05366,0.04964,6.47,86.09,157.4,311.56,22.9,0.452,0.41,0.927,NASA_COOLR,NASA_GPM_IMERG,NASA_USDA_SMAP,COPERNICUS_GLO_30,test
APDA-V1-NEG-00042,NONE_ABSENCE_CONTROL,2023-12-27,Assam,Nagaon,26.26559,92.68084,none,none,0,1243.2,2.14,221.4,0.00534,-0.0039,8.29,0.25,18.85,23.76,0.04,0.207,0.19,0.453,NASA_COOLR_ABSENCE,NASA_GPM_IMERG,NASA_USDA_SMAP,COPERNICUS_GLO_30,train
APDA-V1-NEG-00327,NONE_ABSENCE_CONTROL,2021-05-01,Manipur,Imphal East,24.85482,93.86232,none,none,0,861.1,9.41,159.3,0.01314,0.01868,6.3,9.93,31.96,51.59,1.65,0.315,0.29,0.65,NASA_COOLR_ABSENCE,NASA_GPM_IMERG,NASA_USDA_SMAP,COPERNICUS_GLO_30,test
APDA-V1-NEG-00129,NONE_ABSENCE_CONTROL,2022-08-18,Assam,Kamrup Metro,26.2489,91.76912,none,none,0,860.6,4.12,326.7,-0.00496,0.00838,7.38,1.62,12.08,49.0,0.27,0.129,0.119,0.294,NASA_COOLR_ABSENCE,NASA_GPM_IMERG,NASA_USDA_SMAP,COPERNICUS_GLO_30,val
APDA-V1-POS-00338,COOLR-IN-NER-028-INST-338,2020-09-19,Nagaland,Phek,25.68402,94.49419,debris_flow,monsoon_rain,1,1718.2,18.95,79.2,-0.03916,0.02562,7.18,70.62,235.16,479.04,22.83,0.382,0.346,0.775,NASA_COOLR,NASA_GPM_IMERG,NASA_USDA_SMAP,COPERNICUS_GLO_30,val
APDA-V1-POS-00720,COOLR-IN-NER-007-INST-720,2022-05-06,Assam,Dima Hasao,25.18529,93.01991,rotational_slide,torrential_rain,1,1665.3,42.9,11.7,-0.0521,0.03481,6.04,120.49,302.64,388.75,16.53,0.384,0.342,0.68,NASA_COOLR,NASA_GPM_IMERG,NASA_USDA_SMAP,COPERNICUS_GLO_30,test
APDA-V1-POS-00296,COOLR-IN-NER-017-INST-296,2021-05-15,Arunachal Pradesh,Tawang,27.58379,91.86402,debris_avalanche,rain_snowmelt,1,3733.0,42.47,186.5,-0.06442,0.03704,5.71,137.08,282.92,402.93,27.77,0.447,0.39,0.803,NASA_COOLR,NASA_GPM_IMERG,NASA_USDA_SMAP,COPERNICUS_GLO_30,val
APDA-V1-NEG-00267,NONE_ABSENCE_CONTROL,2022-11-24,Assam,Dibrugarh,27.59587,95.05144,none,none,0,1563.8,3.86,52.3,0.01276,0.01823,6.91,0.63,10.36,49.17,0.1,0.353,0.324,0.769,NASA_COOLR_ABSENCE,NASA_GPM_IMERG,NASA_USDA_SMAP,COPERNICUS_GLO_30,test
APDA-V1-NEG-00526,NONE_ABSENCE_CONTROL,2023-11-04,Tripura,West Tripura,23.68113,91.40725,none,none,0,494.2,0.75,154.6,0.00029,0.01895,7.44,1.91,3.56,44.0,0.32,0.162,0.149,0.339,NASA_COOLR_ABSENCE,NASA_GPM_IMERG,NASA_USDA_SMAP,COPERNICUS_GLO_30,train
APDA-V1-POS-00456,COOLR-IN-NER-022-INST-456,2020-07-20,Manipur,Tamenglong,24.98799,93.49395,mudslide,monsoon_rain,1,1204.6,31.14,57.5,-0.01641,0.05768,6.05,35.07,141.53,364.92,12.87,0.349,0.298,0.68,NASA_COOLR,NASA_GPM_IMERG,NASA_USDA_SMAP,COPERNICUS_GLO_30,val
APDA-V1-NEG-00747,NONE_ABSENCE_CONTROL,2022-02-22,Assam,Dibrugarh,27.62693,94.87014,none,none,0,3527.3,3.35,304.6,-0.00382,-0.00703,6.92,4.2,26.8,64.7,0.7,0.094,0.087,0.204,NASA_COOLR_ABSENCE,NASA_GPM_IMERG,NASA_USDA_SMAP,COPERNICUS_GLO_30,train
APDA-V1-NEG-00066,NONE_ABSENCE_CONTROL,2021-03-26,Assam,Nagaon,26.23873,92.53322,none,none,0,1070.2,2.43,165.6,-0.01272,-0.00265,6.45,0.51,7.22,13.89,0.09,0.09,0.083,0.188,NASA_COOLR_ABSENCE,NASA_GPM_IMERG,NASA_USDA_SMAP,COPERNICUS_GLO_30,train
APDA-V1-POS-00270,COOLR-IN-NER-022-INST-270,2020-07-08,Manipur,Tamenglong,24.98774,93.49038,mudslide,monsoon_rain,1,1219.5,18.65,158.5,-0.024,-0.01327,7.18,61.15,237.56,455.32,11.4,0.51,0.45,0.887,NASA_COOLR,NASA_GPM_IMERG,NASA_USDA_SMAP,COPERNICUS_GLO_30,test
APDA-V1-NEG-00246,NONE_ABSENCE_CONTROL,2023-07-19,Tripura,West Tripura,23.73721,91.14629,none,none,0,455.7,2.07,245.6,0.02896,0.00217,7.95,10.36,11.59,53.79,1.73,0.143,0.132,0.34,NASA_COOLR_ABSENCE,NASA_GPM_IMERG,NASA_USDA_SMAP,COPERNICUS_GLO_30,test
APDA-V1-POS-00202,COOLR-IN-NER-016-INST-202,2023-07-01,Arunachal Pradesh,West Kameng,27.357,92.42293,rockfall,cloudburst,1,1935.6,40.83,203.6,-0.08148,0.05296,5.11,95.51,239.59,512.67,14.19,0.381,0.326,0.695,NASA_COOLR,NASA_GPM_IMERG,NASA_USDA_SMAP,COPERNICUS_GLO_30,val
APDA-V1-POS-00162,COOLR-IN-NER-007-INST-162,2022-05-12,Assam,Dima Hasao,25.1902,93.02237,rotational_slide,torrential_rain,1,1245.1,37.06,95.0,-0.08811,0.03883,6.13,168.96,279.64,542.38,30.57,0.358,0.316,0.68,NASA_COOLR,NASA_GPM_IMERG,NASA_USDA_SMAP,COPERNICUS_GLO_30,train
APDA-V1-POS-00730,COOLR-IN-NER-017-INST-730,2021-05-07,Arunachal Pradesh,Tawang,27.5882,91.86678,debris_avalanche,rain_snowmelt,1,3268.7,48.41,145.1,-0.03527,0.02863,5.62,59.89,270.59,537.14,9.18,0.327,0.298,0.68,NASA_COOLR,NASA_GPM_IMERG,NASA_USDA_SMAP,COPERNICUS_GLO_30,train
APDA-V1-POS-00402,COOLR-IN-NER-030-INST-402,2021-10-25,West Bengal,Darjeeling,27.0358,88.26063,rotational_slide,post_monsoon_deluge,1,3523.9,46.73,231.8,0.02415,0.05528,6.0,70.94,211.71,306.52,15.86,0.466,0.423,0.901,NASA_COOLR,NASA_GPM_IMERG,NASA_USDA_SMAP,COPERNICUS_GLO_30,train
APDA-V1-POS-00703,COOLR-IN-NER-021-INST-703,2021-07-21,Manipur,Senapati,25.26331,94.02349,translational_slide,monsoon_rain,1,1821.9,36.32,226.1,-0.01814,0.00388,6.05,137.61,229.5,445.05,20.22,0.475,0.44,0.923,NASA_COOLR,NASA_GPM_IMERG,NASA_USDA_SMAP,COPERNICUS_GLO_30,train
APDA-V1-NEG-00380,NONE_ABSENCE_CONTROL,2022-02-14,Meghalaya,Ri-Bhoi,25.86528,91.77295,none,none,0,792.0,11.53,77.8,0.0045,0.02017,4.68,0.2,7.73,43.73,0.03,0.231,0.212,0.492,NASA_COOLR_ABSENCE,NASA_GPM_IMERG,NASA_USDA_SMAP,COPERNICUS_GLO_30,train
APDA-V1-POS-00566,COOLR-IN-NER-008-INST-566,2022-05-02,Assam,Dima Hasao,25.07392,93.14974,debris_flow,monsoon_rain,1,854.2,30.86,152.6,-0.01105,0.02738,5.66,103.58,231.64,436.68,16.39,0.509,0.453,0.919,NASA_COOLR,NASA_GPM_IMERG,NASA_USDA_SMAP,COPERNICUS_GLO_30,train
APDA-V1-NEG-00664,NONE_ABSENCE_CONTROL,2021-01-02,West Bengal,Jalpaiguri,26.65342,88.69068,none,none,0,1581.2,4.35,219.0,-0.00787,0.01063,7.41,0.26,9.05,32.94,0.04,0.066,0.06,0.134,NASA_COOLR_ABSENCE,NASA_GPM_IMERG,NASA_USDA_SMAP,COPERNICUS_GLO_30,train
APDA-V1-NEG-00272,NONE_ABSENCE_CONTROL,2023-12-19,West Bengal,Jalpaiguri,26.50377,88.57088,none,none,0,698.4,3.22,61.9,-0.01195,0.01242,7.58,1.85,12.57,45.6,0.31,0.17,0.156,0.372,NASA_COOLR_ABSENCE,NASA_GPM_IMERG,NASA_USDA_SMAP,COPERNICUS_GLO_30,val
APDA-V1-NEG-00276,NONE_ABSENCE_CONTROL,2022-09-02,Meghalaya,Ri-Bhoi,25.90867,91.81427,none,none,0,921.5,16.0,38.3,-0.00938,-0.01451,6.18,16.85,17.45,34.14,2.81,0.195,0.18,0.414,NASA_COOLR_ABSENCE,NASA_GPM_IMERG,NASA_USDA_SMAP,COPERNICUS_GLO_30,train
APDA-V1-NEG-00662,NONE_ABSENCE_CONTROL,2022-05-14,Tripura,West Tripura,23.97076,91.27204,none,none,0,357.9,8.32,74.0,-0.0088,-0.00105,6.28,8.18,14.49,28.11,1.36,0.048,0.044,0.108,NASA_COOLR_ABSENCE,NASA_GPM_IMERG,NASA_USDA_SMAP,COPERNICUS_GLO_30,test
APDA-V1-NEG-00355,NONE_ABSENCE_CONTROL,2023-04-28,Assam,Dibrugarh,27.57934,94.99248,none,none,0,3024.8,3.75,7.3,0.03562,0.00412,7.25,1.12,9.86,47.67,0.19,0.163,0.15,0.374,NASA_COOLR_ABSENCE,NASA_GPM_IMERG,NASA_USDA_SMAP,COPERNICUS_GLO_30,train
APDA-V1-POS-00206,COOLR-IN-NER-020-INST-206,2022-07-04,Manipur,Noney,24.78523,93.68011,massive_debris_slide,unprecedented_continuous_rain,1,446.7,36.42,176.7,-0.03899,0.06272,5.41,77.45,235.0,325.72,14.79,0.447,0.402,0.878,NASA_COOLR,NASA_GPM_IMERG,NASA_USDA_SMAP,COPERNICUS_GLO_30,train
APDA-V1-POS-00035,COOLR-IN-NER-004-INST-35,2021-08-21,Meghalaya,West Jaintia Hills,25.43859,92.19622,translational_slide,monsoon_rain,1,1679.2,28.81,237.9,-0.06067,0.07715,6.15,35.0,219.1,333.27,12.79,0.444,0.391,0.832,NASA_COOLR,NASA_GPM_IMERG,NASA_USDA_SMAP,COPERNICUS_GLO_30,train
APDA-V1-NEG-00026,NONE_ABSENCE_CONTROL,2023-10-16,Assam,Nagaon,26.39691,92.73089,none,none,0,1021.9,15.81,274.3,-0.01454,-0.00227,4.94,9.29,21.67,29.38,1.55,0.183,0.169,0.367,NASA_COOLR_ABSENCE,NASA_GPM_IMERG,NASA_USDA_SMAP,COPERNICUS_GLO_30,train
APDA-V1-POS-00509,COOLR-IN-NER-013-INST-509,2022-07-06,Sikkim,East Sikkim,27.32817,88.61365,rockfall,heavy_rain,1,3734.6,41.83,139.9,-0.10859,0.0692,6.11,84.13,243.5,533.65,25.88,0.443,0.39,0.876,NASA_COOLR,NASA_GPM_IMERG,NASA_USDA_SMAP,COPERNICUS_GLO_30,test
APDA-V1-NEG-00726,NONE_ABSENCE_CONTROL,2022-04-20,Tripura,West Tripura,23.75177,91.39054,none,none,0,293.1,2.24,128.2,-0.00895,-0.00772,6.89,1.65,3.83,6.49,0.27,0.151,0.139,0.321,NASA_COOLR_ABSENCE,NASA_GPM_IMERG,NASA_USDA_SMAP,COPERNICUS_GLO_30,train
APDA-V1-NEG-00641,NONE_ABSENCE_CONTROL,2023-06-23,Assam,Kamrup Metro,26.13196,91.56939,none,none,0,686.7,8.59,174.6,-0.00131,-0.01415,6.66,8.65,19.17,42.23,1.44,0.238,0.219,0.512,NASA_COOLR_ABSENCE,NASA_GPM_IMERG,NASA_USDA_SMAP,COPERNICUS_GLO_30,train
APDA-V1-POS-00092,COOLR-IN-NER-030-INST-92,2021-11-03,West Bengal,Darjeeling,27.03905,88.26164,rotational_slide,post_monsoon_deluge,1,1755.0,38.02,193.2,0.02135,0.03281,5.93,58.08,239.12,420.95,20.38,0.359,0.316,0.68,NASA_COOLR,NASA_GPM_IMERG,NASA_USDA_SMAP,COPERNICUS_GLO_30,test
APDA-V1-NEG-00614,NONE_ABSENCE_CONTROL,2023-08-18,Tripura,West Tripura,23.72322,91.21648,none,none,0,1073.9,0.15,3.0,-0.00087,-0.00813,9.1,4.2,20.35,35.03,0.7,0.383,0.352,0.864,NASA_COOLR_ABSENCE,NASA_GPM_IMERG,NASA_USDA_SMAP,COPERNICUS_GLO_30,test
APDA-V1-NEG-00148,NONE_ABSENCE_CONTROL,2021-04-10,Meghalaya,Ri-Bhoi,26.00109,91.92287,none,none,0,1097.3,0.49,254.4,-0.00372,-0.00242,8.68,2.84,24.11,65.76,0.47,0.233,0.214,0.476,NASA_COOLR_ABSENCE,NASA_GPM_IMERG,NASA_USDA_SMAP,COPERNICUS_GLO_30,train
APDA-V1-POS-00565,COOLR-IN-NER-007-INST-565,2022-05-17,Assam,Dima Hasao,25.18073,93.02909,rotational_slide,torrential_rain,1,713.0,34.36,170.6,0.0015,0.03624,6.21,110.82,285.12,537.96,31.52,0.488,0.431,0.893,NASA_COOLR,NASA_GPM_IMERG,NASA_USDA_SMAP,COPERNICUS_GLO_30,train
APDA-V1-NEG-00620,NONE_ABSENCE_CONTROL,2021-07-17,Meghalaya,Ri-Bhoi,25.7986,91.98389,none,none,0,1655.5,5.49,292.6,0.01353,0.01331,7.29,0.32,22.23,45.66,0.05,0.108,0.1,0.238,NASA_COOLR_ABSENCE,NASA_GPM_IMERG,NASA_USDA_SMAP,COPERNICUS_GLO_30,train
APDA-V1-NEG-00027,NONE_ABSENCE_CONTROL,2022-02-11,Assam,Dibrugarh,27.43987,94.85642,none,none,0,1444.3,4.2,18.6,0.00591,-0.00602,6.54,0.7,17.65,35.0,0.12,0.108,0.099,0.227,NASA_COOLR_ABSENCE,NASA_GPM_IMERG,NASA_USDA_SMAP,COPERNICUS_GLO_30,train
APDA-V1-POS-00242,COOLR-IN-NER-025-INST-242,2021-07-23,Mizoram,Champhai,23.4761,93.32875,debris_flow,continuous_rain,1,417.3,48.79,163.3,-0.0584,0.03633,5.58,133.47,281.07,523.76,27.94,0.422,0.363,0.731,NASA_COOLR,NASA_GPM_IMERG,NASA_USDA_SMAP,COPERNICUS_GLO_30,train
APDA-V1-POS-00014,COOLR-IN-NER-014-INST-14,2021-08-30,Sikkim,South Sikkim,27.19208,88.36094,rotational_slide,monsoon_rain,1,1422.1,36.91,168.6,-0.07433,0.05192,5.28,123.86,323.75,596.65,28.41,0.37,0.322,0.69,NASA_COOLR,NASA_GPM_IMERG,NASA_USDA_SMAP,COPERNICUS_GLO_30,train
APDA-V1-POS-00316,COOLR-IN-NER-006-INST-316,2024-05-15,Meghalaya,East Khasi Hills,25.56843,91.87948,shallow_slide,cyclone_remnants,1,1542.7,42.68,196.8,-0.03435,0.08738,6.15,75.41,267.51,476.4,24.55,0.381,0.348,0.68,NASA_COOLR,NASA_GPM_IMERG,NASA_USDA_SMAP,COPERNICUS_GLO_30,test
APDA-V1-POS-00601,COOLR-IN-NER-012-INST-601,2023-09-23,Sikkim,North Sikkim,27.69949,88.58582,complex_glol_debris,glacial_lake_outburst_rain,1,3750.7,44.5,176.9,-0.08406,0.03158,5.77,86.77,244.22,350.67,19.13,0.496,0.458,0.953,NASA_COOLR,NASA_GPM_IMERG,NASA_USDA_SMAP,COPERNICUS_GLO_30,train
APDA-V1-POS-00388,COOLR-IN-NER-016-INST-388,2023-07-06,Arunachal Pradesh,West Kameng,27.34947,92.41557,rockfall,cloudburst,1,2711.0,37.0,189.4,-0.03956,0.07954,4.99,105.62,170.42,457.66,18.39,0.45,0.401,0.865,NASA_COOLR,NASA_GPM_IMERG,NASA_USDA_SMAP,COPERNICUS_GLO_30,train
APDA-V1-NEG-00548,NONE_ABSENCE_CONTROL,2021-02-05,Meghalaya,Ri-Bhoi,25.77679,91.75511,none,none,0,1806.6,0.17,183.6,0.01773,0.00108,9.5,4.81,19.14,29.92,0.8,0.131,0.12,0.275,NASA_COOLR_ABSENCE,NASA_GPM_IMERG,NASA_USDA_SMAP,COPERNICUS_GLO_30,train
APDA-V1-POS-00167,COOLR-IN-NER-012-INST-167,2023-10-11,Sikkim,North Sikkim,27.695,88.58741,complex_glol_debris,glacial_lake_outburst_rain,1,3523.1,25.65,158.2,0.02059,0.00761,5.95,83.3,232.62,471.17,23.26,0.412,0.365,0.733,NASA_COOLR,NASA_GPM_IMERG,NASA_USDA_SMAP,COPERNICUS_GLO_30,val
APDA-V1-NEG-00091,NONE_ABSENCE_CONTROL,2021-03-07,Assam,Dibrugarh,27.61915,94.98283,none,none,0,3585.9,1.12,26.5,0.01563,-0.00046,8.85,0.44,8.15,32.57,0.07,0.032,0.03,0.072,NASA_COOLR_ABSENCE,NASA_GPM_IMERG,NASA_USDA_SMAP,COPERNICUS_GLO_30,train
APDA-V1-POS-00021,COOLR-IN-NER-021-INST-21,2021-08-03,Manipur,Senapati,25.25945,94.02674,translational_slide,monsoon_rain,1,1864.2,35.04,159.2,-0.07594,0.03955,5.78,77.18,156.29,434.07,19.93,0.406,0.365,0.803,NASA_COOLR,NASA_GPM_IMERG,NASA_USDA_SMAP,COPERNICUS_GLO_30,test
APDA-V1-POS-00647,COOLR-IN-NER-027-INST-647,2022-07-28,Nagaland,Mokokchung,26.32717,94.52223,mudslide,monsoon_rain,1,1355.7,34.48,168.1,-0.04604,0.05035,5.96,150.43,216.4,484.43,22.09,0.362,0.333,0.685,NASA_COOLR,NASA_GPM_IMERG,NASA_USDA_SMAP,COPERNICUS_GLO_30,test
APDA-V1-NEG-00405,NONE_ABSENCE_CONTROL,2022-03-19,Meghalaya,West Garo Hills,25.44293,90.00409,none,none,0,1908.6,10.28,131.7,-0.01251,-0.0022,6.5,1.98,5.28,24.29,0.33,0.099,0.091,0.231,NASA_COOLR_ABSENCE,NASA_GPM_IMERG,NASA_USDA_SMAP,COPERNICUS_GLO_30,train
APDA-V1-NEG-00082,NONE_ABSENCE_CONTROL,2023-12-10,Assam,Nagaon,26.35967,92.67477,none,none,0,1572.1,2.05,262.6,0.03538,-0.00051,8.22,1.29,16.29,49.9,0.21,0.257,0.237,0.569,NASA_COOLR_ABSENCE,NASA_GPM_IMERG,NASA_USDA_SMAP,COPERNICUS_GLO_30,train
APDA-V1-NEG-00518,NONE_ABSENCE_CONTROL,2021-10-25,Tripura,West Tripura,23.94647,91.37758,none,none,0,525.0,1.53,213.4,-0.01059,0.00256,7.75,14.83,30.71,36.68,2.47,0.175,0.161,0.404,NASA_COOLR_ABSENCE,NASA_GPM_IMERG,NASA_USDA_SMAP,COPERNICUS_GLO_30,train
APDA-V1-POS-00563,COOLR-IN-NER-005-INST-563,2020-09-28,Meghalaya,East Garo Hills,25.60159,90.58864,debris_flow,tropical_cyclone,1,1221.0,44.25,60.7,-0.05811,0.06223,6.05,60.21,242.6,477.66,15.78,0.412,0.375,0.766,NASA_COOLR,NASA_GPM_IMERG,NASA_USDA_SMAP,COPERNICUS_GLO_30,train
APDA-V1-NEG-00711,NONE_ABSENCE_CONTROL,2021-08-03,Manipur,Imphal East,24.94625,94.08921,none,none,0,385.9,2.45,100.6,0.00581,-0.00552,7.51,7.89,8.34,37.63,1.31,0.075,0.069,0.158,NASA_COOLR_ABSENCE,NASA_GPM_IMERG,NASA_USDA_SMAP,COPERNICUS_GLO_30,test
APDA-V1-POS-00687,COOLR-IN-NER-005-INST-687,2020-09-19,Meghalaya,East Garo Hills,25.60271,90.58533,debris_flow,tropical_cyclone,1,1409.6,30.19,219.0,-0.04188,0.05235,6.56,97.84,168.92,325.67,26.1,0.448,0.409,0.921,NASA_COOLR,NASA_GPM_IMERG,NASA_USDA_SMAP,COPERNICUS_GLO_30,train
APDA-V1-NEG-00208,NONE_ABSENCE_CONTROL,2022-03-09,West Bengal,Jalpaiguri,26.40383,88.66393,none,none,0,1031.1,7.52,2.8,-0.01291,-0.00341,5.14,3.84,20.91,37.67,0.64,0.132,0.121,0.3,NASA_COOLR_ABSENCE,NASA_GPM_IMERG,NASA_USDA_SMAP,COPERNICUS_GLO_30,val
APDA-V1-POS-00190,COOLR-IN-NER-004-INST-190,2021-08-09,Meghalaya,West Jaintia Hills,25.44395,92.1923,translational_slide,monsoon_rain,1,858.5,38.19,221.6,-0.04093,-0.00365,5.86,214.21,344.93,424.4,27.84,0.459,0.423,0.851,NASA_COOLR,NASA_GPM_IMERG,NASA_USDA_SMAP,COPERNICUS_GLO_30,train
APDA-V1-NEG-00226,NONE_ABSENCE_CONTROL,2021-01-21,Assam,Nagaon,26.49596,92.586,none,none,0,1482.9,15.13,106.7,0.00105,0.00317,5.09,1.34,17.69,44.25,0.22,0.241,0.222,0.53,NASA_COOLR_ABSENCE,NASA_GPM_IMERG,NASA_USDA_SMAP,COPERNICUS_GLO_30,train
APDA-V1-POS-00700,COOLR-IN-NER-018-INST-700,2022-07-10,Arunachal Pradesh,Papum Pare,27.09972,93.61591,mudslide,continuous_rain,1,3374.8,20.55,339.4,-0.04155,0.00856,6.52,99.03,177.3,321.83,17.38,0.454,0.397,0.901,NASA_COOLR,NASA_GPM_IMERG,NASA_USDA_SMAP,COPERNICUS_GLO_30,train
APDA-V1-POS-00511,COOLR-IN-NER-015-INST-511,2020-08-09,Sikkim,West Sikkim,27.28494,88.24806,translational_slide,continuous_rain,1,1833.8,40.1,223.7,-0.06061,0.06586,5.43,101.64,240.36,420.84,18.07,0.393,0.348,0.68,NASA_COOLR,NASA_GPM_IMERG,NASA_USDA_SMAP,COPERNICUS_GLO_30,train
APDA-V1-NEG-00333,NONE_ABSENCE_CONTROL,2022-11-10,Meghalaya,West Garo Hills,25.6195,90.22193,none,none,0,787.2,0.54,86.6,0.00929,-0.01165,9.21,1.9,7.13,46.35,0.32,0.128,0.118,0.288,NASA_COOLR_ABSENCE,NASA_GPM_IMERG,NASA_USDA_SMAP,COPERNICUS_GLO_30,train
APDA-V1-POS-00475,COOLR-IN-NER-010-INST-475,2023-08-11,Assam,Kamrup Metropolitan,26.17196,91.75937,shallow_slide,urban_downpour,1,1046.6,26.13,181.0,-0.01451,0.07205,6.07,78.42,245.05,336.71,19.51,0.372,0.336,0.68,NASA_COOLR,NASA_GPM_IMERG,NASA_USDA_SMAP,COPERNICUS_GLO_30,train
APDA-V1-NEG-00107,NONE_ABSENCE_CONTROL,2021-09-10,Assam,Dibrugarh,27.51489,94.8365,none,none,0,2159.3,1.38,313.8,-0.01411,-0.01815,8.37,4.46,10.59,50.88,0.74,0.337,0.31,0.682,NASA_COOLR_ABSENCE,NASA_GPM_IMERG,NASA_USDA_SMAP,COPERNICUS_GLO_30,train
APDA-V1-POS-00748,COOLR-IN-NER-004-INST-748,2021-08-19,Meghalaya,West Jaintia Hills,25.44044,92.19791,translational_slide,monsoon_rain,1,649.2,32.44,210.4,-0.0588,0.07416,6.43,162.31,270.81,410.79,24.81,0.436,0.38,0.801,NASA_COOLR,NASA_GPM_IMERG,NASA_USDA_SMAP,COPERNICUS_GLO_30,val
APDA-V1-POS-00253,COOLR-IN-NER-005-INST-253,2020-09-29,Meghalaya,East Garo Hills,25.60677,90.58207,debris_flow,tropical_cyclone,1,1293.8,39.81,29.4,-0.08742,0.07235,4.73,99.57,170.61,278.49,25.05,0.448,0.406,0.87,NASA_COOLR,NASA_GPM_IMERG,NASA_USDA_SMAP,COPERNICUS_GLO_30,train
APDA-V1-POS-00022,COOLR-IN-NER-022-INST-22,2020-07-13,Manipur,Tamenglong,24.98204,93.48935,mudslide,monsoon_rain,1,340.2,47.15,178.8,-0.0377,0.06789,5.55,89.94,279.32,535.57,16.1,0.51,0.466,0.923,NASA_COOLR,NASA_GPM_IMERG,NASA_USDA_SMAP,COPERNICUS_GLO_30,test
APDA-V1-NEG-00588,NONE_ABSENCE_CONTROL,2021-05-28,Meghalaya,Ri-Bhoi,25.85622,91.75317,none,none,0,1685.6,8.02,31.3,-0.01182,0.02808,5.53,6.84,24.5,35.07,1.14,0.095,0.088,0.207,NASA_COOLR_ABSENCE,NASA_GPM_IMERG,NASA_USDA_SMAP,COPERNICUS_GLO_30,train
APDA-V1-POS-00460,COOLR-IN-NER-026-INST-460,2023-07-24,Nagaland,Kohima,25.67985,94.11092,translational_slide,continuous_rain,1,864.3,30.15,6.8,-0.01298,0.0444,6.44,81.9,277.02,371.88,14.4,0.482,0.445,0.951,NASA_COOLR,NASA_GPM_IMERG,NASA_USDA_SMAP,COPERNICUS_GLO_30,train
APDA-V1-NEG-00435,NONE_ABSENCE_CONTROL,2021-01-22,Assam,Dibrugarh,27.4983,94.95715,none,none,0,3103.2,10.39,6.4,0.02162,3e-05,5.86,1.17,5.28,22.65,0.19,0.058,0.053,0.119,NASA_COOLR_ABSENCE,NASA_GPM_IMERG,NASA_USDA_SMAP,COPERNICUS_GLO_30,train
APDA-V1-POS-00277,COOLR-IN-NER-029-INST-277,2022-06-07,Tripura,Dhalai,23.8507,91.95341,shallow_slide,heavy_rain,1,1112.4,38.72,41.6,-0.11792,0.00584,5.62,99.54,210.34,447.17,18.6,0.425,0.377,0.767,NASA_COOLR,NASA_GPM_IMERG,NASA_USDA_SMAP,COPERNICUS_GLO_30,train
APDA-V1-NEG-00206,NONE_ABSENCE_CONTROL,2023-01-11,Tripura,West Tripura,23.81802,91.29744,none,none,0,409.7,1.8,49.1,0.00765,0.00048,6.88,0.37,12.22,42.27,0.06,0.192,0.176,0.403,NASA_COOLR_ABSENCE,NASA_GPM_IMERG,NASA_USDA_SMAP,COPERNICUS_GLO_30,train
APDA-V1-NEG-00466,NONE_ABSENCE_CONTROL,2022-03-10,Assam,Nagaon,26.21186,92.62277,none,none,0,1100.8,0.64,70.7,0.00342,-0.01171,7.67,0.01,11.01,23.87,0.0,0.103,0.095,0.237,NASA_COOLR_ABSENCE,NASA_GPM_IMERG,NASA_USDA_SMAP,COPERNICUS_GLO_30,train
APDA-V1-POS-00386,COOLR-IN-NER-014-INST-386,2021-09-07,Sikkim,South Sikkim,27.1858,88.35472,rotational_slide,monsoon_rain,1,1840.8,34.35,185.1,-0.08176,0.05471,4.97,145.73,311.3,542.04,36.44,0.495,0.442,0.889,NASA_COOLR,NASA_GPM_IMERG,NASA_USDA_SMAP,COPERNICUS_GLO_30,test
APDA-V1-NEG-00056,NONE_ABSENCE_CONTROL,2023-07-25,West Bengal,Jalpaiguri,26.51315,88.81376,none,none,0,1477.6,2.76,25.7,0.01773,0.00564,7.68,13.45,37.57,73.76,2.24,0.205,0.189,0.461,NASA_COOLR_ABSENCE,NASA_GPM_IMERG,NASA_USDA_SMAP,COPERNICUS_GLO_30,train
APDA-V1-NEG-00688,NONE_ABSENCE_CONTROL,2021-03-02,West Bengal,Jalpaiguri,26.45196,88.81543,none,none,0,1348.5,10.03,305.6,-0.00468,0.00776,6.17,1.38,7.03,18.63,0.23,0.24,0.221,0.505,NASA_COOLR_ABSENCE,NASA_GPM_IMERG,NASA_USDA_SMAP,COPERNICUS_GLO_30,train
APDA-V1-POS-00344,COOLR-IN-NER-003-INST-344,2023-07-02,Meghalaya,Ri-Bhoi,25.74899,91.90543,rockfall,continuous_rain,1,1807.3,45.7,149.7,-0.01753,-0.00507,4.65,121.2,242.98,440.52,21.62,0.433,0.384,0.822,NASA_COOLR,NASA_GPM_IMERG,NASA_USDA_SMAP,COPERNICUS_GLO_30,train
APDA-V1-NEG-00020,NONE_ABSENCE_CONTROL,2023-10-15,Meghalaya,Ri-Bhoi,25.85078,91.88693,none,none,0,1648.4,15.41,66.7,0.01135,0.0117,5.5,11.91,26.93,34.49,1.99,0.123,0.113,0.255,NASA_COOLR_ABSENCE,NASA_GPM_IMERG,NASA_USDA_SMAP,COPERNICUS_GLO_30,train
APDA-V1-NEG-00583,NONE_ABSENCE_CONTROL,2021-04-10,Manipur,Imphal East,24.87399,93.86724,none,none,0,1113.6,5.34,69.4,0.0026,0.0066,6.47,0.24,24.12,46.1,0.04,0.258,0.237,0.612,NASA_COOLR_ABSENCE,NASA_GPM_IMERG,NASA_USDA_SMAP,COPERNICUS_GLO_30,train
APDA-V1-POS-00131,COOLR-IN-NER-007-INST-131,2022-05-09,Assam,Dima Hasao,25.18488,93.02526,rotational_slide,torrential_rain,1,1102.6,48.01,164.3,0.03003,0.03179,5.57,86.48,254.2,341.66,14.28,0.379,0.329,0.716,NASA_COOLR,NASA_GPM_IMERG,NASA_USDA_SMAP,COPERNICUS_GLO_30,train
APDA-V1-NEG-00122,NONE_ABSENCE_CONTROL,2022-01-17,Assam,Nagaon,26.40466,92.78807,none,none,0,959.5,0.23,262.9,-0.02021,0.01691,8.92,5.71,12.03,24.49,0.95,0.157,0.144,0.348,NASA_COOLR_ABSENCE,NASA_GPM_IMERG,NASA_USDA_SMAP,COPERNICUS_GLO_30,train
APDA-V1-NEG-00374,NONE_ABSENCE_CONTROL,2021-12-11,Tripura,West Tripura,23.96939,91.36374,none,none,0,834.2,4.34,229.6,0.00081,-0.01172,7.52,2.39,25.16,64.65,0.4,0.299,0.275,0.656,NASA_COOLR_ABSENCE,NASA_GPM_IMERG,NASA_USDA_SMAP,COPERNICUS_GLO_30,train
APDA-V1-NEG-00647,NONE_ABSENCE_CONTROL,2023-12-24,Manipur,Imphal East,24.84413,93.9709,none,none,0,1421.7,2.68,280.7,0.01519,0.01294,6.18,1.41,3.88,40.79,0.23,0.112,0.103,0.232,NASA_COOLR_ABSENCE,NASA_GPM_IMERG,NASA_USDA_SMAP,COPERNICUS_GLO_30,test
APDA-V1-POS-00088,COOLR-IN-NER-026-INST-88,2023-07-13,Nagaland,Kohima,25.66994,94.11378,translational_slide,continuous_rain,1,699.1,42.87,110.8,-0.03138,0.08098,5.14,55.31,272.22,372.61,13.35,0.38,0.344,0.689,NASA_COOLR,NASA_GPM_IMERG,NASA_USDA_SMAP,COPERNICUS_GLO_30,train
APDA-V1-NEG-00733,NONE_ABSENCE_CONTROL,2023-09-13,Meghalaya,West Garo Hills,25.59868,90.22293,none,none,0,1620.0,9.47,323.2,-0.0076,0.00871,6.36,2.4,8.05,17.89,0.4,0.188,0.173,0.394,NASA_COOLR_ABSENCE,NASA_GPM_IMERG,NASA_USDA_SMAP,COPERNICUS_GLO_30,test
APDA-V1-POS-00331,COOLR-IN-NER-021-INST-331,2021-08-12,Manipur,Senapati,25.26365,94.01562,translational_slide,monsoon_rain,1,943.6,42.89,276.3,-0.08027,0.05931,5.72,85.59,208.73,384.25,23.1,0.503,0.477,0.978,NASA_COOLR,NASA_GPM_IMERG,NASA_USDA_SMAP,COPERNICUS_GLO_30,train
APDA-V1-NEG-00489,NONE_ABSENCE_CONTROL,2023-06-16,Assam,Kamrup Metro,26.07228,91.77021,none,none,0,1176.4,6.23,100.1,-0.00717,0.00492,7.04,0.4,5.08,45.98,0.07,0.071,0.066,0.149,NASA_COOLR_ABSENCE,NASA_GPM_IMERG,NASA_USDA_SMAP,COPERNICUS_GLO_30,train
APDA-V1-POS-00467,COOLR-IN-NER-002-INST-467,2022-06-09,Meghalaya,East Khasi Hills,25.29526,91.70684,mudslide,downpour,1,1198.5,34.71,231.4,-0.05177,0.04146,6.45,71.29,153.75,255.34,10.81,0.492,0.441,0.894,NASA_COOLR,NASA_GPM_IMERG,NASA_USDA_SMAP,COPERNICUS_GLO_30,val
APDA-V1-POS-00122,COOLR-IN-NER-029-INST-122,2022-05-28,Tripura,Dhalai,23.85604,91.95581,shallow_slide,heavy_rain,1,1367.3,31.37,138.6,-0.05893,0.00028,5.2,36.5,238.96,484.91,7.65,0.407,0.367,0.794,NASA_COOLR,NASA_GPM_IMERG,NASA_USDA_SMAP,COPERNICUS_GLO_30,train
APDA-V1-NEG-00295,NONE_ABSENCE_CONTROL,2023-08-02,Manipur,Imphal East,24.69997,93.83478,none,none,0,751.4,0.59,266.5,-0.00545,-0.01205,9.53,8.98,32.25,62.88,1.5,0.113,0.104,0.228,NASA_COOLR_ABSENCE,NASA_GPM_IMERG,NASA_USDA_SMAP,COPERNICUS_GLO_30,val
APDA-V1-NEG-00346,NONE_ABSENCE_CONTROL,2023-05-01,Assam,Nagaon,26.25893,92.5626,none,none,0,658.4,2.25,341.3,0.00019,-0.00041,6.91,22.68,31.98,39.18,3.78,0.019,0.017,0.038,NASA_COOLR_ABSENCE,NASA_GPM_IMERG,NASA_USDA_SMAP,COPERNICUS_GLO_30,train
APDA-V1-NEG-00381,NONE_ABSENCE_CONTROL,2021-03-17,Meghalaya,West Garo Hills,25.48734,90.02657,none,none,0,1446.8,6.6,27.5,-7e-05,0.01177,6.64,1.18,2.07,6.16,0.2,0.114,0.105,0.248,NASA_COOLR_ABSENCE,NASA_GPM_IMERG,NASA_USDA_SMAP,COPERNICUS_GLO_30,train
APDA-V1-NEG-00545,NONE_ABSENCE_CONTROL,2023-02-11,Assam,Kamrup Metro,26.07181,91.61001,none,none,0,1145.8,12.03,229.1,0.02691,-0.01182,6.29,2.58,14.55,19.35,0.43,0.298,0.274,0.602,NASA_COOLR_ABSENCE,NASA_GPM_IMERG,NASA_USDA_SMAP,COPERNICUS_GLO_30,test
APDA-V1-NEG-00111,NONE_ABSENCE_CONTROL,2021-02-19,Manipur,Imphal East,24.81167,93.8283,none,none,0,336.7,16.0,84.3,-0.02185,-0.00535,6.07,1.76,3.16,43.34,0.29,0.221,0.203,0.489,NASA_COOLR_ABSENCE,NASA_GPM_IMERG,NASA_USDA_SMAP,COPERNICUS_GLO_30,train
APDA-V1-NEG-00710,NONE_ABSENCE_CONTROL,2022-03-07,Tripura,West Tripura,23.96234,91.18594,none,none,0,1032.7,16.0,325.6,0.02111,-0.00329,5.62,2.0,7.12,36.15,0.33,0.05,0.046,0.111,NASA_COOLR_ABSENCE,NASA_GPM_IMERG,NASA_USDA_SMAP,COPERNICUS_GLO_30,train
APDA-V1-NEG-00377,NONE_ABSENCE_CONTROL,2023-07-09,Assam,Kamrup Metro,26.15334,91.74293,none,none,0,605.2,1.28,86.6,-0.00509,0.00345,7.28,1.98,19.95,51.44,0.33,0.367,0.338,0.747,NASA_COOLR_ABSENCE,NASA_GPM_IMERG,NASA_USDA_SMAP,COPERNICUS_GLO_30,train
