sample_id,source_inventory,latitude,longitude,landslide,copernicus_elevation_m,copernicus_slope_deg,copernicus_aspect_deg,copernicus_plan_curvature,copernicus_profile_curvature,copernicus_twi,gpm_imerg_rainfall_1d_mm,gpm_imerg_rainfall_3d_mm,gpm_imerg_rainfall_7d_mm,gpm_imerg_peak_intensity_mm_h,smap_surface_moisture_m3m3,smap_rootzone_moisture_m3m3,smap_soil_saturation_ratio,sentinel1_sar_vv_db,sentinel1_sar_vh_db,sentinel1_polarimetric_ratio_vh_vv,sentinel1_interferometric_coherence,sentinel2_ndvi,sentinel2_ndwi,sentinel2_bsi,nasa_lhasa_nowcast_score,nasa_lhasa_antecedent_rainfall_index,nasa_lhasa_susceptibility_category,split
APDA-V2-POS-0700,NASA COOLR (Verified Event),25.1844,93.02581,1,1781.9,39.81,121.6,-0.0035,0.06967,4.57,65.52,129.83,293.03,14.94,0.382,0.347,0.68,-7.19,-14.75,-7.56,0.357,0.456,0.424,0.58,0.805,236.3,5.0,train
APDA-V2-NEG-0407,Spatial Negative Buffer Control,25.34239,93.36846,0,864.7,7.52,185.1,0.00902,-0.00564,6.72,1.74,4.27,38.72,0.29,0.195,0.179,0.411,-16.33,-19.69,-3.36,0.847,0.87,-0.238,-0.122,0.087,24.21,1.0,train
APDA-V2-POS-0862,NASA COOLR (Verified Event),25.52753,91.86679,1,941.3,38.99,210.0,-0.09993,0.02518,6.14,114.42,322.21,385.63,22.34,0.352,0.313,0.68,-9.27,-12.67,-3.4,0.353,0.176,0.629,0.441,0.62,291.93,5.0,train
APDA-V2-NEG-0857,Spatial Negative Buffer Control,26.70409,93.19828,0,970.9,12.14,134.3,0.01801,0.00137,6.5,0.26,5.43,22.08,0.04,0.152,0.139,0.303,-18.12,-20.47,-2.35,0.662,0.785,-0.028,-0.153,0.294,12.62,2.0,train
APDA-V2-POS-0575,NASA COOLR (Verified Event),25.0806,93.15437,1,1281.4,37.29,239.7,-0.01983,0.03484,6.02,121.0,224.16,394.37,22.62,0.471,0.43,0.941,-11.39,-9.74,1.65,0.08,0.156,0.637,0.557,0.885,306.99,5.0,train
APDA-V2-NEG-0833,Spatial Negative Buffer Control,26.94269,88.20211,0,1799.5,0.18,55.2,0.0067,-0.02846,9.39,1.97,10.86,45.09,0.33,0.169,0.156,0.392,-10.9,-18.24,-7.34,0.92,0.877,0.101,-0.008,0.412,18.77,1.0,train
APDA-V2-NEG-0082,Spatial Negative Buffer Control,24.08553,92.94904,0,446.1,2.24,17.2,0.01337,-0.01205,7.84,3.46,12.7,52.55,0.58,0.164,0.151,0.337,-16.65,-23.02,-6.36,0.76,0.88,-0.029,-0.031,0.128,22.53,1.0,train
APDA-V2-POS-0697,NASA COOLR (Verified Event),25.43437,92.20403,1,1537.5,31.38,143.7,-0.05183,0.05282,5.42,71.0,144.92,296.4,13.05,0.39,0.343,0.757,-10.38,-14.34,-3.96,0.276,0.48,0.417,0.289,0.95,274.87,5.0,train
APDA-V2-NEG-0752,Spatial Negative Buffer Control,26.65353,93.79496,0,668.7,8.45,62.1,-0.0104,-0.0033,5.17,4.0,17.41,48.78,0.67,0.118,0.109,0.261,-15.4,-25.24,-9.83,0.838,0.88,-0.124,-0.187,0.161,30.35,1.0,train
APDA-V2-NEG-0196,Spatial Negative Buffer Control,24.98254,92.65884,0,441.3,8.65,1.9,-0.00892,0.01344,5.4,3.58,25.08,61.88,0.6,0.248,0.229,0.517,-15.29,-16.0,-0.7,0.559,0.88,0.028,-0.146,0.164,35.77,1.0,train
APDA-V2-NEG-0114,Spatial Negative Buffer Control,24.42451,92.58673,0,1193.5,3.54,195.9,0.00064,-0.00431,7.79,14.97,17.09,23.19,2.5,0.011,0.01,0.026,-15.14,-17.12,-1.98,0.722,0.851,-0.132,-0.131,0.21,11.65,1.0,train
APDA-V2-NEG-0494,Spatial Negative Buffer Control,26.24376,93.60568,0,1023.0,1.12,324.0,0.00491,0.01127,8.45,4.79,27.68,54.65,0.8,0.19,0.174,0.436,-17.47,-18.37,-0.9,0.829,0.855,-0.166,-0.031,0.081,28.65,1.0,train
APDA-V2-NEG-0527,Spatial Negative Buffer Control,25.05845,91.45415,0,780.7,0.07,280.9,0.01465,-0.0077,9.73,17.84,25.99,61.2,2.97,0.273,0.251,0.618,-11.2,-19.05,-7.84,0.845,0.693,-0.009,-0.103,0.094,28.98,2.0,train
APDA-V2-POS-0631,NASA COOLR (Verified Event),25.53547,91.85774,1,1193.8,34.68,144.1,-0.00212,0.03599,6.11,78.61,286.92,420.37,17.49,0.423,0.381,0.828,-8.82,-13.01,-4.19,0.154,0.48,0.65,0.536,0.62,381.61,5.0,train
APDA-V2-NEG-0668,Spatial Negative Buffer Control,27.46406,93.9423,0,1541.6,3.44,169.1,-0.00706,0.00634,6.73,8.32,17.62,33.62,1.39,0.15,0.138,0.329,-11.49,-22.54,-11.05,0.593,0.793,-0.106,-0.111,0.18,16.61,2.0,train
APDA-V2-POS-0538,NASA COOLR (Verified Event),27.32937,88.61071,1,3107.4,28.51,184.9,-0.02146,0.03036,6.2,35.35,234.27,366.95,9.84,0.363,0.317,0.68,-5.23,-18.1,-12.87,0.407,0.42,0.65,0.58,0.906,298.65,5.0,train
APDA-V2-NEG-0870,Spatial Negative Buffer Control,24.46026,93.05727,0,680.4,12.51,299.3,0.00342,0.00163,5.29,5.12,24.25,28.16,0.85,0.041,0.037,0.094,-15.11,-14.96,0.15,0.758,0.736,-0.058,0.12,0.033,12.15,1.0,train
APDA-V2-NEG-0614,Spatial Negative Buffer Control,25.90769,90.30049,0,1845.9,3.69,99.1,0.01487,0.00777,6.54,6.35,18.62,30.42,1.06,0.159,0.146,0.348,-13.74,-15.22,-1.48,0.708,0.632,-0.092,-0.2,0.304,19.56,1.0,train
APDA-V2-NEG-0720,Spatial Negative Buffer Control,25.85114,92.1027,0,1892.4,2.18,152.8,0.00069,0.01137,6.61,3.06,18.27,23.3,0.51,0.301,0.277,0.616,-11.75,-20.59,-8.83,0.714,0.81,-0.058,-0.029,0.24,12.05,1.0,train
APDA-V2-NEG-0844,Spatial Negative Buffer Control,25.1996,91.99174,0,871.0,16.0,204.6,-0.0007,0.0005,4.38,3.98,12.45,37.63,0.66,0.234,0.215,0.48,-13.85,-21.22,-7.38,0.815,0.833,-0.062,0.04,0.383,21.07,2.0,train
APDA-V2-NEG-0693,Spatial Negative Buffer Control,27.25099,87.91692,0,1959.9,3.21,111.4,-0.01067,-0.02513,6.47,14.6,37.24,48.59,2.43,0.239,0.22,0.506,-15.74,-23.2,-7.46,0.52,0.88,-0.225,-0.096,0.02,23.68,1.0,train
APDA-V2-NEG-0783,Spatial Negative Buffer Control,25.8607,92.27679,0,1403.4,11.57,74.7,0.00595,0.0027,6.56,4.43,6.63,28.37,0.74,0.115,0.106,0.244,-13.2,-21.2,-8.01,0.856,0.88,0.007,-0.002,0.105,17.37,1.0,train
APDA-V2-NEG-0190,Spatial Negative Buffer Control,25.80001,92.08514,0,1368.2,7.97,52.7,-0.02146,0.01064,6.64,5.83,18.43,49.69,0.97,0.203,0.186,0.445,-10.86,-21.83,-10.97,0.669,0.721,-0.055,-0.095,0.48,23.44,2.0,train
APDA-V2-POS-0072,NASA COOLR (Verified Event),24.82904,92.80018,1,689.2,23.39,202.6,-0.05697,0.0402,6.69,152.11,289.71,565.86,32.66,0.437,0.404,0.887,-5.72,-13.15,-7.43,0.174,0.48,0.588,0.58,0.627,481.04,4.0,train
APDA-V2-POS-0514,NASA COOLR (Verified Event),26.17014,91.75486,1,1222.7,39.33,137.6,-0.01656,0.01744,5.47,64.64,249.8,394.51,14.94,0.483,0.442,0.945,-8.13,-17.04,-8.92,0.08,0.48,0.482,0.58,0.919,307.06,5.0,train
APDA-V2-POS-0742,NASA COOLR (Verified Event),25.18663,93.02904,1,1765.7,43.7,201.8,-0.03757,0.02248,5.37,53.02,100.02,260.06,15.63,0.465,0.418,0.818,-9.85,-17.93,-8.08,0.257,0.48,0.598,0.58,0.763,217.55,5.0,train
APDA-V2-NEG-0509,Spatial Negative Buffer Control,25.87901,90.73053,0,1187.1,1.0,287.7,-0.00786,-0.01073,8.4,8.0,16.98,52.16,1.33,0.173,0.159,0.355,-12.95,-21.11,-8.16,0.756,0.571,-0.106,-0.077,0.451,32.24,1.0,train
APDA-V2-POS-0113,NASA COOLR (Verified Event),25.07357,93.15955,1,1553.6,48.38,168.7,-0.0071,0.0279,5.99,42.2,215.34,298.53,9.0,0.343,0.312,0.68,-9.61,-15.53,-5.92,0.129,0.369,0.65,0.196,0.756,276.95,4.0,train
APDA-V2-POS-0158,NASA COOLR (Verified Event),26.00744,93.41245,1,916.2,35.16,208.5,-0.06675,0.08203,6.35,78.24,258.44,358.38,15.19,0.357,0.321,0.68,-10.47,-14.08,-3.61,0.339,0.12,0.463,0.58,0.903,294.58,4.0,train
APDA-V2-NEG-0499,Spatial Negative Buffer Control,27.94802,91.71846,0,3565.8,10.95,317.8,0.00053,-0.00059,6.59,1.77,18.41,48.42,0.29,0.071,0.065,0.154,-15.24,-24.8,-9.56,0.757,0.88,-0.003,-0.2,0.306,22.35,1.0,train
APDA-V2-NEG-0490,Spatial Negative Buffer Control,24.78923,93.16948,0,608.9,2.0,123.8,0.0034,-0.00862,8.15,8.15,10.74,27.43,1.36,0.068,0.062,0.137,-14.74,-16.29,-1.55,0.524,0.866,-0.035,-0.07,0.204,12.28,1.0,train
APDA-V2-POS-0672,NASA COOLR (Verified Event),27.03322,88.26194,1,3336.1,45.18,195.2,-0.02663,0.07878,5.24,35.0,112.72,295.47,11.23,0.347,0.314,0.696,-5.32,-10.44,-5.12,0.393,0.369,0.65,0.554,0.648,269.99,4.0,train
APDA-V2-POS-0487,NASA COOLR (Verified Event),25.44078,92.19517,1,668.0,26.0,227.5,-0.02491,0.04404,6.19,59.82,204.43,303.21,12.12,0.438,0.404,0.879,-8.11,-11.59,-3.48,0.216,0.48,0.65,0.495,0.792,236.09,5.0,train
APDA-V2-NEG-0574,Spatial Negative Buffer Control,25.60395,92.7879,0,892.9,12.55,311.4,0.00562,0.00553,5.56,18.45,20.16,46.52,3.08,0.132,0.122,0.277,-10.85,-17.15,-6.3,0.579,0.813,-0.006,-0.087,0.414,25.85,1.0,train
APDA-V2-NEG-0109,Spatial Negative Buffer Control,25.64973,91.76872,0,1463.4,0.95,163.6,0.00903,0.00534,8.14,4.06,14.18,46.58,0.68,0.199,0.183,0.424,-12.81,-22.93,-10.12,0.808,0.88,-0.031,-0.062,0.358,25.53,1.0,train
APDA-V2-POS-0570,NASA COOLR (Verified Event),25.75343,91.90431,1,964.9,34.57,229.6,-0.06077,0.03072,6.21,87.16,179.61,242.71,12.71,0.36,0.324,0.68,-11.35,-17.68,-6.33,0.212,0.2,0.574,0.58,0.809,182.55,4.0,train
APDA-V2-POS-0835,NASA COOLR (Verified Event),27.57961,91.87189,1,1954.2,25.83,185.6,-0.05705,0.0535,6.42,102.64,170.28,276.28,18.66,0.37,0.336,0.68,-8.21,-15.0,-6.79,0.194,0.234,0.335,0.467,0.702,235.71,4.0,train
APDA-V2-NEG-0289,Spatial Negative Buffer Control,27.15469,92.28371,0,3578.1,2.59,143.0,0.00518,-0.01817,6.87,12.02,24.19,36.49,2.0,0.095,0.087,0.199,-12.03,-23.28,-11.25,0.92,0.55,0.027,-0.0,0.293,20.02,1.0,train
APDA-V2-NEG-0115,Spatial Negative Buffer Control,26.43894,91.42658,0,677.9,0.03,79.7,-0.01978,0.00203,9.73,4.61,26.38,40.34,0.77,0.288,0.265,0.683,-14.09,-20.85,-6.76,0.514,0.808,-0.25,0.055,0.36,25.3,2.0,train
APDA-V2-NEG-0214,Spatial Negative Buffer Control,25.79925,92.38946,0,1772.6,6.85,329.5,0.00571,-0.01178,5.67,8.91,21.14,34.32,1.49,0.349,0.321,0.731,-17.68,-19.57,-1.89,0.654,0.803,0.076,-0.117,0.415,20.3,2.0,train
APDA-V2-NEG-0712,Spatial Negative Buffer Control,23.53185,92.40065,0,1105.1,3.24,123.2,-0.001,-0.00449,7.87,10.38,31.89,59.92,1.73,0.349,0.321,0.701,-12.36,-22.23,-9.87,0.729,0.88,-0.075,-0.176,0.244,24.54,2.0,train
APDA-V2-POS-0832,NASA COOLR (Verified Event),27.32954,88.61469,1,2253.8,43.5,175.5,-0.01768,0.02304,5.33,110.88,217.84,497.21,17.71,0.404,0.372,0.842,-10.58,-13.83,-3.25,0.42,0.12,0.65,0.58,0.62,454.19,5.0,train
APDA-V2-NEG-0492,Spatial Negative Buffer Control,24.65009,92.97255,0,384.3,1.26,308.8,0.01204,0.00744,7.49,15.73,18.38,40.55,2.62,0.059,0.054,0.129,-13.24,-20.52,-7.28,0.796,0.88,0.02,-0.004,0.28,24.82,1.0,train
APDA-V2-NEG-0130,Spatial Negative Buffer Control,25.2675,91.95783,0,1384.2,0.43,171.6,-0.01767,0.01342,8.6,3.08,15.71,19.94,0.51,0.164,0.151,0.383,-20.94,-15.5,5.45,0.878,0.848,-0.149,-0.098,0.168,8.79,1.0,train
APDA-V2-NEG-0281,Spatial Negative Buffer Control,25.25779,93.52101,0,785.4,1.32,319.3,0.00092,-0.02193,7.97,6.07,20.91,50.37,1.01,0.223,0.205,0.484,-14.56,-17.77,-3.21,0.598,0.744,-0.164,0.05,0.48,28.07,2.0,train
APDA-V2-NEG-0133,Spatial Negative Buffer Control,25.478,93.1924,0,1409.1,11.22,107.8,0.00302,0.00021,6.43,15.33,16.08,44.14,2.55,0.186,0.171,0.419,-18.14,-17.33,0.8,0.657,0.699,-0.055,0.062,0.129,25.1,1.0,train
APDA-V2-POS-0768,NASA COOLR (Verified Event),27.68889,88.57397,1,2100.4,35.77,243.9,-0.02791,0.03267,4.86,103.71,240.04,503.36,17.04,0.346,0.305,0.68,-7.12,-15.84,-8.72,0.358,0.128,0.65,0.539,0.855,378.64,5.0,train
APDA-V2-POS-0572,NASA COOLR (Verified Event),25.59694,90.58708,1,1747.8,42.06,232.2,-0.05318,0.02053,6.13,125.01,268.32,449.05,19.43,0.416,0.381,0.866,-8.01,-14.09,-6.07,0.42,0.265,0.633,0.419,0.62,346.64,5.0,train
APDA-V2-POS-0669,NASA COOLR (Verified Event),24.78649,93.68642,1,587.5,30.24,270.8,-0.01194,0.05476,6.39,65.53,138.83,382.88,9.83,0.334,0.304,0.68,-10.7,-15.08,-4.39,0.232,0.451,0.65,0.58,0.843,306.97,5.0,train
APDA-V2-NEG-0852,Spatial Negative Buffer Control,28.10524,88.75982,0,2112.9,2.35,76.6,-0.00333,0.00107,7.35,9.09,28.65,59.41,1.52,0.243,0.224,0.495,-12.4,-20.5,-8.1,0.734,0.863,0.092,-0.2,0.302,27.11,1.0,train
APDA-V2-POS-0503,NASA COOLR (Verified Event),25.67246,94.11142,1,1827.4,47.98,199.1,0.01483,0.05347,5.59,70.19,223.8,287.46,17.15,0.332,0.301,0.68,-8.38,-18.06,-9.68,0.42,0.48,0.65,0.332,0.687,260.73,4.0,train
APDA-V2-NEG-0093,Spatial Negative Buffer Control,24.96374,93.08029,0,446.9,10.72,213.0,0.00902,0.01239,6.06,21.24,34.16,43.26,3.54,0.35,0.322,0.728,-16.1,-19.84,-3.74,0.772,0.88,-0.05,0.12,0.093,17.95,2.0,train
APDA-V2-POS-0026,NASA COOLR (Verified Event),25.60217,90.58116,1,1149.2,36.89,134.2,-0.03859,0.03072,5.2,107.48,268.6,338.94,26.64,0.484,0.463,0.988,-12.87,-16.84,-3.97,0.3,0.48,0.637,0.542,0.79,288.26,5.0,train
APDA-V2-NEG-0811,Spatial Negative Buffer Control,26.99058,88.91916,0,1858.6,4.56,126.0,0.01257,0.00873,6.88,8.39,30.44,35.45,1.4,0.025,0.023,0.051,-12.65,-20.13,-7.47,0.807,0.88,-0.13,-0.078,0.449,18.9,2.0,train
APDA-V2-NEG-0792,Spatial Negative Buffer Control,27.18396,92.28788,0,2182.2,3.51,136.7,-0.00844,-0.00742,7.56,3.65,10.75,23.41,0.61,0.198,0.182,0.423,-7.72,-22.03,-14.31,0.907,0.88,-0.235,-0.088,0.35,12.36,2.0,train
APDA-V2-NEG-0565,Spatial Negative Buffer Control,23.93903,92.83893,0,1423.3,3.93,279.5,-0.01236,-0.01278,6.33,16.08,36.83,55.18,2.68,0.111,0.102,0.225,-13.28,-23.78,-10.5,0.839,0.696,-0.039,-0.103,0.36,35.25,2.0,train
APDA-V2-NEG-0116,Spatial Negative Buffer Control,25.71828,93.12767,0,1482.3,3.14,255.4,-0.00606,0.01027,7.67,1.89,18.17,22.02,0.32,0.046,0.042,0.093,-11.57,-27.09,-15.53,0.92,0.744,-0.058,-0.085,0.48,12.87,1.0,train
APDA-V2-POS-0617,NASA COOLR (Verified Event),25.08202,93.15155,1,1615.0,31.72,187.1,-0.08524,0.04679,6.27,50.47,201.53,347.23,12.8,0.479,0.437,0.852,-8.36,-17.02,-8.65,0.35,0.301,0.561,0.324,0.851,260.52,5.0,train
APDA-V2-NEG-0529,Spatial Negative Buffer Control,25.28648,92.0108,0,994.0,8.87,27.8,0.02222,0.01524,5.83,3.04,9.22,37.72,0.51,0.179,0.165,0.399,-15.37,-19.13,-3.76,0.742,0.88,-0.022,-0.2,0.096,20.69,3.0,train
APDA-V2-NEG-0593,Spatial Negative Buffer Control,25.92993,90.75421,0,973.7,8.26,209.3,-0.00558,0.00282,5.73,3.09,21.66,26.32,0.51,0.08,0.074,0.182,-13.24,-17.57,-4.33,0.874,0.817,-0.098,-0.071,0.108,14.56,1.0,train
APDA-V2-POS-0554,NASA COOLR (Verified Event),25.08363,93.1575,1,962.9,25.49,201.7,-0.03099,0.04644,5.58,60.84,221.66,484.19,18.92,0.446,0.406,0.84,-11.45,-14.33,-2.89,0.215,0.48,0.65,0.58,0.694,409.23,4.0,train
APDA-V2-NEG-0302,Spatial Negative Buffer Control,25.20822,93.47738,0,1763.6,4.01,264.0,0.01209,-0.01128,6.61,6.01,14.05,24.37,1.0,0.11,0.101,0.233,-12.1,-24.97,-12.88,0.45,0.55,-0.081,-0.095,0.112,10.87,1.0,train
APDA-V2-NEG-0549,Spatial Negative Buffer Control,26.06504,92.2292,0,1015.3,6.84,2.7,-0.00163,-0.01003,7.08,28.0,50.34,61.09,4.67,0.028,0.026,0.058,-15.94,-17.45,-1.51,0.527,0.826,0.073,0.089,0.24,35.88,2.0,train
APDA-V2-NEG-0072,Spatial Negative Buffer Control,25.1268,92.98859,0,631.7,2.12,304.7,0.00043,0.00437,8.19,2.57,3.92,9.68,0.43,0.242,0.223,0.521,-14.88,-16.86,-1.98,0.756,0.88,-0.089,-0.2,0.368,5.36,1.0,train
APDA-V2-POS-0146,NASA COOLR (Verified Event),25.67319,94.11639,1,1735.5,40.08,138.3,-0.0731,0.08512,5.85,121.4,197.31,351.49,29.7,0.355,0.314,0.68,-5.9,-20.7,-14.8,0.226,0.213,0.318,0.339,0.735,328.09,4.0,train
APDA-V2-POS-0276,NASA COOLR (Verified Event),25.74927,91.89916,1,1606.0,21.76,45.5,-0.05362,0.04819,6.43,101.89,164.24,362.9,15.05,0.392,0.351,0.743,-8.25,-14.89,-6.63,0.346,0.48,0.597,0.58,0.9,299.03,5.0,train
APDA-V2-POS-0612,NASA COOLR (Verified Event),25.75753,91.91068,1,1882.8,36.69,216.8,-0.04861,0.02512,5.48,87.29,205.44,441.18,17.9,0.38,0.345,0.68,-5.89,-15.03,-9.14,0.389,0.265,0.483,0.58,0.827,384.54,5.0,train
APDA-V2-POS-0691,NASA COOLR (Verified Event),23.71919,92.71506,1,732.9,26.74,351.2,-0.04499,0.04853,6.19,35.0,197.2,413.0,10.8,0.446,0.413,0.929,-10.35,-13.59,-3.24,0.14,0.48,0.435,0.436,0.751,345.12,4.0,train
APDA-V2-NEG-0012,Spatial Negative Buffer Control,28.00952,88.45262,0,1568.9,3.68,277.2,0.00275,0.01151,7.42,18.68,42.82,45.15,3.11,0.076,0.07,0.155,-15.05,-21.1,-6.05,0.769,0.795,-0.182,-0.068,0.322,23.78,1.0,train
APDA-V2-POS-0212,NASA COOLR (Verified Event),25.30274,91.71704,1,1177.2,29.95,160.4,-0.02733,0.06095,5.58,143.49,316.39,505.23,20.54,0.388,0.347,0.686,-10.47,-17.78,-7.31,0.367,0.48,0.65,0.58,0.682,458.89,5.0,train
APDA-V2-NEG-0673,Spatial Negative Buffer Control,25.72612,91.47233,0,1683.2,16.0,93.2,-0.00987,-0.00651,6.25,17.43,41.11,76.69,2.91,0.125,0.115,0.275,-13.44,-16.79,-3.36,0.762,0.88,-0.068,0.053,0.311,38.47,3.0,train
APDA-V2-NEG-0330,Spatial Negative Buffer Control,27.53858,92.12924,0,1560.9,16.0,91.5,-0.00195,0.00099,5.25,19.33,42.53,67.17,3.22,0.09,0.083,0.21,-17.8,-20.11,-2.31,0.804,0.55,-0.176,-0.102,0.195,42.47,2.0,train
APDA-V2-POS-0247,NASA COOLR (Verified Event),27.58558,91.86761,1,2358.6,35.8,201.2,-0.02912,0.03837,5.76,54.87,107.33,201.37,13.71,0.45,0.405,0.895,-9.42,-18.97,-9.55,0.196,0.38,0.65,0.433,0.794,151.46,5.0,train
APDA-V2-NEG-0292,Spatial Negative Buffer Control,23.2865,92.94272,0,628.6,9.85,170.5,0.01933,0.00161,5.8,16.54,35.13,61.01,2.76,0.144,0.133,0.331,-12.57,-24.34,-11.78,0.837,0.661,0.019,0.036,0.117,30.51,3.0,train
APDA-V2-NEG-0742,Spatial Negative Buffer Control,25.63494,93.33972,0,1283.1,0.57,122.4,0.00023,0.01584,9.41,1.05,24.2,59.37,0.18,0.208,0.191,0.491,-17.18,-23.47,-6.3,0.92,0.814,-0.04,-0.141,0.275,24.25,1.0,train
APDA-V2-POS-0349,NASA COOLR (Verified Event),27.33486,88.62035,1,1592.1,24.41,159.2,-0.04151,0.01575,6.84,73.46,227.88,450.0,13.29,0.379,0.334,0.68,-11.18,-19.79,-8.61,0.111,0.448,0.65,0.385,0.643,357.82,5.0,train
APDA-V2-POS-0305,NASA COOLR (Verified Event),26.0069,93.41689,1,1865.7,40.24,30.8,-0.06969,0.06101,6.13,113.14,269.56,429.63,28.39,0.468,0.423,0.912,-6.45,-16.92,-10.47,0.284,0.48,0.184,0.55,0.847,384.65,4.0,train
APDA-V2-POS-0523,NASA COOLR (Verified Event),23.73281,92.72152,1,872.1,32.32,202.5,-0.04435,0.02683,6.48,92.07,160.14,400.22,24.05,0.391,0.355,0.809,-10.33,-16.57,-6.25,0.395,0.16,0.457,0.305,0.953,326.4,4.0,train
APDA-V2-NEG-0276,Spatial Negative Buffer Control,25.39689,91.61425,0,1662.2,0.3,78.7,-0.0012,-0.00814,8.64,6.38,22.97,30.17,1.06,0.103,0.095,0.231,-13.66,-20.19,-6.53,0.848,0.88,-0.098,-0.104,0.393,15.34,2.0,train
APDA-V2-POS-0430,NASA COOLR (Verified Event),26.16951,91.76529,1,788.5,37.39,40.2,-0.05787,0.02911,6.36,135.22,343.02,422.62,28.61,0.447,0.4,0.826,-9.5,-13.34,-3.84,0.08,0.289,0.65,0.58,0.973,393.35,4.0,train
APDA-V2-POS-0807,NASA COOLR (Verified Event),24.83227,92.80466,1,1251.7,32.09,235.9,-0.0677,0.01744,5.38,88.02,294.16,359.57,15.95,0.426,0.39,0.81,-8.23,-15.91,-7.68,0.42,0.12,0.65,0.446,0.98,316.93,5.0,train
APDA-V2-POS-0057,NASA COOLR (Verified Event),27.34733,92.41994,1,2361.4,33.61,167.6,-0.05471,0.01852,6.05,88.31,191.25,278.78,17.95,0.489,0.454,0.956,-12.15,-14.12,-1.97,0.116,0.48,0.587,0.58,0.624,213.34,5.0,train
APDA-V2-POS-0887,NASA COOLR (Verified Event),25.60496,90.58189,1,849.0,32.2,184.5,-0.06424,-0.00642,6.12,95.84,287.18,389.79,24.03,0.457,0.421,0.833,-11.35,-19.26,-7.91,0.132,0.48,0.55,0.477,0.808,301.51,4.0,train
APDA-V2-POS-0469,NASA COOLR (Verified Event),25.18248,93.03402,1,1462.0,27.76,231.7,-0.055,-0.00671,6.48,182.23,334.18,395.07,28.7,0.378,0.342,0.709,-5.51,-15.21,-9.71,0.096,0.377,0.65,0.58,0.953,322.18,4.0,train
APDA-V2-POS-0254,NASA COOLR (Verified Event),25.30979,91.71144,1,871.3,36.1,93.4,-0.00804,0.06496,5.55,103.29,197.23,298.27,19.85,0.448,0.399,0.875,-10.44,-18.14,-7.7,0.177,0.349,0.191,0.58,0.865,230.85,5.0,train
APDA-V2-NEG-0084,Spatial Negative Buffer Control,27.35828,88.44607,0,1518.4,0.67,62.8,0.0118,0.00144,8.3,1.7,15.03,34.82,0.28,0.094,0.086,0.2,-10.55,-22.75,-12.21,0.885,0.88,0.033,0.014,0.39,16.87,3.0,train
APDA-V2-POS-0466,NASA COOLR (Verified Event),25.4384,92.20003,1,1624.4,41.57,229.0,-0.0079,0.07353,4.6,59.29,138.37,256.08,11.46,0.424,0.381,0.809,-8.53,-18.7,-10.17,0.08,0.375,0.65,0.58,0.92,211.65,5.0,train
APDA-V2-NEG-0768,Spatial Negative Buffer Control,27.56499,88.87584,0,2029.1,0.78,253.0,0.00077,-0.01769,9.25,11.28,24.78,45.46,1.88,0.034,0.031,0.073,-12.84,-20.26,-7.43,0.883,0.88,0.026,0.02,0.183,19.96,3.0,train
APDA-V2-NEG-0846,Spatial Negative Buffer Control,25.16441,92.03636,0,1579.0,8.68,315.0,0.00123,0.01028,6.47,16.1,24.6,63.88,2.68,0.117,0.108,0.259,-14.11,-22.29,-8.18,0.76,0.861,-0.03,-0.127,0.137,41.48,1.0,train
APDA-V2-POS-0779,NASA COOLR (Verified Event),25.30954,91.71494,1,1477.8,39.83,228.0,-0.03331,0.03597,5.77,35.0,171.87,259.48,7.08,0.468,0.448,0.987,-9.09,-16.42,-7.33,0.375,0.392,0.423,0.224,0.889,239.12,5.0,train
APDA-V2-NEG-0803,Spatial Negative Buffer Control,25.72497,90.82191,0,621.6,2.89,179.0,0.01504,-0.0198,6.55,22.96,35.33,70.85,3.83,0.192,0.177,0.406,-14.28,-18.84,-4.56,0.675,0.88,0.013,-0.057,0.48,37.81,1.0,train
APDA-V2-POS-0135,NASA COOLR (Verified Event),24.83752,92.80223,1,812.3,52.53,42.2,-0.03814,0.04443,4.16,78.88,200.58,331.46,12.34,0.465,0.418,0.909,-10.46,-16.67,-6.21,0.08,0.48,0.65,0.58,0.866,265.1,5.0,train
APDA-V2-NEG-0805,Spatial Negative Buffer Control,25.32774,92.78943,0,1698.7,2.36,24.7,0.01915,-0.01392,7.53,8.5,29.29,49.08,1.42,0.12,0.11,0.252,-12.55,-16.99,-4.44,0.816,0.797,0.08,-0.111,0.161,31.65,1.0,train
APDA-V2-NEG-0790,Spatial Negative Buffer Control,27.56795,88.3102,0,2016.0,1.65,328.7,-0.00189,0.00221,7.47,0.37,2.52,9.65,0.06,0.198,0.182,0.461,-14.65,-21.55,-6.91,0.741,0.55,-0.099,0.074,0.48,4.52,2.0,train
APDA-V2-POS-0093,NASA COOLR (Verified Event),24.83201,92.79944,1,1210.3,32.08,234.0,-0.07159,0.06779,5.9,86.37,254.95,348.57,20.01,0.414,0.378,0.786,-8.75,-16.4,-7.64,0.377,0.384,0.568,0.58,0.75,325.64,5.0,train
APDA-V2-NEG-0765,Spatial Negative Buffer Control,25.0538,92.65204,0,1364.8,2.89,191.3,-0.00224,0.02176,7.83,19.69,26.88,44.84,3.28,0.125,0.115,0.268,-14.8,-25.45,-10.65,0.76,0.876,-0.206,-0.025,0.185,20.99,2.0,train
APDA-V2-NEG-0154,Spatial Negative Buffer Control,25.46019,92.79148,0,1025.7,8.05,175.7,-0.01142,0.00824,6.69,12.56,24.98,57.0,2.09,0.233,0.214,0.491,-14.56,-19.25,-4.69,0.639,0.864,0.15,0.072,0.36,29.46,1.0,train
APDA-V2-NEG-0052,Spatial Negative Buffer Control,26.52982,91.60441,0,1786.7,11.61,281.7,0.00293,0.01238,5.95,0.21,11.93,30.85,0.04,0.167,0.153,0.361,-13.2,-25.11,-11.92,0.847,0.802,0.108,-0.055,0.417,15.97,1.0,train
APDA-V2-POS-0642,NASA COOLR (Verified Event),27.68543,88.58018,1,2417.6,31.52,190.9,-0.02655,0.0278,6.23,101.65,258.29,409.63,19.37,0.352,0.314,0.68,-6.82,-14.82,-8.01,0.376,0.48,0.65,0.404,0.926,330.79,5.0,train
APDA-V2-NEG-0037,Spatial Negative Buffer Control,27.74148,92.17016,0,2997.0,9.14,346.7,0.00482,0.00986,5.52,14.59,20.24,49.96,2.43,0.179,0.165,0.38,-13.55,-19.02,-5.47,0.45,0.838,-0.014,-0.096,0.185,31.85,1.0,train
APDA-V2-NEG-0616,Spatial Negative Buffer Control,25.57302,92.85572,0,1235.7,6.08,205.1,0.00536,0.00272,7.14,2.01,9.48,38.6,0.34,0.082,0.075,0.18,-13.42,-18.44,-5.02,0.834,0.629,-0.057,-0.011,0.48,16.27,1.0,train
APDA-V2-POS-0864,NASA COOLR (Verified Event),25.75329,91.8999,1,726.8,40.0,215.3,-0.03798,0.02029,5.25,82.14,181.55,355.34,15.35,0.437,0.388,0.858,-6.91,-14.61,-7.7,0.288,0.48,0.65,0.376,0.857,281.22,5.0,train
APDA-V2-NEG-0500,Spatial Negative Buffer Control,27.24405,93.41508,0,1634.3,9.62,162.4,0.01569,-0.00603,6.13,25.86,33.56,70.6,4.31,0.311,0.286,0.677,-18.22,-21.96,-3.74,0.75,0.684,-0.102,-0.185,0.204,33.26,2.0,train
APDA-V2-NEG-0681,Spatial Negative Buffer Control,25.24417,92.43071,0,1337.7,9.69,303.3,0.01097,0.00675,6.44,8.57,29.62,69.45,1.43,0.178,0.164,0.36,-14.28,-21.15,-6.87,0.736,0.634,-0.18,-0.061,0.148,33.57,1.0,train
APDA-V2-POS-0376,NASA COOLR (Verified Event),23.72834,92.71153,1,1358.0,38.12,1.3,-0.11913,0.04432,4.84,66.2,235.11,484.05,12.45,0.358,0.33,0.68,-8.85,-21.71,-12.87,0.42,0.48,0.65,0.545,0.893,372.82,5.0,train
APDA-V2-NEG-0198,Spatial Negative Buffer Control,24.62963,93.04332,0,519.6,0.42,223.6,-0.00589,-0.01315,9.31,8.31,19.13,46.15,1.39,0.071,0.065,0.143,-13.57,-18.16,-4.59,0.92,0.617,-0.186,0.12,0.362,23.59,1.0,train
APDA-V2-POS-0599,NASA COOLR (Verified Event),26.01757,93.41728,1,843.0,29.52,158.2,-0.05367,0.0662,6.58,90.13,155.19,454.73,18.93,0.494,0.448,0.887,-12.18,-16.89,-4.71,0.09,0.177,0.65,0.58,0.936,418.72,4.0,train
APDA-V2-POS-0344,NASA COOLR (Verified Event),25.06616,93.16237,1,1374.7,34.95,184.5,-0.05704,0.06979,5.29,128.34,177.65,382.43,17.66,0.485,0.46,0.977,-13.97,-17.09,-3.12,0.273,0.35,0.65,0.546,0.695,322.64,5.0,train
APDA-V2-NEG-0828,Spatial Negative Buffer Control,25.17223,92.50045,0,1422.5,9.23,45.1,0.00628,0.01153,6.21,7.63,30.6,63.95,1.27,0.199,0.183,0.457,-18.16,-23.63,-5.47,0.92,0.72,-0.25,-0.192,0.158,41.27,2.0,train
APDA-V2-POS-0336,NASA COOLR (Verified Event),27.04115,88.26555,1,1715.6,51.79,166.5,-0.09424,0.02649,5.4,139.35,202.21,305.9,19.4,0.369,0.33,0.68,-10.16,-20.04,-9.87,0.26,0.265,0.575,0.58,0.62,258.58,4.0,train
APDA-V2-NEG-0662,Spatial Negative Buffer Control,25.76111,93.21208,0,705.1,1.06,179.6,-8e-05,0.00134,7.08,0.54,4.46,15.41,0.09,0.049,0.045,0.108,-14.11,-21.01,-6.9,0.92,0.67,0.002,0.045,0.189,9.75,2.0,train
APDA-V2-POS-0291,NASA COOLR (Verified Event),24.79002,93.67946,1,1427.4,26.88,147.5,0.04151,-0.02069,6.73,75.19,208.03,417.68,17.71,0.4,0.359,0.786,-5.66,-15.47,-9.81,0.387,0.137,0.452,0.465,0.87,381.46,5.0,train
APDA-V2-NEG-0050,Spatial Negative Buffer Control,25.30816,92.95599,0,632.9,1.19,170.9,0.0009,0.0068,8.71,0.13,17.74,53.8,0.02,0.159,0.147,0.358,-10.83,-19.19,-8.36,0.87,0.578,-0.04,-0.047,0.079,25.18,1.0,train
APDA-V2-NEG-0638,Spatial Negative Buffer Control,25.46324,92.93869,0,1605.3,8.25,138.1,0.01693,0.00367,6.39,0.51,21.2,39.68,0.08,0.274,0.252,0.588,-18.38,-18.48,-0.1,0.888,0.657,-0.106,-0.166,0.14,18.56,2.0,train
APDA-V2-POS-0380,NASA COOLR (Verified Event),25.3008,91.70827,1,967.0,40.33,300.7,0.00522,0.09097,4.82,103.5,193.51,470.1,18.75,0.401,0.365,0.721,-7.15,-17.33,-10.18,0.198,0.48,0.498,0.58,0.98,430.58,5.0,train
APDA-V2-POS-0085,NASA COOLR (Verified Event),25.53266,91.86604,1,1368.4,41.49,167.8,-0.02794,0.07377,6.23,140.52,327.47,593.41,23.79,0.429,0.386,0.798,-4.15,-9.25,-5.1,0.209,0.284,0.65,0.56,0.924,456.82,4.0,train
APDA-V2-NEG-0422,Spatial Negative Buffer Control,25.55788,91.46032,0,1205.6,3.55,5.3,0.00855,-0.00923,7.17,14.81,26.49,54.78,2.47,0.168,0.155,0.346,-15.51,-18.77,-3.26,0.822,0.778,0.15,-0.01,0.471,32.15,2.0,train
APDA-V2-NEG-0606,Spatial Negative Buffer Control,25.19274,94.02873,0,1745.6,2.31,16.7,0.00054,-0.00195,8.07,8.72,33.32,52.74,1.45,0.1,0.092,0.208,-15.91,-21.94,-6.03,0.45,0.644,-0.056,-0.039,0.107,25.64,2.0,train
APDA-V2-POS-0539,NASA COOLR (Verified Event),27.1943,88.35659,1,2795.0,19.49,80.0,-0.07558,0.05,6.27,37.27,92.38,248.34,9.45,0.399,0.352,0.78,-10.22,-17.12,-6.9,0.42,0.418,0.65,0.58,0.898,207.64,5.0,train
APDA-V2-POS-0655,NASA COOLR (Verified Event),25.43936,92.19079,1,1794.4,48.91,180.8,-0.04082,0.00064,4.34,64.15,231.37,458.28,14.27,0.486,0.439,0.882,-12.15,-14.6,-2.45,0.267,0.305,0.392,0.271,0.62,415.95,5.0,train
APDA-V2-NEG-0036,Spatial Negative Buffer Control,27.00944,92.00362,0,3731.1,2.75,276.1,-0.00111,0.02602,7.5,5.88,27.07,42.94,0.98,0.23,0.212,0.501,-13.53,-24.18,-10.65,0.776,0.88,-0.09,-0.05,0.134,22.12,1.0,train
APDA-V2-NEG-0776,Spatial Negative Buffer Control,25.86544,94.29033,0,1226.4,0.51,278.4,0.00707,0.00478,9.23,11.91,33.0,50.66,1.99,0.116,0.107,0.24,-15.04,-26.83,-11.79,0.581,0.763,-0.144,-0.009,0.416,30.99,2.0,train
APDA-V2-POS-0677,NASA COOLR (Verified Event),25.6028,90.58073,1,604.7,33.72,183.7,-0.0392,0.02712,6.47,65.12,205.14,449.62,11.25,0.387,0.342,0.68,-14.13,-15.96,-1.83,0.42,0.48,0.342,0.571,0.941,362.21,5.0,train
APDA-V2-NEG-0873,Spatial Negative Buffer Control,27.38008,88.35595,0,3682.3,1.17,197.1,0.01781,0.00985,8.1,1.99,23.18,34.16,0.33,0.126,0.116,0.291,-12.31,-21.51,-9.2,0.733,0.767,-0.093,-0.032,0.469,19.71,3.0,train
APDA-V2-NEG-0441,Spatial Negative Buffer Control,27.36257,88.6344,0,3243.2,10.09,220.6,0.01459,0.00461,6.33,10.13,12.37,46.61,1.69,0.216,0.198,0.464,-14.38,-21.46,-7.08,0.603,0.88,-0.024,-0.2,0.219,28.86,2.0,train
APDA-V2-NEG-0456,Spatial Negative Buffer Control,27.77145,92.06937,0,1438.7,1.85,326.2,0.0022,0.00542,6.66,1.85,18.24,35.2,0.31,0.183,0.168,0.416,-14.89,-20.54,-5.65,0.74,0.836,0.072,-0.152,0.154,21.47,2.0,train
APDA-V2-POS-0844,NASA COOLR (Verified Event),25.44074,92.1967,1,1146.1,35.84,191.6,-0.04919,0.0594,5.87,67.81,166.53,227.91,10.9,0.404,0.367,0.741,-10.59,-17.01,-6.42,0.156,0.297,0.599,0.58,0.62,211.09,5.0,train
APDA-V2-POS-0038,NASA COOLR (Verified Event),27.10475,93.61508,1,3061.9,30.44,287.9,-0.0229,0.01522,5.17,67.16,179.9,466.23,13.93,0.446,0.397,0.878,-5.13,-15.82,-10.69,0.42,0.48,0.65,0.58,0.62,417.44,5.0,train
APDA-V2-POS-0534,NASA COOLR (Verified Event),24.82442,92.80319,1,271.0,42.49,212.1,-0.01242,0.05506,5.49,83.12,147.34,425.25,16.13,0.463,0.422,0.941,-6.27,-12.91,-6.63,0.329,0.208,0.65,0.58,0.833,361.39,5.0,train
APDA-V2-POS-0316,NASA COOLR (Verified Event),25.53787,91.87258,1,1679.1,37.13,140.0,-0.08413,-0.01663,5.63,58.01,263.83,389.82,12.32,0.503,0.466,0.957,-9.46,-11.87,-2.41,0.42,0.397,0.65,0.58,0.93,304.81,5.0,train
APDA-V2-POS-0598,NASA COOLR (Verified Event),26.17274,91.75612,1,1582.4,30.54,192.1,-0.06704,0.0584,6.17,68.79,144.93,369.17,11.09,0.415,0.372,0.768,-11.86,-15.31,-3.45,0.378,0.477,0.65,0.58,0.62,297.73,5.0,train
APDA-V2-POS-0002,NASA COOLR (Verified Event),25.30338,91.71488,1,1594.5,29.95,200.3,0.00855,0.05568,6.35,121.75,167.04,415.55,20.79,0.471,0.432,0.878,-6.78,-17.28,-10.5,0.286,0.353,0.65,0.58,0.671,389.96,5.0,train
APDA-V2-NEG-0607,Spatial Negative Buffer Control,23.46639,93.05776,0,324.6,0.46,352.4,-0.00348,-0.00162,9.53,6.79,8.04,16.35,1.13,0.11,0.101,0.229,-11.77,-14.79,-3.01,0.785,0.823,0.15,-0.123,0.205,8.45,2.0,train
APDA-V2-NEG-0376,Spatial Negative Buffer Control,24.03043,92.95192,0,1309.3,4.47,225.5,0.00262,0.01156,7.27,16.16,21.23,45.51,2.69,0.248,0.228,0.543,-20.36,-20.51,-0.15,0.851,0.727,-0.03,-0.154,0.176,29.3,2.0,train
APDA-V2-POS-0694,NASA COOLR (Verified Event),25.53452,91.87114,1,1016.2,18.54,219.1,-0.0936,0.01425,6.07,53.37,218.86,345.23,9.16,0.448,0.407,0.921,-8.97,-16.5,-7.53,0.42,0.292,0.65,0.58,0.783,303.9,5.0,train
APDA-V2-POS-0777,NASA COOLR (Verified Event),27.03651,88.26885,1,3108.2,26.88,180.4,-0.04665,0.03209,5.77,113.91,321.58,472.64,29.89,0.477,0.428,0.865,-9.13,-19.01,-9.88,0.42,0.156,0.65,0.455,0.851,378.07,5.0,train
APDA-V2-NEG-0378,Spatial Negative Buffer Control,27.22347,87.87357,0,3636.8,4.22,115.4,-0.00715,0.003,7.25,0.31,15.0,27.35,0.05,0.134,0.124,0.294,-16.55,-13.99,2.57,0.838,0.798,-0.029,-0.074,0.131,14.15,3.0,train
APDA-V2-NEG-0092,Spatial Negative Buffer Control,25.47018,93.42875,0,1864.4,7.38,185.7,0.00706,0.0051,5.22,0.79,19.67,31.33,0.13,0.205,0.188,0.433,-18.7,-20.05,-1.35,0.636,0.55,-0.148,-0.1,0.388,19.9,1.0,train
APDA-V2-NEG-0362,Spatial Negative Buffer Control,25.45155,90.26093,0,1492.6,9.03,135.6,-0.00027,-0.00427,6.58,8.36,17.2,48.09,1.39,0.152,0.139,0.353,-14.58,-19.16,-4.58,0.814,0.821,0.051,-0.2,0.243,27.44,2.0,train
APDA-V2-NEG-0127,Spatial Negative Buffer Control,25.97785,92.23674,0,1461.5,5.67,119.0,0.01352,-0.00179,5.35,6.58,26.91,54.77,1.1,0.123,0.113,0.289,-13.15,-20.07,-6.92,0.879,0.739,-0.157,-0.027,0.052,35.4,1.0,train
APDA-V2-NEG-0216,Spatial Negative Buffer Control,25.892,91.70796,0,1116.1,4.01,289.5,0.00899,-0.00152,7.56,0.99,12.09,16.76,0.17,0.221,0.203,0.45,-13.56,-17.11,-3.55,0.704,0.88,0.15,-0.054,0.48,10.69,2.0,train
APDA-V2-NEG-0029,Spatial Negative Buffer Control,25.39626,93.5046,0,1168.7,4.62,225.4,-0.00289,-0.01081,6.99,27.0,33.97,64.74,4.5,0.125,0.115,0.296,-11.65,-20.38,-8.73,0.542,0.798,-0.168,-0.116,0.113,36.77,2.0,train
APDA-V2-POS-0571,NASA COOLR (Verified Event),25.44245,92.19123,1,808.9,33.54,209.6,-0.03941,0.0544,6.37,206.53,275.97,363.57,28.88,0.403,0.368,0.802,-16.58,-15.22,1.37,0.238,0.348,0.51,0.432,0.62,287.77,5.0,train
APDA-V2-POS-0049,NASA COOLR (Verified Event),25.19628,93.03253,1,1784.8,36.3,178.5,-0.12582,0.00814,6.41,132.84,340.62,532.05,27.59,0.469,0.428,0.856,-9.05,-14.59,-5.54,0.123,0.27,0.281,0.549,0.885,467.6,4.0,train
APDA-V2-POS-0359,NASA COOLR (Verified Event),25.30487,91.71125,1,1895.9,37.84,199.8,-0.00848,0.02898,6.25,123.81,328.52,618.07,20.83,0.507,0.461,0.922,-8.38,-19.15,-10.78,0.42,0.261,0.413,0.531,0.768,517.95,4.0,train
APDA-V2-NEG-0847,Spatial Negative Buffer Control,25.54713,93.1543,0,705.2,1.13,60.2,0.00316,0.0081,8.01,0.25,1.97,11.14,0.04,0.057,0.052,0.114,-13.92,-20.49,-6.57,0.686,0.783,0.082,-0.192,0.113,4.71,1.0,train
APDA-V2-POS-0390,NASA COOLR (Verified Event),27.6897,88.58496,1,1409.4,44.32,203.1,-0.06747,0.06192,5.53,48.97,98.61,267.57,14.6,0.46,0.411,0.923,-12.06,-9.73,2.33,0.277,0.461,0.586,0.58,0.714,243.64,4.0,train
APDA-V2-NEG-0900,Spatial Negative Buffer Control,24.52835,93.95418,0,1221.1,9.35,122.9,0.01984,0.00428,6.23,16.55,31.52,35.15,2.76,0.175,0.161,0.35,-10.44,-20.91,-10.47,0.817,0.88,-0.144,-0.065,0.273,18.92,1.0,train
APDA-V2-POS-0168,NASA COOLR (Verified Event),27.03928,88.25895,1,2708.7,34.08,170.2,-0.05335,0.03481,6.46,35.0,115.41,361.77,7.2,0.333,0.299,0.68,-12.08,-11.6,0.49,0.392,0.344,0.641,0.58,0.657,333.45,5.0,train
APDA-V2-NEG-0728,Spatial Negative Buffer Control,27.55375,88.65071,0,2574.5,3.51,158.1,0.00105,-0.0027,7.16,1.85,26.2,49.38,0.31,0.129,0.118,0.296,-14.28,-16.13,-1.85,0.643,0.723,0.085,-0.129,0.14,24.84,1.0,train
APDA-V2-NEG-0242,Spatial Negative Buffer Control,25.75672,93.67653,0,944.6,6.99,86.1,0.01091,0.01398,6.81,0.49,0.71,37.63,0.08,0.137,0.126,0.277,-14.98,-19.43,-4.44,0.541,0.55,-0.081,-0.07,0.235,22.56,3.0,train
APDA-V2-NEG-0523,Spatial Negative Buffer Control,23.3465,93.0951,0,541.4,15.29,50.8,0.01676,0.01976,5.31,0.23,1.51,18.51,0.04,0.083,0.077,0.167,-12.48,-19.72,-7.24,0.482,0.792,-0.038,-0.065,0.211,7.56,1.0,train
APDA-V2-POS-0541,NASA COOLR (Verified Event),27.57996,91.87649,1,1849.2,24.0,169.3,-0.06766,0.03587,6.85,109.62,161.34,338.81,20.26,0.456,0.412,0.933,-10.22,-11.24,-1.02,0.297,0.48,0.454,0.58,0.648,314.73,5.0,train
APDA-V2-POS-0719,NASA COOLR (Verified Event),25.59813,90.57816,1,851.7,26.39,214.3,-0.0954,0.01366,5.94,141.53,275.6,436.15,24.52,0.347,0.317,0.68,-13.43,-16.8,-3.37,0.105,0.48,0.65,0.58,0.902,364.09,4.0,train
APDA-V2-POS-0663,NASA COOLR (Verified Event),27.69345,88.5901,1,1763.5,44.93,198.8,-0.04188,0.07338,5.68,74.57,239.9,409.94,12.86,0.344,0.311,0.681,-9.92,-17.26,-7.34,0.42,0.48,0.217,0.438,0.773,337.65,5.0,train
APDA-V2-POS-0800,NASA COOLR (Verified Event),25.2986,91.71503,1,901.7,46.24,175.9,-0.02951,-0.00846,5.96,55.1,260.69,474.58,10.85,0.459,0.414,0.84,-7.78,-12.48,-4.7,0.42,0.46,0.513,0.58,0.783,365.9,4.0,train
APDA-V2-POS-0061,NASA COOLR (Verified Event),23.7325,92.71439,1,1381.8,32.24,221.9,-0.09699,0.05272,6.29,52.68,132.43,261.25,10.55,0.48,0.434,0.932,-9.24,-17.56,-8.31,0.111,0.48,0.563,0.345,0.918,243.72,5.0,train
APDA-V2-NEG-0088,Spatial Negative Buffer Control,25.2954,91.95108,0,779.2,9.47,173.9,-0.01019,0.00152,6.77,7.67,20.71,34.99,1.28,0.161,0.148,0.327,-12.84,-24.53,-11.69,0.609,0.759,-0.158,-0.117,0.384,16.02,1.0,train
APDA-V2-POS-0248,NASA COOLR (Verified Event),27.09628,93.61796,1,1511.7,45.33,220.5,-0.03958,0.03508,6.09,90.55,154.67,452.89,16.9,0.347,0.303,0.68,-11.77,-14.67,-2.91,0.39,0.12,0.555,0.58,0.955,424.24,4.0,train
APDA-V2-POS-0339,NASA COOLR (Verified Event),25.75069,91.90598,1,1145.1,34.67,76.1,-0.04048,0.01396,5.89,63.72,169.91,429.75,13.98,0.429,0.387,0.815,-10.54,-15.02,-4.48,0.282,0.346,0.65,0.419,0.933,389.27,4.0,train
APDA-V2-POS-0378,NASA COOLR (Verified Event),27.04139,88.26208,1,2989.5,34.19,140.1,-0.04196,0.05633,6.38,84.54,170.91,290.87,21.36,0.429,0.392,0.854,-6.1,-16.52,-10.42,0.08,0.211,0.37,0.58,0.842,231.95,5.0,train
APDA-V2-NEG-0397,Spatial Negative Buffer Control,24.00242,93.01243,0,702.1,0.99,70.6,-4e-05,-0.0004,7.7,0.16,14.75,21.18,0.03,0.22,0.203,0.478,-14.13,-24.76,-10.62,0.45,0.726,0.009,-0.051,0.116,9.05,1.0,train
APDA-V2-POS-0103,NASA COOLR (Verified Event),23.73481,92.7187,1,1254.5,37.46,151.5,-0.00316,0.0062,5.73,55.15,219.63,356.38,14.31,0.481,0.441,0.864,-6.11,-17.78,-11.68,0.088,0.48,0.65,0.58,0.837,301.55,4.0,train
APDA-V2-POS-0720,NASA COOLR (Verified Event),25.56984,91.8829,1,1758.0,39.56,207.3,-0.01007,0.07566,5.98,94.84,147.05,266.26,18.99,0.422,0.377,0.831,-12.32,-13.99,-1.67,0.186,0.382,0.604,0.58,0.793,201.7,4.0,train
APDA-V2-POS-0241,NASA COOLR (Verified Event),26.17044,91.755,1,1919.4,43.75,232.7,-0.09028,0.02225,5.18,51.7,132.46,425.28,10.57,0.504,0.462,0.94,-8.39,-14.4,-6.0,0.217,0.389,0.65,0.238,0.62,344.9,5.0,train
APDA-V2-NEG-0258,Spatial Negative Buffer Control,25.33064,92.10409,0,1702.4,8.26,118.3,-0.00843,0.00631,6.53,4.31,14.77,45.92,0.72,0.147,0.135,0.333,-13.62,-23.79,-10.17,0.691,0.762,-0.016,-0.055,0.173,20.06,1.0,train
APDA-V2-POS-0574,NASA COOLR (Verified Event),25.18851,93.01811,1,632.8,23.34,153.5,-0.06813,0.02525,6.7,63.14,231.62,328.3,12.45,0.411,0.367,0.791,-13.46,-16.11,-2.65,0.274,0.324,0.65,0.571,0.809,279.42,5.0,train
APDA-V2-NEG-0357,Spatial Negative Buffer Control,27.23019,88.69491,0,1588.3,3.29,231.9,-0.00456,-0.00191,7.74,4.64,21.71,57.43,0.77,0.361,0.332,0.743,-14.35,-20.21,-5.86,0.613,0.622,-0.129,-0.111,0.305,26.22,3.0,train
APDA-V2-NEG-0860,Spatial Negative Buffer Control,25.9724,94.23328,0,1631.1,9.43,179.2,0.00739,-0.01464,6.46,4.26,12.5,45.72,0.71,0.083,0.076,0.174,-13.06,-22.22,-9.16,0.481,0.712,-0.002,-0.116,0.027,26.24,1.0,train
APDA-V2-POS-0561,NASA COOLR (Verified Event),27.34826,92.41896,1,3719.7,49.26,128.3,-0.09039,0.02979,5.54,151.6,342.27,591.19,24.05,0.347,0.305,0.68,-6.72,-17.23,-10.51,0.21,0.288,0.232,0.478,0.789,527.5,5.0,train
APDA-V2-POS-0866,NASA COOLR (Verified Event),25.59727,90.57878,1,1390.6,43.1,226.6,-0.01424,0.02426,5.51,109.61,253.73,338.42,16.54,0.342,0.307,0.68,-11.08,-16.84,-5.76,0.08,0.48,0.65,0.3,0.736,258.03,5.0,train
APDA-V2-NEG-0845,Spatial Negative Buffer Control,25.79402,90.34599,0,667.6,1.9,359.7,-0.02022,-0.00287,7.37,3.89,25.0,59.49,0.65,0.216,0.199,0.502,-18.05,-21.0,-2.94,0.721,0.772,-0.022,-0.044,0.112,37.65,2.0,train
APDA-V2-POS-0847,NASA COOLR (Verified Event),25.18391,93.01455,1,1418.4,36.28,203.2,-0.03892,0.06808,5.85,65.6,219.07,515.55,11.66,0.495,0.452,0.909,-8.36,-12.49,-4.13,0.42,0.429,0.65,0.505,0.934,487.78,4.0,train
APDA-V2-NEG-0041,Spatial Negative Buffer Control,25.54578,93.9358,0,977.1,5.14,109.9,0.01837,0.00198,7.15,2.11,25.89,46.98,0.35,0.275,0.253,0.62,-16.2,-22.47,-6.27,0.765,0.849,-0.043,-0.042,0.433,30.19,2.0,train
APDA-V2-NEG-0700,Spatial Negative Buffer Control,24.90795,92.74835,0,990.8,1.91,20.7,-0.0054,0.0162,7.92,28.0,42.05,59.33,4.67,0.168,0.155,0.398,-15.69,-16.64,-0.95,0.669,0.73,-0.12,-0.089,0.257,23.8,2.0,train
APDA-V2-POS-0737,NASA COOLR (Verified Event),25.30154,91.72024,1,1130.4,30.49,198.1,-0.06206,0.01575,5.58,126.44,199.43,365.71,31.8,0.336,0.31,0.68,-10.08,-14.99,-4.91,0.149,0.48,0.508,0.471,0.918,304.98,5.0,train
APDA-V2-POS-0815,NASA COOLR (Verified Event),27.09646,93.61363,1,2040.9,33.84,208.7,-0.02064,0.00431,6.39,60.8,206.96,468.25,13.07,0.435,0.385,0.77,-8.59,-16.07,-7.48,0.413,0.48,0.624,0.58,0.945,437.56,4.0,train
APDA-V2-NEG-0297,Spatial Negative Buffer Control,25.3655,91.78122,0,912.5,0.64,31.8,-0.00337,0.00589,8.05,0.62,5.47,33.89,0.1,0.251,0.231,0.583,-14.75,-23.21,-8.45,0.778,0.713,0.029,-0.095,0.48,17.56,2.0,train
APDA-V2-NEG-0239,Spatial Negative Buffer Control,25.4684,93.50099,0,1871.8,9.57,309.8,0.0193,-0.00944,5.67,0.64,10.99,41.69,0.11,0.271,0.249,0.575,-14.68,-22.16,-7.49,0.856,0.793,0.134,-0.174,0.12,20.73,1.0,train
APDA-V2-NEG-0473,Spatial Negative Buffer Control,26.32967,93.14773,0,1295.1,1.42,235.3,-0.00018,0.00452,8.25,22.1,25.06,29.96,3.68,0.218,0.2,0.505,-15.85,-23.83,-7.98,0.795,0.855,-0.1,-0.123,0.28,14.46,2.0,train
APDA-V2-POS-0659,NASA COOLR (Verified Event),25.07398,93.14802,1,1772.7,41.59,204.7,-0.04751,0.07672,5.64,173.56,268.87,339.59,27.57,0.417,0.385,0.784,-8.47,-16.46,-7.99,0.148,0.48,0.439,0.58,0.712,307.0,4.0,train
APDA-V2-POS-0563,NASA COOLR (Verified Event),27.08972,93.61979,1,3499.7,32.58,154.6,-0.06357,0.03616,6.43,103.83,269.44,526.99,18.73,0.516,0.478,0.954,-9.9,-14.59,-4.68,0.273,0.376,0.65,0.552,0.788,441.17,5.0,train
APDA-V2-NEG-0872,Spatial Negative Buffer Control,25.89038,93.63831,0,951.6,0.09,118.4,0.02202,0.00618,8.75,10.42,29.03,55.11,1.74,0.281,0.258,0.602,-16.26,-22.16,-5.9,0.692,0.552,0.148,-0.097,0.108,35.19,2.0,train
APDA-V2-NEG-0309,Spatial Negative Buffer Control,27.63735,92.5947,0,3560.4,4.17,233.7,0.01004,0.01577,5.78,4.98,18.86,37.84,0.83,0.083,0.077,0.167,-11.44,-21.67,-10.23,0.542,0.55,-0.184,-0.099,0.184,24.22,1.0,train
APDA-V2-NEG-0722,Spatial Negative Buffer Control,24.85688,92.72044,0,943.1,6.17,250.2,0.00419,-0.00424,6.52,4.23,16.4,55.73,0.7,0.137,0.126,0.284,-17.11,-23.54,-6.43,0.66,0.804,-0.083,-0.037,0.355,23.99,3.0,train
APDA-V2-POS-0274,NASA COOLR (Verified Event),25.54002,91.87838,1,629.9,47.48,138.4,0.00642,0.01729,5.43,125.78,198.6,434.41,27.94,0.368,0.334,0.68,-12.17,-17.17,-5.0,0.42,0.48,0.501,0.493,0.899,332.29,4.0,train
APDA-V2-POS-0818,NASA COOLR (Verified Event),25.67374,94.10218,1,833.3,31.09,234.8,-0.00776,0.03696,5.91,124.79,199.33,333.16,29.73,0.392,0.348,0.68,-10.05,-16.06,-6.01,0.42,0.311,0.593,0.58,0.873,257.76,5.0,train
APDA-V2-NEG-0104,Spatial Negative Buffer Control,25.81853,93.73472,0,1272.5,1.62,164.4,-0.01565,0.00943,7.08,5.25,29.64,55.24,0.88,0.235,0.216,0.478,-14.56,-24.92,-10.36,0.45,0.783,0.055,-0.135,0.319,26.17,2.0,train
APDA-V2-POS-0304,NASA COOLR (Verified Event),26.16703,91.75941,1,1606.8,33.76,148.4,-0.057,-0.02368,6.37,41.95,103.31,232.73,10.08,0.42,0.389,0.764,-10.72,-13.17,-2.45,0.2,0.48,0.578,0.58,0.819,185.6,5.0,train
APDA-V2-NEG-0582,Spatial Negative Buffer Control,27.76708,92.11058,0,1958.8,1.61,249.1,0.00753,0.01229,7.78,3.51,4.88,40.4,0.58,0.31,0.286,0.628,-14.53,-17.58,-3.05,0.784,0.663,-0.056,-0.168,0.399,16.75,1.0,train
APDA-V2-POS-0752,NASA COOLR (Verified Event),27.09922,93.61785,1,1527.5,40.48,230.2,-0.06014,0.04542,5.55,112.17,160.62,373.39,29.84,0.37,0.331,0.68,-8.54,-15.26,-6.72,0.336,0.331,0.457,0.548,0.778,331.36,5.0,train
APDA-V2-NEG-0888,Spatial Negative Buffer Control,25.84676,92.24819,0,1366.5,4.13,331.0,0.00767,-0.00891,6.96,8.58,12.27,41.12,1.43,0.093,0.086,0.188,-14.32,-19.33,-5.02,0.676,0.781,-0.073,0.006,0.332,17.97,2.0,train
APDA-V2-POS-0095,NASA COOLR (Verified Event),26.01294,93.42601,1,1456.8,33.51,151.9,-0.01647,0.01043,6.1,91.28,215.3,471.63,17.54,0.377,0.336,0.764,-8.31,-10.84,-2.53,0.284,0.365,0.57,0.58,0.805,364.19,5.0,train
APDA-V2-POS-0100,NASA COOLR (Verified Event),27.59327,91.86756,1,3100.6,41.1,163.5,0.00272,0.05978,4.83,116.13,270.97,435.84,29.42,0.36,0.319,0.695,-8.46,-15.83,-7.37,0.26,0.48,0.602,0.58,0.62,361.16,5.0,train
APDA-V2-POS-0022,NASA COOLR (Verified Event),25.53491,91.86377,1,1711.6,49.17,161.1,0.00713,0.05425,5.54,47.06,251.32,340.18,7.5,0.447,0.405,0.867,-12.77,-16.16,-3.39,0.365,0.48,0.536,0.58,0.667,318.39,5.0,train
APDA-V2-POS-0133,NASA COOLR (Verified Event),25.18066,93.01811,1,910.1,29.97,117.1,-0.08569,0.03991,6.56,64.13,269.9,366.01,16.48,0.504,0.454,0.903,-9.95,-12.79,-2.84,0.42,0.378,0.65,0.58,0.62,292.42,5.0,train
APDA-V2-NEG-0489,Spatial Negative Buffer Control,25.19882,92.2743,0,1721.8,5.46,105.2,-0.00013,-0.00012,6.21,5.09,19.55,38.32,0.85,0.067,0.062,0.137,-12.8,-26.31,-13.51,0.854,0.88,-0.25,-0.041,0.469,21.77,1.0,train
APDA-V2-NEG-0670,Spatial Negative Buffer Control,23.93915,92.84258,0,1083.3,6.46,252.9,-0.00937,0.01378,6.25,0.18,5.62,43.79,0.03,0.153,0.141,0.329,-12.23,-17.31,-5.08,0.45,0.88,-0.042,-0.141,0.038,19.95,1.0,train
APDA-V2-POS-0303,NASA COOLR (Verified Event),24.8287,92.80029,1,1005.0,32.75,171.4,-0.0586,0.03724,5.62,36.31,192.76,306.89,9.65,0.374,0.334,0.68,-9.55,-13.83,-4.28,0.42,0.468,0.55,0.563,0.899,276.67,5.0,train
APDA-V2-NEG-0813,Spatial Negative Buffer Control,26.93253,92.29377,0,615.8,0.28,43.8,-0.01513,-0.00531,8.43,1.53,17.22,36.22,0.25,0.078,0.072,0.159,-16.13,-22.88,-6.75,0.834,0.88,0.099,0.008,0.415,19.72,1.0,train
APDA-V2-POS-0296,NASA COOLR (Verified Event),25.30246,91.71062,1,1522.1,40.84,179.7,-0.03867,0.03156,4.86,39.65,165.48,410.66,7.82,0.343,0.314,0.715,-7.42,-15.7,-8.28,0.173,0.27,0.65,0.58,0.659,336.26,5.0,train
APDA-V2-NEG-0714,Spatial Negative Buffer Control,27.19503,87.98359,0,3027.1,4.26,47.1,-0.01465,-0.00197,7.51,16.79,32.09,60.57,2.8,0.105,0.096,0.247,-15.89,-22.59,-6.71,0.749,0.643,-0.151,-0.183,0.312,33.54,2.0,train
APDA-V2-NEG-0890,Spatial Negative Buffer Control,25.34729,92.8903,0,663.8,1.21,59.8,-0.00894,-0.00193,8.32,19.61,32.54,39.55,3.27,0.14,0.129,0.326,-14.96,-22.16,-7.21,0.754,0.698,-0.205,-0.131,0.224,24.81,2.0,train
APDA-V2-POS-0809,NASA COOLR (Verified Event),26.01381,93.41894,1,746.5,36.15,221.3,-0.09755,0.04489,5.99,82.9,263.2,528.36,22.52,0.333,0.302,0.68,-11.63,-21.08,-9.44,0.092,0.338,0.65,0.58,0.731,396.83,5.0,train
APDA-V2-NEG-0317,Spatial Negative Buffer Control,25.01258,91.58707,0,1933.7,16.0,322.5,0.00797,-0.00293,6.17,4.05,8.06,43.39,0.68,0.127,0.117,0.293,-11.34,-19.24,-7.9,0.765,0.729,-0.217,-0.041,0.075,27.35,3.0,train
APDA-V2-NEG-0240,Spatial Negative Buffer Control,25.14297,92.45039,0,1684.0,1.72,349.7,0.0034,0.01374,8.23,0.72,15.06,28.58,0.12,0.243,0.224,0.512,-18.04,-20.37,-2.33,0.748,0.88,0.035,-0.168,0.264,16.46,1.0,train
APDA-V2-NEG-0044,Spatial Negative Buffer Control,25.61426,91.27675,0,1051.7,8.04,163.5,0.00385,-0.02817,6.84,9.27,27.53,40.77,1.55,0.058,0.053,0.119,-11.21,-24.81,-13.59,0.608,0.687,-0.129,-0.039,0.371,26.49,2.0,train
APDA-V2-NEG-0316,Spatial Negative Buffer Control,25.1235,92.23055,0,667.9,3.67,13.6,0.00101,0.00497,6.11,4.27,20.29,53.13,0.71,0.093,0.085,0.203,-14.11,-23.42,-9.31,0.639,0.588,-0.104,-0.13,0.102,21.41,2.0,train
APDA-V2-POS-0760,NASA COOLR (Verified Event),25.44414,92.20101,1,1026.7,32.64,186.1,-0.10658,0.03665,5.51,94.66,192.5,245.33,23.94,0.399,0.369,0.839,-15.68,-18.39,-2.71,0.42,0.48,0.65,0.502,0.658,209.22,5.0,train
APDA-V2-POS-0557,NASA COOLR (Verified Event),26.00867,93.42032,1,1054.5,44.75,211.1,-0.02151,-0.00937,5.23,35.82,219.81,420.51,11.78,0.332,0.306,0.68,-10.74,-12.05,-1.31,0.348,0.419,0.553,0.437,0.795,358.62,4.0,train
APDA-V2-POS-0593,NASA COOLR (Verified Event),25.60014,90.58577,1,1468.6,40.2,202.3,-0.02534,0.04573,4.99,97.57,197.24,401.22,16.64,0.376,0.341,0.712,-9.77,-16.31,-6.54,0.08,0.48,0.65,0.372,0.62,341.62,5.0,train
APDA-V2-NEG-0695,Spatial Negative Buffer Control,25.71157,91.40481,0,977.9,2.22,197.1,0.01275,0.0268,8.16,0.6,16.21,20.51,0.1,0.249,0.229,0.522,-12.81,-22.22,-9.41,0.579,0.857,-0.172,-0.032,0.088,10.96,3.0,train
APDA-V2-NEG-0273,Spatial Negative Buffer Control,26.90868,87.96446,0,946.9,4.92,295.1,-0.00167,0.00481,6.58,2.25,8.49,45.56,0.37,0.39,0.359,0.819,-12.23,-22.55,-10.32,0.746,0.742,0.041,-0.039,0.379,24.23,1.0,train
APDA-V2-NEG-0399,Spatial Negative Buffer Control,26.65109,88.39021,0,643.1,12.72,271.6,-0.00072,0.00335,4.9,6.32,25.36,54.15,1.05,0.174,0.16,0.41,-14.66,-19.06,-4.4,0.62,0.88,-0.067,-0.145,0.441,26.75,2.0,train
APDA-V2-POS-0027,NASA COOLR (Verified Event),25.56647,91.88184,1,1624.7,48.07,196.6,-0.05217,0.04012,5.01,75.8,194.26,390.75,15.14,0.414,0.382,0.805,-4.91,-13.32,-8.4,0.42,0.404,0.509,0.58,0.706,341.75,4.0,train
APDA-V2-NEG-0564,Spatial Negative Buffer Control,24.3628,93.29059,0,848.3,2.41,84.0,0.00354,-0.0041,6.92,12.31,24.82,36.41,2.05,0.111,0.102,0.229,-16.06,-20.76,-4.7,0.831,0.55,-0.028,-0.129,0.401,16.32,2.0,train
APDA-V2-NEG-0383,Spatial Negative Buffer Control,25.80782,90.22683,0,783.9,16.0,111.7,-0.00743,8e-05,5.66,8.66,10.92,39.0,1.44,0.172,0.158,0.363,-11.23,-19.68,-8.45,0.885,0.861,0.071,-0.137,0.413,21.3,2.0,train
APDA-V2-POS-0622,NASA COOLR (Verified Event),27.32828,88.61383,1,1664.0,30.95,154.0,-0.09263,0.05132,5.25,113.36,241.94,466.56,24.59,0.377,0.344,0.684,-8.28,-18.95,-10.67,0.42,0.31,0.551,0.385,0.664,407.43,5.0,train
APDA-V2-POS-0034,NASA COOLR (Verified Event),27.33217,88.61102,1,1521.8,41.36,161.2,-0.01064,0.03141,4.84,151.07,300.41,437.43,36.41,0.394,0.351,0.741,-11.47,-14.72,-3.26,0.383,0.48,0.356,0.502,0.62,369.1,5.0,train
APDA-V2-POS-0559,NASA COOLR (Verified Event),27.33378,88.61412,1,3582.5,41.83,173.1,-0.04467,0.04689,5.52,35.0,107.39,180.44,9.76,0.465,0.415,0.888,-8.96,-10.4,-1.44,0.08,0.48,0.65,0.58,0.92,161.85,4.0,train
APDA-V2-NEG-0850,Spatial Negative Buffer Control,26.59893,91.95978,0,1752.6,2.34,34.1,0.00743,-0.00097,7.57,0.82,5.69,14.73,0.14,0.194,0.178,0.391,-13.27,-17.93,-4.66,0.861,0.752,0.15,-0.175,0.257,9.23,2.0,train
APDA-V2-NEG-0138,Spatial Negative Buffer Control,27.51204,88.30017,0,2775.0,1.1,299.3,-0.0066,0.01128,8.02,12.99,30.83,40.46,2.17,0.165,0.151,0.368,-15.5,-19.68,-4.19,0.467,0.783,-0.061,-0.056,0.381,25.8,2.0,train
APDA-V2-NEG-0308,Spatial Negative Buffer Control,26.88464,88.49343,0,1683.2,5.84,292.2,0.00631,0.0015,6.16,2.55,9.58,21.55,0.43,0.071,0.065,0.157,-20.11,-19.6,0.51,0.668,0.835,0.084,-0.144,0.413,9.35,1.0,train
APDA-V2-POS-0727,NASA COOLR (Verified Event),27.32698,88.60986,1,3060.5,33.7,206.9,-0.05716,-0.00163,6.24,48.97,137.79,298.44,12.43,0.505,0.453,0.908,-10.1,-14.11,-4.01,0.309,0.48,0.42,0.58,0.968,263.11,5.0,train
APDA-V2-POS-0650,NASA COOLR (Verified Event),25.67782,94.11744,1,640.0,32.46,154.7,-0.07966,0.00645,6.54,94.9,215.9,446.63,19.36,0.424,0.384,0.768,-11.87,-17.09,-5.22,0.08,0.329,0.65,0.544,0.715,379.13,4.0,train
APDA-V2-POS-0467,NASA COOLR (Verified Event),25.6054,90.58622,1,909.2,30.31,188.4,-0.05668,0.01602,5.9,83.11,229.06,307.91,23.74,0.405,0.364,0.761,-6.49,-16.41,-9.93,0.08,0.253,0.538,0.58,0.731,249.96,5.0,train
APDA-V2-POS-0151,NASA COOLR (Verified Event),25.44408,92.19646,1,644.5,31.78,77.4,-0.08083,0.03655,6.52,67.4,132.34,216.97,10.96,0.354,0.317,0.707,-5.41,-20.52,-15.12,0.232,0.272,0.231,0.58,0.62,201.09,4.0,train
APDA-V2-POS-0757,NASA COOLR (Verified Event),25.53982,91.86717,1,829.3,40.87,135.9,-0.09299,0.02893,5.21,62.22,264.9,494.33,14.16,0.354,0.31,0.68,-7.64,-11.26,-3.62,0.288,0.48,0.65,0.478,0.781,441.47,5.0,train
APDA-V2-POS-0314,NASA COOLR (Verified Event),25.67849,94.11107,1,1581.1,36.65,219.1,0.01046,0.07506,5.1,103.94,228.46,511.29,16.65,0.352,0.324,0.68,-9.63,-15.3,-5.67,0.175,0.295,0.65,0.58,0.667,399.94,4.0,train
APDA-V2-POS-0709,NASA COOLR (Verified Event),27.58553,91.86067,1,2909.6,44.8,115.8,-0.01779,0.0888,6.03,52.84,148.07,247.01,12.95,0.34,0.307,0.68,-9.68,-15.29,-5.6,0.08,0.226,0.65,0.474,0.92,201.51,5.0,train
APDA-V2-POS-0462,NASA COOLR (Verified Event),27.03449,88.26733,1,2457.5,34.55,204.0,-0.03936,0.0113,6.35,108.67,226.94,449.49,18.3,0.449,0.409,0.913,-6.14,-14.62,-8.48,0.42,0.395,0.65,0.484,0.663,408.0,5.0,train
APDA-V2-NEG-0280,Spatial Negative Buffer Control,25.41261,93.16473,0,1132.2,4.49,96.2,-0.01364,-0.0015,5.6,17.91,36.46,72.7,2.98,0.258,0.238,0.567,-12.33,-18.06,-5.73,0.841,0.803,0.044,-0.117,0.359,42.89,3.0,train
APDA-V2-NEG-0829,Spatial Negative Buffer Control,25.9644,91.95202,0,777.4,1.47,179.1,-0.00183,0.00562,8.58,7.76,11.26,21.24,1.29,0.177,0.163,0.374,-11.14,-22.33,-11.19,0.45,0.675,0.073,0.011,0.245,12.19,2.0,train
APDA-V2-NEG-0819,Spatial Negative Buffer Control,27.19024,87.90256,0,3196.6,9.56,295.3,-0.02275,-0.00451,6.11,7.65,26.69,34.83,1.28,0.119,0.11,0.245,-10.79,-21.22,-10.43,0.709,0.612,0.045,-0.161,0.413,18.44,1.0,train
APDA-V2-NEG-0480,Spatial Negative Buffer Control,25.05773,93.3598,0,876.4,4.95,310.8,0.00173,0.00041,6.82,7.88,32.64,59.4,1.31,0.019,0.017,0.043,-16.65,-19.81,-3.15,0.805,0.694,0.106,-0.061,0.319,25.85,2.0,train
APDA-V2-POS-0693,NASA COOLR (Verified Event),27.03317,88.25969,1,1755.6,30.25,231.6,-0.00592,0.01587,6.25,72.96,158.24,379.38,12.76,0.35,0.316,0.68,-10.4,-19.62,-9.23,0.135,0.397,0.547,0.416,0.753,290.19,5.0,train
APDA-V2-POS-0391,NASA COOLR (Verified Event),27.33714,88.60962,1,3793.8,44.64,164.9,-0.05527,0.00837,5.18,89.65,279.04,449.65,20.06,0.445,0.394,0.811,-6.99,-11.37,-4.38,0.103,0.286,0.65,0.58,0.89,383.74,5.0,train
APDA-V2-POS-0480,NASA COOLR (Verified Event),24.79027,93.68512,1,415.3,33.09,170.4,-0.04322,0.06699,6.48,77.51,212.89,292.35,12.22,0.388,0.345,0.68,-9.2,-14.63,-5.42,0.118,0.354,0.601,0.58,0.864,228.07,5.0,train
APDA-V2-NEG-0412,Spatial Negative Buffer Control,27.50831,88.2397,0,2508.9,1.39,206.9,-0.00471,0.00372,8.65,0.67,14.66,25.92,0.11,0.12,0.11,0.275,-11.76,-21.58,-9.82,0.685,0.713,-0.006,-0.2,0.125,14.94,1.0,train
APDA-V2-NEG-0151,Spatial Negative Buffer Control,25.7021,92.40524,0,675.8,12.03,313.4,-0.01821,-0.00958,5.92,3.08,23.78,61.33,0.51,0.242,0.223,0.576,-12.11,-18.91,-6.8,0.883,0.88,-0.099,0.007,0.095,36.01,1.0,train
APDA-V2-POS-0630,NASA COOLR (Verified Event),27.04192,88.26001,1,2689.9,34.55,267.5,-0.05276,0.05043,4.88,83.95,156.86,246.02,15.77,0.427,0.379,0.845,-9.69,-16.35,-6.66,0.42,0.222,0.571,0.554,0.939,190.35,4.0,train
APDA-V2-NEG-0320,Spatial Negative Buffer Control,25.79676,90.44017,0,1232.3,13.72,51.3,-0.01399,-0.00314,5.87,22.15,33.9,55.63,3.69,0.303,0.279,0.608,-15.69,-22.93,-7.25,0.69,0.55,0.08,0.12,0.114,32.17,1.0,train
APDA-V2-NEG-0887,Spatial Negative Buffer Control,25.7376,90.37896,0,1924.2,2.08,21.7,0.01664,0.00054,7.06,1.01,4.14,42.68,0.17,0.154,0.142,0.332,-15.41,-22.94,-7.52,0.735,0.88,-0.065,-0.123,0.246,21.68,2.0,train
APDA-V2-NEG-0225,Spatial Negative Buffer Control,27.16404,92.60915,0,1841.5,6.09,338.1,0.00603,0.00855,7.1,11.79,15.31,35.63,1.97,0.06,0.055,0.126,-16.43,-19.48,-3.06,0.7,0.55,-0.194,-0.134,0.097,22.33,2.0,train
APDA-V2-NEG-0623,Spatial Negative Buffer Control,26.90335,88.49901,0,993.1,12.06,55.0,0.00618,0.00947,6.2,8.34,11.13,32.1,1.39,0.168,0.155,0.365,-14.09,-20.48,-6.39,0.724,0.739,-0.233,0.12,0.39,16.87,1.0,train
APDA-V2-POS-0853,NASA COOLR (Verified Event),27.3297,88.61712,1,1938.4,35.98,202.3,-0.05248,0.07415,4.86,83.48,280.72,492.86,22.32,0.359,0.322,0.681,-7.28,-12.72,-5.44,0.136,0.12,0.65,0.517,0.73,411.86,4.0,train
APDA-V2-POS-0060,NASA COOLR (Verified Event),24.77961,93.67908,1,999.6,32.98,323.9,-0.04408,0.00253,6.49,65.27,164.75,302.04,10.68,0.456,0.41,0.829,-10.61,-13.21,-2.6,0.101,0.276,0.49,0.427,0.62,277.56,5.0,train
APDA-V2-POS-0610,NASA COOLR (Verified Event),25.52961,91.86806,1,674.9,30.39,232.2,-0.07252,0.01995,5.47,48.48,172.24,226.5,14.37,0.386,0.341,0.68,-10.49,-14.36,-3.87,0.08,0.48,0.362,0.58,0.62,213.71,5.0,train
APDA-V2-POS-0205,NASA COOLR (Verified Event),27.58621,91.8602,1,1614.6,32.72,223.5,-0.02806,-4e-05,5.57,45.91,119.31,212.06,10.12,0.402,0.359,0.778,-11.18,-18.51,-7.33,0.42,0.233,0.349,0.58,0.62,185.98,4.0,train
APDA-V2-POS-0097,NASA COOLR (Verified Event),27.32763,88.61186,1,2733.5,30.29,173.0,-0.02117,0.03468,6.41,114.62,212.95,372.74,27.95,0.472,0.431,0.903,-8.46,-17.77,-9.32,0.177,0.48,0.455,0.58,0.863,339.45,5.0,train
APDA-V2-NEG-0677,Spatial Negative Buffer Control,25.86568,90.9766,0,1348.6,10.23,28.5,-0.00044,-0.00583,6.72,6.97,27.39,64.32,1.16,0.21,0.193,0.429,-10.87,-20.86,-9.99,0.754,0.82,-0.195,-0.157,0.278,32.3,2.0,train
APDA-V2-POS-0388,NASA COOLR (Verified Event),26.16852,91.76196,1,1131.9,27.86,161.3,-0.02346,-0.02461,5.85,153.31,339.48,531.52,26.28,0.458,0.412,0.866,-9.53,-12.83,-3.3,0.261,0.416,0.65,0.397,0.862,493.75,5.0,train
APDA-V2-POS-0671,NASA COOLR (Verified Event),25.67429,94.11166,1,1633.1,45.58,192.5,-0.01823,0.01221,5.78,73.87,280.87,519.05,11.29,0.333,0.305,0.681,-6.67,-11.19,-4.52,0.42,0.48,0.65,0.299,0.763,444.92,4.0,train
APDA-V2-NEG-0231,Spatial Negative Buffer Control,27.40107,88.14135,0,2972.7,15.3,32.7,0.00961,0.0079,6.2,2.41,2.76,21.29,0.4,0.289,0.266,0.629,-13.47,-16.42,-2.95,0.55,0.819,0.016,-0.107,0.319,8.91,1.0,train
APDA-V2-POS-0172,NASA COOLR (Verified Event),25.44196,92.19696,1,1693.3,35.0,158.0,-0.01953,0.04406,5.13,52.35,121.61,365.66,11.69,0.379,0.346,0.68,-7.65,-13.98,-6.33,0.222,0.48,0.65,0.58,0.93,304.96,4.0,train
APDA-V2-POS-0532,NASA COOLR (Verified Event),25.18416,93.01949,1,1401.4,33.58,111.3,-0.04645,0.04244,5.41,110.03,265.68,550.67,22.45,0.425,0.393,0.857,-9.26,-14.2,-4.93,0.118,0.419,0.507,0.485,0.683,460.9,5.0,train
APDA-V2-POS-0407,NASA COOLR (Verified Event),25.07302,93.15305,1,1473.3,38.29,168.0,0.04744,0.03766,5.22,54.6,111.31,249.6,14.19,0.403,0.373,0.732,-10.15,-13.39,-3.24,0.339,0.48,0.357,0.417,0.892,211.83,5.0,train
APDA-V2-POS-0255,NASA COOLR (Verified Event),25.75153,91.90479,1,1186.4,27.7,155.7,-0.089,0.04136,6.17,71.33,191.87,437.76,18.43,0.459,0.418,0.938,-7.03,-13.73,-6.7,0.229,0.261,0.65,0.343,0.89,338.54,5.0,train
APDA-V2-POS-0478,NASA COOLR (Verified Event),27.5867,91.87129,1,3123.7,38.33,192.6,-0.0389,0.07055,4.98,111.11,306.68,602.6,20.03,0.342,0.312,0.68,-8.37,-16.23,-7.86,0.42,0.432,0.65,0.58,0.899,538.7,5.0,train
APDA-V2-NEG-0035,Spatial Negative Buffer Control,26.91652,88.20823,0,1833.9,4.64,209.5,0.00525,0.00159,6.91,3.47,23.99,37.31,0.58,0.192,0.176,0.429,-11.03,-24.43,-13.4,0.917,0.834,-0.175,-0.109,0.121,16.06,1.0,train
APDA-V2-NEG-0410,Spatial Negative Buffer Control,26.18074,93.29285,0,1291.8,10.15,9.4,0.0163,0.0055,6.5,9.88,23.49,44.53,1.65,0.127,0.116,0.28,-14.99,-23.05,-8.06,0.825,0.88,-0.007,0.089,0.057,21.3,2.0,train
APDA-V2-NEG-0416,Spatial Negative Buffer Control,26.69047,93.27466,0,1784.2,3.17,21.5,0.00068,0.01248,7.83,8.04,10.95,37.83,1.34,0.08,0.074,0.168,-15.53,-17.19,-1.66,0.545,0.614,0.078,-0.156,0.053,15.99,1.0,train
APDA-V2-POS-0674,NASA COOLR (Verified Event),25.29467,91.71644,1,1430.5,32.38,158.2,-0.0188,0.04517,6.32,69.71,182.27,342.41,12.51,0.448,0.416,0.906,-7.78,-17.53,-9.76,0.42,0.48,0.65,0.58,0.704,308.26,5.0,train
APDA-V2-POS-0662,NASA COOLR (Verified Event),26.0109,93.41974,1,657.4,46.59,174.6,-0.02798,0.02534,5.62,35.0,160.32,326.58,13.25,0.44,0.404,0.835,-10.85,-14.24,-3.4,0.08,0.48,0.65,0.339,0.778,299.95,4.0,train
APDA-V2-NEG-0187,Spatial Negative Buffer Control,23.96371,92.53314,0,1197.2,2.34,335.4,0.00666,0.01908,7.34,5.46,26.48,58.79,0.91,0.186,0.171,0.374,-9.6,-16.88,-7.28,0.574,0.88,-0.064,-0.2,0.306,31.59,2.0,train
APDA-V2-NEG-0610,Spatial Negative Buffer Control,25.91826,92.22125,0,1199.8,0.17,251.4,-0.00268,-0.0028,9.13,0.68,9.61,38.68,0.11,0.354,0.326,0.778,-13.6,-20.05,-6.45,0.753,0.81,-0.223,-0.124,0.246,18.42,2.0,train
APDA-V2-POS-0810,NASA COOLR (Verified Event),27.68643,88.58445,1,3580.7,27.24,182.0,-0.0146,0.0444,6.18,63.05,128.27,191.72,12.19,0.469,0.419,0.84,-9.37,-13.06,-3.7,0.205,0.429,0.613,0.58,0.908,166.11,4.0,train
APDA-V2-NEG-0368,Spatial Negative Buffer Control,26.13522,93.57687,0,1100.0,0.62,340.2,-0.00281,-0.0087,9.5,22.91,25.68,33.68,3.82,0.276,0.254,0.608,-11.24,-20.62,-9.38,0.848,0.688,-0.017,-0.162,0.219,18.68,1.0,train
APDA-V2-NEG-0283,Spatial Negative Buffer Control,26.3431,91.39437,0,926.8,0.56,335.4,0.0022,0.0108,9.47,1.99,7.89,37.21,0.33,0.106,0.098,0.234,-8.82,-24.04,-15.22,0.674,0.87,0.073,0.079,0.146,18.8,1.0,train
APDA-V2-POS-0148,NASA COOLR (Verified Event),25.52944,91.86722,1,748.7,47.31,239.2,-0.02247,0.0524,4.51,44.29,241.65,422.03,14.53,0.433,0.396,0.826,-10.94,-13.97,-3.03,0.263,0.358,0.489,0.454,0.62,378.45,5.0,train
APDA-V2-POS-0269,NASA COOLR (Verified Event),27.09882,93.61407,1,2846.0,29.97,169.5,-0.09327,0.03646,5.11,82.32,226.05,294.52,19.35,0.445,0.402,0.88,-7.3,-13.94,-6.64,0.42,0.48,0.65,0.515,0.915,263.82,5.0,train
APDA-V2-POS-0474,NASA COOLR (Verified Event),27.68868,88.57918,1,3507.1,29.98,330.2,-0.00364,0.05079,6.15,153.78,272.76,373.64,22.95,0.393,0.345,0.725,-5.6,-14.97,-9.37,0.161,0.466,0.65,0.58,0.891,291.81,4.0,train
APDA-V2-POS-0170,NASA COOLR (Verified Event),25.30155,91.71284,1,1098.9,37.62,210.0,-0.02016,0.06721,6.23,100.02,226.66,448.42,17.46,0.412,0.363,0.804,-11.08,-15.2,-4.12,0.366,0.39,0.438,0.416,0.713,341.27,4.0,train
APDA-V2-POS-0187,NASA COOLR (Verified Event),23.7328,92.71555,1,1238.3,35.81,210.5,-0.01307,0.00107,5.82,61.68,256.94,513.62,11.27,0.383,0.341,0.68,-10.26,-18.92,-8.66,0.1,0.245,0.65,0.58,0.783,404.08,4.0,train
APDA-V2-NEG-0755,Spatial Negative Buffer Control,26.09289,94.44585,0,1887.4,6.31,280.6,0.00338,0.00809,6.78,0.58,17.47,20.7,0.1,0.144,0.132,0.299,-16.94,-20.25,-3.31,0.92,0.88,-0.053,-0.187,0.48,10.53,2.0,train
APDA-V2-NEG-0415,Spatial Negative Buffer Control,27.26939,92.2297,0,2776.7,0.33,231.0,0.02214,0.00695,9.59,1.37,9.97,30.89,0.23,0.141,0.13,0.305,-12.64,-20.84,-8.19,0.818,0.716,-0.025,-0.2,0.165,17.55,1.0,train
APDA-V2-NEG-0226,Spatial Negative Buffer Control,27.79763,92.25175,0,2711.0,9.41,184.0,-0.00122,0.00645,5.34,7.96,22.55,41.23,1.33,0.102,0.094,0.218,-13.77,-20.03,-6.26,0.802,0.866,-0.028,-0.1,0.375,25.28,1.0,train
APDA-V2-POS-0082,NASA COOLR (Verified Event),23.73387,92.71571,1,711.2,39.91,163.7,-0.03292,0.05691,6.17,62.62,233.45,358.37,16.82,0.382,0.34,0.705,-10.83,-15.23,-4.4,0.42,0.414,0.65,0.58,0.705,313.96,4.0,train
APDA-V2-POS-0041,NASA COOLR (Verified Event),25.67268,94.12132,1,936.3,33.16,220.6,-0.01678,0.03839,6.34,63.74,188.16,430.21,12.18,0.417,0.379,0.772,-6.36,-14.65,-8.29,0.147,0.401,0.65,0.364,0.749,350.16,4.0,train
APDA-V2-POS-0282,NASA COOLR (Verified Event),24.82876,92.80202,1,703.6,48.63,162.5,-0.06222,0.05736,4.42,65.29,174.07,411.09,19.77,0.353,0.317,0.68,-11.35,-14.48,-3.13,0.131,0.48,0.427,0.304,0.701,329.12,5.0,train
APDA-V2-NEG-0101,Spatial Negative Buffer Control,27.33185,94.02742,0,3426.8,2.43,322.8,0.0062,0.00147,8.08,20.28,29.3,59.1,3.38,0.133,0.122,0.31,-12.49,-22.01,-9.52,0.777,0.853,-0.115,-0.031,0.084,35.67,1.0,train
APDA-V2-POS-0440,NASA COOLR (Verified Event),25.67341,94.11397,1,1330.2,21.38,214.9,-0.04794,0.04903,5.79,40.09,223.23,497.45,13.28,0.343,0.31,0.68,-11.21,-17.85,-6.64,0.42,0.472,0.53,0.348,0.765,460.57,5.0,train
APDA-V2-NEG-0208,Spatial Negative Buffer Control,23.91042,92.99705,0,1226.5,1.68,238.8,0.00472,0.01055,7.74,0.55,19.17,54.89,0.09,0.264,0.243,0.546,-15.92,-20.76,-4.84,0.752,0.55,-0.089,-0.044,0.388,33.73,3.0,train
APDA-V2-NEG-0447,Spatial Negative Buffer Control,25.30043,92.00874,0,1769.1,13.24,43.4,0.01106,0.02323,5.32,0.26,8.26,32.91,0.04,0.221,0.203,0.466,-12.12,-19.45,-7.33,0.565,0.823,0.12,-0.047,0.022,13.21,1.0,train
APDA-V2-POS-0608,NASA COOLR (Verified Event),25.66882,94.11052,1,1259.2,37.0,180.2,-0.05618,-0.00643,6.15,61.72,118.97,187.82,12.76,0.343,0.31,0.68,-9.89,-12.47,-2.58,0.42,0.283,0.406,0.58,0.98,152.22,5.0,train
APDA-V2-NEG-0831,Spatial Negative Buffer Control,28.14033,88.44377,0,2187.7,7.27,55.1,-0.00047,-0.01128,6.8,1.65,7.29,38.56,0.27,0.2,0.184,0.436,-15.77,-20.88,-5.11,0.45,0.88,-0.141,-0.12,0.034,21.23,2.0,train
APDA-V2-POS-0136,NASA COOLR (Verified Event),26.1682,91.75648,1,1465.9,38.46,155.5,0.041,0.05329,6.25,67.84,266.09,398.35,10.72,0.373,0.343,0.767,-8.54,-15.27,-6.73,0.101,0.354,0.65,0.58,0.972,342.14,5.0,train
APDA-V2-POS-0393,NASA COOLR (Verified Event),27.35018,92.41714,1,2513.3,36.43,331.5,-0.03045,-0.02429,5.43,126.3,330.39,565.05,24.92,0.461,0.417,0.829,-6.84,-12.2,-5.36,0.341,0.31,0.65,0.467,0.62,454.71,5.0,train
APDA-V2-NEG-0097,Spatial Negative Buffer Control,26.88351,88.88496,0,1811.3,5.34,349.2,-0.00777,0.02255,7.14,9.65,18.61,25.43,1.61,0.23,0.212,0.527,-12.36,-19.84,-7.48,0.65,0.758,-0.09,0.026,0.459,14.19,2.0,train
APDA-V2-NEG-0599,Spatial Negative Buffer Control,25.65942,93.62823,0,1588.7,5.15,119.2,-0.00367,5e-05,5.89,0.83,16.82,45.95,0.14,0.111,0.102,0.243,-15.79,-18.9,-3.1,0.861,0.88,-0.045,0.025,0.163,28.01,2.0,train
APDA-V2-NEG-0137,Spatial Negative Buffer Control,25.6901,93.27657,0,958.2,2.38,67.3,-0.00611,-0.0161,7.33,2.48,26.86,53.96,0.41,0.124,0.114,0.248,-15.73,-20.46,-4.73,0.607,0.559,-0.049,-0.092,0.48,34.47,2.0,train
APDA-V2-POS-0055,NASA COOLR (Verified Event),27.32974,88.62022,1,3085.7,34.98,245.9,-0.05646,0.02777,6.13,48.33,182.41,297.36,13.75,0.479,0.431,0.899,-9.44,-14.82,-5.38,0.384,0.149,0.466,0.404,0.763,240.95,4.0,train
APDA-V2-POS-0508,NASA COOLR (Verified Event),25.44099,92.20068,1,605.4,32.66,167.9,-0.00542,0.0019,5.36,71.87,206.03,324.33,18.58,0.432,0.39,0.835,-10.33,-16.96,-6.63,0.374,0.48,0.604,0.58,0.682,281.76,4.0,train
APDA-V2-POS-0145,NASA COOLR (Verified Event),23.73253,92.7206,1,744.1,37.3,163.8,-0.0439,0.05251,5.01,128.9,279.98,576.66,18.83,0.386,0.346,0.68,-13.07,-14.74,-1.66,0.262,0.354,0.65,0.514,0.723,450.69,5.0,train
APDA-V2-NEG-0815,Spatial Negative Buffer Control,27.23754,93.4329,0,1429.3,0.55,239.8,-0.00094,0.02127,9.59,12.09,26.87,60.93,2.02,0.286,0.263,0.576,-12.54,-23.38,-10.84,0.546,0.787,0.15,-0.13,0.168,30.56,2.0,train
APDA-V2-POS-0785,NASA COOLR (Verified Event),25.06588,93.16026,1,1468.9,37.05,60.6,-0.03454,0.02978,6.17,40.92,203.25,442.23,10.42,0.354,0.321,0.68,-4.78,-15.17,-10.38,0.144,0.48,0.65,0.58,0.716,361.76,5.0,train
APDA-V2-POS-0251,NASA COOLR (Verified Event),25.67448,94.10876,1,661.4,28.57,228.7,-0.03288,0.03246,5.01,65.91,265.89,533.83,16.86,0.515,0.475,0.927,-13.59,-15.31,-1.72,0.24,0.216,0.325,0.416,0.867,427.68,5.0,train
APDA-V2-POS-0716,NASA COOLR (Verified Event),25.29785,91.70456,1,910.2,40.38,232.8,-0.12442,0.06502,5.56,60.11,130.3,250.55,11.36,0.417,0.37,0.812,-10.17,-13.03,-2.87,0.188,0.322,0.65,0.58,0.911,227.37,5.0,train
APDA-V2-NEG-0733,Spatial Negative Buffer Control,23.49511,92.8568,0,905.8,1.94,200.7,-0.0122,-0.00301,7.78,7.16,15.43,42.47,1.19,0.128,0.118,0.302,-14.52,-21.43,-6.91,0.92,0.776,0.021,-0.023,0.152,25.6,2.0,train
APDA-V2-NEG-0485,Spatial Negative Buffer Control,25.55523,91.50413,0,1674.9,0.57,28.0,0.00689,0.01479,9.35,4.24,24.21,39.85,0.71,0.164,0.151,0.36,-13.88,-15.59,-1.72,0.614,0.623,-0.132,-0.098,0.164,21.06,2.0,train
APDA-V2-POS-0245,NASA COOLR (Verified Event),27.18457,88.35594,1,1975.7,39.8,219.9,-0.0989,0.01316,6.09,84.13,146.94,370.87,20.03,0.408,0.376,0.755,-6.55,-12.62,-6.07,0.42,0.48,0.53,0.395,0.754,317.63,5.0,train
APDA-V2-POS-0793,NASA COOLR (Verified Event),27.58307,91.85889,1,3643.3,41.03,212.1,0.0054,0.00699,5.94,133.59,261.05,492.23,25.87,0.354,0.308,0.691,-11.52,-15.51,-3.99,0.08,0.48,0.65,0.58,0.687,404.12,4.0,train
APDA-V2-POS-0345,NASA COOLR (Verified Event),24.83774,92.80649,1,271.7,32.11,167.0,-0.04765,0.03495,5.73,76.5,281.65,431.29,16.25,0.351,0.307,0.68,-6.86,-13.22,-6.36,0.42,0.44,0.65,0.445,0.686,369.25,5.0,train
APDA-V2-NEG-0685,Spatial Negative Buffer Control,26.89152,88.87927,0,769.1,5.1,296.7,-0.0053,0.01125,6.87,11.47,21.11,51.91,1.91,0.33,0.304,0.721,-17.5,-20.59,-3.09,0.753,0.617,0.047,-0.024,0.429,21.58,1.0,train
APDA-V2-POS-0193,NASA COOLR (Verified Event),25.43677,92.19321,1,1621.6,39.69,208.2,-0.03149,0.0249,5.48,56.75,254.78,320.95,13.32,0.444,0.4,0.892,-12.91,-14.8,-1.88,0.08,0.34,0.65,0.58,0.742,299.7,5.0,train
APDA-V2-POS-0822,NASA COOLR (Verified Event),25.7518,91.90913,1,908.4,44.4,231.3,-0.04512,0.02657,4.85,73.1,119.69,368.38,14.48,0.487,0.438,0.867,-8.7,-13.33,-4.63,0.222,0.136,0.632,0.58,0.871,298.92,4.0,train
APDA-V2-POS-0089,NASA COOLR (Verified Event),25.59714,90.58464,1,1658.0,28.72,190.2,-0.07079,0.04028,6.0,100.83,245.07,303.01,14.96,0.35,0.317,0.68,-5.83,-15.95,-10.12,0.127,0.4,0.65,0.5,0.819,249.25,4.0,train
APDA-V2-NEG-0199,Spatial Negative Buffer Control,26.39843,91.34227,0,814.4,0.07,57.7,-0.00829,-0.01416,9.7,1.77,9.58,25.68,0.3,0.146,0.135,0.323,-11.83,-19.28,-7.45,0.849,0.644,-0.084,-0.152,0.295,13.61,3.0,train
APDA-V2-NEG-0703,Spatial Negative Buffer Control,26.35416,92.13654,0,813.9,0.79,356.3,0.00134,0.03183,8.95,6.48,14.41,18.33,1.08,0.128,0.117,0.262,-12.18,-18.83,-6.66,0.831,0.809,-0.088,-0.188,0.339,11.39,3.0,train
APDA-V2-NEG-0521,Spatial Negative Buffer Control,26.72721,93.97038,0,1307.7,8.23,14.8,-0.01872,0.0031,6.24,1.28,11.44,29.87,0.21,0.219,0.202,0.468,-14.65,-24.25,-9.6,0.45,0.801,-0.15,-0.113,0.248,12.64,1.0,train
APDA-V2-NEG-0736,Spatial Negative Buffer Control,25.78104,92.1263,0,1451.0,5.79,277.7,-0.00034,0.0104,7.21,11.77,30.54,53.78,1.96,0.132,0.121,0.312,-12.01,-20.79,-8.77,0.596,0.55,0.004,-0.088,0.067,31.03,1.0,train
APDA-V2-NEG-0322,Spatial Negative Buffer Control,25.51469,92.8739,0,1342.0,1.19,82.1,0.00299,0.0074,8.75,4.64,15.43,43.33,0.77,0.124,0.114,0.266,-14.55,-17.7,-3.14,0.743,0.818,-0.062,-0.157,0.182,21.75,3.0,train
APDA-V2-NEG-0650,Spatial Negative Buffer Control,25.80194,93.95273,0,1001.8,16.0,223.4,6e-05,0.00503,5.49,0.8,19.79,52.54,0.13,0.07,0.065,0.151,-12.33,-20.93,-8.6,0.791,0.834,-0.16,-0.069,0.348,23.71,1.0,train
APDA-V2-POS-0852,NASA COOLR (Verified Event),27.69735,88.58489,1,3229.6,34.36,173.6,-0.0015,0.04739,5.19,50.41,157.0,413.35,14.41,0.377,0.342,0.68,-6.83,-17.15,-10.33,0.08,0.12,0.442,0.246,0.748,344.73,5.0,train
APDA-V2-NEG-0853,Spatial Negative Buffer Control,27.04285,88.81366,0,3588.8,8.69,336.2,-0.00056,0.0015,6.18,5.17,26.97,54.93,0.86,0.104,0.096,0.214,-11.6,-17.34,-5.73,0.915,0.729,0.12,-0.023,0.379,31.32,1.0,train
APDA-V2-NEG-0315,Spatial Negative Buffer Control,26.72149,88.39812,0,703.1,2.06,188.7,-0.01365,0.00368,8.16,10.91,15.3,52.36,1.82,0.156,0.144,0.332,-6.87,-22.85,-15.98,0.828,0.73,-0.117,-0.16,0.303,23.3,1.0,train
APDA-V2-NEG-0401,Spatial Negative Buffer Control,25.08278,91.37208,0,1008.2,4.65,343.9,0.00057,-0.00845,6.7,10.45,31.5,53.59,1.74,0.159,0.147,0.325,-11.3,-20.04,-8.74,0.54,0.816,0.104,-0.185,0.208,23.38,1.0,train
APDA-V2-POS-0180,NASA COOLR (Verified Event),27.69596,88.58149,1,3769.3,28.18,146.6,-0.0334,0.03152,6.45,64.63,273.12,563.15,13.13,0.41,0.369,0.767,-10.9,-12.34,-1.44,0.235,0.265,0.65,0.58,0.778,510.26,5.0,train
APDA-V2-POS-0620,NASA COOLR (Verified Event),26.01318,93.42738,1,1093.6,41.74,168.2,-0.01069,0.03975,5.08,100.84,171.52,285.49,20.94,0.478,0.437,0.944,-5.57,-15.26,-9.69,0.115,0.247,0.65,0.305,0.955,216.89,5.0,train
APDA-V2-NEG-0026,Spatial Negative Buffer Control,25.30952,90.76804,0,1696.7,0.56,355.3,-0.00398,0.00489,9.6,9.53,15.19,34.7,1.59,0.174,0.16,0.401,-13.75,-18.5,-4.75,0.614,0.73,-0.106,0.023,0.311,14.9,1.0,train
APDA-V2-POS-0015,NASA COOLR (Verified Event),27.35341,92.41495,1,2679.2,42.29,239.0,-0.03403,0.01147,5.31,61.99,172.05,224.36,13.67,0.429,0.387,0.78,-8.14,-17.29,-9.15,0.156,0.263,0.65,0.412,0.8,191.5,5.0,train
APDA-V2-NEG-0834,Spatial Negative Buffer Control,27.6755,92.56525,0,1746.0,2.24,232.8,-0.00452,-0.02451,7.93,1.45,23.49,56.63,0.24,0.117,0.108,0.243,-14.73,-21.25,-6.51,0.626,0.72,0.121,0.001,0.303,24.37,2.0,train
APDA-V2-NEG-0418,Spatial Negative Buffer Control,23.93027,92.27318,0,491.4,10.61,110.8,-0.00442,-0.01071,4.98,10.9,18.94,25.39,1.82,0.255,0.235,0.592,-13.33,-20.51,-7.19,0.92,0.55,0.006,-0.02,0.052,16.02,2.0,train
APDA-V2-NEG-0065,Spatial Negative Buffer Control,25.69093,92.07354,0,1614.3,2.92,112.6,-0.01922,0.00441,7.87,3.04,18.73,56.05,0.51,0.184,0.17,0.417,-15.45,-19.77,-4.32,0.526,0.852,-0.049,-0.081,0.12,24.43,1.0,train
APDA-V2-POS-0114,NASA COOLR (Verified Event),24.84263,92.80254,1,565.1,32.33,197.6,-0.0827,-0.01494,6.57,89.9,225.79,468.27,13.87,0.464,0.421,0.828,-5.05,-22.03,-16.98,0.329,0.324,0.549,0.498,0.84,441.86,4.0,train
APDA-V2-NEG-0143,Spatial Negative Buffer Control,27.36092,93.32257,0,1761.6,1.32,87.6,0.00042,0.0047,8.45,4.16,5.84,9.61,0.69,0.319,0.293,0.681,-12.3,-25.63,-13.33,0.619,0.827,-0.042,-0.07,0.422,4.95,2.0,train
APDA-V2-POS-0110,NASA COOLR (Verified Event),25.60452,90.59183,1,1833.2,24.91,213.1,-0.04091,0.00383,6.65,79.74,132.64,426.78,19.61,0.404,0.372,0.843,-13.12,-15.2,-2.07,0.15,0.23,0.65,0.578,0.91,355.38,4.0,train
APDA-V2-POS-0337,NASA COOLR (Verified Event),25.54541,91.86836,1,1237.5,30.73,211.2,-0.09144,0.03778,6.0,112.59,222.39,403.42,15.16,0.419,0.372,0.76,-10.92,-15.75,-4.83,0.42,0.402,0.65,0.58,0.698,318.48,5.0,train
APDA-V2-NEG-0710,Spatial Negative Buffer Control,26.85313,93.90669,0,906.7,5.17,266.0,-0.0065,-0.0034,6.27,3.19,8.41,10.76,0.53,0.066,0.06,0.142,-16.33,-17.72,-1.38,0.661,0.855,-0.119,-0.036,0.13,6.7,1.0,train
APDA-V2-NEG-0683,Spatial Negative Buffer Control,26.19362,93.07626,0,1909.3,5.12,228.7,-0.00098,0.01136,6.55,5.73,27.36,57.65,0.95,0.119,0.11,0.251,-14.19,-22.68,-8.48,0.45,0.839,-0.077,-0.2,0.138,32.17,3.0,train
APDA-V2-NEG-0125,Spatial Negative Buffer Control,25.54991,93.87887,0,1543.0,5.02,343.1,-0.01483,-0.00691,6.96,28.0,31.06,52.55,4.67,0.012,0.011,0.028,-14.31,-19.75,-5.44,0.793,0.55,0.026,-0.156,0.117,33.77,2.0,train
APDA-V2-NEG-0533,Spatial Negative Buffer Control,24.80226,93.51282,0,1291.6,0.2,147.9,-0.00939,-0.00654,9.06,0.4,22.98,26.62,0.07,0.071,0.065,0.157,-12.81,-19.71,-6.9,0.901,0.585,-0.007,-0.158,0.174,11.58,2.0,train
APDA-V2-POS-0432,NASA COOLR (Verified Event),27.68709,88.58472,1,1814.9,39.53,209.4,-0.0005,-0.00086,5.0,127.09,294.87,585.26,18.2,0.343,0.305,0.68,-10.62,-13.05,-2.42,0.104,0.48,0.65,0.18,0.62,515.05,4.0,train
APDA-V2-NEG-0070,Spatial Negative Buffer Control,25.38067,93.20796,0,1844.3,7.46,196.2,-0.00048,0.00908,6.95,3.79,24.8,30.33,0.63,0.074,0.068,0.176,-21.72,-19.4,2.32,0.639,0.55,-0.032,-0.094,0.381,18.95,2.0,train
APDA-V2-POS-0150,NASA COOLR (Verified Event),25.75358,91.91032,1,1851.9,43.16,219.8,-0.0255,0.04186,5.49,93.14,244.11,328.33,15.14,0.378,0.332,0.685,-9.84,-13.63,-3.8,0.42,0.48,0.545,0.58,0.897,298.15,5.0,train
APDA-V2-POS-0564,NASA COOLR (Verified Event),24.78273,93.68697,1,314.9,31.88,199.1,-0.05322,-0.00945,6.58,49.5,117.31,351.8,11.51,0.369,0.333,0.68,-10.7,-16.09,-5.39,0.42,0.285,0.65,0.297,0.681,322.5,5.0,train
APDA-V2-NEG-0743,Spatial Negative Buffer Control,24.80308,93.51465,0,517.4,16.0,156.4,-0.00602,-0.02315,5.38,2.8,3.55,16.49,0.47,0.215,0.198,0.433,-13.94,-19.36,-5.42,0.857,0.641,-0.095,0.015,0.395,7.1,2.0,train
APDA-V2-POS-0870,NASA COOLR (Verified Event),24.83988,92.80751,1,896.4,43.54,186.9,-0.01764,0.00118,6.0,47.91,214.35,425.12,10.4,0.427,0.395,0.854,-12.01,-13.82,-1.81,0.188,0.21,0.65,0.58,0.63,374.31,5.0,train
APDA-V2-NEG-0423,Spatial Negative Buffer Control,25.34932,92.08471,0,974.4,3.88,74.5,0.01515,0.0142,6.31,0.36,12.34,45.57,0.06,0.164,0.151,0.341,-13.42,-19.75,-6.33,0.92,0.758,-0.091,-0.126,0.204,23.8,1.0,train
APDA-V2-NEG-0075,Spatial Negative Buffer Control,27.26678,88.93701,0,1474.7,0.04,336.7,0.00628,0.00605,7.93,5.23,17.98,37.7,0.87,0.201,0.185,0.424,-12.01,-22.15,-10.13,0.779,0.758,-0.11,-0.2,0.262,16.9,1.0,train
APDA-V2-NEG-0799,Spatial Negative Buffer Control,25.24545,92.12539,0,1732.5,0.49,350.7,-0.00399,0.02024,8.53,7.08,27.58,55.61,1.18,0.08,0.074,0.188,-14.82,-21.84,-7.01,0.92,0.832,-0.116,-0.049,0.141,28.42,1.0,train
APDA-V2-POS-0646,NASA COOLR (Verified Event),27.58379,91.86337,1,2428.2,36.31,188.2,-0.04307,0.03657,6.33,107.88,228.97,496.38,18.12,0.365,0.318,0.723,-10.67,-19.18,-8.51,0.08,0.476,0.65,0.348,0.733,419.6,5.0,train
APDA-V2-NEG-0885,Spatial Negative Buffer Control,25.32663,92.02615,0,994.0,0.24,97.8,-0.01579,-0.00023,9.54,0.63,10.19,27.24,0.1,0.187,0.172,0.414,-15.22,-16.35,-1.13,0.659,0.775,-0.18,-0.174,0.145,16.2,1.0,train
APDA-V2-POS-0581,NASA COOLR (Verified Event),27.18718,88.35192,1,1504.0,26.27,268.2,-0.03774,0.04742,6.76,63.71,160.72,247.7,10.56,0.42,0.375,0.733,-10.1,-24.5,-14.4,0.29,0.453,0.535,0.58,0.903,207.93,5.0,train
APDA-V2-NEG-0008,Spatial Negative Buffer Control,24.73785,93.55307,0,1415.2,4.08,331.5,0.01534,-0.0011,6.31,0.19,24.31,63.37,0.03,0.073,0.067,0.148,-13.69,-21.15,-7.46,0.632,0.88,-0.137,-0.058,0.089,38.46,3.0,train
APDA-V2-POS-0493,NASA COOLR (Verified Event),26.16779,91.75412,1,1843.9,41.31,216.3,-0.01061,0.04404,4.85,55.94,241.23,362.08,15.56,0.451,0.4,0.861,-9.09,-18.78,-9.69,0.331,0.48,0.428,0.58,0.714,318.72,5.0,train
APDA-V2-POS-0040,NASA COOLR (Verified Event),23.7357,92.71076,1,668.8,34.34,169.5,-0.08976,0.01206,5.75,70.27,219.97,458.34,18.37,0.448,0.41,0.822,-10.46,-15.64,-5.18,0.261,0.251,0.65,0.58,0.634,369.67,4.0,train
APDA-V2-NEG-0810,Spatial Negative Buffer Control,27.82437,88.35604,0,2214.7,6.74,179.8,0.00234,0.00694,6.48,11.71,17.47,56.24,1.95,0.219,0.202,0.473,-16.8,-14.91,1.88,0.92,0.879,-0.049,-0.03,0.13,29.11,1.0,train
APDA-V2-NEG-0090,Spatial Negative Buffer Control,25.14161,92.1054,0,784.8,6.04,236.1,0.01394,-0.00476,6.74,1.93,15.93,40.15,0.32,0.133,0.122,0.308,-19.04,-13.44,5.6,0.85,0.795,-0.084,-0.184,0.033,22.3,1.0,train
APDA-V2-POS-0848,NASA COOLR (Verified Event),25.07548,93.15119,1,1760.7,26.65,229.4,-0.03146,0.01726,6.03,52.72,142.8,314.26,13.4,0.477,0.427,0.905,-9.64,-12.52,-2.87,0.167,0.48,0.65,0.58,0.853,239.11,5.0,train
APDA-V2-NEG-0770,Spatial Negative Buffer Control,27.62075,88.76269,0,3706.3,3.2,119.1,-0.00657,0.0108,6.02,1.83,25.53,57.75,0.3,0.296,0.272,0.685,-15.25,-21.47,-6.22,0.755,0.873,-0.099,0.025,0.164,28.55,1.0,train
APDA-V2-POS-0893,NASA COOLR (Verified Event),26.01094,93.41929,1,1426.4,30.77,206.4,-0.02768,0.05753,6.12,52.44,98.6,357.2,14.85,0.366,0.33,0.68,-9.01,-15.59,-6.58,0.245,0.12,0.473,0.58,0.659,270.82,5.0,train
APDA-V2-POS-0124,NASA COOLR (Verified Event),23.7288,92.72331,1,1340.2,36.68,214.5,-0.01452,0.07752,5.9,103.42,173.91,378.47,19.81,0.356,0.329,0.68,-5.19,-11.61,-6.42,0.394,0.301,0.541,0.492,0.951,291.91,4.0,train
APDA-V2-POS-0147,NASA COOLR (Verified Event),27.03508,88.26357,1,3176.2,28.09,216.4,-0.06422,-0.04681,6.72,80.13,288.88,517.14,21.56,0.441,0.405,0.797,-9.38,-15.29,-5.91,0.42,0.48,0.65,0.58,0.775,458.58,5.0,train
APDA-V2-POS-0153,NASA COOLR (Verified Event),25.57004,91.8847,1,1191.7,29.59,167.9,-0.06131,-0.01267,5.34,60.63,241.93,317.73,10.23,0.413,0.376,0.771,-12.29,-14.35,-2.05,0.37,0.308,0.65,0.535,0.922,271.91,5.0,train
APDA-V2-NEG-0371,Spatial Negative Buffer Control,26.83878,87.98451,0,1569.2,6.19,65.6,0.00063,-0.00272,5.66,0.16,24.5,56.92,0.03,0.113,0.104,0.258,-12.36,-22.47,-10.11,0.895,0.88,0.031,-0.006,0.031,23.75,1.0,train
APDA-V2-POS-0728,NASA COOLR (Verified Event),27.18454,88.35972,1,1498.1,30.07,228.1,-0.02071,0.06684,6.47,155.75,234.61,484.22,26.81,0.457,0.41,0.849,-6.9,-19.58,-12.67,0.158,0.48,0.635,0.58,0.93,404.78,4.0,train
APDA-V2-POS-0851,NASA COOLR (Verified Event),26.01862,93.42582,1,1932.5,39.45,161.7,-0.06701,0.01594,4.6,218.95,413.4,580.56,48.79,0.409,0.366,0.733,-7.12,-19.17,-12.05,0.149,0.291,0.65,0.58,0.621,446.25,4.0,train
APDA-V2-NEG-0512,Spatial Negative Buffer Control,24.7594,93.57108,0,1181.1,2.0,104.5,0.01011,0.00613,7.97,4.31,22.32,25.67,0.72,0.328,0.302,0.759,-10.99,-25.15,-14.15,0.744,0.88,0.011,-0.099,0.146,11.7,1.0,train
APDA-V2-POS-0781,NASA COOLR (Verified Event),25.44841,92.19145,1,1815.5,31.68,194.9,-0.06154,0.00206,6.58,116.36,319.03,429.48,18.69,0.462,0.429,0.945,-9.46,-16.28,-6.82,0.248,0.32,0.65,0.58,0.62,334.16,5.0,train
APDA-V2-NEG-0445,Spatial Negative Buffer Control,25.14978,92.60654,0,1258.3,1.67,239.9,-0.00833,0.02296,6.7,2.96,26.12,53.19,0.49,0.231,0.212,0.468,-15.19,-19.91,-4.72,0.625,0.594,-0.016,-0.127,0.171,29.75,2.0,train
APDA-V2-NEG-0785,Spatial Negative Buffer Control,24.88677,92.7168,0,821.3,0.29,355.0,-0.0036,0.00096,9.71,0.99,15.13,33.3,0.16,0.231,0.212,0.496,-12.89,-21.97,-9.07,0.637,0.55,-0.072,-0.045,0.145,16.41,3.0,train
APDA-V2-NEG-0282,Spatial Negative Buffer Control,25.06167,93.06017,0,653.3,3.65,219.0,-0.00849,-0.00926,6.44,8.37,26.43,45.24,1.39,0.073,0.067,0.162,-17.42,-19.08,-1.66,0.684,0.875,0.119,0.066,0.359,20.6,3.0,train
APDA-V2-POS-0162,NASA COOLR (Verified Event),27.35309,92.41521,1,2415.8,40.2,141.0,-0.0391,0.03834,4.79,86.97,195.25,453.79,14.91,0.481,0.434,0.874,-11.33,-19.07,-7.74,0.42,0.38,0.65,0.58,0.721,382.96,5.0,train
APDA-V2-NEG-0279,Spatial Negative Buffer Control,25.967,92.15066,0,1512.3,5.63,281.9,0.0085,0.00122,7.06,0.31,0.82,20.35,0.05,0.062,0.057,0.131,-11.85,-21.83,-9.99,0.623,0.88,-0.048,-0.131,0.213,12.46,1.0,train
APDA-V2-NEG-0581,Spatial Negative Buffer Control,26.90893,88.75304,0,707.7,5.93,324.9,0.00126,-0.00807,6.18,5.45,8.14,32.89,0.91,0.223,0.205,0.505,-13.65,-16.57,-2.92,0.647,0.591,-0.065,-0.117,0.12,14.54,1.0,train
APDA-V2-POS-0644,NASA COOLR (Verified Event),27.18226,88.3542,1,2799.4,32.24,90.4,-0.04068,0.01634,6.46,50.22,99.19,343.77,12.47,0.391,0.355,0.738,-10.17,-15.87,-5.7,0.107,0.48,0.645,0.58,0.662,308.0,5.0,train
APDA-V2-POS-0084,NASA COOLR (Verified Event),27.03753,88.26022,1,1538.0,34.32,238.8,-0.06212,0.02837,5.63,123.71,185.63,402.11,26.21,0.435,0.394,0.857,-12.39,-18.34,-5.95,0.403,0.352,0.604,0.482,0.901,372.26,5.0,train
APDA-V2-NEG-0304,Spatial Negative Buffer Control,25.97578,91.5133,0,852.2,5.8,253.4,0.01098,-0.00752,6.21,1.73,12.57,46.45,0.29,0.269,0.247,0.606,-14.1,-24.42,-10.32,0.876,0.849,-0.106,0.052,0.162,20.89,2.0,train
APDA-V2-NEG-0347,Spatial Negative Buffer Control,25.59352,93.80771,0,637.2,0.21,142.4,0.01403,0.01329,8.73,28.0,32.16,35.71,4.67,0.159,0.147,0.342,-14.48,-16.42,-1.94,0.716,0.861,-0.134,0.084,0.128,19.99,1.0,train
APDA-V2-NEG-0396,Spatial Negative Buffer Control,24.93223,93.8377,0,566.1,16.0,78.2,0.01831,0.0019,5.71,4.89,23.6,44.78,0.82,0.243,0.223,0.502,-14.82,-24.95,-10.13,0.839,0.801,-0.09,-0.094,0.446,20.78,1.0,train
APDA-V2-POS-0681,NASA COOLR (Verified Event),24.83178,92.79623,1,841.4,34.37,208.0,-0.02116,0.04129,5.1,90.53,227.11,318.26,17.78,0.366,0.334,0.695,-9.7,-17.25,-7.55,0.42,0.48,0.371,0.477,0.804,242.78,5.0,train
APDA-V2-NEG-0046,Spatial Negative Buffer Control,25.82387,92.45245,0,783.1,5.32,317.4,-0.00656,-0.00062,6.14,4.11,13.5,27.61,0.68,0.179,0.165,0.388,-13.16,-21.14,-7.98,0.45,0.566,-0.103,-0.085,0.188,15.72,3.0,train
APDA-V2-NEG-0808,Spatial Negative Buffer Control,26.49741,91.54252,0,1052.3,7.97,258.0,0.00745,0.00086,6.41,0.46,0.54,17.87,0.08,0.12,0.11,0.263,-10.74,-24.77,-14.03,0.654,0.689,0.029,-0.196,0.421,9.18,1.0,train
APDA-V2-NEG-0866,Spatial Negative Buffer Control,25.26425,90.79318,0,784.0,2.9,278.8,-0.00601,-0.01675,7.71,13.94,29.65,59.84,2.32,0.275,0.253,0.621,-12.16,-19.51,-7.35,0.841,0.88,0.061,-0.004,0.161,29.51,1.0,train
APDA-V2-NEG-0577,Spatial Negative Buffer Control,26.47724,92.11235,0,1611.3,2.91,246.9,-0.00857,0.00868,7.88,3.4,27.52,34.84,0.57,0.208,0.191,0.436,-14.28,-20.21,-5.93,0.45,0.656,-0.105,-0.156,0.424,22.55,2.0,train
APDA-V2-NEG-0548,Spatial Negative Buffer Control,25.08463,91.9675,0,1504.8,0.63,24.8,0.0075,0.00573,7.86,0.42,8.7,19.18,0.07,0.159,0.146,0.336,-16.27,-16.93,-0.66,0.92,0.808,0.145,-0.119,0.126,9.94,1.0,train
APDA-V2-NEG-0056,Spatial Negative Buffer Control,26.73693,88.07378,0,1365.4,8.4,104.2,0.00294,0.00034,6.57,2.89,25.74,38.75,0.48,0.286,0.263,0.593,-18.16,-18.93,-0.77,0.827,0.88,-0.126,0.034,0.033,23.82,1.0,train
APDA-V2-POS-0596,NASA COOLR (Verified Event),25.07378,93.15688,1,1696.6,50.75,146.3,-0.01792,0.05818,4.94,175.28,316.25,392.08,33.28,0.396,0.361,0.763,-7.32,-16.33,-9.01,0.1,0.48,0.65,0.399,0.657,346.41,4.0,train
APDA-V2-POS-0409,NASA COOLR (Verified Event),26.17325,91.75859,1,669.2,27.66,217.7,-0.02,0.10552,6.65,50.42,235.89,388.16,12.79,0.382,0.339,0.68,-11.32,-18.05,-6.73,0.08,0.48,0.65,0.282,0.753,330.25,5.0,train
APDA-V2-NEG-0177,Spatial Negative Buffer Control,24.63621,93.14238,0,982.4,7.91,325.2,0.01252,-0.01146,6.77,1.11,15.31,32.41,0.19,0.231,0.212,0.509,-16.09,-19.49,-3.4,0.888,0.642,0.148,-0.014,0.159,16.79,1.0,train
APDA-V2-POS-0287,NASA COOLR (Verified Event),27.18074,88.35271,1,3205.6,40.17,210.6,-0.07,0.04534,5.64,35.0,133.91,358.38,9.33,0.491,0.445,0.892,-11.74,-15.47,-3.73,0.215,0.399,0.65,0.58,0.806,291.8,4.0,train
APDA-V2-NEG-0102,Spatial Negative Buffer Control,24.54735,94.11234,0,828.0,0.74,40.6,0.01323,-0.00463,8.64,6.12,18.9,23.01,1.02,0.13,0.12,0.279,-13.6,-19.82,-6.22,0.733,0.853,0.033,-0.142,0.122,13.92,1.0,train
APDA-V2-POS-0010,NASA COOLR (Verified Event),26.16985,91.75762,1,1418.9,33.13,143.8,-0.04816,0.04729,5.68,100.56,261.07,429.15,16.23,0.435,0.392,0.812,-6.41,-13.97,-7.56,0.089,0.48,0.65,0.464,0.822,338.6,5.0,train
APDA-V2-POS-0063,NASA COOLR (Verified Event),27.03412,88.26753,1,2527.4,35.82,226.6,-0.04943,0.07171,6.17,116.01,295.31,573.71,21.28,0.345,0.315,0.68,-4.37,-19.72,-15.35,0.128,0.2,0.65,0.58,0.8,540.31,5.0,train
APDA-V2-POS-0520,NASA COOLR (Verified Event),27.576,91.85989,1,2651.5,40.42,165.6,-0.00203,0.02314,5.78,60.25,197.81,403.77,14.17,0.344,0.315,0.68,-10.9,-20.51,-9.61,0.086,0.238,0.646,0.58,0.66,327.26,5.0,train
APDA-V2-POS-0237,NASA COOLR (Verified Event),25.56524,91.87875,1,724.3,38.05,187.4,-0.03238,0.05569,5.87,51.26,105.75,351.58,13.84,0.459,0.42,0.845,-6.02,-18.49,-12.47,0.08,0.179,0.65,0.446,0.866,304.15,4.0,train
APDA-V2-NEG-0840,Spatial Negative Buffer Control,26.67902,88.6831,0,1666.4,6.09,119.0,-0.0076,0.01445,6.89,4.57,11.16,36.86,0.76,0.162,0.149,0.367,-12.81,-21.12,-8.31,0.683,0.611,0.021,0.071,0.163,14.75,1.0,train
APDA-V2-POS-0028,NASA COOLR (Verified Event),25.18419,93.02629,1,1846.8,30.6,158.1,-0.03363,0.04661,6.29,78.24,251.95,424.36,13.01,0.477,0.439,0.934,-8.13,-14.62,-6.49,0.117,0.138,0.202,0.58,0.943,332.72,5.0,train
APDA-V2-NEG-0078,Spatial Negative Buffer Control,27.74754,92.78349,0,3345.4,0.19,281.1,0.00127,0.01517,9.44,5.71,10.65,32.6,0.95,0.204,0.188,0.438,-13.76,-13.47,0.29,0.816,0.55,-0.005,-0.041,0.294,19.06,1.0,train
APDA-V2-POS-0529,NASA COOLR (Verified Event),25.44241,92.1973,1,780.5,31.22,117.3,-0.00995,0.00771,6.44,139.41,217.75,404.93,33.63,0.406,0.36,0.721,-8.02,-12.76,-4.74,0.181,0.36,0.557,0.569,0.911,357.23,5.0,train
APDA-V2-POS-0743,NASA COOLR (Verified Event),25.07475,93.14963,1,1564.4,39.13,121.2,-0.01683,0.03415,5.94,177.1,374.87,478.96,29.22,0.351,0.318,0.68,-8.98,-15.48,-6.51,0.147,0.409,0.417,0.58,0.905,381.27,5.0,train
APDA-V2-NEG-0118,Spatial Negative Buffer Control,27.06027,88.751,0,1701.2,3.22,48.0,0.02898,0.00801,7.56,0.35,8.83,25.9,0.06,0.166,0.152,0.364,-13.17,-18.74,-5.58,0.751,0.88,-0.011,-0.2,0.227,12.98,2.0,train
APDA-V2-POS-0381,NASA COOLR (Verified Event),25.7514,91.90169,1,1491.6,27.85,201.3,-0.0717,0.06003,6.47,115.34,204.8,383.15,17.97,0.383,0.339,0.68,-9.06,-15.9,-6.84,0.117,0.326,0.529,0.58,0.791,336.97,5.0,train
APDA-V2-NEG-0128,Spatial Negative Buffer Control,25.45943,92.05791,0,728.4,3.06,0.1,-0.00297,0.01585,7.82,6.41,30.49,35.22,1.07,0.219,0.201,0.456,-16.67,-22.46,-5.79,0.725,0.729,-0.142,-0.051,0.264,16.83,3.0,train
APDA-V2-POS-0397,NASA COOLR (Verified Event),23.73268,92.72055,1,639.3,31.41,228.3,-0.08067,0.07865,6.23,77.41,191.17,486.75,18.51,0.366,0.328,0.7,-13.46,-17.91,-4.45,0.271,0.48,0.65,0.536,0.94,438.95,5.0,train
APDA-V2-NEG-0266,Spatial Negative Buffer Control,27.59028,88.7565,0,1834.9,9.42,99.7,-0.00955,-0.01432,5.6,2.89,16.93,51.03,0.48,0.243,0.224,0.575,-18.74,-20.05,-1.3,0.853,0.856,-0.097,-0.06,0.325,21.13,2.0,train
APDA-V2-NEG-0869,Spatial Negative Buffer Control,25.40976,93.40509,0,736.9,7.49,291.9,0.00026,-0.01405,5.15,28.0,37.54,41.28,4.67,0.125,0.115,0.276,-11.8,-18.25,-6.45,0.593,0.87,-0.017,-0.2,0.45,24.73,1.0,train
APDA-V2-NEG-0031,Spatial Negative Buffer Control,26.46355,91.57832,0,1144.5,2.12,113.6,0.00308,-0.00448,7.75,5.18,10.73,15.24,0.86,0.129,0.119,0.288,-15.59,-24.33,-8.73,0.81,0.738,-0.015,-0.023,0.106,8.9,2.0,train
APDA-V2-POS-0270,NASA COOLR (Verified Event),24.78605,93.68614,1,1317.6,38.08,171.8,-0.09494,-0.01796,5.14,91.59,278.57,371.53,15.65,0.432,0.386,0.871,-11.95,-21.43,-9.48,0.221,0.48,0.449,0.58,0.744,342.15,4.0,train
APDA-V2-NEG-0530,Spatial Negative Buffer Control,25.73354,90.26017,0,1500.9,1.5,49.8,0.01009,-0.00378,8.57,19.3,19.34,30.1,3.22,0.185,0.17,0.374,-14.08,-20.27,-6.18,0.813,0.88,-0.004,-0.126,0.03,16.72,1.0,train
APDA-V2-POS-0485,NASA COOLR (Verified Event),25.30021,91.70903,1,1101.2,29.8,184.4,-0.01981,0.03146,6.61,35.0,127.46,371.47,11.42,0.409,0.369,0.756,-7.75,-19.82,-12.07,0.257,0.143,0.65,0.481,0.62,280.13,4.0,train
APDA-V2-NEG-0352,Spatial Negative Buffer Control,27.26274,92.00463,0,3783.5,10.95,13.4,0.00217,-0.00735,6.31,18.93,31.93,49.26,3.15,0.051,0.047,0.12,-14.73,-20.34,-5.61,0.803,0.88,-0.25,-0.2,0.246,29.62,1.0,train
APDA-V2-POS-0770,NASA COOLR (Verified Event),27.18757,88.35552,1,1902.6,33.97,136.8,0.02071,0.04231,5.56,144.1,244.39,373.04,21.53,0.364,0.326,0.68,-7.21,-15.76,-8.55,0.283,0.469,0.61,0.58,0.63,336.1,5.0,train
APDA-V2-NEG-0478,Spatial Negative Buffer Control,27.72158,92.06066,0,2339.1,2.27,151.7,0.01999,0.00096,7.73,6.06,27.93,52.01,1.01,0.146,0.134,0.334,-9.48,-20.12,-10.64,0.766,0.88,-0.086,-0.051,0.133,33.51,1.0,train
APDA-V2-POS-0020,NASA COOLR (Verified Event),25.67375,94.1128,1,1460.5,41.86,177.7,-0.06715,0.00135,6.14,82.75,258.19,405.49,15.35,0.352,0.316,0.68,-8.89,-16.75,-7.87,0.357,0.332,0.352,0.58,0.661,306.62,4.0,train
APDA-V2-NEG-0343,Spatial Negative Buffer Control,25.42543,92.7406,0,983.5,2.48,345.6,-0.01534,0.01242,7.87,16.91,37.25,69.14,2.82,0.082,0.075,0.183,-14.18,-17.56,-3.38,0.92,0.88,-0.063,-0.05,0.262,41.77,2.0,train
APDA-V2-POS-0804,NASA COOLR (Verified Event),25.57031,91.87562,1,1609.3,36.57,55.0,-0.01401,0.03823,5.89,87.96,266.55,344.6,22.0,0.345,0.316,0.68,-9.64,-20.38,-10.75,0.188,0.238,0.65,0.58,0.65,323.65,4.0,train
APDA-V2-NEG-0323,Spatial Negative Buffer Control,24.77446,92.9027,0,1324.3,0.58,27.9,0.03067,-0.00336,9.44,0.87,25.41,33.81,0.14,0.273,0.251,0.578,-17.58,-20.38,-2.81,0.782,0.758,-0.25,-0.094,0.095,14.36,2.0,train
APDA-V2-POS-0373,NASA COOLR (Verified Event),27.58473,91.86644,1,2292.3,45.4,193.4,-0.01928,0.07175,6.05,100.36,198.21,257.17,26.15,0.358,0.323,0.68,-10.88,-15.28,-4.4,0.42,0.48,0.583,0.345,0.817,193.6,5.0,train
APDA-V2-NEG-0210,Spatial Negative Buffer Control,27.46636,88.01569,0,2223.6,5.73,145.8,0.01274,-0.00638,7.12,10.69,31.27,43.97,1.78,0.294,0.27,0.618,-15.0,-19.19,-4.19,0.512,0.88,-0.168,-0.148,0.36,28.29,1.0,train
APDA-V2-NEG-0417,Spatial Negative Buffer Control,25.16221,93.29025,0,1620.4,4.15,311.4,-0.00099,0.01002,7.5,12.92,24.98,27.39,2.15,0.11,0.101,0.256,-11.99,-16.72,-4.73,0.588,0.55,-0.032,-0.192,0.193,13.32,2.0,train
APDA-V2-POS-0347,NASA COOLR (Verified Event),26.01782,93.41913,1,1560.2,28.46,207.3,-0.02388,0.06699,5.68,87.06,153.46,338.65,15.0,0.354,0.309,0.68,-5.86,-12.1,-6.23,0.206,0.39,0.65,0.58,0.81,311.61,4.0,train
APDA-V2-NEG-0773,Spatial Negative Buffer Control,27.53183,93.30347,0,2007.7,8.49,237.4,-0.02535,0.01597,5.9,3.71,13.87,30.32,0.62,0.151,0.139,0.339,-14.62,-20.29,-5.66,0.92,0.88,0.033,-0.105,0.242,13.4,1.0,train
APDA-V2-NEG-0672,Spatial Negative Buffer Control,26.64491,88.43386,0,676.8,2.67,276.1,-0.00419,-0.00222,6.64,0.97,6.38,43.33,0.16,0.236,0.217,0.48,-13.65,-17.82,-4.17,0.465,0.842,0.072,-0.014,0.48,18.49,2.0,train
APDA-V2-NEG-0708,Spatial Negative Buffer Control,27.13802,92.60129,0,3507.3,0.16,327.8,-0.00849,0.02017,9.73,2.42,10.58,32.34,0.4,0.124,0.114,0.261,-14.9,-22.5,-7.6,0.882,0.55,0.023,-0.109,0.221,14.9,2.0,train
APDA-V2-POS-0102,NASA COOLR (Verified Event),24.78339,93.67952,1,1233.3,29.04,183.8,-0.0389,0.08,6.14,113.17,198.52,381.31,18.17,0.351,0.318,0.68,-11.39,-13.61,-2.21,0.42,0.48,0.545,0.58,0.831,296.53,4.0,train
APDA-V2-NEG-0336,Spatial Negative Buffer Control,26.71969,88.44397,0,1073.0,4.01,354.6,-0.00525,0.00849,7.12,6.22,22.02,51.37,1.04,0.385,0.355,0.813,-13.22,-23.82,-10.6,0.889,0.773,-0.16,-0.168,0.311,23.14,2.0,train
APDA-V2-POS-0228,NASA COOLR (Verified Event),24.77948,93.68692,1,402.3,28.23,192.9,-0.07466,0.07377,5.21,180.14,294.77,436.51,28.85,0.47,0.426,0.845,-6.11,-13.85,-7.74,0.395,0.478,0.65,0.58,0.62,366.23,4.0,train
APDA-V2-POS-0690,NASA COOLR (Verified Event),24.79072,93.67459,1,733.1,42.91,152.4,-0.03168,0.02832,5.87,116.05,167.85,238.52,24.8,0.354,0.321,0.682,-7.31,-17.2,-9.89,0.19,0.48,0.34,0.58,0.721,217.53,4.0,train
APDA-V2-NEG-0355,Spatial Negative Buffer Control,23.60553,92.31199,0,1055.6,0.63,128.0,0.0109,0.00643,9.06,1.99,3.57,30.73,0.33,0.167,0.154,0.36,-11.1,-21.45,-10.35,0.811,0.775,0.142,-0.071,0.201,13.77,3.0,train
APDA-V2-POS-0830,NASA COOLR (Verified Event),26.01264,93.42612,1,1356.7,24.93,208.6,-0.04315,0.03693,6.25,59.25,119.04,396.32,11.93,0.428,0.386,0.795,-8.79,-16.02,-7.23,0.153,0.441,0.518,0.525,0.73,360.65,4.0,train
APDA-V2-NEG-0631,Spatial Negative Buffer Control,25.39062,91.52493,0,1946.7,4.72,341.5,0.00218,0.00876,7.27,3.43,12.58,27.04,0.57,0.14,0.129,0.319,-11.79,-23.44,-11.64,0.781,0.819,-0.142,0.024,0.48,15.78,1.0,train
APDA-V2-POS-0843,NASA COOLR (Verified Event),25.75272,91.90734,1,801.1,38.67,160.0,-0.01388,0.04143,5.18,101.71,233.88,287.53,21.23,0.4,0.36,0.713,-3.18,-11.2,-8.02,0.385,0.423,0.65,0.353,0.778,263.49,5.0,train
APDA-V2-NEG-0175,Spatial Negative Buffer Control,25.56076,92.84348,0,1179.9,9.32,3.1,0.01944,-0.0134,6.15,5.32,26.04,37.28,0.89,0.199,0.183,0.447,-15.88,-16.34,-0.46,0.451,0.811,0.037,-0.042,0.127,22.82,1.0,train
APDA-V2-NEG-0894,Spatial Negative Buffer Control,27.47955,88.94664,0,2562.7,8.68,94.5,-0.00564,-0.01114,6.67,22.93,29.88,56.85,3.82,0.297,0.273,0.625,-15.93,-19.07,-3.14,0.92,0.88,0.013,-0.115,0.154,23.13,1.0,train
APDA-V2-NEG-0314,Spatial Negative Buffer Control,25.91783,94.37242,0,1678.7,3.37,162.8,0.00736,-0.01957,6.68,1.72,23.41,60.86,0.29,0.269,0.248,0.592,-17.21,-26.21,-9.01,0.554,0.669,-0.099,-0.039,0.04,28.76,3.0,train
APDA-V2-POS-0059,NASA COOLR (Verified Event),27.09471,93.6165,1,2221.0,38.69,178.3,-0.02066,0.01264,6.19,88.36,148.76,280.37,16.39,0.468,0.423,0.933,-10.03,-15.95,-5.93,0.335,0.244,0.384,0.373,0.668,235.11,5.0,train
APDA-V2-POS-0444,NASA COOLR (Verified Event),25.7554,91.90466,1,1458.4,39.64,146.0,-0.03628,0.05587,6.14,161.49,264.47,370.87,26.5,0.371,0.342,0.68,-7.95,-15.78,-7.83,0.299,0.406,0.65,0.265,0.62,329.81,5.0,train
APDA-V2-NEG-0209,Spatial Negative Buffer Control,25.40017,93.86339,0,641.4,6.85,11.2,0.01346,0.00878,6.87,16.38,30.1,66.99,2.73,0.134,0.123,0.27,-12.5,-20.84,-8.34,0.902,0.776,-0.06,-0.05,0.089,28.32,3.0,train
APDA-V2-NEG-0669,Spatial Negative Buffer Control,24.93409,93.39484,0,1298.8,4.62,33.8,-0.00065,0.00353,7.12,1.36,5.69,12.76,0.23,0.178,0.164,0.369,-14.64,-23.89,-9.25,0.911,0.88,-0.081,-0.126,0.299,6.22,1.0,train
APDA-V2-POS-0597,NASA COOLR (Verified Event),24.83284,92.80223,1,986.2,31.27,209.9,-0.00726,0.04494,6.53,69.3,230.75,475.28,10.12,0.495,0.457,0.923,-8.91,-18.11,-9.2,0.08,0.48,0.598,0.57,0.766,377.11,5.0,train
APDA-V2-NEG-0824,Spatial Negative Buffer Control,25.46412,90.92597,0,1423.6,0.8,81.7,0.00654,-0.00556,9.15,9.18,22.68,36.68,1.53,0.197,0.181,0.453,-13.65,-25.3,-11.66,0.894,0.73,0.077,-0.043,0.247,20.6,1.0,train
APDA-V2-NEG-0430,Spatial Negative Buffer Control,25.92007,91.97665,0,1347.5,2.16,354.1,0.0169,0.01566,7.74,11.02,28.67,57.24,1.84,0.217,0.2,0.492,-14.76,-20.65,-5.89,0.848,0.88,-0.196,-0.109,0.397,30.62,1.0,train
APDA-V2-POS-0589,NASA COOLR (Verified Event),25.53345,91.86871,1,626.9,31.27,212.5,-0.01508,0.06711,6.41,83.17,199.04,321.53,16.37,0.477,0.437,0.87,-4.58,-16.77,-12.18,0.105,0.226,0.288,0.58,0.82,283.44,5.0,train
APDA-V2-POS-0199,NASA COOLR (Verified Event),26.17913,91.75961,1,1860.0,18.5,201.8,0.00359,0.01109,6.77,73.36,141.72,230.28,15.36,0.415,0.366,0.824,-13.39,-12.2,1.19,0.218,0.12,0.65,0.58,0.62,173.78,4.0,train
APDA-V2-POS-0858,NASA COOLR (Verified Event),24.7823,93.68939,1,815.9,39.89,184.6,-0.02343,0.04396,5.8,52.56,203.58,294.44,12.89,0.477,0.429,0.874,-8.93,-22.51,-13.58,0.42,0.48,0.65,0.541,0.62,235.86,4.0,train
APDA-V2-POS-0703,NASA COOLR (Verified Event),26.16694,91.75417,1,1723.6,29.3,253.7,-0.02059,0.02809,6.64,44.6,111.6,267.55,13.03,0.445,0.406,0.869,-9.21,-14.75,-5.53,0.119,0.48,0.413,0.578,0.888,209.37,5.0,train
APDA-V2-NEG-0083,Spatial Negative Buffer Control,25.85829,93.9042,0,1802.2,1.46,93.4,-0.00016,-0.00112,7.38,10.02,31.33,70.38,1.67,0.097,0.089,0.206,-13.44,-22.47,-9.03,0.604,0.615,-0.048,-0.072,0.24,32.18,2.0,train
APDA-V2-NEG-0404,Spatial Negative Buffer Control,25.4678,90.96595,0,1417.2,14.09,122.1,-0.0113,0.02275,5.79,0.8,15.46,30.65,0.13,0.285,0.262,0.613,-14.54,-22.3,-7.77,0.45,0.665,-0.007,-0.058,0.182,19.88,2.0,train
APDA-V2-POS-0825,NASA COOLR (Verified Event),25.57033,91.88198,1,1224.3,36.72,221.7,-0.06621,-0.00016,6.08,65.2,163.68,438.67,16.47,0.496,0.447,0.922,-9.52,-11.51,-1.99,0.084,0.236,0.65,0.58,0.62,376.67,5.0,train
APDA-V2-POS-0350,NASA COOLR (Verified Event),27.19384,88.35078,1,2439.7,34.59,136.5,-0.01222,0.05905,5.43,67.21,224.73,505.51,12.22,0.482,0.434,0.846,-7.63,-18.31,-10.67,0.216,0.134,0.575,0.58,0.971,390.31,5.0,train
APDA-V2-POS-0126,NASA COOLR (Verified Event),27.03734,88.25814,1,3463.7,29.1,138.5,-0.04928,0.05334,6.11,77.54,267.09,466.7,14.89,0.499,0.462,0.934,-8.98,-17.34,-8.36,0.42,0.312,0.551,0.406,0.62,388.99,5.0,train
APDA-V2-POS-0592,NASA COOLR (Verified Event),25.43997,92.18883,1,1227.1,39.36,210.5,-0.02486,0.05503,5.43,48.06,170.73,318.55,11.0,0.474,0.423,0.845,-10.14,-17.19,-7.05,0.224,0.146,0.461,0.58,0.902,269.79,5.0,train
APDA-V2-NEG-0784,Spatial Negative Buffer Control,25.57283,93.45702,0,1310.5,11.98,206.6,0.01655,0.00827,6.27,10.54,32.15,38.93,1.76,0.133,0.122,0.286,-17.26,-26.22,-8.96,0.751,0.643,-0.25,-0.14,0.44,20.39,1.0,train
APDA-V2-POS-0849,NASA COOLR (Verified Event),24.83412,92.79934,1,416.6,36.58,226.5,-0.03395,0.05495,4.79,117.55,174.2,308.24,32.1,0.452,0.415,0.824,-10.51,-15.18,-4.67,0.167,0.48,0.37,0.58,0.849,240.55,4.0,train
APDA-V2-POS-0502,NASA COOLR (Verified Event),23.72896,92.7183,1,1036.2,24.37,149.0,-0.04738,0.02198,6.19,63.61,234.14,469.43,12.59,0.44,0.397,0.882,-9.85,-13.84,-3.99,0.21,0.48,0.586,0.58,0.872,376.3,5.0,train
APDA-V2-NEG-0525,Spatial Negative Buffer Control,26.63011,88.06574,0,1922.3,3.62,278.2,-0.01198,0.00383,7.38,0.98,10.36,25.74,0.16,0.294,0.27,0.643,-14.35,-21.97,-7.62,0.642,0.698,-0.061,-0.072,0.237,12.9,1.0,train
APDA-V2-POS-0405,NASA COOLR (Verified Event),25.5702,91.88714,1,1651.5,29.99,177.1,-0.01321,0.01252,6.12,92.37,296.64,530.96,21.87,0.519,0.474,0.942,-12.95,-17.42,-4.47,0.42,0.452,0.522,0.58,0.959,503.19,5.0,train
APDA-V2-NEG-0725,Spatial Negative Buffer Control,25.64916,93.83917,0,1243.3,0.46,260.9,0.00667,-0.00893,8.77,0.09,4.79,6.83,0.01,0.071,0.065,0.156,-16.25,-20.7,-4.45,0.758,0.88,0.05,-0.06,0.28,4.1,1.0,train
APDA-V2-POS-0771,NASA COOLR (Verified Event),27.35125,92.42164,1,2350.9,44.2,221.4,-0.04691,0.02164,5.94,122.12,185.68,393.08,20.68,0.366,0.329,0.68,-10.25,-9.36,0.88,0.42,0.402,0.65,0.58,0.713,310.73,4.0,train
APDA-V2-POS-0885,NASA COOLR (Verified Event),25.75367,91.90095,1,1446.4,39.15,335.0,-0.05861,0.06122,5.49,97.2,227.17,383.63,19.13,0.362,0.318,0.686,-8.98,-19.69,-10.71,0.081,0.432,0.394,0.505,0.819,354.1,4.0,train
APDA-V2-NEG-0882,Spatial Negative Buffer Control,27.33294,87.82433,0,3354.7,1.6,95.5,0.01607,0.01182,7.88,26.46,32.07,55.63,4.41,0.066,0.061,0.145,-18.22,-24.2,-5.99,0.784,0.55,-0.121,-0.159,0.48,35.01,2.0,train
APDA-V2-POS-0855,NASA COOLR (Verified Event),27.35153,92.4265,1,2463.5,37.05,217.3,0.00535,0.05961,6.28,80.25,225.96,515.87,13.69,0.512,0.476,0.959,-7.15,-19.17,-12.02,0.21,0.32,0.18,0.475,0.84,431.05,4.0,train
APDA-V2-NEG-0272,Spatial Negative Buffer Control,25.95588,93.96596,0,993.1,8.71,194.4,0.01325,-0.00965,5.4,2.0,12.05,31.05,0.33,0.147,0.136,0.318,-15.96,-21.52,-5.57,0.829,0.74,-0.188,-0.044,0.235,18.99,2.0,train
APDA-V2-NEG-0709,Spatial Negative Buffer Control,27.72249,91.43983,0,2216.2,1.39,23.7,0.0015,0.00936,7.03,14.1,26.31,63.8,2.35,0.062,0.057,0.137,-15.82,-17.0,-1.18,0.719,0.742,-0.187,-0.068,0.261,33.67,1.0,train
APDA-V2-POS-0897,NASA COOLR (Verified Event),27.35435,92.41715,1,2411.2,33.84,266.2,-0.07584,0.01767,5.63,67.06,226.97,299.21,16.15,0.421,0.384,0.754,-12.36,-15.47,-3.11,0.203,0.352,0.65,0.58,0.755,243.57,5.0,train
APDA-V2-NEG-0236,Spatial Negative Buffer Control,25.45563,90.32732,0,1299.9,7.07,299.0,0.00312,0.00377,6.77,0.64,8.85,18.41,0.11,0.2,0.184,0.457,-15.38,-14.88,0.5,0.821,0.55,-0.017,0.016,0.107,7.44,2.0,train
APDA-V2-NEG-0129,Spatial Negative Buffer Control,25.34942,91.63883,0,1590.4,6.45,247.7,0.01729,0.02159,6.18,4.91,5.25,26.91,0.82,0.109,0.1,0.247,-14.67,-20.71,-6.04,0.683,0.632,-0.045,0.024,0.48,17.34,1.0,train
APDA-V2-NEG-0156,Spatial Negative Buffer Control,25.00862,92.536,0,678.7,2.27,267.1,-0.00952,0.00477,7.95,16.26,18.72,35.41,2.71,0.307,0.282,0.665,-14.62,-16.44,-1.82,0.52,0.693,-0.082,-0.077,0.48,16.5,1.0,train
APDA-V2-NEG-0025,Spatial Negative Buffer Control,25.72829,91.86004,0,914.5,15.19,88.8,0.0129,-0.00446,5.76,5.13,9.08,42.92,0.85,0.111,0.102,0.243,-14.06,-21.38,-7.32,0.774,0.853,-0.121,-0.193,0.151,19.29,1.0,train
APDA-V2-NEG-0442,Spatial Negative Buffer Control,25.67151,92.21939,0,1131.2,7.51,211.5,-0.00218,-0.01283,6.24,0.8,15.83,51.81,0.13,0.247,0.227,0.54,-13.16,-17.37,-4.21,0.672,0.784,-0.087,-0.064,0.48,30.14,1.0,train
APDA-V2-NEG-0804,Spatial Negative Buffer Control,25.34756,92.11203,0,1055.9,2.49,176.1,-0.00674,0.01647,6.7,8.04,9.32,24.64,1.34,0.164,0.151,0.379,-16.84,-23.9,-7.06,0.813,0.88,-0.155,-0.114,0.046,14.5,1.0,train
APDA-V2-NEG-0660,Spatial Negative Buffer Control,24.96874,93.14607,0,976.4,15.7,8.4,-0.00744,0.00078,6.24,3.58,7.48,23.95,0.6,0.154,0.142,0.353,-15.63,-21.3,-5.67,0.894,0.88,0.113,-0.014,0.22,10.64,3.0,train
APDA-V2-NEG-0182,Spatial Negative Buffer Control,26.75878,88.50243,0,620.9,4.08,142.0,-0.00536,-0.0017,6.55,1.03,7.14,39.78,0.17,0.133,0.122,0.282,-13.69,-19.1,-5.41,0.638,0.606,-0.044,-0.045,0.183,20.6,2.0,train
APDA-V2-NEG-0676,Spatial Negative Buffer Control,25.15649,92.33564,0,1833.0,4.57,309.4,-0.00248,0.00973,7.49,1.17,21.42,34.39,0.2,0.168,0.155,0.392,-14.6,-19.43,-4.83,0.92,0.757,-0.003,-0.093,0.351,16.82,2.0,train
APDA-V2-NEG-0779,Spatial Negative Buffer Control,25.00556,91.46004,0,752.1,4.45,72.6,0.00098,-0.01595,7.41,17.43,39.7,50.23,2.9,0.115,0.106,0.267,-17.45,-24.6,-7.15,0.768,0.708,-0.105,-0.118,0.314,32.44,1.0,train
APDA-V2-POS-0386,NASA COOLR (Verified Event),25.07357,93.16103,1,1157.6,41.6,190.1,-0.06385,0.06662,5.86,74.12,145.82,359.96,13.83,0.348,0.318,0.68,-10.03,-15.72,-5.69,0.28,0.48,0.65,0.58,0.698,281.21,5.0,train
APDA-V2-NEG-0033,Spatial Negative Buffer Control,28.12155,88.7132,0,1456.3,0.31,61.5,-0.00728,-0.00383,9.72,14.98,37.29,71.95,2.5,0.098,0.09,0.202,-18.39,-19.53,-1.14,0.649,0.713,-0.025,-0.167,0.259,31.1,2.0,train
APDA-V2-POS-0164,NASA COOLR (Verified Event),27.10021,93.61975,1,1885.4,36.52,163.7,-0.08485,0.04369,6.1,51.01,134.08,334.06,10.28,0.442,0.404,0.864,-8.24,-17.29,-9.06,0.178,0.48,0.632,0.325,0.734,258.81,4.0,train
APDA-V2-NEG-0027,Spatial Negative Buffer Control,25.40337,91.58555,0,1376.7,9.41,6.3,0.00649,-0.00414,5.82,15.1,26.94,39.83,2.52,0.233,0.215,0.477,-9.89,-21.61,-11.71,0.498,0.845,-0.227,-0.029,0.123,17.97,1.0,train
APDA-V2-POS-0399,NASA COOLR (Verified Event),27.03081,88.26854,1,1864.4,32.87,235.9,-0.07487,0.05701,6.16,147.04,284.19,386.0,22.53,0.414,0.375,0.839,-7.97,-15.17,-7.2,0.182,0.12,0.65,0.455,0.891,355.76,4.0,train
APDA-V2-POS-0461,NASA COOLR (Verified Event),25.67309,94.11206,1,1193.0,43.65,150.7,-0.05073,0.08138,5.62,103.42,244.52,319.66,14.06,0.402,0.372,0.726,-10.86,-15.53,-4.66,0.08,0.248,0.641,0.513,0.936,294.16,5.0,train
APDA-V2-POS-0122,NASA COOLR (Verified Event),27.09593,93.61271,1,3756.2,24.56,94.2,-0.0446,0.0308,6.64,178.97,312.17,495.44,24.98,0.519,0.481,0.957,-10.24,-15.62,-5.39,0.101,0.222,0.65,0.469,0.736,389.26,5.0,train
APDA-V2-POS-0664,NASA COOLR (Verified Event),27.32829,88.61808,1,2260.7,35.1,157.5,-0.01993,0.03173,5.46,99.81,167.8,281.99,13.38,0.344,0.315,0.68,-8.27,-14.87,-6.6,0.42,0.29,0.65,0.58,0.888,237.41,4.0,train
APDA-V2-NEG-0270,Spatial Negative Buffer Control,25.07135,93.37746,0,1571.1,1.56,5.9,0.00838,-0.00875,8.23,4.51,15.66,42.1,0.75,0.182,0.168,0.424,-10.48,-19.45,-8.96,0.733,0.813,0.012,-0.111,0.323,23.44,2.0,train
APDA-V2-NEG-0400,Spatial Negative Buffer Control,25.84123,91.53474,0,1396.2,4.11,355.8,-0.00026,0.00666,5.93,2.13,24.88,59.31,0.35,0.259,0.238,0.584,-11.11,-25.89,-14.79,0.543,0.675,-0.119,-0.127,0.02,36.06,2.0,train
APDA-V2-POS-0639,NASA COOLR (Verified Event),24.83043,92.79807,1,1343.2,31.55,151.6,-0.05187,0.02893,5.49,116.9,247.34,491.29,24.1,0.385,0.343,0.723,-13.7,-8.94,4.76,0.218,0.419,0.495,0.58,0.955,431.48,4.0,train
APDA-V2-NEG-0880,Spatial Negative Buffer Control,24.17219,93.11942,0,720.8,16.0,197.4,-0.00012,0.0178,4.81,1.3,16.27,27.23,0.22,0.229,0.211,0.505,-17.94,-22.02,-4.09,0.462,0.591,-0.167,-0.082,0.48,16.31,2.0,train
APDA-V2-NEG-0715,Spatial Negative Buffer Control,25.66591,92.03899,0,816.7,1.44,54.1,0.00592,-0.00545,8.39,1.58,21.3,26.02,0.26,0.094,0.086,0.198,-13.04,-24.69,-11.65,0.871,0.874,-0.167,-0.149,0.48,12.64,2.0,train
APDA-V2-POS-0827,NASA COOLR (Verified Event),25.06847,93.15704,1,601.6,29.74,231.7,-0.01362,0.02396,6.52,66.71,155.98,429.64,13.54,0.384,0.348,0.732,-7.99,-17.36,-9.37,0.158,0.293,0.65,0.398,0.948,348.72,4.0,train
APDA-V2-POS-0657,NASA COOLR (Verified Event),25.56449,91.88205,1,1670.0,35.85,176.8,-0.11508,0.09121,5.62,61.01,228.95,488.06,9.64,0.364,0.332,0.745,-12.7,-15.17,-2.47,0.104,0.349,0.631,0.58,0.784,375.06,5.0,train
APDA-V2-POS-0436,NASA COOLR (Verified Event),27.57657,91.86186,1,3057.2,24.28,144.6,-0.0589,0.02403,6.5,52.77,249.05,471.58,14.24,0.382,0.341,0.716,-8.67,-14.44,-5.77,0.42,0.366,0.351,0.58,0.62,366.34,5.0,train
APDA-V2-NEG-0883,Spatial Negative Buffer Control,25.70428,92.00968,0,1170.1,9.61,201.2,0.00378,-0.00936,5.05,4.19,15.31,28.55,0.7,0.079,0.072,0.158,-17.91,-26.36,-8.44,0.819,0.55,0.024,-0.033,0.352,13.74,2.0,train
APDA-V2-NEG-0609,Spatial Negative Buffer Control,27.19224,88.57085,0,2342.3,0.45,31.3,0.00893,-0.00758,8.85,1.46,12.83,25.6,0.24,0.434,0.399,0.919,-10.65,-18.14,-7.49,0.631,0.652,-0.174,-0.174,0.055,15.26,1.0,train
APDA-V2-POS-0801,NASA COOLR (Verified Event),25.7571,91.90825,1,1864.8,40.33,127.8,-0.00153,0.04838,5.76,113.33,226.59,286.04,15.13,0.352,0.323,0.725,-10.21,-15.63,-5.42,0.42,0.469,0.489,0.471,0.796,262.88,5.0,train
APDA-V2-NEG-0528,Spatial Negative Buffer Control,25.88678,92.09611,0,996.2,3.17,37.0,0.00213,-0.01231,6.03,2.24,5.74,25.06,0.37,0.023,0.021,0.051,-13.08,-15.18,-2.09,0.45,0.88,-0.061,0.029,0.375,11.39,1.0,train
APDA-V2-NEG-0637,Spatial Negative Buffer Control,24.74615,93.39812,0,1394.5,7.03,357.7,0.00438,-0.00509,6.86,0.33,24.26,51.36,0.06,0.245,0.226,0.51,-13.8,-20.62,-6.82,0.744,0.88,-0.053,-0.071,0.129,20.57,1.0,train
APDA-V2-NEG-0636,Spatial Negative Buffer Control,25.26483,92.02023,0,1293.9,14.57,255.2,-0.00358,0.00977,5.56,6.47,9.19,40.26,1.08,0.159,0.146,0.356,-11.08,-17.2,-6.12,0.581,0.724,-0.036,-0.087,0.233,18.63,3.0,train
APDA-V2-POS-0488,NASA COOLR (Verified Event),25.60281,90.57797,1,1267.1,38.29,32.3,-0.0437,0.07378,6.33,91.73,230.66,517.76,16.85,0.336,0.306,0.68,-12.64,-13.73,-1.1,0.281,0.12,0.528,0.552,0.683,467.68,4.0,train
APDA-V2-POS-0637,NASA COOLR (Verified Event),25.17837,93.02668,1,1375.1,31.94,230.6,0.00416,-0.00282,5.21,181.46,367.6,609.2,35.76,0.384,0.342,0.68,-11.47,-18.37,-6.9,0.184,0.312,0.65,0.58,0.62,508.75,4.0,train
APDA-V2-POS-0798,NASA COOLR (Verified Event),27.03159,88.26217,1,1715.6,39.29,329.8,-0.0063,0.05663,5.86,87.02,197.47,464.46,13.41,0.501,0.457,0.904,-5.09,-13.05,-7.96,0.162,0.319,0.552,0.58,0.62,407.06,5.0,train
APDA-V2-POS-0533,NASA COOLR (Verified Event),25.07259,93.15927,1,1321.1,30.85,289.0,-0.05363,0.06299,6.44,105.49,169.23,333.86,18.98,0.492,0.444,0.905,-7.78,-14.7,-6.92,0.269,0.132,0.42,0.58,0.729,251.42,4.0,train
APDA-V2-NEG-0164,Spatial Negative Buffer Control,26.91567,93.84238,0,1337.0,3.33,113.0,-0.00454,-0.02952,6.56,12.39,21.5,54.36,2.06,0.182,0.167,0.388,-14.62,-23.45,-8.82,0.846,0.558,-0.031,-0.12,0.148,28.76,1.0,train
APDA-V2-NEG-0019,Spatial Negative Buffer Control,23.89956,92.37441,0,1073.1,1.96,165.5,-0.00035,-0.01025,7.1,2.17,15.0,32.66,0.36,0.181,0.166,0.364,-11.21,-21.83,-10.61,0.807,0.746,-0.013,-0.046,0.076,15.7,2.0,train
APDA-V2-NEG-0746,Spatial Negative Buffer Control,25.81562,93.82982,0,1493.7,0.93,320.7,-0.00765,-0.00577,8.92,0.76,3.33,33.72,0.13,0.242,0.223,0.519,-15.31,-22.02,-6.71,0.639,0.88,-0.075,-0.084,0.086,16.85,1.0,train
APDA-V2-POS-0233,NASA COOLR (Verified Event),25.29202,91.7116,1,1913.0,30.4,228.7,-0.03812,0.05884,6.25,39.93,136.2,290.31,13.52,0.466,0.419,0.885,-12.38,-19.96,-7.58,0.24,0.374,0.575,0.543,0.845,223.19,5.0,train
APDA-V2-NEG-0594,Spatial Negative Buffer Control,25.17095,92.19542,0,1115.0,16.0,89.8,-0.00746,0.02009,5.67,9.88,30.28,53.36,1.65,0.246,0.226,0.539,-14.47,-25.23,-10.75,0.583,0.877,0.054,0.092,0.059,29.22,1.0,train
APDA-V2-POS-0408,NASA COOLR (Verified Event),24.8315,92.79672,1,1169.8,28.05,146.7,-0.0301,0.08411,6.03,35.0,148.37,378.89,12.58,0.339,0.311,0.68,-11.83,-20.22,-8.39,0.42,0.48,0.65,0.183,0.909,320.88,5.0,train
APDA-V2-NEG-0678,Spatial Negative Buffer Control,25.33318,91.66692,0,1763.9,7.62,130.4,-0.01577,0.00149,6.29,7.12,9.4,17.12,1.19,0.184,0.169,0.373,-12.33,-24.57,-12.24,0.677,0.775,0.015,-0.098,0.124,6.97,1.0,train
APDA-V2-NEG-0575,Spatial Negative Buffer Control,25.29483,93.59149,0,1401.8,2.44,83.3,-0.0015,0.00423,7.38,21.03,43.46,54.33,3.5,0.067,0.061,0.146,-14.52,-18.25,-3.73,0.702,0.88,0.059,-0.152,0.252,34.06,2.0,train
APDA-V2-NEG-0699,Spatial Negative Buffer Control,25.37175,92.01763,0,1228.0,16.0,237.2,0.00174,0.00496,5.07,23.88,30.38,39.6,3.98,0.033,0.031,0.074,-11.45,-21.89,-10.44,0.714,0.803,0.066,-0.113,0.181,22.08,2.0,train
APDA-V2-NEG-0329,Spatial Negative Buffer Control,26.83741,87.94973,0,1900.7,11.64,66.8,0.00373,0.00175,5.68,3.97,20.43,28.43,0.66,0.099,0.091,0.218,-15.5,-17.66,-2.16,0.92,0.88,-0.124,-0.12,0.327,13.34,1.0,train
APDA-V2-NEG-0221,Spatial Negative Buffer Control,25.78401,93.68248,0,1538.7,16.0,119.8,-0.01487,0.00875,6.26,25.44,26.82,33.38,4.24,0.073,0.068,0.158,-11.62,-21.04,-9.41,0.742,0.88,-0.128,-0.066,0.421,15.81,1.0,train
APDA-V2-POS-0410,NASA COOLR (Verified Event),26.01491,93.41852,1,1154.1,33.41,210.2,0.00293,0.02802,5.83,86.34,137.18,308.95,14.11,0.449,0.415,0.909,-8.33,-11.83,-3.51,0.349,0.254,0.65,0.51,0.906,282.98,5.0,train
APDA-V2-POS-0308,NASA COOLR (Verified Event),27.18256,88.35686,1,2301.4,26.96,154.7,-0.04676,0.07389,5.78,110.68,270.66,334.54,24.9,0.352,0.319,0.68,-10.52,-18.3,-7.78,0.104,0.297,0.544,0.58,0.862,256.21,4.0,train
APDA-V2-NEG-0180,Spatial Negative Buffer Control,27.96499,88.36717,0,1880.8,3.45,252.3,0.00683,0.02262,7.64,15.44,28.74,63.53,2.57,0.231,0.212,0.5,-11.38,-22.05,-10.66,0.782,0.689,-0.077,-0.147,0.199,39.16,1.0,train
APDA-V2-NEG-0064,Spatial Negative Buffer Control,25.41028,91.69252,0,600.1,0.68,92.5,-0.00377,0.00265,9.42,0.22,7.34,20.8,0.04,0.325,0.299,0.687,-10.86,-21.84,-10.99,0.694,0.815,-0.23,-0.17,0.229,8.82,2.0,train
APDA-V2-NEG-0002,Spatial Negative Buffer Control,25.57129,91.43697,0,1467.2,1.82,257.5,0.00536,-0.00471,7.91,1.71,23.35,55.53,0.28,0.079,0.073,0.175,-14.03,-19.67,-5.64,0.576,0.55,0.05,-0.2,0.282,34.14,1.0,train
APDA-V2-POS-0035,NASA COOLR (Verified Event),27.18904,88.35612,1,3684.1,37.54,147.7,-0.05649,-0.00072,6.33,50.33,254.9,505.54,9.72,0.43,0.398,0.778,-8.34,-15.09,-6.75,0.08,0.125,0.598,0.472,0.827,410.3,5.0,train
APDA-V2-POS-0605,NASA COOLR (Verified Event),27.09831,93.61518,1,1749.3,39.12,210.5,-0.03607,0.01757,5.46,57.68,259.43,338.52,15.13,0.37,0.337,0.68,-10.19,-12.11,-1.92,0.361,0.477,0.65,0.429,0.688,275.07,5.0,train
APDA-V2-POS-0131,NASA COOLR (Verified Event),25.60316,90.59005,1,1201.4,47.57,199.4,-0.03049,0.04212,5.77,56.89,167.11,373.79,12.37,0.379,0.335,0.737,-12.73,-18.93,-6.2,0.08,0.381,0.65,0.284,0.922,346.32,5.0,train
APDA-V2-NEG-0071,Spatial Negative Buffer Control,25.4219,93.3573,0,1432.2,10.29,182.5,0.0078,-0.00957,6.45,8.46,13.19,18.65,1.41,0.218,0.2,0.454,-12.56,-21.43,-8.87,0.45,0.87,-0.064,-0.136,0.395,10.11,2.0,train
APDA-V2-NEG-0325,Spatial Negative Buffer Control,26.44984,91.34154,0,1192.6,3.56,276.1,0.00605,0.00207,7.27,11.54,13.27,40.08,1.92,0.2,0.184,0.412,-14.69,-23.34,-8.65,0.793,0.88,0.053,-0.165,0.245,16.85,2.0,train
APDA-V2-POS-0486,NASA COOLR (Verified Event),25.75786,91.90595,1,1656.5,30.37,207.0,0.03977,0.06664,5.13,66.43,212.27,301.84,15.95,0.403,0.373,0.766,-9.08,-16.59,-7.5,0.27,0.48,0.633,0.493,0.62,238.25,5.0,train
APDA-V2-NEG-0867,Spatial Negative Buffer Control,25.69092,92.2965,0,1596.7,1.16,166.7,0.02772,0.00589,8.31,2.68,22.26,25.88,0.45,0.138,0.127,0.282,-14.49,-26.22,-11.73,0.777,0.605,-0.134,-0.071,0.445,15.71,3.0,train
APDA-V2-POS-0338,NASA COOLR (Verified Event),25.30372,91.71072,1,1184.2,35.16,285.2,-0.12388,0.02126,5.76,37.85,214.25,398.83,7.95,0.343,0.312,0.68,-10.1,-19.86,-9.76,0.141,0.243,0.631,0.506,0.943,300.11,4.0,train
APDA-V2-POS-0384,NASA COOLR (Verified Event),25.57037,91.8832,1,977.2,24.76,209.3,-0.04172,0.06169,6.66,209.44,309.91,494.17,30.42,0.34,0.31,0.68,-9.91,-11.89,-1.98,0.152,0.48,0.65,0.58,0.794,411.2,5.0,train
APDA-V2-NEG-0051,Spatial Negative Buffer Control,24.47472,92.98541,0,1145.2,4.55,221.6,0.00758,-0.00143,7.12,0.83,18.14,46.39,0.14,0.113,0.104,0.26,-16.9,-18.87,-1.97,0.861,0.88,-0.1,0.011,0.124,26.69,2.0,train
APDA-V2-POS-0774,NASA COOLR (Verified Event),24.78493,93.67718,1,1334.8,38.75,231.0,-0.08069,0.02277,6.15,90.36,179.81,345.73,12.57,0.48,0.445,0.905,-10.23,-12.01,-1.78,0.101,0.231,0.621,0.58,0.62,311.79,5.0,train
APDA-V2-NEG-0590,Spatial Negative Buffer Control,25.13727,91.29006,0,1335.4,13.48,77.7,-0.0095,0.00983,6.28,3.84,26.16,34.62,0.64,0.228,0.21,0.521,-13.97,-20.61,-6.64,0.658,0.609,-0.087,-0.149,0.234,16.96,1.0,train
APDA-V2-POS-0106,NASA COOLR (Verified Event),25.53421,91.86818,1,804.5,31.52,158.4,-0.10919,0.00548,6.42,48.92,150.22,240.76,12.24,0.471,0.429,0.898,-13.73,-15.33,-1.59,0.116,0.48,0.305,0.462,0.76,218.31,5.0,train
APDA-V2-NEG-0763,Spatial Negative Buffer Control,24.82053,92.84171,0,917.6,9.83,2.9,-0.01522,0.00134,6.01,1.32,20.25,34.39,0.22,0.057,0.052,0.129,-12.6,-24.03,-11.43,0.534,0.638,-0.129,0.05,0.284,14.54,1.0,train
APDA-V2-POS-0198,NASA COOLR (Verified Event),24.83876,92.80064,1,1226.9,43.28,354.4,-0.09171,0.06872,5.09,116.38,199.14,291.67,17.96,0.353,0.314,0.68,-14.71,-14.14,0.56,0.08,0.48,0.648,0.495,0.873,229.55,4.0,train
APDA-V2-NEG-0486,Spatial Negative Buffer Control,25.53543,91.77924,0,1154.0,2.74,296.4,0.01124,0.01309,7.68,7.53,31.74,47.57,1.26,0.233,0.214,0.521,-16.12,-19.33,-3.21,0.699,0.55,0.031,-0.111,0.278,20.05,1.0,train
APDA-V2-POS-0797,NASA COOLR (Verified Event),25.67864,94.10787,1,1002.0,29.49,137.5,0.00466,0.0548,6.56,54.81,112.58,295.32,12.96,0.389,0.357,0.712,-8.34,-18.32,-9.97,0.337,0.48,0.568,0.58,0.743,248.43,5.0,train
APDA-V2-POS-0684,NASA COOLR (Verified Event),27.69694,88.58264,1,3241.4,32.83,185.3,-0.04128,0.02358,5.49,93.31,278.78,463.24,20.0,0.482,0.443,0.916,-5.56,-17.47,-11.92,0.307,0.178,0.256,0.569,0.852,389.36,4.0,train
APDA-V2-NEG-0479,Spatial Negative Buffer Control,26.73845,93.4722,0,823.5,3.52,152.3,-0.00411,-0.01329,6.82,10.99,22.58,48.62,1.83,0.09,0.082,0.198,-12.24,-22.38,-10.15,0.884,0.76,-0.213,-0.082,0.48,21.71,1.0,train
APDA-V2-NEG-0576,Spatial Negative Buffer Control,25.11297,92.41543,0,1658.8,4.74,344.6,-0.00879,0.0106,7.17,8.06,31.42,49.86,1.34,0.121,0.112,0.256,-10.45,-23.84,-13.39,0.767,0.74,0.038,-0.16,0.284,29.64,1.0,train
APDA-V2-NEG-0754,Spatial Negative Buffer Control,23.34196,92.47075,0,710.2,6.48,280.3,-0.00173,-0.0104,5.86,5.28,23.61,27.74,0.88,0.192,0.177,0.417,-14.72,-19.21,-4.48,0.713,0.55,-0.08,-0.089,0.363,17.15,1.0,train
APDA-V2-POS-0415,NASA COOLR (Verified Event),27.58926,91.86579,1,2278.7,40.33,195.8,-0.02993,0.00875,5.65,109.38,165.04,422.75,17.06,0.453,0.41,0.864,-6.95,-11.28,-4.33,0.132,0.412,0.65,0.58,0.62,318.15,5.0,train
APDA-V2-POS-0294,NASA COOLR (Verified Event),27.03852,88.26326,1,2155.3,20.37,229.6,-0.03614,0.0457,6.82,94.27,185.27,343.67,18.7,0.389,0.342,0.739,-9.52,-16.46,-6.94,0.227,0.48,0.65,0.358,0.853,270.69,5.0,train
APDA-V2-POS-0353,NASA COOLR (Verified Event),27.09532,93.61746,1,2591.6,34.6,225.0,-0.06238,0.04485,6.31,87.32,258.11,353.81,17.94,0.518,0.479,0.953,-6.51,-15.56,-9.05,0.283,0.364,0.605,0.523,0.644,276.63,4.0,train
APDA-V2-NEG-0578,Spatial Negative Buffer Control,25.85571,93.00563,0,1300.0,2.44,93.3,-0.00556,0.00018,8.16,3.65,27.02,65.47,0.61,0.101,0.093,0.232,-19.13,-17.85,1.28,0.795,0.88,-0.095,-0.187,0.24,35.0,1.0,train
APDA-V2-NEG-0332,Spatial Negative Buffer Control,27.4879,93.24231,0,2011.6,7.85,55.1,-0.00032,-0.00686,6.6,2.32,19.89,56.19,0.39,0.153,0.141,0.306,-13.7,-19.4,-5.7,0.672,0.836,0.01,-0.111,0.089,23.6,1.0,train
APDA-V2-POS-0318,NASA COOLR (Verified Event),25.75331,91.90914,1,768.5,31.86,199.7,-0.04138,0.02175,6.58,40.73,113.88,277.46,11.78,0.473,0.435,0.892,-11.88,-11.62,0.26,0.42,0.198,0.65,0.534,0.807,262.25,4.0,train
APDA-V2-POS-0701,NASA COOLR (Verified Event),25.06875,93.15929,1,1773.1,33.58,171.5,-0.03424,0.04645,5.08,80.06,246.2,424.34,21.91,0.418,0.372,0.808,-10.12,-17.1,-6.97,0.263,0.318,0.65,0.295,0.626,373.32,4.0,train
APDA-V2-POS-0442,NASA COOLR (Verified Event),25.53905,91.86537,1,1111.2,32.04,323.0,-0.0335,0.05889,5.17,39.45,174.19,400.58,8.52,0.4,0.362,0.821,-5.86,-18.23,-12.37,0.133,0.368,0.481,0.39,0.908,301.39,5.0,train
APDA-V2-POS-0527,NASA COOLR (Verified Event),25.31072,91.71392,1,1710.8,33.06,212.5,-0.06974,0.04107,5.16,151.6,233.24,435.96,28.2,0.412,0.381,0.823,-10.87,-16.11,-5.24,0.204,0.48,0.545,0.533,0.844,349.28,5.0,train
APDA-V2-POS-0484,NASA COOLR (Verified Event),25.53676,91.86254,1,1368.5,23.8,157.0,0.01638,0.04221,5.33,54.09,125.08,208.14,17.16,0.374,0.332,0.68,-6.36,-16.14,-9.78,0.247,0.48,0.588,0.58,0.865,171.37,4.0,train
APDA-V2-NEG-0054,Spatial Negative Buffer Control,28.08334,88.92258,0,2344.7,7.35,148.9,-0.00398,0.02408,6.9,8.43,10.39,21.62,1.4,0.274,0.253,0.62,-9.42,-17.92,-8.5,0.782,0.675,0.023,-0.011,0.114,10.47,2.0,train
APDA-V2-NEG-0278,Spatial Negative Buffer Control,25.23649,90.18029,0,1888.3,2.67,277.8,-0.01594,-0.00419,7.84,2.98,22.87,45.6,0.5,0.159,0.146,0.34,-18.06,-20.85,-2.79,0.699,0.88,0.005,-0.159,0.439,21.67,1.0,train
APDA-V2-NEG-0579,Spatial Negative Buffer Control,28.01578,88.22569,0,1754.7,16.0,54.0,-0.00352,-0.00964,5.18,17.31,36.81,58.63,2.88,0.307,0.282,0.651,-11.97,-21.03,-9.05,0.92,0.55,-0.008,0.012,0.215,26.68,2.0,train
APDA-V2-POS-0306,NASA COOLR (Verified Event),27.68529,88.58156,1,3384.8,45.98,218.2,-0.02356,0.00726,4.41,79.07,185.22,397.73,19.14,0.396,0.349,0.756,-9.35,-11.68,-2.33,0.093,0.469,0.633,0.548,0.866,321.73,4.0,train
APDA-V2-POS-0360,NASA COOLR (Verified Event),25.75545,91.90042,1,1175.6,35.24,138.6,-0.0436,0.0521,6.38,48.64,134.16,264.32,12.71,0.422,0.373,0.759,-10.79,-18.33,-7.54,0.296,0.238,0.65,0.18,0.62,221.12,5.0,train
APDA-V2-POS-0543,NASA COOLR (Verified Event),24.7849,93.67805,1,679.8,28.81,62.0,-0.01697,0.01063,5.9,114.4,289.14,578.42,19.44,0.353,0.325,0.68,-11.46,-16.07,-4.61,0.42,0.126,0.253,0.523,0.786,532.46,4.0,train
APDA-V2-NEG-0197,Spatial Negative Buffer Control,25.41329,93.33204,0,1844.7,1.67,199.5,-0.00574,0.01813,8.47,0.68,21.04,31.43,0.11,0.213,0.196,0.466,-12.49,-21.44,-8.95,0.92,0.789,0.094,-0.141,0.245,19.9,1.0,train
APDA-V2-NEG-0643,Spatial Negative Buffer Control,27.12234,88.80101,0,2373.0,5.08,265.0,0.00869,-0.00397,6.66,6.73,23.32,30.7,1.12,0.132,0.121,0.309,-10.69,-17.48,-6.79,0.826,0.706,-0.199,0.002,0.374,19.76,1.0,train
APDA-V2-NEG-0147,Spatial Negative Buffer Control,27.37817,88.06891,0,2118.0,2.42,251.5,0.01367,-0.01226,8.03,5.3,6.88,13.54,0.88,0.177,0.163,0.377,-16.51,-22.53,-6.02,0.656,0.88,-0.167,-0.026,0.205,7.46,3.0,train
APDA-V2-NEG-0290,Spatial Negative Buffer Control,27.34479,94.05114,0,2042.9,8.27,169.4,0.0025,-0.00011,6.45,14.21,38.58,44.08,2.37,0.164,0.151,0.379,-16.37,-23.47,-7.1,0.779,0.767,0.009,-0.078,0.086,27.1,2.0,train
APDA-V2-NEG-0717,Spatial Negative Buffer Control,26.04709,92.13525,0,1897.3,3.13,196.6,-0.00214,0.00606,7.52,1.65,11.78,22.99,0.27,0.202,0.186,0.442,-17.83,-23.04,-5.21,0.772,0.858,-0.222,-0.043,0.161,12.72,2.0,train
APDA-V2-POS-0120,NASA COOLR (Verified Event),27.35333,92.41267,1,1721.9,28.6,222.7,-0.0143,0.05241,6.4,60.34,123.05,258.05,15.85,0.432,0.391,0.835,-11.47,-15.96,-4.49,0.397,0.48,0.376,0.58,0.922,207.13,5.0,train
APDA-V2-NEG-0858,Spatial Negative Buffer Control,24.4057,93.53925,0,1178.4,2.91,84.7,0.00909,0.01001,7.98,22.58,33.94,55.9,3.76,0.127,0.117,0.295,-12.61,-20.66,-8.05,0.576,0.55,-0.137,0.017,0.219,30.87,1.0,train
APDA-V2-NEG-0671,Spatial Negative Buffer Control,25.2611,93.70602,0,1317.6,4.59,304.0,0.00142,-0.00936,6.29,28.0,31.72,35.42,4.67,0.065,0.06,0.148,-12.36,-18.58,-6.22,0.849,0.873,-0.115,0.005,0.48,19.8,2.0,train
APDA-V2-POS-0651,NASA COOLR (Verified Event),27.03095,88.25343,1,2765.6,43.21,150.8,-0.11286,0.02665,5.28,35.63,224.57,470.53,8.2,0.493,0.443,0.908,-13.42,-18.9,-5.49,0.272,0.248,0.63,0.58,0.742,433.76,5.0,train
APDA-V2-POS-0367,NASA COOLR (Verified Event),26.16815,91.76272,1,601.4,43.38,239.2,-0.07485,0.04731,5.97,98.06,191.26,360.23,17.57,0.388,0.345,0.766,-11.05,-16.54,-5.49,0.241,0.19,0.623,0.58,0.62,284.94,4.0,train
APDA-V2-NEG-0543,Spatial Negative Buffer Control,25.07271,93.84761,0,1076.3,1.27,139.9,-0.00368,-0.01451,8.03,3.77,10.84,38.67,0.63,0.284,0.262,0.588,-15.89,-17.79,-1.89,0.704,0.73,-0.065,-0.107,0.296,22.91,3.0,train
APDA-V2-POS-0579,NASA COOLR (Verified Event),27.69449,88.58694,1,2040.8,35.18,143.4,-0.05186,0.03707,4.93,58.36,248.16,400.53,10.96,0.408,0.369,0.828,-8.5,-16.61,-8.1,0.134,0.385,0.471,0.58,0.759,353.9,5.0,train
APDA-V2-POS-0542,NASA COOLR (Verified Event),27.09595,93.61126,1,1492.2,37.19,194.6,-0.01514,-0.00502,6.29,113.51,241.67,354.67,15.06,0.518,0.478,0.941,-9.63,-11.58,-1.95,0.42,0.464,0.641,0.58,0.828,275.18,5.0,train
APDA-V2-NEG-0654,Spatial Negative Buffer Control,25.92801,92.09732,0,1704.1,0.05,173.2,0.00772,0.01294,9.34,1.5,1.6,18.98,0.25,0.096,0.088,0.213,-11.72,-22.98,-11.26,0.45,0.765,-0.048,-0.141,0.309,11.2,1.0,train
APDA-V2-NEG-0667,Spatial Negative Buffer Control,28.01597,92.23918,0,1605.6,4.17,240.1,0.00471,-0.00156,6.91,3.89,26.9,43.99,0.65,0.142,0.13,0.296,-15.06,-17.59,-2.53,0.815,0.768,-0.111,-0.15,0.246,20.73,1.0,train
APDA-V2-POS-0244,NASA COOLR (Verified Event),27.33602,88.61376,1,3548.3,34.44,231.6,-0.05707,-0.01636,6.36,52.87,163.97,355.0,13.21,0.36,0.313,0.706,-8.78,-12.03,-3.25,0.209,0.311,0.436,0.308,0.892,302.4,4.0,train
APDA-V2-NEG-0110,Spatial Negative Buffer Control,25.88642,90.21325,0,1889.9,3.8,110.9,0.00012,0.02329,7.49,4.95,13.7,47.85,0.82,0.203,0.187,0.469,-18.14,-17.5,0.64,0.906,0.88,-0.203,0.023,0.375,23.53,2.0,train
APDA-V2-NEG-0043,Spatial Negative Buffer Control,25.17586,91.70543,0,801.5,0.72,151.8,-0.00655,0.00672,9.35,9.62,34.06,41.51,1.6,0.253,0.233,0.52,-15.94,-20.75,-4.81,0.859,0.877,0.01,0.031,0.312,20.02,2.0,train
APDA-V2-POS-0342,NASA COOLR (Verified Event),25.56695,91.87793,1,1578.5,32.85,287.7,-0.01078,0.04582,6.04,54.4,169.28,446.46,14.13,0.349,0.308,0.68,-8.28,-15.61,-7.33,0.134,0.259,0.65,0.393,0.916,383.43,5.0,train
APDA-V2-POS-0104,NASA COOLR (Verified Event),25.6704,94.11222,1,822.4,42.22,166.8,-0.04826,0.03808,6.18,206.79,350.45,624.6,30.96,0.422,0.376,0.742,-10.45,-17.07,-6.62,0.146,0.48,0.65,0.58,0.872,496.21,5.0,train
APDA-V2-NEG-0758,Spatial Negative Buffer Control,25.1238,91.57839,0,1407.7,0.33,13.3,0.01068,0.01572,9.37,9.48,26.73,55.33,1.58,0.1,0.092,0.228,-13.54,-20.04,-6.5,0.785,0.638,-0.043,-0.192,0.23,31.01,1.0,train
APDA-V2-POS-0101,NASA COOLR (Verified Event),27.09611,93.61215,1,3192.9,37.09,102.7,-0.0199,0.02801,6.09,62.64,140.03,234.46,12.06,0.354,0.308,0.68,-10.5,-15.78,-5.28,0.214,0.436,0.595,0.564,0.71,189.97,4.0,train
APDA-V2-NEG-0438,Spatial Negative Buffer Control,24.66392,94.10401,0,1163.2,3.53,55.9,-0.02202,0.00938,7.75,7.47,23.78,41.05,1.25,0.321,0.295,0.663,-14.0,-18.95,-4.95,0.583,0.55,0.023,-0.116,0.48,25.02,2.0,train
APDA-V2-POS-0512,NASA COOLR (Verified Event),25.07449,93.1529,1,1359.1,47.48,219.3,0.00061,0.07735,5.96,114.5,186.08,347.27,21.17,0.441,0.403,0.843,-11.13,-12.95,-1.82,0.406,0.48,0.616,0.493,0.95,315.08,4.0,train
APDA-V2-NEG-0346,Spatial Negative Buffer Control,26.01879,92.01021,0,1619.0,0.66,153.0,-0.01816,0.00397,7.47,2.75,6.9,28.28,0.46,0.139,0.128,0.313,-11.39,-23.32,-11.93,0.45,0.88,-0.081,-0.044,0.401,11.95,2.0,train
APDA-V2-POS-0428,NASA COOLR (Verified Event),25.07319,93.15517,1,1090.2,32.97,226.1,-0.04424,0.02872,6.15,38.96,151.57,379.02,7.27,0.357,0.329,0.696,-8.6,-13.99,-5.39,0.08,0.175,0.65,0.267,0.767,285.33,4.0,train
APDA-V2-NEG-0649,Spatial Negative Buffer Control,24.17474,92.45314,0,1376.8,4.38,312.3,-0.01241,-0.00694,5.9,2.42,23.62,55.6,0.4,0.167,0.153,0.367,-13.16,-22.95,-9.8,0.711,0.88,0.117,0.068,0.12,23.38,2.0,train
APDA-V2-NEG-0227,Spatial Negative Buffer Control,27.41069,93.17624,0,3387.6,5.46,108.8,0.00829,0.00788,7.3,8.57,28.75,42.79,1.43,0.065,0.06,0.155,-13.64,-22.21,-8.57,0.851,0.793,0.029,-0.139,0.149,21.28,1.0,train
APDA-V2-NEG-0854,Spatial Negative Buffer Control,26.8327,88.09077,0,1677.2,0.12,205.0,0.01172,0.01445,9.7,1.68,16.87,25.57,0.28,0.217,0.2,0.515,-13.41,-18.96,-5.55,0.811,0.779,-0.017,-0.194,0.151,16.41,1.0,train
APDA-V2-NEG-0450,Spatial Negative Buffer Control,24.49053,92.94309,0,285.5,1.34,278.0,-0.01074,0.00244,8.46,2.82,7.83,35.27,0.47,0.205,0.189,0.441,-14.43,-19.19,-4.75,0.783,0.755,-0.038,0.067,0.252,17.6,3.0,train
APDA-V2-NEG-0382,Spatial Negative Buffer Control,25.20293,91.8581,0,822.5,7.5,92.9,0.0052,0.01159,6.69,1.3,21.0,37.77,0.22,0.152,0.14,0.335,-13.7,-20.39,-6.7,0.715,0.55,-0.08,-0.099,0.228,19.19,1.0,train
APDA-V2-POS-0607,NASA COOLR (Verified Event),23.72655,92.71337,1,776.2,27.5,173.3,-0.06192,0.02939,6.29,142.57,350.38,525.43,23.28,0.458,0.409,0.921,-8.96,-16.88,-7.91,0.42,0.48,0.451,0.58,0.776,399.36,4.0,train
APDA-V2-POS-0594,NASA COOLR (Verified Event),25.56283,91.8814,1,1695.8,39.08,161.4,-0.07258,0.00625,5.39,48.23,193.55,361.18,10.91,0.425,0.38,0.85,-12.04,-18.33,-6.29,0.23,0.303,0.645,0.58,0.902,297.35,4.0,train
APDA-V2-NEG-0435,Spatial Negative Buffer Control,27.70058,91.99782,0,1545.4,4.27,66.1,0.00867,0.00554,7.59,0.63,20.81,44.55,0.1,0.203,0.187,0.469,-14.95,-16.46,-1.51,0.752,0.799,-0.079,0.0,0.203,26.22,1.0,train
APDA-V2-POS-0453,NASA COOLR (Verified Event),27.70051,88.58615,1,2530.9,35.62,201.2,-0.05629,0.0404,4.77,91.76,141.49,196.41,14.24,0.481,0.442,0.868,-9.38,-19.4,-10.02,0.08,0.48,0.65,0.58,0.62,147.99,5.0,train
APDA-V2-NEG-0573,Spatial Negative Buffer Control,25.35635,91.52815,0,1799.2,3.99,107.3,-0.00321,0.00738,7.41,23.51,34.85,42.28,3.92,0.09,0.083,0.187,-13.87,-18.77,-4.91,0.903,0.596,0.009,-0.18,0.057,24.9,1.0,train
APDA-V2-POS-0682,NASA COOLR (Verified Event),26.17228,91.75915,1,614.8,29.26,186.2,-0.04558,0.03445,6.5,77.26,203.71,267.49,14.97,0.438,0.393,0.795,-8.02,-14.45,-6.43,0.218,0.48,0.63,0.58,0.804,251.9,5.0,train
APDA-V2-POS-0425,NASA COOLR (Verified Event),25.59456,90.57703,1,962.5,24.71,148.2,-0.07914,0.04285,6.44,71.41,173.48,350.64,18.6,0.453,0.407,0.877,-9.25,-16.49,-7.24,0.148,0.417,0.553,0.439,0.881,298.23,5.0,train
APDA-V2-NEG-0583,Spatial Negative Buffer Control,27.16908,91.4615,0,2902.9,2.93,29.8,0.00095,0.01057,7.76,2.63,20.24,24.35,0.44,0.105,0.096,0.212,-12.46,-23.51,-11.05,0.898,0.88,-0.129,-0.166,0.124,14.16,2.0,train
APDA-V2-POS-0256,NASA COOLR (Verified Event),25.43561,92.19667,1,1947.1,39.79,153.1,-0.02413,0.02475,4.79,49.16,254.17,535.53,12.29,0.445,0.405,0.881,-10.59,-14.81,-4.22,0.363,0.48,0.65,0.58,0.957,419.18,5.0,train
APDA-V2-NEG-0663,Spatial Negative Buffer Control,27.33985,88.19535,0,2667.5,4.33,118.2,-0.00694,-0.00259,6.54,14.34,21.68,39.15,2.39,0.035,0.032,0.077,-12.12,-21.76,-9.64,0.696,0.637,-0.044,-0.2,0.398,23.58,1.0,train
APDA-V2-POS-0896,NASA COOLR (Verified Event),27.18282,88.36305,1,3404.5,31.18,235.0,-0.02793,-0.02326,5.32,35.0,121.29,186.8,10.37,0.486,0.436,0.925,-10.08,-13.5,-3.42,0.337,0.171,0.622,0.541,0.79,163.44,5.0,train
APDA-V2-POS-0673,NASA COOLR (Verified Event),25.53397,91.86797,1,1800.4,40.55,161.7,-0.01244,-0.00685,6.05,35.0,118.02,343.67,9.48,0.384,0.345,0.761,-8.82,-13.48,-4.66,0.42,0.396,0.531,0.58,0.755,275.47,5.0,train
APDA-V2-POS-0218,NASA COOLR (Verified Event),25.07113,93.15332,1,1161.8,40.24,190.1,-0.07528,0.02769,5.91,120.05,209.31,367.61,22.66,0.468,0.419,0.9,-9.28,-19.82,-10.54,0.398,0.48,0.65,0.58,0.837,307.75,5.0,train
APDA-V2-NEG-0648,Spatial Negative Buffer Control,25.01745,93.87764,0,804.2,13.65,285.2,-0.00717,0.00342,6.25,7.98,20.02,28.64,1.33,0.159,0.146,0.365,-17.25,-19.4,-2.15,0.671,0.666,-0.241,-0.054,0.435,16.81,1.0,train
APDA-V2-POS-0299,NASA COOLR (Verified Event),25.59822,90.5862,1,793.8,32.84,200.5,-0.08657,0.02807,6.3,139.0,255.05,393.32,20.08,0.436,0.391,0.873,-10.97,-15.58,-4.61,0.311,0.282,0.635,0.467,0.922,345.27,5.0,train
APDA-V2-POS-0208,NASA COOLR (Verified Event),23.7269,92.72082,1,751.9,24.65,177.0,-0.00122,0.07012,6.22,42.1,88.36,285.01,9.61,0.489,0.436,0.891,-7.29,-16.82,-9.53,0.42,0.48,0.469,0.505,0.944,261.62,4.0,train
APDA-V2-POS-0666,NASA COOLR (Verified Event),27.35489,92.41125,1,1516.5,34.5,148.3,0.03046,0.04886,5.3,80.94,275.98,570.58,14.35,0.458,0.419,0.904,-10.53,-12.17,-1.64,0.161,0.48,0.602,0.58,0.957,473.71,5.0,train
APDA-V2-POS-0454,NASA COOLR (Verified Event),27.32516,88.60861,1,2284.7,42.87,172.1,-0.05045,-0.00923,4.56,48.01,124.66,351.39,7.73,0.45,0.403,0.81,-11.52,-12.53,-1.0,0.165,0.373,0.611,0.58,0.62,323.05,5.0,train
APDA-V2-NEG-0724,Spatial Negative Buffer Control,25.78179,91.89455,0,983.5,16.0,112.7,-0.00306,0.0132,5.58,4.55,24.61,47.76,0.76,0.167,0.153,0.37,-16.87,-21.21,-4.34,0.783,0.872,-0.151,-0.049,0.187,28.32,1.0,train
APDA-V2-NEG-0750,Spatial Negative Buffer Control,27.77815,92.1943,0,3341.3,16.0,167.0,-0.0082,-0.00365,5.91,1.78,14.99,34.37,0.3,0.117,0.108,0.252,-13.06,-15.77,-2.71,0.607,0.845,-0.074,-0.005,0.288,18.07,1.0,train
APDA-V2-POS-0109,NASA COOLR (Verified Event),25.44352,92.20121,1,1042.2,46.32,166.0,-0.03503,0.01171,6.06,65.0,258.28,440.36,14.65,0.455,0.417,0.87,-10.82,-14.57,-3.75,0.42,0.478,0.65,0.58,0.704,407.18,4.0,train
APDA-V2-POS-0831,NASA COOLR (Verified Event),27.69218,88.58388,1,2781.3,38.93,199.7,-0.06668,-0.02238,5.87,78.02,196.92,339.63,18.72,0.387,0.344,0.68,-8.86,-16.62,-7.76,0.124,0.48,0.65,0.58,0.933,297.47,5.0,train
APDA-V2-NEG-0351,Spatial Negative Buffer Control,27.09243,92.68831,0,3751.0,3.79,144.3,0.00728,0.00421,7.63,3.07,4.03,36.04,0.51,0.28,0.257,0.614,-15.59,-19.83,-4.24,0.907,0.72,0.023,-0.054,0.143,19.55,2.0,train
APDA-V2-NEG-0042,Spatial Negative Buffer Control,26.77618,87.81806,0,1329.6,2.26,54.0,0.01795,0.00035,6.87,0.9,4.09,19.83,0.15,0.155,0.142,0.328,-14.35,-22.63,-8.28,0.92,0.88,0.143,-0.182,0.108,10.08,2.0,train
APDA-V2-POS-0611,NASA COOLR (Verified Event),25.30813,91.71022,1,1430.4,35.39,114.9,-0.03492,0.0348,6.34,57.36,266.56,473.12,15.72,0.368,0.34,0.765,-10.46,-16.53,-6.07,0.08,0.219,0.361,0.58,0.895,402.56,4.0,train
APDA-V2-POS-0578,NASA COOLR (Verified Event),26.01842,93.41626,1,702.6,33.0,211.4,-0.02086,0.0564,6.42,100.47,236.37,454.84,21.12,0.38,0.345,0.765,-9.47,-16.64,-7.17,0.401,0.262,0.65,0.444,0.969,418.66,5.0,train
APDA-V2-POS-0710,NASA COOLR (Verified Event),27.09169,93.61852,1,3721.2,32.54,247.2,-0.05884,-0.00242,5.49,129.32,215.14,291.64,18.8,0.445,0.407,0.813,-12.15,-15.69,-3.54,0.42,0.47,0.286,0.394,0.779,242.83,5.0,train
APDA-V2-NEG-0451,Spatial Negative Buffer Control,26.40772,92.18242,0,1034.9,3.55,56.6,0.00364,0.0105,7.7,7.05,26.53,50.85,1.18,0.114,0.105,0.265,-14.12,-18.55,-4.43,0.7,0.8,-0.023,-0.113,0.125,24.23,1.0,train
APDA-V2-NEG-0250,Spatial Negative Buffer Control,23.89088,92.99036,0,297.1,10.24,285.8,-0.00465,0.00606,5.95,11.74,25.92,36.21,1.96,0.256,0.236,0.564,-11.37,-18.3,-6.92,0.45,0.787,-0.055,-0.049,0.177,16.01,1.0,train
APDA-V2-POS-0805,NASA COOLR (Verified Event),25.18874,93.02143,1,799.5,37.18,236.2,-0.03791,0.01754,6.34,147.7,243.18,487.51,25.71,0.42,0.376,0.834,-9.39,-17.1,-7.71,0.266,0.48,0.619,0.496,0.639,405.9,5.0,train
APDA-V2-POS-0240,NASA COOLR (Verified Event),24.83627,92.80105,1,702.5,28.83,158.3,-0.0595,0.03216,6.46,35.0,231.05,351.34,6.99,0.391,0.349,0.68,-9.69,-17.95,-8.25,0.403,0.286,0.425,0.58,0.662,280.36,4.0,train
APDA-V2-NEG-0140,Spatial Negative Buffer Control,27.62828,88.13794,0,3244.1,0.47,19.2,0.00461,-0.00493,9.42,4.61,14.38,36.68,0.77,0.289,0.265,0.634,-12.48,-20.36,-7.87,0.797,0.721,0.054,0.043,0.229,22.57,2.0,train
APDA-V2-POS-0315,NASA COOLR (Verified Event),27.03551,88.27046,1,1873.0,38.3,200.0,-0.03141,0.04852,5.8,75.17,202.78,401.6,18.04,0.367,0.32,0.68,-8.23,-16.77,-8.55,0.42,0.45,0.65,0.307,0.929,314.18,4.0,train
APDA-V2-NEG-0771,Spatial Negative Buffer Control,27.06594,92.04251,0,2810.8,4.96,306.8,-0.01034,0.01893,6.97,3.0,22.17,61.92,0.5,0.201,0.185,0.456,-17.15,-20.84,-3.69,0.685,0.603,-0.001,-0.112,0.15,26.64,2.0,train
APDA-V2-POS-0812,NASA COOLR (Verified Event),27.18632,88.36029,1,1952.8,32.22,276.4,-0.11957,0.03986,5.86,96.66,219.61,451.22,19.37,0.443,0.395,0.864,-10.16,-16.25,-6.09,0.363,0.48,0.536,0.401,0.769,415.68,5.0,train
APDA-V2-NEG-0006,Spatial Negative Buffer Control,25.97622,92.17809,0,1562.5,4.34,35.0,-0.01157,0.00582,6.68,6.14,6.97,9.66,1.02,0.063,0.058,0.142,-12.38,-19.44,-7.06,0.8,0.55,-0.033,-0.2,0.366,5.66,1.0,train
APDA-V2-POS-0834,NASA COOLR (Verified Event),27.34543,92.42191,1,2064.0,41.59,86.7,-0.04552,0.00247,5.33,39.84,229.75,423.55,10.32,0.325,0.298,0.68,-9.06,-13.34,-4.28,0.092,0.48,0.564,0.523,0.882,373.91,5.0,train
APDA-V2-NEG-0536,Spatial Negative Buffer Control,25.59226,93.85327,0,1298.2,9.09,186.0,-0.00048,0.02493,4.98,5.17,6.87,15.1,0.86,0.167,0.154,0.373,-14.11,-17.85,-3.74,0.683,0.824,0.028,-0.134,0.48,6.91,2.0,train
APDA-V2-NEG-0429,Spatial Negative Buffer Control,24.3853,92.37,0,1285.1,0.51,67.5,-0.00243,0.02977,8.39,11.6,24.4,41.61,1.93,0.186,0.171,0.432,-11.04,-19.72,-8.68,0.601,0.816,-0.001,-0.166,0.455,25.52,1.0,train
APDA-V2-POS-0414,NASA COOLR (Verified Event),27.35045,92.42315,1,1702.4,32.49,222.7,0.00781,0.02275,6.42,141.33,226.27,446.5,22.72,0.401,0.354,0.725,-8.31,-9.78,-1.47,0.185,0.48,0.65,0.58,0.741,418.79,5.0,train
APDA-V2-POS-0569,NASA COOLR (Verified Event),25.30093,91.70844,1,1476.4,26.78,268.5,-0.0296,0.03837,6.18,35.0,156.95,351.0,9.17,0.473,0.432,0.881,-11.21,-16.93,-5.72,0.42,0.48,0.628,0.538,0.91,321.44,5.0,train
APDA-V2-POS-0733,NASA COOLR (Verified Event),23.72862,92.71748,1,1222.2,30.71,170.7,-0.0604,0.02776,5.89,48.66,122.52,370.27,9.93,0.375,0.333,0.68,-12.88,-16.96,-4.08,0.42,0.425,0.612,0.58,0.733,290.08,4.0,train
APDA-V2-POS-0324,NASA COOLR (Verified Event),24.84019,92.80307,1,717.7,40.83,226.3,-0.03707,0.03936,5.44,103.84,233.18,486.45,27.86,0.435,0.399,0.913,-8.22,-19.49,-11.27,0.226,0.254,0.65,0.58,0.843,441.07,5.0,train
APDA-V2-POS-0331,NASA COOLR (Verified Event),27.57659,91.85629,1,2368.3,29.66,190.4,-0.05926,0.05222,5.7,86.31,195.04,384.8,16.36,0.492,0.446,0.919,-12.39,-15.1,-2.72,0.279,0.211,0.452,0.381,0.701,318.43,5.0,train
APDA-V2-POS-0357,NASA COOLR (Verified Event),27.03378,88.25752,1,3295.4,42.42,91.1,-0.04146,0.03334,5.71,83.75,272.55,339.27,18.51,0.414,0.365,0.79,-9.81,-14.88,-5.07,0.326,0.48,0.65,0.58,0.852,257.83,5.0,train
APDA-V2-POS-0634,NASA COOLR (Verified Event),25.44424,92.19595,1,1737.8,28.51,204.3,-0.06611,0.00204,6.2,71.72,254.99,403.73,10.44,0.422,0.389,0.773,-9.42,-16.41,-6.99,0.155,0.48,0.566,0.58,0.888,328.68,5.0,train
APDA-V2-POS-0047,NASA COOLR (Verified Event),25.60057,90.57602,1,1625.1,47.53,213.7,-0.12514,0.04449,5.43,35.0,120.84,229.9,10.1,0.45,0.406,0.821,-7.32,-11.54,-4.21,0.42,0.133,0.65,0.58,0.805,178.9,4.0,train
APDA-V2-NEG-0069,Spatial Negative Buffer Control,25.30947,92.13138,0,1357.6,0.21,193.2,-0.02082,-0.00423,9.26,0.75,1.35,8.05,0.13,0.173,0.159,0.393,-14.15,-23.38,-9.23,0.904,0.638,-0.017,-0.023,0.125,3.8,1.0,train
APDA-V2-NEG-0517,Spatial Negative Buffer Control,27.0114,88.85431,0,3770.0,7.87,4.0,-0.01957,-0.00511,6.79,14.63,34.24,44.03,2.44,0.283,0.26,0.6,-14.74,-20.25,-5.51,0.722,0.803,-0.25,-0.011,0.273,24.96,1.0,train
APDA-V2-NEG-0886,Spatial Negative Buffer Control,25.71512,91.78981,0,1518.3,12.98,1.3,0.00362,0.0137,6.31,0.06,22.25,47.04,0.01,0.139,0.128,0.314,-13.93,-21.37,-7.44,0.571,0.88,-0.144,-0.019,0.106,22.35,3.0,train
APDA-V2-NEG-0119,Spatial Negative Buffer Control,27.45416,88.15511,0,3382.2,0.45,156.0,0.00183,0.00641,8.89,15.73,30.35,43.24,2.62,0.137,0.126,0.302,-10.74,-24.58,-13.84,0.609,0.803,-0.059,-0.086,0.244,27.69,1.0,train
APDA-V2-POS-0252,NASA COOLR (Verified Event),27.03748,88.2585,1,2620.6,34.29,214.0,-0.07319,-0.00988,5.14,85.96,160.66,352.18,17.95,0.417,0.377,0.81,-11.7,-20.37,-8.67,0.357,0.278,0.65,0.58,0.915,321.75,5.0,train
APDA-V2-NEG-0848,Spatial Negative Buffer Control,24.86716,92.94298,0,1044.5,13.68,208.5,0.00442,-0.00744,5.8,1.43,9.21,17.64,0.24,0.299,0.275,0.608,-15.3,-15.98,-0.68,0.608,0.683,-0.132,-0.122,0.469,10.67,1.0,train
APDA-V2-POS-0411,NASA COOLR (Verified Event),27.69504,88.57889,1,3455.5,30.99,31.6,-0.05305,0.02101,6.45,62.82,265.97,505.66,15.91,0.382,0.342,0.75,-7.98,-14.56,-6.58,0.405,0.43,0.65,0.541,0.908,391.73,4.0,train
APDA-V2-NEG-0661,Spatial Negative Buffer Control,25.8867,91.91284,0,1052.1,4.75,246.9,0.02083,-0.00752,6.38,10.26,23.84,39.13,1.71,0.154,0.141,0.311,-13.66,-19.29,-5.63,0.45,0.852,-0.063,-0.2,0.095,17.49,1.0,train
APDA-V2-NEG-0028,Spatial Negative Buffer Control,25.33703,93.18955,0,1625.2,0.38,95.2,0.0008,0.02302,9.06,2.72,15.74,26.65,0.45,0.063,0.058,0.126,-9.42,-18.02,-8.6,0.869,0.793,-0.08,-0.065,0.138,15.2,2.0,train
APDA-V2-NEG-0895,Spatial Negative Buffer Control,27.70976,88.88602,0,1691.7,7.02,37.4,-0.00212,0.02241,6.77,16.9,26.41,55.43,2.82,0.221,0.203,0.489,-9.94,-19.33,-9.39,0.633,0.88,-0.106,-0.125,0.435,27.58,2.0,train
APDA-V2-POS-0850,NASA COOLR (Verified Event),26.16939,91.75223,1,1923.2,30.48,90.0,-0.07052,0.03204,5.69,79.14,225.12,502.03,21.34,0.399,0.367,0.774,-3.6,-19.35,-15.75,0.42,0.338,0.65,0.58,0.852,468.87,5.0,train
APDA-V2-POS-0238,NASA COOLR (Verified Event),25.19086,93.02388,1,1312.5,35.39,210.1,-0.01409,0.05882,5.77,71.66,158.48,281.77,16.19,0.332,0.303,0.687,-10.56,-17.29,-6.73,0.088,0.381,0.65,0.58,0.644,262.06,5.0,train
APDA-V2-POS-0712,NASA COOLR (Verified Event),23.72963,92.7118,1,1126.7,34.62,221.5,-0.08581,-0.01729,5.11,113.49,178.16,465.36,23.72,0.377,0.334,0.697,-7.51,-19.59,-12.07,0.08,0.241,0.65,0.206,0.903,370.57,5.0,train
APDA-V2-POS-0840,NASA COOLR (Verified Event),27.03351,88.25959,1,2491.9,28.36,230.7,-0.06356,0.0564,6.1,83.83,161.41,348.28,15.1,0.485,0.446,0.882,-9.42,-17.14,-7.72,0.228,0.381,0.421,0.58,0.743,297.45,4.0,train
APDA-V2-POS-0873,NASA COOLR (Verified Event),27.69511,88.5875,1,2938.2,42.95,169.5,0.00311,0.04622,5.87,143.27,257.57,345.04,26.04,0.491,0.456,0.895,-7.11,-16.57,-9.46,0.42,0.457,0.65,0.496,0.856,293.6,4.0,train
APDA-V2-NEG-0005,Spatial Negative Buffer Control,25.87775,90.95419,0,1049.6,0.09,207.4,0.00487,-0.00475,9.72,7.85,21.6,37.01,1.31,0.207,0.19,0.436,-13.28,-25.35,-12.07,0.712,0.795,0.0,-0.125,0.246,20.86,1.0,train
APDA-V2-POS-0465,NASA COOLR (Verified Event),25.75242,91.90048,1,1669.2,41.06,293.2,-0.05981,0.05454,5.65,55.79,211.93,430.11,15.6,0.477,0.438,0.862,-11.46,-15.47,-4.01,0.167,0.425,0.65,0.58,0.683,369.68,5.0,train
APDA-V2-POS-0468,NASA COOLR (Verified Event),25.57451,91.88516,1,1186.4,32.34,201.9,-0.0536,0.04342,4.99,54.58,231.35,296.02,10.29,0.417,0.372,0.744,-10.23,-18.01,-7.77,0.401,0.48,0.619,0.472,0.885,247.21,4.0,train
APDA-V2-NEG-0122,Spatial Negative Buffer Control,26.96595,93.42068,0,901.2,7.41,233.6,-0.00202,-0.02133,5.58,1.87,9.04,24.76,0.31,0.152,0.14,0.323,-14.07,-16.81,-2.74,0.859,0.7,-0.035,0.007,0.165,10.59,1.0,train
APDA-V2-POS-0295,NASA COOLR (Verified Event),25.54006,91.87602,1,1587.2,45.41,193.1,-0.01579,0.03275,5.86,87.1,196.87,255.88,23.57,0.482,0.433,0.859,-7.62,-15.86,-8.24,0.42,0.48,0.616,0.58,0.726,208.81,5.0,train
APDA-V2-POS-0714,NASA COOLR (Verified Event),27.03973,88.26523,1,1490.1,44.36,154.0,-0.06704,-0.00313,5.27,89.58,163.1,288.35,17.23,0.377,0.333,0.752,-12.1,-13.36,-1.27,0.261,0.165,0.65,0.544,0.699,260.93,5.0,train
APDA-V2-POS-0121,NASA COOLR (Verified Event),27.58506,91.87278,1,1766.4,25.35,164.4,0.00352,0.02496,6.84,59.48,177.82,276.62,13.08,0.44,0.401,0.888,-6.14,-16.48,-10.34,0.154,0.438,0.648,0.58,0.854,232.2,4.0,train
APDA-V2-POS-0416,NASA COOLR (Verified Event),27.09848,93.62025,1,1982.5,39.31,223.7,-0.01983,0.00783,4.73,96.66,271.8,499.45,18.5,0.438,0.405,0.883,-9.76,-14.54,-4.78,0.42,0.289,0.245,0.58,0.763,434.02,5.0,train
APDA-V2-POS-0031,NASA COOLR (Verified Event),26.17747,91.76141,1,1476.0,29.15,123.1,-0.0315,0.01157,6.12,64.02,192.7,483.89,14.91,0.434,0.4,0.821,-9.2,-10.1,-0.9,0.112,0.201,0.65,0.556,0.62,443.99,5.0,train
APDA-V2-NEG-0694,Spatial Negative Buffer Control,25.08926,92.3028,0,1534.7,2.65,111.8,-0.00842,-0.00667,6.61,1.62,24.41,30.92,0.27,0.087,0.08,0.189,-14.74,-21.05,-6.31,0.539,0.56,-0.048,-0.035,0.142,17.74,1.0,train
APDA-V2-POS-0284,NASA COOLR (Verified Event),26.01126,93.42049,1,1867.7,34.7,187.0,-0.0247,0.02819,6.36,48.18,218.07,488.3,16.95,0.463,0.418,0.931,-8.67,-13.23,-4.56,0.08,0.174,0.576,0.58,0.807,441.59,5.0,train
APDA-V2-POS-0285,NASA COOLR (Verified Event),27.6908,88.58723,1,2035.7,49.72,189.8,-0.07433,0.05123,5.9,53.32,251.99,387.29,12.41,0.504,0.465,0.921,-7.36,-15.73,-8.37,0.13,0.431,0.535,0.58,0.62,321.04,5.0,train
APDA-V2-POS-0686,NASA COOLR (Verified Event),27.1791,88.35534,1,3262.2,34.98,185.4,-0.03363,0.01735,4.83,90.53,272.41,379.89,15.87,0.457,0.409,0.862,-14.34,-16.22,-1.88,0.172,0.168,0.544,0.443,0.793,346.28,5.0,train
APDA-V2-NEG-0691,Spatial Negative Buffer Control,24.07739,92.875,0,556.1,3.24,44.5,0.00994,-0.00133,7.35,17.79,42.22,55.27,2.96,0.096,0.089,0.197,-12.6,-17.37,-4.77,0.624,0.866,0.005,0.019,0.433,24.08,1.0,train
APDA-V2-NEG-0604,Spatial Negative Buffer Control,27.19476,91.71385,0,2779.5,5.23,177.6,-0.01429,-0.00378,5.75,0.79,4.67,35.03,0.13,0.243,0.223,0.507,-13.22,-17.59,-4.37,0.885,0.818,-0.082,-0.124,0.445,22.23,2.0,train
APDA-V2-NEG-0215,Spatial Negative Buffer Control,25.89419,90.9104,0,1694.5,4.16,347.1,-0.00277,0.00042,7.61,0.58,5.28,31.36,0.1,0.088,0.081,0.196,-15.7,-17.77,-2.07,0.892,0.88,-0.059,-0.125,0.373,15.38,1.0,train
APDA-V2-POS-0139,NASA COOLR (Verified Event),27.33296,88.61012,1,2633.2,43.58,159.6,-0.06301,0.04882,5.86,129.9,288.12,581.55,16.09,0.347,0.311,0.703,-12.7,-14.11,-1.4,0.087,0.342,0.506,0.58,0.849,515.51,5.0,train
APDA-V2-POS-0645,NASA COOLR (Verified Event),27.35197,92.41865,1,3013.6,23.44,227.9,-0.06206,0.01989,6.26,85.24,200.07,250.21,15.24,0.487,0.441,0.934,-11.27,-16.77,-5.5,0.42,0.3,0.381,0.58,0.807,229.75,5.0,train
APDA-V2-NEG-0585,Spatial Negative Buffer Control,25.16154,93.87688,0,1772.2,0.15,193.6,-0.00622,-0.00585,9.46,8.96,19.91,25.61,1.49,0.159,0.147,0.327,-13.39,-18.14,-4.76,0.868,0.64,0.004,0.087,0.106,13.68,2.0,train
APDA-V2-POS-0213,NASA COOLR (Verified Event),25.74744,91.89494,1,844.4,30.88,166.4,-0.04586,0.02189,5.83,96.47,285.33,580.98,13.31,0.39,0.352,0.802,-9.07,-13.46,-4.39,0.184,0.48,0.65,0.58,0.907,495.28,4.0,train
APDA-V2-NEG-0217,Spatial Negative Buffer Control,25.32002,92.74534,0,823.7,11.89,179.8,-0.01262,-0.00892,6.02,0.08,22.73,39.11,0.01,0.08,0.073,0.182,-10.0,-18.28,-8.28,0.841,0.71,0.008,-0.12,0.308,19.89,1.0,train
APDA-V2-POS-0877,NASA COOLR (Verified Event),27.5857,91.86318,1,2017.2,46.33,197.9,-0.05283,0.05057,6.05,35.0,211.35,369.03,10.07,0.407,0.367,0.77,-8.92,-10.9,-1.98,0.42,0.48,0.639,0.58,0.62,306.02,5.0,train
APDA-V2-POS-0567,NASA COOLR (Verified Event),27.03924,88.26248,1,1429.9,37.41,141.6,-0.03572,0.06031,4.83,42.48,226.4,514.74,7.77,0.418,0.38,0.744,-8.19,-12.7,-4.51,0.198,0.45,0.65,0.58,0.793,450.81,5.0,train
APDA-V2-POS-0042,NASA COOLR (Verified Event),27.04627,88.26027,1,2788.9,40.25,182.8,-0.02636,0.03814,5.67,62.18,231.94,353.93,10.52,0.466,0.417,0.825,-7.91,-14.12,-6.21,0.42,0.48,0.496,0.58,0.861,329.52,5.0,train
APDA-V2-POS-0351,NASA COOLR (Verified Event),27.34746,92.41776,1,1476.1,33.97,146.2,-0.00426,0.03904,6.07,106.03,233.98,327.05,22.86,0.466,0.419,0.928,-10.45,-17.02,-6.57,0.42,0.261,0.65,0.48,0.62,262.27,4.0,train
APDA-V2-NEG-0558,Spatial Negative Buffer Control,27.53682,88.17112,0,3727.9,2.29,343.0,-0.00309,-0.00499,7.73,5.64,22.01,52.56,0.94,0.234,0.216,0.556,-12.95,-21.54,-8.59,0.749,0.793,0.029,-0.106,0.103,24.39,1.0,train
APDA-V2-NEG-0385,Spatial Negative Buffer Control,24.78741,92.68986,0,985.0,7.49,266.8,-0.00066,0.01363,6.38,0.12,11.33,33.13,0.02,0.085,0.078,0.173,-14.06,-20.03,-5.97,0.712,0.88,-0.062,-0.083,0.167,21.09,2.0,train
APDA-V2-NEG-0333,Spatial Negative Buffer Control,25.11962,94.10907,0,1729.1,4.4,267.4,0.00949,0.00677,7.0,3.3,24.91,30.52,0.55,0.296,0.272,0.6,-14.8,-20.96,-6.16,0.778,0.55,-0.12,-0.105,0.317,12.75,2.0,train
APDA-V2-POS-0510,NASA COOLR (Verified Event),25.57134,91.87861,1,783.6,31.73,228.3,0.01272,0.08536,5.83,88.73,150.36,287.27,16.31,0.394,0.365,0.785,-9.44,-16.07,-6.63,0.249,0.184,0.345,0.517,0.62,260.22,4.0,train
APDA-V2-NEG-0388,Spatial Negative Buffer Control,26.58067,92.02734,0,633.4,7.82,358.9,-0.00201,0.00133,5.36,4.87,10.01,47.25,0.81,0.138,0.127,0.291,-11.44,-21.18,-9.74,0.77,0.844,-0.122,-0.179,0.17,28.03,1.0,train
APDA-V2-NEG-0384,Spatial Negative Buffer Control,25.22234,91.69036,0,790.8,3.46,62.1,-0.00247,0.00406,6.95,1.72,7.14,30.6,0.29,0.049,0.045,0.109,-17.29,-21.24,-3.95,0.45,0.7,-0.037,-0.028,0.448,14.26,2.0,train
APDA-V2-POS-0883,NASA COOLR (Verified Event),25.53267,91.86391,1,640.3,35.91,237.2,0.01901,0.01805,4.83,104.93,303.44,467.77,22.01,0.35,0.304,0.68,-10.4,-15.85,-5.45,0.167,0.317,0.65,0.58,0.88,374.28,5.0,train
APDA-V2-POS-0495,NASA COOLR (Verified Event),27.69059,88.58355,1,2080.6,44.0,237.5,-0.1059,0.05569,5.91,44.95,202.61,259.72,15.18,0.488,0.437,0.923,-8.59,-15.41,-6.82,0.42,0.48,0.344,0.58,0.668,229.87,4.0,train
APDA-V2-POS-0452,NASA COOLR (Verified Event),26.01387,93.422,1,1524.9,32.93,219.3,-0.01139,0.01614,5.7,120.55,299.37,374.4,18.42,0.387,0.35,0.777,-7.67,-14.92,-7.25,0.313,0.12,0.356,0.431,0.891,284.87,4.0,train
APDA-V2-NEG-0079,Spatial Negative Buffer Control,27.36872,91.71401,0,1501.7,0.07,127.1,-0.02307,0.00845,7.97,2.73,7.22,45.74,0.46,0.211,0.194,0.492,-13.83,-22.26,-8.43,0.45,0.88,-0.008,-0.069,0.262,25.89,1.0,train
APDA-V2-POS-0890,NASA COOLR (Verified Event),25.07264,93.15265,1,1786.2,36.66,137.3,-0.0387,0.03933,5.8,51.62,180.03,422.21,10.24,0.502,0.466,0.953,-9.6,-15.73,-6.13,0.42,0.173,0.647,0.508,0.799,379.73,5.0,train
APDA-V2-POS-0562,NASA COOLR (Verified Event),27.58757,91.87299,1,2105.3,31.02,210.7,-0.05501,0.01691,5.81,53.41,129.75,302.13,11.89,0.359,0.316,0.707,-6.54,-16.59,-10.05,0.285,0.309,0.561,0.18,0.857,274.78,5.0,train
APDA-V2-POS-0192,NASA COOLR (Verified Event),25.75352,91.90733,1,1352.1,40.68,192.0,-0.07461,0.00618,6.24,81.06,132.54,300.93,17.68,0.429,0.383,0.852,-10.32,-15.78,-5.47,0.42,0.48,0.554,0.58,0.885,245.37,4.0,train
APDA-V2-NEG-0483,Spatial Negative Buffer Control,27.20888,87.9657,0,2605.9,4.54,322.2,0.00065,0.00392,6.49,0.78,21.15,59.27,0.13,0.11,0.101,0.257,-14.43,-24.82,-10.39,0.688,0.88,-0.157,-0.147,0.237,38.3,1.0,train
APDA-V2-POS-0511,NASA COOLR (Verified Event),25.17925,93.02866,1,1206.3,41.96,158.2,-0.04666,0.04845,5.37,40.68,158.18,368.59,9.59,0.366,0.329,0.734,-10.9,-11.77,-0.87,0.344,0.238,0.427,0.491,0.644,325.95,4.0,train
APDA-V2-NEG-0899,Spatial Negative Buffer Control,26.84026,93.31661,0,1720.6,1.6,229.8,-0.0014,0.00353,7.42,4.05,28.57,63.23,0.67,0.126,0.116,0.295,-11.76,-21.83,-10.07,0.917,0.88,-0.135,-0.072,0.09,33.46,3.0,train
APDA-V2-NEG-0201,Spatial Negative Buffer Control,28.01868,88.77805,0,1970.8,5.6,335.9,0.00105,-0.00141,6.14,3.09,25.28,29.44,0.51,0.026,0.024,0.054,-14.02,-22.67,-8.65,0.837,0.55,-0.008,-0.007,0.259,18.78,1.0,train
APDA-V2-NEG-0656,Spatial Negative Buffer Control,25.19686,90.79113,0,1160.9,9.17,283.4,-0.00888,-0.00323,5.08,18.65,21.11,40.49,3.11,0.009,0.009,0.02,-13.31,-21.25,-7.94,0.511,0.723,0.025,0.099,0.238,25.61,1.0,train
APDA-V2-NEG-0149,Spatial Negative Buffer Control,25.70615,91.89136,0,684.5,1.35,21.3,-0.0005,-0.00372,7.32,1.61,11.92,43.39,0.27,0.346,0.319,0.783,-13.47,-14.3,-0.84,0.624,0.595,-0.087,-0.063,0.057,24.97,1.0,train
APDA-V2-POS-0521,NASA COOLR (Verified Event),27.10242,93.6216,1,2884.5,33.5,139.7,-0.03949,0.00797,5.88,95.05,197.95,456.15,22.1,0.441,0.405,0.89,-9.72,-18.11,-8.38,0.42,0.389,0.646,0.53,0.714,433.18,5.0,train
APDA-V2-NEG-0807,Spatial Negative Buffer Control,24.9933,92.61172,0,1394.1,1.03,194.0,0.00077,-4e-05,7.94,0.86,16.1,42.17,0.14,0.151,0.138,0.329,-14.15,-18.93,-4.78,0.796,0.757,-0.182,-0.008,0.249,19.18,1.0,train
APDA-V2-POS-0174,NASA COOLR (Verified Event),25.5696,91.87985,1,1379.2,24.7,202.7,-0.11794,-0.00104,5.62,58.04,128.4,424.02,13.49,0.358,0.324,0.68,-8.68,-14.34,-5.66,0.304,0.48,0.65,0.501,0.827,352.28,5.0,train
APDA-V2-POS-0333,NASA COOLR (Verified Event),24.78332,93.68254,1,1135.1,49.47,182.7,-0.05214,0.05482,5.6,37.37,151.06,440.29,6.64,0.344,0.303,0.68,-12.06,-19.23,-7.17,0.375,0.332,0.605,0.58,0.636,413.01,5.0,train
APDA-V2-NEG-0253,Spatial Negative Buffer Control,25.95076,91.9922,0,728.4,11.44,110.4,-0.00245,0.00938,5.11,3.01,3.92,16.55,0.5,0.1,0.092,0.211,-15.18,-15.86,-0.68,0.764,0.679,-0.139,-0.169,0.14,6.7,1.0,train
APDA-V2-POS-0163,NASA COOLR (Verified Event),27.58209,91.86724,1,1918.3,25.9,233.3,-0.04598,0.01559,6.5,45.0,206.73,310.33,12.09,0.481,0.439,0.94,-7.46,-11.7,-4.24,0.108,0.48,0.65,0.453,0.819,267.27,5.0,train
APDA-V2-POS-0746,NASA COOLR (Verified Event),26.00241,93.42571,1,645.4,44.31,221.2,0.02847,0.02284,4.65,82.96,238.62,440.55,20.58,0.401,0.366,0.795,-10.46,-13.54,-3.07,0.108,0.167,0.65,0.58,0.636,382.85,5.0,train
APDA-V2-NEG-0740,Spatial Negative Buffer Control,25.9159,90.84572,0,1698.0,8.5,293.9,0.0012,0.01624,5.5,4.3,17.61,50.75,0.72,0.316,0.291,0.696,-15.08,-20.0,-4.92,0.705,0.67,0.15,-0.163,0.168,25.52,1.0,train
APDA-V2-NEG-0261,Spatial Negative Buffer Control,25.03932,92.65966,0,1470.0,2.36,137.1,0.00463,-0.00153,7.35,6.15,11.42,23.73,1.02,0.199,0.183,0.427,-14.67,-18.03,-3.35,0.87,0.88,-0.05,-0.064,0.07,9.55,2.0,train
APDA-V2-NEG-0409,Spatial Negative Buffer Control,26.32347,92.10344,0,778.8,1.3,203.0,0.01132,0.0174,8.43,8.34,10.91,46.58,1.39,0.304,0.28,0.663,-14.03,-21.64,-7.61,0.902,0.776,-0.106,-0.036,0.055,29.67,1.0,train
APDA-V2-POS-0647,NASA COOLR (Verified Event),27.09424,93.60836,1,2048.4,40.97,169.1,-0.07492,0.02927,5.91,35.0,189.55,256.28,10.48,0.459,0.416,0.895,-6.88,-12.26,-5.38,0.42,0.169,0.463,0.469,0.915,231.1,5.0,train
APDA-V2-NEG-0398,Spatial Negative Buffer Control,25.34623,94.27552,0,1094.3,0.97,236.1,0.00512,-0.00584,8.34,0.43,11.01,43.7,0.07,0.118,0.108,0.266,-18.99,-18.07,0.92,0.771,0.783,-0.043,-0.133,0.244,20.44,1.0,train
APDA-V2-NEG-0358,Spatial Negative Buffer Control,25.96676,91.64099,0,1753.6,8.26,205.1,-0.00473,0.009,5.57,1.66,10.17,33.97,0.28,0.045,0.041,0.094,-10.32,-24.34,-14.02,0.809,0.88,0.014,-0.105,0.169,21.34,2.0,train
APDA-V2-NEG-0510,Spatial Negative Buffer Control,25.23916,91.58458,0,1537.6,8.38,135.9,0.00554,-0.0074,6.73,2.03,16.46,28.25,0.34,0.222,0.204,0.512,-12.71,-21.25,-8.54,0.605,0.787,-0.087,-0.084,0.2,16.96,2.0,train
APDA-V2-NEG-0504,Spatial Negative Buffer Control,27.17079,87.99039,0,2464.8,6.68,244.5,0.00224,-0.02606,6.5,18.7,23.71,57.93,3.12,0.142,0.131,0.304,-9.16,-18.88,-9.72,0.92,0.88,-0.046,-0.091,0.264,28.81,2.0,train
APDA-V2-POS-0450,NASA COOLR (Verified Event),24.83197,92.7998,1,1140.5,33.91,177.3,-0.03031,0.05361,6.46,76.33,196.93,463.97,12.66,0.468,0.417,0.83,-5.65,-16.79,-11.14,0.352,0.48,0.54,0.58,0.838,369.17,4.0,train
APDA-V2-NEG-0744,Spatial Negative Buffer Control,25.178,93.15352,0,1821.2,4.75,293.0,4e-05,-0.01036,6.76,13.57,30.96,43.35,2.26,0.152,0.14,0.309,-11.62,-22.73,-11.11,0.92,0.88,0.016,-0.068,0.298,25.9,1.0,train
APDA-V2-NEG-0048,Spatial Negative Buffer Control,25.75559,92.22826,0,1328.4,1.72,301.8,-0.00962,0.02281,8.0,3.93,19.07,53.38,0.65,0.094,0.087,0.195,-12.17,-22.58,-10.41,0.755,0.55,-0.219,-0.126,0.359,22.53,1.0,train
APDA-V2-NEG-0146,Spatial Negative Buffer Control,25.51401,93.88643,0,1058.5,1.55,39.0,-0.00305,0.00436,8.21,18.56,41.1,57.48,3.09,0.13,0.12,0.303,-16.41,-19.15,-2.75,0.724,0.88,-0.01,-0.036,0.336,33.18,1.0,train
APDA-V2-NEG-0462,Spatial Negative Buffer Control,26.71503,88.66332,0,1957.3,3.08,331.2,0.0019,0.00569,7.29,0.06,9.79,20.37,0.01,0.106,0.098,0.243,-19.23,-18.33,0.9,0.811,0.729,-0.06,-0.142,0.058,8.45,2.0,train
APDA-V2-NEG-0211,Spatial Negative Buffer Control,25.27562,92.06685,0,1649.5,1.26,161.3,0.00139,0.00468,7.63,9.85,19.74,58.34,1.64,0.149,0.137,0.343,-15.96,-21.89,-5.93,0.825,0.846,-0.188,-0.139,0.445,31.45,2.0,train
APDA-V2-NEG-0511,Spatial Negative Buffer Control,24.96376,92.6028,0,755.9,11.92,326.7,-0.00771,0.00139,6.45,9.08,20.74,57.51,1.51,0.038,0.035,0.082,-13.47,-19.02,-5.56,0.742,0.769,-0.02,-0.102,0.48,26.11,3.0,train
APDA-V2-NEG-0731,Spatial Negative Buffer Control,27.52033,93.3974,0,2415.4,1.0,157.2,0.00272,0.01219,7.98,9.53,34.38,47.6,1.59,0.231,0.212,0.462,-15.28,-20.53,-5.24,0.63,0.812,-0.079,-0.061,0.441,30.84,2.0,train
APDA-V2-POS-0497,NASA COOLR (Verified Event),27.18615,88.3648,1,3621.8,29.56,246.4,-0.0574,0.01115,6.18,47.89,223.71,380.37,13.11,0.443,0.411,0.805,-8.38,-12.83,-4.45,0.383,0.136,0.65,0.43,0.62,308.65,4.0,train
APDA-V2-POS-0176,NASA COOLR (Verified Event),25.08612,93.1595,1,1518.7,33.9,104.5,-0.07173,0.09486,5.63,70.0,169.93,360.2,14.13,0.35,0.311,0.68,-13.97,-19.29,-5.31,0.326,0.455,0.459,0.58,0.697,335.68,4.0,train
APDA-V2-POS-0044,NASA COOLR (Verified Event),25.29745,91.71148,1,650.4,42.04,107.6,-0.02171,0.05244,6.01,95.37,198.61,416.82,22.18,0.456,0.414,0.867,-10.57,-14.15,-3.58,0.42,0.48,0.65,0.267,0.634,332.2,4.0,train
APDA-V2-NEG-0786,Spatial Negative Buffer Control,25.22676,92.6436,0,964.4,3.92,168.6,0.00988,-0.00605,7.18,5.4,17.88,20.35,0.9,0.054,0.05,0.11,-10.6,-22.18,-11.58,0.596,0.586,-0.04,-0.126,0.117,10.38,3.0,train
APDA-V2-NEG-0421,Spatial Negative Buffer Control,25.23346,91.98914,0,999.3,7.23,135.5,0.00124,0.0046,6.92,7.38,22.26,46.58,1.23,0.17,0.156,0.347,-14.51,-17.39,-2.88,0.849,0.873,0.019,0.013,0.261,30.18,2.0,train
APDA-V2-NEG-0628,Spatial Negative Buffer Control,23.56031,93.06266,0,1037.0,3.22,348.5,0.00767,0.00761,6.38,8.35,14.54,33.39,1.39,0.094,0.087,0.22,-12.48,-25.63,-13.15,0.897,0.735,0.029,-0.048,0.48,17.43,1.0,train
APDA-V2-NEG-0271,Spatial Negative Buffer Control,23.39297,92.48718,0,1402.5,11.27,222.5,0.01644,-0.00296,6.33,9.6,29.04,63.81,1.6,0.072,0.066,0.169,-11.16,-18.92,-7.76,0.45,0.55,-0.15,-0.006,0.182,40.51,2.0,train
APDA-V2-POS-0582,NASA COOLR (Verified Event),27.34859,92.41159,1,2057.8,53.89,182.9,-0.02515,0.00681,5.6,65.58,220.63,378.83,14.78,0.375,0.336,0.743,-8.76,-15.83,-7.07,0.181,0.297,0.65,0.58,0.756,306.48,5.0,train
APDA-V2-NEG-0838,Spatial Negative Buffer Control,23.94272,93.14275,0,885.0,0.77,289.7,0.02688,-0.00426,8.42,1.72,4.75,10.32,0.29,0.2,0.184,0.416,-16.62,-17.55,-0.92,0.845,0.637,0.053,-0.065,0.46,5.48,2.0,train
APDA-V2-NEG-0145,Spatial Negative Buffer Control,23.42048,92.34007,0,292.3,3.82,5.6,0.00858,-0.01261,7.14,1.1,18.5,41.84,0.18,0.188,0.173,0.415,-17.25,-22.41,-5.16,0.803,0.55,-0.096,-0.2,0.392,20.42,1.0,train
APDA-V2-NEG-0424,Spatial Negative Buffer Control,25.09545,92.56368,0,1134.0,0.82,327.1,-0.00133,0.00356,8.18,10.14,33.47,45.65,1.69,0.213,0.196,0.5,-16.82,-17.6,-0.78,0.901,0.55,-0.087,-0.022,0.348,28.51,3.0,train
APDA-V2-POS-0604,NASA COOLR (Verified Event),27.58598,91.86156,1,1680.7,48.36,229.5,-0.06195,0.05251,5.8,45.8,175.66,462.76,14.6,0.505,0.457,0.921,-9.83,-18.97,-9.14,0.241,0.377,0.633,0.528,0.805,403.44,4.0,train
APDA-V2-NEG-0864,Spatial Negative Buffer Control,26.03491,91.70275,0,1872.2,12.03,64.8,-0.01705,-0.00216,5.21,0.88,23.98,33.14,0.15,0.226,0.208,0.527,-11.6,-24.13,-12.53,0.82,0.632,0.018,0.009,0.026,16.91,1.0,train
APDA-V2-POS-0426,NASA COOLR (Verified Event),25.56611,91.89046,1,640.2,44.75,172.7,-0.06698,0.03829,5.88,123.1,209.28,311.78,22.06,0.512,0.473,0.932,-8.19,-20.12,-11.93,0.34,0.219,0.65,0.494,0.767,293.07,5.0,train
APDA-V2-NEG-0113,Spatial Negative Buffer Control,24.91829,93.39865,0,365.2,0.94,240.3,0.02043,0.00935,8.45,6.22,16.65,40.16,1.04,0.273,0.251,0.645,-15.17,-22.47,-7.31,0.899,0.55,-0.072,-0.067,0.128,19.47,1.0,train
APDA-V2-NEG-0721,Spatial Negative Buffer Control,25.33683,92.62788,0,724.6,7.71,14.2,0.00641,0.01152,6.81,1.85,11.65,44.36,0.31,0.294,0.27,0.678,-15.25,-20.53,-5.28,0.687,0.55,-0.25,-0.06,0.147,18.34,2.0,train
APDA-V2-NEG-0822,Spatial Negative Buffer Control,26.03747,92.06968,0,986.6,0.24,138.9,-0.00215,-0.00186,9.47,6.1,13.14,35.19,1.02,0.209,0.192,0.474,-16.83,-23.88,-7.05,0.594,0.88,-0.099,-0.2,0.106,18.87,1.0,train
APDA-V2-POS-0715,NASA COOLR (Verified Event),25.53508,91.86857,1,1074.4,22.59,205.6,-0.02656,0.02744,6.35,137.06,253.79,414.84,26.21,0.497,0.448,0.924,-6.44,-11.89,-5.45,0.325,0.337,0.589,0.58,0.808,346.85,4.0,train
APDA-V2-POS-0749,NASA COOLR (Verified Event),27.18354,88.35834,1,3683.1,32.49,150.6,-0.0077,0.04442,5.33,123.7,197.41,375.04,30.6,0.479,0.442,0.88,-5.39,-19.76,-14.37,0.42,0.48,0.65,0.58,0.62,334.4,5.0,train
APDA-V2-POS-0823,NASA COOLR (Verified Event),25.44569,92.18981,1,1758.8,37.54,158.7,-0.00185,0.03992,5.34,36.56,136.39,245.65,8.7,0.412,0.377,0.816,-10.21,-16.51,-6.3,0.17,0.296,0.65,0.58,0.732,201.64,4.0,train
APDA-V2-POS-0394,NASA COOLR (Verified Event),27.5871,91.87056,1,2162.7,38.66,165.0,-0.07282,0.0019,5.58,61.62,186.24,414.94,17.78,0.498,0.475,0.983,-10.22,-18.33,-8.11,0.08,0.357,0.527,0.58,0.675,314.05,5.0,train
APDA-V2-NEG-0689,Spatial Negative Buffer Control,26.77312,93.89945,0,1723.2,2.85,229.0,0.00091,-0.00035,6.99,2.32,26.31,36.72,0.39,0.203,0.187,0.474,-12.76,-18.74,-5.98,0.751,0.751,-0.008,-0.079,0.207,23.56,2.0,train
APDA-V2-POS-0587,NASA COOLR (Verified Event),25.67427,94.10796,1,627.1,29.68,198.3,-0.02725,0.09181,6.18,92.66,203.01,393.16,15.89,0.465,0.428,0.903,-9.48,-17.5,-8.02,0.085,0.48,0.65,0.26,0.921,302.47,5.0,train
APDA-V2-POS-0711,NASA COOLR (Verified Event),24.78416,93.69217,1,326.3,32.49,92.6,-0.03896,0.01712,5.55,109.23,156.01,401.1,19.61,0.425,0.381,0.773,-10.23,-12.04,-1.81,0.289,0.48,0.65,0.58,0.782,351.1,4.0,train
APDA-V2-NEG-0230,Spatial Negative Buffer Control,25.29504,94.30906,0,812.4,15.49,357.0,0.01378,-0.00811,5.6,0.64,9.94,32.5,0.11,0.172,0.158,0.38,-11.28,-17.0,-5.72,0.489,0.857,0.068,-0.107,0.087,16.88,2.0,train
APDA-V2-NEG-0003,Spatial Negative Buffer Control,26.14152,91.58621,0,603.0,4.34,8.3,0.00759,0.00429,6.38,23.28,33.33,42.52,3.88,0.234,0.215,0.524,-16.42,-23.44,-7.02,0.92,0.76,0.065,-0.016,0.219,18.64,1.0,train
APDA-V2-NEG-0360,Spatial Negative Buffer Control,25.37959,91.5301,0,1882.5,13.1,78.9,-0.0004,0.00514,4.76,0.52,20.03,30.23,0.09,0.107,0.099,0.216,-18.37,-21.87,-3.5,0.816,0.795,0.031,-0.108,0.234,18.5,1.0,train
APDA-V2-POS-0115,NASA COOLR (Verified Event),26.1714,91.75794,1,1025.3,39.35,283.8,-0.05199,0.04126,6.23,57.3,164.89,326.79,12.23,0.344,0.302,0.68,-7.28,-14.93,-7.65,0.08,0.48,0.605,0.437,0.864,263.71,5.0,train
APDA-V2-NEG-0737,Spatial Negative Buffer Control,25.11946,91.37363,0,1773.0,1.09,342.2,-0.00332,-0.0023,8.59,11.44,26.52,30.42,1.91,0.152,0.14,0.309,-15.64,-19.12,-3.49,0.589,0.819,-0.095,-0.067,0.161,19.67,1.0,train
APDA-V2-POS-0173,NASA COOLR (Verified Event),25.60653,90.58607,1,1406.2,28.85,252.0,-0.06676,0.04379,6.29,92.82,182.68,239.97,21.93,0.424,0.379,0.771,-8.69,-17.22,-8.52,0.08,0.201,0.302,0.58,0.954,216.48,5.0,train
APDA-V2-NEG-0591,Spatial Negative Buffer Control,25.6321,92.02651,0,1120.6,9.8,329.4,0.0026,0.00217,6.24,10.66,33.32,49.42,1.78,0.117,0.108,0.276,-11.34,-19.22,-7.89,0.684,0.867,-0.079,0.017,0.158,23.3,1.0,train
APDA-V2-POS-0311,NASA COOLR (Verified Event),27.09975,93.6081,1,3574.5,24.92,181.1,-0.03353,0.04378,6.85,41.11,219.14,495.95,7.65,0.382,0.347,0.68,-8.28,-15.92,-7.64,0.117,0.304,0.65,0.186,0.62,405.14,5.0,train
APDA-V2-NEG-0613,Spatial Negative Buffer Control,25.03245,92.32707,0,1079.5,0.01,178.8,0.02098,-0.00949,9.4,3.08,12.84,28.73,0.51,0.238,0.219,0.492,-14.11,-21.19,-7.08,0.731,0.862,-0.05,-0.044,0.132,15.26,1.0,train
APDA-V2-POS-0443,NASA COOLR (Verified Event),25.30438,91.71238,1,933.7,29.1,206.6,-0.02961,0.01123,6.65,114.57,207.63,282.36,24.22,0.419,0.388,0.863,-8.68,-14.06,-5.38,0.13,0.37,0.65,0.378,0.81,235.88,5.0,train
APDA-V2-NEG-0675,Spatial Negative Buffer Control,26.15649,91.67023,0,718.3,9.17,290.0,-0.00034,-0.00104,6.44,12.45,26.4,31.69,2.08,0.234,0.216,0.484,-16.26,-20.85,-4.58,0.574,0.814,-0.075,-0.159,0.294,14.01,1.0,train
APDA-V2-POS-0871,NASA COOLR (Verified Event),26.17105,91.76072,1,907.3,32.09,221.4,-0.05768,0.0498,5.16,97.45,155.76,454.86,21.29,0.466,0.416,0.847,-11.56,-10.45,1.11,0.301,0.464,0.629,0.512,0.952,402.09,5.0,train
APDA-V2-NEG-0859,Spatial Negative Buffer Control,24.06973,92.44334,0,305.2,7.76,29.6,0.00201,0.00827,6.68,2.22,14.88,18.45,0.37,0.319,0.294,0.702,-13.72,-24.19,-10.47,0.83,0.88,0.086,-0.019,0.48,11.95,2.0,train
APDA-V2-POS-0243,NASA COOLR (Verified Event),27.69477,88.58815,1,3043.5,26.6,231.3,-0.01141,0.03195,6.21,135.31,220.9,505.13,20.32,0.436,0.402,0.807,-12.35,-9.36,2.99,0.08,0.316,0.472,0.58,0.694,429.92,4.0,train
APDA-V2-NEG-0251,Spatial Negative Buffer Control,25.52721,93.96244,0,764.2,2.51,77.8,0.00265,0.01188,7.25,8.92,28.56,37.97,1.49,0.219,0.201,0.467,-15.32,-20.71,-5.39,0.525,0.88,0.086,-0.082,0.337,20.87,1.0,train
APDA-V2-POS-0427,NASA COOLR (Verified Event),25.19553,93.02346,1,1182.8,27.11,238.4,-0.0493,0.06557,6.12,125.5,323.06,393.95,31.0,0.35,0.307,0.68,-9.2,-14.75,-5.55,0.123,0.48,0.512,0.486,0.926,352.53,5.0,train
APDA-V2-POS-0616,NASA COOLR (Verified Event),25.18175,93.01865,1,762.6,24.59,310.8,-0.01715,0.03616,6.01,68.21,221.74,498.72,16.17,0.43,0.386,0.833,-6.53,-16.66,-10.13,0.297,0.364,0.65,0.311,0.88,418.28,5.0,train
APDA-V2-POS-0219,NASA COOLR (Verified Event),24.83236,92.79366,1,378.5,33.51,154.3,-0.03833,0.07085,5.96,126.17,279.44,474.27,19.81,0.422,0.378,0.801,-8.48,-14.65,-6.17,0.42,0.129,0.65,0.58,0.687,403.29,4.0,train
APDA-V2-NEG-0437,Spatial Negative Buffer Control,27.30593,93.89225,0,1539.9,1.67,81.9,0.00132,0.00456,8.32,2.67,18.82,25.02,0.44,0.106,0.098,0.238,-12.62,-25.45,-12.83,0.92,0.613,-0.022,-0.075,0.117,10.49,2.0,train
APDA-V2-POS-0083,NASA COOLR (Verified Event),25.68252,94.11595,1,1100.6,28.88,198.3,-0.0426,-0.0125,6.14,88.75,272.8,427.62,14.42,0.409,0.367,0.836,-12.08,-11.24,0.84,0.171,0.159,0.65,0.58,0.746,398.11,4.0,train
APDA-V2-NEG-0766,Spatial Negative Buffer Control,26.55224,92.15733,0,1618.9,0.14,99.2,-0.01573,0.00398,9.56,18.92,28.43,33.19,3.15,0.363,0.334,0.729,-14.7,-21.65,-6.95,0.555,0.782,-0.106,-0.152,0.105,13.58,1.0,train
APDA-V2-NEG-0440,Spatial Negative Buffer Control,25.40845,94.28287,0,711.5,6.24,326.8,-0.00949,-0.01488,7.04,10.8,35.35,45.23,1.8,0.12,0.111,0.279,-16.33,-22.42,-6.1,0.847,0.619,0.048,-0.059,0.111,22.65,2.0,train
APDA-V2-NEG-0626,Spatial Negative Buffer Control,26.85905,93.90625,0,715.3,2.38,201.4,0.00242,-0.01181,6.44,2.39,15.62,24.49,0.4,0.097,0.089,0.21,-18.7,-17.59,1.1,0.72,0.88,-0.09,-0.166,0.336,15.53,1.0,train
APDA-V2-NEG-0458,Spatial Negative Buffer Control,26.85355,93.85113,0,1130.8,0.48,218.6,0.02098,0.03705,8.55,0.87,11.21,47.91,0.14,0.062,0.057,0.135,-13.39,-14.77,-1.37,0.45,0.742,-0.08,-0.061,0.336,28.08,1.0,train
APDA-V2-NEG-0836,Spatial Negative Buffer Control,27.38373,93.3526,0,2801.8,8.83,60.2,0.00206,-0.00052,6.85,4.16,20.73,54.41,0.69,0.151,0.139,0.343,-11.55,-24.29,-12.75,0.695,0.714,0.053,-0.149,0.399,27.78,1.0,train
APDA-V2-POS-0329,NASA COOLR (Verified Event),27.18355,88.35839,1,2900.8,36.79,143.0,-0.02013,0.03622,4.98,89.81,228.68,468.68,23.78,0.454,0.427,0.971,-9.46,-13.7,-4.24,0.08,0.384,0.65,0.41,0.896,371.56,5.0,train
APDA-V2-NEG-0004,Spatial Negative Buffer Control,25.05001,91.83049,0,1350.2,2.08,177.9,-0.00628,0.00893,8.23,1.3,18.58,30.45,0.22,0.112,0.103,0.244,-16.21,-20.84,-4.63,0.845,0.675,0.038,-0.2,0.151,12.26,1.0,train
APDA-V2-POS-0695,NASA COOLR (Verified Event),25.3055,91.71605,1,1438.7,28.8,141.2,0.01306,0.03098,6.02,155.48,255.05,340.0,24.46,0.356,0.324,0.68,-12.51,-16.36,-3.85,0.42,0.241,0.409,0.58,0.62,297.2,4.0,train
APDA-V2-POS-0275,NASA COOLR (Verified Event),25.30307,91.71032,1,792.6,48.63,171.1,0.01297,0.02759,5.1,179.8,389.21,566.75,27.42,0.383,0.34,0.72,-10.51,-17.4,-6.89,0.08,0.203,0.547,0.306,0.918,447.74,5.0,train
APDA-V2-POS-0837,NASA COOLR (Verified Event),24.7853,93.6853,1,1235.2,36.82,166.4,-0.04114,0.02799,6.07,133.23,314.95,518.96,26.14,0.367,0.332,0.68,-9.7,-16.22,-6.52,0.242,0.48,0.52,0.487,0.815,443.09,5.0,train
APDA-V2-NEG-0359,Spatial Negative Buffer Control,25.64729,91.29993,0,1816.4,0.67,0.6,0.01514,0.01819,7.5,1.33,19.33,32.1,0.22,0.171,0.157,0.344,-15.87,-21.75,-5.88,0.898,0.786,0.012,-0.189,0.361,14.44,1.0,train
APDA-V2-NEG-0264,Spatial Negative Buffer Control,27.31012,88.43032,0,2341.2,7.17,119.9,0.003,-0.00076,6.76,5.23,16.83,30.35,0.87,0.158,0.145,0.352,-11.56,-19.76,-8.2,0.775,0.848,-0.155,-0.016,0.289,17.28,2.0,train
APDA-V2-POS-0496,NASA COOLR (Verified Event),27.32849,88.62931,1,2808.8,32.54,152.6,-0.05209,0.0388,6.05,48.5,239.08,312.51,8.22,0.5,0.454,0.938,-10.57,-15.66,-5.09,0.166,0.48,0.401,0.486,0.62,277.43,5.0,train
APDA-V2-NEG-0690,Spatial Negative Buffer Control,24.50383,93.30414,0,1324.2,9.73,27.9,0.0106,-0.00456,6.65,1.04,9.74,16.25,0.17,0.063,0.058,0.135,-14.45,-23.46,-9.01,0.732,0.805,-0.178,-0.128,0.367,9.18,2.0,train
APDA-V2-POS-0215,NASA COOLR (Verified Event),25.59998,90.58148,1,1194.0,31.76,166.6,-0.05205,0.02128,6.19,35.0,188.98,280.03,10.26,0.399,0.356,0.697,-7.81,-13.41,-5.6,0.321,0.192,0.458,0.58,0.915,249.23,4.0,train
APDA-V2-POS-0262,NASA COOLR (Verified Event),26.17381,91.75405,1,1543.5,33.3,211.5,-0.04726,0.02551,6.51,126.81,216.6,383.08,27.51,0.415,0.371,0.775,-11.14,-14.95,-3.81,0.143,0.437,0.65,0.58,0.757,296.99,4.0,train
APDA-V2-POS-0860,NASA COOLR (Verified Event),25.676,94.11312,1,1322.2,30.34,219.2,-0.0846,0.01179,6.19,65.21,124.98,376.91,15.47,0.401,0.368,0.834,-11.44,-22.33,-10.88,0.42,0.48,0.268,0.58,0.778,299.45,4.0,train
APDA-V2-POS-0129,NASA COOLR (Verified Event),25.76079,91.90483,1,1519.3,39.53,185.4,-0.09836,0.00522,5.62,83.31,169.54,303.87,19.65,0.33,0.3,0.68,-11.59,-17.67,-6.08,0.367,0.439,0.65,0.58,0.867,282.67,5.0,train
APDA-V2-POS-0221,NASA COOLR (Verified Event),26.00682,93.42371,1,1360.6,26.07,75.4,-0.03543,0.04332,5.54,84.97,235.48,340.05,17.73,0.417,0.37,0.785,-10.76,-12.68,-1.92,0.398,0.48,0.65,0.58,0.657,277.11,5.0,train
APDA-V2-POS-0130,NASA COOLR (Verified Event),25.44334,92.20648,1,1865.7,34.84,164.7,-0.0736,0.0544,5.17,35.0,228.78,474.17,10.36,0.478,0.433,0.897,-12.86,-14.15,-1.3,0.217,0.124,0.65,0.442,0.62,401.58,5.0,train
APDA-V2-NEG-0327,Spatial Negative Buffer Control,27.37485,88.20624,0,1595.5,10.27,35.9,0.00442,-0.00447,6.39,8.61,11.46,39.68,1.43,0.15,0.138,0.346,-13.0,-19.61,-6.6,0.853,0.555,-0.079,-0.092,0.123,16.96,2.0,train
APDA-V2-NEG-0474,Spatial Negative Buffer Control,27.31707,88.90512,0,1496.7,9.25,268.8,-0.00704,-0.00957,6.79,4.22,22.56,35.51,0.7,0.175,0.161,0.353,-10.13,-19.59,-9.45,0.847,0.88,-0.144,-0.185,0.29,21.74,2.0,train
APDA-V2-POS-0161,NASA COOLR (Verified Event),27.19123,88.35266,1,2306.6,32.83,140.7,-0.09376,0.04979,5.59,116.58,288.21,576.51,18.4,0.406,0.375,0.792,-5.98,-20.03,-14.05,0.359,0.196,0.635,0.58,0.768,452.43,5.0,train
APDA-V2-NEG-0021,Spatial Negative Buffer Control,26.75267,88.08744,0,836.7,0.85,56.1,-0.01873,0.02133,7.9,1.18,17.86,46.42,0.2,0.111,0.102,0.26,-13.15,-20.12,-6.97,0.622,0.579,-0.225,-0.2,0.098,23.16,1.0,train
APDA-V2-POS-0429,NASA COOLR (Verified Event),24.8291,92.7956,1,418.4,31.35,182.5,-0.0146,0.06388,4.98,69.3,275.82,436.76,14.94,0.437,0.39,0.845,-8.23,-20.29,-12.05,0.261,0.48,0.341,0.58,0.738,412.64,5.0,train
APDA-V2-POS-0149,NASA COOLR (Verified Event),25.30293,91.71504,1,642.8,31.64,231.6,-0.03133,0.0354,6.01,46.21,181.72,416.43,12.68,0.407,0.368,0.839,-6.35,-12.74,-6.38,0.083,0.48,0.405,0.505,0.894,384.43,4.0,train
APDA-V2-NEG-0692,Spatial Negative Buffer Control,25.84893,93.68129,0,1333.2,2.25,13.5,-0.00674,0.01159,6.4,7.47,18.13,35.51,1.24,0.082,0.075,0.171,-14.21,-16.94,-2.73,0.636,0.88,-0.13,-0.166,0.065,20.01,2.0,train
APDA-V2-NEG-0812,Spatial Negative Buffer Control,26.9909,88.63159,0,1210.7,0.13,193.8,-0.00686,0.02479,8.83,1.36,1.9,32.19,0.23,0.109,0.1,0.239,-11.99,-20.72,-8.72,0.903,0.785,0.005,-0.2,0.32,15.27,2.0,train
APDA-V2-POS-0412,NASA COOLR (Verified Event),27.3338,88.61443,1,2410.7,34.48,323.8,-0.04553,0.05075,5.57,35.0,137.23,422.54,6.74,0.42,0.385,0.879,-7.47,-12.67,-5.21,0.253,0.48,0.639,0.58,0.928,348.84,4.0,train
APDA-V2-POS-0445,NASA COOLR (Verified Event),25.44116,92.19636,1,1369.2,44.01,178.5,-0.02862,0.0143,4.59,163.76,354.13,587.16,22.52,0.395,0.354,0.774,-12.24,-16.99,-4.75,0.349,0.445,0.283,0.58,0.689,459.25,4.0,train
APDA-V2-POS-0679,NASA COOLR (Verified Event),25.18499,93.02371,1,1495.0,28.55,70.6,-0.02889,0.03882,5.8,86.42,295.59,537.82,20.49,0.483,0.439,0.933,-11.46,-19.31,-7.85,0.234,0.365,0.62,0.58,0.738,433.62,5.0,train
APDA-V2-NEG-0704,Spatial Negative Buffer Control,26.37544,93.23184,0,934.5,16.0,259.5,-0.01167,0.0151,5.41,2.01,12.15,23.23,0.33,0.254,0.234,0.512,-13.78,-20.99,-7.21,0.727,0.798,0.013,-0.102,0.325,12.85,2.0,train
APDA-V2-NEG-0313,Spatial Negative Buffer Control,24.01727,92.97101,0,333.6,4.25,99.7,0.00179,0.00594,7.59,7.18,8.64,45.17,1.2,0.238,0.219,0.538,-16.71,-20.97,-4.26,0.614,0.874,0.004,-0.075,0.235,18.72,2.0,train
APDA-V2-POS-0748,NASA COOLR (Verified Event),27.3355,88.6167,1,3100.6,35.79,133.4,-0.07179,0.01292,6.29,168.02,349.4,518.1,31.26,0.332,0.301,0.68,-9.96,-17.98,-8.02,0.393,0.235,0.582,0.58,0.876,419.68,5.0,train
APDA-V2-POS-0878,NASA COOLR (Verified Event),27.09261,93.60745,1,2566.2,42.9,144.3,-0.0315,0.03165,5.18,120.46,217.65,476.7,21.98,0.368,0.329,0.722,-10.81,-20.67,-9.87,0.42,0.305,0.398,0.58,0.909,387.8,4.0,train
APDA-V2-NEG-0212,Spatial Negative Buffer Control,25.65929,91.89916,0,984.7,12.12,265.2,0.0016,-0.00157,6.53,0.8,5.15,7.2,0.13,0.242,0.223,0.485,-17.14,-18.67,-1.53,0.846,0.88,-0.028,0.053,0.102,4.64,2.0,train
APDA-V2-POS-0676,NASA COOLR (Verified Event),25.44637,92.18854,1,1539.0,46.63,186.4,-0.02075,-0.01941,4.86,75.77,200.83,329.16,12.13,0.339,0.305,0.68,-9.35,-9.96,-0.61,0.243,0.48,0.433,0.412,0.799,296.94,5.0,train
APDA-V2-POS-0505,NASA COOLR (Verified Event),25.53046,91.86175,1,1365.5,40.56,225.3,0.01202,0.05039,5.8,97.83,296.93,411.53,20.19,0.446,0.409,0.844,-15.13,-17.41,-2.28,0.301,0.191,0.555,0.58,0.977,321.15,4.0,train
APDA-V2-POS-0125,NASA COOLR (Verified Event),25.67385,94.11337,1,1556.4,37.13,153.5,-0.02094,0.05941,5.95,71.95,211.48,472.61,13.75,0.361,0.324,0.728,-9.23,-14.59,-5.36,0.233,0.12,0.496,0.41,0.703,376.92,5.0,train
APDA-V2-POS-0326,NASA COOLR (Verified Event),26.00945,93.42117,1,1448.2,21.92,318.8,-0.01415,0.04182,6.93,94.47,278.45,456.33,18.59,0.412,0.372,0.797,-10.17,-15.1,-4.92,0.201,0.37,0.496,0.388,0.816,423.89,4.0,train
APDA-V2-POS-0477,NASA COOLR (Verified Event),27.34705,92.4195,1,1507.0,35.37,160.3,0.01341,0.04058,5.7,35.0,243.55,491.63,8.0,0.369,0.34,0.68,-4.83,-19.06,-14.23,0.08,0.48,0.571,0.58,0.739,400.63,4.0,train
APDA-V2-POS-0003,NASA COOLR (Verified Event),25.75422,91.90159,1,1342.6,39.5,215.8,-0.03648,0.08583,5.63,88.9,234.02,498.29,15.24,0.37,0.341,0.744,-7.09,-17.8,-10.72,0.08,0.48,0.65,0.517,0.953,407.98,5.0,train
APDA-V2-NEG-0772,Spatial Negative Buffer Control,27.76673,91.61027,0,2788.8,0.28,171.3,0.00319,-0.00037,9.73,10.62,32.96,45.69,1.77,0.209,0.192,0.489,-14.54,-19.64,-5.1,0.92,0.763,-0.122,-0.096,0.075,23.65,2.0,train
APDA-V2-POS-0045,NASA COOLR (Verified Event),25.75334,91.90445,1,700.8,34.7,226.4,-0.03485,0.06082,5.78,92.83,162.24,218.03,17.62,0.455,0.411,0.807,-9.8,-16.31,-6.51,0.08,0.48,0.65,0.519,0.835,165.68,5.0,train
APDA-V2-NEG-0787,Spatial Negative Buffer Control,25.84666,91.31984,0,1156.8,9.84,82.4,0.01291,0.01066,6.7,13.67,16.68,24.68,2.28,0.152,0.14,0.354,-9.76,-17.11,-7.35,0.692,0.845,-0.109,-0.044,0.221,12.26,2.0,train
APDA-V2-POS-0092,NASA COOLR (Verified Event),25.06889,93.15114,1,1753.0,36.53,136.6,-0.05622,0.04841,5.33,66.36,196.72,345.45,19.14,0.454,0.416,0.841,-13.32,-15.3,-1.98,0.42,0.471,0.59,0.18,0.873,268.66,5.0,train
APDA-V2-POS-0112,NASA COOLR (Verified Event),25.18072,93.02559,1,1353.5,26.68,160.1,-0.05806,-0.00743,6.16,143.86,344.37,624.03,26.51,0.383,0.346,0.68,-10.02,-19.3,-9.28,0.266,0.379,0.65,0.58,0.62,530.7,4.0,train
APDA-V2-POS-0475,NASA COOLR (Verified Event),27.33152,88.61059,1,2799.6,31.66,197.3,-0.00195,0.02011,5.72,65.68,270.03,555.99,12.83,0.335,0.303,0.68,-8.4,-16.74,-8.34,0.328,0.44,0.549,0.58,0.917,444.87,4.0,train
APDA-V2-POS-0724,NASA COOLR (Verified Event),26.17159,91.76057,1,964.0,42.92,152.3,-0.06162,0.04221,5.76,101.07,287.25,439.32,16.72,0.374,0.332,0.68,-6.44,-16.67,-10.23,0.372,0.305,0.474,0.58,0.62,391.05,5.0,train
APDA-V2-NEG-0446,Spatial Negative Buffer Control,25.19543,90.45854,0,1864.0,4.12,352.6,0.02202,0.01294,7.54,19.91,37.44,42.36,3.32,0.26,0.239,0.521,-16.59,-23.22,-6.63,0.888,0.879,-0.008,0.024,0.48,16.97,1.0,train
APDA-V2-NEG-0141,Spatial Negative Buffer Control,27.77536,92.21698,0,2620.2,12.29,12.4,-0.01181,-0.00644,5.89,9.08,10.44,48.97,1.51,0.176,0.162,0.388,-10.05,-22.43,-12.38,0.696,0.74,-0.111,-0.135,0.147,27.48,2.0,train
APDA-V2-NEG-0213,Spatial Negative Buffer Control,25.96143,91.57213,0,935.0,2.08,353.3,-0.01095,0.02959,8.2,15.66,40.2,59.25,2.61,0.117,0.107,0.245,-12.45,-19.38,-6.94,0.92,0.765,-0.109,-0.067,0.48,33.19,1.0,train
APDA-V2-POS-0838,NASA COOLR (Verified Event),23.73333,92.7169,1,737.4,24.04,205.8,-0.01171,0.02206,5.48,126.87,328.75,436.63,21.12,0.407,0.376,0.786,-12.12,-14.49,-2.37,0.357,0.465,0.516,0.523,0.98,337.51,4.0,train
APDA-V2-POS-0128,NASA COOLR (Verified Event),25.29692,91.70524,1,889.7,37.02,200.5,-0.02528,0.08165,5.97,123.05,304.06,548.34,22.17,0.359,0.329,0.68,-5.54,-16.54,-11.0,0.219,0.48,0.65,0.492,0.98,414.46,5.0,train
APDA-V2-NEG-0228,Spatial Negative Buffer Control,24.98866,93.43274,0,458.5,11.42,278.2,0.01147,0.01648,6.4,11.06,21.99,44.46,1.84,0.176,0.162,0.389,-14.49,-21.36,-6.87,0.869,0.777,0.075,-0.144,0.275,21.62,2.0,train
APDA-V2-NEG-0193,Spatial Negative Buffer Control,24.99675,91.97569,0,628.9,8.94,222.4,-0.0162,0.01023,6.78,10.29,21.54,36.11,1.72,0.062,0.057,0.146,-11.53,-21.55,-10.02,0.913,0.859,0.018,-0.2,0.145,20.15,2.0,train
APDA-V2-POS-0524,NASA COOLR (Verified Event),25.67696,94.10684,1,756.9,19.02,190.1,-0.04734,0.05905,6.88,76.3,153.92,266.28,10.55,0.371,0.324,0.698,-11.11,-11.27,-0.16,0.42,0.48,0.65,0.376,0.667,222.83,4.0,train
APDA-V2-NEG-0010,Spatial Negative Buffer Control,26.50913,91.37442,0,1439.9,9.22,285.1,0.00319,-0.01599,5.97,8.17,12.87,34.12,1.36,0.356,0.327,0.713,-17.72,-25.07,-7.35,0.769,0.846,-0.038,-0.079,0.083,14.56,3.0,train
APDA-V2-NEG-0642,Spatial Negative Buffer Control,27.9657,89.01788,0,2671.5,1.02,74.4,0.00578,0.0072,8.06,5.21,24.01,33.1,0.87,0.13,0.12,0.262,-16.88,-21.22,-4.34,0.612,0.88,-0.25,-0.083,0.447,18.73,1.0,train
APDA-V2-POS-0325,NASA COOLR (Verified Event),26.17202,91.75299,1,1355.2,30.17,178.0,-0.10533,0.04834,5.88,194.47,369.79,519.77,35.93,0.451,0.406,0.871,-8.16,-15.3,-7.14,0.148,0.48,0.374,0.309,0.928,407.76,4.0,train
APDA-V2-NEG-0431,Spatial Negative Buffer Control,26.34266,93.6418,0,1053.8,2.55,24.2,0.0005,0.01959,6.11,0.54,11.16,35.51,0.09,0.097,0.089,0.227,-16.22,-25.65,-9.44,0.552,0.88,-0.009,-0.153,0.368,22.48,1.0,train
APDA-V2-NEG-0526,Spatial Negative Buffer Control,25.41236,92.20203,0,1656.2,0.6,227.9,-0.01217,-0.00314,9.23,9.89,15.45,26.13,1.65,0.035,0.032,0.071,-12.35,-14.49,-2.14,0.809,0.682,0.096,-0.108,0.204,11.95,2.0,train
APDA-V2-POS-0194,NASA COOLR (Verified Event),25.59975,90.58027,1,798.1,35.6,149.9,-0.05288,-0.01364,5.25,35.0,88.67,192.48,11.74,0.336,0.303,0.68,-5.57,-12.41,-6.85,0.42,0.48,0.65,0.58,0.929,155.38,4.0,train
APDA-V2-NEG-0328,Spatial Negative Buffer Control,26.97477,88.91057,0,1230.4,0.88,346.2,0.00161,0.00511,8.73,28.0,37.36,55.73,4.67,0.305,0.28,0.622,-12.98,-24.51,-11.53,0.764,0.88,-0.109,-0.024,0.164,28.88,1.0,train
APDA-V2-NEG-0555,Spatial Negative Buffer Control,25.1518,92.50305,0,895.2,3.42,348.2,0.00689,0.00689,6.93,0.04,19.22,43.98,0.01,0.198,0.182,0.461,-10.38,-15.99,-5.6,0.804,0.85,0.022,-0.026,0.17,19.5,2.0,train
APDA-V2-NEG-0454,Spatial Negative Buffer Control,27.665,88.78002,0,2435.6,1.86,240.7,0.0052,0.00867,8.31,10.52,15.45,31.08,1.75,0.167,0.154,0.387,-15.57,-22.58,-7.01,0.461,0.88,-0.182,0.018,0.42,15.2,1.0,train
APDA-V2-NEG-0247,Spatial Negative Buffer Control,28.00947,92.28684,0,3649.5,1.3,223.1,0.00695,-0.01085,7.91,8.15,28.53,37.35,1.36,0.214,0.197,0.486,-14.34,-19.77,-5.43,0.819,0.809,-0.12,-0.063,0.122,22.1,1.0,train
APDA-V2-POS-0116,NASA COOLR (Verified Event),26.01281,93.41643,1,1893.8,33.83,11.7,-0.0511,0.06955,6.39,66.31,212.05,337.52,17.15,0.471,0.426,0.924,-8.49,-19.54,-11.06,0.332,0.48,0.487,0.534,0.871,257.99,5.0,train
APDA-V2-NEG-0871,Spatial Negative Buffer Control,26.43172,92.06214,0,1442.3,2.25,104.8,0.01527,0.0056,8.11,3.32,26.01,48.35,0.55,0.155,0.142,0.362,-16.04,-22.81,-6.77,0.45,0.852,-0.06,-0.034,0.02,23.68,1.0,train
APDA-V2-POS-0758,NASA COOLR (Verified Event),25.29768,91.70695,1,1564.0,37.94,176.3,0.01829,-0.0081,4.86,115.37,162.7,407.34,18.07,0.417,0.371,0.816,-7.66,-10.2,-2.54,0.42,0.459,0.471,0.557,0.815,372.11,5.0,train
APDA-V2-POS-0257,NASA COOLR (Verified Event),25.60292,90.58428,1,791.5,33.34,109.8,-0.02459,0.04889,6.25,87.75,140.42,375.62,18.91,0.387,0.349,0.68,-14.36,-14.82,-0.45,0.323,0.222,0.389,0.58,0.62,288.7,4.0,train
APDA-V2-POS-0808,NASA COOLR (Verified Event),26.17006,91.75913,1,849.8,25.75,154.5,-0.02851,0.05855,6.0,102.21,278.96,344.32,21.37,0.379,0.348,0.724,-8.86,-14.13,-5.27,0.127,0.48,0.65,0.58,0.935,320.64,5.0,train
APDA-V2-POS-0739,NASA COOLR (Verified Event),25.4297,92.1947,1,978.4,28.26,332.4,-0.06692,0.07894,6.58,100.37,199.38,407.32,21.64,0.368,0.324,0.7,-8.69,-16.08,-7.39,0.158,0.437,0.543,0.562,0.749,321.16,4.0,train
APDA-V2-NEG-0514,Spatial Negative Buffer Control,26.49965,92.11749,0,1700.3,3.09,180.4,0.0097,-0.0099,6.07,0.9,25.13,61.67,0.15,0.157,0.144,0.331,-16.89,-16.67,0.22,0.779,0.873,0.053,-0.008,0.159,33.06,2.0,train
APDA-V2-POS-0789,NASA COOLR (Verified Event),27.69225,88.58674,1,2692.0,40.44,227.2,-0.05018,0.09442,4.68,72.09,244.43,535.74,13.43,0.471,0.427,0.936,-5.64,-12.52,-6.88,0.215,0.48,0.598,0.58,0.791,416.11,4.0,train
APDA-V2-POS-0206,NASA COOLR (Verified Event),27.10139,93.61363,1,3050.6,35.39,185.9,-0.0596,0.01019,6.1,39.52,102.49,323.47,6.79,0.393,0.364,0.79,-6.27,-19.88,-13.61,0.173,0.202,0.65,0.48,0.62,306.67,5.0,train
APDA-V2-NEG-0321,Spatial Negative Buffer Control,25.70374,92.32235,0,1637.3,0.51,44.1,0.00507,-0.00939,9.26,23.43,28.85,41.77,3.91,0.067,0.062,0.15,-13.53,-21.12,-7.59,0.92,0.583,-0.072,-0.2,0.199,23.08,2.0,train
APDA-V2-POS-0555,NASA COOLR (Verified Event),24.82875,92.798,1,802.5,34.09,239.0,0.03391,0.03219,4.8,94.16,209.08,400.02,13.62,0.438,0.394,0.816,-15.82,-13.01,2.81,0.42,0.48,0.65,0.58,0.759,361.74,5.0,train
APDA-V2-POS-0814,NASA COOLR (Verified Event),27.58627,91.86977,1,2322.9,31.02,156.4,-0.03771,0.04803,6.09,94.49,206.86,378.12,15.28,0.373,0.344,0.68,-8.43,-13.31,-4.88,0.184,0.176,0.589,0.182,0.768,353.06,5.0,train
APDA-V2-NEG-0738,Spatial Negative Buffer Control,25.3972,91.53361,0,1282.9,1.38,26.5,0.00778,0.0085,8.53,19.75,20.15,36.41,3.29,0.139,0.128,0.303,-12.04,-22.93,-10.89,0.654,0.622,-0.221,-0.176,0.39,14.69,1.0,train
APDA-V2-NEG-0015,Spatial Negative Buffer Control,27.51767,92.61665,0,2344.5,2.34,194.7,-0.00305,0.00741,7.49,8.35,11.7,15.51,1.39,0.091,0.084,0.182,-14.89,-22.51,-7.62,0.919,0.736,-0.053,0.119,0.241,9.78,3.0,train
APDA-V2-NEG-0434,Spatial Negative Buffer Control,27.0067,88.1045,0,3637.8,0.74,264.4,0.01166,-0.00396,8.26,6.92,18.05,57.9,1.15,0.236,0.217,0.559,-12.52,-21.48,-8.96,0.92,0.88,0.139,0.036,0.02,29.07,1.0,train
APDA-V2-POS-0747,NASA COOLR (Verified Event),27.68973,88.58339,1,3403.7,36.45,265.1,-0.05639,0.02451,5.76,81.86,282.26,393.88,13.26,0.397,0.36,0.783,-11.45,-19.87,-8.43,0.42,0.17,0.65,0.508,0.636,323.08,4.0,train
APDA-V2-POS-0874,NASA COOLR (Verified Event),27.33209,88.61744,1,3085.4,34.0,165.3,0.00701,0.05534,6.32,65.24,209.65,292.32,14.69,0.387,0.348,0.752,-10.3,-20.6,-10.3,0.121,0.307,0.65,0.58,0.98,232.76,5.0,train
APDA-V2-NEG-0067,Spatial Negative Buffer Control,25.56915,91.83526,0,1732.0,5.32,281.5,-0.00489,0.00148,6.97,3.19,6.13,26.27,0.53,0.27,0.248,0.629,-14.57,-19.21,-4.64,0.552,0.783,-0.103,-0.135,0.414,11.46,1.0,train
APDA-V2-NEG-0541,Spatial Negative Buffer Control,27.33927,92.21596,0,2619.1,1.7,95.3,-0.01414,0.01618,7.73,1.86,23.64,63.43,0.31,0.074,0.068,0.165,-20.86,-18.44,2.42,0.614,0.663,-0.095,0.046,0.406,33.64,2.0,train
APDA-V2-POS-0328,NASA COOLR (Verified Event),27.33884,88.61001,1,2395.1,39.8,213.6,-0.03447,-0.00049,5.06,73.44,273.13,331.92,15.8,0.346,0.312,0.68,-8.32,-15.75,-7.43,0.235,0.48,0.65,0.57,0.75,278.93,4.0,train
APDA-V2-NEG-0181,Spatial Negative Buffer Control,27.00688,88.40279,0,1721.0,5.29,266.9,0.00472,-0.00954,6.67,6.19,21.53,48.31,1.03,0.248,0.228,0.58,-15.05,-18.21,-3.15,0.45,0.55,-0.081,0.023,0.307,22.91,1.0,train
APDA-V2-POS-0821,NASA COOLR (Verified Event),25.3047,91.7123,1,898.9,39.36,234.5,0.00823,0.05029,6.3,96.42,263.58,408.3,14.59,0.325,0.299,0.68,-10.39,-14.28,-3.89,0.42,0.48,0.65,0.457,0.799,376.68,4.0,train
APDA-V2-POS-0626,NASA COOLR (Verified Event),27.09948,93.6186,1,2657.9,47.21,252.0,-0.03889,0.02091,4.89,35.0,226.19,406.13,11.27,0.438,0.396,0.878,-9.51,-20.07,-10.56,0.23,0.48,0.65,0.38,0.901,385.35,5.0,train
APDA-V2-POS-0507,NASA COOLR (Verified Event),25.76084,91.90383,1,1326.7,28.56,218.7,-0.07255,0.04828,5.96,48.2,158.06,240.76,9.1,0.484,0.436,0.926,-9.32,-13.61,-4.29,0.085,0.392,0.555,0.358,0.709,194.59,4.0,train
APDA-V2-POS-0007,NASA COOLR (Verified Event),25.18688,93.02445,1,1080.4,33.84,180.2,0.00432,0.03589,5.99,37.96,138.35,190.65,8.24,0.379,0.347,0.787,-7.62,-16.1,-8.48,0.235,0.287,0.65,0.532,0.684,170.12,5.0,train
APDA-V2-NEG-0074,Spatial Negative Buffer Control,25.86248,93.81462,0,1519.7,8.11,25.1,-0.00388,0.01875,5.35,6.83,8.59,11.73,1.14,0.09,0.083,0.193,-14.41,-21.33,-6.92,0.807,0.808,-0.104,-0.148,0.27,7.2,1.0,train
APDA-V2-NEG-0111,Spatial Negative Buffer Control,25.78589,91.52383,0,1747.5,11.73,53.4,-0.00506,0.007,6.41,21.5,24.8,53.89,3.58,0.032,0.029,0.066,-9.93,-16.92,-6.99,0.693,0.88,-0.111,-0.192,0.151,28.11,2.0,train
APDA-V2-NEG-0448,Spatial Negative Buffer Control,25.33155,92.74285,0,1534.7,5.44,207.0,0.01193,0.00278,6.41,6.12,9.92,31.78,1.02,0.289,0.266,0.585,-15.78,-19.3,-3.52,0.45,0.845,-0.071,-0.131,0.29,19.14,1.0,train
APDA-V2-POS-0043,NASA COOLR (Verified Event),25.54083,91.8726,1,839.5,22.53,138.5,-0.05075,0.04736,5.82,106.5,265.15,333.36,18.84,0.351,0.308,0.68,-9.26,-13.25,-3.98,0.42,0.48,0.65,0.58,0.802,299.61,4.0,train
APDA-V2-NEG-0505,Spatial Negative Buffer Control,25.17725,91.99519,0,670.6,1.96,204.5,0.02842,0.00958,7.5,3.31,24.28,39.3,0.55,0.288,0.265,0.611,-13.02,-23.71,-10.7,0.668,0.797,-0.005,-0.062,0.02,19.93,1.0,train
APDA-V2-POS-0200,NASA COOLR (Verified Event),26.00379,93.41998,1,1336.6,35.83,201.5,-0.03996,0.01661,6.39,134.71,181.85,299.72,24.9,0.351,0.315,0.68,-10.8,-18.26,-7.46,0.111,0.317,0.367,0.534,0.883,234.79,5.0,train
APDA-V2-POS-0340,NASA COOLR (Verified Event),25.44237,92.19625,1,1579.7,29.1,171.0,-0.03519,0.04633,6.57,35.0,137.98,250.61,7.93,0.502,0.479,0.984,-8.58,-13.18,-4.6,0.227,0.274,0.65,0.58,0.917,206.88,5.0,train
APDA-V2-NEG-0077,Spatial Negative Buffer Control,26.98605,88.13456,0,641.9,1.1,163.6,0.00251,-0.00124,7.02,6.54,20.67,31.5,1.09,0.227,0.209,0.511,-13.17,-22.14,-8.97,0.652,0.88,0.012,-0.182,0.473,19.24,1.0,train
APDA-V2-NEG-0839,Spatial Negative Buffer Control,25.5395,94.51552,0,1921.3,2.87,179.3,-0.00802,-0.01129,6.71,11.29,27.85,44.26,1.88,0.219,0.202,0.492,-18.01,-20.42,-2.41,0.45,0.55,-0.03,0.027,0.134,17.8,1.0,train
APDA-V2-NEG-0405,Spatial Negative Buffer Control,25.34484,91.49776,0,1787.3,16.0,135.4,-0.00327,0.01513,5.89,2.19,22.4,52.63,0.37,0.187,0.172,0.399,-15.03,-23.85,-8.81,0.859,0.88,0.013,-0.105,0.442,23.58,2.0,train
APDA-V2-NEG-0306,Spatial Negative Buffer Control,27.50351,88.80189,0,1789.9,9.24,298.1,0.01055,0.00674,5.6,5.84,26.38,60.39,0.97,0.037,0.034,0.087,-13.63,-18.5,-4.88,0.781,0.88,-0.075,-0.019,0.261,34.53,2.0,train
APDA-V2-POS-0756,NASA COOLR (Verified Event),27.0364,88.26099,1,3570.1,38.99,20.7,-0.05142,0.00332,5.02,59.67,231.48,520.13,13.04,0.438,0.397,0.821,-9.28,-20.08,-10.8,0.286,0.371,0.65,0.523,0.762,451.12,4.0,train
APDA-V2-POS-0016,NASA COOLR (Verified Event),27.58904,91.87316,1,1437.7,38.11,182.0,-0.0284,0.0632,5.0,171.62,372.01,670.82,26.77,0.37,0.33,0.692,-13.91,-16.88,-2.98,0.22,0.183,0.65,0.279,0.941,514.5,5.0,train
APDA-V2-POS-0392,NASA COOLR (Verified Event),27.18839,88.36196,1,2488.9,31.49,172.2,-0.04614,0.05767,5.58,74.03,175.68,251.95,12.16,0.376,0.339,0.762,-10.76,-13.22,-2.46,0.308,0.367,0.612,0.452,0.83,224.44,4.0,train
APDA-V2-NEG-0553,Spatial Negative Buffer Control,25.38231,92.65401,0,901.7,3.68,214.2,-0.00202,-0.00374,7.72,28.0,39.43,75.16,4.67,0.106,0.097,0.218,-16.91,-18.22,-1.3,0.811,0.707,0.136,-0.078,0.144,47.28,2.0,train
APDA-V2-NEG-0482,Spatial Negative Buffer Control,25.27017,93.80289,0,1869.0,4.81,313.7,0.01178,0.00742,6.97,9.32,13.44,42.85,1.55,0.323,0.297,0.661,-12.66,-22.01,-9.36,0.49,0.661,-0.05,0.01,0.187,19.73,2.0,train
APDA-V2-POS-0184,NASA COOLR (Verified Event),27.57828,91.85903,1,3046.7,37.43,222.0,-0.02726,0.04677,6.01,46.69,172.99,250.31,12.04,0.35,0.317,0.712,-9.02,-14.03,-5.01,0.408,0.454,0.65,0.58,0.732,230.85,4.0,train
APDA-V2-POS-0892,NASA COOLR (Verified Event),26.16252,91.75804,1,1168.3,41.96,150.7,-0.03809,0.01198,5.93,42.82,191.88,354.91,16.04,0.411,0.368,0.826,-9.85,-16.43,-6.58,0.121,0.386,0.65,0.58,0.849,292.51,5.0,train
APDA-V2-NEG-0734,Spatial Negative Buffer Control,25.23776,93.73434,0,1839.5,16.0,174.9,0.01149,0.01462,5.32,21.19,39.04,72.39,3.53,0.068,0.063,0.158,-9.37,-21.17,-11.8,0.545,0.812,-0.026,-0.038,0.398,30.81,1.0,train
APDA-V2-POS-0142,NASA COOLR (Verified Event),27.58975,91.86226,1,1727.1,28.89,154.9,-0.01496,0.01646,5.8,106.71,298.46,465.39,16.2,0.38,0.335,0.68,-11.06,-15.54,-4.48,0.12,0.437,0.484,0.58,0.854,436.48,4.0,train
APDA-V2-NEG-0634,Spatial Negative Buffer Control,25.22769,91.79872,0,1849.8,2.75,108.2,-0.00352,0.00275,7.63,2.3,7.68,11.51,0.38,0.212,0.195,0.451,-12.68,-21.71,-9.03,0.812,0.859,-0.147,-0.069,0.042,5.37,2.0,train
APDA-V2-POS-0091,NASA COOLR (Verified Event),25.1903,93.02466,1,1246.7,29.88,178.7,-0.0444,-0.01255,5.72,118.78,227.25,454.27,18.09,0.469,0.426,0.901,-8.81,-17.81,-9.0,0.201,0.48,0.633,0.58,0.62,373.7,5.0,train
APDA-V2-NEG-0176,Spatial Negative Buffer Control,24.9285,92.83894,0,937.9,2.78,13.5,0.01758,0.0205,7.15,16.24,27.09,41.04,2.71,0.078,0.072,0.177,-9.41,-22.35,-12.94,0.92,0.773,0.016,-0.084,0.131,17.03,1.0,train
APDA-V2-POS-0406,NASA COOLR (Verified Event),25.18412,93.019,1,1679.4,41.01,125.1,-0.09634,0.00769,5.65,170.85,245.89,323.84,25.95,0.438,0.406,0.807,-8.51,-13.31,-4.8,0.177,0.251,0.65,0.58,0.643,249.19,5.0,train
APDA-V2-NEG-0189,Spatial Negative Buffer Control,27.43279,87.96751,0,3330.4,13.38,25.3,-0.00784,0.0154,5.55,13.22,19.48,25.86,2.2,0.059,0.054,0.129,-9.61,-18.55,-8.94,0.92,0.843,0.1,-0.001,0.154,15.34,2.0,train
APDA-V2-POS-0341,NASA COOLR (Verified Event),25.59785,90.58546,1,614.6,39.14,173.2,-0.02852,0.02768,5.0,46.91,236.61,521.34,11.88,0.392,0.345,0.68,-10.83,-13.04,-2.22,0.42,0.293,0.572,0.58,0.724,453.01,5.0,train
APDA-V2-NEG-0161,Spatial Negative Buffer Control,27.60001,88.5879,0,3703.3,6.53,9.0,0.00369,-0.00648,7.17,3.75,27.37,54.34,0.63,0.199,0.183,0.412,-12.31,-19.75,-7.44,0.697,0.55,-0.097,-0.102,0.28,24.59,2.0,train
APDA-V2-NEG-0291,Spatial Negative Buffer Control,24.45803,93.44039,0,472.5,8.46,25.4,-0.00799,0.01844,6.71,9.37,18.65,51.9,1.56,0.17,0.157,0.351,-10.24,-20.0,-9.76,0.789,0.88,-0.209,0.01,0.136,25.59,1.0,train
APDA-V2-POS-0726,NASA COOLR (Verified Event),27.68928,88.58048,1,3002.1,31.05,310.4,-0.08573,0.02068,5.78,86.59,207.54,346.34,15.72,0.494,0.446,0.881,-5.6,-16.02,-10.42,0.42,0.333,0.646,0.58,0.62,270.84,5.0,train
APDA-V2-POS-0080,NASA COOLR (Verified Event),27.10116,93.61826,1,2688.7,27.34,189.5,-0.04525,0.03941,6.4,62.15,198.25,493.94,15.94,0.439,0.393,0.812,-12.4,-13.67,-1.26,0.42,0.231,0.391,0.18,0.835,417.94,4.0,train
APDA-V2-POS-0050,NASA COOLR (Verified Event),25.07159,93.15687,1,1627.7,37.69,175.2,-0.09723,0.03529,5.89,74.08,234.6,303.8,16.67,0.411,0.378,0.857,-10.17,-14.84,-4.67,0.369,0.276,0.459,0.222,0.736,257.73,5.0,train
APDA-V2-POS-0175,NASA COOLR (Verified Event),25.18187,93.02831,1,1928.1,44.52,266.9,-0.05438,-0.00901,5.78,86.88,140.77,286.24,12.71,0.441,0.391,0.786,-12.08,-16.41,-4.33,0.242,0.423,0.65,0.546,0.956,241.85,5.0,train
APDA-V2-NEG-0507,Spatial Negative Buffer Control,25.97583,92.30633,0,1719.8,16.0,101.3,-0.00957,0.00831,5.86,6.43,10.87,13.6,1.07,0.167,0.154,0.36,-15.71,-23.61,-7.91,0.861,0.754,-0.143,-0.084,0.063,7.4,1.0,train
APDA-V2-NEG-0319,Spatial Negative Buffer Control,25.69955,91.92993,0,1059.3,0.28,313.8,0.00934,0.00331,7.98,9.57,14.48,30.85,1.59,0.221,0.204,0.48,-13.27,-20.33,-7.06,0.816,0.88,-0.167,-0.2,0.313,16.43,1.0,train
APDA-V2-POS-0280,NASA COOLR (Verified Event),25.18855,93.02082,1,956.3,41.07,231.1,-0.04242,0.0585,5.25,74.19,174.35,258.34,21.67,0.377,0.334,0.752,-13.31,-18.45,-5.15,0.278,0.408,0.488,0.58,0.62,216.72,4.0,train
APDA-V2-POS-0046,NASA COOLR (Verified Event),25.43884,92.19029,1,1227.1,32.59,211.1,-0.06081,0.0568,6.2,106.11,219.47,407.15,25.6,0.375,0.331,0.681,-10.18,-12.24,-2.06,0.42,0.48,0.65,0.394,0.62,312.2,4.0,train
APDA-V2-NEG-0639,Spatial Negative Buffer Control,24.65779,93.08288,0,1031.5,16.0,257.2,0.00547,-0.00053,6.26,0.44,16.94,41.95,0.07,0.142,0.13,0.318,-15.88,-23.47,-7.59,0.584,0.805,-0.068,-0.021,0.087,21.3,2.0,train
APDA-V2-NEG-0238,Spatial Negative Buffer Control,25.31607,93.42861,0,1921.8,5.94,39.6,-0.01178,0.00036,6.12,15.16,39.04,44.07,2.53,0.137,0.126,0.324,-11.63,-20.6,-8.97,0.841,0.832,-0.183,-0.073,0.289,21.49,2.0,train
APDA-V2-POS-0778,NASA COOLR (Verified Event),25.53835,91.86916,1,941.0,27.05,202.3,-0.04763,0.01017,6.44,72.32,257.06,406.43,18.29,0.373,0.338,0.68,-6.94,-17.42,-10.48,0.08,0.26,0.65,0.403,0.947,308.8,4.0,train
APDA-V2-NEG-0169,Spatial Negative Buffer Control,25.17873,92.1888,0,1745.9,3.16,74.0,-0.00433,0.01237,7.75,7.2,21.14,51.18,1.2,0.257,0.236,0.555,-16.95,-16.25,0.69,0.645,0.747,-0.125,-0.104,0.281,22.59,1.0,train
APDA-V2-NEG-0488,Spatial Negative Buffer Control,25.78351,90.19555,0,1003.8,0.37,16.7,0.00633,-0.00751,9.29,6.88,30.94,61.6,1.15,0.347,0.319,0.74,-12.56,-20.9,-8.34,0.634,0.756,-0.105,-0.157,0.297,36.98,3.0,train
APDA-V2-NEG-0095,Spatial Negative Buffer Control,25.73685,93.12433,0,1692.2,2.9,125.3,-0.01614,0.01421,7.32,1.57,4.79,35.63,0.26,0.237,0.218,0.551,-15.59,-21.73,-6.14,0.92,0.857,0.046,-0.159,0.043,15.72,2.0,train
APDA-V2-POS-0234,NASA COOLR (Verified Event),25.75478,91.90707,1,1441.6,36.22,176.2,-0.06845,0.03443,5.79,64.08,207.26,389.64,13.27,0.33,0.303,0.68,-7.23,-20.76,-13.53,0.42,0.48,0.65,0.58,0.916,337.9,4.0,train
APDA-V2-POS-0775,NASA COOLR (Verified Event),23.72899,92.71307,1,532.1,25.47,211.1,0.00901,0.02098,6.67,104.83,224.72,423.56,21.13,0.331,0.305,0.68,-7.12,-14.15,-7.04,0.191,0.438,0.579,0.489,0.845,368.39,4.0,train
APDA-V2-NEG-0086,Spatial Negative Buffer Control,25.57185,91.93054,0,1502.2,4.37,139.7,0.01415,0.0121,5.96,4.08,11.73,15.35,0.68,0.161,0.148,0.356,-14.92,-20.48,-5.56,0.653,0.55,0.086,-0.012,0.205,6.39,1.0,train
APDA-V2-NEG-0455,Spatial Negative Buffer Control,27.50928,87.98898,0,2220.1,2.29,90.9,-0.01077,-0.00209,7.07,1.4,20.51,43.93,0.23,0.173,0.159,0.375,-18.41,-21.26,-2.85,0.567,0.88,-0.137,-0.11,0.204,18.94,1.0,train
APDA-V2-NEG-0300,Spatial Negative Buffer Control,25.79313,91.7439,0,1872.9,10.09,22.9,-0.00736,-0.01722,6.26,3.77,16.36,32.6,0.63,0.196,0.181,0.445,-14.7,-22.56,-7.85,0.75,0.802,-0.085,0.002,0.237,16.05,2.0,train
APDA-V2-POS-0759,NASA COOLR (Verified Event),25.75206,91.9014,1,1178.0,32.87,236.5,-0.01884,0.04906,5.36,81.64,289.16,476.16,13.49,0.417,0.386,0.847,-9.77,-15.38,-5.61,0.328,0.246,0.65,0.528,0.775,365.0,5.0,train
APDA-V2-POS-0119,NASA COOLR (Verified Event),27.18488,88.36095,1,1966.1,42.64,104.8,-0.05019,0.04735,6.14,50.78,193.94,275.6,11.9,0.44,0.404,0.829,-8.56,-14.11,-5.55,0.153,0.236,0.406,0.303,0.975,233.13,5.0,train
APDA-V2-NEG-0520,Spatial Negative Buffer Control,27.7201,91.55288,0,3750.6,11.03,145.2,-0.01111,0.00282,6.55,2.45,12.71,49.98,0.41,0.213,0.196,0.48,-15.91,-15.26,0.65,0.729,0.869,-0.035,-0.119,0.06,31.67,1.0,train
APDA-V2-POS-0900,NASA COOLR (Verified Event),24.78649,93.68191,1,788.6,35.36,139.9,-0.07144,0.06887,6.31,61.81,215.07,355.37,17.24,0.456,0.421,0.869,-7.21,-13.17,-5.96,0.176,0.215,0.65,0.58,0.62,271.05,5.0,train
APDA-V2-NEG-0030,Spatial Negative Buffer Control,24.55538,92.9525,0,507.0,0.53,226.4,0.01732,0.00846,8.92,0.01,18.91,34.89,0.0,0.169,0.156,0.399,-13.24,-21.33,-8.1,0.45,0.55,0.15,-0.003,0.48,14.45,1.0,train
APDA-V2-POS-0216,NASA COOLR (Verified Event),25.56505,91.87799,1,1025.3,27.31,141.4,-0.06943,0.03306,6.54,55.64,213.74,388.44,14.87,0.335,0.303,0.68,-11.06,-15.8,-4.73,0.224,0.48,0.647,0.517,0.95,333.13,5.0,train
APDA-V2-NEG-0244,Spatial Negative Buffer Control,27.5119,88.32239,0,3734.2,9.88,209.6,-0.00636,0.00941,6.38,4.58,19.46,34.1,0.76,0.078,0.072,0.186,-16.55,-22.49,-5.94,0.825,0.88,-0.041,-0.12,0.466,19.16,1.0,train
APDA-V2-POS-0459,NASA COOLR (Verified Event),24.78074,93.67686,1,293.2,34.27,303.2,-0.08026,0.02867,6.2,42.69,164.91,220.73,13.81,0.364,0.327,0.738,-6.32,-14.86,-8.55,0.184,0.425,0.65,0.58,0.62,196.23,5.0,train
APDA-V2-NEG-0406,Spatial Negative Buffer Control,25.41899,93.29757,0,1196.5,1.31,205.4,-0.01555,-0.01109,8.79,2.96,5.42,45.1,0.49,0.072,0.066,0.146,-15.45,-20.97,-5.51,0.92,0.55,-0.128,-0.146,0.136,24.79,2.0,train
APDA-V2-POS-0019,NASA COOLR (Verified Event),23.73302,92.71747,1,696.9,25.45,227.6,-0.04309,0.03142,6.49,49.31,217.56,299.37,8.63,0.39,0.359,0.743,-10.57,-15.26,-4.69,0.153,0.306,0.613,0.58,0.929,283.88,5.0,train
APDA-V2-NEG-0780,Spatial Negative Buffer Control,25.94323,91.52936,0,796.3,1.5,70.7,-0.00039,-0.01945,7.88,0.57,6.53,18.98,0.1,0.238,0.219,0.542,-14.15,-19.16,-5.01,0.92,0.88,-0.039,-0.112,0.308,12.17,1.0,train
APDA-V2-POS-0585,NASA COOLR (Verified Event),24.78472,93.68726,1,416.2,26.36,158.0,-0.06605,0.04821,6.02,39.2,147.08,341.72,10.01,0.357,0.319,0.717,-13.96,-15.2,-1.24,0.176,0.48,0.65,0.58,0.757,282.43,4.0,train
APDA-V2-NEG-0047,Spatial Negative Buffer Control,25.30208,90.97523,0,1060.0,3.08,86.5,0.00436,-0.00355,6.53,5.83,23.69,39.25,0.97,0.21,0.194,0.423,-18.81,-19.68,-0.87,0.92,0.868,-0.027,0.03,0.145,24.2,1.0,train
APDA-V2-NEG-0657,Spatial Negative Buffer Control,25.8488,92.07768,0,1593.0,1.53,256.8,0.00383,0.0056,8.41,6.65,18.47,35.34,1.11,0.107,0.098,0.246,-7.46,-16.9,-9.44,0.92,0.719,0.15,-0.12,0.26,14.44,1.0,train
APDA-V2-NEG-0259,Spatial Negative Buffer Control,24.78442,92.86136,0,1107.9,1.17,55.6,0.00036,-0.01805,8.73,9.49,26.3,33.95,1.58,0.085,0.078,0.186,-16.44,-21.53,-5.09,0.615,0.88,0.15,0.017,0.338,18.55,1.0,train
APDA-V2-NEG-0452,Spatial Negative Buffer Control,26.16132,93.27541,0,712.9,3.02,165.6,-0.01238,0.00682,7.91,15.91,18.94,42.58,2.65,0.154,0.142,0.339,-13.45,-13.5,-0.05,0.45,0.868,-0.049,-0.08,0.108,18.52,3.0,train
APDA-V2-POS-0802,NASA COOLR (Verified Event),25.44931,92.18997,1,1362.6,40.84,33.2,-0.05865,0.02009,5.24,93.81,231.53,378.95,15.17,0.493,0.45,0.94,-10.58,-20.14,-9.56,0.38,0.12,0.45,0.424,0.746,300.48,4.0,train
APDA-V2-NEG-0392,Spatial Negative Buffer Control,26.85221,88.65315,0,1393.4,1.68,264.6,-0.00545,-0.00336,8.1,12.74,21.59,41.14,2.12,0.14,0.129,0.313,-13.87,-17.94,-4.06,0.693,0.55,-0.25,-0.075,0.364,21.89,1.0,train
APDA-V2-NEG-0132,Spatial Negative Buffer Control,25.88669,91.7149,0,1259.2,13.15,64.2,0.00777,0.00062,5.04,3.33,17.9,30.55,0.56,0.091,0.083,0.209,-14.93,-17.67,-2.74,0.759,0.751,0.026,-0.058,0.329,15.18,1.0,train
APDA-V2-POS-0431,NASA COOLR (Verified Event),26.00131,93.42329,1,1658.7,24.31,233.3,-0.00775,0.05418,5.6,118.42,241.59,351.77,23.94,0.495,0.462,0.961,-9.37,-19.4,-10.04,0.176,0.48,0.65,0.58,0.935,278.55,5.0,train
APDA-V2-NEG-0203,Spatial Negative Buffer Control,27.63394,87.96081,0,1849.6,7.31,23.5,0.01233,-0.00777,6.37,19.41,24.65,53.1,3.23,0.173,0.159,0.382,-16.93,-17.64,-0.71,0.91,0.808,-0.199,-0.063,0.339,27.44,2.0,train
APDA-V2-POS-0536,NASA COOLR (Verified Event),26.0185,93.41882,1,1952.3,41.68,218.7,-0.0146,0.04735,5.63,67.13,170.71,419.56,17.79,0.39,0.357,0.801,-5.64,-10.27,-4.63,0.225,0.189,0.65,0.273,0.966,347.89,5.0,train
APDA-V2-POS-0553,NASA COOLR (Verified Event),25.18572,93.02257,1,1428.5,31.23,230.4,-0.06011,0.06923,4.95,92.98,290.07,406.48,20.62,0.328,0.301,0.68,-6.34,-17.65,-11.3,0.314,0.48,0.65,0.58,0.62,353.02,5.0,train
APDA-V2-POS-0017,NASA COOLR (Verified Event),27.1059,93.61528,1,3210.5,33.94,232.4,-0.0074,0.02698,5.53,57.63,198.88,481.25,12.04,0.425,0.379,0.791,-5.49,-15.33,-9.84,0.111,0.179,0.428,0.449,0.861,398.41,4.0,train
APDA-V2-NEG-0045,Spatial Negative Buffer Control,25.43855,92.02865,0,1702.2,0.67,189.9,0.00249,-0.0033,8.08,19.24,40.11,70.74,3.21,0.208,0.192,0.46,-17.02,-21.63,-4.61,0.686,0.791,-0.068,-0.056,0.15,37.97,2.0,train
APDA-V2-NEG-0713,Spatial Negative Buffer Control,25.40377,94.46706,0,1156.3,10.76,59.9,0.01118,-0.00183,5.17,6.22,15.82,22.96,1.04,0.144,0.132,0.313,-11.22,-20.93,-9.71,0.629,0.88,0.004,-0.069,0.148,12.42,3.0,train
APDA-V2-NEG-0629,Spatial Negative Buffer Control,25.25893,93.85219,0,1284.5,2.74,140.2,0.00046,-0.00123,7.95,8.71,29.51,46.05,1.45,0.2,0.184,0.462,-15.01,-23.06,-8.04,0.857,0.65,0.043,-0.047,0.159,27.59,1.0,train
APDA-V2-NEG-0284,Spatial Negative Buffer Control,25.67663,93.8333,0,1135.6,4.05,214.4,-0.00526,0.01901,6.89,8.34,18.3,26.71,1.39,0.124,0.114,0.278,-11.71,-22.87,-11.16,0.635,0.801,-0.065,-0.024,0.253,11.95,1.0,train
APDA-V2-NEG-0202,Spatial Negative Buffer Control,27.66791,88.84844,0,1723.6,6.64,103.8,0.01408,0.00237,6.47,18.1,29.62,44.27,3.02,0.147,0.135,0.295,-11.84,-19.17,-7.33,0.913,0.88,-0.042,-0.182,0.107,19.59,1.0,train
APDA-V2-POS-0209,NASA COOLR (Verified Event),25.67564,94.10762,1,736.2,36.32,219.6,-0.04702,0.05393,6.15,60.62,155.92,354.96,11.37,0.439,0.399,0.782,-10.47,-12.26,-1.79,0.251,0.126,0.208,0.3,0.945,319.68,4.0,train
APDA-V2-POS-0500,NASA COOLR (Verified Event),27.09772,93.61208,1,2217.0,31.66,229.8,-0.05266,0.01699,6.12,126.19,311.78,520.08,19.46,0.363,0.335,0.753,-11.47,-14.42,-2.94,0.417,0.48,0.478,0.58,0.882,475.84,5.0,train
APDA-V2-POS-0530,NASA COOLR (Verified Event),25.6031,90.58314,1,1064.6,32.04,209.1,-0.05599,0.07328,6.55,43.03,110.66,323.75,9.84,0.404,0.357,0.818,-9.66,-15.23,-5.56,0.225,0.329,0.554,0.58,0.698,260.88,4.0,train
APDA-V2-POS-0506,NASA COOLR (Verified Event),25.29392,91.70497,1,1159.5,29.68,159.9,-0.04627,0.04882,6.29,94.05,184.64,345.31,17.1,0.469,0.42,0.872,-5.75,-16.86,-11.12,0.42,0.221,0.325,0.58,0.851,278.08,5.0,train
APDA-V2-NEG-0596,Spatial Negative Buffer Control,25.38628,92.72,0,1189.7,2.87,106.1,-0.01161,0.00132,7.88,0.44,20.01,37.0,0.07,0.118,0.109,0.244,-15.65,-21.15,-5.51,0.793,0.55,-0.143,-0.105,0.134,18.96,1.0,train
APDA-V2-POS-0473,NASA COOLR (Verified Event),26.00649,93.42038,1,1302.9,34.0,147.0,-0.04106,0.06441,5.23,35.0,89.66,197.4,10.36,0.359,0.328,0.68,-5.6,-15.2,-9.6,0.182,0.48,0.378,0.58,0.847,186.21,4.0,train
APDA-V2-POS-0001,NASA COOLR (Verified Event),25.53083,91.86896,1,1235.5,44.99,284.6,-0.03088,0.02831,5.25,108.82,258.74,496.93,21.51,0.412,0.374,0.784,-9.99,-16.17,-6.18,0.42,0.337,0.444,0.538,0.801,395.35,5.0,train
APDA-V2-NEG-0299,Spatial Negative Buffer Control,25.86627,90.20635,0,753.8,0.57,98.8,-0.00384,-0.00071,8.5,0.39,20.24,24.55,0.06,0.181,0.166,0.387,-14.57,-20.9,-6.33,0.45,0.787,0.13,0.12,0.079,11.75,2.0,train
APDA-V2-NEG-0800,Spatial Negative Buffer Control,25.49637,92.08605,0,1903.8,0.26,1.9,-0.00689,0.00506,9.54,5.86,13.24,37.94,0.98,0.124,0.114,0.261,-15.04,-22.63,-7.59,0.858,0.6,-0.131,-0.147,0.053,15.75,1.0,train
APDA-V2-POS-0447,NASA COOLR (Verified Event),25.56827,91.88113,1,1769.7,37.52,136.9,-0.0531,0.0322,5.96,82.43,260.14,315.66,16.09,0.361,0.316,0.711,-10.05,-9.54,0.51,0.42,0.438,0.65,0.563,0.918,277.91,5.0,train
APDA-V2-POS-0259,NASA COOLR (Verified Event),25.18536,93.02242,1,638.1,29.6,27.4,-0.02251,0.00624,6.27,79.84,246.52,522.57,14.33,0.339,0.305,0.691,-11.08,-14.77,-3.69,0.208,0.384,0.65,0.458,0.923,443.64,5.0,train
APDA-V2-NEG-0545,Spatial Negative Buffer Control,26.05561,93.92443,0,1676.0,3.71,107.9,0.00881,0.00903,6.01,13.41,32.49,61.67,2.24,0.213,0.196,0.469,-14.04,-17.75,-3.71,0.76,0.808,0.087,-0.132,0.333,28.2,1.0,train
APDA-V2-NEG-0653,Spatial Negative Buffer Control,24.90075,91.54069,0,379.5,7.7,51.7,0.00254,0.00957,6.37,1.71,2.78,27.3,0.28,0.109,0.1,0.245,-12.22,-21.8,-9.58,0.723,0.786,-0.021,-0.033,0.093,13.4,2.0,train
APDA-V2-POS-0062,NASA COOLR (Verified Event),25.67799,94.11084,1,633.2,32.85,175.5,-0.14012,0.03244,5.75,227.22,280.86,377.72,30.82,0.453,0.416,0.817,-7.19,-18.61,-11.42,0.42,0.336,0.468,0.485,0.799,339.91,5.0,train
APDA-V2-NEG-0103,Spatial Negative Buffer Control,24.04444,93.0219,0,268.0,16.0,61.1,0.00073,0.00394,5.31,6.11,22.22,42.8,1.02,0.122,0.112,0.29,-13.6,-24.41,-10.81,0.53,0.805,-0.074,-0.2,0.289,26.5,2.0,train
APDA-V2-POS-0675,NASA COOLR (Verified Event),25.7549,91.90943,1,1064.2,36.83,140.4,-0.02513,0.06964,5.99,37.67,140.58,395.41,12.26,0.484,0.445,0.881,-13.99,-13.75,0.24,0.194,0.456,0.65,0.289,0.651,301.0,4.0,train
APDA-V2-POS-0773,NASA COOLR (Verified Event),27.09108,93.61962,1,3027.0,39.69,62.3,-0.03094,0.01216,5.97,40.59,162.43,231.09,9.08,0.489,0.461,0.973,-10.41,-13.39,-2.97,0.384,0.368,0.627,0.311,0.754,178.04,4.0,train
APDA-V2-NEG-0756,Spatial Negative Buffer Control,27.40093,88.0191,0,2712.2,10.33,242.9,0.01199,0.0013,6.56,0.15,3.49,17.74,0.02,0.108,0.099,0.238,-14.5,-18.16,-3.67,0.45,0.687,-0.049,-0.058,0.48,8.62,3.0,train
APDA-V2-NEG-0249,Spatial Negative Buffer Control,25.05696,93.99156,0,993.9,6.06,43.5,-0.00323,0.01631,7.11,4.53,25.0,44.38,0.75,0.038,0.035,0.078,-17.01,-22.31,-5.29,0.797,0.756,-0.197,-0.071,0.388,22.41,1.0,train
APDA-V2-POS-0152,NASA COOLR (Verified Event),25.60474,90.58308,1,726.9,46.73,197.9,-0.07774,0.02735,4.63,43.52,100.39,277.07,14.8,0.382,0.335,0.75,-10.37,-15.38,-5.01,0.42,0.454,0.487,0.58,0.876,233.99,5.0,train
APDA-V2-NEG-0559,Spatial Negative Buffer Control,26.96141,88.96637,0,1079.1,0.54,167.9,-0.0122,0.00753,9.26,0.0,1.32,31.92,0.0,0.075,0.069,0.157,-14.04,-17.28,-3.24,0.699,0.664,-0.165,-0.017,0.309,13.83,1.0,train
APDA-V2-POS-0751,NASA COOLR (Verified Event),27.58644,91.86888,1,2155.3,45.53,238.0,-0.02584,0.03919,6.0,47.01,143.32,224.54,13.38,0.339,0.3,0.68,-6.51,-14.21,-7.7,0.42,0.161,0.254,0.387,0.814,188.59,5.0,train
APDA-V2-POS-0854,NASA COOLR (Verified Event),27.18578,88.36127,1,3595.7,33.93,294.3,0.0057,0.02672,5.45,76.35,174.26,294.23,20.05,0.487,0.445,0.895,-10.44,-19.96,-9.52,0.265,0.196,0.649,0.58,0.848,251.55,5.0,train
APDA-V2-NEG-0243,Spatial Negative Buffer Control,27.82389,88.89499,0,1636.9,13.73,261.0,-0.00253,0.02524,6.05,3.83,22.58,31.76,0.64,0.309,0.284,0.62,-13.83,-20.58,-6.75,0.783,0.827,-0.021,-0.067,0.401,19.29,1.0,train
APDA-V2-POS-0242,NASA COOLR (Verified Event),26.01253,93.4197,1,1870.5,32.24,141.5,-0.06405,0.05954,5.29,112.09,300.97,363.47,24.97,0.432,0.389,0.804,-11.19,-16.86,-5.67,0.303,0.189,0.609,0.58,0.933,297.39,5.0,train
APDA-V2-POS-0395,NASA COOLR (Verified Event),27.09537,93.61587,1,2893.1,32.77,298.7,-0.04276,0.00405,5.99,139.24,320.43,537.05,31.22,0.449,0.412,0.832,-9.08,-9.57,-0.49,0.284,0.317,0.364,0.58,0.825,482.75,5.0,train
APDA-V2-NEG-0506,Spatial Negative Buffer Control,25.70435,91.84044,0,954.0,4.71,234.6,0.0002,-0.00713,6.21,4.96,21.89,43.45,0.83,0.13,0.12,0.31,-14.33,-20.81,-6.48,0.725,0.692,-0.209,-0.178,0.155,18.06,1.0,train
APDA-V2-NEG-0268,Spatial Negative Buffer Control,27.20763,91.52918,0,2268.0,0.4,148.1,-0.00453,-0.01285,9.44,3.33,21.32,58.7,0.55,0.22,0.203,0.465,-13.97,-23.26,-9.3,0.795,0.88,-0.127,-0.026,0.226,37.43,1.0,train
APDA-V2-NEG-0617,Spatial Negative Buffer Control,24.80405,93.02752,0,1366.2,0.21,262.8,-0.00978,0.01625,8.77,3.79,12.98,44.96,0.63,0.254,0.234,0.525,-13.61,-17.37,-3.76,0.831,0.88,-0.147,-0.154,0.154,19.58,1.0,train
APDA-V2-POS-0165,NASA COOLR (Verified Event),24.78213,93.6841,1,1183.5,23.71,217.8,-0.04101,0.00268,6.51,99.97,284.43,433.32,21.44,0.332,0.303,0.68,-8.15,-17.22,-9.07,0.245,0.48,0.585,0.58,0.859,387.08,5.0,train
APDA-V2-POS-0160,NASA COOLR (Verified Event),27.33595,88.61631,1,3779.9,43.96,178.7,-0.06474,0.00737,5.25,119.48,228.93,335.84,31.61,0.372,0.336,0.68,-10.9,-12.55,-1.65,0.42,0.309,0.314,0.527,0.81,266.04,5.0,train
APDA-V2-POS-0075,NASA COOLR (Verified Event),27.69321,88.57771,1,2355.2,35.52,207.3,-0.04194,0.02679,5.26,51.95,208.97,267.91,11.4,0.415,0.366,0.8,-9.26,-13.78,-4.52,0.214,0.437,0.65,0.439,0.62,217.61,5.0,train
APDA-V2-NEG-0820,Spatial Negative Buffer Control,25.71319,92.0618,0,1174.0,0.72,93.0,0.01296,0.01246,8.36,0.8,22.13,49.13,0.13,0.21,0.193,0.442,-10.44,-22.22,-11.79,0.837,0.764,-0.043,0.025,0.235,23.59,1.0,train
APDA-V2-NEG-0068,Spatial Negative Buffer Control,25.17708,90.28248,0,627.5,4.05,79.5,0.02416,0.00288,7.64,1.03,16.42,36.09,0.17,0.095,0.087,0.205,-12.0,-17.47,-5.47,0.767,0.849,-0.069,-0.009,0.48,22.68,1.0,train
APDA-V2-NEG-0148,Spatial Negative Buffer Control,25.69714,91.4534,0,1355.3,1.49,180.0,0.0157,-0.00489,7.58,16.41,27.4,47.1,2.74,0.251,0.231,0.522,-13.77,-18.47,-4.7,0.888,0.779,0.049,-0.062,0.459,29.01,2.0,train
APDA-V2-NEG-0641,Spatial Negative Buffer Control,25.63636,93.55382,0,1866.4,0.46,347.7,0.00425,0.01676,9.51,7.78,21.52,43.31,1.3,0.094,0.087,0.192,-13.75,-17.85,-4.1,0.707,0.809,-0.117,-0.152,0.345,25.06,1.0,train
APDA-V2-NEG-0718,Spatial Negative Buffer Control,25.15504,92.59105,0,1091.4,2.2,285.7,-0.01389,-0.00016,8.04,21.6,36.87,44.59,3.6,0.204,0.188,0.45,-13.78,-21.18,-7.4,0.45,0.855,-0.089,-0.098,0.183,27.82,1.0,train
APDA-V2-NEG-0195,Spatial Negative Buffer Control,25.26751,92.24419,0,1786.4,1.92,260.4,-0.00952,0.00595,7.84,5.21,19.21,53.59,0.87,0.278,0.255,0.621,-16.02,-21.63,-5.61,0.601,0.873,-0.103,-0.1,0.158,23.93,3.0,train
APDA-V2-POS-0401,NASA COOLR (Verified Event),25.29864,91.7165,1,838.0,36.9,211.0,-0.05849,0.05199,5.04,80.43,270.93,452.74,19.39,0.479,0.433,0.866,-7.7,-17.87,-10.17,0.086,0.467,0.65,0.403,0.649,417.59,5.0,train
APDA-V2-NEG-0580,Spatial Negative Buffer Control,27.46582,88.90936,0,2072.1,5.57,295.7,-0.00312,0.00568,6.66,0.95,25.47,45.16,0.16,0.294,0.27,0.675,-21.2,-20.75,0.44,0.552,0.786,0.058,-0.077,0.386,19.17,2.0,train
APDA-V2-POS-0766,NASA COOLR (Verified Event),26.17464,91.75908,1,1321.5,22.98,167.4,-0.04586,0.0779,6.07,113.45,313.34,407.82,23.46,0.413,0.365,0.729,-9.75,-20.05,-10.3,0.278,0.48,0.65,0.58,0.84,324.78,4.0,train
APDA-V2-POS-0491,NASA COOLR (Verified Event),25.07496,93.15037,1,1777.2,35.93,172.7,-0.03157,0.03378,5.72,86.3,228.75,465.32,15.99,0.37,0.327,0.68,-12.88,-13.17,-0.3,0.31,0.48,0.583,0.486,0.907,413.17,4.0,train
APDA-V2-NEG-0080,Spatial Negative Buffer Control,27.52217,93.377,0,1506.8,1.07,232.4,0.00183,-0.00048,8.64,28.0,32.19,70.0,4.67,0.065,0.06,0.147,-17.5,-17.35,0.16,0.92,0.88,0.07,0.024,0.269,43.44,1.0,train
APDA-V2-POS-0263,NASA COOLR (Verified Event),26.01156,93.42589,1,1501.8,37.18,168.8,-0.0251,0.00149,6.03,50.05,197.73,468.39,8.83,0.358,0.316,0.68,-10.13,-15.45,-5.33,0.314,0.48,0.605,0.58,0.781,422.67,4.0,train
APDA-V2-NEG-0862,Spatial Negative Buffer Control,25.40485,92.25206,0,841.9,5.12,151.1,-0.00768,0.01546,7.4,2.35,18.4,30.12,0.39,0.044,0.04,0.104,-14.11,-26.43,-12.31,0.873,0.833,-0.147,-0.089,0.305,16.56,2.0,train
APDA-V2-POS-0355,NASA COOLR (Verified Event),23.7351,92.71296,1,1061.1,46.21,206.6,-0.06037,0.01862,5.47,142.93,246.47,356.09,30.06,0.378,0.349,0.796,-9.51,-17.53,-8.01,0.1,0.48,0.15,0.58,0.799,306.84,5.0,train
APDA-V2-NEG-0825,Spatial Negative Buffer Control,25.79618,92.07609,0,1132.7,16.0,16.1,0.00946,-0.0079,5.37,2.49,13.37,51.17,0.41,0.081,0.075,0.185,-8.1,-16.77,-8.67,0.747,0.88,-0.114,-0.026,0.063,20.98,1.0,train
APDA-V2-NEG-0615,Spatial Negative Buffer Control,25.37998,91.72412,0,1829.7,3.73,340.7,0.00837,0.0059,7.47,0.96,18.11,46.15,0.16,0.258,0.237,0.6,-12.74,-19.7,-6.95,0.59,0.823,-0.25,-0.048,0.238,21.77,1.0,train
APDA-V2-NEG-0665,Spatial Negative Buffer Control,26.84569,88.61662,0,1037.8,1.47,168.4,-0.0162,0.00432,6.77,0.53,25.33,56.68,0.09,0.132,0.121,0.298,-13.22,-18.69,-5.47,0.92,0.561,0.033,-0.102,0.058,30.58,1.0,train
APDA-V2-POS-0526,NASA COOLR (Verified Event),25.53533,91.86436,1,1622.5,33.07,150.5,-0.01939,0.04919,5.34,71.6,187.52,389.88,15.97,0.398,0.353,0.731,-7.87,-18.61,-10.74,0.42,0.48,0.65,0.272,0.966,336.17,5.0,train
APDA-V2-NEG-0781,Spatial Negative Buffer Control,25.82395,91.99909,0,1169.3,0.85,88.0,0.00841,0.01235,8.42,10.38,16.22,20.78,1.73,0.243,0.224,0.525,-17.4,-15.28,2.11,0.718,0.88,-0.062,-0.085,0.07,11.24,2.0,train
APDA-V2-NEG-0428,Spatial Negative Buffer Control,24.67246,93.40846,0,280.7,8.19,60.9,0.00434,0.0186,6.76,13.98,35.21,51.29,2.33,0.081,0.074,0.186,-19.9,-18.04,1.86,0.849,0.819,-0.099,-0.2,0.176,31.62,2.0,train
APDA-V2-POS-0841,NASA COOLR (Verified Event),25.53068,91.87645,1,1157.0,42.0,115.1,-0.05369,0.02952,5.02,104.29,238.55,433.23,27.78,0.411,0.362,0.785,-7.58,-16.8,-9.22,0.131,0.478,0.61,0.58,0.864,371.94,5.0,train
APDA-V2-POS-0898,NASA COOLR (Verified Event),27.57648,91.86447,1,3721.9,24.26,228.1,-0.03201,0.06311,6.78,67.2,174.44,357.94,16.91,0.405,0.369,0.839,-6.11,-12.95,-6.84,0.08,0.128,0.65,0.58,0.946,281.03,5.0,train
APDA-V2-NEG-0747,Spatial Negative Buffer Control,27.91284,88.32678,0,1583.7,0.96,85.1,0.01912,0.00402,8.97,1.43,3.92,33.86,0.24,0.153,0.141,0.315,-15.35,-19.64,-4.28,0.906,0.84,-0.09,0.049,0.342,20.04,1.0,train
APDA-V2-POS-0226,NASA COOLR (Verified Event),27.58747,91.86568,1,1922.0,42.02,156.3,0.01685,0.04601,5.61,52.16,203.96,357.0,8.15,0.478,0.442,0.953,-3.77,-15.31,-11.55,0.08,0.48,0.63,0.58,0.822,280.88,4.0,train
APDA-V2-POS-0181,NASA COOLR (Verified Event),27.33501,88.61384,1,1591.7,28.14,194.8,-0.03879,0.03317,6.7,104.43,211.6,292.44,18.03,0.459,0.422,0.865,-8.72,-12.68,-3.96,0.42,0.48,0.65,0.58,0.892,254.23,5.0,train
APDA-V2-NEG-0167,Spatial Negative Buffer Control,25.36279,93.70715,0,1582.0,1.99,81.2,0.00917,-0.00161,7.78,12.54,19.23,40.74,2.09,0.345,0.317,0.691,-10.93,-18.97,-8.04,0.854,0.717,-0.186,-0.16,0.254,16.73,2.0,train
APDA-V2-NEG-0248,Spatial Negative Buffer Control,27.34192,93.78441,0,1943.9,5.22,109.7,0.0218,-0.00287,6.91,0.55,20.13,30.1,0.09,0.136,0.126,0.321,-11.57,-24.34,-12.77,0.656,0.876,-0.22,-0.14,0.256,16.87,1.0,train
APDA-V2-NEG-0697,Spatial Negative Buffer Control,25.07421,92.46988,0,1019.2,1.38,212.4,0.00158,0.00862,8.6,0.21,24.74,52.08,0.04,0.058,0.053,0.118,-14.26,-25.26,-11.01,0.678,0.749,-0.147,0.059,0.058,29.45,1.0,train
APDA-V2-NEG-0568,Spatial Negative Buffer Control,25.90711,92.30746,0,1208.8,1.96,300.3,-0.00593,0.01753,8.22,3.51,24.63,34.01,0.59,0.174,0.16,0.394,-19.84,-16.2,3.64,0.511,0.55,-0.048,0.036,0.077,15.77,1.0,train
APDA-V2-POS-0053,NASA COOLR (Verified Event),26.01359,93.41943,1,1312.3,24.78,215.5,-0.02898,0.05628,6.75,84.53,181.15,276.6,12.78,0.458,0.419,0.889,-9.95,-15.43,-5.48,0.111,0.48,0.586,0.445,0.62,261.32,4.0,train
APDA-V2-POS-0531,NASA COOLR (Verified Event),25.57275,91.88483,1,1866.5,30.76,196.3,-0.08978,0.0255,5.55,86.96,137.12,188.06,16.24,0.407,0.366,0.809,-12.57,-18.71,-6.14,0.08,0.338,0.525,0.516,0.66,148.5,4.0,train
APDA-V2-NEG-0837,Spatial Negative Buffer Control,24.37824,93.49119,0,1198.9,0.38,28.2,-0.00446,-0.02352,9.12,7.46,28.73,40.55,1.24,0.125,0.115,0.287,-13.43,-20.84,-7.41,0.686,0.568,-0.18,0.087,0.126,19.75,1.0,train
APDA-V2-NEG-0603,Spatial Negative Buffer Control,27.60952,91.97377,0,1789.6,1.68,271.5,0.00327,0.01094,8.03,11.87,18.51,57.56,1.98,0.111,0.102,0.232,-17.21,-21.92,-4.71,0.761,0.785,-0.149,-0.066,0.281,23.6,1.0,train
APDA-V2-NEG-0395,Spatial Negative Buffer Control,26.84183,93.3326,0,884.1,4.19,304.7,0.00266,0.0089,7.62,16.73,17.96,55.64,2.79,0.135,0.124,0.321,-10.34,-12.61,-2.28,0.878,0.781,-0.014,-0.039,0.48,31.71,1.0,train
APDA-V2-NEG-0659,Spatial Negative Buffer Control,24.91067,93.02637,0,400.9,8.18,122.4,0.00798,-0.01461,6.13,9.3,33.73,57.37,1.55,0.122,0.112,0.286,-12.69,-20.62,-7.93,0.584,0.764,-0.027,0.078,0.077,35.78,2.0,train
APDA-V2-NEG-0393,Spatial Negative Buffer Control,27.70454,92.85529,0,2137.2,1.06,280.2,0.01493,0.00013,8.93,4.92,27.67,31.42,0.82,0.208,0.191,0.432,-16.54,-18.7,-2.16,0.727,0.719,-0.099,-0.082,0.299,19.59,2.0,train
APDA-V2-POS-0829,NASA COOLR (Verified Event),26.17691,91.75141,1,802.4,33.28,182.2,0.01204,0.07408,4.99,142.8,254.05,397.39,36.62,0.479,0.438,0.891,-6.05,-15.06,-9.01,0.289,0.358,0.485,0.272,0.903,362.15,5.0,train
APDA-V2-POS-0369,NASA COOLR (Verified Event),27.68483,88.58201,1,2364.9,23.3,50.8,-0.04422,0.01111,5.28,68.77,185.31,322.8,14.86,0.35,0.304,0.68,-6.07,-19.72,-13.65,0.08,0.292,0.522,0.58,0.638,290.53,5.0,train
APDA-V2-POS-0266,NASA COOLR (Verified Event),27.19326,88.35908,1,3445.4,34.85,226.1,-0.07214,0.07258,6.05,35.0,241.85,369.24,11.62,0.527,0.493,0.965,-9.46,-17.82,-8.36,0.365,0.473,0.65,0.391,0.723,321.03,5.0,train
APDA-V2-NEG-0572,Spatial Negative Buffer Control,25.25156,90.81808,0,649.4,9.47,169.5,-0.01187,0.00807,5.88,4.8,7.76,36.74,0.8,0.066,0.061,0.147,-14.67,-15.06,-0.39,0.566,0.669,-0.25,-0.17,0.354,21.2,1.0,train
APDA-V2-POS-0052,NASA COOLR (Verified Event),26.16779,91.76231,1,876.9,41.41,215.3,-0.00947,0.06566,5.53,93.66,225.21,326.86,15.84,0.437,0.403,0.833,-10.21,-14.09,-3.88,0.42,0.451,0.65,0.58,0.672,262.31,5.0,train
APDA-V2-NEG-0684,Spatial Negative Buffer Control,28.11935,88.1727,0,2847.5,1.46,127.8,-0.00864,-0.00126,6.94,6.83,17.82,23.33,1.14,0.172,0.158,0.37,-16.82,-24.96,-8.13,0.864,0.88,-0.039,-0.061,0.067,14.31,1.0,train
APDA-V2-NEG-0131,Spatial Negative Buffer Control,25.78647,90.42023,0,1648.0,0.42,312.5,-0.01356,-0.00424,9.52,1.22,13.41,41.81,0.2,0.155,0.143,0.357,-14.47,-21.15,-6.68,0.562,0.718,-0.047,-0.111,0.263,18.48,2.0,train
APDA-V2-POS-0519,NASA COOLR (Verified Event),27.35555,92.42292,1,2622.4,43.05,194.0,-0.09012,0.03728,5.44,161.94,365.71,439.65,36.43,0.472,0.442,0.966,-7.16,-14.96,-7.8,0.313,0.48,0.49,0.438,0.892,403.98,5.0,train
APDA-V2-NEG-0367,Spatial Negative Buffer Control,26.59335,91.37342,0,1157.0,12.54,254.7,0.00129,0.00196,4.57,9.46,22.06,49.73,1.58,0.217,0.2,0.436,-11.18,-17.69,-6.51,0.748,0.55,-0.096,-0.094,0.25,29.58,2.0,train
APDA-V2-POS-0516,NASA COOLR (Verified Event),27.69387,88.58483,1,2517.7,36.24,170.5,-0.07977,0.03482,6.38,85.96,155.32,407.67,20.98,0.438,0.405,0.842,-10.25,-13.72,-3.47,0.235,0.48,0.65,0.383,0.958,367.45,5.0,train
APDA-V2-POS-0879,NASA COOLR (Verified Event),24.79088,93.67518,1,1063.1,26.21,187.2,-0.01621,0.06671,6.39,45.59,155.95,415.67,15.12,0.425,0.386,0.787,-8.12,-19.73,-11.61,0.262,0.48,0.65,0.276,0.735,343.85,4.0,train
APDA-V2-NEG-0285,Spatial Negative Buffer Control,27.49975,88.91426,0,1523.4,5.13,144.5,-0.01013,-0.00391,7.33,0.58,25.32,29.13,0.1,0.108,0.099,0.22,-12.91,-20.38,-7.47,0.598,0.83,-0.179,-0.117,0.312,17.29,2.0,train
APDA-V2-POS-0448,NASA COOLR (Verified Event),25.19048,93.01985,1,1777.8,38.27,230.7,-0.07505,0.03937,5.7,54.16,190.75,379.52,11.3,0.451,0.415,0.817,-10.93,-17.33,-6.41,0.281,0.48,0.65,0.38,0.62,338.19,5.0,train
APDA-V2-POS-0330,NASA COOLR (Verified Event),27.35246,92.4229,1,3551.9,32.03,204.8,-0.04508,0.06138,6.11,41.56,86.95,318.26,13.88,0.425,0.376,0.774,-10.05,-15.94,-5.89,0.378,0.48,0.584,0.429,0.712,246.53,5.0,train
APDA-V2-POS-0754,NASA COOLR (Verified Event),23.72508,92.72124,1,405.6,39.9,229.7,-0.02525,0.02417,5.64,64.63,194.48,324.69,14.21,0.354,0.317,0.68,-7.55,-18.38,-10.83,0.335,0.48,0.65,0.474,0.777,288.51,4.0,train
APDA-V2-POS-0434,NASA COOLR (Verified Event),27.19174,88.35304,1,3131.0,42.25,233.9,0.01485,0.01131,6.0,52.96,216.84,447.87,13.6,0.46,0.415,0.926,-8.93,-14.87,-5.93,0.35,0.48,0.65,0.534,0.741,411.86,4.0,train
APDA-V2-POS-0654,NASA COOLR (Verified Event),25.75452,91.90652,1,833.4,32.67,137.6,-0.0085,-0.0215,5.01,83.12,129.92,295.99,17.47,0.338,0.298,0.68,-11.82,-15.23,-3.41,0.08,0.48,0.65,0.558,0.912,223.55,4.0,train
APDA-V2-NEG-0687,Spatial Negative Buffer Control,27.6892,92.55167,0,2580.6,1.42,341.2,0.01013,0.01074,8.29,3.39,14.94,26.23,0.56,0.196,0.18,0.44,-15.49,-23.91,-8.42,0.716,0.778,-0.07,0.027,0.138,13.28,1.0,train
APDA-V2-NEG-0535,Spatial Negative Buffer Control,25.8222,91.94385,0,977.7,0.09,133.6,-0.00733,0.01081,9.37,2.62,14.3,47.68,0.44,0.097,0.09,0.219,-14.75,-24.19,-9.44,0.878,0.583,-0.076,-0.123,0.209,22.58,1.0,train
APDA-V2-POS-0868,NASA COOLR (Verified Event),25.18585,93.02321,1,1004.0,29.34,214.7,-0.06384,0.05529,5.04,165.42,329.35,508.46,33.21,0.435,0.388,0.885,-11.74,-15.88,-4.14,0.17,0.48,0.65,0.58,0.928,447.42,5.0,train
APDA-V2-POS-0006,NASA COOLR (Verified Event),25.56508,91.87911,1,1259.5,34.17,137.6,0.00434,0.08698,6.49,106.7,302.83,508.35,16.79,0.483,0.441,0.927,-9.76,-14.9,-5.14,0.42,0.282,0.65,0.58,0.677,481.26,5.0,train
APDA-V2-POS-0246,NASA COOLR (Verified Event),27.34772,92.41343,1,3063.9,36.49,168.2,-0.04051,0.03229,5.69,93.73,254.56,337.52,20.11,0.33,0.3,0.68,-6.62,-14.16,-7.54,0.148,0.219,0.65,0.58,0.971,261.01,4.0,train
APDA-V2-NEG-0081,Spatial Negative Buffer Control,24.34787,94.04462,0,1198.9,6.38,108.1,0.00346,-0.00095,5.98,4.41,7.04,27.8,0.74,0.131,0.121,0.306,-13.82,-19.77,-5.95,0.762,0.792,0.005,-0.088,0.126,11.18,1.0,train
APDA-V2-NEG-0233,Spatial Negative Buffer Control,25.67579,91.49776,0,1486.9,10.06,335.7,-0.00017,-0.00757,6.7,6.72,13.17,30.94,1.12,0.109,0.101,0.227,-15.37,-22.09,-6.72,0.733,0.76,0.066,0.009,0.452,18.96,1.0,train
APDA-V2-NEG-0621,Spatial Negative Buffer Control,27.37851,88.93196,0,3633.9,2.11,336.6,-0.01185,-0.00531,6.71,7.06,22.5,39.28,1.18,0.166,0.153,0.355,-12.65,-18.69,-6.04,0.725,0.65,-0.136,-0.011,0.205,24.23,1.0,train
APDA-V2-POS-0032,NASA COOLR (Verified Event),26.0096,93.41919,1,720.3,43.46,176.1,-0.04381,0.00695,6.11,103.16,212.55,316.6,24.45,0.398,0.352,0.805,-9.72,-13.87,-4.15,0.273,0.417,0.405,0.551,0.62,241.65,5.0,train
APDA-V2-POS-0788,NASA COOLR (Verified Event),26.01099,93.42117,1,1608.8,25.97,235.4,-0.00864,0.07188,5.65,85.78,152.4,289.69,19.24,0.369,0.327,0.692,-8.7,-13.55,-4.86,0.187,0.12,0.565,0.58,0.85,244.33,4.0,train
APDA-V2-POS-0552,NASA COOLR (Verified Event),25.56742,91.87695,1,1929.0,37.81,336.2,-0.07608,0.05058,6.36,204.86,255.83,507.58,38.18,0.482,0.441,0.893,-9.58,-17.24,-7.67,0.08,0.48,0.565,0.58,0.62,392.58,5.0,train
APDA-V2-NEG-0009,Spatial Negative Buffer Control,25.26916,93.16372,0,1853.8,16.0,204.5,0.0268,0.01362,5.71,4.87,11.63,32.78,0.81,0.122,0.112,0.258,-11.1,-24.99,-13.89,0.614,0.797,-0.121,-0.145,0.199,18.87,3.0,train
APDA-V2-NEG-0126,Spatial Negative Buffer Control,26.80316,88.0698,0,1376.7,4.76,51.2,-0.00016,0.0123,6.17,5.99,18.46,21.8,1.0,0.199,0.183,0.451,-17.96,-28.01,-10.05,0.755,0.555,-0.25,-0.154,0.233,10.86,2.0,train
APDA-V2-POS-0382,NASA COOLR (Verified Event),25.44757,92.19434,1,1631.6,37.99,125.2,-0.02296,0.04155,5.73,46.97,125.37,309.97,11.38,0.373,0.342,0.68,-11.33,-16.2,-4.87,0.309,0.139,0.65,0.539,0.761,240.47,5.0,train
APDA-V2-NEG-0098,Spatial Negative Buffer Control,26.86437,88.01644,0,1168.1,0.26,177.6,-0.00802,0.03326,7.93,22.08,29.45,55.65,3.68,0.131,0.12,0.264,-8.46,-21.99,-13.54,0.531,0.61,-0.056,-0.187,0.166,33.12,1.0,train
APDA-V2-NEG-0679,Spatial Negative Buffer Control,25.45031,92.59684,0,1135.6,15.46,205.9,0.00994,0.00638,4.68,1.22,12.41,48.27,0.2,0.313,0.288,0.638,-13.51,-27.16,-13.65,0.46,0.738,-0.121,-0.092,0.245,19.33,2.0,train
APDA-V2-POS-0755,NASA COOLR (Verified Event),25.67599,94.10944,1,1603.3,46.41,223.1,0.01681,0.0224,5.79,106.87,268.42,458.54,23.85,0.488,0.438,0.874,-10.03,-15.68,-5.65,0.153,0.48,0.65,0.516,0.786,422.89,4.0,train
APDA-V2-NEG-0732,Spatial Negative Buffer Control,24.33706,93.51115,0,1325.6,1.7,317.2,0.00079,-0.00186,7.82,5.94,14.43,53.7,0.99,0.103,0.095,0.238,-12.2,-20.62,-8.42,0.589,0.824,-0.175,-0.2,0.269,24.71,1.0,train
APDA-V2-NEG-0380,Spatial Negative Buffer Control,25.09576,91.83928,0,1238.4,1.69,96.8,0.00798,0.00833,8.27,6.74,17.33,24.79,1.12,0.076,0.07,0.161,-11.85,-18.97,-7.12,0.92,0.88,0.107,-0.077,0.19,11.6,1.0,train
APDA-V2-NEG-0655,Spatial Negative Buffer Control,25.03859,91.85537,0,1180.0,4.27,156.9,-0.01024,-0.00771,5.77,1.41,8.89,13.22,0.24,0.197,0.181,0.403,-15.16,-23.11,-7.94,0.904,0.828,-0.073,-0.077,0.119,6.71,3.0,train
APDA-V2-POS-0371,NASA COOLR (Verified Event),27.18309,88.35782,1,2872.9,42.19,296.6,0.04251,0.05204,6.02,93.91,179.97,392.17,20.89,0.337,0.305,0.68,-7.37,-17.1,-9.72,0.42,0.424,0.65,0.58,0.851,295.33,4.0,train
APDA-V2-POS-0518,NASA COOLR (Verified Event),27.19368,88.35907,1,1619.5,52.66,168.9,-0.02907,-0.00086,5.37,77.58,136.67,187.42,15.19,0.457,0.43,0.969,-7.99,-16.98,-8.99,0.42,0.121,0.584,0.521,0.923,162.19,5.0,train
APDA-V2-NEG-0142,Spatial Negative Buffer Control,27.41736,91.44086,0,2508.8,3.63,65.4,0.01759,-0.01248,7.57,10.22,27.46,37.64,1.7,0.107,0.099,0.239,-14.8,-18.74,-3.94,0.761,0.88,-0.031,-0.175,0.439,20.97,1.0,train
APDA-V2-POS-0030,NASA COOLR (Verified Event),24.8329,92.79628,1,467.3,47.45,113.5,-0.03887,0.00579,5.66,37.6,188.74,421.09,8.45,0.423,0.375,0.795,-9.49,-15.88,-6.39,0.416,0.48,0.648,0.181,0.873,335.38,5.0,train
APDA-V2-NEG-0364,Spatial Negative Buffer Control,25.30726,92.60321,0,971.0,6.02,143.7,-0.01456,-0.0106,6.3,0.66,18.06,22.67,0.11,0.108,0.099,0.254,-14.82,-17.55,-2.73,0.888,0.88,0.093,-0.118,0.159,13.29,1.0,train
APDA-V2-POS-0820,NASA COOLR (Verified Event),25.53526,91.8701,1,1746.3,41.17,181.3,-0.05014,0.01854,6.01,75.8,181.34,241.4,16.28,0.369,0.332,0.754,-9.66,-13.89,-4.23,0.42,0.48,0.65,0.48,0.808,196.2,4.0,train
APDA-V2-NEG-0586,Spatial Negative Buffer Control,23.37445,93.14541,0,703.3,0.13,355.1,0.0193,0.00117,9.27,0.39,4.44,18.06,0.07,0.221,0.204,0.495,-10.6,-17.07,-6.47,0.528,0.88,0.057,-0.2,0.067,8.04,1.0,train
APDA-V2-NEG-0550,Spatial Negative Buffer Control,25.31531,92.01087,0,1285.4,0.94,242.7,0.00643,0.00216,7.57,4.88,26.76,58.5,0.81,0.244,0.224,0.488,-10.65,-17.82,-7.17,0.68,0.838,-0.01,-0.013,0.156,37.18,1.0,train
APDA-V2-POS-0343,NASA COOLR (Verified Event),25.18905,93.02713,1,1204.4,34.63,178.5,0.00085,0.03896,5.42,83.44,180.39,257.29,18.67,0.441,0.401,0.857,-8.52,-18.2,-9.67,0.42,0.332,0.316,0.308,0.736,234.43,5.0,train
APDA-V2-POS-0204,NASA COOLR (Verified Event),27.34792,92.4142,1,3156.5,30.92,239.3,-0.05687,0.03372,6.01,72.4,271.18,522.73,15.6,0.373,0.327,0.68,-9.5,-18.09,-8.59,0.352,0.409,0.544,0.58,0.709,431.08,5.0,train
APDA-V2-NEG-0155,Spatial Negative Buffer Control,24.87733,93.47092,0,568.1,9.6,172.1,0.01069,0.00552,6.74,3.67,9.02,16.59,0.61,0.262,0.241,0.623,-16.82,-18.35,-1.53,0.624,0.55,-0.077,-0.057,0.092,9.28,2.0,train
APDA-V2-POS-0667,NASA COOLR (Verified Event),27.58198,91.86044,1,3288.6,23.57,28.7,-0.05393,0.024,5.44,83.05,198.5,485.36,19.01,0.47,0.441,0.966,-11.19,-15.73,-4.54,0.247,0.48,0.412,0.58,0.719,415.5,4.0,train
APDA-V2-POS-0144,NASA COOLR (Verified Event),24.78115,93.68597,1,1385.8,39.87,358.0,-0.06923,0.02488,6.01,162.24,288.19,343.22,31.83,0.36,0.327,0.68,-6.71,-16.9,-10.18,0.302,0.479,0.522,0.58,0.764,290.91,5.0,train
APDA-V2-POS-0188,NASA COOLR (Verified Event),25.67109,94.11223,1,992.1,27.78,17.6,-0.00643,0.05605,6.46,103.61,309.17,462.53,20.33,0.41,0.375,0.741,-12.16,-9.83,2.33,0.42,0.346,0.625,0.357,0.878,347.43,5.0,train
APDA-V2-NEG-0345,Spatial Negative Buffer Control,25.22618,92.66219,0,1941.2,0.73,59.0,-0.00891,0.01254,8.87,0.55,7.34,36.44,0.09,0.133,0.122,0.292,-13.96,-21.25,-7.29,0.634,0.88,0.041,-0.081,0.315,19.08,2.0,train
APDA-V2-POS-0058,NASA COOLR (Verified Event),27.58972,91.85889,1,1771.9,34.38,192.3,-0.08459,0.02676,6.13,98.48,195.35,254.07,17.04,0.346,0.301,0.68,-10.59,-17.08,-6.49,0.204,0.339,0.365,0.58,0.878,193.82,5.0,train
APDA-V2-POS-0806,NASA COOLR (Verified Event),25.07515,93.15958,1,904.8,38.35,227.9,-0.07553,0.0324,5.63,179.08,385.97,652.07,41.84,0.348,0.321,0.68,-7.43,-13.29,-5.86,0.237,0.206,0.65,0.58,0.964,509.61,4.0,train
APDA-V2-POS-0867,NASA COOLR (Verified Event),25.57326,91.87952,1,773.1,36.49,219.5,-0.04703,-0.01276,4.91,64.41,198.9,396.05,14.58,0.434,0.388,0.81,-9.22,-17.43,-8.21,0.258,0.258,0.63,0.317,0.809,323.25,5.0,train
APDA-V2-NEG-0889,Spatial Negative Buffer Control,25.38996,92.74343,0,734.1,1.65,75.9,0.00042,-0.00276,8.37,0.98,18.62,30.39,0.16,0.167,0.153,0.372,-9.25,-20.02,-10.77,0.889,0.843,-0.132,-0.038,0.193,16.96,2.0,train
APDA-V2-POS-0423,NASA COOLR (Verified Event),25.75301,91.9046,1,1554.6,27.22,193.9,-0.0768,0.0234,5.48,61.81,198.64,387.31,10.83,0.364,0.318,0.685,-9.21,-14.05,-4.84,0.189,0.342,0.65,0.461,0.964,366.14,5.0,train
APDA-V2-POS-0024,NASA COOLR (Verified Event),25.7568,91.90566,1,1881.2,23.87,174.5,-0.02269,0.00583,5.52,97.2,230.93,472.56,22.07,0.496,0.458,0.95,-9.59,-15.88,-6.29,0.13,0.363,0.65,0.549,0.757,407.45,5.0,train
APDA-V2-NEG-0252,Spatial Negative Buffer Control,26.70026,88.57936,0,1421.9,8.65,243.6,0.00322,0.00059,6.76,12.13,18.08,26.02,2.02,0.224,0.206,0.482,-16.71,-15.05,1.66,0.92,0.618,-0.011,-0.126,0.318,16.29,1.0,train
APDA-V2-POS-0169,NASA COOLR (Verified Event),25.54163,91.87679,1,888.0,31.18,181.6,-0.0114,0.01437,5.86,35.0,230.22,412.66,8.75,0.458,0.424,0.921,-13.34,-16.38,-3.04,0.42,0.48,0.316,0.18,0.713,343.85,4.0,train
APDA-V2-POS-0132,NASA COOLR (Verified Event),25.56914,91.87289,1,912.9,41.45,203.8,-0.02829,0.01575,6.04,45.48,202.51,427.69,10.7,0.337,0.309,0.68,-10.79,-11.41,-0.62,0.301,0.48,0.587,0.18,0.897,380.76,5.0,train
APDA-V2-NEG-0584,Spatial Negative Buffer Control,27.4277,93.3614,0,1404.8,5.87,133.7,-0.02718,-0.00329,6.15,4.41,16.06,41.22,0.74,0.022,0.02,0.05,-10.69,-22.93,-12.23,0.706,0.88,-0.168,-0.011,0.427,16.65,1.0,train
APDA-V2-NEG-0865,Spatial Negative Buffer Control,25.67488,91.88771,0,639.4,0.44,211.1,-0.00457,0.00693,8.64,3.62,23.6,45.85,0.6,0.114,0.105,0.235,-13.47,-16.36,-2.89,0.92,0.854,-0.182,-0.046,0.097,19.58,1.0,train
APDA-V2-NEG-0472,Spatial Negative Buffer Control,26.48738,91.96045,0,1314.8,0.27,5.7,0.02275,0.00711,8.99,22.69,43.72,74.95,3.78,0.061,0.056,0.13,-14.12,-23.4,-9.28,0.61,0.88,-0.078,0.059,0.48,48.35,2.0,train
APDA-V2-POS-0591,NASA COOLR (Verified Event),25.75411,91.91225,1,847.7,36.37,238.9,-0.01608,0.08874,5.11,99.73,302.06,582.08,20.35,0.362,0.334,0.68,-8.99,-18.06,-9.07,0.209,0.365,0.499,0.58,0.888,477.87,4.0,train
APDA-V2-POS-0111,NASA COOLR (Verified Event),25.57183,91.88059,1,1380.4,43.66,124.3,-0.04416,0.04923,5.07,69.37,206.31,348.96,15.5,0.487,0.441,0.918,-14.27,-16.58,-2.31,0.309,0.144,0.533,0.568,0.765,288.91,4.0,train
APDA-V2-NEG-0136,Spatial Negative Buffer Control,26.39344,91.55727,0,1679.5,0.16,188.5,0.0062,0.00844,9.48,8.25,18.91,29.53,1.37,0.12,0.11,0.248,-18.95,-21.63,-2.68,0.815,0.88,-0.083,-0.135,0.11,15.72,1.0,train
APDA-V2-NEG-0618,Spatial Negative Buffer Control,24.4032,93.01028,0,824.1,0.26,212.3,-0.00716,0.00167,9.47,1.7,8.82,31.23,0.28,0.086,0.079,0.173,-13.43,-24.18,-10.75,0.716,0.877,-0.039,-0.143,0.215,17.38,1.0,train
APDA-V2-POS-0722,NASA COOLR (Verified Event),25.07355,93.15811,1,1900.4,43.28,157.8,-0.02803,0.02912,5.77,73.4,265.02,400.84,22.26,0.34,0.302,0.68,-9.62,-17.99,-8.37,0.417,0.195,0.618,0.394,0.62,319.08,5.0,train
APDA-V2-NEG-0711,Spatial Negative Buffer Control,24.41787,93.54405,0,1413.7,0.54,353.8,-0.00817,0.00805,8.95,0.74,21.03,53.27,0.12,0.251,0.231,0.526,-16.85,-21.26,-4.41,0.915,0.88,-0.001,-0.068,0.295,28.99,1.0,train
APDA-V2-POS-0301,NASA COOLR (Verified Event),25.18577,93.02351,1,726.5,39.38,142.3,0.00101,0.03959,6.08,61.65,194.68,448.72,12.74,0.418,0.381,0.822,-9.55,-15.9,-6.34,0.085,0.271,0.65,0.567,0.92,380.13,5.0,train
APDA-V2-POS-0796,NASA COOLR (Verified Event),23.72874,92.71641,1,283.9,40.38,197.4,-0.05754,0.02164,5.88,46.84,140.46,277.55,11.69,0.424,0.385,0.858,-13.32,-20.16,-6.85,0.415,0.48,0.65,0.58,0.789,252.47,4.0,train
APDA-V2-POS-0222,NASA COOLR (Verified Event),27.69598,88.5826,1,3309.1,30.44,57.5,-0.01807,0.05257,6.08,35.0,137.94,354.67,11.61,0.34,0.298,0.68,-9.68,-18.01,-8.33,0.08,0.48,0.563,0.58,0.912,333.68,5.0,train
APDA-V2-POS-0865,NASA COOLR (Verified Event),25.43088,92.18706,1,1619.7,38.08,167.5,-0.02086,0.03676,6.08,73.29,258.0,342.12,15.22,0.363,0.327,0.722,-11.3,-15.88,-4.59,0.379,0.48,0.575,0.28,0.808,319.02,5.0,train
APDA-V2-POS-0731,NASA COOLR (Verified Event),27.09788,93.60617,1,2567.5,28.38,126.9,-0.00812,0.01664,6.55,216.48,412.81,664.65,29.18,0.368,0.33,0.742,-8.36,-20.22,-11.86,0.08,0.279,0.65,0.44,0.62,519.16,4.0,train
APDA-V2-NEG-0764,Spatial Negative Buffer Control,24.90746,93.59184,0,485.4,6.87,204.8,-0.00382,0.00314,5.66,5.51,21.26,48.78,0.92,0.085,0.078,0.178,-13.58,-25.95,-12.36,0.92,0.854,-0.183,0.044,0.263,20.88,1.0,train
APDA-V2-POS-0799,NASA COOLR (Verified Event),25.53388,91.87346,1,1375.5,38.63,70.8,-0.06529,0.02221,4.84,58.89,256.63,461.72,12.11,0.421,0.376,0.733,-8.14,-17.23,-9.09,0.262,0.28,0.65,0.514,0.932,362.85,4.0,train
APDA-V2-POS-0051,NASA COOLR (Verified Event),24.82851,92.80635,1,1331.9,31.18,214.8,-0.04136,0.08061,6.56,115.87,187.7,253.78,18.74,0.439,0.402,0.807,-12.08,-15.68,-3.6,0.132,0.334,0.65,0.58,0.897,236.06,5.0,train
APDA-V2-POS-0590,NASA COOLR (Verified Event),25.29545,91.70546,1,776.3,37.55,200.9,-0.03322,0.01575,5.7,67.61,248.0,392.9,14.96,0.423,0.379,0.852,-2.78,-16.57,-13.79,0.14,0.48,0.64,0.396,0.733,367.79,4.0,train
APDA-V2-NEG-0664,Spatial Negative Buffer Control,27.71897,88.96685,0,3392.0,8.37,185.1,-0.01931,0.00763,6.03,4.31,9.39,21.35,0.72,0.096,0.088,0.214,-11.72,-16.9,-5.18,0.68,0.81,-0.008,-0.189,0.059,9.51,2.0,train
APDA-V2-POS-0185,NASA COOLR (Verified Event),27.09877,93.61546,1,3755.7,21.48,155.0,-0.04282,0.05319,6.64,79.16,141.14,203.32,14.35,0.487,0.448,0.948,-11.54,-15.46,-3.93,0.147,0.324,0.65,0.58,0.62,156.93,4.0,train
APDA-V2-POS-0859,NASA COOLR (Verified Event),23.73078,92.72105,1,662.5,34.88,212.7,-0.03846,0.05999,6.2,90.36,142.73,368.7,18.71,0.38,0.35,0.71,-9.84,-14.58,-4.73,0.269,0.48,0.424,0.58,0.807,334.25,5.0,train
APDA-V2-NEG-0809,Spatial Negative Buffer Control,26.2079,92.99548,0,850.1,6.95,30.1,-0.00267,0.00152,6.24,3.19,9.97,22.48,0.53,0.032,0.029,0.07,-16.15,-21.96,-5.81,0.92,0.823,-0.184,-0.148,0.16,9.52,1.0,train
APDA-V2-NEG-0698,Spatial Negative Buffer Control,25.82543,90.865,0,1645.3,7.01,301.9,-0.01538,0.00814,5.94,14.2,21.99,36.1,2.37,0.173,0.159,0.371,-14.91,-20.43,-5.52,0.851,0.88,-0.066,0.051,0.456,14.57,2.0,train
APDA-V2-POS-0166,NASA COOLR (Verified Event),23.73519,92.71747,1,991.4,28.78,201.3,-0.07548,0.02078,5.59,123.06,230.09,520.75,16.69,0.422,0.38,0.755,-11.93,-14.0,-2.08,0.105,0.48,0.601,0.58,0.842,427.39,4.0,train
APDA-V2-POS-0492,NASA COOLR (Verified Event),24.82702,92.79511,1,395.2,40.09,183.9,-0.02343,0.03072,5.33,57.94,202.15,288.83,14.42,0.375,0.341,0.68,-8.61,-21.95,-13.34,0.126,0.324,0.474,0.409,0.676,222.6,4.0,train
APDA-V2-NEG-0107,Spatial Negative Buffer Control,25.14191,91.92885,0,1719.8,1.88,314.8,-0.00152,0.00707,8.06,2.13,14.53,40.48,0.36,0.257,0.236,0.547,-16.76,-17.69,-0.92,0.683,0.88,0.019,-0.008,0.316,23.99,2.0,train
APDA-V2-NEG-0232,Spatial Negative Buffer Control,25.25149,91.46869,0,1709.3,1.41,188.4,0.00467,0.01056,7.18,17.19,22.1,26.67,2.86,0.13,0.119,0.261,-18.19,-16.06,2.13,0.466,0.88,-0.102,0.02,0.108,15.13,2.0,train
APDA-V2-POS-0615,NASA COOLR (Verified Event),25.56561,91.87771,1,1434.6,30.17,147.2,-0.0521,0.05674,6.22,71.42,172.72,396.64,15.69,0.369,0.333,0.708,-10.23,-13.75,-3.52,0.211,0.423,0.65,0.58,0.874,366.32,4.0,train
APDA-V2-NEG-0257,Spatial Negative Buffer Control,25.77778,90.27502,0,1852.4,2.65,197.8,-0.0023,-0.0037,7.36,15.1,17.54,50.54,2.52,0.202,0.186,0.461,-12.4,-27.47,-15.07,0.877,0.55,-0.067,-0.063,0.321,25.69,2.0,train
APDA-V2-NEG-0647,Spatial Negative Buffer Control,27.37689,93.74682,0,1486.5,0.68,235.8,-0.01669,-0.01341,9.07,8.4,25.52,41.8,1.4,0.149,0.137,0.303,-13.28,-18.86,-5.57,0.898,0.811,-0.25,-0.2,0.445,18.02,1.0,train
APDA-V2-POS-0546,NASA COOLR (Verified Event),27.03728,88.26596,1,2918.3,31.6,224.3,-0.06997,0.02913,5.56,45.98,219.67,395.61,8.82,0.471,0.443,0.971,-10.49,-13.54,-3.05,0.093,0.48,0.312,0.58,0.62,348.21,5.0,train
APDA-V2-NEG-0295,Spatial Negative Buffer Control,25.34601,91.50528,0,1817.3,3.15,137.6,0.00999,2e-05,7.6,2.07,13.08,33.16,0.34,0.14,0.129,0.31,-12.93,-20.9,-7.96,0.773,0.75,-0.159,-0.142,0.48,21.16,2.0,train
APDA-V2-NEG-0207,Spatial Negative Buffer Control,24.3851,93.31212,0,1106.8,8.79,272.8,0.0058,-0.00672,6.5,3.67,11.06,46.02,0.61,0.2,0.184,0.414,-13.64,-22.78,-9.14,0.626,0.777,0.113,-0.2,0.119,21.62,3.0,train
APDA-V2-NEG-0338,Spatial Negative Buffer Control,25.44791,91.44102,0,956.7,4.76,192.5,-0.00757,0.01245,5.74,7.78,27.78,67.42,1.3,0.144,0.132,0.298,-12.33,-23.18,-10.85,0.781,0.88,-0.06,-0.127,0.101,39.65,1.0,train
APDA-V2-POS-0225,NASA COOLR (Verified Event),27.35189,92.4191,1,3799.8,58.79,171.0,-0.01847,0.0414,4.38,72.66,253.35,414.75,11.67,0.35,0.323,0.68,-7.58,-16.49,-8.91,0.114,0.48,0.65,0.58,0.625,362.09,4.0,train
APDA-V2-POS-0499,NASA COOLR (Verified Event),27.58739,91.86772,1,2182.4,33.48,156.9,-0.02735,0.03458,5.95,62.72,271.45,360.33,11.02,0.39,0.346,0.767,-11.41,-18.62,-7.21,0.395,0.199,0.65,0.331,0.782,275.23,5.0,train
APDA-V2-POS-0584,NASA COOLR (Verified Event),27.09395,93.6118,1,3607.1,33.85,125.7,-0.10652,0.04696,5.64,99.89,258.85,551.92,20.18,0.356,0.321,0.68,-9.27,-16.65,-7.37,0.111,0.249,0.637,0.58,0.926,474.76,5.0,train
APDA-V2-NEG-0185,Spatial Negative Buffer Control,26.80587,93.33614,0,1231.2,0.97,82.8,0.01063,0.00267,8.68,0.19,12.45,23.96,0.03,0.17,0.157,0.383,-11.55,-17.6,-6.06,0.92,0.88,0.008,-0.164,0.369,13.29,1.0,train
APDA-V2-NEG-0863,Spatial Negative Buffer Control,25.52336,91.44557,0,661.7,4.85,1.7,-0.01346,-0.00355,6.6,0.19,16.28,54.77,0.03,0.113,0.104,0.226,-15.9,-27.52,-11.63,0.683,0.575,-0.02,-0.014,0.084,27.57,1.0,train
APDA-V2-NEG-0443,Spatial Negative Buffer Control,25.49696,91.83785,0,1250.0,15.47,154.9,0.00096,-0.00531,5.48,5.8,27.9,57.31,0.97,0.045,0.041,0.105,-15.83,-21.07,-5.24,0.554,0.682,-0.115,-0.141,0.064,25.13,2.0,train
APDA-V2-NEG-0561,Spatial Negative Buffer Control,27.49309,92.61697,0,2246.8,8.98,161.4,-0.00557,0.00055,5.97,10.88,11.14,28.06,1.81,0.104,0.096,0.228,-10.99,-17.5,-6.5,0.812,0.88,-0.158,0.014,0.059,13.25,1.0,train
APDA-V2-POS-0207,NASA COOLR (Verified Event),24.79224,93.67428,1,1326.5,19.23,352.4,-0.02505,-0.02504,6.45,93.32,222.19,327.27,17.96,0.456,0.408,0.844,-7.7,-15.46,-7.76,0.34,0.355,0.532,0.58,0.732,285.01,5.0,train
APDA-V2-NEG-0013,Spatial Negative Buffer Control,27.50591,88.90894,0,3716.5,7.36,56.1,-0.00973,0.00337,6.39,10.74,18.76,43.39,1.79,0.084,0.078,0.186,-16.69,-19.26,-2.57,0.692,0.734,-0.033,-0.062,0.23,23.08,1.0,train
APDA-V2-POS-0627,NASA COOLR (Verified Event),24.7838,93.68085,1,475.9,29.79,76.1,-0.05065,0.08128,5.58,59.59,138.04,387.98,18.51,0.397,0.351,0.8,-9.39,-10.75,-1.35,0.131,0.294,0.567,0.458,0.899,353.86,5.0,train
APDA-V2-POS-0077,NASA COOLR (Verified Event),27.1816,88.35922,1,1919.8,45.97,204.9,-0.06109,0.00116,5.87,131.4,184.01,364.67,19.81,0.402,0.37,0.753,-11.58,-15.55,-3.97,0.42,0.455,0.65,0.58,0.751,305.02,5.0,train
APDA-V2-NEG-0246,Spatial Negative Buffer Control,27.57341,92.86007,0,2298.7,6.01,214.4,-0.00339,0.00639,7.01,10.6,28.43,64.57,1.77,0.089,0.082,0.186,-12.82,-20.57,-7.76,0.55,0.717,0.032,-0.184,0.48,33.32,1.0,train
APDA-V2-POS-0438,NASA COOLR (Verified Event),24.78593,93.67975,1,956.1,53.06,192.3,0.03775,0.04284,5.01,111.04,262.84,334.6,22.8,0.487,0.446,0.928,-8.16,-17.13,-8.97,0.121,0.228,0.65,0.58,0.757,266.97,5.0,train
APDA-V2-POS-0556,NASA COOLR (Verified Event),26.17729,91.75253,1,1135.3,40.27,172.1,-0.0669,0.02334,5.89,60.59,150.78,226.81,13.67,0.374,0.341,0.68,-8.41,-20.27,-11.86,0.363,0.329,0.348,0.512,0.62,193.48,5.0,train
APDA-V2-NEG-0331,Spatial Negative Buffer Control,27.18392,91.67607,0,1445.7,2.04,135.3,-0.00011,-0.00351,7.85,4.44,16.92,23.76,0.74,0.156,0.143,0.345,-12.08,-15.83,-3.75,0.904,0.88,-0.056,-0.054,0.074,12.78,1.0,train
APDA-V2-POS-0813,NASA COOLR (Verified Event),27.35515,92.42408,1,2632.0,25.35,288.3,-0.08999,0.07794,5.28,80.89,244.2,338.85,14.67,0.398,0.352,0.779,-7.27,-16.37,-9.1,0.178,0.234,0.452,0.473,0.858,258.24,5.0,train
APDA-V2-POS-0699,NASA COOLR (Verified Event),25.56454,91.88436,1,1207.4,39.99,238.0,-0.03931,0.06114,5.89,112.53,289.98,546.93,16.42,0.361,0.322,0.68,-10.91,-17.81,-6.91,0.332,0.314,0.527,0.467,0.721,416.77,5.0,train
APDA-V2-POS-0264,NASA COOLR (Verified Event),27.68979,88.58319,1,1513.2,43.92,181.8,-0.0203,0.04605,6.08,153.98,221.56,515.56,29.03,0.345,0.318,0.68,-7.21,-13.01,-5.8,0.227,0.25,0.528,0.58,0.956,398.05,4.0,train
APDA-V2-NEG-0513,Spatial Negative Buffer Control,25.08709,92.43073,0,1775.3,2.51,247.7,-0.00077,-0.00373,7.31,2.72,7.0,17.7,0.45,0.126,0.116,0.266,-16.45,-27.77,-11.33,0.722,0.875,-0.193,-0.148,0.035,9.25,1.0,train
APDA-V2-NEG-0767,Spatial Negative Buffer Control,25.83306,93.0575,0,1008.1,2.95,18.3,0.01325,-0.00222,7.22,2.06,6.81,23.61,0.34,0.123,0.113,0.283,-12.75,-19.49,-6.74,0.782,0.88,0.004,-0.06,0.305,11.03,1.0,train
APDA-V2-POS-0881,NASA COOLR (Verified Event),25.68126,94.11327,1,1078.6,40.98,223.8,-0.07392,0.05086,6.02,59.79,140.92,383.48,12.42,0.336,0.298,0.68,-10.3,-14.6,-4.31,0.42,0.48,0.65,0.58,0.67,316.54,5.0,train
APDA-V2-POS-0307,NASA COOLR (Verified Event),27.3286,88.60646,1,2150.7,33.89,136.5,-0.04851,0.04354,5.69,96.42,255.37,503.76,23.72,0.395,0.351,0.791,-6.06,-18.59,-12.53,0.174,0.48,0.65,0.58,0.961,443.61,5.0,train
APDA-V2-NEG-0117,Spatial Negative Buffer Control,28.04748,89.01917,0,3307.2,2.28,136.3,0.01006,0.01353,7.7,2.72,25.37,28.28,0.45,0.283,0.26,0.569,-12.88,-20.23,-7.35,0.92,0.88,0.066,-0.043,0.333,16.85,3.0,train
APDA-V2-NEG-0055,Spatial Negative Buffer Control,27.66057,88.74144,0,1591.1,10.29,166.0,0.00679,-0.01066,6.29,5.55,25.81,58.9,0.93,0.124,0.114,0.267,-12.32,-19.5,-7.18,0.643,0.88,0.015,-0.131,0.223,25.89,3.0,train
APDA-V2-NEG-0298,Spatial Negative Buffer Control,25.08212,91.84385,0,1718.6,1.6,67.5,-0.00735,-0.00695,8.42,0.02,13.31,23.68,0.0,0.214,0.197,0.445,-15.69,-22.17,-6.49,0.659,0.88,-0.096,-0.183,0.032,13.24,2.0,train
APDA-V2-POS-0792,NASA COOLR (Verified Event),27.35413,92.41648,1,2376.9,48.82,137.1,-0.04997,0.03292,5.84,71.0,161.75,264.87,14.44,0.393,0.358,0.805,-7.87,-18.53,-10.66,0.42,0.48,0.65,0.481,0.937,209.2,4.0,train
APDA-V2-NEG-0686,Spatial Negative Buffer Control,26.88417,87.93588,0,1303.6,16.0,104.0,-0.00188,0.01844,5.8,1.88,6.46,42.8,0.31,0.141,0.129,0.312,-12.65,-22.82,-10.17,0.69,0.757,-0.035,-0.032,0.277,20.83,2.0,train
APDA-V2-NEG-0554,Spatial Negative Buffer Control,24.77314,93.32879,0,847.0,1.59,207.6,-0.00901,0.01289,7.34,3.12,27.58,51.66,0.52,0.293,0.269,0.617,-17.15,-18.23,-1.08,0.87,0.734,-0.055,-0.051,0.181,23.98,2.0,train
APDA-V2-POS-0278,NASA COOLR (Verified Event),25.59465,90.58305,1,1547.5,44.7,171.5,-0.02836,0.01336,5.7,78.8,129.61,429.2,12.21,0.371,0.336,0.68,-8.91,-15.44,-6.53,0.165,0.461,0.511,0.315,0.856,334.04,5.0,train
APDA-V2-NEG-0630,Spatial Negative Buffer Control,26.85806,87.92379,0,1180.2,2.16,122.1,-0.00276,-0.00129,8.06,5.74,24.51,54.85,0.96,0.154,0.141,0.342,-14.05,-20.21,-6.16,0.689,0.708,0.15,0.009,0.09,31.91,2.0,train
APDA-V2-POS-0863,NASA COOLR (Verified Event),25.29939,91.70611,1,758.3,24.64,215.1,-0.044,-0.00106,6.49,123.55,272.95,472.49,20.3,0.482,0.43,0.898,-10.68,-18.74,-8.06,0.221,0.48,0.65,0.58,0.68,403.18,5.0,train
APDA-V2-NEG-0674,Spatial Negative Buffer Control,25.43732,92.05222,0,1155.5,1.06,81.4,-0.00104,0.01992,8.76,25.68,49.39,79.34,4.28,0.262,0.241,0.585,-14.93,-20.08,-5.14,0.602,0.697,-0.074,-0.088,0.071,45.61,1.0,train
APDA-V2-POS-0899,NASA COOLR (Verified Event),27.0994,93.61386,1,2228.5,42.51,203.3,-0.01336,-0.00586,5.81,52.94,141.42,308.89,10.7,0.373,0.337,0.7,-11.6,-18.41,-6.81,0.42,0.353,0.41,0.358,0.642,275.83,5.0,train
APDA-V2-POS-0201,NASA COOLR (Verified Event),27.69095,88.5818,1,1612.4,31.94,229.6,-0.02956,0.00554,6.06,91.63,199.86,327.26,17.57,0.416,0.375,0.854,-6.8,-13.91,-7.1,0.216,0.156,0.581,0.464,0.946,285.79,5.0,train
APDA-V2-NEG-0644,Spatial Negative Buffer Control,27.5008,88.22547,0,2973.4,1.17,348.4,0.0056,0.00464,8.54,7.87,13.47,37.75,1.31,0.122,0.112,0.281,-15.25,-18.83,-3.59,0.677,0.657,0.15,-0.008,0.061,20.7,2.0,train
APDA-V2-NEG-0377,Spatial Negative Buffer Control,26.11587,94.49677,0,1120.2,10.21,312.8,0.00095,-0.01069,5.98,18.67,22.37,37.91,3.11,0.19,0.174,0.393,-17.9,-18.49,-0.59,0.698,0.837,0.012,-0.123,0.203,19.89,1.0,train
APDA-V2-NEG-0818,Spatial Negative Buffer Control,25.25478,93.92164,0,1877.1,0.09,53.0,-0.00582,0.00599,9.26,17.13,19.5,52.55,2.85,0.282,0.26,0.652,-18.45,-23.49,-5.04,0.66,0.69,-0.099,-0.111,0.247,33.52,1.0,train
APDA-V2-POS-0195,NASA COOLR (Verified Event),25.56914,91.88174,1,1070.2,43.4,71.5,-0.03333,-0.00079,5.45,37.93,194.37,479.64,9.79,0.394,0.357,0.736,-7.37,-13.69,-6.32,0.2,0.12,0.65,0.58,0.959,393.85,5.0,train
APDA-V2-POS-0056,NASA COOLR (Verified Event),27.18224,88.35968,1,1868.7,28.09,159.6,-0.01766,0.04496,6.03,59.09,141.74,288.39,11.89,0.484,0.442,0.921,-6.99,-18.45,-11.46,0.167,0.206,0.554,0.58,0.92,272.59,5.0,train
APDA-V2-NEG-0312,Spatial Negative Buffer Control,24.40365,94.09205,0,1113.0,3.5,244.0,0.0198,0.0059,6.34,0.55,14.84,50.92,0.09,0.096,0.089,0.221,-15.13,-24.04,-8.9,0.61,0.812,0.11,-0.014,0.16,30.45,2.0,train
APDA-V2-POS-0740,NASA COOLR (Verified Event),25.59744,90.58554,1,1474.3,37.08,166.3,-0.0413,0.04874,5.89,64.95,236.44,303.82,11.16,0.454,0.413,0.892,-9.74,-11.41,-1.67,0.256,0.157,0.434,0.367,0.62,269.54,5.0,train
APDA-V2-POS-0483,NASA COOLR (Verified Event),27.03763,88.2728,1,3721.4,43.42,218.8,0.00029,0.02151,4.66,51.29,245.3,495.91,13.28,0.376,0.339,0.742,-12.01,-12.45,-0.44,0.15,0.409,0.65,0.508,0.915,380.75,4.0,train
APDA-V2-NEG-0049,Spatial Negative Buffer Control,25.34627,92.59853,0,1650.3,8.65,117.9,0.00474,-0.00848,6.32,4.63,9.76,19.17,0.77,0.043,0.039,0.09,-13.15,-19.99,-6.84,0.693,0.778,-0.06,-0.06,0.381,10.63,2.0,train
APDA-V2-NEG-0843,Spatial Negative Buffer Control,25.35916,92.05733,0,999.0,0.55,212.7,-0.00683,-0.00186,8.69,10.8,24.97,64.12,1.8,0.143,0.131,0.334,-15.29,-20.08,-4.79,0.885,0.81,0.106,-0.2,0.47,34.7,1.0,train
APDA-V2-NEG-0760,Spatial Negative Buffer Control,25.09466,92.64286,0,706.1,2.62,267.0,0.01644,-0.0138,6.36,4.51,22.63,40.82,0.75,0.178,0.164,0.402,-15.8,-22.61,-6.81,0.544,0.732,-0.03,0.033,0.48,23.52,1.0,train
APDA-V2-POS-0784,NASA COOLR (Verified Event),25.18617,93.0215,1,906.7,28.11,231.0,-0.02688,0.06505,6.46,131.16,294.2,509.99,26.8,0.464,0.425,0.918,-7.97,-13.45,-5.48,0.172,0.318,0.39,0.58,0.679,444.04,5.0,train
APDA-V2-POS-0261,NASA COOLR (Verified Event),24.82339,92.80245,1,997.6,36.76,238.9,-0.02499,0.02194,5.83,49.82,127.55,245.26,15.41,0.344,0.307,0.68,-10.45,-16.88,-6.44,0.42,0.48,0.51,0.58,0.62,196.37,5.0,train
APDA-V2-NEG-0706,Spatial Negative Buffer Control,26.93148,88.38626,0,1255.3,6.7,119.1,0.00091,-0.00225,7.11,7.59,19.31,37.5,1.26,0.082,0.076,0.191,-10.98,-18.13,-7.15,0.89,0.88,-0.153,-0.2,0.101,23.72,1.0,train
APDA-V2-NEG-0794,Spatial Negative Buffer Control,26.69362,93.8806,0,1587.6,4.06,38.4,-0.01135,0.01411,7.13,0.62,18.69,21.53,0.1,0.071,0.065,0.146,-17.88,-19.27,-1.39,0.705,0.704,-0.078,0.015,0.074,8.68,1.0,train
APDA-V2-NEG-0624,Spatial Negative Buffer Control,27.18103,92.60227,0,3294.8,2.15,288.9,-0.01009,0.012,8.11,0.87,8.38,40.77,0.15,0.157,0.145,0.343,-14.69,-18.95,-4.26,0.629,0.745,0.035,-0.2,0.48,23.28,2.0,train
APDA-V2-POS-0286,NASA COOLR (Verified Event),27.33448,88.61949,1,3733.9,35.11,162.9,0.01795,0.04502,5.59,66.24,221.29,503.95,14.8,0.334,0.3,0.68,-8.15,-11.59,-3.45,0.42,0.287,0.556,0.58,0.622,389.4,4.0,train
APDA-V2-POS-0678,NASA COOLR (Verified Event),25.57395,91.88614,1,1656.2,30.6,141.3,-0.08261,0.06731,6.0,116.09,286.36,482.87,22.88,0.366,0.335,0.68,-9.73,-17.27,-7.54,0.42,0.12,0.646,0.422,0.676,430.99,4.0,train
APDA-V2-POS-0583,NASA COOLR (Verified Event),27.5893,91.86362,1,1566.3,35.19,187.9,0.00091,0.02511,5.29,145.5,325.37,491.15,22.67,0.457,0.42,0.942,-9.37,-17.04,-7.67,0.213,0.48,0.65,0.58,0.748,369.18,4.0,train
APDA-V2-POS-0656,NASA COOLR (Verified Event),25.60345,90.58323,1,1175.1,38.1,192.2,-0.03006,0.06803,5.83,45.81,104.14,306.21,13.59,0.494,0.447,0.883,-13.64,-14.96,-1.32,0.111,0.472,0.612,0.479,0.714,242.48,5.0,train
APDA-V2-NEG-0877,Spatial Negative Buffer Control,27.97075,91.69837,0,3073.0,7.38,86.4,0.00779,0.00988,6.82,4.92,5.65,22.68,0.82,0.119,0.11,0.267,-10.43,-18.61,-8.19,0.86,0.88,-0.162,-0.2,0.198,12.56,1.0,train
APDA-V2-NEG-0570,Spatial Negative Buffer Control,26.06795,91.55394,0,1292.5,2.47,140.3,-0.01478,-0.01033,7.97,7.24,20.84,50.08,1.21,0.254,0.234,0.555,-15.66,-17.1,-1.44,0.739,0.767,-0.17,-0.035,0.279,23.26,1.0,train
APDA-V2-POS-0310,NASA COOLR (Verified Event),27.58627,91.86393,1,2451.5,28.72,169.0,-0.02496,0.01157,5.12,83.03,289.92,499.99,20.61,0.372,0.332,0.758,-11.08,-13.87,-2.79,0.08,0.201,0.382,0.58,0.94,409.29,5.0,train
APDA-V2-POS-0586,NASA COOLR (Verified Event),23.7343,92.71633,1,1385.5,37.24,226.7,-0.00607,0.04427,4.76,78.2,191.22,271.47,17.75,0.494,0.45,0.904,-9.48,-19.22,-9.74,0.42,0.197,0.65,0.18,0.62,230.54,5.0,train
APDA-V2-NEG-0191,Spatial Negative Buffer Control,24.98315,91.27916,0,381.7,0.93,231.8,-0.00346,-0.01897,9.1,0.53,11.68,44.85,0.09,0.099,0.091,0.226,-15.02,-16.26,-1.24,0.784,0.88,0.15,-0.03,0.176,28.79,1.0,train
APDA-V2-NEG-0162,Spatial Negative Buffer Control,27.56017,92.21915,0,3632.9,1.71,266.5,-0.00041,0.00249,7.06,15.55,29.66,41.61,2.59,0.171,0.157,0.402,-12.51,-23.92,-11.41,0.893,0.774,0.057,-0.2,0.48,24.82,1.0,train
APDA-V2-NEG-0620,Spatial Negative Buffer Control,26.25516,93.60335,0,1731.7,1.16,16.6,-0.00047,-0.00046,8.47,2.64,22.64,43.6,0.44,0.096,0.088,0.192,-12.36,-24.55,-12.19,0.885,0.837,0.1,-0.2,0.185,26.03,1.0,train
APDA-V2-POS-0322,NASA COOLR (Verified Event),25.1836,93.02707,1,1760.3,31.66,113.5,-0.05126,0.04896,6.58,116.86,288.04,519.25,22.95,0.342,0.311,0.68,-9.43,-15.4,-5.97,0.08,0.48,0.65,0.58,0.92,476.88,4.0,train
APDA-V2-NEG-0547,Spatial Negative Buffer Control,25.12938,92.2137,0,609.8,1.55,311.3,0.00427,0.01275,8.58,7.1,27.58,67.4,1.18,0.188,0.173,0.392,-14.76,-20.77,-6.01,0.845,0.88,-0.119,-0.145,0.327,27.71,2.0,train
APDA-V2-POS-0283,NASA COOLR (Verified Event),26.17708,91.75672,1,990.1,45.95,15.3,-0.00226,0.04469,5.33,113.79,287.64,499.48,17.59,0.469,0.426,0.939,-8.07,-18.85,-10.77,0.42,0.12,0.561,0.58,0.829,469.3,4.0,train
APDA-V2-NEG-0139,Spatial Negative Buffer Control,26.9085,89.05432,0,908.0,5.14,193.6,0.02168,-0.00638,7.23,5.36,23.86,52.29,0.89,0.062,0.057,0.126,-14.86,-23.0,-8.13,0.92,0.845,-0.25,0.035,0.271,23.99,3.0,train
APDA-V2-POS-0861,NASA COOLR (Verified Event),27.03428,88.25991,1,3226.9,41.5,178.6,-0.07849,0.069,5.48,49.2,122.23,292.65,9.67,0.375,0.337,0.68,-11.42,-18.43,-7.01,0.198,0.48,0.644,0.58,0.62,274.34,5.0,train
APDA-V2-POS-0368,NASA COOLR (Verified Event),26.01082,93.42261,1,1272.6,28.58,195.4,-0.0572,0.05141,5.77,103.58,301.28,391.74,20.18,0.412,0.37,0.745,-11.35,-15.52,-4.17,0.137,0.313,0.65,0.58,0.866,307.78,5.0,train
APDA-V2-POS-0707,NASA COOLR (Verified Event),27.18056,88.36201,1,2821.8,38.3,58.3,-0.02263,0.03245,6.01,41.74,158.64,417.88,11.44,0.525,0.491,0.966,-6.21,-13.76,-7.55,0.08,0.311,0.545,0.58,0.945,355.62,4.0,train
APDA-V2-NEG-0814,Spatial Negative Buffer Control,27.38067,91.69064,0,3680.9,0.17,195.5,-0.00368,-0.01264,8.99,13.42,19.94,44.58,2.24,0.124,0.114,0.287,-15.58,-21.25,-5.67,0.82,0.55,0.061,-0.118,0.087,22.09,3.0,train
APDA-V2-NEG-0192,Spatial Negative Buffer Control,26.05586,92.31081,0,1943.1,7.76,324.1,0.00853,0.00969,6.76,8.09,29.52,35.07,1.35,0.196,0.181,0.46,-9.46,-21.61,-12.15,0.844,0.784,-0.109,-0.032,0.344,16.5,1.0,train
APDA-V2-NEG-0487,Spatial Negative Buffer Control,25.12435,92.39574,0,1077.3,5.33,91.4,-0.0145,0.00916,6.48,14.08,32.73,53.75,2.35,0.184,0.169,0.387,-13.53,-20.14,-6.61,0.831,0.766,-0.136,-0.107,0.326,31.89,1.0,train
APDA-V2-NEG-0311,Spatial Negative Buffer Control,26.75631,94.0464,0,1944.8,7.01,294.6,0.00108,-0.00389,5.99,14.33,30.19,57.14,2.39,0.123,0.114,0.293,-10.72,-19.94,-9.22,0.662,0.596,-0.015,0.02,0.131,29.24,1.0,train
APDA-V2-NEG-0707,Spatial Negative Buffer Control,27.31831,88.59436,0,3257.0,0.81,105.6,-0.0002,-0.00316,9.21,10.53,31.35,48.23,1.75,0.09,0.082,0.186,-18.35,-21.18,-2.83,0.741,0.746,-0.081,-0.016,0.27,21.73,3.0,train
APDA-V2-NEG-0481,Spatial Negative Buffer Control,23.55607,92.5462,0,1395.9,4.74,237.4,0.00468,-0.00211,6.09,9.17,22.99,47.05,1.53,0.022,0.02,0.049,-16.05,-19.66,-3.61,0.92,0.816,-0.135,-0.162,0.173,25.88,1.0,train
APDA-V2-POS-0009,NASA COOLR (Verified Event),24.83712,92.7986,1,771.0,38.93,161.1,-0.05303,0.03144,5.59,117.54,267.9,488.38,26.02,0.482,0.46,0.985,-10.76,-16.38,-5.62,0.234,0.123,0.564,0.336,0.833,398.62,4.0,train
APDA-V2-POS-0182,NASA COOLR (Verified Event),27.17742,88.36048,1,1414.3,29.7,238.7,-0.01804,0.03856,6.0,90.8,231.15,284.83,21.46,0.389,0.356,0.725,-9.84,-17.93,-8.09,0.416,0.356,0.65,0.58,0.796,213.82,4.0,train
APDA-V2-POS-0361,NASA COOLR (Verified Event),25.44341,92.19235,1,1176.1,29.75,211.2,-0.05715,0.05594,5.61,38.66,204.76,277.26,8.11,0.475,0.434,0.904,-9.28,-14.21,-4.93,0.159,0.48,0.65,0.58,0.714,253.4,5.0,train
APDA-V2-POS-0223,NASA COOLR (Verified Event),27.33419,88.60755,1,2213.0,30.66,149.6,-0.05128,0.01339,6.59,152.13,291.21,540.13,33.12,0.344,0.309,0.686,-9.75,-18.52,-8.77,0.266,0.453,0.65,0.58,0.62,497.76,5.0,train
APDA-V2-POS-0441,NASA COOLR (Verified Event),27.03924,88.2609,1,2285.2,27.75,204.6,-0.06535,-0.00262,6.49,54.21,196.39,393.51,9.08,0.339,0.309,0.68,-11.12,-14.78,-3.67,0.163,0.48,0.491,0.531,0.93,358.91,4.0,train
APDA-V2-POS-0689,NASA COOLR (Verified Event),27.09603,93.61163,1,2964.5,27.89,173.7,-0.03021,0.03252,6.64,66.16,149.25,237.76,12.45,0.36,0.331,0.707,-11.57,-15.02,-3.45,0.26,0.321,0.23,0.58,0.62,223.36,5.0,train
APDA-V2-POS-0231,NASA COOLR (Verified Event),27.03546,88.26292,1,1898.4,33.1,282.4,-0.0511,0.04735,6.44,63.91,109.14,165.15,13.06,0.33,0.302,0.68,-4.81,-16.17,-11.36,0.316,0.338,0.605,0.502,0.883,134.9,5.0,train
APDA-V2-NEG-0816,Spatial Negative Buffer Control,25.1384,93.51694,0,613.1,3.3,184.8,0.00822,0.00029,7.12,10.29,22.79,58.83,1.71,0.102,0.094,0.209,-17.2,-24.73,-7.53,0.837,0.713,-0.095,-0.071,0.152,33.21,1.0,train
APDA-V2-NEG-0205,Spatial Negative Buffer Control,27.81933,91.62326,0,2712.1,3.09,317.8,0.0018,-0.00406,7.92,6.0,15.96,36.48,1.0,0.07,0.065,0.147,-11.11,-21.0,-9.89,0.606,0.683,-0.092,-0.018,0.157,19.09,1.0,train
APDA-V2-NEG-0878,Spatial Negative Buffer Control,27.52584,93.84334,0,3696.3,6.9,57.9,-0.0089,-0.00325,5.63,12.86,35.4,46.23,2.14,0.083,0.077,0.181,-11.96,-23.31,-11.35,0.838,0.88,-0.003,-0.118,0.168,27.0,1.0,train
APDA-V2-POS-0154,NASA COOLR (Verified Event),25.18383,93.03205,1,1896.8,33.94,223.1,-0.01551,0.03583,6.09,89.64,285.14,581.0,23.41,0.444,0.395,0.876,-7.4,-17.09,-9.69,0.283,0.356,0.537,0.43,0.66,538.02,5.0,train
APDA-V2-POS-0123,NASA COOLR (Verified Event),24.78653,93.68042,1,1219.9,39.29,200.7,-0.05926,0.05948,5.79,97.44,155.91,450.9,15.95,0.367,0.334,0.736,-10.73,-14.01,-3.28,0.08,0.368,0.541,0.58,0.896,355.67,4.0,train
APDA-V2-NEG-0861,Spatial Negative Buffer Control,26.63693,88.46253,0,855.0,0.12,174.1,-0.00051,0.00823,9.74,0.78,23.33,52.22,0.13,0.165,0.152,0.361,-14.74,-21.93,-7.2,0.459,0.613,-0.25,-0.151,0.199,33.72,1.0,train
APDA-V2-NEG-0806,Spatial Negative Buffer Control,25.4365,93.40575,0,1203.9,3.18,85.9,-0.00975,0.01335,7.41,10.91,18.52,46.44,1.82,0.166,0.153,0.363,-14.88,-19.16,-4.28,0.645,0.844,-0.044,-0.064,0.268,22.51,3.0,train
APDA-V2-POS-0613,NASA COOLR (Verified Event),25.43907,92.19096,1,707.3,30.67,180.8,-0.0286,0.06625,6.47,65.45,159.94,340.89,12.16,0.402,0.367,0.799,-9.32,-15.96,-6.64,0.349,0.46,0.65,0.58,0.772,314.77,5.0,train
APDA-V2-POS-0096,NASA COOLR (Verified Event),27.69911,88.5856,1,2399.6,44.68,115.9,-0.02541,0.01928,5.1,128.68,272.66,554.25,19.31,0.453,0.409,0.859,-8.25,-15.17,-6.92,0.42,0.48,0.649,0.542,0.743,427.4,5.0,train
APDA-V2-NEG-0087,Spatial Negative Buffer Control,25.98303,91.67316,0,1701.4,7.09,58.9,0.02727,0.00779,6.51,6.01,29.74,44.91,1.0,0.176,0.162,0.387,-13.7,-18.98,-5.28,0.799,0.866,0.15,-0.062,0.245,20.68,2.0,train
APDA-V2-POS-0819,NASA COOLR (Verified Event),27.04118,88.26097,1,2711.3,43.34,327.2,-0.03138,0.03877,6.11,35.0,128.31,406.11,9.66,0.355,0.32,0.722,-7.76,-17.09,-9.33,0.189,0.421,0.65,0.505,0.67,325.1,5.0,train
APDA-V2-NEG-0372,Spatial Negative Buffer Control,27.11493,92.66443,0,2432.2,0.22,333.1,-0.01737,0.00173,8.4,3.77,8.96,23.75,0.63,0.237,0.218,0.486,-14.79,-26.7,-11.91,0.864,0.686,-0.195,-0.032,0.277,10.55,2.0,train
APDA-V2-NEG-0375,Spatial Negative Buffer Control,24.65325,93.51113,0,1393.9,0.86,69.3,-0.01695,0.02234,8.76,14.25,25.88,40.54,2.37,0.269,0.247,0.541,-14.74,-19.22,-4.48,0.551,0.625,-0.124,-0.088,0.083,24.54,1.0,train
APDA-V2-NEG-0040,Spatial Negative Buffer Control,23.36525,92.44564,0,1422.2,0.65,187.1,-0.00152,-0.00267,9.48,3.6,25.12,34.54,0.6,0.271,0.249,0.56,-16.12,-22.19,-6.07,0.641,0.651,0.035,-0.2,0.176,14.19,2.0,train
APDA-V2-NEG-0269,Spatial Negative Buffer Control,27.47388,94.01717,0,3523.5,9.04,326.7,-0.01891,-0.01951,5.11,6.51,24.04,37.85,1.08,0.089,0.082,0.178,-13.24,-20.36,-7.12,0.45,0.877,-0.014,0.12,0.118,22.32,2.0,train
APDA-V2-POS-0385,NASA COOLR (Verified Event),25.187,93.02065,1,697.2,44.98,232.8,-0.07001,0.05028,4.51,96.0,161.93,291.38,18.69,0.464,0.416,0.88,-7.96,-16.62,-8.66,0.42,0.427,0.562,0.459,0.689,261.89,5.0,train
APDA-V2-POS-0332,NASA COOLR (Verified Event),27.09811,93.60961,1,2222.1,25.44,31.1,-0.04405,0.04141,6.53,147.48,326.11,376.95,22.02,0.352,0.309,0.68,-8.01,-19.25,-11.24,0.253,0.475,0.65,0.58,0.789,319.43,5.0,train
APDA-V2-NEG-0287,Spatial Negative Buffer Control,27.63143,88.71915,0,3783.4,2.32,200.3,0.01033,-0.00354,7.04,0.84,20.71,44.67,0.14,0.161,0.148,0.37,-12.27,-20.06,-7.79,0.811,0.614,-0.116,0.018,0.203,21.59,2.0,train
APDA-V2-NEG-0625,Spatial Negative Buffer Control,27.88565,91.66681,0,3538.0,0.77,220.4,0.00264,-0.00859,8.73,3.75,22.2,25.1,0.62,0.422,0.389,0.864,-15.07,-22.37,-7.3,0.92,0.88,-0.058,-0.081,0.333,14.65,3.0,train
APDA-V2-NEG-0622,Spatial Negative Buffer Control,27.11057,88.16658,0,3372.0,3.45,76.1,-0.00327,0.00677,7.48,4.0,16.47,28.68,0.67,0.224,0.206,0.472,-11.0,-24.02,-13.02,0.92,0.804,-0.089,-0.156,0.238,14.53,1.0,train
APDA-V2-POS-0196,NASA COOLR (Verified Event),25.18111,93.02007,1,1368.6,42.85,215.1,-0.04321,0.04118,5.31,35.0,190.58,442.99,11.84,0.466,0.43,0.895,-8.67,-12.92,-4.25,0.333,0.48,0.65,0.385,0.693,351.06,5.0,train
APDA-V2-POS-0179,NASA COOLR (Verified Event),26.01703,93.42581,1,973.0,25.61,281.1,-0.07178,0.06669,6.69,143.55,202.96,452.41,29.18,0.49,0.455,0.926,-10.03,-17.37,-7.34,0.127,0.348,0.65,0.473,0.654,382.97,5.0,train
APDA-V2-POS-0372,NASA COOLR (Verified Event),27.35327,92.41916,1,1580.1,45.27,120.8,0.01537,0.05046,5.93,35.0,135.43,341.2,10.94,0.48,0.444,0.92,-9.67,-15.18,-5.51,0.42,0.48,0.65,0.58,0.861,304.86,5.0,train
APDA-V2-POS-0211,NASA COOLR (Verified Event),25.53362,91.8703,1,697.8,39.74,192.8,-0.07618,0.03217,5.88,129.95,327.2,622.67,22.14,0.392,0.353,0.761,-9.33,-16.55,-7.22,0.393,0.159,0.35,0.58,0.62,512.37,5.0,train
APDA-V2-POS-0143,NASA COOLR (Verified Event),27.1048,93.61459,1,2179.3,37.74,212.4,-0.10624,0.06626,6.2,135.79,202.19,462.17,19.14,0.381,0.345,0.719,-8.11,-14.19,-6.08,0.321,0.264,0.65,0.58,0.845,402.91,5.0,train
APDA-V2-NEG-0337,Spatial Negative Buffer Control,25.24827,91.54101,0,1671.7,4.0,337.4,0.00178,-0.0187,7.46,6.37,30.0,57.02,1.06,0.271,0.249,0.632,-16.17,-15.47,0.7,0.762,0.631,-0.076,-0.078,0.166,27.69,2.0,train
APDA-V2-NEG-0186,Spatial Negative Buffer Control,24.4749,93.30004,0,259.7,6.74,29.4,0.00957,-0.01162,5.49,12.68,31.89,49.41,2.11,0.214,0.197,0.478,-12.46,-17.86,-5.4,0.544,0.627,-0.015,-0.047,0.48,25.48,1.0,train
APDA-V2-POS-0568,NASA COOLR (Verified Event),25.53481,91.86197,1,826.9,39.77,197.5,-0.06268,0.04973,5.96,45.07,94.71,266.55,9.73,0.382,0.337,0.68,-8.21,-17.42,-9.21,0.231,0.347,0.65,0.58,0.785,210.2,4.0,train
APDA-V2-NEG-0524,Spatial Negative Buffer Control,26.10763,93.77424,0,909.8,1.08,4.2,-0.00367,-0.00501,7.38,4.22,18.29,50.69,0.7,0.098,0.09,0.209,-13.92,-19.16,-5.24,0.857,0.681,-0.151,-0.069,0.161,28.47,1.0,train
APDA-V2-NEG-0493,Spatial Negative Buffer Control,26.55382,92.16477,0,882.7,16.0,109.2,0.01954,-0.00268,6.24,8.95,14.19,34.73,1.49,0.196,0.18,0.408,-16.65,-17.5,-0.85,0.719,0.775,0.062,0.01,0.111,20.19,1.0,train
APDA-V2-NEG-0879,Spatial Negative Buffer Control,25.09785,93.2528,0,1290.5,0.3,282.9,-0.00217,0.01338,9.31,2.61,22.34,53.55,0.44,0.042,0.039,0.087,-13.5,-20.87,-7.37,0.664,0.663,-0.121,-0.073,0.083,23.82,2.0,train
APDA-V2-NEG-0788,Spatial Negative Buffer Control,25.75033,93.7056,0,793.9,4.36,127.9,0.01599,-0.00084,6.58,3.67,9.78,24.43,0.61,0.173,0.159,0.351,-11.39,-20.14,-8.76,0.672,0.84,-0.031,0.005,0.218,12.76,1.0,train
APDA-V2-NEG-0849,Spatial Negative Buffer Control,24.39728,93.15336,0,841.7,11.94,285.6,0.00937,0.01551,5.86,8.92,8.96,42.05,1.49,0.18,0.165,0.382,-18.82,-21.96,-3.14,0.873,0.754,0.005,0.027,0.087,25.44,2.0,train
APDA-V2-POS-0098,NASA COOLR (Verified Event),27.18495,88.35386,1,2536.0,43.06,180.2,-0.03502,0.0121,5.1,35.0,151.69,278.24,12.28,0.431,0.399,0.836,-6.0,-11.69,-5.69,0.138,0.234,0.65,0.58,0.67,244.52,5.0,train
APDA-V2-NEG-0748,Spatial Negative Buffer Control,27.58062,88.99485,0,2007.3,8.91,318.1,0.0099,0.02646,5.05,3.84,25.08,42.87,0.64,0.298,0.274,0.686,-14.19,-25.64,-11.45,0.592,0.55,0.01,-0.001,0.233,22.25,1.0,train
APDA-V2-POS-0421,NASA COOLR (Verified Event),25.53527,91.8651,1,1088.1,34.94,125.2,-0.06254,0.02253,6.22,57.34,168.96,454.73,16.85,0.34,0.308,0.68,-8.46,-20.29,-11.83,0.235,0.48,0.508,0.58,0.62,384.99,5.0,train
APDA-V2-POS-0025,NASA COOLR (Verified Event),25.4376,92.19594,1,1395.7,40.08,192.2,-0.03723,0.0331,5.05,42.39,163.61,312.99,12.51,0.481,0.446,0.912,-11.06,-14.02,-2.96,0.254,0.248,0.65,0.58,0.898,239.77,4.0,train
APDA-V2-NEG-0563,Spatial Negative Buffer Control,27.50456,93.45635,0,2303.8,8.37,101.5,0.01686,0.00418,6.67,8.1,24.1,39.02,1.35,0.067,0.062,0.147,-17.64,-18.67,-1.03,0.648,0.88,-0.084,-0.106,0.108,15.65,1.0,train
APDA-V2-NEG-0608,Spatial Negative Buffer Control,25.48426,93.88285,0,1439.4,9.56,187.2,0.00402,-0.01562,4.81,4.74,15.36,25.86,0.79,0.12,0.11,0.251,-18.22,-17.19,1.02,0.833,0.771,-0.011,-0.2,0.219,12.78,3.0,train
APDA-V2-NEG-0324,Spatial Negative Buffer Control,24.59587,92.95006,0,1281.8,16.0,80.8,0.00624,0.0061,5.33,7.19,22.65,28.51,1.2,0.233,0.214,0.504,-17.38,-19.93,-2.55,0.883,0.88,-0.092,-0.135,0.16,11.55,1.0,train
APDA-V2-NEG-0425,Spatial Negative Buffer Control,25.73079,90.2707,0,1451.5,6.88,22.9,-0.01549,-0.00113,5.63,3.93,24.23,41.45,0.66,0.19,0.174,0.435,-14.22,-16.2,-1.98,0.88,0.88,-0.08,-0.183,0.191,18.6,1.0,train
APDA-V2-NEG-0789,Spatial Negative Buffer Control,28.06292,88.40652,0,1618.3,1.0,266.1,0.00679,-0.00801,8.46,22.61,45.26,73.54,3.77,0.249,0.229,0.544,-13.09,-23.53,-10.44,0.499,0.764,-0.25,-0.137,0.137,44.83,1.0,train
APDA-V2-NEG-0892,Spatial Negative Buffer Control,25.73767,91.90107,0,1677.0,11.85,10.2,-0.01146,-0.01548,5.78,1.09,16.27,24.64,0.18,0.246,0.227,0.498,-16.04,-15.55,0.49,0.756,0.88,-0.097,-0.127,0.249,10.34,1.0,train
APDA-V2-NEG-0835,Spatial Negative Buffer Control,27.23527,92.30247,0,3569.7,1.84,292.3,-0.00475,-0.00589,7.08,3.18,20.07,50.91,0.53,0.151,0.139,0.313,-13.72,-18.67,-4.94,0.861,0.55,-0.016,-0.058,0.032,22.75,1.0,train
APDA-V2-POS-0653,NASA COOLR (Verified Event),25.30199,91.70913,1,1236.6,41.63,189.2,-0.02056,0.00948,6.21,156.32,317.37,515.93,30.28,0.339,0.312,0.68,-9.78,-15.16,-5.38,0.409,0.316,0.496,0.424,0.842,466.55,5.0,train
APDA-V2-POS-0632,NASA COOLR (Verified Event),25.30762,91.71208,1,1396.6,35.29,189.9,-0.0232,0.04471,6.19,70.18,188.13,432.54,19.17,0.444,0.411,0.806,-11.62,-17.45,-5.83,0.395,0.48,0.312,0.255,0.654,353.07,5.0,train
APDA-V2-NEG-0361,Spatial Negative Buffer Control,25.68182,91.82051,0,1361.0,4.71,184.3,-0.01317,0.00626,7.38,4.93,29.89,49.57,0.82,0.151,0.139,0.338,-14.86,-22.99,-8.13,0.611,0.55,-0.184,-0.062,0.48,28.76,1.0,train
APDA-V2-NEG-0832,Spatial Negative Buffer Control,27.04656,88.97665,0,3334.0,9.23,359.9,0.00185,0.00401,5.48,4.09,21.29,39.24,0.68,0.158,0.146,0.343,-15.24,-20.83,-5.59,0.682,0.871,-0.049,0.031,0.373,15.85,1.0,train
APDA-V2-NEG-0038,Spatial Negative Buffer Control,27.53747,93.8009,0,2933.8,3.02,293.4,0.00459,-0.01191,7.87,0.98,12.28,21.35,0.16,0.168,0.155,0.359,-10.75,-23.41,-12.66,0.805,0.661,-0.097,-0.045,0.145,11.85,2.0,train
APDA-V2-NEG-0058,Spatial Negative Buffer Control,27.81076,92.13701,0,1469.2,13.4,243.9,-0.00205,0.00258,5.51,8.32,25.96,34.95,1.39,0.098,0.09,0.216,-14.03,-22.94,-8.91,0.688,0.8,-0.155,-0.2,0.061,15.04,1.0,train
APDA-V2-POS-0346,NASA COOLR (Verified Event),26.17094,91.76148,1,1898.8,42.6,61.4,-0.09482,0.00124,4.78,73.8,136.97,332.19,15.81,0.447,0.4,0.88,-8.82,-11.88,-3.07,0.196,0.21,0.6,0.58,0.693,279.9,4.0,train
APDA-V2-NEG-0876,Spatial Negative Buffer Control,27.58529,92.64523,0,3012.6,0.31,358.4,-0.0043,0.00794,9.21,11.43,32.6,61.67,1.9,0.226,0.208,0.511,-15.58,-20.98,-5.4,0.837,0.88,0.087,-0.054,0.127,27.83,1.0,train
APDA-V2-NEG-0463,Spatial Negative Buffer Control,25.36248,91.53263,0,1144.5,3.68,297.2,-0.0125,-0.01954,6.0,21.02,42.03,80.11,3.5,0.241,0.222,0.512,-17.34,-19.43,-2.09,0.764,0.768,-0.174,-0.015,0.242,43.14,2.0,train
APDA-V2-POS-0155,NASA COOLR (Verified Event),25.07009,93.15239,1,1745.8,27.44,152.1,-0.05269,0.05025,5.9,71.52,208.3,430.01,17.52,0.364,0.321,0.68,-7.33,-10.95,-3.62,0.184,0.219,0.65,0.335,0.62,352.51,5.0,train
APDA-V2-POS-0721,NASA COOLR (Verified Event),25.1812,93.0266,1,1101.6,43.5,227.3,-0.00709,0.04065,5.32,179.53,376.77,650.95,27.68,0.451,0.401,0.84,-5.69,-13.14,-7.45,0.273,0.48,0.65,0.412,0.803,577.45,4.0,train
APDA-V2-NEG-0408,Spatial Negative Buffer Control,25.16856,92.94929,0,1685.7,3.7,241.4,-0.00758,-0.01374,7.63,5.76,18.82,53.75,0.96,0.173,0.159,0.373,-8.27,-17.62,-9.35,0.732,0.747,-0.155,-0.069,0.103,31.69,3.0,train
APDA-V2-POS-0127,NASA COOLR (Verified Event),25.53511,91.87355,1,955.3,30.7,39.2,0.00229,0.05063,6.16,75.56,121.81,416.15,20.82,0.376,0.338,0.761,-7.97,-18.35,-10.39,0.313,0.48,0.508,0.58,0.905,324.94,5.0,train
APDA-V2-POS-0422,NASA COOLR (Verified Event),25.29725,91.71598,1,1038.3,40.68,203.8,0.00581,0.0567,6.01,64.41,171.68,283.58,14.48,0.369,0.323,0.739,-8.07,-14.42,-6.34,0.42,0.48,0.65,0.512,0.919,220.15,5.0,train
APDA-V2-POS-0842,NASA COOLR (Verified Event),25.30405,91.71616,1,938.8,37.52,45.1,-0.06195,-0.00346,4.99,60.24,235.93,357.51,12.43,0.415,0.368,0.767,-14.68,-14.58,0.1,0.21,0.48,0.424,0.378,0.89,315.44,4.0,train
APDA-V2-POS-0267,NASA COOLR (Verified Event),27.35456,92.41849,1,2554.7,44.78,208.5,-0.09112,0.02432,5.76,88.02,267.4,467.12,21.57,0.494,0.448,0.917,-9.71,-10.62,-0.91,0.42,0.436,0.564,0.555,0.901,362.5,5.0,train
APDA-V2-NEG-0121,Spatial Negative Buffer Control,27.93801,91.74377,0,3076.6,8.84,244.1,-0.01003,0.01066,6.68,4.98,18.65,47.49,0.83,0.088,0.081,0.193,-13.87,-16.51,-2.63,0.702,0.847,-0.13,0.003,0.025,30.02,2.0,train
APDA-V2-POS-0738,NASA COOLR (Verified Event),25.75489,91.90136,1,1028.7,43.48,151.1,-0.06645,0.02332,6.04,64.6,194.79,486.96,10.65,0.498,0.445,0.875,-7.79,-15.98,-8.19,0.108,0.429,0.526,0.58,0.84,388.49,5.0,train
APDA-V2-NEG-0255,Spatial Negative Buffer Control,25.88754,91.56101,0,1885.4,7.12,58.5,-0.00814,0.01264,6.41,12.56,37.25,62.41,2.09,0.205,0.189,0.458,-7.9,-20.19,-12.29,0.724,0.813,-0.088,-0.18,0.365,33.3,2.0,train
APDA-V2-POS-0037,NASA COOLR (Verified Event),27.5896,91.861,1,3626.9,37.16,138.5,-0.06393,0.02567,4.84,58.68,203.39,317.33,14.15,0.378,0.331,0.686,-7.27,-15.18,-7.91,0.42,0.381,0.635,0.542,0.755,245.83,5.0,train
APDA-V2-POS-0713,NASA COOLR (Verified Event),25.66779,94.10976,1,889.1,39.27,226.0,-0.051,0.02862,6.24,83.02,194.27,398.42,15.86,0.357,0.326,0.68,-9.79,-16.33,-6.54,0.393,0.396,0.65,0.254,0.809,370.06,5.0,train
APDA-V2-NEG-0105,Spatial Negative Buffer Control,26.58916,88.08101,0,1399.0,3.53,180.5,0.00567,-0.01217,7.59,2.14,26.48,47.19,0.36,0.13,0.12,0.304,-17.69,-20.16,-2.47,0.897,0.79,-0.126,-0.064,0.054,25.22,2.0,train
APDA-V2-POS-0156,NASA COOLR (Verified Event),24.8327,92.79754,1,577.9,32.98,202.7,-0.01307,0.02396,6.1,49.43,105.92,365.81,10.76,0.372,0.341,0.757,-8.79,-18.92,-10.13,0.42,0.48,0.65,0.58,0.62,347.17,4.0,train
APDA-V2-NEG-0032,Spatial Negative Buffer Control,26.14605,93.06848,0,1427.6,2.2,262.5,-0.00068,0.00238,6.27,2.41,9.8,18.23,0.4,0.127,0.117,0.291,-15.75,-20.74,-4.99,0.45,0.798,-0.05,-0.161,0.279,9.37,3.0,train
APDA-V2-NEG-0001,Spatial Negative Buffer Control,25.94262,91.6468,0,1637.2,0.79,11.5,0.00124,0.00295,8.43,0.42,5.49,8.99,0.07,0.151,0.139,0.352,-14.68,-26.43,-11.74,0.592,0.811,0.09,-0.046,0.403,4.58,1.0,train
APDA-V2-POS-0079,NASA COOLR (Verified Event),27.5898,91.86967,1,2738.9,47.28,145.6,-0.08621,0.03815,5.98,40.12,204.21,279.95,9.49,0.522,0.476,0.942,-10.41,-20.81,-10.4,0.257,0.12,0.65,0.394,0.83,265.77,4.0,train
APDA-V2-POS-0375,NASA COOLR (Verified Event),24.78723,93.68369,1,1052.5,49.23,296.8,-0.02799,0.03558,4.48,72.45,275.59,395.16,15.3,0.473,0.436,0.898,-10.39,-17.82,-7.43,0.217,0.48,0.621,0.58,0.938,341.66,5.0,train
APDA-V2-POS-0403,NASA COOLR (Verified Event),25.43656,92.19562,1,1133.0,29.36,175.5,-0.03777,0.04707,5.72,38.09,119.66,268.67,9.3,0.468,0.443,0.976,-9.17,-10.51,-1.35,0.288,0.48,0.624,0.451,0.641,239.29,4.0,train
APDA-V2-POS-0197,NASA COOLR (Verified Event),25.07538,93.14994,1,1246.8,36.97,226.4,-0.03457,0.03558,6.24,131.81,272.01,483.06,22.98,0.384,0.341,0.702,-6.53,-16.27,-9.74,0.08,0.48,0.488,0.486,0.863,413.66,5.0,train
APDA-V2-POS-0389,NASA COOLR (Verified Event),26.01535,93.41457,1,1866.8,50.6,136.2,-0.02146,0.06891,5.89,112.1,274.36,523.79,18.83,0.505,0.457,0.924,-10.6,-17.93,-7.32,0.26,0.238,0.485,0.58,0.688,393.75,4.0,train
APDA-V2-NEG-0018,Spatial Negative Buffer Control,24.9874,93.38529,0,545.6,5.27,335.9,-0.01091,-0.01522,7.36,15.28,23.93,29.62,2.55,0.198,0.182,0.449,-13.05,-21.16,-8.11,0.713,0.88,0.073,0.004,0.079,12.48,3.0,train
APDA-V2-POS-0780,NASA COOLR (Verified Event),25.75091,91.89873,1,1052.1,25.37,231.9,-0.08214,0.04906,6.35,74.26,183.26,241.1,14.93,0.514,0.478,0.935,-6.71,-19.24,-12.53,0.129,0.48,0.65,0.398,0.709,209.42,5.0,train
APDA-V2-POS-0178,NASA COOLR (Verified Event),26.17559,91.75364,1,1438.0,25.7,140.9,-0.02811,0.04701,5.54,44.83,138.32,290.75,11.1,0.388,0.345,0.691,-7.25,-14.21,-6.97,0.257,0.459,0.541,0.571,0.805,270.97,4.0,train
APDA-V2-NEG-0350,Spatial Negative Buffer Control,27.33417,87.95176,0,1823.1,7.5,2.8,-0.00732,-0.01017,6.49,6.46,10.13,29.18,1.08,0.063,0.058,0.146,-17.33,-18.66,-1.34,0.619,0.748,-0.242,0.016,0.48,15.88,2.0,train
APDA-V2-POS-0544,NASA COOLR (Verified Event),23.73014,92.71874,1,507.6,35.87,168.0,-0.02684,0.04113,5.88,35.0,108.38,207.35,9.9,0.495,0.456,0.892,-7.36,-8.6,-1.24,0.404,0.48,0.65,0.552,0.744,196.36,5.0,train
APDA-V2-NEG-0184,Spatial Negative Buffer Control,27.89713,91.70386,0,3052.9,2.66,207.0,0.00264,0.02738,7.91,8.75,23.55,43.53,1.46,0.07,0.064,0.15,-8.66,-25.3,-16.65,0.725,0.88,0.052,-0.168,0.05,22.61,2.0,train
APDA-V2-NEG-0496,Spatial Negative Buffer Control,27.13824,88.7885,0,1400.5,2.14,79.5,-0.00234,0.0185,7.06,20.04,40.23,50.72,3.34,0.319,0.293,0.734,-14.3,-17.84,-3.54,0.5,0.855,0.022,-0.05,0.253,21.72,1.0,train
APDA-V2-POS-0413,NASA COOLR (Verified Event),27.18594,88.3556,1,3141.7,32.49,169.3,-0.07347,0.0347,5.47,86.27,192.94,405.87,15.19,0.465,0.424,0.874,-11.28,-13.12,-1.84,0.08,0.48,0.65,0.46,0.927,310.34,4.0,train
APDA-V2-NEG-0827,Spatial Negative Buffer Control,24.95366,93.46901,0,419.7,0.07,87.0,-0.00129,0.01433,8.17,4.29,5.36,10.43,0.71,0.155,0.143,0.367,-17.31,-18.06,-0.75,0.45,0.55,-0.133,0.047,0.259,4.5,1.0,train
APDA-V2-POS-0625,NASA COOLR (Verified Event),27.57878,91.85563,1,2393.9,51.21,51.8,-0.02386,0.0238,5.68,35.0,193.8,309.05,13.65,0.451,0.411,0.922,-8.43,-14.16,-5.73,0.1,0.48,0.353,0.58,0.879,292.7,4.0,train
APDA-V2-NEG-0387,Spatial Negative Buffer Control,25.22118,93.09826,0,1702.1,3.77,80.0,0.01395,0.00312,7.6,13.12,35.54,75.21,2.19,0.278,0.255,0.599,-13.87,-18.31,-4.44,0.578,0.79,0.004,0.046,0.201,44.89,2.0,train
APDA-V2-NEG-0060,Spatial Negative Buffer Control,25.08365,93.54015,0,863.6,8.64,240.4,-0.01015,-0.00116,5.69,12.99,24.3,41.9,2.17,0.15,0.138,0.352,-10.94,-18.54,-7.6,0.684,0.842,-0.097,0.015,0.165,23.15,2.0,train
APDA-V2-POS-0099,NASA COOLR (Verified Event),27.35258,92.41975,1,1602.2,21.61,199.0,-0.04684,0.06377,6.73,68.13,252.28,324.53,13.93,0.444,0.397,0.824,-7.64,-15.61,-7.97,0.402,0.48,0.529,0.58,0.706,288.23,5.0,train
APDA-V2-POS-0141,NASA COOLR (Verified Event),27.3495,92.41786,1,3364.8,35.39,231.5,-0.01521,0.05127,5.61,138.1,190.53,305.47,22.29,0.347,0.305,0.68,-8.19,-12.21,-4.03,0.416,0.303,0.597,0.58,0.826,287.23,5.0,train
APDA-V2-NEG-0403,Spatial Negative Buffer Control,25.07854,91.92373,0,1394.1,2.05,297.4,0.00104,-0.01327,8.19,5.74,11.98,45.35,0.96,0.117,0.108,0.265,-14.11,-21.62,-7.51,0.682,0.591,-0.106,-0.066,0.337,20.81,2.0,train
APDA-V2-NEG-0039,Spatial Negative Buffer Control,25.17894,94.07616,0,618.0,10.98,170.9,-0.00247,0.00119,5.34,8.18,10.85,17.64,1.36,0.166,0.153,0.366,-15.22,-15.41,-0.19,0.582,0.664,-0.001,-0.116,0.171,11.23,2.0,train
APDA-V2-NEG-0556,Spatial Negative Buffer Control,25.95537,92.19079,0,1944.0,5.55,266.1,0.00574,0.00489,6.78,0.89,12.52,14.61,0.15,0.155,0.143,0.338,-13.91,-20.66,-6.75,0.92,0.55,-0.022,0.034,0.471,9.06,1.0,train
APDA-V2-NEG-0153,Spatial Negative Buffer Control,25.83577,91.55488,0,1181.1,3.0,156.6,-0.00794,0.01146,7.96,3.94,10.35,40.76,0.66,0.09,0.083,0.194,-12.25,-23.12,-10.86,0.665,0.695,-0.158,-0.068,0.48,18.78,2.0,train
APDA-V2-POS-0876,NASA COOLR (Verified Event),27.35039,92.41627,1,2575.2,29.15,204.7,-0.06569,0.07561,6.04,75.79,181.36,236.71,14.44,0.427,0.381,0.794,-7.61,-16.4,-8.79,0.089,0.48,0.534,0.58,0.62,186.22,5.0,train
APDA-V2-POS-0054,NASA COOLR (Verified Event),27.69163,88.59114,1,2366.4,41.09,162.7,-0.02364,0.05858,5.19,56.11,191.67,382.52,11.02,0.376,0.336,0.68,-7.19,-19.94,-12.76,0.269,0.394,0.439,0.474,0.898,312.53,5.0,train
APDA-V2-NEG-0826,Spatial Negative Buffer Control,25.49408,92.90246,0,1910.6,0.75,132.9,-0.00338,0.00235,8.41,7.14,8.2,14.4,1.19,0.177,0.163,0.355,-10.94,-17.06,-6.12,0.599,0.794,-0.075,-0.092,0.42,9.14,2.0,train
APDA-V2-NEG-0381,Spatial Negative Buffer Control,25.48143,91.77933,0,1271.8,1.4,321.2,0.006,0.00592,7.83,11.04,30.46,42.38,1.84,0.196,0.18,0.415,-15.6,-24.01,-8.41,0.483,0.758,-0.028,-0.2,0.2,22.14,3.0,train
APDA-V2-NEG-0178,Spatial Negative Buffer Control,25.99579,91.5657,0,828.5,5.71,349.3,-0.00656,0.00305,6.64,7.03,19.32,52.65,1.17,0.074,0.068,0.15,-11.32,-24.94,-13.62,0.831,0.88,-0.011,-0.037,0.323,26.41,2.0,train
APDA-V2-NEG-0066,Spatial Negative Buffer Control,25.39125,92.03799,0,929.0,2.61,288.7,-0.01041,0.01288,8.01,3.58,20.64,46.34,0.6,0.168,0.155,0.355,-10.41,-18.36,-7.94,0.913,0.769,-0.011,-0.131,0.48,19.67,2.0,train
APDA-V2-POS-0894,NASA COOLR (Verified Event),27.69211,88.58246,1,1936.3,36.84,162.8,-0.03381,0.03294,6.18,137.04,303.82,486.74,19.15,0.348,0.308,0.68,-11.64,-10.68,0.96,0.08,0.12,0.636,0.58,0.918,458.06,4.0,val
APDA-V2-POS-0628,NASA COOLR (Verified Event),23.73873,92.71489,1,536.2,26.59,159.1,-0.04278,-0.00232,6.08,46.41,119.55,371.0,14.09,0.489,0.445,0.908,-10.85,-12.91,-2.06,0.196,0.308,0.417,0.58,0.62,285.5,4.0,val
APDA-V2-NEG-0096,Spatial Negative Buffer Control,27.88138,88.76702,0,1938.2,0.57,305.5,-0.0124,0.0052,8.66,2.66,2.84,12.33,0.44,0.174,0.16,0.407,-14.79,-20.2,-5.41,0.574,0.686,0.037,-0.145,0.346,7.18,1.0,val
APDA-V2-NEG-0546,Spatial Negative Buffer Control,26.64816,87.90969,0,1828.6,7.94,60.7,0.00756,0.01387,6.9,17.29,20.99,36.79,2.88,0.199,0.183,0.435,-18.06,-13.48,4.58,0.864,0.796,-0.102,-0.04,0.295,22.17,1.0,val
APDA-V2-POS-0088,NASA COOLR (Verified Event),25.44516,92.19165,1,877.5,47.25,173.8,0.00413,-0.0047,5.73,56.12,107.56,295.75,12.9,0.339,0.308,0.685,-11.59,-14.79,-3.21,0.08,0.48,0.65,0.549,0.699,269.0,5.0,val
APDA-V2-POS-0039,NASA COOLR (Verified Event),24.7925,93.67498,1,750.3,37.2,349.6,-0.04501,0.06629,5.43,134.92,203.74,499.5,18.53,0.364,0.318,0.709,-10.15,-21.18,-11.03,0.42,0.425,0.65,0.511,0.957,422.8,5.0,val
APDA-V2-NEG-0797,Spatial Negative Buffer Control,25.25113,93.75198,0,1033.7,14.74,305.4,-0.00273,0.00935,5.13,22.01,44.4,57.74,3.67,0.094,0.086,0.203,-17.97,-17.25,0.71,0.863,0.88,0.01,-0.123,0.148,32.16,3.0,val
APDA-V2-POS-0323,NASA COOLR (Verified Event),25.083,93.15339,1,1316.8,38.88,182.0,-0.02248,0.03393,5.26,118.03,256.83,410.76,17.52,0.413,0.366,0.769,-12.75,-12.88,-0.12,0.279,0.187,0.425,0.58,0.949,360.91,5.0,val
APDA-V2-POS-0635,NASA COOLR (Verified Event),25.59921,90.58638,1,1373.1,28.17,204.3,0.01173,0.02123,6.25,68.98,137.55,271.23,15.38,0.519,0.486,0.967,-6.8,-18.54,-11.75,0.143,0.48,0.587,0.332,0.639,207.36,5.0,val
APDA-V2-POS-0281,NASA COOLR (Verified Event),25.07349,93.14985,1,972.8,41.18,168.0,0.01099,0.03261,5.92,36.45,84.33,350.44,10.72,0.366,0.325,0.68,-4.83,-13.76,-8.93,0.182,0.48,0.65,0.57,0.853,287.18,4.0,val
APDA-V2-NEG-0099,Spatial Negative Buffer Control,27.79458,92.19124,0,3024.7,0.76,231.2,0.00789,0.00845,7.68,5.1,10.48,36.03,0.85,0.175,0.161,0.352,-13.19,-20.34,-7.15,0.901,0.699,-0.095,0.059,0.179,22.92,1.0,val
APDA-V2-NEG-0310,Spatial Negative Buffer Control,27.76232,91.70932,0,3052.9,8.51,95.7,-0.00095,0.00704,5.84,3.11,10.75,24.89,0.52,0.145,0.133,0.314,-11.27,-22.2,-10.93,0.673,0.678,-0.094,-0.052,0.16,11.32,1.0,val
APDA-V2-POS-0087,NASA COOLR (Verified Event),25.75785,91.90212,1,1095.3,39.24,270.9,-0.02566,0.0759,5.52,35.0,190.58,464.16,10.01,0.366,0.327,0.68,-7.99,-18.52,-10.53,0.336,0.48,0.65,0.445,0.867,424.54,5.0,val
APDA-V2-NEG-0612,Spatial Negative Buffer Control,25.60434,92.31994,0,785.5,3.57,271.8,-0.01347,0.0037,7.16,0.68,4.67,12.66,0.11,0.135,0.124,0.282,-14.65,-25.29,-10.64,0.612,0.689,0.05,-0.135,0.245,7.82,1.0,val
APDA-V2-POS-0134,NASA COOLR (Verified Event),25.07651,93.15559,1,808.0,41.03,154.3,-0.04346,0.05654,5.0,114.73,166.39,275.66,21.45,0.395,0.354,0.739,-8.41,-15.27,-6.86,0.08,0.48,0.622,0.578,0.787,246.36,4.0,val
APDA-V2-NEG-0062,Spatial Negative Buffer Control,25.94943,94.50259,0,955.1,0.0,12.0,-0.01066,-0.00498,9.49,1.04,10.07,35.85,0.17,0.054,0.05,0.121,-12.49,-21.69,-9.19,0.711,0.627,-0.057,-0.013,0.277,18.94,1.0,val
APDA-V2-NEG-0318,Spatial Negative Buffer Control,25.50085,91.5303,0,1650.3,2.42,300.7,-0.01568,-0.00452,8.12,23.62,44.23,64.98,3.94,0.194,0.178,0.392,-17.5,-24.74,-7.24,0.728,0.616,0.085,-0.058,0.237,29.49,2.0,val
APDA-V2-POS-0767,NASA COOLR (Verified Event),26.01013,93.42507,1,1700.2,43.88,156.4,-0.05501,-0.00854,4.64,98.23,189.68,417.6,23.86,0.378,0.344,0.73,-7.73,-18.89,-11.16,0.177,0.158,0.608,0.58,0.833,377.19,4.0,val
APDA-V2-NEG-0502,Spatial Negative Buffer Control,23.86592,92.41818,0,1054.1,0.82,277.9,0.01423,0.00874,8.53,1.69,8.79,12.4,0.28,0.392,0.36,0.815,-15.13,-21.15,-6.02,0.649,0.741,0.067,-0.159,0.033,5.28,2.0,val
APDA-V2-NEG-0135,Spatial Negative Buffer Control,25.11809,93.18581,0,1352.6,0.17,238.6,-0.00104,0.013,9.41,1.13,4.89,34.92,0.19,0.146,0.134,0.328,-14.06,-25.09,-11.03,0.737,0.67,-0.039,0.075,0.48,18.85,1.0,val
APDA-V2-NEG-0658,Spatial Negative Buffer Control,24.94143,93.46969,0,1223.1,11.04,240.0,0.00487,-0.00208,6.53,12.37,22.22,27.6,2.06,0.086,0.079,0.189,-13.73,-19.76,-6.04,0.844,0.88,0.066,-0.084,0.364,11.67,2.0,val
APDA-V2-POS-0490,NASA COOLR (Verified Event),25.19261,93.03546,1,1117.5,41.36,23.9,-0.03296,0.00081,4.59,93.79,174.51,263.55,18.92,0.482,0.454,0.972,-8.63,-18.69,-10.06,0.379,0.15,0.38,0.58,0.882,209.42,5.0,val
APDA-V2-NEG-0023,Spatial Negative Buffer Control,24.86434,92.00064,0,407.6,10.95,184.9,0.00517,0.00703,6.29,18.47,43.18,64.36,3.08,0.234,0.215,0.518,-15.94,-20.71,-4.77,0.882,0.88,-0.059,-0.016,0.083,29.79,1.0,val
APDA-V2-NEG-0562,Spatial Negative Buffer Control,27.43453,92.02514,0,2930.5,2.3,22.6,0.00559,0.005,6.65,4.07,9.2,14.61,0.68,0.079,0.072,0.183,-7.64,-19.23,-11.59,0.615,0.55,-0.034,-0.184,0.378,6.26,1.0,val
APDA-V2-POS-0717,NASA COOLR (Verified Event),25.75241,91.90191,1,1435.1,39.8,167.6,-0.08798,0.03684,5.58,95.89,196.22,477.05,13.56,0.343,0.309,0.68,-8.98,-16.25,-7.28,0.294,0.48,0.443,0.278,0.711,418.55,4.0,val
APDA-V2-POS-0387,NASA COOLR (Verified Event),24.83725,92.79706,1,890.2,21.89,170.1,-0.05158,0.0071,6.36,83.11,242.55,526.59,18.3,0.345,0.302,0.68,-11.91,-15.25,-3.34,0.42,0.262,0.626,0.58,0.807,484.3,4.0,val
APDA-V2-NEG-0444,Spatial Negative Buffer Control,25.98965,92.30304,0,876.5,0.46,186.3,0.01947,0.01298,8.01,1.52,17.9,38.63,0.25,0.105,0.097,0.218,-13.28,-23.02,-9.75,0.488,0.88,0.049,-0.025,0.182,22.66,1.0,val
APDA-V2-POS-0652,NASA COOLR (Verified Event),25.54014,91.86708,1,718.6,27.63,150.2,-0.08769,0.06456,6.68,156.95,313.77,409.78,31.47,0.448,0.405,0.865,-9.28,-20.74,-11.46,0.42,0.196,0.65,0.58,0.894,343.64,4.0,val
APDA-V2-POS-0105,NASA COOLR (Verified Event),27.03632,88.25988,1,1618.6,29.0,111.1,-0.05293,0.00863,5.79,88.5,185.67,364.95,22.16,0.414,0.379,0.853,-9.5,-16.84,-7.34,0.206,0.479,0.619,0.58,0.815,320.77,5.0,val
APDA-V2-POS-0073,NASA COOLR (Verified Event),26.16792,91.75783,1,1096.0,40.92,153.3,-0.01339,0.06485,6.06,107.04,220.0,471.92,16.91,0.405,0.368,0.76,-4.46,-13.86,-9.4,0.246,0.452,0.452,0.58,0.826,390.92,4.0,val
APDA-V2-NEG-0335,Spatial Negative Buffer Control,26.07987,93.81445,0,864.1,16.0,247.2,-0.00818,-0.00468,5.78,6.53,27.86,34.16,1.09,0.201,0.185,0.459,-15.11,-18.36,-3.25,0.737,0.851,0.15,0.099,0.23,14.02,2.0,val
APDA-V2-POS-0458,NASA COOLR (Verified Event),27.10052,93.61428,1,3089.3,30.78,178.4,0.00413,0.0763,6.63,75.64,153.99,335.05,21.1,0.401,0.361,0.783,-9.28,-10.86,-1.59,0.15,0.447,0.475,0.58,0.62,312.45,4.0,val
APDA-V2-POS-0688,NASA COOLR (Verified Event),27.59222,91.8649,1,1405.9,28.24,177.5,-0.01276,0.05792,5.31,73.84,240.39,465.14,10.37,0.409,0.36,0.78,-10.07,-7.83,2.24,0.21,0.229,0.23,0.58,0.808,394.11,5.0,val
APDA-V2-NEG-0179,Spatial Negative Buffer Control,25.60789,93.29081,0,713.4,2.07,104.2,0.00227,-0.01555,7.78,1.17,2.36,6.85,0.19,0.064,0.059,0.134,-14.18,-23.15,-8.97,0.487,0.648,0.005,0.028,0.223,2.86,3.0,val
APDA-V2-POS-0704,NASA COOLR (Verified Event),26.00312,93.42051,1,1735.5,31.57,152.5,-0.01198,0.04941,5.91,49.92,153.27,398.42,10.71,0.413,0.375,0.78,-12.26,-14.75,-2.48,0.41,0.48,0.65,0.459,0.808,376.63,5.0,val
APDA-V2-NEG-0160,Spatial Negative Buffer Control,27.09846,88.3232,0,1673.0,4.07,334.1,0.00635,0.00772,7.09,2.89,2.97,5.27,0.48,0.133,0.122,0.271,-17.07,-17.87,-0.79,0.821,0.88,0.029,0.04,0.337,3.28,1.0,val
APDA-V2-NEG-0566,Spatial Negative Buffer Control,26.05675,93.89131,0,1412.4,1.31,130.8,0.00726,0.00595,7.27,1.03,21.91,41.7,0.17,0.129,0.119,0.28,-13.41,-17.35,-3.94,0.65,0.88,-0.084,-0.109,0.311,22.46,1.0,val
APDA-V2-NEG-0759,Spatial Negative Buffer Control,25.4135,91.4956,0,1710.1,7.64,96.0,0.00841,0.00968,6.84,0.37,7.51,22.56,0.06,0.068,0.063,0.156,-14.83,-20.46,-5.63,0.845,0.73,-0.212,-0.088,0.241,12.95,1.0,val
APDA-V2-POS-0279,NASA COOLR (Verified Event),25.57149,91.87906,1,1469.5,30.95,223.8,-0.01965,0.00513,6.01,92.17,300.19,536.85,20.17,0.492,0.456,0.957,-8.81,-15.74,-6.93,0.358,0.48,0.478,0.499,0.761,449.12,5.0,val
APDA-V2-POS-0081,NASA COOLR (Verified Event),24.78219,93.67391,1,1409.2,31.31,229.7,-0.03393,0.02559,6.46,49.9,235.19,380.4,12.59,0.42,0.381,0.748,-7.11,-18.64,-11.53,0.175,0.364,0.47,0.483,0.816,333.27,4.0,val
APDA-V2-NEG-0893,Spatial Negative Buffer Control,25.62389,93.63282,0,891.9,6.16,39.1,-0.01412,-0.00244,6.28,2.41,2.68,8.25,0.4,0.141,0.129,0.302,-16.19,-18.0,-1.81,0.751,0.88,-0.008,0.047,0.346,3.71,1.0,val
APDA-V2-POS-0358,NASA COOLR (Verified Event),25.53548,91.86624,1,1843.0,26.76,159.0,-0.03142,-0.00684,6.69,84.21,223.06,422.85,21.09,0.421,0.375,0.81,-6.37,-12.3,-5.92,0.346,0.329,0.65,0.548,0.681,327.79,4.0,val
APDA-V2-NEG-0433,Spatial Negative Buffer Control,27.16414,88.27082,0,2619.9,1.41,295.2,-0.00394,0.00949,7.9,9.83,26.32,51.57,1.64,0.14,0.129,0.307,-9.56,-25.52,-15.96,0.499,0.837,-0.042,-0.137,0.371,28.98,1.0,val
APDA-V2-POS-0363,NASA COOLR (Verified Event),25.56503,91.87797,1,1924.0,31.71,206.5,-0.04732,0.01955,5.83,47.85,247.24,456.47,13.17,0.418,0.376,0.751,-11.51,-18.51,-7.0,0.375,0.321,0.644,0.58,0.732,412.66,4.0,val
APDA-V2-POS-0783,NASA COOLR (Verified Event),25.5785,91.87602,1,1032.2,37.82,179.5,0.01383,0.01268,5.43,139.37,323.22,502.5,31.04,0.345,0.315,0.68,-10.32,-16.66,-6.35,0.174,0.302,0.65,0.558,0.938,434.08,5.0,val
APDA-V2-POS-0528,NASA COOLR (Verified Event),25.75428,91.89867,1,1780.5,31.87,191.8,0.04874,0.04888,5.28,159.96,283.45,521.2,32.66,0.362,0.328,0.726,-10.95,-14.33,-3.39,0.124,0.48,0.65,0.204,0.679,438.48,5.0,val
APDA-V2-NEG-0349,Spatial Negative Buffer Control,27.03018,88.75601,0,2009.7,10.42,345.3,-0.00697,0.00534,5.55,1.94,13.17,40.97,0.32,0.061,0.056,0.138,-18.72,-16.78,1.94,0.613,0.633,0.109,-0.033,0.117,26.36,2.0,val
APDA-V2-POS-0190,NASA COOLR (Verified Event),25.52737,91.86474,1,1716.0,48.69,12.3,-0.0765,0.03734,4.72,37.97,96.01,344.18,13.57,0.387,0.355,0.723,-9.63,-14.03,-4.4,0.103,0.287,0.65,0.545,0.769,273.44,5.0,val
APDA-V2-POS-0313,NASA COOLR (Verified Event),23.72595,92.71866,1,843.4,25.07,150.9,-0.06109,0.01195,6.72,98.6,252.6,528.5,13.12,0.511,0.475,0.96,-12.32,-14.47,-2.14,0.08,0.12,0.584,0.554,0.844,499.36,5.0,val
APDA-V2-NEG-0635,Spatial Negative Buffer Control,25.28653,90.21195,0,1513.1,2.66,324.3,-0.01726,-0.0039,7.82,5.56,14.03,23.7,0.93,0.205,0.189,0.465,-15.5,-18.36,-2.86,0.546,0.65,-0.123,-0.2,0.048,13.45,1.0,val
APDA-V2-POS-0446,NASA COOLR (Verified Event),25.60713,90.58323,1,1376.6,36.59,160.3,-0.01707,-0.01199,5.34,94.08,195.13,472.5,17.49,0.468,0.42,0.848,-9.29,-15.5,-6.21,0.23,0.37,0.65,0.513,0.62,370.33,5.0,val
APDA-V2-NEG-0344,Spatial Negative Buffer Control,24.63147,92.74338,0,1191.3,8.27,211.8,0.00192,0.0061,6.21,2.21,18.08,41.3,0.37,0.197,0.181,0.409,-15.07,-22.27,-7.2,0.763,0.88,0.068,-0.143,0.441,20.72,2.0,val
APDA-V2-POS-0137,NASA COOLR (Verified Event),26.00901,93.42247,1,1525.7,26.05,196.5,-0.05302,0.04594,6.63,51.46,161.18,448.5,13.52,0.483,0.442,0.932,-6.04,-12.62,-6.58,0.42,0.444,0.65,0.422,0.928,360.91,5.0,val
APDA-V2-NEG-0224,Spatial Negative Buffer Control,27.58517,88.69483,0,3452.3,1.15,90.9,0.00396,0.00978,8.59,4.0,22.43,42.76,0.67,0.182,0.168,0.401,-13.75,-18.84,-5.08,0.92,0.88,0.052,-0.054,0.214,22.49,1.0,val
APDA-V2-POS-0290,NASA COOLR (Verified Event),27.10158,93.6136,1,3128.2,37.8,184.8,-0.04926,0.03117,5.81,72.33,228.41,366.63,14.92,0.413,0.377,0.756,-14.49,-13.31,1.18,0.396,0.12,0.224,0.571,0.847,279.13,5.0,val
APDA-V2-NEG-0293,Spatial Negative Buffer Control,26.02938,94.51063,0,1393.2,2.43,10.7,0.02269,-0.00281,7.55,3.15,8.11,37.0,0.53,0.149,0.137,0.316,-13.17,-20.98,-7.81,0.645,0.794,-0.055,-0.084,0.203,21.48,1.0,val
APDA-V2-POS-0424,NASA COOLR (Verified Event),25.43976,92.19288,1,1457.9,38.76,221.8,-0.05002,0.05786,5.54,167.65,272.58,322.68,24.55,0.369,0.325,0.742,-8.3,-14.05,-5.75,0.121,0.301,0.65,0.58,0.77,282.31,5.0,val
APDA-V2-POS-0463,NASA COOLR (Verified Event),25.53309,91.86305,1,719.4,30.77,225.8,-0.00319,0.08547,6.17,98.17,255.66,544.31,20.61,0.464,0.426,0.842,-10.14,-15.57,-5.43,0.127,0.25,0.646,0.531,0.926,454.13,4.0,val
APDA-V2-POS-0550,NASA COOLR (Verified Event),25.44388,92.19845,1,1655.6,40.22,147.0,-0.00094,-0.01012,5.61,105.24,253.31,439.9,13.23,0.381,0.344,0.68,-11.88,-15.74,-3.86,0.296,0.436,0.429,0.331,0.857,411.02,4.0,val
APDA-V2-NEG-0411,Spatial Negative Buffer Control,27.51586,88.75353,0,3050.6,2.93,307.2,0.00017,-0.00688,7.42,4.48,12.35,40.6,0.75,0.129,0.119,0.277,-13.87,-26.06,-12.19,0.786,0.88,-0.089,-0.035,0.406,16.44,3.0,val
APDA-V2-NEG-0339,Spatial Negative Buffer Control,25.93158,92.15563,0,1112.5,0.09,68.1,-0.01201,0.00385,9.32,28.0,29.08,50.44,4.67,0.312,0.287,0.688,-10.84,-17.87,-7.03,0.74,0.796,-0.016,-0.153,0.284,30.04,2.0,val
APDA-V2-NEG-0386,Spatial Negative Buffer Control,25.47729,93.40229,0,786.9,5.69,209.4,0.00601,-0.00605,6.63,1.51,14.61,32.08,0.25,0.163,0.15,0.378,-13.47,-22.6,-9.13,0.804,0.55,0.053,-0.141,0.267,17.25,1.0,val
APDA-V2-POS-0698,NASA COOLR (Verified Event),25.59926,90.57733,1,1277.8,35.42,236.9,-0.04569,0.03246,6.42,82.34,182.94,432.5,21.12,0.412,0.367,0.771,-9.46,-19.25,-9.79,0.11,0.432,0.65,0.445,0.62,368.96,5.0,val
APDA-V2-NEG-0263,Spatial Negative Buffer Control,26.4329,93.78439,0,608.0,13.55,67.2,-0.00167,-0.00105,6.08,7.64,27.16,57.55,1.27,0.221,0.204,0.464,-15.32,-18.2,-2.88,0.878,0.88,-0.156,-0.129,0.121,36.8,3.0,val
APDA-V2-NEG-0461,Spatial Negative Buffer Control,25.44706,93.90664,0,899.3,0.32,46.5,0.02019,-0.00172,9.48,16.33,23.07,48.05,2.72,0.233,0.215,0.543,-10.21,-21.24,-11.03,0.824,0.88,-0.027,-0.12,0.383,21.43,1.0,val
APDA-V2-NEG-0544,Spatial Negative Buffer Control,24.07874,93.00198,0,875.8,3.27,334.5,0.0011,0.01942,7.4,2.06,8.35,21.56,0.34,0.178,0.163,0.366,-11.93,-23.57,-11.63,0.724,0.88,0.031,0.084,0.044,9.54,2.0,val
APDA-V2-NEG-0365,Spatial Negative Buffer Control,25.28399,93.02086,0,600.6,2.97,247.4,0.00658,-0.0165,7.19,1.99,8.54,35.85,0.33,0.119,0.109,0.241,-13.79,-25.06,-11.28,0.819,0.792,-0.045,-0.118,0.419,19.05,1.0,val
APDA-V2-POS-0803,NASA COOLR (Verified Event),25.60734,90.58108,1,829.9,37.22,188.6,-0.04408,0.01915,5.64,113.39,281.47,468.71,17.69,0.452,0.413,0.811,-9.4,-17.32,-7.92,0.42,0.48,0.65,0.5,0.932,429.55,4.0,val
APDA-V2-POS-0649,NASA COOLR (Verified Event),23.7339,92.71885,1,638.3,32.48,235.8,-0.01181,0.0199,5.94,73.27,231.84,423.18,13.87,0.389,0.353,0.778,-9.53,-20.3,-10.77,0.178,0.283,0.573,0.348,0.62,371.12,4.0,val
APDA-V2-POS-0886,NASA COOLR (Verified Event),25.44377,92.19086,1,1693.6,30.24,116.8,-0.0608,0.02218,5.18,52.15,148.0,319.27,10.19,0.38,0.335,0.68,-11.54,-15.79,-4.25,0.204,0.48,0.621,0.417,0.62,260.29,5.0,val
APDA-V2-NEG-0369,Spatial Negative Buffer Control,27.87907,88.73732,0,2342.3,8.76,213.8,0.00686,-0.0007,6.86,10.71,28.31,65.62,1.78,0.268,0.247,0.544,-18.8,-21.69,-2.89,0.45,0.787,-0.117,-0.007,0.29,39.28,3.0,val
APDA-V2-NEG-0166,Spatial Negative Buffer Control,23.58703,92.53254,0,290.1,3.01,84.7,0.01424,0.00593,7.7,0.47,15.58,45.97,0.08,0.174,0.16,0.407,-9.9,-22.54,-12.64,0.532,0.855,-0.016,-0.16,0.036,21.78,1.0,val
APDA-V2-POS-0004,NASA COOLR (Verified Event),25.43514,92.19319,1,738.3,41.26,236.2,0.00549,-0.00042,5.32,87.58,229.25,338.93,13.81,0.438,0.398,0.831,-12.5,-16.93,-4.44,0.08,0.48,0.4,0.58,0.903,304.31,4.0,val
APDA-V2-NEG-0159,Spatial Negative Buffer Control,27.38407,88.83864,0,2072.1,6.9,242.9,-0.01184,0.00291,5.66,11.94,20.66,43.2,1.99,0.07,0.064,0.158,-19.53,-20.32,-0.79,0.593,0.862,-0.061,-0.128,0.03,18.64,3.0,val
APDA-V2-POS-0236,NASA COOLR (Verified Event),25.60301,90.57723,1,934.0,35.77,223.1,-0.04774,0.05187,5.54,85.97,279.22,549.58,16.37,0.393,0.361,0.71,-10.19,-13.81,-3.63,0.288,0.48,0.462,0.475,0.951,482.17,5.0,val
APDA-V2-NEG-0234,Spatial Negative Buffer Control,25.3708,92.08556,0,1202.6,0.63,112.6,-0.00728,0.00359,9.08,9.96,34.29,64.46,1.66,0.081,0.075,0.181,-13.09,-20.14,-7.04,0.691,0.68,-0.034,-0.138,0.254,27.71,3.0,val
APDA-V2-POS-0348,NASA COOLR (Verified Event),27.68995,88.58056,1,2063.7,43.07,160.5,-0.0046,0.05139,5.56,75.33,145.57,319.58,10.45,0.375,0.343,0.68,-10.83,-13.31,-2.48,0.197,0.17,0.554,0.541,0.791,289.83,5.0,val
APDA-V2-NEG-0597,Spatial Negative Buffer Control,24.64241,93.2021,0,1288.7,2.25,358.9,0.01009,0.0244,6.41,1.51,18.97,48.68,0.25,0.05,0.046,0.117,-16.99,-21.48,-4.49,0.45,0.88,-0.032,-0.038,0.032,20.89,2.0,val
APDA-V2-NEG-0534,Spatial Negative Buffer Control,24.65708,93.17982,0,504.7,2.8,217.0,0.02684,0.00305,6.44,3.27,16.6,19.5,0.55,0.11,0.101,0.248,-13.36,-21.72,-8.35,0.871,0.687,0.026,0.033,0.076,8.9,1.0,val
APDA-V2-POS-0696,NASA COOLR (Verified Event),25.75267,91.89939,1,1700.8,18.55,116.8,-0.01664,0.02692,5.8,74.54,223.32,297.19,13.22,0.51,0.464,0.938,-6.29,-19.69,-13.41,0.42,0.264,0.407,0.395,0.779,224.8,4.0,val
APDA-V2-POS-0588,NASA COOLR (Verified Event),27.03799,88.25736,1,3491.1,29.35,5.3,-0.01883,0.08341,5.44,53.96,155.35,314.35,12.08,0.464,0.429,0.842,-7.59,-17.16,-9.57,0.42,0.383,0.65,0.498,0.927,256.64,5.0,val
APDA-V2-NEG-0414,Spatial Negative Buffer Control,26.97487,92.0333,0,1025.6,9.01,247.6,0.00418,0.00289,5.59,1.95,25.18,35.47,0.33,0.319,0.294,0.703,-13.36,-16.96,-3.6,0.912,0.88,-0.123,-0.027,0.024,16.56,1.0,val
APDA-V2-NEG-0262,Spatial Negative Buffer Control,26.40549,91.46769,0,1264.8,10.94,178.1,-0.00072,-0.00383,6.27,0.83,16.35,47.84,0.14,0.237,0.218,0.516,-15.81,-24.57,-8.76,0.459,0.767,-0.191,-0.033,0.264,30.64,2.0,val
APDA-V2-NEG-0881,Spatial Negative Buffer Control,25.92789,93.91228,0,1901.7,0.98,281.1,-0.00393,-0.00324,8.9,4.53,10.71,38.68,0.76,0.245,0.225,0.55,-16.55,-20.27,-3.72,0.759,0.835,-0.093,0.026,0.424,20.0,2.0,val
APDA-V2-NEG-0020,Spatial Negative Buffer Control,25.95169,94.30771,0,836.2,3.42,35.5,-0.00668,0.01572,6.13,4.84,18.47,38.05,0.81,0.208,0.191,0.445,-13.25,-19.64,-6.39,0.713,0.55,0.068,-0.2,0.086,24.38,3.0,val
APDA-V2-NEG-0379,Spatial Negative Buffer Control,25.86868,91.4597,0,1833.0,2.78,142.8,-0.00906,-0.00194,6.95,8.13,9.99,39.7,1.36,0.133,0.122,0.296,-12.65,-25.77,-13.11,0.911,0.796,-0.022,-0.2,0.384,22.09,2.0,val
APDA-V2-POS-0272,NASA COOLR (Verified Event),25.67117,94.10907,1,943.6,39.44,238.7,-0.01319,-0.00152,5.51,72.58,155.15,206.1,17.41,0.364,0.332,0.68,-8.71,-16.26,-7.56,0.42,0.203,0.518,0.58,0.8,180.2,5.0,val
APDA-V2-POS-0640,NASA COOLR (Verified Event),26.16795,91.75407,1,1831.3,33.54,206.9,-0.05318,0.04606,6.48,91.26,297.22,469.27,22.39,0.382,0.344,0.68,-10.09,-13.52,-3.43,0.168,0.48,0.65,0.58,0.758,401.53,5.0,val
APDA-V2-NEG-0552,Spatial Negative Buffer Control,25.74036,91.56377,0,1689.1,16.0,321.1,0.00957,-0.00201,5.93,0.56,10.38,27.41,0.09,0.141,0.129,0.283,-18.2,-24.16,-5.96,0.651,0.88,-0.065,-0.065,0.381,13.19,2.0,val
APDA-V2-NEG-0891,Spatial Negative Buffer Control,25.19023,92.93849,0,981.4,2.82,101.2,-0.00431,-0.00936,7.71,18.13,35.64,57.44,3.02,0.182,0.167,0.367,-12.41,-20.73,-8.32,0.695,0.88,0.022,-0.114,0.311,35.36,3.0,val
APDA-V2-POS-0658,NASA COOLR (Verified Event),25.18217,93.02675,1,1452.6,35.69,232.9,-0.02732,0.00293,6.05,132.58,326.51,400.55,23.19,0.482,0.451,0.966,-9.33,-16.2,-6.87,0.08,0.179,0.474,0.359,0.62,346.77,5.0,val
APDA-V2-NEG-0426,Spatial Negative Buffer Control,25.22048,92.10915,0,1919.7,1.04,16.2,0.01047,0.00416,8.81,1.29,24.18,42.05,0.22,0.302,0.278,0.705,-17.58,-21.21,-3.62,0.709,0.617,-0.078,-0.116,0.461,27.14,2.0,val
APDA-V2-NEG-0539,Spatial Negative Buffer Control,27.30675,87.99811,0,2920.7,0.24,267.8,0.00679,0.0085,9.72,0.4,7.6,45.01,0.07,0.176,0.161,0.402,-11.38,-14.58,-3.2,0.903,0.757,-0.02,-0.089,0.176,25.75,1.0,val
APDA-V2-NEG-0108,Spatial Negative Buffer Control,25.40562,91.51142,0,1567.5,1.35,244.0,0.00455,0.00371,8.62,0.23,13.41,35.35,0.04,0.099,0.091,0.226,-17.37,-20.09,-2.72,0.692,0.716,0.037,-0.019,0.211,20.35,3.0,val
APDA-V2-POS-0540,NASA COOLR (Verified Event),27.35011,92.42207,1,1614.8,31.03,231.3,-0.00532,0.02045,6.04,76.78,229.98,433.31,15.11,0.416,0.376,0.775,-9.93,-18.71,-8.78,0.42,0.48,0.635,0.499,0.655,408.86,5.0,val
APDA-V2-NEG-0457,Spatial Negative Buffer Control,27.77922,91.69372,0,1576.8,2.25,31.1,0.0051,0.00046,8.23,0.55,15.88,33.0,0.09,0.062,0.057,0.127,-13.8,-21.71,-7.91,0.795,0.685,-0.148,-0.176,0.075,13.95,2.0,val
APDA-V2-NEG-0551,Spatial Negative Buffer Control,25.85308,90.36476,0,1789.1,1.53,218.8,0.00287,0.00495,8.14,5.39,10.65,31.12,0.9,0.197,0.181,0.434,-12.67,-21.07,-8.4,0.721,0.862,0.121,-0.148,0.172,19.5,1.0,val
APDA-V2-POS-0364,NASA COOLR (Verified Event),25.18487,93.02426,1,1213.4,33.37,234.1,-0.05973,0.023,6.52,40.07,177.23,317.95,11.64,0.413,0.374,0.783,-9.38,-19.54,-10.17,0.272,0.48,0.626,0.399,0.822,290.35,5.0,val
APDA-V2-POS-0033,NASA COOLR (Verified Event),27.6911,88.58283,1,1559.7,38.63,233.4,0.01188,0.01571,5.46,50.04,148.74,210.99,16.82,0.377,0.332,0.68,-11.59,-14.0,-2.41,0.309,0.48,0.594,0.31,0.62,172.64,4.0,val
APDA-V2-POS-0008,NASA COOLR (Verified Event),25.07749,93.15259,1,1906.5,34.54,229.5,-0.04694,0.00786,5.99,60.49,132.02,377.81,17.17,0.348,0.312,0.68,-10.33,-15.02,-4.69,0.366,0.48,0.273,0.58,0.62,285.64,5.0,val
APDA-V2-NEG-0540,Spatial Negative Buffer Control,27.03949,92.61543,0,1783.4,1.1,252.1,0.01691,-0.00807,8.94,25.15,35.78,60.32,4.19,0.109,0.1,0.227,-17.98,-22.42,-4.44,0.865,0.665,-0.109,-0.082,0.13,39.11,1.0,val
APDA-V2-NEG-0007,Spatial Negative Buffer Control,25.57917,92.79311,0,1524.0,16.0,347.7,-0.01391,0.00732,6.12,5.09,15.32,40.94,0.85,0.191,0.176,0.395,-13.69,-20.54,-6.85,0.79,0.849,-0.213,-0.06,0.158,24.34,1.0,val
APDA-V2-POS-0723,NASA COOLR (Verified Event),24.83058,92.79718,1,781.7,38.02,237.5,-0.00469,0.01374,6.27,35.0,147.35,330.94,10.49,0.358,0.321,0.68,-11.65,-22.43,-10.79,0.377,0.48,0.647,0.58,0.872,289.81,5.0,val
APDA-V2-NEG-0390,Spatial Negative Buffer Control,27.56811,88.39096,0,2584.6,5.39,86.0,0.00562,0.00252,6.32,2.17,26.58,37.01,0.36,0.079,0.073,0.18,-14.85,-19.05,-4.2,0.776,0.55,0.044,-0.158,0.246,19.27,2.0,val
APDA-V2-NEG-0619,Spatial Negative Buffer Control,25.76145,91.4419,0,1399.3,0.88,80.4,-0.00534,0.01084,8.66,1.37,26.34,61.13,0.23,0.274,0.252,0.555,-17.03,-17.5,-0.46,0.738,0.643,-0.073,-0.079,0.026,26.26,3.0,val
APDA-V2-POS-0504,NASA COOLR (Verified Event),27.03657,88.2613,1,3202.6,34.11,207.8,-0.04694,0.00544,6.35,64.28,129.62,313.07,14.33,0.449,0.399,0.795,-9.26,-13.28,-4.02,0.325,0.458,0.65,0.408,0.85,244.29,5.0,val
APDA-V2-NEG-0602,Spatial Negative Buffer Control,26.78328,87.9145,0,769.7,1.47,188.8,-0.00507,0.01337,8.41,0.52,5.33,28.83,0.09,0.086,0.079,0.185,-13.49,-21.91,-8.42,0.473,0.88,-0.007,-0.004,0.42,14.27,2.0,val
APDA-V2-NEG-0633,Spatial Negative Buffer Control,25.3658,92.0829,0,671.4,0.17,230.5,0.00197,0.00964,9.31,5.33,11.59,30.8,0.89,0.177,0.162,0.417,-15.11,-17.76,-2.65,0.635,0.79,0.084,-0.101,0.421,19.92,3.0,val
APDA-V2-NEG-0795,Spatial Negative Buffer Control,24.93247,94.00737,0,1260.7,1.24,170.6,0.00368,-0.01572,8.52,3.91,12.19,45.98,0.65,0.238,0.219,0.482,-19.85,-22.44,-2.59,0.572,0.88,-0.062,-0.071,0.023,26.45,2.0,val
APDA-V2-NEG-0491,Spatial Negative Buffer Control,25.37658,92.87095,0,1169.6,2.19,184.0,-0.01232,0.00593,7.9,0.17,1.89,9.07,0.03,0.188,0.173,0.395,-12.62,-22.34,-9.72,0.763,0.799,0.094,-0.116,0.328,3.64,2.0,val
APDA-V2-POS-0683,NASA COOLR (Verified Event),26.01059,93.42185,1,1451.4,22.5,203.1,-0.04255,0.03443,5.85,90.48,255.98,466.04,23.24,0.367,0.32,0.68,-7.12,-19.14,-12.02,0.42,0.394,0.65,0.58,0.944,416.39,4.0,val
APDA-V2-POS-0191,NASA COOLR (Verified Event),25.29993,91.70832,1,1143.4,39.04,95.0,-0.09451,0.03241,5.13,64.88,232.04,491.36,17.08,0.37,0.331,0.746,-9.97,-12.69,-2.71,0.355,0.48,0.65,0.58,0.637,452.6,5.0,val
APDA-V2-POS-0836,NASA COOLR (Verified Event),27.0989,93.61328,1,2045.5,43.51,186.3,0.00389,0.00694,6.01,58.58,228.07,472.79,13.41,0.404,0.362,0.713,-7.96,-15.89,-7.94,0.31,0.237,0.615,0.58,0.914,365.79,4.0,val
APDA-V2-NEG-0274,Spatial Negative Buffer Control,25.14011,92.22953,0,896.1,0.65,65.9,0.00676,-0.01596,8.65,2.05,6.77,19.72,0.34,0.203,0.187,0.447,-12.56,-21.05,-8.49,0.78,0.71,-0.083,0.004,0.032,10.63,1.0,val
APDA-V2-POS-0648,NASA COOLR (Verified Event),24.7828,93.68391,1,1015.6,38.63,151.2,-0.00867,0.07137,5.77,57.72,153.34,389.87,11.8,0.459,0.426,0.897,-9.26,-16.14,-6.87,0.42,0.401,0.65,0.539,0.868,327.12,5.0,val
APDA-V2-NEG-0265,Spatial Negative Buffer Control,27.12252,88.91713,0,2251.4,10.45,16.4,-0.01996,-0.00405,6.03,3.2,22.71,29.26,0.53,0.104,0.096,0.226,-13.36,-20.02,-6.67,0.92,0.593,-0.153,-0.092,0.396,13.72,1.0,val
APDA-V2-NEG-0868,Spatial Negative Buffer Control,25.04763,92.60415,0,1157.4,0.07,208.9,0.01103,0.01915,9.3,1.73,18.64,44.15,0.29,0.257,0.236,0.566,-13.08,-22.36,-9.27,0.69,0.753,0.031,0.105,0.031,25.87,1.0,val
APDA-V2-POS-0065,NASA COOLR (Verified Event),25.29636,91.70539,1,917.0,40.79,177.3,-0.02635,0.04615,5.5,107.84,241.6,396.53,19.76,0.388,0.342,0.68,-6.69,-13.79,-7.1,0.42,0.48,0.65,0.58,0.912,365.71,5.0,val
APDA-V2-NEG-0782,Spatial Negative Buffer Control,25.36495,90.37273,0,1240.9,12.41,106.5,0.01894,0.00637,5.88,20.47,27.64,51.87,3.41,0.132,0.121,0.275,-16.28,-16.22,0.06,0.478,0.75,0.016,-0.003,0.38,22.23,2.0,val
APDA-V2-POS-0449,NASA COOLR (Verified Event),25.07267,93.14968,1,1862.7,28.6,194.7,-0.03651,0.08826,6.37,41.52,120.93,362.31,11.2,0.442,0.391,0.833,-10.54,-13.7,-3.17,0.399,0.4,0.243,0.58,0.746,317.27,4.0,val
APDA-V2-NEG-0898,Spatial Negative Buffer Control,27.97892,91.42769,0,3595.8,0.68,98.4,0.01461,0.00346,8.66,3.66,16.0,18.09,0.61,0.345,0.318,0.712,-16.62,-18.11,-1.49,0.593,0.787,-0.022,-0.2,0.319,7.71,1.0,val
APDA-V2-NEG-0680,Spatial Negative Buffer Control,25.41691,92.72315,0,1758.4,2.4,165.8,-0.01018,0.01002,7.31,10.86,30.62,35.49,1.81,0.184,0.169,0.381,-11.1,-20.15,-9.05,0.62,0.55,0.139,-0.147,0.033,22.52,2.0,val
APDA-V2-NEG-0830,Spatial Negative Buffer Control,26.24904,93.69591,0,1497.1,0.19,104.6,0.01009,0.01394,9.59,4.86,24.6,35.93,0.81,0.264,0.242,0.561,-16.26,-20.1,-3.84,0.623,0.88,-0.086,0.02,0.219,21.44,1.0,val
APDA-V2-POS-0383,NASA COOLR (Verified Event),25.60642,90.58489,1,1813.9,26.59,173.7,-0.04594,0.02741,6.66,84.97,150.15,225.62,15.79,0.418,0.378,0.86,-7.77,-16.6,-8.83,0.258,0.271,0.414,0.58,0.859,191.8,5.0,val
APDA-V2-POS-0159,NASA COOLR (Verified Event),27.69051,88.587,1,1583.0,36.02,152.5,-0.0601,0.09338,6.4,65.73,157.48,362.98,13.17,0.372,0.339,0.722,-11.28,-13.32,-2.04,0.163,0.48,0.603,0.203,0.717,291.07,4.0,val
APDA-V2-POS-0217,NASA COOLR (Verified Event),25.18586,93.02702,1,1360.2,40.79,189.8,-0.00503,0.06903,5.45,139.83,221.13,507.77,20.34,0.386,0.35,0.797,-11.19,-14.36,-3.17,0.339,0.363,0.469,0.58,0.868,478.56,5.0,val
APDA-V2-POS-0560,NASA COOLR (Verified Event),27.18526,88.35234,1,3314.3,28.51,150.2,-0.02571,0.02447,5.06,81.12,207.88,348.26,16.6,0.423,0.389,0.877,-9.68,-13.29,-3.61,0.289,0.159,0.65,0.363,0.726,310.79,4.0,val
APDA-V2-POS-0400,NASA COOLR (Verified Event),25.53841,91.87393,1,1150.9,19.49,218.7,-0.04507,0.0662,7.13,87.81,217.13,336.18,19.98,0.49,0.443,0.929,-8.33,-17.2,-8.87,0.26,0.201,0.485,0.341,0.807,276.03,4.0,val
APDA-V2-NEG-0094,Spatial Negative Buffer Control,26.52097,91.99503,0,849.6,0.29,321.2,-0.0024,0.01569,9.1,5.24,11.9,28.09,0.87,0.041,0.037,0.097,-13.44,-18.9,-5.47,0.648,0.658,-0.083,-0.099,0.426,17.51,1.0,val
APDA-V2-POS-0012,NASA COOLR (Verified Event),27.70023,88.58682,1,3623.8,27.81,243.2,-0.09753,0.05023,6.69,91.51,164.15,458.21,13.9,0.381,0.336,0.699,-10.29,-11.72,-1.43,0.231,0.359,0.625,0.58,0.945,382.11,5.0,val
APDA-V2-POS-0013,NASA COOLR (Verified Event),27.33193,88.61737,1,3641.3,26.21,235.3,-0.04817,-0.00196,6.33,54.82,216.7,436.45,14.63,0.518,0.495,0.985,-6.81,-13.02,-6.21,0.412,0.305,0.578,0.58,0.713,397.67,5.0,val
APDA-V2-NEG-0170,Spatial Negative Buffer Control,25.13108,92.11509,0,1344.1,5.78,232.4,0.0015,-0.00517,5.82,11.24,13.28,51.13,1.87,0.072,0.067,0.152,-13.71,-21.7,-7.99,0.645,0.55,-0.015,-0.078,0.211,22.69,2.0,val
APDA-V2-POS-0471,NASA COOLR (Verified Event),24.83277,92.79826,1,1299.5,41.51,217.6,0.00974,0.03547,5.86,69.67,133.54,198.55,12.68,0.377,0.343,0.68,-10.16,-11.87,-1.71,0.369,0.48,0.65,0.58,0.62,172.97,5.0,val
APDA-V2-NEG-0497,Spatial Negative Buffer Control,27.55405,88.66238,0,1631.7,0.72,272.4,-0.00497,5e-05,8.68,4.48,5.46,34.3,0.75,0.127,0.117,0.295,-13.45,-21.28,-7.84,0.52,0.634,-0.011,-0.047,0.19,19.14,2.0,val
APDA-V2-POS-0670,NASA COOLR (Verified Event),23.73248,92.71898,1,1350.0,35.81,141.6,-0.03335,-0.01155,5.95,66.76,127.52,318.41,14.73,0.456,0.42,0.855,-6.57,-19.11,-12.54,0.214,0.48,0.507,0.58,0.79,279.29,4.0,val
APDA-V2-NEG-0753,Spatial Negative Buffer Control,24.41098,93.82714,0,805.3,15.96,319.5,0.00976,0.02528,4.4,24.79,34.45,65.19,4.13,0.068,0.063,0.155,-14.53,-21.34,-6.81,0.564,0.851,-0.06,-0.11,0.025,40.79,2.0,val
APDA-V2-POS-0356,NASA COOLR (Verified Event),25.67716,94.11002,1,1422.3,35.61,188.2,-0.02155,-0.00165,5.44,151.07,197.89,465.99,25.04,0.368,0.329,0.718,-11.49,-18.74,-7.25,0.289,0.383,0.42,0.58,0.86,354.22,5.0,val
APDA-V2-NEG-0165,Spatial Negative Buffer Control,24.61883,93.83303,0,780.4,3.87,244.7,0.01907,0.01898,6.14,3.62,11.92,36.27,0.6,0.07,0.065,0.163,-11.45,-16.63,-5.18,0.887,0.88,-0.037,-0.2,0.04,14.59,2.0,val
APDA-V2-POS-0787,NASA COOLR (Verified Event),26.1704,91.75406,1,1286.0,36.88,157.9,4e-05,0.06879,5.99,107.28,308.26,461.54,16.5,0.488,0.449,0.939,-6.89,-18.44,-11.56,0.247,0.48,0.6,0.526,0.916,382.82,5.0,val
APDA-V2-POS-0595,NASA COOLR (Verified Event),25.18925,93.0173,1,1470.0,35.8,195.6,-0.00906,0.00818,5.91,77.62,281.23,496.38,13.29,0.374,0.343,0.746,-11.37,-15.52,-4.15,0.297,0.378,0.464,0.58,0.85,452.88,5.0,val
APDA-V2-NEG-0793,Spatial Negative Buffer Control,27.71195,91.49439,0,3031.8,3.79,127.1,-0.00589,-0.00886,7.44,0.48,4.29,37.75,0.08,0.126,0.115,0.271,-10.02,-18.5,-8.48,0.619,0.58,-0.25,-0.064,0.112,18.67,3.0,val
APDA-V2-POS-0729,NASA COOLR (Verified Event),27.35747,92.41888,1,3062.9,34.33,140.1,-0.04917,0.06523,6.41,53.28,239.11,398.34,11.98,0.371,0.327,0.72,-8.15,-19.29,-11.13,0.385,0.48,0.613,0.58,0.62,328.6,5.0,val
APDA-V2-POS-0525,NASA COOLR (Verified Event),27.04147,88.25891,1,2208.7,38.69,197.2,-0.04168,0.04559,5.4,86.61,229.9,297.39,19.99,0.457,0.406,0.862,-11.21,-14.15,-2.94,0.42,0.379,0.65,0.31,0.693,233.19,4.0,val
APDA-V2-POS-0869,NASA COOLR (Verified Event),25.0754,93.15136,1,1326.5,33.68,232.5,0.03036,0.03565,6.23,164.41,230.6,504.64,41.97,0.368,0.329,0.68,-8.01,-14.59,-6.58,0.08,0.48,0.374,0.58,0.657,410.72,5.0,val
APDA-V2-POS-0702,NASA COOLR (Verified Event),24.83801,92.80231,1,1148.6,39.39,162.7,-0.07279,0.06013,4.98,104.41,163.45,348.87,18.19,0.441,0.407,0.836,-5.88,-14.0,-8.11,0.192,0.48,0.65,0.58,0.876,303.69,5.0,val
APDA-V2-NEG-0469,Spatial Negative Buffer Control,25.31415,92.61927,0,1579.0,1.24,81.6,-0.00863,0.00402,7.44,1.93,17.44,26.38,0.32,0.053,0.049,0.107,-11.26,-16.04,-4.79,0.768,0.88,-0.032,-0.2,0.232,13.25,1.0,val
APDA-V2-POS-0433,NASA COOLR (Verified Event),27.33204,88.60823,1,1662.5,36.83,145.8,-0.06951,0.01241,6.1,101.4,180.5,374.16,18.57,0.459,0.414,0.891,-8.64,-14.2,-5.56,0.148,0.385,0.433,0.58,0.886,318.61,4.0,val
APDA-V2-POS-0288,NASA COOLR (Verified Event),27.34999,92.41473,1,1826.4,40.59,234.4,-0.05025,0.03472,5.49,64.18,232.1,365.14,16.29,0.375,0.341,0.729,-7.84,-21.59,-13.75,0.358,0.12,0.621,0.58,0.693,312.2,5.0,val
APDA-V2-POS-0235,NASA COOLR (Verified Event),25.44503,92.19519,1,947.0,25.31,180.1,-0.00971,0.03103,5.83,73.5,266.93,411.33,14.38,0.471,0.423,0.914,-10.54,-18.26,-7.72,0.42,0.298,0.545,0.58,0.747,373.75,5.0,val
APDA-V2-POS-0107,NASA COOLR (Verified Event),25.3035,91.71413,1,1739.1,33.38,231.9,-0.06801,0.06041,6.29,97.34,207.75,323.6,14.61,0.479,0.427,0.908,-9.13,-15.71,-6.58,0.42,0.48,0.637,0.568,0.796,279.74,5.0,val
APDA-V2-POS-0352,NASA COOLR (Verified Event),27.58576,91.85529,1,2949.7,23.5,234.8,-0.00582,0.02754,6.91,77.32,232.55,456.26,15.57,0.395,0.348,0.712,-8.96,-15.85,-6.89,0.088,0.235,0.65,0.58,0.69,394.27,4.0,val
APDA-V2-NEG-0498,Spatial Negative Buffer Control,27.79356,92.85804,0,1445.8,3.49,270.6,0.00998,0.0226,5.97,2.74,7.82,22.67,0.46,0.291,0.268,0.62,-15.03,-20.13,-5.1,0.45,0.88,-0.121,-0.056,0.054,11.23,3.0,val
APDA-V2-POS-0730,NASA COOLR (Verified Event),27.59808,91.8633,1,2380.2,25.47,176.7,0.00728,0.01535,6.73,69.05,170.73,391.13,14.37,0.386,0.342,0.68,-8.87,-16.05,-7.18,0.35,0.262,0.65,0.58,0.863,294.09,4.0,val
APDA-V2-POS-0618,NASA COOLR (Verified Event),24.83724,92.80184,1,859.2,30.52,156.6,-0.06646,0.01969,6.3,71.05,260.1,480.08,17.14,0.47,0.431,0.948,-8.12,-14.02,-5.89,0.42,0.48,0.569,0.445,0.62,411.53,5.0,val
APDA-V2-NEG-0611,Spatial Negative Buffer Control,25.13238,91.9126,0,1748.6,1.52,345.0,0.01341,-0.01062,8.33,9.9,11.0,47.25,1.65,0.251,0.231,0.564,-14.27,-21.22,-6.95,0.897,0.88,0.026,-0.043,0.324,25.29,1.0,val
APDA-V2-POS-0826,NASA COOLR (Verified Event),25.1819,93.02299,1,1803.1,35.64,147.7,-0.05151,0.03261,5.96,105.37,280.61,404.26,20.11,0.441,0.405,0.791,-5.97,-16.6,-10.63,0.42,0.319,0.384,0.18,0.799,376.3,4.0,val
APDA-V2-NEG-0468,Spatial Negative Buffer Control,25.79413,92.08701,0,840.8,6.01,140.6,-0.00265,0.01844,6.82,2.26,14.94,29.84,0.38,0.394,0.362,0.798,-16.41,-17.63,-1.22,0.766,0.815,-0.154,-0.198,0.111,13.35,1.0,val
APDA-V2-NEG-0100,Spatial Negative Buffer Control,28.02256,91.5384,0,3052.3,5.05,337.7,0.00433,-0.01118,6.57,9.73,33.49,63.29,1.62,0.072,0.066,0.153,-9.8,-16.5,-6.69,0.869,0.692,-0.131,-0.156,0.467,30.46,2.0,val
APDA-V2-POS-0036,NASA COOLR (Verified Event),27.34715,92.41482,1,1610.9,26.76,207.9,-0.02237,-0.02191,6.79,99.59,234.29,505.26,15.86,0.371,0.335,0.722,-9.15,-18.45,-9.29,0.298,0.459,0.458,0.403,0.759,398.0,4.0,val
APDA-V2-POS-0772,NASA COOLR (Verified Event),27.58019,91.86322,1,2011.7,39.92,179.4,-0.07231,0.01505,4.94,107.24,217.33,417.48,17.84,0.437,0.398,0.817,-8.94,-11.21,-2.28,0.287,0.37,0.548,0.435,0.717,368.04,5.0,val
APDA-V2-POS-0761,NASA COOLR (Verified Event),25.60321,90.57445,1,1775.5,30.53,102.4,-0.04363,0.03916,5.71,121.65,252.41,454.05,25.91,0.363,0.334,0.758,-12.27,-17.69,-5.42,0.128,0.15,0.65,0.58,0.795,396.22,5.0,val
APDA-V2-POS-0857,NASA COOLR (Verified Event),27.10633,93.60944,1,2200.7,29.88,232.5,-0.03786,-0.0011,5.68,47.41,115.08,206.39,10.94,0.43,0.382,0.789,-9.97,-20.18,-10.21,0.3,0.267,0.65,0.495,0.712,161.38,5.0,val
APDA-V2-NEG-0605,Spatial Negative Buffer Control,26.73087,93.98531,0,984.1,8.09,127.8,-0.00241,-0.01701,5.68,9.54,15.01,34.11,1.59,0.115,0.106,0.257,-13.98,-20.13,-6.15,0.733,0.701,-0.093,-0.143,0.055,22.16,1.0,val
APDA-V2-NEG-0896,Spatial Negative Buffer Control,27.41615,88.76276,0,3757.6,6.95,341.2,-0.00584,-0.00664,7.03,6.95,13.95,45.11,1.16,0.283,0.261,0.637,-15.11,-22.38,-7.27,0.711,0.55,-0.049,-0.059,0.136,21.01,2.0,val
APDA-V2-NEG-0508,Spatial Negative Buffer Control,25.80057,91.98586,0,884.8,2.32,316.4,0.01798,-0.00528,8.21,16.19,28.81,31.48,2.7,0.051,0.047,0.111,-13.47,-14.1,-0.63,0.742,0.789,0.01,0.018,0.338,19.02,3.0,val
APDA-V2-POS-0741,NASA COOLR (Verified Event),25.57043,91.88209,1,827.8,32.9,291.3,-0.04563,0.00174,6.42,148.34,198.5,472.98,25.65,0.466,0.416,0.843,-12.91,-10.89,2.02,0.42,0.48,0.65,0.422,0.761,429.03,4.0,val
APDA-V2-POS-0157,NASA COOLR (Verified Event),26.16573,91.75423,1,1955.9,35.42,154.0,-0.03266,0.01577,5.99,96.5,231.84,512.34,16.71,0.384,0.343,0.68,-8.07,-12.7,-4.63,0.42,0.401,0.65,0.453,0.818,432.91,4.0,val
APDA-V2-NEG-0275,Spatial Negative Buffer Control,24.91655,91.97379,0,459.1,8.71,229.4,0.01728,-0.01143,6.57,1.25,11.57,50.67,0.21,0.264,0.243,0.537,-11.03,-21.13,-10.1,0.837,0.822,-0.061,-0.147,0.299,29.13,2.0,val
APDA-V2-NEG-0256,Spatial Negative Buffer Control,25.60124,91.78348,0,1339.7,10.15,278.3,-0.01504,-0.00092,6.46,10.94,23.54,61.8,1.82,0.128,0.118,0.304,-13.07,-20.21,-7.14,0.45,0.55,-0.047,-0.012,0.063,24.74,2.0,val
APDA-V2-NEG-0777,Spatial Negative Buffer Control,26.68386,88.10129,0,1900.0,5.47,327.5,0.0118,0.03157,7.21,2.31,14.26,33.42,0.38,0.245,0.226,0.507,-14.62,-19.4,-4.78,0.669,0.851,0.15,0.12,0.177,16.5,1.0,val
APDA-V2-POS-0600,NASA COOLR (Verified Event),27.69092,88.58356,1,2588.9,29.74,215.3,-0.06917,0.04457,5.64,55.15,123.45,354.11,16.91,0.458,0.412,0.928,-9.3,-15.34,-6.04,0.333,0.439,0.318,0.58,0.886,288.27,5.0,val
APDA-V2-POS-0845,NASA COOLR (Verified Event),25.60603,90.58564,1,1257.9,41.93,186.2,-0.04614,0.0366,6.01,122.62,197.99,310.06,24.11,0.389,0.359,0.776,-10.44,-14.37,-3.93,0.412,0.48,0.425,0.58,0.916,253.99,5.0,val
APDA-V2-NEG-0751,Spatial Negative Buffer Control,27.75961,91.52445,0,1634.3,3.87,68.4,-0.00917,0.01446,7.57,3.96,12.22,26.79,0.66,0.049,0.045,0.1,-16.73,-18.9,-2.17,0.734,0.869,-0.101,-0.033,0.217,14.93,2.0,val
APDA-V2-POS-0377,NASA COOLR (Verified Event),25.67764,94.11478,1,1666.0,21.87,194.1,-0.05862,0.06747,7.01,82.81,189.81,285.37,19.32,0.417,0.37,0.737,-13.5,-18.21,-4.71,0.42,0.48,0.65,0.58,0.705,270.02,4.0,val
APDA-V2-POS-0321,NASA COOLR (Verified Event),25.56451,91.88143,1,1504.7,30.19,177.4,-0.05896,0.07836,6.56,95.07,143.58,340.7,19.13,0.359,0.325,0.68,-8.66,-17.79,-9.12,0.284,0.249,0.65,0.58,0.91,293.98,5.0,val
APDA-V2-POS-0895,NASA COOLR (Verified Event),27.32501,88.61789,1,2111.1,38.36,204.7,0.01207,0.05579,5.64,72.0,281.62,508.47,14.59,0.443,0.405,0.869,-12.04,-20.79,-8.75,0.251,0.391,0.65,0.58,0.696,418.55,5.0,val
APDA-V2-POS-0214,NASA COOLR (Verified Event),25.44408,92.19724,1,1459.1,31.79,134.3,-0.01765,0.04402,5.58,63.51,197.43,296.6,12.99,0.364,0.334,0.68,-6.61,-17.6,-10.99,0.42,0.149,0.605,0.385,0.788,263.82,4.0,val
APDA-V2-POS-0011,NASA COOLR (Verified Event),26.01689,93.41458,1,1725.6,34.4,162.2,-0.02801,0.01037,5.94,73.18,120.32,294.47,11.08,0.464,0.417,0.834,-8.58,-18.19,-9.61,0.221,0.48,0.65,0.58,0.917,253.05,4.0,val
APDA-V2-POS-0786,NASA COOLR (Verified Event),24.83717,92.80283,1,692.7,30.85,232.0,-0.08379,0.03446,6.47,47.81,95.21,240.24,11.09,0.371,0.341,0.68,-11.63,-15.57,-3.94,0.16,0.327,0.62,0.58,0.846,219.04,5.0,val
APDA-V2-POS-0277,NASA COOLR (Verified Event),25.43749,92.19552,1,1141.6,31.11,236.8,-0.0172,-0.00675,6.18,69.84,231.62,296.98,17.56,0.422,0.374,0.766,-11.08,-13.45,-2.37,0.42,0.124,0.605,0.474,0.732,271.45,5.0,val
APDA-V2-NEG-0200,Spatial Negative Buffer Control,25.73926,93.23666,0,1177.3,12.9,175.7,0.01895,-0.01525,5.7,6.13,29.19,45.58,1.02,0.063,0.058,0.133,-14.86,-20.99,-6.13,0.84,0.718,-0.069,-0.035,0.111,18.42,1.0,val
APDA-V2-NEG-0778,Spatial Negative Buffer Control,25.75017,91.65474,0,1020.6,4.9,339.4,0.00071,0.00157,5.85,8.08,13.42,47.81,1.35,0.131,0.121,0.286,-11.87,-21.51,-9.64,0.683,0.58,-0.03,0.056,0.119,19.24,1.0,val
APDA-V2-POS-0685,NASA COOLR (Verified Event),27.3269,88.61024,1,2077.5,30.45,260.5,-0.0497,0.05641,6.25,203.41,277.26,372.5,40.79,0.365,0.323,0.68,-8.12,-15.97,-7.85,0.102,0.48,0.44,0.518,0.875,289.39,4.0,val
APDA-V2-NEG-0884,Spatial Negative Buffer Control,25.58554,91.37824,0,1098.3,1.07,312.9,0.00057,-0.00276,8.44,5.93,20.41,35.3,0.99,0.164,0.151,0.362,-13.68,-20.58,-6.9,0.671,0.617,-0.23,-0.073,0.074,18.64,2.0,val
APDA-V2-POS-0108,NASA COOLR (Verified Event),25.75414,91.90659,1,646.3,42.95,163.8,-0.02098,0.01693,6.0,47.69,104.73,166.8,13.03,0.414,0.382,0.761,-8.31,-15.22,-6.9,0.123,0.48,0.65,0.58,0.877,154.53,5.0,val
APDA-V2-NEG-0802,Spatial Negative Buffer Control,25.10811,91.88528,0,1320.9,3.73,67.3,0.0149,0.00173,5.77,14.38,39.35,74.46,2.4,0.214,0.197,0.492,-15.64,-20.31,-4.67,0.856,0.621,-0.1,-0.057,0.243,38.44,1.0,val
APDA-V2-POS-0856,NASA COOLR (Verified Event),27.57788,91.8652,1,3489.6,34.57,36.2,-0.04866,0.05482,5.5,43.88,105.58,176.47,13.26,0.464,0.428,0.896,-7.39,-12.42,-5.04,0.393,0.249,0.65,0.58,0.797,153.28,4.0,val
APDA-V2-NEG-0439,Spatial Negative Buffer Control,23.90618,93.0746,0,259.9,16.0,325.3,0.0075,0.00857,5.91,12.83,14.13,33.97,2.14,0.251,0.231,0.534,-14.92,-21.19,-6.27,0.622,0.88,-0.187,-0.138,0.054,15.35,2.0,val
APDA-V2-NEG-0855,Spatial Negative Buffer Control,27.72987,92.20383,0,3739.8,13.87,77.4,-0.00841,-0.0049,5.2,2.66,23.92,44.56,0.44,0.267,0.246,0.606,-14.31,-22.03,-7.72,0.646,0.88,0.005,-0.148,0.29,26.77,1.0,val
APDA-V2-NEG-0798,Spatial Negative Buffer Control,26.75733,87.85591,0,913.5,13.23,292.1,0.00082,-0.01885,5.07,10.41,23.69,56.69,1.73,0.22,0.203,0.521,-14.42,-25.66,-11.24,0.693,0.88,-0.132,-0.185,0.093,36.06,1.0,val
APDA-V2-NEG-0354,Spatial Negative Buffer Control,24.58676,93.248,0,577.8,0.47,217.0,0.00619,0.01982,9.23,14.74,19.69,31.39,2.46,0.21,0.193,0.498,-13.61,-21.02,-7.41,0.612,0.84,-0.151,0.012,0.48,17.8,1.0,val
APDA-V2-POS-0249,NASA COOLR (Verified Event),24.787,93.67743,1,941.3,43.35,190.7,-0.02724,0.04296,5.69,78.39,192.59,355.9,15.67,0.369,0.327,0.68,-10.7,-12.07,-1.38,0.42,0.241,0.497,0.465,0.766,298.96,5.0,val
APDA-V2-NEG-0470,Spatial Negative Buffer Control,25.42679,93.52857,0,1531.5,2.17,332.0,0.01179,0.0058,6.33,0.15,14.13,35.11,0.03,0.026,0.024,0.058,-10.48,-18.16,-7.68,0.666,0.715,-0.163,0.071,0.218,21.17,1.0,val
APDA-V2-NEG-0471,Spatial Negative Buffer Control,25.26249,92.94623,0,1696.7,0.56,1.2,0.00059,0.00137,9.22,21.06,39.56,51.75,3.51,0.235,0.216,0.472,-15.21,-18.65,-3.44,0.92,0.846,0.078,-0.111,0.078,29.68,2.0,val
APDA-V2-NEG-0219,Spatial Negative Buffer Control,24.99452,92.36354,0,736.4,3.0,287.0,-0.00664,0.00229,6.66,13.43,26.58,61.06,2.24,0.167,0.154,0.377,-12.0,-15.36,-3.36,0.836,0.744,-0.063,-0.121,0.053,30.55,1.0,val
APDA-V2-NEG-0632,Spatial Negative Buffer Control,24.96324,92.15148,0,1151.7,1.95,211.1,0.00425,-0.00986,6.45,19.13,40.61,60.13,3.19,0.228,0.21,0.461,-14.44,-19.78,-5.33,0.745,0.585,-0.103,0.056,0.264,24.34,2.0,val
APDA-V2-POS-0641,NASA COOLR (Verified Event),26.0101,93.42436,1,682.7,52.44,168.0,-0.04156,0.07735,5.28,48.49,99.57,175.11,12.62,0.51,0.466,0.943,-9.01,-16.79,-7.78,0.42,0.412,0.513,0.237,0.648,138.14,4.0,val
APDA-V2-NEG-0727,Spatial Negative Buffer Control,27.4597,88.83766,0,3662.9,0.05,241.9,0.007,0.01007,8.99,10.93,11.39,23.94,1.82,0.17,0.156,0.353,-10.31,-23.14,-12.82,0.74,0.879,-0.104,0.013,0.066,14.13,2.0,val
APDA-V2-POS-0476,NASA COOLR (Verified Event),27.18627,88.36587,1,1598.1,32.93,304.6,-0.08395,0.03697,5.21,125.32,220.94,496.4,17.21,0.356,0.316,0.68,-6.1,-10.52,-4.42,0.083,0.48,0.65,0.58,0.696,374.8,5.0,val
APDA-V2-POS-0064,NASA COOLR (Verified Event),25.53299,91.85962,1,1431.4,23.43,272.4,0.01265,0.04857,6.93,86.97,234.93,436.26,15.85,0.363,0.331,0.68,-9.11,-14.05,-4.94,0.42,0.33,0.588,0.345,0.706,337.55,5.0,val
APDA-V2-NEG-0730,Spatial Negative Buffer Control,27.99317,92.08193,0,3648.4,0.53,297.5,0.01093,0.01438,9.09,13.64,17.41,50.22,2.27,0.034,0.031,0.081,-13.83,-21.28,-7.45,0.873,0.55,-0.081,-0.051,0.19,29.95,1.0,val
APDA-V2-POS-0839,NASA COOLR (Verified Event),25.67233,94.10635,1,1108.0,35.4,127.1,-0.06609,0.06367,5.72,77.45,230.42,398.56,17.45,0.443,0.399,0.837,-9.4,-11.74,-2.35,0.24,0.48,0.636,0.58,0.896,378.52,5.0,val
APDA-V2-NEG-0702,Spatial Negative Buffer Control,24.98512,93.10421,0,418.7,1.43,65.6,0.01017,0.03873,8.58,28.0,40.88,51.78,4.67,0.296,0.272,0.662,-16.44,-20.5,-4.06,0.45,0.742,-0.131,-0.072,0.1,30.86,2.0,val
APDA-V2-POS-0537,NASA COOLR (Verified Event),27.68964,88.58446,1,2553.8,29.14,105.8,-0.07848,0.05466,5.83,47.08,213.73,454.36,12.38,0.406,0.36,0.744,-8.31,-14.81,-6.5,0.407,0.473,0.581,0.58,0.777,379.98,5.0,val
APDA-V2-NEG-0567,Spatial Negative Buffer Control,27.33285,87.92427,0,1723.8,5.15,328.6,0.00203,-0.01122,6.76,11.09,22.37,37.89,1.85,0.2,0.184,0.428,-16.11,-20.78,-4.68,0.707,0.88,0.15,-0.023,0.44,23.84,1.0,val
APDA-V2-NEG-0531,Spatial Negative Buffer Control,25.74313,92.03511,0,1465.2,1.65,156.9,0.00516,0.00133,6.98,1.37,7.98,15.49,0.23,0.262,0.241,0.571,-16.46,-21.43,-4.96,0.471,0.55,-0.058,-0.145,0.044,7.66,1.0,val
APDA-V2-POS-0706,NASA COOLR (Verified Event),27.3315,88.61067,1,1467.0,27.6,193.7,-0.05921,0.01312,5.8,165.82,360.07,427.54,24.62,0.391,0.345,0.68,-8.68,-17.44,-8.76,0.265,0.335,0.585,0.309,0.62,394.32,5.0,val
APDA-V2-POS-0619,NASA COOLR (Verified Event),26.17306,91.75955,1,1095.6,41.11,187.6,0.01183,0.07163,5.33,203.98,348.76,559.42,40.94,0.378,0.339,0.68,-7.72,-13.93,-6.21,0.096,0.301,0.378,0.58,0.869,463.83,5.0,val
APDA-V2-NEG-0745,Spatial Negative Buffer Control,26.48516,91.63468,0,1467.3,3.85,51.4,0.00514,0.00663,7.03,1.54,2.02,8.66,0.26,0.094,0.087,0.208,-17.92,-24.6,-6.67,0.905,0.779,-0.032,-0.045,0.06,5.62,2.0,val
APDA-V2-POS-0603,NASA COOLR (Verified Event),27.34962,92.41314,1,3507.5,36.91,106.9,-0.04055,0.03375,6.25,46.43,194.72,332.9,11.3,0.348,0.305,0.68,-11.39,-15.33,-3.94,0.42,0.12,0.65,0.492,0.62,286.33,4.0,val
APDA-V2-POS-0665,NASA COOLR (Verified Event),27.1871,88.35812,1,2724.3,33.34,319.9,-0.07189,0.07924,6.15,136.06,322.82,549.64,24.87,0.35,0.312,0.68,-13.12,-15.03,-1.91,0.15,0.29,0.569,0.58,0.676,416.74,4.0,val
APDA-V2-POS-0811,NASA COOLR (Verified Event),27.3294,88.6049,1,3030.7,29.71,184.2,-0.05731,0.0385,6.03,102.17,201.59,365.2,22.98,0.463,0.424,0.893,-9.59,-13.36,-3.77,0.222,0.39,0.65,0.58,0.774,326.59,4.0,val
APDA-V2-POS-0404,NASA COOLR (Verified Event),25.6149,90.58709,1,1563.8,35.27,200.9,-0.03165,0.02582,6.21,64.25,201.78,323.02,9.78,0.427,0.378,0.744,-8.99,-12.04,-3.05,0.237,0.48,0.65,0.494,0.911,267.86,4.0,val
APDA-V2-POS-0239,NASA COOLR (Verified Event),25.07663,93.15852,1,1747.0,37.85,208.8,-0.05491,0.02077,5.35,57.44,206.03,388.3,15.1,0.348,0.303,0.68,-11.71,-13.38,-1.66,0.42,0.125,0.417,0.417,0.719,312.6,4.0,val
APDA-V2-NEG-0188,Spatial Negative Buffer Control,26.07086,93.72467,0,676.9,5.9,221.4,0.00697,0.00143,7.21,0.26,19.61,39.73,0.04,0.225,0.207,0.515,-12.37,-24.3,-11.93,0.72,0.863,-0.108,-0.123,0.105,23.9,1.0,val
APDA-V2-NEG-0206,Spatial Negative Buffer Control,27.4684,93.85017,0,1457.9,0.14,294.5,-0.02079,0.00913,9.29,2.03,23.47,35.66,0.34,0.11,0.102,0.23,-12.31,-21.34,-9.03,0.881,0.88,-0.13,-0.191,0.053,19.46,1.0,val
APDA-V2-POS-0319,NASA COOLR (Verified Event),25.43952,92.19844,1,1250.8,37.65,177.1,-0.00961,0.07351,6.02,112.09,266.8,464.67,25.99,0.381,0.334,0.68,-11.23,-11.38,-0.15,0.08,0.21,0.65,0.58,0.932,369.35,4.0,val
APDA-V2-NEG-0503,Spatial Negative Buffer Control,25.548,93.77153,0,872.1,3.89,23.9,0.00095,0.00897,7.03,7.91,12.33,49.93,1.32,0.129,0.119,0.304,-12.58,-21.61,-9.03,0.45,0.58,-0.162,-0.029,0.449,30.3,3.0,val
APDA-V2-POS-0573,NASA COOLR (Verified Event),25.57055,91.87738,1,1648.9,38.63,256.9,0.00441,0.04213,5.07,35.0,84.11,366.45,11.78,0.431,0.395,0.884,-10.42,-15.53,-5.12,0.08,0.48,0.65,0.58,0.62,335.84,4.0,val
APDA-V2-POS-0171,NASA COOLR (Verified Event),25.75941,91.90708,1,1341.7,32.55,164.1,0.00522,0.02562,5.08,147.58,244.23,320.0,25.38,0.439,0.404,0.912,-6.89,-19.26,-12.38,0.338,0.194,0.65,0.41,0.757,256.69,5.0,val
APDA-V2-NEG-0402,Spatial Negative Buffer Control,25.56565,91.60124,0,1633.0,0.07,340.6,-0.00371,-0.00748,8.92,4.07,26.63,44.82,0.68,0.192,0.177,0.425,-12.8,-23.05,-10.25,0.713,0.764,-0.204,-0.13,0.48,27.39,1.0,val
APDA-V2-NEG-0600,Spatial Negative Buffer Control,27.94632,88.43235,0,3563.3,2.31,56.1,-0.01165,0.01971,8.12,0.15,15.89,40.54,0.03,0.228,0.209,0.529,-14.34,-22.86,-8.52,0.797,0.799,-0.044,-0.04,0.063,21.17,2.0,val
APDA-V2-POS-0577,NASA COOLR (Verified Event),26.1764,91.75469,1,1789.2,27.24,177.9,-0.07044,0.02463,5.92,56.18,188.16,312.87,11.99,0.394,0.35,0.793,-11.69,-16.5,-4.8,0.374,0.255,0.503,0.58,0.853,263.93,5.0,val
APDA-V2-POS-0551,NASA COOLR (Verified Event),25.60075,90.58694,1,636.4,37.2,199.3,-0.00918,0.03673,5.93,43.21,95.03,363.64,10.14,0.47,0.448,0.982,-7.42,-13.59,-6.17,0.42,0.393,0.65,0.58,0.7,276.42,5.0,val
APDA-V2-NEG-0057,Spatial Negative Buffer Control,27.50233,92.23978,0,2556.2,13.67,8.3,-0.01907,0.00938,6.06,14.84,21.84,40.9,2.47,0.148,0.136,0.352,-15.27,-19.52,-4.25,0.656,0.88,0.15,-0.2,0.272,16.56,2.0,val
APDA-V2-POS-0374,NASA COOLR (Verified Event),27.10394,93.61564,1,2632.0,31.44,187.4,-0.01118,0.02643,5.74,80.32,228.91,300.91,14.6,0.36,0.316,0.685,-9.27,-19.04,-9.77,0.115,0.35,0.65,0.58,0.62,282.54,5.0,val
APDA-V2-POS-0094,NASA COOLR (Verified Event),26.17563,91.75834,1,1477.5,36.12,155.4,-0.01145,0.01739,5.96,55.69,129.42,218.5,17.46,0.435,0.398,0.807,-10.96,-14.93,-3.98,0.08,0.42,0.285,0.58,0.925,206.84,5.0,val
APDA-V2-NEG-0821,Spatial Negative Buffer Control,25.69896,91.32407,0,1466.2,9.7,3.2,0.00225,-0.00541,5.88,1.9,13.2,31.08,0.32,0.225,0.207,0.476,-13.14,-22.49,-9.35,0.862,0.667,-0.25,0.034,0.269,12.49,1.0,val
APDA-V2-POS-0638,NASA COOLR (Verified Event),25.07538,93.15945,1,799.3,43.86,156.1,-0.08741,0.04554,4.73,65.71,149.93,447.21,10.14,0.449,0.4,0.805,-12.63,-12.39,0.25,0.255,0.477,0.378,0.254,0.683,408.24,5.0,val
APDA-V2-NEG-0373,Spatial Negative Buffer Control,27.90145,92.25807,0,2039.0,4.01,55.5,0.00255,0.00261,6.88,28.0,28.55,37.67,4.67,0.084,0.078,0.18,-17.13,-18.17,-1.04,0.574,0.702,-0.121,-0.051,0.337,15.27,2.0,val
APDA-V2-NEG-0063,Spatial Negative Buffer Control,27.16796,88.11731,0,1951.9,4.11,32.3,0.00717,0.01506,7.47,0.68,9.98,41.76,0.11,0.069,0.063,0.155,-13.92,-21.34,-7.41,0.811,0.88,-0.152,0.033,0.412,20.85,2.0,val
APDA-V2-POS-0300,NASA COOLR (Verified Event),25.57519,91.88328,1,1113.2,35.55,235.2,-0.02409,0.05288,6.01,61.62,120.48,314.51,9.78,0.475,0.436,0.911,-5.98,-16.38,-10.4,0.193,0.48,0.643,0.58,0.895,258.38,5.0,val
APDA-V2-NEG-0014,Spatial Negative Buffer Control,27.5829,88.5005,0,1483.4,3.43,77.5,0.00553,0.01438,6.8,8.14,27.27,63.96,1.36,0.164,0.151,0.372,-16.69,-18.7,-2.0,0.602,0.88,0.031,-0.017,0.48,33.47,1.0,val
APDA-V2-NEG-0427,Spatial Negative Buffer Control,24.83639,93.43495,0,1448.1,5.62,12.7,0.00552,0.00825,6.38,5.24,26.63,30.89,0.87,0.124,0.114,0.283,-15.47,-18.3,-2.82,0.866,0.697,-0.043,-0.03,0.265,13.89,2.0,val
APDA-V2-POS-0889,NASA COOLR (Verified Event),25.17455,93.0225,1,1165.5,49.97,230.3,-0.04819,0.0401,5.68,72.7,225.03,379.17,12.04,0.363,0.322,0.68,-11.0,-11.4,-0.41,0.288,0.48,0.65,0.416,0.89,313.26,5.0,val
APDA-V2-POS-0494,NASA COOLR (Verified Event),26.01164,93.41663,1,738.9,30.88,153.9,-0.00091,0.08688,6.2,94.19,145.41,313.9,19.42,0.437,0.4,0.887,-11.85,-14.02,-2.17,0.36,0.251,0.65,0.58,0.825,284.37,5.0,val
APDA-V2-NEG-0059,Spatial Negative Buffer Control,26.75748,93.44664,0,937.6,15.44,258.5,-0.00707,-0.00273,5.68,13.86,18.29,58.03,2.31,0.099,0.091,0.205,-15.72,-24.04,-8.32,0.849,0.752,-0.124,-0.133,0.32,26.01,2.0,val
APDA-V2-POS-0782,NASA COOLR (Verified Event),25.59858,90.57777,1,1202.2,31.86,40.6,-0.05705,-0.00778,6.06,48.47,244.65,439.13,13.19,0.36,0.32,0.68,-10.61,-18.81,-8.2,0.217,0.363,0.65,0.379,0.879,367.05,5.0,val
APDA-V2-POS-0828,NASA COOLR (Verified Event),24.832,92.79462,1,1014.6,34.21,151.2,-0.01422,0.00697,6.26,67.35,163.73,427.83,15.22,0.349,0.309,0.68,-8.89,-15.69,-6.8,0.318,0.467,0.339,0.246,0.667,374.0,5.0,val
APDA-V2-NEG-0652,Spatial Negative Buffer Control,25.22231,91.68174,0,718.7,6.42,38.0,0.00632,-0.00352,6.76,4.83,21.34,37.32,0.81,0.083,0.076,0.169,-12.67,-15.32,-2.64,0.801,0.701,-0.127,0.042,0.075,23.71,2.0,val
APDA-V2-POS-0005,NASA COOLR (Verified Event),25.60453,90.58828,1,819.6,40.62,183.5,-0.15242,0.04893,5.93,66.52,238.82,481.38,16.66,0.405,0.374,0.799,-9.0,-15.41,-6.41,0.357,0.48,0.65,0.58,0.755,402.94,5.0,val
APDA-V2-POS-0763,NASA COOLR (Verified Event),25.17493,93.02112,1,689.7,40.18,217.0,-0.02293,0.02117,4.97,54.32,162.3,335.44,15.09,0.419,0.382,0.832,-7.62,-15.54,-7.93,0.42,0.48,0.65,0.58,0.844,314.29,5.0,val
APDA-V2-POS-0601,NASA COOLR (Verified Event),27.3322,88.61059,1,3510.9,41.81,298.8,-0.0061,0.00849,5.99,35.0,134.18,295.21,8.39,0.441,0.403,0.859,-10.05,-21.33,-11.28,0.309,0.48,0.65,0.523,0.98,239.19,4.0,val
APDA-V2-POS-0565,NASA COOLR (Verified Event),23.74262,92.70841,1,1384.7,21.65,161.6,-0.01325,0.06313,7.01,35.0,170.71,468.92,11.62,0.48,0.443,0.944,-11.62,-15.79,-4.17,0.336,0.274,0.388,0.58,0.882,425.65,4.0,val
APDA-V2-POS-0489,NASA COOLR (Verified Event),25.56996,91.87917,1,1064.8,37.2,155.8,-0.0551,0.04662,5.83,104.13,185.55,455.63,28.85,0.457,0.411,0.912,-8.67,-20.26,-11.59,0.08,0.341,0.643,0.465,0.76,401.68,4.0,val
APDA-V2-POS-0545,NASA COOLR (Verified Event),25.67741,94.11036,1,689.9,47.67,178.7,-0.05245,0.01353,5.02,65.02,229.4,441.76,11.64,0.346,0.301,0.68,-10.35,-12.28,-1.93,0.214,0.43,0.65,0.44,0.955,342.64,4.0,val
APDA-V2-NEG-0897,Spatial Negative Buffer Control,27.72046,92.12832,0,2699.1,2.71,52.4,-0.00359,-0.00416,7.82,6.66,18.21,24.71,1.11,0.203,0.186,0.417,-16.35,-19.83,-3.48,0.92,0.868,0.049,-0.064,0.338,10.52,1.0,val
APDA-V2-POS-0623,NASA COOLR (Verified Event),27.18648,88.36241,1,2065.7,29.12,220.4,-0.07668,0.06105,6.09,70.31,167.98,457.89,12.98,0.426,0.378,0.828,-12.11,-15.08,-2.98,0.368,0.456,0.293,0.278,0.98,407.83,4.0,val
APDA-V2-NEG-0061,Spatial Negative Buffer Control,23.44951,92.56096,0,694.5,0.39,277.8,0.01796,-0.00842,8.12,8.84,20.0,42.49,1.47,0.099,0.091,0.214,-12.23,-16.72,-4.49,0.776,0.553,0.009,-0.2,0.088,21.81,2.0,val
APDA-V2-POS-0884,NASA COOLR (Verified Event),25.30502,91.70657,1,1905.1,33.83,144.9,-0.0493,0.06305,6.02,115.55,189.97,249.29,28.94,0.489,0.437,0.885,-10.6,-17.73,-7.13,0.181,0.48,0.562,0.58,0.798,233.78,5.0,val
APDA-V2-NEG-0645,Spatial Negative Buffer Control,27.18183,92.55476,0,2325.4,0.19,301.2,0.00038,-0.00629,8.3,1.93,24.18,48.56,0.32,0.298,0.274,0.648,-12.13,-20.84,-8.71,0.461,0.827,-0.045,0.005,0.033,23.35,1.0,val
APDA-V2-POS-0220,NASA COOLR (Verified Event),26.17161,91.76178,1,996.3,25.91,139.9,-0.03431,0.01536,6.61,97.81,286.42,506.9,17.44,0.445,0.409,0.807,-9.41,-12.85,-3.44,0.232,0.48,0.65,0.418,0.822,452.84,5.0,val
APDA-V2-POS-0765,NASA COOLR (Verified Event),24.83417,92.8025,1,549.6,41.35,220.9,-0.01614,-0.00533,4.92,108.22,262.56,532.77,22.61,0.414,0.366,0.74,-9.81,-11.83,-2.02,0.137,0.365,0.65,0.53,0.749,403.83,5.0,val
APDA-V2-POS-0138,NASA COOLR (Verified Event),27.69388,88.58592,1,2332.1,45.13,218.4,-0.05056,0.04924,5.05,94.33,284.37,428.37,20.35,0.47,0.427,0.923,-12.37,-12.6,-0.23,0.249,0.329,0.6,0.557,0.827,361.81,4.0,val
APDA-V2-POS-0070,NASA COOLR (Verified Event),25.18276,93.02534,1,700.3,29.35,141.8,-0.08356,0.03634,5.55,80.11,154.96,321.4,15.24,0.386,0.357,0.738,-8.72,-16.96,-8.24,0.265,0.48,0.65,0.454,0.62,289.07,5.0,val
APDA-V2-NEG-0842,Spatial Negative Buffer Control,24.97433,91.42413,0,851.9,0.98,146.7,-0.00688,0.00855,7.55,1.28,13.09,50.7,0.21,0.057,0.052,0.128,-7.05,-21.17,-14.13,0.858,0.671,0.011,-0.138,0.48,23.97,1.0,val
APDA-V2-NEG-0106,Spatial Negative Buffer Control,25.96329,91.64463,0,675.9,0.99,73.8,-0.01599,-0.01273,8.92,10.85,30.5,53.52,1.81,0.148,0.136,0.311,-17.24,-20.27,-3.03,0.745,0.608,-0.088,-0.048,0.374,30.95,1.0,val
APDA-V2-NEG-0171,Spatial Negative Buffer Control,26.02455,92.10928,0,738.7,1.96,63.3,0.00321,0.01367,8.09,2.27,16.7,29.17,0.38,0.194,0.179,0.413,-14.35,-22.97,-8.62,0.919,0.771,0.15,-0.2,0.074,13.72,1.0,val
APDA-V2-NEG-0356,Spatial Negative Buffer Control,25.52504,94.49941,0,1276.4,1.72,18.3,-0.00437,0.00921,7.91,18.89,25.23,61.54,3.15,0.053,0.048,0.119,-12.22,-20.53,-8.31,0.616,0.664,-0.051,-0.114,0.3,27.23,1.0,val
APDA-V2-POS-0498,NASA COOLR (Verified Event),27.35112,92.42329,1,1535.0,35.05,210.4,-0.00222,0.01883,5.95,65.15,179.62,319.12,12.53,0.342,0.298,0.68,-9.51,-14.7,-5.2,0.112,0.242,0.614,0.58,0.642,251.62,5.0,val
APDA-V2-NEG-0475,Spatial Negative Buffer Control,27.65375,88.93455,0,3262.8,4.17,284.1,0.00787,0.01264,6.22,8.66,11.39,17.54,1.44,0.28,0.257,0.641,-12.32,-23.24,-10.93,0.865,0.748,-0.106,-0.114,0.33,11.22,2.0,val
APDA-V2-POS-0891,NASA COOLR (Verified Event),24.82763,92.79951,1,406.2,32.8,23.1,-0.00799,0.05182,6.44,80.44,138.1,200.82,18.47,0.389,0.358,0.703,-9.66,-16.0,-6.34,0.08,0.131,0.65,0.395,0.65,179.96,5.0,val
APDA-V2-NEG-0022,Spatial Negative Buffer Control,25.22536,92.24241,0,1004.6,2.62,150.7,0.00112,0.01352,7.94,0.18,4.01,25.98,0.03,0.125,0.115,0.264,-15.59,-16.01,-0.42,0.643,0.741,-0.021,-0.105,0.196,15.23,1.0,val
APDA-V2-NEG-0519,Spatial Negative Buffer Control,27.51176,92.69433,0,2051.6,3.34,258.3,0.01717,0.01497,7.67,8.41,26.54,61.5,1.4,0.102,0.094,0.209,-11.54,-16.9,-5.37,0.458,0.595,0.059,-0.123,0.106,26.39,2.0,val
APDA-V2-POS-0437,NASA COOLR (Verified Event),27.09545,93.61945,1,1993.5,32.92,209.1,-0.05682,0.03452,4.94,97.62,217.58,384.63,20.82,0.386,0.35,0.785,-6.34,-16.2,-9.86,0.242,0.432,0.375,0.58,0.771,294.3,4.0,val
APDA-V2-POS-0566,NASA COOLR (Verified Event),25.67337,94.11859,1,1579.0,37.12,174.3,-0.02131,0.06874,5.85,73.35,282.72,439.97,15.94,0.337,0.309,0.68,-10.95,-18.58,-7.64,0.144,0.292,0.65,0.329,0.844,385.47,5.0,val
APDA-V2-NEG-0589,Spatial Negative Buffer Control,25.83783,92.19495,0,1690.8,4.02,58.3,-0.02347,-0.00695,6.57,4.42,9.0,13.16,0.74,0.123,0.113,0.28,-12.39,-24.62,-12.23,0.736,0.872,-0.073,-0.062,0.205,8.45,2.0,val
APDA-V2-POS-0882,NASA COOLR (Verified Event),27.03574,88.26503,1,1492.7,31.88,166.3,-0.01428,0.0104,4.9,71.25,187.7,326.78,19.1,0.44,0.408,0.887,-7.3,-22.52,-15.22,0.42,0.377,0.581,0.543,0.959,261.9,5.0,val
APDA-V2-POS-0456,NASA COOLR (Verified Event),27.35113,92.4171,1,2979.8,22.67,235.5,-0.07057,0.0146,6.84,59.98,132.6,269.93,10.86,0.482,0.43,0.888,-7.29,-12.02,-4.73,0.42,0.371,0.65,0.58,0.62,242.77,5.0,val
APDA-V2-NEG-0034,Spatial Negative Buffer Control,27.69696,88.38216,0,2905.9,0.33,209.3,-0.01239,-0.00188,9.5,1.17,19.11,39.53,0.2,0.189,0.174,0.423,-16.53,-15.38,1.15,0.504,0.772,-0.102,-0.176,0.203,17.25,1.0,val
APDA-V2-NEG-0466,Spatial Negative Buffer Control,25.00941,91.95672,0,1062.5,7.34,330.8,0.00672,-0.00183,6.73,8.29,21.07,44.62,1.38,0.184,0.169,0.403,-15.35,-22.98,-7.63,0.92,0.847,-0.211,-0.099,0.093,26.27,2.0,test
APDA-V2-NEG-0305,Spatial Negative Buffer Control,25.57622,93.60417,0,1658.9,5.43,142.6,-0.02309,0.00401,7.35,8.67,25.07,40.72,1.44,0.255,0.234,0.604,-10.33,-14.2,-3.87,0.711,0.659,-0.168,-0.041,0.187,22.13,1.0,test
APDA-V2-POS-0517,NASA COOLR (Verified Event),27.33383,88.61324,1,1481.2,30.05,88.0,-0.01967,0.02043,5.15,70.89,261.83,535.19,18.0,0.34,0.309,0.68,-7.98,-15.99,-8.0,0.23,0.48,0.546,0.57,0.759,500.67,5.0,test
APDA-V2-NEG-0326,Spatial Negative Buffer Control,25.80048,93.61188,0,1369.0,1.76,126.5,0.00843,-0.01178,7.88,7.28,18.83,55.38,1.21,0.227,0.209,0.483,-16.56,-23.21,-6.65,0.818,0.57,-0.037,-0.057,0.407,28.1,1.0,test
APDA-V2-NEG-0123,Spatial Negative Buffer Control,24.57508,93.28736,0,287.0,5.06,102.1,0.00993,0.01741,7.4,5.34,11.74,45.24,0.89,0.12,0.11,0.27,-10.39,-17.55,-7.16,0.45,0.88,-0.25,-0.033,0.205,29.26,1.0,test
APDA-V2-NEG-0741,Spatial Negative Buffer Control,26.00679,92.00882,0,1611.1,0.35,299.3,0.00798,-0.00597,9.32,7.84,20.04,37.47,1.31,0.232,0.214,0.477,-18.81,-18.23,0.58,0.45,0.692,-0.229,-0.193,0.185,21.63,2.0,test
APDA-V2-POS-0327,NASA COOLR (Verified Event),27.69147,88.58361,1,3231.0,27.75,162.7,-0.05443,-0.0141,5.77,58.7,159.88,349.55,18.35,0.383,0.348,0.698,-10.32,-12.24,-1.92,0.42,0.48,0.642,0.58,0.963,280.82,5.0,test
APDA-V2-POS-0066,NASA COOLR (Verified Event),25.75523,91.90816,1,1576.9,43.67,233.2,-0.02208,0.04213,5.62,153.77,263.89,550.24,25.58,0.36,0.324,0.692,-9.63,-19.73,-10.1,0.085,0.48,0.584,0.58,0.927,474.35,5.0,test
APDA-V2-POS-0824,NASA COOLR (Verified Event),25.60135,90.58604,1,1062.1,42.06,207.2,-0.06852,0.02818,5.31,65.76,143.57,231.07,13.56,0.5,0.462,0.941,-10.41,-15.88,-5.46,0.08,0.437,0.65,0.58,0.92,180.76,4.0,test
APDA-V2-NEG-0723,Spatial Negative Buffer Control,24.46739,92.45105,0,1018.9,5.18,5.2,0.00032,0.00078,5.93,7.0,8.53,39.33,1.17,0.061,0.056,0.124,-14.84,-17.89,-3.05,0.914,0.88,0.093,-0.131,0.48,17.41,1.0,test
APDA-V2-NEG-0294,Spatial Negative Buffer Control,27.20723,88.55675,0,1765.1,1.54,342.2,0.00453,0.01547,8.04,11.19,16.69,48.06,1.87,0.025,0.023,0.058,-13.75,-24.55,-10.79,0.821,0.878,-0.25,-0.03,0.279,29.05,1.0,test
APDA-V2-POS-0736,NASA COOLR (Verified Event),25.52696,91.87257,1,1424.6,34.09,180.7,-0.06182,-0.00421,5.08,130.68,319.35,497.12,24.95,0.341,0.313,0.711,-11.17,-11.65,-0.48,0.42,0.382,0.65,0.578,0.696,441.39,5.0,test
APDA-V2-POS-0880,NASA COOLR (Verified Event),23.72708,92.71614,1,1050.1,25.05,136.5,-0.01011,0.03255,5.46,120.06,329.18,476.78,25.68,0.433,0.39,0.852,-10.75,-16.29,-5.54,0.227,0.451,0.65,0.45,0.907,390.74,4.0,test
APDA-V2-POS-0791,NASA COOLR (Verified Event),27.18771,88.36394,1,1843.2,36.31,200.8,-0.04921,0.04368,5.06,41.75,104.74,313.42,7.3,0.41,0.376,0.77,-7.61,-15.88,-8.27,0.223,0.478,0.392,0.58,0.935,285.03,4.0,test
APDA-V2-NEG-0495,Spatial Negative Buffer Control,27.38997,88.72393,0,3073.3,8.24,270.9,-0.00087,-0.00746,6.66,8.39,24.0,33.89,1.4,0.208,0.191,0.419,-15.68,-20.32,-4.64,0.514,0.55,-0.234,-0.09,0.174,15.97,1.0,test
APDA-V2-NEG-0134,Spatial Negative Buffer Control,25.22758,92.81938,0,974.1,9.33,133.7,-0.00279,-0.00573,6.35,5.5,23.94,60.04,0.92,0.094,0.086,0.219,-13.94,-17.67,-3.73,0.576,0.73,0.097,-0.119,0.126,36.76,2.0,test
APDA-V2-NEG-0682,Spatial Negative Buffer Control,26.508,91.92282,0,1433.9,0.11,54.1,0.00305,0.0061,7.94,6.49,13.63,44.39,1.08,0.14,0.129,0.316,-12.74,-20.47,-7.72,0.482,0.608,-0.25,-0.102,0.406,25.69,2.0,test
APDA-V2-NEG-0303,Spatial Negative Buffer Control,25.10942,92.36984,0,1875.1,2.95,85.6,-0.00258,0.01129,7.41,1.57,20.36,49.88,0.26,0.055,0.051,0.119,-13.3,-19.64,-6.35,0.45,0.817,0.012,-0.123,0.064,24.96,1.0,test
APDA-V2-NEG-0459,Spatial Negative Buffer Control,25.11759,94.1032,0,1303.5,6.19,29.5,-0.00187,0.00257,6.48,4.51,20.81,53.71,0.75,0.15,0.138,0.324,-16.92,-21.99,-5.08,0.777,0.61,0.021,-0.102,0.097,34.4,2.0,test
APDA-V2-NEG-0841,Spatial Negative Buffer Control,25.2189,91.61961,0,1326.3,16.0,94.2,0.00132,0.0103,4.77,14.35,18.77,48.54,2.39,0.209,0.193,0.483,-13.97,-20.45,-6.48,0.92,0.749,-0.073,-0.107,0.462,24.99,1.0,test
APDA-V2-NEG-0288,Spatial Negative Buffer Control,27.01211,92.78136,0,2003.9,6.06,22.5,0.00963,0.00713,6.02,1.23,6.96,20.28,0.21,0.171,0.157,0.405,-12.33,-24.09,-11.75,0.739,0.703,-0.166,-0.056,0.22,12.53,1.0,test
APDA-V2-NEG-0024,Spatial Negative Buffer Control,25.98072,92.0713,0,1130.6,3.34,94.5,0.0074,-0.00498,7.42,3.28,20.41,36.12,0.55,0.063,0.058,0.149,-13.86,-22.02,-8.16,0.45,0.656,-0.046,-0.023,0.247,15.29,1.0,test
APDA-V2-NEG-0856,Spatial Negative Buffer Control,27.41558,91.69636,0,2387.8,4.38,76.5,-0.02024,0.00403,7.22,0.57,24.61,30.31,0.09,0.293,0.269,0.602,-11.23,-20.9,-9.67,0.543,0.837,-0.184,-0.107,0.04,13.35,1.0,test
APDA-V2-NEG-0342,Spatial Negative Buffer Control,25.71559,91.58197,0,1941.3,1.6,241.5,-0.00392,-0.00329,8.11,2.9,9.19,24.28,0.48,0.195,0.18,0.398,-16.95,-21.43,-4.48,0.669,0.575,-0.112,-0.118,0.112,9.93,2.0,test
APDA-V2-POS-0177,NASA COOLR (Verified Event),24.8411,92.80595,1,438.5,40.08,114.0,-0.02465,0.04678,6.0,62.07,214.77,354.53,11.63,0.468,0.441,0.973,-9.32,-14.46,-5.14,0.174,0.212,0.65,0.58,0.62,273.03,4.0,test
APDA-V2-POS-0888,NASA COOLR (Verified Event),25.56294,91.87555,1,1125.1,36.68,49.8,-0.03107,0.0024,6.33,122.25,275.07,487.18,24.58,0.351,0.312,0.68,-11.82,-20.03,-8.21,0.376,0.243,0.65,0.578,0.87,377.8,4.0,test
APDA-V2-NEG-0739,Spatial Negative Buffer Control,25.62284,92.01945,0,1626.5,7.35,78.8,0.01696,0.0154,6.01,2.92,8.28,38.44,0.49,0.19,0.175,0.405,-14.5,-19.93,-5.43,0.831,0.875,0.047,-0.152,0.186,22.29,2.0,test
APDA-V2-NEG-0762,Spatial Negative Buffer Control,25.75868,92.21844,0,791.6,0.48,198.4,-0.00381,-0.01305,8.52,19.83,22.72,56.84,3.3,0.19,0.175,0.449,-12.67,-17.62,-4.96,0.78,0.701,-0.081,-0.051,0.189,35.06,3.0,test
APDA-V2-NEG-0218,Spatial Negative Buffer Control,24.85395,93.35332,0,529.3,3.35,314.6,0.01014,-0.01464,7.83,16.46,18.26,57.76,2.74,0.208,0.191,0.461,-12.61,-22.93,-10.32,0.739,0.654,-0.25,-0.12,0.213,24.94,1.0,test
APDA-V2-NEG-0073,Spatial Negative Buffer Control,26.43894,91.35106,0,1556.5,7.47,152.1,0.01086,-0.01065,6.6,10.0,10.61,30.99,1.67,0.136,0.125,0.315,-14.53,-22.09,-7.57,0.582,0.88,-0.004,-0.08,0.336,18.92,2.0,test
APDA-V2-POS-0309,NASA COOLR (Verified Event),27.35257,92.41175,1,3206.8,36.96,206.1,-0.02877,0.05182,6.27,74.36,244.15,470.1,13.85,0.382,0.343,0.68,-7.12,-13.52,-6.4,0.328,0.175,0.65,0.363,0.719,395.79,5.0,test
APDA-V2-NEG-0874,Spatial Negative Buffer Control,27.04169,88.21766,0,3278.4,3.97,349.1,-0.02705,0.0047,7.08,11.06,31.89,68.7,1.84,0.095,0.088,0.224,-12.79,-21.64,-8.84,0.622,0.868,-0.045,-0.04,0.273,32.76,1.0,test
APDA-V2-POS-0547,NASA COOLR (Verified Event),25.53793,91.86777,1,1420.3,46.14,221.8,-0.08192,0.05241,5.27,59.52,236.71,398.57,9.11,0.372,0.328,0.742,-9.1,-19.88,-10.78,0.132,0.408,0.582,0.58,0.956,351.11,4.0,test
APDA-V2-NEG-0716,Spatial Negative Buffer Control,25.56064,91.93018,0,1048.3,4.57,170.8,-0.01646,0.0225,7.46,3.54,7.38,17.79,0.59,0.205,0.188,0.44,-15.88,-19.46,-3.57,0.853,0.689,-0.099,-0.073,0.112,7.45,1.0,test
APDA-V2-NEG-0701,Spatial Negative Buffer Control,25.50226,92.77805,0,909.4,5.86,22.9,-0.00301,0.01007,6.93,4.93,12.49,36.41,0.82,0.326,0.3,0.703,-16.57,-21.59,-5.02,0.789,0.677,0.148,0.014,0.406,15.05,1.0,test
APDA-V2-NEG-0235,Spatial Negative Buffer Control,25.23668,92.32119,0,1707.8,3.35,90.3,0.00516,0.00679,7.52,6.66,30.15,64.86,1.11,0.16,0.147,0.363,-15.33,-25.58,-10.25,0.908,0.55,-0.045,-0.15,0.143,38.39,1.0,test
APDA-V2-NEG-0851,Spatial Negative Buffer Control,25.57439,93.07886,0,922.7,13.91,33.9,0.01169,-0.00271,6.16,28.0,50.59,62.83,4.67,0.042,0.039,0.091,-17.05,-23.93,-6.89,0.687,0.55,-0.035,-0.085,0.06,39.0,3.0,test
APDA-V2-NEG-0646,Spatial Negative Buffer Control,27.70645,92.15819,0,3481.1,1.94,89.2,0.00411,-0.00083,8.27,1.59,10.18,43.71,0.27,0.182,0.167,0.431,-12.33,-18.22,-5.89,0.834,0.873,-0.035,-0.083,0.459,19.64,1.0,test
APDA-V2-NEG-0791,Spatial Negative Buffer Control,27.56546,88.53572,0,3164.0,0.17,350.4,0.00533,0.0098,9.74,6.96,27.91,41.39,1.16,0.198,0.182,0.396,-14.41,-20.72,-6.32,0.871,0.73,-0.236,-0.125,0.076,26.74,1.0,test
APDA-V2-NEG-0245,Spatial Negative Buffer Control,26.93766,88.64106,0,1228.8,2.08,55.3,-0.00444,-0.00811,8.23,4.45,12.38,24.64,0.74,0.244,0.224,0.493,-22.04,-25.45,-3.41,0.607,0.844,0.054,-0.054,0.372,10.01,1.0,test
APDA-V2-NEG-0267,Spatial Negative Buffer Control,27.14017,92.11511,0,2355.5,4.45,146.8,-0.00032,-0.01646,7.16,1.52,16.26,44.05,0.25,0.176,0.162,0.398,-14.42,-22.56,-8.14,0.45,0.856,-0.038,-0.11,0.358,21.56,2.0,test
APDA-V2-POS-0396,NASA COOLR (Verified Event),24.78612,93.67835,1,323.2,33.52,354.2,-0.05317,0.0118,5.04,93.71,212.47,369.89,14.27,0.524,0.489,0.962,-10.24,-19.56,-9.33,0.351,0.474,0.603,0.58,0.925,293.67,4.0,test
APDA-V2-NEG-0420,Spatial Negative Buffer Control,27.18322,88.00763,0,2408.0,1.99,297.6,-0.00178,-0.00757,7.39,17.67,35.09,44.58,2.94,0.112,0.103,0.266,-12.19,-19.45,-7.26,0.569,0.849,-0.178,-0.061,0.409,28.17,1.0,test
APDA-V2-NEG-0501,Spatial Negative Buffer Control,24.47313,94.06869,0,891.0,4.82,41.7,0.0066,-0.00583,7.17,1.57,5.93,42.83,0.26,0.222,0.204,0.472,-14.97,-18.95,-3.99,0.633,0.88,-0.125,-0.195,0.152,24.69,1.0,test
APDA-V2-POS-0872,NASA COOLR (Verified Event),26.01161,93.43048,1,1241.5,45.26,159.6,-0.11036,0.06076,5.5,55.97,239.35,298.33,11.7,0.361,0.322,0.68,-6.1,-12.36,-6.27,0.131,0.48,0.393,0.362,0.892,244.82,4.0,test
APDA-V2-NEG-0353,Spatial Negative Buffer Control,26.76168,93.26196,0,1664.2,6.05,91.8,-0.00218,0.00413,7.14,1.13,18.86,38.32,0.19,0.131,0.121,0.298,-13.96,-24.21,-10.25,0.841,0.838,0.083,-0.058,0.331,17.74,1.0,test
APDA-V2-POS-0513,NASA COOLR (Verified Event),24.83609,92.80575,1,438.4,28.3,156.1,-0.07024,0.05066,6.07,89.62,178.92,434.61,20.98,0.341,0.306,0.68,-7.21,-12.91,-5.7,0.087,0.198,0.65,0.58,0.937,354.96,5.0,test
APDA-V2-NEG-0460,Spatial Negative Buffer Control,23.49693,92.45092,0,300.9,2.72,359.4,0.00457,0.00019,7.66,1.44,20.78,60.74,0.24,0.08,0.074,0.18,-15.12,-23.13,-8.01,0.737,0.798,-0.152,-0.041,0.444,35.11,2.0,test
APDA-V2-POS-0816,NASA COOLR (Verified Event),24.77934,93.68551,1,1047.9,36.4,190.2,-0.06691,0.01386,5.57,82.9,134.06,228.24,13.93,0.385,0.344,0.68,-9.05,-15.62,-6.57,0.193,0.48,0.65,0.58,0.907,196.27,5.0,test
APDA-V2-POS-0457,NASA COOLR (Verified Event),27.58537,91.86439,1,1577.6,34.78,125.7,-0.04806,0.05762,6.44,84.38,281.13,545.56,16.41,0.335,0.302,0.68,-9.24,-18.8,-9.56,0.137,0.224,0.65,0.42,0.907,447.68,5.0,test
APDA-V2-POS-0687,NASA COOLR (Verified Event),27.35477,92.41436,1,2783.9,27.52,204.2,-0.03619,-0.00176,5.86,38.55,227.18,506.31,9.12,0.375,0.335,0.68,-6.97,-16.4,-9.43,0.126,0.48,0.65,0.58,0.62,408.99,4.0,test
APDA-V2-NEG-0817,Spatial Negative Buffer Control,24.07539,92.47087,0,1142.8,1.35,207.5,-0.00602,-0.00627,8.59,9.21,31.15,60.25,1.53,0.19,0.175,0.382,-11.75,-21.46,-9.71,0.897,0.68,-0.122,0.025,0.48,30.37,2.0,test
APDA-V2-NEG-0301,Spatial Negative Buffer Control,24.73541,92.76063,0,1052.4,9.21,81.7,-0.00881,0.00597,5.7,28.0,44.78,53.22,4.67,0.092,0.084,0.199,-12.64,-20.71,-8.06,0.45,0.582,-0.099,-0.147,0.347,26.15,2.0,test
APDA-V2-POS-0232,NASA COOLR (Verified Event),25.52731,91.86822,1,1530.2,31.99,140.1,-0.01703,0.06741,6.0,60.24,107.46,195.64,15.72,0.436,0.391,0.842,-12.02,-15.7,-3.68,0.08,0.48,0.557,0.58,0.834,169.36,5.0,test
APDA-V2-POS-0302,NASA COOLR (Verified Event),25.07796,93.15498,1,1726.9,46.42,188.6,-0.08699,0.06664,4.68,42.68,241.87,516.45,9.62,0.465,0.42,0.825,-13.95,-18.24,-4.29,0.42,0.48,0.65,0.481,0.861,476.92,4.0,test
APDA-V2-POS-0735,NASA COOLR (Verified Event),27.03537,88.26918,1,3230.4,41.37,230.5,-0.04908,-0.02896,4.72,58.17,194.94,349.54,10.94,0.389,0.343,0.683,-8.2,-18.56,-10.36,0.42,0.172,0.534,0.58,0.898,310.08,5.0,test
APDA-V2-POS-0753,NASA COOLR (Verified Event),24.78094,93.68188,1,549.6,40.53,217.5,-0.04457,0.03555,5.23,81.83,261.86,354.08,14.68,0.4,0.359,0.803,-9.15,-16.8,-7.64,0.298,0.397,0.501,0.498,0.874,283.2,5.0,test
APDA-V2-NEG-0775,Spatial Negative Buffer Control,23.43743,92.39817,0,617.9,8.54,324.6,-0.00046,-0.00424,5.93,3.63,19.71,42.26,0.61,0.253,0.233,0.53,-14.29,-19.99,-5.69,0.739,0.869,0.084,-0.138,0.393,19.73,2.0,test
APDA-V2-POS-0668,NASA COOLR (Verified Event),27.09708,93.61682,1,2683.9,37.67,177.0,-0.05184,0.01083,4.99,84.63,155.04,413.67,12.54,0.491,0.444,0.933,-9.42,-15.84,-6.42,0.143,0.48,0.414,0.58,0.801,383.23,4.0,test
APDA-V2-POS-0451,NASA COOLR (Verified Event),26.17077,91.76098,1,754.6,46.72,163.7,-0.01438,0.05135,5.94,70.14,127.05,199.24,16.0,0.407,0.376,0.742,-8.44,-14.44,-6.0,0.127,0.48,0.499,0.58,0.844,160.73,5.0,test
APDA-V2-POS-0602,NASA COOLR (Verified Event),27.18732,88.3619,1,2243.5,36.19,155.8,-0.02933,0.01918,5.73,54.16,133.08,359.44,12.22,0.439,0.399,0.876,-9.46,-16.38,-6.92,0.151,0.48,0.413,0.58,0.812,341.4,5.0,test
APDA-V2-POS-0186,NASA COOLR (Verified Event),24.78438,93.67838,1,299.8,38.05,144.1,-0.04952,0.05751,6.29,163.42,289.22,413.72,30.53,0.403,0.372,0.753,-11.16,-20.39,-9.24,0.122,0.141,0.552,0.58,0.933,376.81,5.0,test
APDA-V2-POS-0750,NASA COOLR (Verified Event),27.34644,92.42424,1,2720.3,36.75,200.3,0.02479,0.02826,5.94,37.61,112.63,284.79,10.81,0.405,0.362,0.714,-8.86,-18.58,-9.72,0.378,0.222,0.398,0.58,0.824,245.87,4.0,test
APDA-V2-POS-0460,NASA COOLR (Verified Event),23.72893,92.71623,1,1028.0,36.73,144.9,-0.03744,0.04547,5.8,69.63,238.46,351.59,17.51,0.39,0.349,0.78,-6.09,-11.53,-5.44,0.096,0.439,0.65,0.572,0.975,280.28,5.0,test
APDA-V2-NEG-0016,Spatial Negative Buffer Control,27.89211,92.11368,0,2132.3,10.22,277.2,0.00201,-0.00349,6.35,0.3,4.18,33.24,0.05,0.276,0.254,0.651,-14.49,-21.75,-7.26,0.92,0.657,-0.101,-0.152,0.187,20.5,2.0,test
APDA-V2-POS-0472,NASA COOLR (Verified Event),26.16552,91.76579,1,1869.2,37.11,136.2,-0.0327,0.09447,6.08,59.01,158.77,259.85,10.96,0.48,0.438,0.941,-12.14,-18.77,-6.63,0.149,0.309,0.65,0.271,0.773,246.08,5.0,test
APDA-V2-NEG-0465,Spatial Negative Buffer Control,25.34301,92.18368,0,1555.0,0.17,97.4,0.02151,-0.00326,9.32,0.05,15.67,44.76,0.01,0.234,0.215,0.491,-14.77,-18.55,-3.78,0.646,0.88,-0.06,0.031,0.48,21.25,1.0,test
APDA-V2-POS-0069,NASA COOLR (Verified Event),25.56536,91.88285,1,900.4,36.63,46.6,-0.00605,0.06999,5.68,115.81,183.47,274.58,27.76,0.369,0.338,0.68,-7.58,-15.06,-7.48,0.27,0.48,0.65,0.58,0.658,238.38,4.0,test
APDA-V2-NEG-0467,Spatial Negative Buffer Control,25.19582,90.77106,0,1606.1,4.77,51.4,-0.00195,0.00221,7.14,15.77,40.61,64.2,2.63,0.22,0.202,0.518,-15.62,-23.25,-7.63,0.894,0.88,-0.042,-0.154,0.48,35.68,1.0,test
APDA-V2-POS-0398,NASA COOLR (Verified Event),25.67339,94.10871,1,1794.7,35.12,140.3,-0.08742,0.05665,4.99,72.41,203.88,296.42,18.26,0.497,0.447,0.885,-7.47,-17.08,-9.61,0.42,0.351,0.65,0.485,0.884,258.79,4.0,test
APDA-V2-NEG-0229,Spatial Negative Buffer Control,23.41235,92.4122,0,1257.9,3.99,69.1,0.01363,0.01037,6.73,18.12,26.04,65.68,3.02,0.094,0.086,0.208,-9.89,-22.48,-12.59,0.629,0.831,-0.045,-0.15,0.059,30.87,2.0,test
APDA-V2-POS-0522,NASA COOLR (Verified Event),24.78786,93.692,1,406.9,30.43,231.5,-0.01242,-0.00244,5.15,75.47,211.93,411.27,15.49,0.454,0.415,0.825,-8.91,-13.56,-4.66,0.42,0.48,0.638,0.546,0.681,383.17,4.0,test
APDA-V2-NEG-0307,Spatial Negative Buffer Control,27.68181,88.44184,0,3026.8,3.76,352.6,0.00167,0.00579,6.78,1.83,24.31,27.68,0.3,0.074,0.068,0.171,-12.85,-18.35,-5.5,0.465,0.824,-0.013,-0.013,0.287,11.95,2.0,test
APDA-V2-POS-0167,NASA COOLR (Verified Event),25.67538,94.11112,1,1230.9,40.77,201.6,-0.02916,0.02834,4.84,56.99,227.3,386.01,13.51,0.409,0.363,0.783,-9.2,-16.14,-6.95,0.42,0.48,0.592,0.365,0.88,326.13,5.0,test
APDA-V2-NEG-0091,Spatial Negative Buffer Control,25.4773,92.72698,0,1736.7,0.46,305.1,0.00069,-0.00432,9.52,3.11,17.25,21.3,0.52,0.235,0.217,0.487,-12.5,-17.14,-4.64,0.636,0.577,-0.142,-0.062,0.212,12.4,2.0,test
APDA-V2-POS-0660,NASA COOLR (Verified Event),24.82774,92.80074,1,1274.1,45.77,106.9,-0.06492,0.05092,5.07,58.6,229.93,528.8,11.58,0.462,0.428,0.889,-9.09,-16.3,-7.21,0.308,0.48,0.65,0.58,0.794,502.16,5.0,test
APDA-V2-NEG-0757,Spatial Negative Buffer Control,25.85449,92.07978,0,1380.7,1.46,153.8,0.00533,-0.00266,7.74,7.35,26.61,33.94,1.22,0.185,0.17,0.388,-14.08,-22.36,-8.27,0.483,0.875,0.055,-0.024,0.208,17.09,3.0,test
APDA-V2-POS-0014,NASA COOLR (Verified Event),27.18139,88.36246,1,2489.1,30.66,20.0,-0.00896,0.05536,6.03,64.28,156.9,398.28,10.66,0.447,0.397,0.778,-12.29,-16.27,-3.98,0.181,0.48,0.639,0.372,0.794,374.98,5.0,test
APDA-V2-POS-0224,NASA COOLR (Verified Event),27.18201,88.35447,1,2768.0,35.95,204.1,-0.03331,0.03364,6.12,157.88,290.12,380.78,35.42,0.387,0.345,0.682,-12.09,-17.31,-5.22,0.341,0.293,0.645,0.58,0.812,353.78,5.0,test
APDA-V2-POS-0633,NASA COOLR (Verified Event),25.75409,91.90244,1,1266.0,34.41,88.9,-0.02066,0.01827,6.05,82.01,138.37,422.54,18.18,0.431,0.397,0.873,-7.02,-16.98,-9.96,0.175,0.48,0.385,0.58,0.93,327.75,5.0,test
APDA-V2-NEG-0735,Spatial Negative Buffer Control,27.29276,88.47873,0,2341.7,4.82,310.6,0.00449,0.0034,6.86,2.29,12.43,17.59,0.38,0.155,0.142,0.318,-13.96,-25.32,-11.36,0.705,0.88,0.054,-0.054,0.241,7.39,1.0,test
APDA-V2-NEG-0348,Spatial Negative Buffer Control,27.37928,88.91829,0,2431.4,3.54,167.7,-0.00458,0.00645,7.66,4.66,7.38,31.39,0.78,0.165,0.152,0.36,-16.46,-19.5,-3.04,0.642,0.55,-0.143,-0.138,0.035,16.11,2.0,test
APDA-V2-NEG-0363,Spatial Negative Buffer Control,25.37731,91.59397,0,1453.3,5.44,145.7,-0.00025,0.0034,7.34,7.56,28.21,53.29,1.26,0.044,0.041,0.093,-11.91,-18.73,-6.82,0.867,0.791,0.102,-0.066,0.02,24.77,2.0,test
APDA-V2-POS-0549,NASA COOLR (Verified Event),25.75444,91.90322,1,636.6,32.94,195.2,-0.07007,0.00574,5.99,98.62,204.82,349.25,19.43,0.468,0.429,0.839,-6.68,-19.4,-12.72,0.13,0.22,0.65,0.58,0.702,273.71,4.0,test
APDA-V2-POS-0229,NASA COOLR (Verified Event),23.72787,92.7138,1,1335.4,38.46,198.2,-0.09728,0.01363,4.65,35.0,229.67,495.13,10.38,0.421,0.388,0.885,-10.04,-14.91,-4.88,0.356,0.229,0.65,0.58,0.799,435.14,5.0,test
APDA-V2-NEG-0705,Spatial Negative Buffer Control,27.50894,88.84375,0,2135.1,4.27,117.2,-0.01034,-0.00277,6.54,9.39,10.54,45.64,1.57,0.163,0.15,0.337,-14.79,-18.54,-3.75,0.615,0.756,0.019,-0.2,0.051,24.67,1.0,test
APDA-V2-POS-0745,NASA COOLR (Verified Event),26.17408,91.75186,1,1884.8,36.95,222.5,-0.05673,0.05972,6.0,109.08,306.89,553.54,16.4,0.382,0.34,0.702,-10.11,-13.32,-3.21,0.263,0.209,0.65,0.484,0.743,425.88,4.0,test
APDA-V2-POS-0268,NASA COOLR (Verified Event),27.58417,91.86378,1,3501.4,38.95,206.9,-0.08364,0.01261,4.88,59.46,199.91,328.31,12.4,0.368,0.322,0.68,-9.99,-14.72,-4.73,0.08,0.48,0.255,0.58,0.87,269.75,5.0,test
APDA-V2-NEG-0477,Spatial Negative Buffer Control,27.03426,92.26683,0,1677.9,1.79,56.9,0.00504,-0.00548,7.82,3.09,19.92,26.35,0.52,0.227,0.208,0.463,-16.35,-18.29,-1.94,0.45,0.846,-0.179,-0.053,0.072,15.12,2.0,test
APDA-V2-POS-0846,NASA COOLR (Verified Event),25.57415,91.87928,1,1265.4,25.86,98.4,-0.01402,0.03202,5.76,90.39,285.71,494.86,17.72,0.353,0.311,0.699,-8.79,-16.78,-7.99,0.203,0.311,0.65,0.347,0.911,402.67,4.0,test
APDA-V2-NEG-0569,Spatial Negative Buffer Control,25.68691,91.44273,0,1799.5,3.72,195.2,0.01562,0.01141,6.86,23.25,30.08,59.76,3.88,0.264,0.243,0.598,-15.05,-19.75,-4.7,0.778,0.691,-0.06,-0.092,0.397,36.34,1.0,test
APDA-V2-POS-0794,NASA COOLR (Verified Event),27.09852,93.61679,1,1501.5,35.78,168.7,-0.01143,0.02864,6.38,85.28,208.66,323.68,19.7,0.37,0.333,0.68,-10.03,-18.17,-8.14,0.403,0.48,0.449,0.488,0.783,252.05,5.0,test
APDA-V2-NEG-0254,Spatial Negative Buffer Control,25.52224,91.48522,0,1034.7,1.22,352.2,-0.0085,0.00207,8.56,3.45,17.92,20.84,0.58,0.136,0.125,0.298,-12.58,-20.03,-7.45,0.92,0.679,-0.038,-0.055,0.446,11.34,1.0,test
APDA-V2-NEG-0719,Spatial Negative Buffer Control,25.96257,90.38573,0,682.1,0.01,251.1,0.00692,0.01578,8.8,7.26,31.74,66.38,1.21,0.034,0.032,0.073,-12.94,-18.72,-5.78,0.737,0.669,-0.062,0.034,0.04,37.1,2.0,test
APDA-V2-POS-0692,NASA COOLR (Verified Event),25.67396,94.11547,1,1290.5,41.86,221.0,-0.0319,-0.00021,4.9,35.0,244.97,490.97,9.45,0.345,0.317,0.68,-6.26,-16.61,-10.35,0.225,0.437,0.65,0.58,0.793,432.03,5.0,test
APDA-V2-NEG-0522,Spatial Negative Buffer Control,25.10716,93.25581,0,1719.0,6.42,276.1,-0.01398,-0.01693,5.95,19.69,28.63,66.74,3.28,0.2,0.184,0.42,-18.03,-25.44,-7.42,0.45,0.777,0.017,-0.169,0.164,30.94,1.0,test
APDA-V2-POS-0068,NASA COOLR (Verified Event),25.6006,90.58145,1,1828.6,29.3,209.1,-0.08077,0.0197,6.19,132.84,240.16,385.99,24.79,0.448,0.404,0.846,-6.84,-15.25,-8.42,0.365,0.12,0.557,0.407,0.837,350.52,5.0,test
APDA-V2-NEG-0089,Spatial Negative Buffer Control,25.86563,90.9707,0,1295.8,1.72,349.0,-0.00144,0.0063,7.56,1.67,21.6,51.15,0.28,0.236,0.217,0.508,-13.82,-21.35,-7.53,0.914,0.88,-0.216,-0.116,0.12,28.2,1.0,test
APDA-V2-POS-0117,NASA COOLR (Verified Event),27.69594,88.58239,1,2189.9,34.6,182.4,-0.04201,0.06734,6.41,92.04,179.59,434.74,26.18,0.452,0.403,0.895,-9.57,-12.23,-2.66,0.166,0.244,0.63,0.422,0.793,349.48,5.0,test
APDA-V2-NEG-0587,Spatial Negative Buffer Control,26.05204,94.37018,0,1047.2,2.24,14.4,-0.00817,-0.0126,7.33,1.57,1.8,32.42,0.26,0.192,0.176,0.443,-17.25,-20.98,-3.73,0.792,0.703,-0.077,-0.006,0.029,16.95,1.0,test
APDA-V2-POS-0558,NASA COOLR (Verified Event),27.6905,88.58925,1,1643.8,32.49,235.7,-0.08629,0.00314,6.18,35.05,208.05,360.6,10.98,0.477,0.439,0.904,-7.33,-15.15,-7.82,0.08,0.312,0.619,0.517,0.862,274.46,4.0,test
APDA-V2-NEG-0334,Spatial Negative Buffer Control,23.97362,93.1166,0,1200.2,6.9,307.1,-0.01054,0.00903,6.22,4.52,23.92,47.02,0.75,0.161,0.148,0.378,-15.75,-19.03,-3.29,0.747,0.88,-0.111,-0.178,0.164,20.23,1.0,test
APDA-V2-POS-0298,NASA COOLR (Verified Event),25.44244,92.19703,1,1042.1,24.32,253.7,-0.01807,0.04522,6.76,95.5,152.24,346.47,14.19,0.474,0.422,0.856,-8.62,-13.3,-4.68,0.101,0.19,0.65,0.58,0.745,268.85,5.0,test
APDA-V2-NEG-0532,Spatial Negative Buffer Control,25.38623,92.60041,0,753.3,8.51,41.5,0.00511,-0.0009,5.92,5.03,14.1,21.41,0.84,0.228,0.209,0.49,-11.56,-22.03,-10.46,0.834,0.88,-0.098,-0.062,0.233,12.95,1.0,test
APDA-V2-NEG-0366,Spatial Negative Buffer Control,25.05334,92.36228,0,1735.6,1.78,134.5,0.00233,0.01802,8.38,0.33,21.01,47.83,0.06,0.299,0.275,0.684,-12.62,-21.19,-8.57,0.609,0.842,-0.004,0.039,0.146,23.06,1.0,test
APDA-V2-POS-0048,NASA COOLR (Verified Event),25.56807,91.87987,1,1667.2,25.51,153.8,-0.05484,0.01732,5.56,46.5,163.1,295.9,13.12,0.351,0.322,0.714,-8.91,-18.48,-9.57,0.42,0.318,0.616,0.58,0.869,226.2,4.0,test
APDA-V2-POS-0705,NASA COOLR (Verified Event),27.69382,88.58085,1,2063.9,34.48,76.2,-0.0707,0.00694,5.97,147.02,328.12,426.14,26.96,0.421,0.386,0.852,-6.49,-18.44,-11.95,0.125,0.284,0.513,0.452,0.665,339.71,4.0,test
APDA-V2-NEG-0601,Spatial Negative Buffer Control,27.07352,88.29422,0,1909.3,5.82,270.9,-0.01168,0.00974,7.14,4.07,17.4,31.93,0.68,0.106,0.098,0.252,-15.04,-21.93,-6.9,0.812,0.773,-0.045,-0.2,0.125,19.0,1.0,test
APDA-V2-POS-0265,NASA COOLR (Verified Event),27.33196,88.61412,1,2505.4,34.69,220.0,-0.0415,0.0183,6.09,43.37,234.32,415.28,10.41,0.461,0.429,0.867,-10.62,-10.27,0.35,0.244,0.342,0.65,0.58,0.905,345.68,4.0,test
APDA-V2-POS-0875,NASA COOLR (Verified Event),27.19135,88.35745,1,1588.1,40.15,140.7,-0.038,0.02972,5.12,58.22,166.89,443.76,14.65,0.399,0.369,0.731,-8.8,-11.59,-2.79,0.105,0.211,0.563,0.58,0.622,363.7,4.0,test
APDA-V2-POS-0455,NASA COOLR (Verified Event),27.18479,88.36506,1,2792.2,45.96,235.3,0.00012,0.02758,5.34,40.91,248.98,539.76,8.0,0.356,0.311,0.68,-10.36,-16.15,-5.8,0.223,0.48,0.508,0.58,0.883,460.0,5.0,test
APDA-V2-POS-0435,NASA COOLR (Verified Event),27.35182,92.41123,1,2858.8,20.79,201.9,-0.00675,0.0424,6.64,100.5,286.18,388.1,19.36,0.442,0.408,0.894,-10.73,-12.89,-2.16,0.091,0.48,0.384,0.58,0.95,333.0,5.0,test
APDA-V2-POS-0606,NASA COOLR (Verified Event),24.78223,93.68447,1,532.1,27.97,154.7,0.00989,0.02791,6.33,63.96,163.33,238.92,11.01,0.37,0.335,0.72,-4.39,-14.49,-10.1,0.08,0.329,0.554,0.412,0.97,206.0,4.0,test
APDA-V2-POS-0636,NASA COOLR (Verified Event),25.56926,91.8797,1,1880.6,39.17,149.9,-0.08939,0.04043,6.01,150.8,314.56,402.6,21.49,0.519,0.489,0.973,-4.07,-12.76,-8.69,0.183,0.373,0.65,0.58,0.787,353.37,5.0,test
APDA-V2-POS-0680,NASA COOLR (Verified Event),25.07668,93.14528,1,752.0,38.67,144.7,-0.01682,0.02504,6.07,109.62,221.64,507.86,19.15,0.523,0.483,0.952,-9.5,-13.93,-4.43,0.42,0.216,0.532,0.58,0.859,476.5,5.0,test
APDA-V2-NEG-0696,Spatial Negative Buffer Control,26.18841,92.12732,0,911.2,6.82,17.8,-0.01886,-0.00524,7.01,9.12,13.66,25.99,1.52,0.337,0.31,0.759,-19.28,-17.14,2.15,0.528,0.595,-0.166,-0.2,0.48,12.29,2.0,test
APDA-V2-NEG-0173,Spatial Negative Buffer Control,25.18417,91.01241,0,952.9,6.15,206.1,0.00282,-0.00396,6.91,3.28,4.07,38.29,0.55,0.275,0.253,0.554,-14.21,-21.33,-7.12,0.792,0.804,-0.053,-0.156,0.307,21.91,1.0,test
APDA-V2-POS-0744,NASA COOLR (Verified Event),24.82772,92.7991,1,755.2,43.57,148.0,-0.05033,0.09122,5.81,69.25,251.19,523.9,13.26,0.391,0.357,0.807,-9.21,-14.11,-4.9,0.345,0.48,0.441,0.58,0.931,403.17,5.0,test
APDA-V2-POS-0417,NASA COOLR (Verified Event),24.79453,93.68364,1,696.5,39.26,187.1,-0.06026,0.03231,6.03,35.0,131.5,360.89,12.23,0.472,0.441,0.966,-10.23,-15.61,-5.38,0.42,0.282,0.527,0.58,0.62,331.08,5.0,test
APDA-V2-NEG-0518,Spatial Negative Buffer Control,27.02936,88.65758,0,3153.7,1.51,26.7,0.01303,0.01113,8.6,2.72,10.5,43.69,0.45,0.198,0.182,0.451,-14.97,-19.82,-4.86,0.696,0.811,-0.118,-0.082,0.118,21.82,1.0,test
APDA-V2-POS-0203,NASA COOLR (Verified Event),27.17429,88.36177,1,3199.0,35.11,17.9,-0.05031,0.01575,6.12,58.19,151.7,351.86,15.25,0.435,0.397,0.832,-11.62,-15.35,-3.72,0.372,0.48,0.65,0.58,0.797,285.92,5.0,test
APDA-V2-POS-0732,NASA COOLR (Verified Event),24.77531,93.67968,1,1333.0,28.97,150.9,0.00284,0.01816,6.17,35.0,111.38,365.6,7.5,0.479,0.431,0.843,-8.97,-19.03,-10.06,0.36,0.217,0.191,0.395,0.817,328.56,5.0,test
APDA-V2-NEG-0688,Spatial Negative Buffer Control,27.85913,91.45689,0,3106.3,9.05,198.8,0.00966,-0.00229,6.09,3.88,10.22,45.61,0.65,0.181,0.166,0.377,-14.01,-22.11,-8.1,0.816,0.869,0.033,-0.098,0.23,23.08,2.0,test
APDA-V2-POS-0118,NASA COOLR (Verified Event),27.32917,88.61213,1,2908.8,25.69,144.0,-0.01366,0.05271,6.5,82.14,179.52,465.63,16.66,0.349,0.312,0.68,-8.11,-14.37,-6.25,0.289,0.279,0.619,0.336,0.939,403.67,4.0,test
APDA-V2-NEG-0571,Spatial Negative Buffer Control,25.61207,92.55527,0,1545.7,3.28,89.4,0.00278,0.00801,7.84,1.35,19.13,56.77,0.23,0.227,0.208,0.504,-14.54,-18.04,-3.5,0.852,0.734,0.044,0.12,0.087,29.24,2.0,test
APDA-V2-POS-0317,NASA COOLR (Verified Event),25.30693,91.70686,1,1861.5,30.0,299.3,-0.05736,0.00928,6.22,79.83,192.38,471.42,20.88,0.361,0.33,0.713,-7.9,-22.08,-14.18,0.103,0.291,0.65,0.519,0.62,361.21,5.0,test
APDA-V2-POS-0071,NASA COOLR (Verified Event),25.08175,93.14984,1,1355.6,33.33,230.5,0.01852,0.03887,6.0,58.32,160.3,223.81,15.73,0.527,0.495,0.968,-10.16,-20.02,-9.85,0.42,0.48,0.619,0.58,0.819,171.46,5.0,test
APDA-V2-POS-0320,NASA COOLR (Verified Event),25.6042,90.58196,1,1111.8,46.11,227.9,-0.06753,0.04348,5.19,35.0,241.27,459.37,11.41,0.388,0.355,0.792,-10.63,-14.51,-3.89,0.42,0.395,0.452,0.58,0.939,344.85,5.0,test
APDA-V2-POS-0379,NASA COOLR (Verified Event),25.53516,91.86639,1,1853.8,48.14,206.5,-0.08931,0.03034,6.0,164.62,248.66,443.19,39.64,0.459,0.424,0.902,-7.57,-17.72,-10.14,0.395,0.48,0.454,0.58,0.894,341.45,4.0,test
APDA-V2-POS-0021,NASA COOLR (Verified Event),27.03108,88.26095,1,3688.4,38.06,183.2,-0.01398,0.02739,4.97,207.02,376.63,540.18,46.27,0.391,0.355,0.701,-10.99,-15.33,-4.34,0.133,0.267,0.644,0.58,0.747,491.3,5.0,test
APDA-V2-POS-0470,NASA COOLR (Verified Event),25.07369,93.15696,1,1686.4,41.53,201.4,-0.05603,0.0413,5.71,133.56,307.19,448.71,25.51,0.47,0.419,0.849,-12.45,-15.36,-2.91,0.141,0.48,0.65,0.495,0.879,364.83,5.0,test
APDA-V2-POS-0210,NASA COOLR (Verified Event),27.04258,88.26318,1,2212.3,41.06,239.7,-0.02934,0.11265,5.19,38.51,97.08,312.18,12.31,0.337,0.298,0.68,-8.57,-10.51,-1.94,0.161,0.12,0.629,0.304,0.93,267.84,4.0,test
APDA-V2-NEG-0391,Spatial Negative Buffer Control,27.4943,88.76345,0,1917.3,10.51,51.8,-0.00049,-0.00153,6.62,5.27,11.01,41.73,0.88,0.25,0.23,0.571,-8.78,-23.61,-14.83,0.682,0.55,0.026,-0.109,0.48,24.23,2.0,test
APDA-V2-POS-0576,NASA COOLR (Verified Event),24.83553,92.80247,1,427.9,18.64,162.4,-0.0124,0.04917,5.89,61.0,167.26,284.26,12.72,0.476,0.437,0.913,-10.6,-16.03,-5.43,0.131,0.48,0.571,0.29,0.86,239.37,5.0,test
APDA-V2-NEG-0222,Spatial Negative Buffer Control,27.90854,88.36676,0,1872.0,3.57,82.5,0.0042,-0.00201,7.59,3.1,8.59,33.15,0.52,0.079,0.073,0.175,-13.97,-18.88,-4.91,0.758,0.55,0.117,-0.05,0.231,20.08,2.0,test
APDA-V2-POS-0090,NASA COOLR (Verified Event),25.56679,91.88197,1,764.7,32.93,226.5,-0.02049,0.0244,6.27,77.76,239.1,471.24,17.96,0.441,0.399,0.801,-9.43,-13.76,-4.33,0.306,0.48,0.612,0.515,0.869,382.45,4.0,test
APDA-V2-NEG-0296,Spatial Negative Buffer Control,25.45572,91.42272,0,940.3,2.24,183.9,-0.01012,0.00012,6.27,3.08,9.57,47.84,0.51,0.177,0.163,0.382,-14.0,-18.84,-4.83,0.813,0.573,-0.159,0.03,0.328,24.13,1.0,test
APDA-V2-NEG-0595,Spatial Negative Buffer Control,24.91872,93.24418,0,393.8,0.07,196.3,0.01047,-0.00403,8.51,6.2,11.34,18.56,1.03,0.046,0.042,0.096,-14.32,-20.35,-6.03,0.795,0.872,0.015,-0.11,0.274,8.75,2.0,test
APDA-V2-NEG-0598,Spatial Negative Buffer Control,26.35418,91.32854,0,1333.6,3.14,20.4,0.00223,0.01494,6.79,5.75,25.58,42.76,0.96,0.324,0.298,0.729,-16.71,-18.07,-1.36,0.802,0.665,0.019,-0.036,0.197,17.5,2.0,test
APDA-V2-POS-0273,NASA COOLR (Verified Event),27.03837,88.26383,1,2913.5,43.41,165.6,-0.03091,0.02009,5.61,78.72,275.63,437.07,12.45,0.428,0.388,0.874,-9.41,-14.42,-5.01,0.42,0.48,0.65,0.58,0.633,350.17,5.0,test
APDA-V2-NEG-0453,Spatial Negative Buffer Control,27.47863,88.74444,0,2676.0,5.71,228.5,0.00054,0.00744,6.82,19.71,29.91,69.32,3.29,0.189,0.174,0.406,-14.52,-13.57,0.95,0.753,0.863,-0.032,-0.107,0.238,39.3,1.0,test
APDA-V2-POS-0621,NASA COOLR (Verified Event),27.68935,88.58129,1,2504.0,41.35,157.1,-0.07038,0.02835,5.96,113.51,211.09,359.51,26.52,0.429,0.392,0.888,-11.74,-13.73,-1.99,0.205,0.322,0.65,0.58,0.841,320.73,5.0,test
APDA-V2-NEG-0157,Spatial Negative Buffer Control,25.75822,91.3354,0,1891.0,1.57,219.7,0.00389,0.00638,8.15,1.35,25.79,28.9,0.22,0.287,0.264,0.637,-13.48,-22.41,-8.93,0.779,0.55,0.125,-0.068,0.102,15.15,1.0,test
APDA-V2-NEG-0761,Spatial Negative Buffer Control,25.79725,90.98957,0,1251.0,16.0,56.4,-0.00469,0.00979,5.46,2.67,22.56,48.75,0.44,0.086,0.079,0.186,-12.72,-24.13,-11.41,0.898,0.818,-0.25,-0.159,0.084,28.42,2.0,test
APDA-V2-NEG-0627,Spatial Negative Buffer Control,24.51707,94.11803,0,910.9,0.88,123.2,0.00394,0.00061,9.12,0.13,5.94,20.76,0.02,0.073,0.067,0.17,-12.76,-18.25,-5.48,0.45,0.823,-0.182,-0.019,0.334,9.29,2.0,test
APDA-V2-POS-0183,NASA COOLR (Verified Event),27.35326,92.42046,1,3115.5,40.65,187.6,-0.04993,0.04718,5.87,45.87,240.53,519.76,10.91,0.449,0.404,0.923,-5.47,-17.7,-12.22,0.42,0.48,0.65,0.58,0.784,447.73,5.0,test
APDA-V2-POS-0769,NASA COOLR (Verified Event),27.32793,88.62302,1,3699.3,37.02,194.3,0.03492,0.00928,4.96,42.36,244.11,307.41,12.3,0.492,0.442,0.875,-5.73,-10.82,-5.09,0.224,0.23,0.551,0.58,0.835,257.92,5.0,test
APDA-V2-NEG-0223,Spatial Negative Buffer Control,26.95747,89.02534,0,1789.7,0.51,143.6,0.01466,0.00375,9.6,5.06,18.69,55.69,0.84,0.216,0.198,0.458,-11.83,-16.72,-4.88,0.92,0.745,-0.007,-0.185,0.244,32.57,1.0,test
APDA-V2-POS-0509,NASA COOLR (Verified Event),25.5985,90.58417,1,944.1,26.04,175.1,-0.05213,0.02759,6.48,81.84,231.25,418.8,23.22,0.43,0.395,0.781,-8.23,-17.7,-9.47,0.42,0.12,0.562,0.58,0.683,348.67,5.0,test
APDA-V2-POS-0023,NASA COOLR (Verified Event),25.30279,91.71156,1,1800.5,44.34,27.9,-0.04887,0.06177,5.37,88.92,186.66,324.96,16.81,0.377,0.333,0.68,-7.43,-18.69,-11.26,0.094,0.48,0.65,0.58,0.9,265.68,4.0,test
APDA-V2-NEG-0729,Spatial Negative Buffer Control,27.56067,92.65561,0,2302.6,0.8,156.2,0.01147,0.00126,9.03,1.22,18.67,22.3,0.2,0.013,0.012,0.03,-18.0,-20.25,-2.25,0.85,0.838,0.05,-0.079,0.118,11.02,1.0,test
APDA-V2-NEG-0163,Spatial Negative Buffer Control,27.74529,92.23164,0,2830.1,2.59,269.7,0.00057,0.01754,7.9,4.79,5.69,30.14,0.8,0.124,0.114,0.287,-13.21,-22.46,-9.25,0.651,0.793,-0.065,-0.123,0.344,18.38,2.0,test
APDA-V2-NEG-0769,Spatial Negative Buffer Control,27.64375,88.23152,0,2124.8,8.44,91.9,-0.00707,-0.00374,6.52,28.0,46.81,75.53,4.67,0.167,0.154,0.371,-18.09,-22.53,-4.44,0.706,0.787,-0.044,-0.144,0.277,31.66,1.0,test
APDA-V2-NEG-0220,Spatial Negative Buffer Control,26.53337,92.20002,0,610.9,0.39,355.7,-0.01861,0.00229,8.77,6.24,29.94,45.08,1.04,0.223,0.205,0.459,-17.44,-20.49,-3.06,0.863,0.622,-0.054,-0.14,0.234,19.59,1.0,test
APDA-V2-NEG-0823,Spatial Negative Buffer Control,25.8781,92.60881,0,1353.3,6.35,151.1,-0.00427,0.0101,6.28,15.74,30.55,65.54,2.62,0.097,0.09,0.213,-16.07,-22.25,-6.18,0.827,0.813,0.026,-0.101,0.48,41.0,1.0,test
APDA-V2-POS-0354,NASA COOLR (Verified Event),24.78565,93.68109,1,1439.8,34.76,217.3,-0.0505,0.07855,6.12,75.85,145.36,383.85,11.57,0.338,0.31,0.68,-9.83,-15.73,-5.9,0.172,0.303,0.384,0.58,0.98,336.16,4.0,test
APDA-V2-POS-0548,NASA COOLR (Verified Event),25.29862,91.71399,1,750.2,43.04,204.0,-0.00904,0.03072,4.46,65.7,129.79,426.87,19.42,0.365,0.333,0.68,-7.45,-12.32,-4.87,0.42,0.173,0.517,0.509,0.863,322.78,4.0,test
APDA-V2-NEG-0389,Spatial Negative Buffer Control,25.80206,93.57972,0,1312.1,1.95,63.9,-0.00853,-0.02169,7.6,8.19,14.89,25.95,1.37,0.095,0.088,0.196,-15.42,-17.72,-2.3,0.734,0.729,-0.175,-0.108,0.413,16.65,3.0,test
APDA-V2-NEG-0464,Spatial Negative Buffer Control,24.99896,92.15857,0,600.5,0.45,69.1,-0.00683,0.00578,9.05,0.19,7.28,36.68,0.03,0.287,0.264,0.627,-11.14,-17.15,-6.01,0.906,0.837,-0.065,-0.02,0.156,20.98,3.0,test
APDA-V2-POS-0420,NASA COOLR (Verified Event),27.03597,88.26277,1,1836.8,25.67,230.5,-0.0143,0.02271,6.28,150.91,206.2,277.04,21.24,0.444,0.394,0.874,-10.16,-13.86,-3.71,0.27,0.242,0.526,0.58,0.98,236.19,5.0,test
APDA-V2-POS-0086,NASA COOLR (Verified Event),25.30648,91.71234,1,766.6,37.84,138.9,-0.03074,0.09652,5.56,159.94,332.91,629.63,28.36,0.454,0.409,0.81,-9.81,-19.12,-9.31,0.42,0.48,0.65,0.58,0.96,507.86,5.0,test
APDA-V2-POS-0370,NASA COOLR (Verified Event),27.33444,88.6162,1,2687.1,28.33,143.7,-0.03359,0.02074,6.37,106.54,265.01,437.74,15.03,0.347,0.316,0.68,-8.99,-14.47,-5.49,0.307,0.48,0.65,0.58,0.706,333.54,5.0,test
APDA-V2-NEG-0394,Spatial Negative Buffer Control,27.2961,91.58913,0,2164.8,0.98,35.1,-0.00056,0.0161,8.35,0.91,18.06,40.68,0.15,0.108,0.099,0.227,-13.91,-22.6,-8.69,0.525,0.551,-0.18,-0.039,0.12,25.1,2.0,test
APDA-V2-POS-0419,NASA COOLR (Verified Event),25.67308,94.11026,1,1349.0,40.56,120.2,0.00487,0.03514,5.22,148.6,256.15,328.79,26.41,0.466,0.416,0.912,-11.77,-13.11,-1.34,0.12,0.315,0.65,0.58,0.944,263.93,5.0,test
APDA-V2-POS-0402,NASA COOLR (Verified Event),25.7548,91.90457,1,1065.0,42.81,156.2,-0.017,0.05412,5.0,55.05,133.65,185.62,13.19,0.474,0.437,0.937,-9.01,-13.75,-4.74,0.16,0.31,0.443,0.452,0.918,140.75,4.0,test
APDA-V2-POS-0734,NASA COOLR (Verified Event),25.67105,94.11053,1,1932.9,33.85,213.1,-0.05402,0.07762,6.05,60.63,237.83,460.76,9.53,0.408,0.365,0.739,-6.44,-13.7,-7.26,0.42,0.401,0.554,0.58,0.788,347.32,5.0,test
APDA-V2-NEG-0120,Spatial Negative Buffer Control,27.18933,92.29299,0,3057.0,2.09,234.2,-0.00328,-0.0076,8.12,4.18,20.39,57.37,0.7,0.142,0.13,0.29,-15.23,-24.32,-9.09,0.656,0.55,-0.107,-0.082,0.109,27.59,1.0,test
APDA-V2-POS-0230,NASA COOLR (Verified Event),25.66974,94.11016,1,1826.9,20.69,177.3,-0.04817,0.063,6.16,46.21,171.9,457.58,10.29,0.461,0.427,0.95,-9.42,-13.3,-3.88,0.384,0.305,0.534,0.58,0.694,418.2,5.0,test
APDA-V2-NEG-0158,Spatial Negative Buffer Control,25.8635,93.81125,0,683.0,2.53,138.6,0.00737,0.00866,8.04,13.04,26.5,62.22,2.17,0.117,0.107,0.239,-12.07,-19.85,-7.77,0.747,0.55,-0.11,-0.148,0.02,36.18,1.0,test
APDA-V2-POS-0790,NASA COOLR (Verified Event),27.33476,88.61537,1,1509.2,19.55,321.5,-0.04055,0.00188,6.77,99.78,206.82,260.11,19.99,0.406,0.375,0.785,-9.81,-19.2,-9.39,0.175,0.48,0.65,0.58,0.781,206.67,4.0,test
APDA-V2-POS-0708,NASA COOLR (Verified Event),27.35058,92.41992,1,1689.2,46.9,146.6,-0.0238,0.0691,4.73,111.61,266.26,538.06,21.25,0.491,0.45,0.881,-12.0,-17.22,-5.22,0.11,0.219,0.65,0.58,0.669,432.82,5.0,test
APDA-V2-NEG-0557,Spatial Negative Buffer Control,26.4488,93.60109,0,746.3,3.87,61.9,0.00289,-0.00102,6.66,6.1,16.48,41.41,1.02,0.042,0.039,0.093,-15.9,-20.64,-4.75,0.744,0.714,0.122,-0.051,0.38,19.17,2.0,test
APDA-V2-NEG-0340,Spatial Negative Buffer Control,25.31385,92.55653,0,1121.6,1.38,14.8,0.00028,0.00923,7.32,0.88,20.55,36.26,0.15,0.271,0.249,0.586,-12.71,-23.06,-10.35,0.867,0.865,0.039,-0.129,0.273,17.45,2.0,test
APDA-V2-POS-0250,NASA COOLR (Verified Event),23.72792,92.70891,1,803.7,37.11,169.8,-0.05525,0.05308,6.01,38.61,228.66,312.1,12.42,0.377,0.339,0.722,-8.21,-16.2,-8.0,0.331,0.48,0.321,0.502,0.62,242.08,5.0,test
APDA-V2-POS-0365,NASA COOLR (Verified Event),25.07402,93.15092,1,1209.8,29.77,226.5,-0.0345,0.00395,5.48,61.76,148.41,387.59,11.8,0.383,0.341,0.697,-11.09,-15.44,-4.35,0.132,0.254,0.65,0.58,0.62,334.34,4.0,test
APDA-V2-NEG-0484,Spatial Negative Buffer Control,25.23321,91.43268,0,1916.5,6.83,147.9,0.00644,0.00082,6.62,5.54,23.95,63.77,0.92,0.143,0.132,0.288,-16.28,-22.95,-6.67,0.607,0.88,-0.075,-0.087,0.281,28.89,1.0,test
APDA-V2-POS-0271,NASA COOLR (Verified Event),23.72774,92.72251,1,975.6,32.08,197.5,-0.01292,0.01208,5.4,35.0,188.27,475.3,6.4,0.459,0.424,0.901,-7.78,-14.61,-6.83,0.314,0.48,0.65,0.262,0.883,435.93,5.0,test
APDA-V2-POS-0312,NASA COOLR (Verified Event),24.78355,93.6841,1,1389.8,40.46,149.9,-0.02796,0.01072,5.94,83.74,250.37,357.87,19.1,0.493,0.462,0.968,-11.91,-14.06,-2.15,0.252,0.443,0.474,0.47,0.853,288.09,4.0,test
APDA-V2-NEG-0194,Spatial Negative Buffer Control,25.76432,90.18401,0,1189.2,4.81,222.1,0.02627,0.01002,7.34,2.02,10.75,15.31,0.34,0.137,0.126,0.296,-9.41,-20.56,-11.15,0.84,0.815,-0.075,-0.126,0.303,7.25,1.0,test
APDA-V2-NEG-0726,Spatial Negative Buffer Control,28.03089,88.9392,0,1711.3,5.91,188.2,0.00837,0.0007,7.01,4.65,29.31,34.78,0.78,0.109,0.1,0.242,-12.4,-20.06,-7.66,0.814,0.847,-0.25,-0.1,0.036,18.95,1.0,test
APDA-V2-POS-0515,NASA COOLR (Verified Event),26.00893,93.42629,1,1153.8,29.72,212.4,-0.01271,0.01416,5.99,55.0,207.82,272.85,15.61,0.397,0.365,0.823,-11.1,-15.99,-4.89,0.08,0.48,0.474,0.535,0.84,209.64,5.0,test
APDA-V2-NEG-0144,Spatial Negative Buffer Control,25.16162,93.37142,0,1451.8,0.17,207.6,-0.00846,0.00686,8.98,2.18,4.09,19.23,0.36,0.204,0.188,0.436,-18.33,-17.23,1.1,0.604,0.788,0.083,-0.167,0.138,11.03,2.0,test
APDA-V2-POS-0580,NASA COOLR (Verified Event),27.32865,88.61467,1,2629.2,29.05,147.2,-0.06278,-0.02675,5.58,35.0,130.09,215.74,9.42,0.461,0.411,0.876,-10.97,-14.43,-3.46,0.135,0.48,0.65,0.436,0.85,162.04,5.0,test
APDA-V2-POS-0501,NASA COOLR (Verified Event),24.78576,93.68513,1,1336.9,55.7,190.9,-0.0107,0.0423,4.75,106.63,277.81,365.42,15.37,0.358,0.313,0.68,-8.98,-17.69,-8.72,0.243,0.48,0.65,0.383,0.663,327.4,4.0,test
APDA-V2-POS-0189,NASA COOLR (Verified Event),27.04097,88.26329,1,1431.0,45.59,143.6,-0.00806,0.01682,5.75,77.42,173.67,318.74,13.3,0.467,0.434,0.936,-7.24,-13.97,-6.73,0.08,0.48,0.512,0.58,0.84,251.3,5.0,test
APDA-V2-NEG-0237,Spatial Negative Buffer Control,25.31521,91.52158,0,1743.6,1.08,128.2,0.007,0.00572,8.61,6.02,27.61,46.58,1.0,0.048,0.044,0.106,-15.76,-20.16,-4.4,0.699,0.79,-0.249,0.073,0.404,27.26,1.0,test
APDA-V2-NEG-0432,Spatial Negative Buffer Control,28.08744,88.99981,0,2673.1,1.33,344.2,0.00114,0.00048,8.18,0.55,13.46,45.72,0.09,0.167,0.153,0.36,-10.22,-19.26,-9.04,0.854,0.741,-0.032,-0.12,0.421,19.89,3.0,test
APDA-V2-POS-0479,NASA COOLR (Verified Event),27.09454,93.61096,1,3373.5,43.96,239.4,-0.07474,0.01401,5.33,199.74,330.18,530.18,31.74,0.398,0.35,0.707,-7.66,-15.89,-8.24,0.096,0.348,0.396,0.363,0.812,410.27,5.0,test
APDA-V2-POS-0253,NASA COOLR (Verified Event),25.53031,91.87243,1,702.2,28.72,204.2,-0.05942,0.0274,6.56,38.72,234.07,445.99,10.64,0.444,0.406,0.868,-11.12,-20.19,-9.07,0.213,0.123,0.646,0.58,0.81,399.29,5.0,test
APDA-V2-POS-0335,NASA COOLR (Verified Event),25.67115,94.11009,1,725.3,36.11,146.7,0.01654,0.0247,5.36,35.0,203.55,418.52,8.13,0.348,0.319,0.68,-13.34,-19.16,-5.82,0.323,0.282,0.65,0.569,0.822,332.53,5.0,test
APDA-V2-NEG-0542,Spatial Negative Buffer Control,26.68541,93.84014,0,1729.5,6.72,5.2,-0.00041,0.00865,6.57,6.17,27.76,44.9,1.03,0.064,0.058,0.146,-15.44,-20.8,-5.37,0.45,0.55,-0.186,-0.003,0.354,20.91,1.0,test
APDA-V2-NEG-0168,Spatial Negative Buffer Control,26.70189,88.66951,0,1720.3,1.04,53.2,0.00769,0.0217,7.06,5.5,29.83,59.44,0.92,0.204,0.188,0.42,-9.76,-21.09,-11.33,0.647,0.55,-0.25,-0.101,0.191,24.72,2.0,test
APDA-V2-NEG-0011,Spatial Negative Buffer Control,25.82316,93.01896,0,691.1,16.0,355.8,-0.00644,-0.00056,4.55,1.64,17.0,53.11,0.27,0.089,0.082,0.185,-14.67,-14.53,0.14,0.54,0.858,-0.005,-0.015,0.339,30.86,1.0,test
APDA-V2-POS-0833,NASA COOLR (Verified Event),27.18688,88.35646,1,2766.1,48.15,260.4,-0.00708,0.04619,4.77,35.0,186.23,335.25,9.19,0.349,0.306,0.68,-9.76,-15.26,-5.5,0.42,0.463,0.65,0.523,0.89,277.69,5.0,test
APDA-V2-NEG-0588,Spatial Negative Buffer Control,27.30028,87.92725,0,2372.3,0.09,30.2,0.00454,0.01753,9.05,3.64,15.06,29.55,0.61,0.196,0.181,0.446,-12.62,-18.93,-6.31,0.681,0.834,-0.215,-0.053,0.143,15.19,2.0,test
APDA-V2-POS-0067,NASA COOLR (Verified Event),25.44347,92.19026,1,1757.2,28.6,167.5,-0.03179,0.01352,6.29,158.38,363.63,545.59,28.5,0.443,0.411,0.86,-4.89,-16.21,-11.32,0.098,0.298,0.65,0.58,0.809,456.97,5.0,test
APDA-V2-NEG-0286,Spatial Negative Buffer Control,27.59204,88.45761,0,2381.5,2.96,351.8,0.01049,0.01097,7.44,1.52,18.5,56.15,0.25,0.101,0.092,0.212,-13.78,-23.0,-9.22,0.868,0.602,-0.199,0.075,0.46,25.58,1.0,test
APDA-V2-POS-0725,NASA COOLR (Verified Event),26.01348,93.41972,1,1685.7,32.53,216.7,-0.08818,0.0443,5.74,94.87,288.18,415.31,14.24,0.445,0.406,0.805,-8.85,-15.79,-6.94,0.249,0.14,0.65,0.561,0.795,341.51,5.0,test
APDA-V2-POS-0289,NASA COOLR (Verified Event),27.57385,91.86524,1,2780.3,37.99,300.9,0.01014,0.05124,6.1,93.32,186.92,389.79,18.91,0.361,0.333,0.68,-7.51,-12.73,-5.22,0.401,0.48,0.492,0.395,0.899,306.83,4.0,test
APDA-V2-NEG-0801,Spatial Negative Buffer Control,25.42134,92.24316,0,1919.3,1.93,76.8,-0.00067,-0.00537,7.79,3.2,10.33,14.53,0.53,0.16,0.147,0.346,-13.38,-19.58,-6.21,0.82,0.707,-0.019,-0.093,0.238,8.66,1.0,test
APDA-V2-NEG-0516,Spatial Negative Buffer Control,27.25949,88.92331,0,1673.0,11.52,167.0,-0.00063,-0.00472,4.76,15.9,32.43,64.07,2.65,0.082,0.075,0.17,-14.18,-19.32,-5.13,0.831,0.795,-0.147,-0.049,0.388,36.42,3.0,test
APDA-V2-NEG-0651,Spatial Negative Buffer Control,26.67564,88.63674,0,1348.9,3.54,221.7,0.01618,0.01061,7.24,3.4,5.87,26.71,0.57,0.109,0.1,0.242,-18.02,-19.26,-1.24,0.823,0.88,-0.004,-0.047,0.427,11.67,2.0,test
APDA-V2-POS-0764,NASA COOLR (Verified Event),25.07056,93.14961,1,668.7,38.08,9.3,-0.04845,0.02808,6.22,78.01,172.15,341.03,18.36,0.375,0.332,0.722,-7.81,-18.87,-11.06,0.099,0.339,0.65,0.58,0.718,320.64,5.0,test
APDA-V2-POS-0140,NASA COOLR (Verified Event),27.18007,88.35477,1,1526.0,24.09,235.0,-0.08018,0.0107,6.75,133.9,282.76,567.54,32.41,0.412,0.366,0.825,-7.01,-17.38,-10.37,0.08,0.278,0.65,0.405,0.677,502.98,5.0,test
APDA-V2-POS-0076,NASA COOLR (Verified Event),27.33242,88.61339,1,3762.2,37.1,224.8,-0.04212,0.03974,4.98,35.0,85.7,264.25,11.75,0.451,0.412,0.858,-10.02,-16.94,-6.92,0.299,0.433,0.65,0.574,0.624,235.9,5.0,test
APDA-V2-NEG-0204,Spatial Negative Buffer Control,27.51713,92.21888,0,2274.1,1.93,340.0,-0.00123,-0.00981,8.32,5.75,17.1,22.82,0.96,0.344,0.316,0.725,-11.94,-18.46,-6.53,0.711,0.88,0.15,-0.089,0.102,12.85,1.0,test
APDA-V2-NEG-0085,Spatial Negative Buffer Control,25.95335,92.00942,0,884.1,1.58,63.1,-0.01118,0.01408,8.3,0.88,14.16,33.37,0.15,0.081,0.075,0.177,-11.39,-20.51,-9.12,0.734,0.593,-0.112,-0.138,0.242,13.94,1.0,test
APDA-V2-POS-0535,NASA COOLR (Verified Event),26.16884,91.76089,1,643.3,31.33,230.0,-0.0337,0.03305,6.16,84.52,139.54,270.6,13.21,0.422,0.391,0.881,-10.04,-14.9,-4.87,0.326,0.338,0.65,0.58,0.753,245.19,5.0,test
APDA-V2-NEG-0183,Spatial Negative Buffer Control,27.78786,92.59411,0,2305.5,1.4,204.3,-0.00215,-0.00505,6.94,23.25,39.04,42.1,3.87,0.189,0.174,0.402,-14.17,-16.24,-2.08,0.92,0.818,-0.087,-0.131,0.314,24.53,2.0,test
APDA-V2-POS-0614,NASA COOLR (Verified Event),25.60359,90.58818,1,792.1,37.91,222.3,-0.08819,0.03425,5.97,115.62,262.19,473.35,20.2,0.415,0.384,0.858,-10.81,-16.05,-5.24,0.34,0.12,0.411,0.333,0.787,402.03,4.0,test
APDA-V2-POS-0366,NASA COOLR (Verified Event),24.8332,92.79781,1,489.8,38.38,154.6,-0.05002,0.06683,5.76,65.62,217.09,505.29,14.1,0.425,0.382,0.874,-7.55,-17.3,-9.75,0.349,0.443,0.467,0.58,0.814,401.9,5.0,test
APDA-V2-NEG-0413,Spatial Negative Buffer Control,27.47482,88.09123,0,2414.9,0.25,278.8,0.02236,-0.01243,9.25,11.99,30.81,65.61,2.0,0.298,0.274,0.623,-12.8,-20.73,-7.92,0.683,0.726,0.067,-0.11,0.1,35.98,2.0,test
APDA-V2-NEG-0875,Spatial Negative Buffer Control,26.97214,88.01724,0,914.0,5.01,311.2,0.00812,-0.00425,6.88,10.88,28.5,66.93,1.81,0.156,0.144,0.332,-12.66,-23.66,-11.0,0.636,0.818,-0.041,-0.023,0.108,38.41,1.0,test
APDA-V2-POS-0074,NASA COOLR (Verified Event),26.01282,93.4142,1,1862.5,34.38,151.2,0.00011,0.03319,5.75,108.52,160.25,219.52,29.15,0.388,0.346,0.769,-5.26,-19.48,-14.22,0.42,0.406,0.458,0.514,0.939,200.07,5.0,test
APDA-V2-POS-0260,NASA COOLR (Verified Event),25.06933,93.14992,1,1095.9,33.32,189.1,-0.02095,0.00173,6.33,133.64,340.69,630.38,31.72,0.366,0.327,0.689,-8.88,-20.28,-11.4,0.33,0.434,0.65,0.505,0.62,522.62,4.0,test
APDA-V2-NEG-0436,Spatial Negative Buffer Control,27.84267,92.16675,0,2718.1,0.68,309.5,-0.00675,0.00428,9.19,26.27,48.47,85.94,4.38,0.142,0.13,0.319,-18.45,-20.11,-1.65,0.597,0.815,-0.06,-0.139,0.143,48.76,1.0,test
APDA-V2-NEG-0796,Spatial Negative Buffer Control,23.4362,92.33162,0,1312.2,4.69,289.3,0.00214,-0.00669,6.87,5.11,9.18,41.68,0.85,0.09,0.083,0.188,-10.85,-20.76,-9.9,0.744,0.655,-0.204,-0.081,0.02,25.71,1.0,test
APDA-V2-NEG-0341,Spatial Negative Buffer Control,25.23798,90.34242,0,1128.0,5.71,166.7,0.01385,0.01553,6.62,6.19,21.77,49.23,1.03,0.22,0.203,0.497,-13.47,-19.24,-5.77,0.45,0.632,0.088,-0.132,0.117,29.11,1.0,test
APDA-V2-POS-0292,NASA COOLR (Verified Event),23.72949,92.7154,1,491.6,41.57,87.2,-0.03524,0.02508,4.99,96.99,231.09,465.38,21.23,0.455,0.414,0.854,-6.76,-13.31,-6.55,0.251,0.369,0.174,0.378,0.944,408.23,5.0,test
APDA-V2-POS-0227,NASA COOLR (Verified Event),27.1015,93.61882,1,2016.0,39.92,39.1,-0.01392,0.07006,5.96,57.1,212.26,300.78,13.8,0.484,0.443,0.943,-9.28,-15.07,-5.79,0.38,0.396,0.65,0.58,0.918,264.48,4.0,test
APDA-V2-NEG-0592,Spatial Negative Buffer Control,25.83153,91.90777,0,1495.8,2.11,18.8,-0.00381,0.00145,7.26,21.48,45.35,78.54,3.58,0.057,0.053,0.121,-12.2,-17.22,-5.02,0.879,0.726,-0.04,-0.005,0.239,43.42,1.0,test
APDA-V2-NEG-0174,Spatial Negative Buffer Control,25.19959,92.12053,0,1185.2,3.49,301.6,0.00651,-0.00496,7.45,24.56,27.65,61.35,4.09,0.038,0.035,0.084,-16.38,-20.92,-4.54,0.805,0.852,-0.066,-0.016,0.046,31.03,2.0,test
APDA-V2-NEG-0277,Spatial Negative Buffer Control,24.99662,92.02232,0,511.2,9.47,101.7,-0.00687,-0.00259,6.37,14.63,34.73,58.92,2.44,0.037,0.034,0.075,-11.77,-20.37,-8.6,0.806,0.611,-0.086,-0.046,0.172,33.95,3.0,test
APDA-V2-NEG-0774,Spatial Negative Buffer Control,25.23366,94.00005,0,1607.4,7.14,267.1,-0.00783,0.00096,6.97,0.27,24.0,26.33,0.04,0.241,0.222,0.566,-13.66,-21.65,-7.99,0.78,0.858,-0.139,-0.134,0.24,16.8,2.0,test
APDA-V2-POS-0482,NASA COOLR (Verified Event),25.67916,94.10634,1,1770.2,42.09,219.7,-0.08534,0.00741,6.12,88.68,147.97,230.81,18.16,0.367,0.322,0.68,-11.48,-13.96,-2.48,0.145,0.321,0.539,0.58,0.847,203.47,5.0,test
APDA-V2-POS-0293,NASA COOLR (Verified Event),25.66717,94.11101,1,895.3,28.45,265.0,-0.05593,0.03257,6.29,35.0,161.42,249.64,10.3,0.35,0.308,0.68,-10.99,-16.14,-5.15,0.145,0.48,0.65,0.454,0.842,221.99,4.0,test
APDA-V2-NEG-0640,Spatial Negative Buffer Control,25.77897,91.51935,0,1476.4,7.69,359.2,0.00271,-0.01577,6.97,1.65,6.51,9.79,0.27,0.169,0.156,0.39,-9.27,-22.6,-13.33,0.456,0.847,-0.035,-0.038,0.1,4.72,1.0,test
APDA-V2-NEG-0076,Spatial Negative Buffer Control,26.88901,88.40579,0,1178.2,12.74,103.8,-0.00566,0.01394,5.92,0.43,20.92,28.12,0.07,0.152,0.14,0.339,-17.84,-18.09,-0.26,0.811,0.55,-0.101,-0.158,0.436,12.18,1.0,test
APDA-V2-NEG-0370,Spatial Negative Buffer Control,26.94273,88.29488,0,1316.9,3.18,161.8,0.00797,-0.00508,7.83,1.88,25.48,34.94,0.31,0.241,0.222,0.498,-16.48,-17.08,-0.59,0.796,0.588,-0.195,-0.061,0.185,17.73,2.0,test
APDA-V2-POS-0297,NASA COOLR (Verified Event),25.74742,91.90478,1,1223.7,38.89,42.7,-0.03553,0.01491,5.46,69.59,162.85,376.7,19.18,0.482,0.432,0.889,-10.63,-15.82,-5.19,0.297,0.232,0.65,0.391,0.67,299.43,4.0,test
APDA-V2-NEG-0374,Spatial Negative Buffer Control,26.91482,93.87297,0,1481.6,16.0,175.3,-0.00702,0.00638,6.17,5.65,20.87,24.92,0.94,0.139,0.128,0.284,-13.9,-20.24,-6.34,0.816,0.862,-0.25,-0.042,0.241,14.91,1.0,test
APDA-V2-NEG-0476,Spatial Negative Buffer Control,26.9879,88.08581,0,707.7,6.08,138.4,-0.00075,0.02586,5.42,19.99,19.99,49.2,3.33,0.109,0.1,0.228,-16.16,-23.63,-7.47,0.851,0.841,-0.042,-0.055,0.299,21.08,1.0,test
APDA-V2-POS-0362,NASA COOLR (Verified Event),25.60069,90.58247,1,1290.1,33.3,184.1,-0.0457,-0.00127,6.28,56.97,114.7,311.9,15.78,0.427,0.383,0.829,-12.76,-16.31,-3.55,0.08,0.231,0.65,0.58,0.791,248.01,4.0,test
APDA-V2-POS-0661,NASA COOLR (Verified Event),26.17543,91.75812,1,1180.8,31.73,221.2,-0.01718,0.02946,5.61,60.95,110.04,402.45,13.0,0.336,0.308,0.68,-10.47,-11.81,-1.34,0.42,0.48,0.65,0.58,0.832,334.04,5.0,test
APDA-V2-NEG-0538,Spatial Negative Buffer Control,27.206,88.76621,0,2829.9,0.24,327.9,-6e-05,0.01449,7.86,8.37,32.53,58.9,1.4,0.24,0.221,0.494,-14.78,-21.44,-6.65,0.92,0.88,0.04,-0.2,0.347,34.67,1.0,test
APDA-V2-POS-0464,NASA COOLR (Verified Event),25.29223,91.70942,1,1860.0,35.11,209.8,-0.05137,0.01577,6.11,78.93,250.94,492.17,16.32,0.441,0.392,0.876,-12.86,-12.89,-0.03,0.42,0.241,0.587,0.58,0.62,462.9,5.0,test
APDA-V2-NEG-0172,Spatial Negative Buffer Control,25.24313,92.62973,0,1561.2,0.19,99.3,-0.0121,-0.00297,9.68,4.43,23.62,41.95,0.74,0.272,0.25,0.587,-18.68,-18.84,-0.15,0.817,0.838,0.075,-0.118,0.48,18.1,2.0,test
APDA-V2-NEG-0241,Spatial Negative Buffer Control,26.3221,91.52912,0,1846.1,8.05,351.8,-0.01038,-0.00422,6.46,5.26,26.19,37.3,0.88,0.259,0.238,0.597,-12.84,-20.57,-7.73,0.806,0.88,0.009,0.016,0.317,19.16,3.0,test
APDA-V2-POS-0202,NASA COOLR (Verified Event),27.33085,88.62753,1,1984.3,30.36,177.8,-0.06892,0.04237,6.64,35.0,102.38,319.1,9.49,0.382,0.336,0.723,-13.94,-17.78,-3.84,0.082,0.323,0.65,0.58,0.873,284.93,5.0,test
APDA-V2-POS-0018,NASA COOLR (Verified Event),24.7813,93.67706,1,1265.6,32.61,112.8,-0.05829,0.03623,5.34,90.98,178.84,463.9,21.65,0.473,0.427,0.921,-9.73,-13.62,-3.89,0.42,0.242,0.513,0.414,0.98,403.46,5.0,test
APDA-V2-NEG-0749,Spatial Negative Buffer Control,26.93476,88.66237,0,1864.1,5.21,155.7,0.00671,-0.00638,6.08,5.54,18.24,38.13,0.92,0.057,0.053,0.118,-13.42,-19.35,-5.93,0.811,0.807,-0.135,-0.036,0.311,18.16,2.0,test
APDA-V2-NEG-0112,Spatial Negative Buffer Control,25.58542,93.23019,0,1859.9,9.38,225.3,0.00467,-0.0,6.79,2.69,8.72,28.06,0.45,0.21,0.194,0.499,-12.15,-21.53,-9.38,0.715,0.798,0.15,-0.116,0.205,16.86,1.0,test
APDA-V2-NEG-0449,Spatial Negative Buffer Control,24.88674,92.76973,0,253.8,3.43,234.1,-0.00886,0.00921,6.72,15.72,30.94,45.35,2.62,0.13,0.119,0.281,-12.87,-17.79,-4.92,0.909,0.755,-0.236,-0.132,0.191,24.35,1.0,test
APDA-V2-NEG-0150,Spatial Negative Buffer Control,26.1979,92.17358,0,1517.2,1.33,247.7,-0.00517,0.00794,8.66,2.47,26.99,39.64,0.41,0.069,0.063,0.151,-11.6,-22.7,-11.1,0.766,0.55,0.115,-0.002,0.167,16.39,2.0,test
APDA-V2-NEG-0419,Spatial Negative Buffer Control,26.0503,94.5271,0,666.7,5.17,87.1,0.00838,-0.01176,6.71,10.76,11.64,19.12,1.79,0.134,0.123,0.279,-11.88,-20.26,-8.39,0.823,0.837,-0.116,-0.131,0.088,10.56,2.0,test
APDA-V2-POS-0817,NASA COOLR (Verified Event),23.73293,92.71679,1,1353.8,39.2,189.2,-0.0206,0.04882,6.3,111.76,198.99,253.43,16.07,0.408,0.364,0.746,-13.18,-15.95,-2.77,0.329,0.149,0.65,0.45,0.828,239.47,4.0,test
APDA-V2-POS-0418,NASA COOLR (Verified Event),23.72414,92.72212,1,1097.9,32.82,139.5,-0.09521,0.01848,6.51,63.41,185.31,258.9,9.18,0.434,0.386,0.812,-8.42,-13.48,-5.06,0.08,0.197,0.609,0.58,0.973,210.31,4.0,test
APDA-V2-NEG-0017,Spatial Negative Buffer Control,26.82835,93.24796,0,1073.9,10.26,216.3,-0.00627,0.00136,5.84,9.42,33.95,42.1,1.57,0.147,0.135,0.296,-14.61,-18.97,-4.36,0.882,0.574,-0.064,-0.181,0.195,23.94,3.0,test
APDA-V2-POS-0624,NASA COOLR (Verified Event),27.35233,92.41922,1,1436.5,32.36,174.2,-0.04216,0.04799,5.72,104.76,206.01,325.68,14.38,0.331,0.302,0.68,-6.9,-14.26,-7.35,0.149,0.268,0.65,0.322,0.83,301.93,4.0,test
APDA-V2-NEG-0260,Spatial Negative Buffer Control,24.87012,92.76751,0,487.0,11.55,160.6,0.0015,-0.00336,4.63,23.95,26.31,57.48,3.99,0.226,0.208,0.489,-12.69,-19.58,-6.9,0.92,0.88,0.004,-0.122,0.386,34.93,1.0,test
APDA-V2-POS-0609,NASA COOLR (Verified Event),27.03978,88.25982,1,2370.3,25.42,200.7,-0.02681,0.02154,5.21,59.73,255.19,397.65,14.18,0.329,0.298,0.68,-7.4,-13.87,-6.47,0.127,0.365,0.65,0.18,0.865,369.46,4.0,test
APDA-V2-POS-0776,NASA COOLR (Verified Event),25.67579,94.10924,1,1324.4,44.69,221.9,0.00554,0.0569,5.35,66.35,270.06,379.21,18.14,0.348,0.318,0.68,-12.79,-15.47,-2.68,0.08,0.329,0.466,0.527,0.98,286.41,5.0,test
APDA-V2-POS-0762,NASA COOLR (Verified Event),25.56981,91.87771,1,1458.1,36.2,162.8,-0.04175,0.05173,6.05,77.73,132.07,399.51,16.69,0.45,0.404,0.814,-9.01,-16.76,-7.75,0.263,0.284,0.523,0.18,0.831,330.37,5.0,test
APDA-V2-POS-0481,NASA COOLR (Verified Event),23.72837,92.71819,1,796.6,41.85,68.4,-0.05305,0.01009,5.03,82.66,190.19,245.98,21.47,0.49,0.441,0.919,-13.31,-16.59,-3.28,0.114,0.293,0.65,0.58,0.833,204.66,5.0,test
APDA-V2-NEG-0152,Spatial Negative Buffer Control,26.00345,90.37251,0,1818.7,11.92,284.9,0.00542,-0.01026,5.42,11.15,26.77,53.66,1.86,0.127,0.117,0.263,-15.22,-22.19,-6.97,0.45,0.88,-0.25,0.029,0.335,25.35,1.0,test
APDA-V2-POS-0718,NASA COOLR (Verified Event),25.44482,92.1952,1,1565.4,40.67,218.8,-0.02072,0.01793,5.41,128.18,283.28,561.36,24.92,0.496,0.446,0.909,-12.64,-17.72,-5.08,0.16,0.288,0.637,0.58,0.62,531.59,4.0,test
APDA-V2-POS-0439,NASA COOLR (Verified Event),23.72903,92.71427,1,1183.6,45.82,146.7,-0.06935,0.01545,5.91,144.63,197.23,325.5,28.47,0.475,0.429,0.858,-11.98,-14.23,-2.26,0.42,0.427,0.4,0.331,0.636,288.62,4.0,test
APDA-V2-POS-0643,NASA COOLR (Verified Event),27.32472,88.61485,1,1465.4,37.32,301.1,-0.00267,0.0687,4.66,155.51,207.37,485.74,34.76,0.378,0.349,0.748,-9.75,-17.95,-8.19,0.291,0.48,0.65,0.58,0.667,432.16,4.0,test
APDA-V2-POS-0029,NASA COOLR (Verified Event),25.06878,93.1519,1,1070.3,33.86,261.4,-0.07361,0.02939,6.48,97.09,293.83,550.46,15.8,0.329,0.298,0.68,-9.11,-11.95,-2.83,0.344,0.48,0.65,0.354,0.62,419.81,5.0,test
APDA-V2-NEG-0124,Spatial Negative Buffer Control,23.92763,93.14128,0,1199.7,3.96,113.4,-0.00456,0.00249,6.38,8.3,25.87,54.51,1.38,0.253,0.233,0.517,-10.51,-19.67,-9.16,0.608,0.55,-0.022,-0.065,0.098,25.78,1.0,test
APDA-V2-NEG-0560,Spatial Negative Buffer Control,26.80883,88.03354,0,1150.4,16.0,356.2,-0.00405,0.01595,6.0,1.61,11.96,24.2,0.27,0.151,0.139,0.341,-13.38,-15.91,-2.53,0.83,0.814,-0.25,-0.155,0.48,13.54,1.0,test
APDA-V2-NEG-0537,Spatial Negative Buffer Control,27.93602,88.36312,0,2595.8,0.49,176.4,-0.00965,0.00184,8.48,3.72,14.35,38.52,0.62,0.087,0.08,0.18,-16.7,-17.05,-0.35,0.45,0.718,-0.019,-0.159,0.277,20.2,2.0,test
APDA-V2-POS-0629,NASA COOLR (Verified Event),25.67344,94.11511,1,1542.4,37.68,168.7,-0.02854,0.03658,5.23,132.3,298.69,457.6,18.16,0.447,0.415,0.888,-10.15,-12.89,-2.73,0.08,0.398,0.626,0.58,0.897,432.7,5.0,test
APDA-V2-NEG-0666,Spatial Negative Buffer Control,27.73039,92.65145,0,1901.3,7.98,71.8,-0.00625,0.0055,6.68,0.32,8.79,23.14,0.05,0.121,0.112,0.249,-12.11,-14.03,-1.91,0.822,0.743,-0.053,-0.048,0.212,14.86,1.0,test
APDA-V2-POS-0334,NASA COOLR (Verified Event),23.73312,92.71279,1,380.0,25.86,145.9,-0.07891,0.01511,5.9,104.53,149.6,398.46,29.09,0.341,0.309,0.68,-6.47,-18.2,-11.73,0.102,0.356,0.417,0.58,0.734,316.24,5.0,test
APDA-V2-POS-0078,NASA COOLR (Verified Event),27.35582,92.41615,1,2750.3,35.48,327.4,-0.01093,0.01846,5.69,35.0,158.53,342.77,12.29,0.373,0.33,0.68,-7.37,-18.08,-10.72,0.183,0.419,0.65,0.58,0.637,269.65,5.0,test
APDA-V2-NEG-0053,Spatial Negative Buffer Control,25.56502,93.69895,0,1597.5,1.88,350.6,-0.00889,0.00037,7.86,1.78,23.77,27.26,0.3,0.154,0.142,0.338,-12.92,-22.32,-9.4,0.92,0.826,-0.01,-0.058,0.207,15.89,2.0,test
APDA-V2-POS-0795,NASA COOLR (Verified Event),24.78186,93.6909,1,1119.0,45.57,210.9,0.03749,0.05109,5.92,43.68,197.83,291.63,9.54,0.382,0.348,0.68,-6.93,-14.78,-7.85,0.259,0.302,0.65,0.521,0.846,228.78,5.0,test
APDA-V2-NEG-0515,Spatial Negative Buffer Control,26.31546,93.86829,0,1342.7,3.47,251.5,0.00207,-0.00152,7.28,0.76,15.84,28.78,0.13,0.222,0.204,0.519,-17.1,-24.0,-6.9,0.683,0.88,-0.02,-0.056,0.226,13.06,2.0,test
APDA-V2-POS-0258,NASA COOLR (Verified Event),25.5695,91.88423,1,1767.6,32.95,152.5,-0.04163,-0.02155,6.36,82.18,281.94,368.99,15.8,0.33,0.302,0.68,-7.5,-16.07,-8.57,0.081,0.161,0.65,0.379,0.701,307.41,5.0,test
