event_id,date_std,timestamp_utc,year,state,latitude,longitude,event_title,location_description,location_accuracy,landslide_category,landslide_trigger,landslide_size,landslide_setting,fatality_count,injury_count,source_name,source_catalog,source_record_id,source_dataset,source_link,verification_basis,data_quality_flag
585,2008-06-14,2008-06-14 05:30:00,2008,Arunachal Pradesh,27.1,93.629,"Itanagar-Naharlagun, Arunachal Pradesh","Itanagar-Naharlagun, Arunachal Pradesh",Known within 25 km,Landslide,Rain,Large,Unknown,21,,ukpress.google,GLC,585.0,NASA COOLR,http://ukpress.google.com/article/ALeqM5iM8gWKcS4OLf66hwzNMnaybAaZYA,COOLR administrative division; Uttaranchal normalized to Uttarakhand,OK
870,2008-10-29,2008-10-29 05:30:00,2008,Arunachal Pradesh,27.4,92.35,"West Kameng, Arunachal Pradesh","West Kameng, Arunachal Pradesh",Known within 50 km,Mudslide,Downpour,Medium,Unknown,12,,sindhtoday,GLC,870.0,NASA COOLR,http://www.sindhtoday.net/south-asia/32058.htm,COOLR administrative division; Uttaranchal normalized to Uttarakhand,OK
1084,2009-08-12,2009-08-12 05:30:00,2009,Arunachal Pradesh,27.7,92.8,"Upper Subansiri District, Arunanchal Pradesh","Upper Subansiri District, Arunanchal Pradesh",Known within 5 km,Landslide,Downpour,Medium,Unknown,0,,timesofindia.indiatimes,GLC,1084.0,NASA COOLR,http://timesofindia.indiatimes.com/news/city/guwahati/Landslides-snap-road-links-in-Arunachal-district/articleshow/4916000.cms,COOLR administrative division; Uttaranchal normalized to Uttarakhand,OK
1613,2010-04-03,2010-04-03 04:30:00,2010,Arunachal Pradesh,27.9,93.35,"Koloriang, Kuring Kumey district, Arunachal Pradesh","Koloriang, Kuring Kumey district, Arunachal Pradesh",Known within 1 km,Mudslide,Downpour,Large,Unknown,12,,english.peopledaily,GLC,1613.0,NASA COOLR,http://english.peopledaily.com.cn/90001/90777/90852/6938742.html,COOLR administrative division; Uttaranchal normalized to Uttarakhand,OK
1775,2010-04-21,2010-04-21 05:30:00,2010,Arunachal Pradesh,27.897,96.178,Arunachal Pradesh ,Arunachal Pradesh ,Location not known,Landslide,Downpour,Medium,Unknown,12,,gsi.gov,GLC,1775.0,NASA COOLR,"http://www.portal.gsi.gov.in/portal/page?_pageid=127,875814&_dad=portal&_schema=PORTAL",COOLR administrative division; Uttaranchal normalized to Uttarakhand,OK
1930,2010-05-31,2010-05-31 05:30:00,2010,Arunachal Pradesh,28.43,95.878,"Anini-Roing road,  Dibang Valley,  Arunachal Pradesh ","Anini-Roing road,  Dibang Valley,  Arunachal Pradesh ",Known within 50 km,Landslide,Downpour,Medium,Unknown,0,,indianexpress,GLC,1930.0,NASA COOLR,http://www.indianexpress.com/news/N-E-border-dist-cut-off-by-landslides--runs-out-of-supplies/627610,COOLR administrative division; Uttaranchal normalized to Uttarakhand,OK
2405,2010-09-10,2010-09-10 04:30:00,2010,Arunachal Pradesh,28.304,95.411,"Mossing(Mosing) village(?), Upper Siang district, Arunachal Pradesh","Mossing(Mosing) village(?), Upper Siang district, Arunachal Pradesh",Location not known,Landslide,Downpour,Medium,Unknown,10,,timesofindia.indiatimes,GLC,2405.0,NASA COOLR,http://timesofindia.indiatimes.com/india/13-killed-as-rains-wrack-havoc-in-north-and-eastern-India-/articleshow/6532367.cms,COOLR administrative division; Uttaranchal normalized to Uttarakhand,OK
2411,2010-09-10,2010-09-10 05:30:00,2010,Arunachal Pradesh,27.001,93.727,"districts Lakhimpur, Dhemaji, Golaghat, and Sonitpur, Assam province","districts Lakhimpur, Dhemaji, Golaghat, and Sonitpur, Assam province",Location not known,Landslide,Downpour,Medium,Unknown,0,,timesofindia.indiatimes,GLC,2411.0,NASA COOLR,http://timesofindia.indiatimes.com/india/13-killed-as-rains-wrack-havoc-in-north-and-eastern-India-/articleshow/6532367.cms,COOLR administrative division; Uttaranchal normalized to Uttarakhand,OK
2539,2010-10-03,2010-10-03 05:30:00,2010,Arunachal Pradesh,28.309,95.415,"Mosing village, Upper Siang district, Arunachal Pradesh","Mosing village, Upper Siang district, Arunachal Pradesh",Known within 25 km,Landslide,Downpour,Medium,Unknown,10,,gsi.gov,GLC,2539.0,NASA COOLR,"http://www.portal.gsi.gov.in/portal/page?_pageid=127,875814&_dad=portal&_schema=PORTAL",COOLR administrative division; Uttaranchal normalized to Uttarakhand,OK
2743,2010-11-22,2010-11-22 05:30:00,2010,Arunachal Pradesh,27.58,91.857,"Tawang Monastery, Arunachal Pradesh","Tawang Monastery, Arunachal Pradesh",Known within 1 km,Landslide,Unknown,Medium,Natural slope,,,Daily News and Analysis,GLC,2743.0,NASA COOLR,http://www.dnaindia.com/india/report_tawang-monastery-faces-danger-due-to-landslides_1472890,COOLR administrative division; Uttaranchal normalized to Uttarakhand,OK
3269,2011-03-22,2011-03-22 05:30:00,2011,Arunachal Pradesh,28.079,96.524,"road from other districts to Hawai(Tawai?) which is  on Lojit river, near Hayuliang,  Anjaw district, Arunachal Pradesh","road from other districts to Hawai(Tawai?) which is  on Lojit river, near Hayuliang,  Anjaw district, Arunachal Pradesh",Known within 10 km,Landslide,Downpour,Medium,Unknown,0,,articles.timesofindia,GLC,3269.0,NASA COOLR,http://articles.timesofindia.indiatimes.com/2011-03-23/guwahati/29178165_1_road-links-rainfall-source,COOLR administrative division; Uttaranchal normalized to Uttarakhand,OK
3776,2011-07-15,2011-07-15 23:30:00,2011,Arunachal Pradesh,27.125,93.715,Itanagar/Naharlagur/Nirjuli,Itanagar/Naharlagur/Nirjuli,Known within 5 km,Landslide,Downpour,Small,Unknown,0,,ibnlive.in,GLC,3776.0,NASA COOLR,http://ibnlive.in.com/generalnewsfeed/news/flash-floods-landslides-in-arunachal-pradesh/757817.html,COOLR administrative division; Uttaranchal normalized to Uttarakhand,OK
3789,2011-07-16,2011-07-16 05:30:00,2011,Arunachal Pradesh,27.274,92.906,Mebua (8 km from Seppa),Mebua (8 km from Seppa),Known within 10 km,Landslide,Downpour,Medium,Unknown,0,,english.samaylive,GLC,3789.0,NASA COOLR,http://english.samaylive.com/regional-news/others-news/676490549/flash-floods-in-arunachal-pradesh.html,COOLR administrative division; Uttaranchal normalized to Uttarakhand,OK
3806,2011-07-19,2011-07-19 05:30:00,2011,Arunachal Pradesh,27.103,93.688,"Itanagar (one near Pachali power house, one near Heema Hospital, and one nearRomik Colony at P Sector)","Itanagar (one near Pachali power house, one near Heema Hospital, and one nearRomik Colony at P Sector)",Known within 10 km,Landslide,Downpour,Medium,Unknown,3,,ibnlive.in,GLC,3806.0,NASA COOLR,http://ibnlive.in.com/generalnewsfeed/news/three-killed-in-landslides/758753.html,COOLR administrative division; Uttaranchal normalized to Uttarakhand,OK
3881,2011-08-05,2011-08-05 05:30:00,2011,Arunachal Pradesh,27.103,93.689,Itanagar,Itanagar,Known within 5 km,Landslide,Downpour,Medium,Unknown,0,,articles.timesofindia,GLC,3881.0,NASA COOLR,http://articles.timesofindia.indiatimes.com/2011-08-06/guwahati/29861700_1_water-supply-drinking-water-landslides,COOLR administrative division; Uttaranchal normalized to Uttarakhand,OK
3912,2011-08-12,2011-08-12 05:30:00,2011,Arunachal Pradesh,27.44,92.283,East Kameng district in Arunachal Pradesh bordering China,East Kameng district in Arunachal Pradesh bordering China,Known within 50 km,Landslide,Rain,Medium,Unknown,0,,inewsone,GLC,3912.0,NASA COOLR,http://www.inewsone.com/2011/08/12/iaf-airdrops-food-to-marooned-in-arunachal/68478,COOLR administrative division; Uttaranchal normalized to Uttarakhand,OK
3925,2011-08-15,2011-08-15 05:30:00,2011,Arunachal Pradesh,27.489,93.015,"East Kameng, Arunachal Pradesh","East Kameng, Arunachal Pradesh",Known within 50 km,Landslide,Downpour,Medium,Unknown,0,,indianexpress,GLC,3925.0,NASA COOLR,http://www.indianexpress.com/news/landslides-cut-off-arunachal-districts-iaf-to-the-rescue/833599/,COOLR administrative division; Uttaranchal normalized to Uttarakhand,OK
4313,2012-04-08,2012-04-08 05:30:00,2012,Arunachal Pradesh,28.466,95.86,"Endulin Nallah, Mayodia, 17-camp, 83-camp","Endulin Nallah, Mayodia, 17-camp, 83-camp",Known within 50 km,Landslide,Downpour,Medium,Unknown,0,,timesofindia.indiatimes,GLC,4313.0,NASA COOLR,http://timesofindia.indiatimes.com/Landslides-snap-road-links-in-Dibang-Valley/articleshow/12601499.cms,COOLR administrative division; Uttaranchal normalized to Uttarakhand,OK
4378,2012-06-02,2012-06-02 05:30:00,2012,Arunachal Pradesh,28.825,96.152,"Arunachal Pradesh, Dibang,","Arunachal Pradesh, Dibang,",Known within 50 km,Landslide,Downpour,Medium,Unknown,,,isikkim.com,GLC,4378.0,NASA COOLR,http://isikkim.com/2012-06-landslides-disrupt-surface-communication-in-arunachal-pradesh-05-9/,COOLR administrative division; Uttaranchal normalized to Uttarakhand,OK
4392,2012-06-06,2012-06-06 05:30:00,2012,Arunachal Pradesh,29.241,95.976,"Dibang, Arunachal Pradesh","Dibang, Arunachal Pradesh",Known within 10 km,Landslide,Downpour,Medium,Unknown,,,allafrica.com,GLC,4392.0,NASA COOLR,http://allafrica.com/stories/201206051178.html,COOLR administrative division; Uttaranchal normalized to Uttarakhand,OK
4435,2012-06-25,2012-06-25 05:30:00,2012,Arunachal Pradesh,27.174,95.801,"Tirap , Arunachal Pradesh","Tirap , Arunachal Pradesh",Known within 10 km,Landslide,Downpour,Large,Unknown,,,articles.timesofindia,GLC,4435.0,NASA COOLR,http://articles.timesofindia.indiatimes.com/2012-07-04/guwahati/32536229_1_massive-landslides-landslide-hit-road-blockade,COOLR administrative division; Uttaranchal normalized to Uttarakhand,OK
4436,2012-06-25,2012-06-25 05:30:00,2012,Arunachal Pradesh,26.999,95.499,"Khonsa, Arunachal Pradesh","Khonsa, Arunachal Pradesh",Known within 50 km,Landslide,Downpour,Medium,Unknown,,,articles.timesofindia,GLC,4436.0,NASA COOLR,http://articles.timesofindia.indiatimes.com/2012-07-04/guwahati/32536229_1_massive-landslides-landslide-hit-road-blockade,COOLR administrative division; Uttaranchal normalized to Uttarakhand,OK
4446,2012-07-05,2012-07-05 05:30:00,2012,Arunachal Pradesh,28.999,94.889,"Tuting, Upper Siang , Arunachal Pradesh","Tuting, Upper Siang , Arunachal Pradesh",Known within 5 km,Landslide,Downpour,Large,Unknown,,,articles.timesofindia,GLC,4446.0,NASA COOLR,http://articles.timesofindia.indiatimes.com/2012-07-07/guwahati/32577108_1_arunachal-district-landslides-arunachal-pradesh,COOLR administrative division; Uttaranchal normalized to Uttarakhand,OK
4570,2012-09-19,2012-09-19 05:30:00,2012,Arunachal Pradesh,27.846,95.225, Arunachal Pradesh , Arunachal Pradesh ,Known within 1 km,Landslide,Downpour,Medium,Unknown,,,articles.timesofindia,GLC,4570.0,NASA COOLR,http://articles.timesofindia.indiatimes.com/2012-09-19/guwahati/33951873_1_landslides-road-communication-water-tank,COOLR administrative division; Uttaranchal normalized to Uttarakhand,OK
4757,2013-02-18,2013-02-18 05:30:00,2013,Arunachal Pradesh,28.119,95.165,"East Siang, Arunachal Pradesh","East Siang, Arunachal Pradesh",Known within 5 km,Landslide,Rain,Medium,Unknown,3,2.0,articles.timesofindia.indiatimes.com,GLC,4757.0,NASA COOLR,http://articles.timesofindia.indiatimes.com/2013-02-20/guwahati/37199432_1_fire-mishap-east-siang-massive-landslide,COOLR administrative division; Uttaranchal normalized to Uttarakhand,OK
4798,2013-04-07,2013-04-07 05:30:00,2013,Arunachal Pradesh,28.825,96.151,"Dibang Valley, Arunachal Pradesh","Dibang Valley, Arunachal Pradesh",Location not known,Landslide,Rain,Medium,Unknown,,,www.ndtv.com,GLC,4798.0,NASA COOLR,http://www.ndtv.com/article/cities/landslide-triggered-by-heavy-rains-in-arunachal-pradesh-351219,COOLR administrative division; Uttaranchal normalized to Uttarakhand,OK
4892,2013-06-01,2013-06-01 05:30:00,2013,Arunachal Pradesh,27.878,94.25,Upper Subansiri,Upper Subansiri,Known within 50 km,Landslide,Downpour,Large,Unknown,,,articles.timesofindia.indiatimes.com,GLC,4892.0,NASA COOLR,http://articles.timesofindia.indiatimes.com/2013-07-28/guwahati/40848148_1_daporijo-upper-subansiri-landslides,COOLR administrative division; Uttaranchal normalized to Uttarakhand,OK
5250,2013-08-01,2013-08-01 05:30:00,2013,Arunachal Pradesh,27.884,93.052,"Polo River At Polosang, Arunachal Pradesh","Polo River At Polosang, Arunachal Pradesh",Known within 10 km,Mudslide,Rain,Medium,Unknown,,,www.thehindubusinessline.com,GLC,5250.0,NASA COOLR,http://www.thehindubusinessline.com/news/states/landslide-blocks-polo-river-in-arunachal-pradesh/article4996075.ece,COOLR administrative division; Uttaranchal normalized to Uttarakhand,OK
5441,2013-09-02,2013-09-02 05:30:00,2013,Arunachal Pradesh,28.611,94.983,"Gosang Village Under Jengging Circle, Arunachal Pradesh","Gosang Village Under Jengging Circle, Arunachal Pradesh",Known within 5 km,Landslide,Downpour,Large,Unknown,,,articles.timesofindia.indiatimes.com,GLC,5441.0,NASA COOLR,http://articles.timesofindia.indiatimes.com/2013-09-08/guwahati/41872983_1_flood-situation-arunachal-pradesh-landslides,COOLR administrative division; Uttaranchal normalized to Uttarakhand,OK
5442,2013-09-02,2013-09-02 05:30:00,2013,Arunachal Pradesh,27.161,93.753,Arunachal Pradesh,Arunachal Pradesh,Location not known,Landslide,Downpour,Large,Unknown,,,ibnlive.in.com,GLC,5442.0,NASA COOLR,http://ibnlive.in.com/news/massive-landslide-in-arunachal-due-to-rainfall-2-districts-remain-cut-off/420409-3-229.html,COOLR administrative division; Uttaranchal normalized to Uttarakhand,OK
6015,2014-05-08,2014-05-08 05:30:00,2014,Arunachal Pradesh,27.903,96.174,Lohit District of Arunachal Pradesh,Lohit District of Arunachal Pradesh,Known within 1 km,Mudslide,Rain,Medium,Above road,0,0.0,Business Standard,GLC,6015.0,NASA COOLR,http://www.business-standard.com/article/pti-stories/communication-to-tezu-snapped-due-to-landslide-114051000401_1.html,COOLR administrative division; Uttaranchal normalized to Uttarakhand,OK
6105,2014-06-27,2014-06-27 04:30:00,2014,Arunachal Pradesh,28.921,95.343,Arunachal Pradesh,Arunachal Pradesh,Location not known,Landslide,Continuous rain,Medium,Above road,0,0.0,Times of India,GLC,6105.0,NASA COOLR,http://timesofindia.indiatimes.com/india/Landslides-in-Arunachal-Pradesh-due-to-incessant-rain/articleshow/37379365.cms,COOLR administrative division; Uttaranchal normalized to Uttarakhand,OK
6200,2014-08-17,2014-08-17 05:30:00,2014,Arunachal Pradesh,27.087,93.609,Arunachal Pradesh/Itanagar,Arunachal Pradesh/Itanagar,Known within 10 km,Landslide,Downpour,Large,Unknown,0,0.0,One India News,GLC,6200.0,NASA COOLR,http://news.oneindia.in/india/flood-landslides-in-arunachal-pradesh-1504142.html,COOLR administrative division; Uttaranchal normalized to Uttarakhand,OK
6222,2014-10-01,2014-10-01 16:30:00,2014,Arunachal Pradesh,27.125,93.771,Karsingsa block point,Karsingsa block point,Known within 5 km,Landslide,Unknown,Small,Above road,5,0.0,The Assam Tribune,GLC,6222.0,NASA COOLR,http://www.assamtribune.com/scripts/detailsnew.asp?id=oct0214/oth052,COOLR administrative division; Uttaranchal normalized to Uttarakhand,OK
6971,2015-06-09,2015-06-09 05:30:00,2015,Arunachal Pradesh,27.099,93.816,"Itanagar, Arunachal Pradesh","Itanagar, Arunachal Pradesh",Known within 5 km,Landslide,Continuous rain,Medium,Above road,2,2.0,First Post,GLC,6971.0,NASA COOLR,http://www.firstpost.com/india/two-dead-2-injured-landslide-arunachal-pradesh-school-remain-shut-heavy-rainfall-alert-2287954.html,COOLR administrative division; Uttaranchal normalized to Uttarakhand,OK
7214,2015-07-15,2015-07-15 13:30:00,2015,Arunachal Pradesh,27.36,93.039,Type-IV Colony of Seppa in East Kameng,Type-IV Colony of Seppa in East Kameng,Known within 5 km,Landslide,Monsoon,Medium,Urban,3,0.0,NDTV,GLC,7214.0,NASA COOLR,http://www.ndtv.com/andhra-pradesh-news/3-killed-in-landslide-in-arunachal-pradesh-781829,COOLR administrative division; Uttaranchal normalized to Uttarakhand,OK
7887,2015-08-16,2015-08-16 05:30:00,2015,Arunachal Pradesh,27.884,96.926,Hawai,Hawai,Known within 50 km,Landslide,Continuous rain,Medium,Above road,0,0.0,The Times of India,GLC,7887.0,NASA COOLR,http://timesofindia.indiatimes.com/city/guwahati/Landslide-cuts-off-Anjaw-district-food-prices-rise/articleshow/48715682.cms,COOLR administrative division; Uttaranchal normalized to Uttarakhand,OK
7334,2015-08-18,2015-08-18 05:30:00,2015,Arunachal Pradesh,28.174,94.76,Arunachal Pradesh,Arunachal Pradesh,Location not known,Landslide,Unknown,Medium,Unknown,1,0.0,webindia123,GLC,7334.0,NASA COOLR,http://news.webindia123.com/news/Articles/India/20150820/2664183.html,COOLR administrative division; Uttaranchal normalized to Uttarakhand,OK
7655,2016-04-22,2016-04-22 08:00:00,2016,Arunachal Pradesh,27.58,91.857,"Tawang, Arunachal Pradesh","Tawang, Arunachal Pradesh",Known within 5 km,Landslide,Continuous rain,Medium,Above road,17,0.0,Zee News,GLC,7655.0,NASA COOLR,http://zeenews.india.com/news/north-east/landslide-in-tawang-area-of-arunachal-pradesh-watch-video_1878690.html,COOLR administrative division; Uttaranchal normalized to Uttarakhand,OK
9428,2016-04-23,2016-04-23 03:00:00,2016,Arunachal Pradesh,27.552,91.752,"Thongleng village, Lumla, Tawang, Arunachal Pradesh, India","Thongleng village, Lumla, Tawang, Arunachal Pradesh, India",Known within 10 km,Landslide,Continuous rain,Medium,Unknown,2,4.0,Arunchal Times,GLC,,NASA COOLR,http://www.arunachaltimes.in/two-killed-in-lumla-landslide-four-injured/,COOLR administrative division; Uttaranchal normalized to Uttarakhand,OK
9404,2016-05-01,2016-05-01 05:30:00,2016,Arunachal Pradesh,28.082,96.532,"Hayuliang, Anjaw district,Arunachal Pradesh, India","Hayuliang, Anjaw district,Arunachal Pradesh, India",Known within 1 km,Landslide,Downpour,Medium,Above road,0,0.0,Business Standard,GLC,9404.0,NASA COOLR,http://www.business-standard.com/article/pti-stories/landslides-in-arunachal-district-no-loss-of-life-116050200846_1.html,COOLR administrative division; Uttaranchal normalized to Uttarakhand,OK
9168,2016-06-13,2016-06-13 04:30:00,2016,Arunachal Pradesh,27.644,93.871,"NH 13 10 kilometers from Old Ziro, Arunachal Pradesh, India","NH 13 10 kilometers from Old Ziro, Arunachal Pradesh, India",Known within 10 km,Landslide,Downpour,Medium,Above road,0,0.0,Arunachal Times,GLC,9168.0,NASA COOLR,http://www.arunachaltimes.in/landslide-blocks-ziro-tamen-road/,COOLR administrative division; Uttaranchal normalized to Uttarakhand,OK
8237,2016-07-01,2016-07-01 05:30:00,2016,Arunachal Pradesh,27.014,92.635,"Old Inspection Bungalow, Bhalukpong town, West Kameng, Arunachal Pradesh, India","Old Inspection Bungalow, Bhalukpong town, West Kameng, Arunachal Pradesh, India",Known within 1 km,Landslide,Downpour,Large,Unknown,5,3.0,The Hindu,GLC,8237.0,NASA COOLR,http://www.thehindu.com/news/national/many-killed-in-arunachal-landslip/article8798739.ece,COOLR administrative division; Uttaranchal normalized to Uttarakhand,OK
9010,2016-07-16,2016-07-16 05:30:00,2016,Arunachal Pradesh,27.303,93.804,"Hoj-Potin Highway, Arunachal Pradesh, India","Hoj-Potin Highway, Arunachal Pradesh, India",Known within 5 km,Mudslide,Downpour,Medium,Above road,1,0.0,Arunachal Times,GLC,9010.0,NASA COOLR,http://www.arunachaltimes.in/man-washed-away-by-mudslide/,COOLR administrative division; Uttaranchal normalized to Uttarakhand,OK
9087,2016-07-19,2016-07-19 05:30:00,2016,Arunachal Pradesh,28.235,94.961,"5 km off Sangam point on Aalo- Pangin road, Arunachal Pradesh, India","5 km off Sangam point on Aalo- Pangin road, Arunachal Pradesh, India",Known within 50 km,Landslide,Downpour,Medium,Above road,0,0.0,NELive,GLC,9087.0,NASA COOLR,http://www.nelive.in/arunachal-pradesh/news/landslide-disrupts-road-communication-between-aalo-and-pangin,COOLR administrative division; Uttaranchal normalized to Uttarakhand,OK
9252,2016-07-28,2016-07-28 05:30:00,2016,Arunachal Pradesh,27.575,91.864,"Dolma Lhakang complex, Lumla, Tawang,  Arunachal Pradesh, India","Dolma Lhakang complex, Lumla, Tawang,  Arunachal Pradesh, India",Known within 5 km,Landslide,Monsoon,Medium,Unknown,0,0.0,Arunchal Times,GLC,9252.0,NASA COOLR,http://www.arunachaltimes.in/monsoon-fury-continues-to-pound-tawang/,COOLR administrative division; Uttaranchal normalized to Uttarakhand,OK
9464,2016-08-05,2016-08-05 05:30:00,2016,Arunachal Pradesh,27.575,91.975,Babrang village under Jang circle in Tawang district,Babrang village under Jang circle in Tawang district,Known within 5 km,Landslide,Downpour,Medium,Unknown,0,3.0,Business Standard,GLC,9464.0,NASA COOLR,http://www.business-standard.com/article/pti-stories/three-injured-houses-collapse-in-landslide-in-arunachal-116080700399_1.html,COOLR administrative division; Uttaranchal normalized to Uttarakhand,OK
9869,2016-08-16,2016-08-16 05:30:00,2016,Arunachal Pradesh,26.882,95.4,Landslide at Longding,"Longding, India",Known within 25 km,Landslide,Other,Small,Unknown,1,0.0,The Assam Tribune,GLC,,NASA COOLR,http://www.assamtribune.com/scripts/detailsnew.asp?id=aug1716/oth054,COOLR administrative division; Uttaranchal normalized to Uttarakhand,OK
11174,2017-04-22,2017-04-22 05:30:00,2017,Arunachal Pradesh,27.68,93.626,Fatal landslide near Palin,"Palin, Kurung Kumey, Arunachal Pradesh",Known within 1 km,Landslide,Continuous rain,Small,Natural slope,3,0.0,The Northeast Today,GLC,,NASA COOLR,https://thenortheasttoday.com/arunachal-pradesh-three-assam-labourers-killed-in-a-landslide/,COOLR administrative division; Uttaranchal normalized to Uttarakhand,OK
11173,2017-04-23,2017-04-23 04:30:00,2017,Arunachal Pradesh,27.618,93.842,Landslide at IMC Ward Number 18,"IMC ward #18 (??), Lower Subansiri, Arunachal Pradesh",Known within 10 km,Landslide,Monsoon,Small,Natural slope,0,0.0,The Dawnlit Post,GLC,,NASA COOLR,https://thedawnlitpost.com/house-damaged-in-landslide/,COOLR administrative division; Uttaranchal normalized to Uttarakhand,OK
11171,2017-04-26,2017-04-26 05:30:00,2017,Arunachal Pradesh,27.104,93.612,Landslide on Senki View road,"Senki View, Itanagar, Papum Pare, Arunachal Pradesh, India",Known within 1 km,Landslide,Continuous rain,Small,Above road,0,0.0,Hindustan Times,GLC,,NASA COOLR,http://www.hindustantimes.com/india-news/floods-landslides-hit-arunachal-capital-itanagar-following-heavy-rains/story-0FRcHVbMWVXWXotUXVBVuI.html,COOLR administrative division; Uttaranchal normalized to Uttarakhand,OK
11175,2017-05-03,2017-05-03 05:30:00,2017,Arunachal Pradesh,27.827,93.624,Fatal landslide in Yangte,"Yangte, Kra Daadi District, Arunachal Pradesh, India",Known within 1 km,Landslide,Rain,Medium,Unknown,1,0.0,Echo of Arunachal,GLC,,NASA COOLR,http://echoofarunachal.in/newecho/2017/05/16/one-dies-in-landslide/,COOLR administrative division; Uttaranchal normalized to Uttarakhand,OK
9797,2017-05-24,2017-05-24 19:30:00,2017,Arunachal Pradesh,27.77,93.51,Mudslide in on Sarli-Damin road,"Sarli-Damin road in Kurung Kumey district, near Lee village",Known within 25 km,Mudslide,Rain,Small,Above road,1,0.0,Arunachal Times,GLC,,NASA COOLR,http://www.arunachaltimes.in/mudslide-kills-one/,COOLR administrative division; Uttaranchal normalized to Uttarakhand,OK
9743,2017-06-04,2017-06-04 05:30:00,2017,Arunachal Pradesh,27.059,93.542,Landslide near Itangar,"Poma River, west of Itangar",Known within 5 km,Landslide,Unknown,Medium,Natural slope,0,0.0,Arunachal Times,GLC,,NASA COOLR,http://www.arunachaltimes.in/pipeline-damaged-in-poma-water-crisis-lingers-on/,COOLR administrative division; Uttaranchal normalized to Uttarakhand,OK
9829,2017-06-19,2017-06-19 09:30:00,2017,Arunachal Pradesh,27.07,93.615,Landslide in Chimpu,,Known within 1 km,Landslide,Unknown,Small,Urban,1,,Arunachal Times,GLC,,NASA COOLR,http://www.arunachaltimes.in/akddsu-mourns-students-death/,COOLR administrative division; Uttaranchal normalized to Uttarakhand,OK
11176,2017-06-20,2017-06-20 14:30:00,2017,Arunachal Pradesh,28.108,94.183,Fatal landslide in Gussar circle,"Gussar, Upper Subansiri, Arunachal Pradesh",Known within 5 km,Landslide,Rain,Medium,Unknown,1,0.0,The Arunachal Times,GLC,,NASA COOLR,http://www.arunachaltimes.in/man-buried-alive-in-landslide/,COOLR administrative division; Uttaranchal normalized to Uttarakhand,OK
9834,2017-06-21,2017-06-21 12:30:00,2017,Arunachal Pradesh,27.059,93.541,Landslide in Itanagar,"Poma, 6km away from Itanagar",Known within 1 km,Landslide,Rain,Small,Natural slope,0,0.0,Arunachal Times,GLC,,NASA COOLR,http://www.arunachaltimes.in/landslide-disrupts-water-supply-again/,COOLR administrative division; Uttaranchal normalized to Uttarakhand,OK
9933,2017-06-30,2017-06-30 16:30:00,2017,Arunachal Pradesh,27.048,93.619,Landslide threatens orphanage with collapse,"Jollang, Itanagar Sub-District, Papum Pare, Arunachal Pradesh, 791123",Known within 1 km,Landslide,Downpour,Medium,Natural slope,0,0.0,The Arunachal Times,GLC,,NASA COOLR,http://www.arunachaltimes.in/nature-unleashes-fury-leaves-trail-of-devastation-in-itanagar/,COOLR administrative division; Uttaranchal normalized to Uttarakhand,OK
9934,2017-07-01,2017-07-01 05:30:00,2017,Arunachal Pradesh,27.011,92.642,Landslide blocks road,"Bhalukpong, West Kameng, Arunachal Pradesh",Known within 1 km,Landslide,Continuous rain,Small,Above road,0,0.0,Arunachal Times,GLC,,NASA COOLR,http://www.arunachaltimes.in/nature-unleashes-fury-leaves-trail-of-devastation-in-itanagar/,COOLR administrative division; Uttaranchal normalized to Uttarakhand,OK
9932,2017-07-01,2017-07-01 10:30:00,2017,Arunachal Pradesh,27.106,93.66,Landslide near Dree Festival Ground,"Dree Festival Ground, NH-415, Arunachal Pradesh, India",Known exactly,Landslide,Downpour,Medium,Below road,0,0.0,The Arunachal Times,GLC,,NASA COOLR,http://www.arunachaltimes.in/nature-unleashes-fury-leaves-trail-of-devastation-in-itanagar/,COOLR administrative division; Uttaranchal normalized to Uttarakhand,OK
9935,2017-07-01,2017-07-01 12:30:00,2017,Arunachal Pradesh,27.082,93.608,House in Itanagar washed away by landslide,"Sanglo Potum (??), Itanagar, Papum Pare, Arunachal Pradesh",Known within 5 km,Landslide,Continuous rain,Medium,Natural slope,0,0.0,Arunachal Pradesh,GLC,,NASA COOLR,http://www.arunachaltimes.in/nature-unleashes-fury-leaves-trail-of-devastation-in-itanagar/,COOLR administrative division; Uttaranchal normalized to Uttarakhand,OK
9993,2017-07-05,2017-07-05 03:30:00,2017,Arunachal Pradesh,27.979,94.263,Landslide along Daporijo-Dumporijo road,"Daporijo-Dumporijo road, Arunachal Pradesh, India",Known within 10 km,Landslide,Rain,Small,Above road,0,0.0,The Arunachal Times,GLC,,NASA COOLR,http://www.arunachaltimes.in/landslide-washes-away-house-in-daporijo/,COOLR administrative division; Uttaranchal normalized to Uttarakhand,OK
9998,2017-07-05,2017-07-05 03:30:00,2017,Arunachal Pradesh,27.985,94.213,Landslide in Daporijo,"Abotani Colony, Daporijo Township, Arunachal Pradesh, India",Known within 1 km,Landslide,Rain,Medium,Above road,0,0.0,The Arunachal Times,GLC,,NASA COOLR,http://www.arunachaltimes.in/landslide-washes-away-house-in-daporijo/,COOLR administrative division; Uttaranchal normalized to Uttarakhand,OK
11164,2017-07-09,2017-07-09 05:30:00,2017,Arunachal Pradesh,27.107,93.652,Landslides on Itanagar-Naharlagun road,"NH-52A, Naharlagun Sub-District, Papum Pare, Arunachal Pradesh, 791111",Known within 5 km,Landslide,Continuous rain,Small,Above road,0,0.0,Arunachal Times,GLC,,NASA COOLR,http://www.arunachaltimes.in/arunachal-devastated-by-landslides-and-floods-minor-dead/,COOLR administrative division; Uttaranchal normalized to Uttarakhand,OK
11165,2017-07-09,2017-07-09 05:30:00,2017,Arunachal Pradesh,27.093,93.619,"Landslide near Civil Secretariat, Itanagar","Civil Secretariat, Itanagar, Arunachal Pradesh, India",Known exactly,Landslide,Continuous rain,Small,Above road,0,0.0,Arunachal Times,GLC,,NASA COOLR,http://www.arunachaltimes.in/arunachal-devastated-by-landslides-and-floods-minor-dead/,COOLR administrative division; Uttaranchal normalized to Uttarakhand,OK
11166,2017-07-09,2017-07-09 05:30:00,2017,Arunachal Pradesh,27.077,93.598,Landslides in Aalo,"Aalo, Itanagar, Papum Pare, Arunachal Pradesh",Known within 5 km,Landslide,Continuous rain,Small,Urban,0,0.0,Arunachal Times,GLC,,NASA COOLR,http://www.arunachaltimes.in/arunachal-devastated-by-landslides-and-floods-minor-dead/,COOLR administrative division; Uttaranchal normalized to Uttarakhand,OK
11167,2017-07-09,2017-07-09 05:30:00,2017,Arunachal Pradesh,27.116,93.796,Landslide on road near Durga Mandir,"Naharlagun Sub-District, Papum Pare, Arunachal Pradesh",Known within 10 km,Landslide,Continuous rain,Small,Above road,0,0.0,Arunachal Times,GLC,,NASA COOLR,http://www.arunachaltimes.in/arunachal-devastated-by-landslides-and-floods-minor-dead/,COOLR administrative division; Uttaranchal normalized to Uttarakhand,OK
11169,2017-07-09,2017-07-09 05:30:00,2017,Arunachal Pradesh,27.06,93.501,Landslide on Itanagar- Jote-Tapiasso road,"Itanagar- Jote-Tapiasso road, Papum Pare, Arunachal Pradesh",Known within 10 km,Landslide,Continuous rain,Medium,Above road,0,0.0,The Arunachal Times,GLC,,NASA COOLR,http://www.arunachaltimes.in/rebia-inspects-flood-ravaged-itanagar-jote-tapiasso-road-doimukh-circle/,COOLR administrative division; Uttaranchal normalized to Uttarakhand,OK
11170,2017-07-09,2017-07-09 05:30:00,2017,Arunachal Pradesh,27.142,93.665,Mudslides in Borum and Nyorch,"Naharlagun Sub-District, Papum Pare, Arunachal Pradesh",Known within 5 km,Mudslide,Continuous rain,Medium,Natural slope,0,0.0,The Arunachal Times,GLC,,NASA COOLR,http://www.arunachaltimes.in/arunachal-devastated-by-landslides-and-floods-minor-dead/,COOLR administrative division; Uttaranchal normalized to Uttarakhand,OK
11172,2017-07-09,2017-07-09 14:30:00,2017,Arunachal Pradesh,27.084,93.605,Landslide at Niti Vihar,"Niti Vihar, Itanagar, Arunachal Pradesh, India",Known within 5 km,Landslide,Continuous rain,Medium,Natural slope,0,0.0,Arunachal Times,GLC,,NASA COOLR,http://www.arunachaltimes.in/arunachal-devastated-by-landslides-and-floods-minor-dead/,COOLR administrative division; Uttaranchal normalized to Uttarakhand,OK
11177,2017-07-11,2017-07-11 05:30:00,2017,Arunachal Pradesh,27.584,91.877,Landslide in Tawang,"Tawang, Arunchal Pradesh",Known within 5 km,Landslide,Rain,Large,Unknown,19,0.0,NewsBytes,GLC,,NASA COOLR,https://www.newsbytesapp.com/timeline/India/1929/11909/arunachal-pradesh-floods-landslides-reap-misery,COOLR administrative division; Uttaranchal normalized to Uttarakhand,OK
11168,2017-07-11,2017-07-11 21:30:00,2017,Arunachal Pradesh,27.209,93.615,Large landslide at Laptap village,"Laptap, Papum Pare, Arunachal Pradesh, India",Known exactly,Landslide,Continuous rain,Large,Natural slope,14,0.0,Hindustan Times,GLC,,NASA COOLR,http://www.hindustantimes.com/india-news/14-people-feared-dead-in-massive-landslide-in-arunachal-pradesh/story-I1ogsSk2zfyvXm2wGlmjWP.html,COOLR administrative division; Uttaranchal normalized to Uttarakhand,OK
13263,2017-09-30,2017-09-30 16:00:00,2017,Arunachal Pradesh,27.304,92.408,Dirang-Bomdila Rockslide,"5 mile area, between Bomdila and Dirang road, Chariduar - Tawang Road, India.",Known within 10 km,Rock fall,Unknown,Large,Above road,,,The Arunachal Times,GLC,,NASA COOLR,https://arunachaltimes.in/index.php/2017/10/01/roads-to-dirang-ziro-blocked/,COOLR administrative division; Uttaranchal normalized to Uttarakhand,OK
14520,2018-09-14,2018-09-14 21:15:00,2018,Arunachal Pradesh,27.104,93.645,Itanagar - Naharlaugn Landslides,"Itanagar-Naharlaugn, Arunachal Pradesh, 791111",Known within 5 km,Landslide,Continuous rain,Medium,Unknown,5,,The New Indian Express,GLC,,NASA COOLR,https://www.newindianexpress.com/nation/2018/sep/14/two-killed-three-missing-in-arunachal-flood-and-landslides-1871930.html,COOLR administrative division; Uttaranchal normalized to Uttarakhand,OK
130,2007-07-19,2007-07-19 05:30:00,2007,Assam,26.17,91.799,Guwahati,Guwahati,Known within 25 km,Landslide,Rain,Medium,Unknown,6,,Saharas Samay,GLC,130.0,NASA COOLR,http://www.saharasamay.com/samayhtml/articles.aspx?newsid=80536,COOLR administrative division; Uttaranchal normalized to Uttarakhand,OK
213,2007-08-26,2007-08-26 05:30:00,2007,Assam,25.295,92.834,Shillong Road at Kuliang in the Jaintia Hills,Shillong Road at Kuliang in the Jaintia Hills,Location not known,Landslide,Rain,Medium,Unknown,,,Telegraph India,GLC,213.0,NASA COOLR,http://www.telegraphindia.com/1070830/asp/northeast/story_8253906.asp,COOLR administrative division; Uttaranchal normalized to Uttarakhand,OK
264,2007-09-13,2007-09-13 05:30:00,2007,Assam,26.183,91.8,Guwahati,Guwahati,Known within 10 km,Landslide,Rain,Medium,Unknown,,,Saharas Samay,GLC,264.0,NASA COOLR,http://www.saharasamay.com/samayhtml/articles.aspx?newsid=84791,COOLR administrative division; Uttaranchal normalized to Uttarakhand,OK
545,2008-05-20,2008-05-20 05:30:00,2008,Assam,24.985,92.841,"A Cachar District village, near village of Srinager, Assam","A Cachar District village, near village of Srinager, Assam",Known within 50 km,Mudslide,Mining,Medium,Unknown,5,,Telegraph India,GLC,545.0,NASA COOLR,http://www.telegraphindia.com/1080521/jsp/northeast/story_9297276.jsp,COOLR administrative division; Uttaranchal normalized to Uttarakhand,OK
587,2008-06-15,2008-06-15 05:30:00,2008,Assam,27.23,94.099,"Lakhimpur district, Bihpuria, Assam","Lakhimpur district, Bihpuria, Assam",Known within 25 km,Landslide,Downpour,Medium,Unknown,17,,Telegraph India,GLC,587.0,NASA COOLR,http://www.telegraphindia.com/1080616/jsp/northeast/story_9416169.jsp,COOLR administrative division; Uttaranchal normalized to Uttarakhand,OK
714,2008-08-14,2008-08-14 05:30:00,2008,Assam,27.163,94.0,"Kimin-Ziro road in Papum Pare district, road between Doimukh and Sagalee, Doimukh-Hoj road; Arunachal Pradesh","Kimin-Ziro road in Papum Pare district, road between Doimukh and Sagalee, Doimukh-Hoj road; Arunachal Pradesh",Known within 50 km,Landslide,Rain,Medium,Unknown,,,morungexpress,GLC,714.0,NASA COOLR,http://www.morungexpress.com/regional/1615.html,COOLR administrative division; Uttaranchal normalized to Uttarakhand,OK
868,2008-10-29,2008-10-29 05:30:00,2008,Assam,26.333,91.25,"Kamrup, and Sonitpur, Assam","Kamrup, and Sonitpur, Assam",Known within 50 km,Landslide,Downpour,Medium,Unknown,7,,in.reuters,GLC,868.0,NASA COOLR,http://in.reuters.com/article/topNews/idINIndia-36198420081029,COOLR administrative division; Uttaranchal normalized to Uttarakhand,OK
869,2008-10-29,2008-10-29 05:30:00,2008,Assam,27.233,94.117,North Lakhimpur ,North Lakhimpur ,Known within 50 km,Landslide,Downpour,Medium,Unknown,,,rttnews,GLC,869.0,NASA COOLR,http://www.rttnews.com/ArticleView.aspx?Id=758386&SMap=1,COOLR administrative division; Uttaranchal normalized to Uttarakhand,OK
1109,2009-08-20,2009-08-20 05:30:00,2009,Assam,25.522,93.165,Lumding-Badarpur section in North Cachar Hills district,Lumding-Badarpur section in North Cachar Hills district,Known within 25 km,Landslide,Downpour,Medium,Unknown,0,,prokerala,GLC,1109.0,NASA COOLR,http://www.prokerala.com/news/articles/a75292.html,COOLR administrative division; Uttaranchal normalized to Uttarakhand,OK
1127,2009-08-27,2009-08-27 05:30:00,2009,Assam,25.172,93.123,between Mahur and Phaiding railway stations on Barail hills (Mahur and Barail hills located),between Mahur and Phaiding railway stations on Barail hills (Mahur and Barail hills located),Known within 10 km,Landslide,Downpour,Medium,Unknown,,,prokerala,GLC,1127.0,NASA COOLR,http://www.prokerala.com/news/articles/a75292.html,COOLR administrative division; Uttaranchal normalized to Uttarakhand,OK
1611,2010-04-01,2010-04-01 05:30:00,2010,Assam,25.155,93.028,"Paglanala village, Dholai Block, near Dwarbandh locality of the district, Cachar district (could only find district) 45 km from Silchar, Assam","Paglanala village, Dholai Block, near Dwarbandh locality of the district, Cachar district (could only find district) 45 km from Silchar, Assam",Known within 25 km,Landslide,Downpour,Medium,Unknown,3,,en.apa,GLC,1611.0,NASA COOLR,http://en.apa.az/news.php?id=119178,COOLR administrative division; Uttaranchal normalized to Uttarakhand,OK
1770,2010-04-20,2010-04-20 05:30:00,2010,Assam,26.197,91.763,"Kharghuli, Guwahati, Assam","Kharghuli, Guwahati, Assam",Known within 1 km,Landslide,Downpour,Medium,Unknown,0,,assamtribune,GLC,1770.0,NASA COOLR,http://www.assamtribune.com/scripts/detailsnew.asp?id=apr2110/at06,COOLR administrative division; Uttaranchal normalized to Uttarakhand,OK
1771,2010-04-20,2010-04-20 05:30:00,2010,Assam,26.198,91.767,"Raj Bhavan Guwahati, Assam","Raj Bhavan Guwahati, Assam",Known exactly,Landslide,Downpour,Medium,Unknown,0,,assamtribune,GLC,1771.0,NASA COOLR,http://www.assamtribune.com/scripts/detailsnew.asp?id=apr2110/at06,COOLR administrative division; Uttaranchal normalized to Uttarakhand,OK
1934,2010-06-03,2010-06-03 10:30:00,2010,Assam,24.601,92.381,Rongpur village under Bhairabhnagar panchayat in Karimganj district,Rongpur village under Bhairabhnagar panchayat in Karimganj district,Known within 25 km,Landslide,Downpour,Medium,Unknown,2,,Telegraph India,GLC,1934.0,NASA COOLR,http://www.telegraphindia.com/1100605/jsp/northeast/story_12529386.jsp,COOLR administrative division; Uttaranchal normalized to Uttarakhand,OK
1961,2010-06-09,2010-06-09 19:45:00,2010,Assam,25.883,91.2,"Ishok Chingphu(?), Bishnupur, Assam","Ishok Chingphu(?), Bishnupur, Assam",Known within 50 km,Landslide,Downpour,Medium,Unknown,0,,e-pao.net,GLC,1961.0,NASA COOLR,http://e-pao.net/GP.asp?src=Snipp3..100610.jun10,COOLR administrative division; Uttaranchal normalized to Uttarakhand,OK
1987,2010-06-15,2010-06-15 05:30:00,2010,Assam,25.227,93.166,"rails between Mahur and Wadringdisa(?), Assam","rails between Mahur and Wadringdisa(?), Assam",Known within 25 km,Landslide,Downpour,Medium,Unknown,0,,ptinews,GLC,1987.0,NASA COOLR,http://www.ptinews.com/news/721800_Landslides--blockade-hit-trains-services-in-NC-Hills,COOLR administrative division; Uttaranchal normalized to Uttarakhand,OK
1994,2010-06-16,2010-06-16 05:30:00,2010,Assam,25.063,92.803,"rails between Jatinga and Longrangjao(?), Assam","rails between Jatinga and Longrangjao(?), Assam",Known within 25 km,Landslide,Downpour,Medium,Unknown,0,,ptinews,GLC,1994.0,NASA COOLR,http://www.ptinews.com/news/721800_Landslides--blockade-hit-trains-services-in-NC-Hills,COOLR administrative division; Uttaranchal normalized to Uttarakhand,OK
2140,2010-07-25,2010-07-25 05:30:00,2010,Assam,25.048,92.801,"road between Halfong and Redzol(?) or Silchar, Assam","road between Halfong and Redzol(?) or Silchar, Assam",Known within 25 km,Landslide,Downpour,Medium,Unknown,0,,Telegraph India,GLC,2140.0,NASA COOLR,http://www.telegraphindia.com/1100727/jsp/northeast/story_12728199.jsp,COOLR administrative division; Uttaranchal normalized to Uttarakhand,OK
2573,2010-10-09,2010-10-09 05:30:00,2010,Assam,25.18,93.008,"Haflong, Assam","Haflong, Assam",Known within 5 km,Mudslide,Downpour,Medium,Unknown,1,,dnaindia,GLC,2573.0,NASA COOLR,http://www.dnaindia.com/india/report_one-dead-road-and-rail-communication-disrupted-due-to-rains-in-assam_1450237,COOLR administrative division; Uttaranchal normalized to Uttarakhand,OK
2574,2010-10-09,2010-10-09 05:30:00,2010,Assam,25.475,93.148,"between Mahur and Maigrandisa(?) or Lumding, Assam","between Mahur and Maigrandisa(?) or Lumding, Assam",Known within 50 km,Landslide,Downpour,Medium,Unknown,0,,dnaindia,GLC,2574.0,NASA COOLR,http://www.dnaindia.com/india/report_one-dead-road-and-rail-communication-disrupted-due-to-rains-in-assam_1450237,COOLR administrative division; Uttaranchal normalized to Uttarakhand,OK
2575,2010-10-09,2010-10-09 05:30:00,2010,Assam,25.524,92.991,"road between Haflong and Lanka, Assam","road between Haflong and Lanka, Assam",Known within 50 km,Landslide,Downpour,Medium,Unknown,0,,dnaindia,GLC,2575.0,NASA COOLR,http://www.dnaindia.com/india/report_one-dead-road-and-rail-communication-disrupted-due-to-rains-in-assam_1450237,COOLR administrative division; Uttaranchal normalized to Uttarakhand,OK
3532,2011-05-24,2011-05-24 05:30:00,2011,Assam,25.089,92.855,"Silchar-Haflong rd., at Reko(Rekha )(?), near Harangajao, Barail Hills, Assam","Silchar-Haflong rd., at Reko(Rekha )(?), near Harangajao, Barail Hills, Assam",Known within 10 km,Complex,Downpour,Medium,Unknown,0,,articles.timesofindia,GLC,3532.0,NASA COOLR,http://articles.timesofindia.indiatimes.com/2011-05-27/guwahati/29591193_1_dima-hasao-landslide-traffic-movement,COOLR administrative division; Uttaranchal normalized to Uttarakhand,OK
3672,2011-06-29,2011-06-29 05:30:00,2011,Assam,25.513,93.361,"Portions of NH 39, Connectin Manipur with Assam via Nagaland","Portions of NH 39, Connectin Manipur with Assam via Nagaland",Location not known,Landslide,Downpour,Medium,Unknown,0,,articles.timesofindia,GLC,3672.0,NASA COOLR,http://articles.timesofindia.indiatimes.com/2011-06-30/guwahati/29720982_1_heavy-rains-highway,COOLR administrative division; Uttaranchal normalized to Uttarakhand,OK
3837,2011-07-24,2011-07-24 18:00:00,2011,Assam,26.584,93.004,NH 37,NH 37,Known within 50 km,Landslide,Downpour,Medium,Unknown,0,,e-pao.net,GLC,3837.0,NASA COOLR,http://e-pao.net/GP.asp?src=17..250711.jul11,COOLR administrative division; Uttaranchal normalized to Uttarakhand,OK
3965,2011-09-06,2011-09-06 13:30:00,2011,Assam,24.808,93.117,NH 37 at Awang Khul ,NH 37 at Awang Khul ,Known within 1 km,Landslide,Rain,Medium,Unknown,3,,e-pao.net,GLC,3965.0,NASA COOLR,http://e-pao.net/GP.asp?src=Snipp8..080911.sep11,COOLR administrative division; Uttaranchal normalized to Uttarakhand,OK
3983,2011-09-23,2011-09-23 05:30:00,2011,Assam,26.155,91.735,"Maighuli, Guwahati, Meghalaya","Maighuli, Guwahati, Meghalaya",Location not known,Landslide,Downpour,Large,Unknown,4,,nbtvlive,GLC,3983.0,NASA COOLR,"http://www.nbtvlive.com/latest-news-4 die, 10 injured in landslide along assam-meghalaya border-crime-23-sep-2011-guwahati-press trust of india-54889.html",COOLR administrative division; Uttaranchal normalized to Uttarakhand,OK
4377,2012-06-02,2012-06-02 05:30:00,2012,Assam,26.148,91.736,"Guwahati, Assam","Guwahati, Assam",Known within 5 km,Landslide,Downpour,Large,Unknown,,,ibnlive.in,GLC,4377.0,NASA COOLR,http://ibnlive.in.com/generalnewsfeed/news/barrak-valley-cut-off-due-to-heavy-landslides/1007155.html,COOLR administrative division; Uttaranchal normalized to Uttarakhand,OK
4382,2012-06-03,2012-06-03 05:30:00,2012,Assam,25.118,92.857," between Harangajao and Mailongdisa, Assa,"," between Harangajao and Mailongdisa, Assa,",Known within 5 km,Landslide,Downpour,Medium,Unknown,,,articles.timesofindia,GLC,4382.0,NASA COOLR,http://articles.timesofindia.indiatimes.com/2012-06-04/guwahati/32030359_1_barail-hill-harangajao-landslides,COOLR administrative division; Uttaranchal normalized to Uttarakhand,OK
4383,2012-06-03,2012-06-03 05:30:00,2012,Assam,25.306,93.127,"between Maibang and Daotohaja, Assam","between Maibang and Daotohaja, Assam",Known within 5 km,Landslide,Downpour,Medium,Unknown,,,articles.timesofindia,GLC,4383.0,NASA COOLR,http://articles.timesofindia.indiatimes.com/2012-06-04/guwahati/32030359_1_barail-hill-harangajao-landslides,COOLR administrative division; Uttaranchal normalized to Uttarakhand,OK
4384,2012-06-03,2012-06-03 05:30:00,2012,Assam,25.178,93.012,"between Haflong and  Bagetar, Assam","between Haflong and  Bagetar, Assam",Known within 5 km,Landslide,Downpour,Medium,Unknown,,,articles.timesofindia,GLC,4384.0,NASA COOLR,http://articles.timesofindia.indiatimes.com/2012-06-04/guwahati/32030359_1_barail-hill-harangajao-landslides,COOLR administrative division; Uttaranchal normalized to Uttarakhand,OK
4424,2012-06-20,2012-06-20 05:30:00,2012,Assam,26.149,91.735,"Lalunggaon, Guwahati,  Assam","Lalunggaon, Guwahati,  Assam",Known within 1 km,Landslide,Downpour,Medium,Unknown,,,twocircles.net,GLC,4424.0,NASA COOLR,http://twocircles.net/2012jun22/landslide_kills_three_assam.html,COOLR administrative division; Uttaranchal normalized to Uttarakhand,OK
4426,2012-06-22,2012-06-22 05:30:00,2012,Assam,26.123,91.716,Lalunggaon near Gorchuk area,Lalunggaon near Gorchuk area,Known within 5 km,Landslide,Downpour,Medium,Unknown,3,,thesop.org,GLC,4426.0,NASA COOLR,http://thesop.org/story/20120701/woman-killed-in-guwahati-by-landslide.html,COOLR administrative division; Uttaranchal normalized to Uttarakhand,OK
4434,2012-06-25,2012-06-25 23:30:00,2012,Assam,26.105,91.737,"Sonaighuli area near Kahilipara, Guwahati City, Assam","Sonaighuli area near Kahilipara, Guwahati City, Assam",Known within 1 km,Landslide,Downpour,Large,Unknown,1,,thesop.org,GLC,4434.0,NASA COOLR,http://thesop.org/story/20120701/woman-killed-in-guwahati-by-landslide.html,COOLR administrative division; Uttaranchal normalized to Uttarakhand,OK
4859,2013-05-11,2013-05-11 05:30:00,2013,Assam,26.177,91.76,"Sarania Hills, North Guwahati, Guwahati, Assam,","Sarania Hills, North Guwahati, Guwahati, Assam,",Known within 5 km,Landslide,Rain,Medium,Unknown,,1.0,articles.timesofindia.indiatimes.com,GLC,4859.0,NASA COOLR,http://articles.timesofindia.indiatimes.com/2013-05-12/guwahati/39203561_1_artificial-floods-guwahati-municipal-corporation-gs-road,COOLR administrative division; Uttaranchal normalized to Uttarakhand,OK
4860,2013-05-11,2013-05-11 05:30:00,2013,Assam,26.102,91.691,"Boragaon, North Guwahati, Guwahati, Assam,","Boragaon, North Guwahati, Guwahati, Assam,",Known within 5 km,Landslide,Rain,Medium,Unknown,,,articles.timesofindia.indiatimes.com,GLC,4860.0,NASA COOLR,http://articles.timesofindia.indiatimes.com/2013-05-12/guwahati/39203561_1_artificial-floods-guwahati-municipal-corporation-gs-road,COOLR administrative division; Uttaranchal normalized to Uttarakhand,OK
4858,2013-05-11,2013-05-11 14:30:00,2013,Assam,26.166,91.714,"Nursery, North Guwahati, Guwahati, Assam,","Nursery, North Guwahati, Guwahati, Assam,",Known within 50 km,Landslide,Rain,Medium,Unknown,,,articles.timesofindia.indiatimes.com,GLC,4858.0,NASA COOLR,http://articles.timesofindia.indiatimes.com/2013-05-12/guwahati/39203561_1_artificial-floods-guwahati-municipal-corporation-gs-road,COOLR administrative division; Uttaranchal normalized to Uttarakhand,OK
5584,2013-10-06,2013-10-06 05:30:00,2013,Assam,26.167,91.705,"Nilachal Hill, Guwahati, Assam","Nilachal Hill, Guwahati, Assam",Known within 5 km,Landslide,Downpour,Medium,Unknown,0,,articles.timesofindia.indiatimes.com,GLC,5584.0,NASA COOLR,http://articles.timesofindia.indiatimes.com/2013-10-07/guwahati/42793381_1_anil-nagar-heavy-rain-nabin-nagar,COOLR administrative division; Uttaranchal normalized to Uttarakhand,OK
5582,2013-10-06,2013-10-06 18:15:00,2013,Assam,26.131,91.838,"Batahguli, Guwahati, Assam","Batahguli, Guwahati, Assam",Known within 5 km,Landslide,Downpour,Medium,Unknown,1,,articles.timesofindia.indiatimes.com,GLC,5582.0,NASA COOLR,http://articles.timesofindia.indiatimes.com/2013-10-07/guwahati/42793381_1_anil-nagar-heavy-rain-nabin-nagar,COOLR administrative division; Uttaranchal normalized to Uttarakhand,OK
6016,2014-05-10,2014-05-10 04:30:00,2014,Assam,24.867,92.358,"Satgarakul Village, Karimganj, Assam State","Satgarakul Village, Karimganj, Assam State",Known within 1 km,Landslide,Rain,Small,Unknown,7,0.0,Sciency Thoughts,GLC,6016.0,NASA COOLR,http://sciencythoughts.blogspot.com/2014/05/seven-members-of-one-family-killed-by.html,COOLR administrative division; Uttaranchal normalized to Uttarakhand,OK
6106,2014-06-27,2014-06-27 04:30:00,2014,Assam,26.141,91.765,Narakasur,Narakasur,Known within 5 km,Landslide,Continuous rain,Small,Unknown,3,0.0,Two Circles,GLC,6106.0,NASA COOLR,http://twocircles.net/2014jun27/8_killed_assam_landslides_electrocution.html#.U70ydPldU1L,COOLR administrative division; Uttaranchal normalized to Uttarakhand,OK
6107,2014-06-27,2014-06-27 04:30:00,2014,Assam,26.184,91.79,Bamunimaidam,Bamunimaidam,Known within 5 km,Landslide,Continuous rain,Small,Unknown,1,0.0,Two Circles,GLC,6107.0,NASA COOLR,http://twocircles.net/2014jun27/8_killed_assam_landslides_electrocution.html#.U70ydPldU1L,COOLR administrative division; Uttaranchal normalized to Uttarakhand,OK
6110,2014-06-27,2014-06-27 05:30:00,2014,Assam,26.162,91.77,"Bhangagarh, Assam","Bhangagarh, Assam",Known exactly,Landslide,Rain,Small,Unknown,3,0.0,Assam Times,GLC,6110.0,NASA COOLR,http://www.assamtimes.org/node/11181,COOLR administrative division; Uttaranchal normalized to Uttarakhand,OK
6112,2014-06-28,2014-06-28 14:30:00,2014,Assam,26.196,91.765,"Kharghuli Hills, Assam","Kharghuli Hills, Assam",Known exactly,Landslide,Rain,Medium,Unknown,0,0.0,Assam Times,GLC,6112.0,NASA COOLR,http://www.assamtimes.org/node/11181,COOLR administrative division; Uttaranchal normalized to Uttarakhand,OK
6282,2014-09-22,2014-09-22 05:30:00,2014,Assam,26.11,91.775,Lalmati,Lalmati,Known within 5 km,Landslide,Rain,Small,Urban,1,0.0,Assam Tribune,GLC,6282.0,NASA COOLR,http://www.assamtribune.com/scripts/detailsnew.asp?id=sep2414/at051,COOLR administrative division; Uttaranchal normalized to Uttarakhand,OK
6283,2014-09-22,2014-09-22 05:30:00,2014,Assam,26.131,91.755,Dakhingaon,Dakhingaon,Known within 1 km,Landslide,Rain,Small,Unknown,0,0.0,Assam Tribune,GLC,6283.0,NASA COOLR,http://www.assamtribune.com/scripts/detailsnew.asp?id=sep2414/at051,COOLR administrative division; Uttaranchal normalized to Uttarakhand,OK
6284,2014-09-22,2014-09-22 05:30:00,2014,Assam,26.132,91.834,Batahghuli,Batahghuli,Known within 5 km,Landslide,Rain,Small,Unknown,0,1.0,Assam Tribune,GLC,6284.0,NASA COOLR,http://www.assamtribune.com/scripts/detailsnew.asp?id=sep2414/at051,COOLR administrative division; Uttaranchal normalized to Uttarakhand,OK
6285,2014-09-22,2014-09-22 05:30:00,2014,Assam,26.159,91.818,VIP Road,VIP Road,Known within 5 km,Landslide,Rain,Small,Above road,0,0.0,Assam Tribune,GLC,6285.0,NASA COOLR,http://www.assamtribune.com/scripts/detailsnew.asp?id=sep2414/at051,COOLR administrative division; Uttaranchal normalized to Uttarakhand,OK
6286,2014-09-22,2014-09-22 05:30:00,2014,Assam,26.104,91.708,Garchuk,Garchuk,Known within 5 km,Landslide,Rain,Small,Unknown,0,0.0,Assam Tribune,GLC,6286.0,NASA COOLR,http://www.assamtribune.com/scripts/detailsnew.asp?id=sep2414/at051,COOLR administrative division; Uttaranchal normalized to Uttarakhand,OK
6287,2014-09-22,2014-09-22 05:30:00,2014,Assam,26.13,91.706,Dhirenpara,Dhirenpara,Known within 5 km,Landslide,Rain,Small,Unknown,0,0.0,Assam Tribune,GLC,6287.0,NASA COOLR,http://www.assamtribune.com/scripts/detailsnew.asp?id=sep2414/at051,COOLR administrative division; Uttaranchal normalized to Uttarakhand,OK
6288,2014-09-22,2014-09-22 05:30:00,2014,Assam,26.199,91.8,Noonmati,Noonmati,Known within 5 km,Landslide,Rain,Small,Unknown,0,0.0,Assam Tribune,GLC,6288.0,NASA COOLR,http://www.assamtribune.com/scripts/detailsnew.asp?id=sep2414/at051,COOLR administrative division; Uttaranchal normalized to Uttarakhand,OK
6289,2014-09-22,2014-09-22 05:30:00,2014,Assam,26.1,91.685,Pamohi,Pamohi,Known within 5 km,Landslide,Rain,Small,Unknown,0,0.0,Assam Tribune,GLC,6289.0,NASA COOLR,http://www.assamtribune.com/scripts/detailsnew.asp?id=sep2414/at051,COOLR administrative division; Uttaranchal normalized to Uttarakhand,OK
6292,2014-09-23,2014-09-23 05:30:00,2014,Assam,25.724,89.903,Hatsingimari,Hatsingimari,Known within 5 km,Landslide,Continuous rain,Small,Unknown,1,0.0,Deccan Herald,GLC,6292.0,NASA COOLR,http://www.deccanherald.com/content/432481/landslide-guwahati-shillong-highway.html,COOLR administrative division; Uttaranchal normalized to Uttarakhand,OK
6775,2015-02-14,2015-02-14 05:30:00,2015,Assam,26.147,91.647,Kailashpur hill,Kailashpur hill,Known within 5 km,Landslide,Mining,Small,Mine,1,2.0,Telegraph,GLC,6775.0,NASA COOLR,http://www.telegraphindia.com/1150215/jsp/frontpage/story_3475.jsp#.VONkky5HWUk,COOLR administrative division; Uttaranchal normalized to Uttarakhand,OK
6786,2015-02-20,2015-02-20 04:30:00,2015,Assam,24.611,92.562,"Hailākāndi : Two labourers died while another was injured in a landslide in Assam's Hailakandi district, the police said today.",,Known within 5 km,Landslide,Mining,Medium,Mine,2,1.0,Business Standard,GLC,6786.0,NASA COOLR,http://www.business-standard.com/article/pti-stories/two-labourers-killed-in-landslide-115022000437_1.html,COOLR administrative division; Uttaranchal normalized to Uttarakhand,OK
7591,2015-03-19,2015-03-19 05:30:00,2015,Assam,25.032,92.458,Ratacherra,Ratacherra,Known within 5 km,Landslide,Rain,Small,Unknown,0,0.0,International Business Times,GLC,7591.0,NASA COOLR,http://www.ibtimes.co.in/meghalaya-massive-landslide-east-jaintia-hills-flash-floods-shillong-hit-normal-life-643439,COOLR administrative division; Uttaranchal normalized to Uttarakhand,OK
7253,2015-07-22,2015-07-22 05:30:00,2015,Assam,24.798,92.997,Lakhipur,Lakhipur,Known within 5 km,Landslide,Continuous rain,Medium,Urban,5,0.0,Assam Times,GLC,7253.0,NASA COOLR,http://www.assamtimes.org/node/14309,COOLR administrative division; Uttaranchal normalized to Uttarakhand,OK
7276,2015-07-25,2015-07-25 14:30:00,2015,Assam,26.106,91.872,"Dispur : According to report, a huge hillock slipped into the house after heavy rain where Dinesh Bodo along with his wife and daughter lived in. Thi*",,Known within 5 km,Landslide,Continuous rain,Medium,Natural slope,2,0.0,ASSAM Talks,GLC,7276.0,NASA COOLR,http://www.assamtalks.com/2-killed-in-jorabat-landslide.html,COOLR administrative division; Uttaranchal normalized to Uttarakhand,OK
7728,2015-08-22,2015-08-22 14:30:00,2015,Assam,26.103,91.881,Natonal Highway in Jorabat area,Natonal Highway in Jorabat area,Known within 5 km,Landslide,Continuous rain,Medium,Above road,0,0.0,Assam Times,GLC,7728.0,NASA COOLR,http://www.assamtimes.org/node/14643,COOLR administrative division; Uttaranchal normalized to Uttarakhand,OK
7923,2015-09-01,2015-09-01 05:30:00,2015,Assam,26.493,91.721,Amingaon,Amingaon,Known within 10 km,Landslide,Rain,Medium,Unknown,2,0.0,The New Indian Express,GLC,7923.0,NASA COOLR,http://www.newindianexpress.com/nation/Woman-Child-Killed-in-Assam-Landslide/2015/09/01/article3005012.ece,COOLR administrative division; Uttaranchal normalized to Uttarakhand,OK
7933,2015-09-01,2015-09-01 05:30:00,2015,Assam,26.187,91.674,Maligaon,Maligaon,Known within 1 km,Rock fall,Rain,Medium,Unknown,2,0.0,Assam Times,GLC,7933.0,NASA COOLR,http://www.assamtimes.org/node/14780,COOLR administrative division; Uttaranchal normalized to Uttarakhand,OK
8339,2015-09-23,2015-09-23 05:30:00,2015,Assam,26.167,91.704,Kamakhya Temple,Kamakhya Temple,Known within 1 km,Landslide,Continuous rain,Medium,Above road,0,0.0,Assam Times,GLC,8339.0,NASA COOLR,http://www.assamtimes.org/node/15150,COOLR administrative division; Uttaranchal normalized to Uttarakhand,OK
9334,2016-05-18,2016-05-18 13:30:00,2016,Assam,24.52,92.726,"Bilaipur, Hailakandi district, Assam, India","Bilaipur, Hailakandi district, Assam, India",Known within 1 km,Landslide,Continuous rain,Unknown,Unknown,2,0.0,Indian Express,GLC,9334.0,NASA COOLR,http://indianexpress.com/article/india/india-news-india/at-least-10-killed-in-landslides-in-assam-rescue-operations-underway-2806810/,COOLR administrative division; Uttaranchal normalized to Uttarakhand,OK
9335,2016-05-18,2016-05-18 13:30:00,2016,Assam,24.52,92.724,"Bilaipur, Hailakandi district, Assam, India","Bilaipur, Hailakandi district, Assam, India",Known within 1 km,Landslide,Continuous rain,Unknown,Unknown,2,0.0,Indian Express,GLC,9335.0,NASA COOLR,http://indianexpress.com/article/india/india-news-india/at-least-10-killed-in-landslides-in-assam-rescue-operations-underway-2806810/,COOLR administrative division; Uttaranchal normalized to Uttarakhand,OK
9336,2016-05-18,2016-05-18 13:30:00,2016,Assam,24.531,92.512,"Ramchandi , Hailakandi District, Assam, India","Ramchandi , Hailakandi District, Assam, India",Known within 1 km,Landslide,Continuous rain,Small,Unknown,1,0.0,Indian Express,GLC,9336.0,NASA COOLR,http://indianexpress.com/article/india/india-news-india/at-least-10-killed-in-landslides-in-assam-rescue-operations-underway-2806810/,COOLR administrative division; Uttaranchal normalized to Uttarakhand,OK
9338,2016-05-18,2016-05-18 13:30:00,2016,Assam,24.464,92.494,"Sonachirra, Karimganj district, Assam, India","Sonachirra, Karimganj district, Assam, India",Known within 10 km,Landslide,Continuous rain,Medium,Natural slope,5,0.0,Indian Express,GLC,9338.0,NASA COOLR,http://indianexpress.com/article/india/india-news-india/at-least-10-killed-in-landslides-in-assam-rescue-operations-underway-2806810/,COOLR administrative division; Uttaranchal normalized to Uttarakhand,OK
8222,2016-06-22,2016-06-22 17:30:00,2016,Assam,26.196,91.783,"Piyali Phukan Nagar, Guwahati, India","Piyali Phukan Nagar, Guwahati, India",Known within 5 km,Mudslide,Downpour,Medium,Natural slope,1,0.0,NYOOOZ,GLC,8222.0,NASA COOLR,http://www.nyoooz.com/guwahati/515423/woman-killed-in-wall-collapse-after-landslide-in-guwahati,COOLR administrative division; Uttaranchal normalized to Uttarakhand,OK
8684,2016-07-07,2016-07-07 05:30:00,2016,Assam,25.961,91.368,"Kamrup district, Assam, India","Kamrup district, Assam, India",Known within 50 km,Landslide,Continuous rain,Medium,Retaining wall,2,2.0,Hindustan Times,GLC,8684.0,NASA COOLR,http://www.hindustantimes.com/india-news/two-killed-due-to-landslide-in-assam/story-iWPiQmWinCDc8gZotcTmFM.html,COOLR administrative division; Uttaranchal normalized to Uttarakhand,OK
8995,2016-07-14,2016-07-14 05:30:00,2016,Assam,26.196,91.807,"Noonmati Nijarapar area of the city, Guwahati, Assam, India","Noonmati Nijarapar area of the city, Guwahati, Assam, India",Known within 5 km,Landslide,Monsoon,Small,Unknown,1,0.0,Indian Express,GLC,8995.0,NASA COOLR,http://indianexpress.com/article/india/india-news-india/separate-landslides-kill-two-in-assam-2913748/,COOLR administrative division; Uttaranchal normalized to Uttarakhand,OK
8996,2016-07-14,2016-07-14 05:30:00,2016,Assam,26.177,91.77,"Pub Sarania hill, South Sarania, Guwahati, Assam, India","Pub Sarania hill, South Sarania, Guwahati, Assam, India",Known within 1 km,Landslide,Monsoon,Small,Natural slope,1,0.0,Indian Express,GLC,8996.0,NASA COOLR,http://indianexpress.com/article/india/india-news-india/separate-landslides-kill-two-in-assam-2913748/,COOLR administrative division; Uttaranchal normalized to Uttarakhand,OK
9051,2016-07-19,2016-07-19 14:30:00,2016,Assam,26.097,91.874,"12th Mile area at Jorabat, Meghalaya, India","12th Mile area at Jorabat, Meghalaya, India",Known within 25 km,Landslide,Unknown,Medium,Natural slope,0,1.0,NELIVE (North East Live),GLC,9051.0,NASA COOLR,http://www.nelive.in/assam/news/woman-injured-landslide,COOLR administrative division; Uttaranchal normalized to Uttarakhand,OK
9122,2016-07-20,2016-07-20 05:30:00,2016,Assam,26.197,91.802,"Noonmati, Guwahati, Assam, India","Noonmati, Guwahati, Assam, India",Known within 5 km,Landslide,Rain,Medium,Unknown,0,0.0,Times of India,GLC,9122.0,NASA COOLR,http://timesofindia.indiatimes.com/city/guwahati/Landslide-toll-touches-6-as-woman-buried-alive-in-Guwahati/articleshow/53314082.cms,COOLR administrative division; Uttaranchal normalized to Uttarakhand,OK
9917,2016-09-01,2016-09-01 05:30:00,2016,Assam,24.769,92.821,Landslide in Silchar,"Silchar, Assam, India",Known within 50 km,Landslide,Flooding,Large,Natural slope,4,0.0,EENADU India,GLC,,NASA COOLR,http://www.eenaduindia.com/states/east/assam/2016/09/01164302/2-bodies-found-2-others-missing-after-landslide-flood.vpf,COOLR administrative division; Uttaranchal normalized to Uttarakhand,OK
10972,2016-12-15,2016-12-15 05:30:00,2016,Assam,26.192,91.81,Landslide at Noonmati Nijarapar,"Noonmati Nijarapar, Assam, India",Known within 1 km,Landslide,Unknown,Small,Natural slope,1,0.0,NBC Daily,GLC,,NASA COOLR,http://www.nbcdaily.com/separate-landslides-kill-two-in-assam/85170/,COOLR administrative division; Uttaranchal normalized to Uttarakhand,OK
10973,2016-12-15,2016-12-15 05:30:00,2016,Assam,26.182,91.772,Landslide at Pub Sarania Hill,"Pub Sarania Hill, Guwahati, Assam, India",Known within 1 km,Landslide,Unknown,Small,Urban,1,0.0,NBC Daily,GLC,,NASA COOLR,http://www.nbcdaily.com/separate-landslides-kill-two-in-assam/85170/,COOLR administrative division; Uttaranchal normalized to Uttarakhand,OK
10976,2017-04-04,2017-04-04 05:30:00,2017,Assam,25.118,92.854,Landslide in Harangajao,"Harangajao, Assam, India",Known within 1 km,Landslide,Rain,Small,Above road,0,0.0,DNA,GLC,,NASA COOLR,http://www.dnaindia.com/india/report-all-schools-in-dima-haso-district-closed-due-to-bad-weather-2381478,COOLR administrative division; Uttaranchal normalized to Uttarakhand,OK
10977,2017-04-04,2017-04-04 05:30:00,2017,Assam,25.482,93.142,Landslides along National Highway 54,,Known within 50 km,Landslide,Rain,Small,Above road,0,0.0,DNA,GLC,,NASA COOLR,http://www.dnaindia.com/india/report-all-schools-in-dima-haso-district-closed-due-to-bad-weather-2381478,COOLR administrative division; Uttaranchal normalized to Uttarakhand,OK
10978,2017-04-04,2017-04-04 05:30:00,2017,Assam,25.132,93.047,Landslide in N. Leikul,"N. Leikul, Assam, India",Known within 1 km,Landslide,Rain,Small,Above road,0,0.0,DNA,GLC,,NASA COOLR,http://www.dnaindia.com/india/report-all-schools-in-dima-haso-district-closed-due-to-bad-weather-2381478,COOLR administrative division; Uttaranchal normalized to Uttarakhand,OK
10979,2017-04-04,2017-04-04 05:30:00,2017,Assam,25.195,93.173,Landslide in Phaiding,"Phaiding, Assam, India",Known within 1 km,Landslide,Rain,Small,Above road,0,0.0,DNA,GLC,,NASA COOLR,http://www.dnaindia.com/india/report-all-schools-in-dima-haso-district-closed-due-to-bad-weather-2381478,COOLR administrative division; Uttaranchal normalized to Uttarakhand,OK
10980,2017-04-04,2017-04-04 05:30:00,2017,Assam,25.181,93.118,Landslide in Mahur,"Mahur, Assam, India",Known within 1 km,Landslide,Rain,Small,Natural slope,0,0.0,DNA,GLC,,NASA COOLR,http://www.dnaindia.com/india/report-all-schools-in-dima-haso-district-closed-due-to-bad-weather-2381478,COOLR administrative division; Uttaranchal normalized to Uttarakhand,OK
10974,2017-04-05,2017-04-05 05:30:00,2017,Assam,26.161,91.853,Fatal landslide in Bonda,"Bonda, Guwahati, Assam, India",Known within 5 km,Landslide,Continuous rain,Medium,Urban,2,0.0,The Echo of India,GLC,,NASA COOLR,http://echoofindia.com/guwahati-landslide-kills-2-labourers-guwahati-3-die-lightning-strikes-across-assam-125768,COOLR administrative division; Uttaranchal normalized to Uttarakhand,OK
10975,2017-04-30,2017-04-30 00:30:00,2017,Assam,25.619,92.709,Fatal landslide in Makhim village,"Makhim (??), West Karbi Anglong, Assam",Known within 25 km,Landslide,Continuous rain,Medium,Natural slope,3,0.0,India Blooms,GLC,,NASA COOLR,http://www.indiablooms.com/ibns_new/news-details/N/30787/assam-three-children-die-in-landslide-in-west-karbi-anglong.html,COOLR administrative division; Uttaranchal normalized to Uttarakhand,OK
9750,2017-06-04,2017-06-04 05:30:00,2017,Assam,25.152,92.947,"Flood, Landslide in Assam",Dima Hasao district,Known within 50 km,Landslide,Continuous rain,Medium,Natural slope,,,NELive,GLC,,NASA COOLR,http://www.nelive.in/assam/news/assam-flood-landslide-disrupts-rail-connectivity-barak-valley-over-13000-affected-due,COOLR administrative division; Uttaranchal normalized to Uttarakhand,OK
11178,2017-06-19,2017-06-19 01:30:00,2017,Assam,26.964,92.783,Landslide traps commuters,"Bhalukpong, Assam",Known within 10 km,Landslide,Monsoon,Medium,Above road,0,0.0,Eastern Mirror,GLC,,NASA COOLR,http://www.easternmirrornagaland.com/army-rescues-200-people-from-landslide-site-in-arunachal-pradesh/,COOLR administrative division; Uttaranchal normalized to Uttarakhand,OK
9949,2017-07-03,2017-07-03 05:30:00,2017,Assam,26.1,91.874,Landslide opposite Jorabat Police Outpost,"G S Road, Sonapur, Kamrup Metropolitan, Assam, 781141",Known within 1 km,Landslide,Downpour,Small,Above road,0,0.0,The Assam Tribune,GLC,,NASA COOLR,http://www.assamtribune.com/scripts/detailsnew.asp?id=jul0417/city055,COOLR administrative division; Uttaranchal normalized to Uttarakhand,OK
9951,2017-07-03,2017-07-03 05:30:00,2017,Assam,26.106,91.852,Landslide hits Jorabat,"Jorabat, Assam State, India",Known within 5 km,Landslide,Downpour,Small,Unknown,0,0.0,The Assam Tribune,GLC,,NASA COOLR,http://www.assamtribune.com/scripts/detailsnew.asp?id=jul0417/city055,COOLR administrative division; Uttaranchal normalized to Uttarakhand,OK
9952,2017-07-03,2017-07-03 05:30:00,2017,Assam,26.104,91.862,Landslide hits Jorabat,"Sonapur, Kamrup Metropolitan, Assam",Known within 5 km,Landslide,Downpour,Small,Unknown,0,0.0,The Assam Tribune,GLC,,NASA COOLR,http://www.assamtribune.com/scripts/detailsnew.asp?id=jul0417/city055,COOLR administrative division; Uttaranchal normalized to Uttarakhand,OK
9972,2017-07-03,2017-07-03 05:30:00,2017,Assam,26.222,91.921,Fatal landslide in Chandrapur,"Chandrapur, Kamrup Metropolitan, Assam",Known within 10 km,Landslide,Continuous rain,Medium,Unknown,1,0.0,Hindustan Times,GLC,,NASA COOLR,http://www.hindustantimes.com/india-news/two-more-killed-in-assam-floods-more-than-3-5-lakh-people-affected/story-MmZHSSifUM78Jhd7l8lEzJ.html,COOLR administrative division; Uttaranchal normalized to Uttarakhand,OK
9940,2017-07-03,2017-07-03 12:30:00,2017,Assam,26.205,91.872,Landslide in Panikhaiti kills girl,"Panikhaiti, Kamrup Metropolitan, Assam State, India",Known within 1 km,Landslide,Continuous rain,Medium,Natural slope,1,0.0,The Tribune,GLC,,NASA COOLR,http://www.tribuneindia.com/news/nation/7-year-old-girl-killed-by-landslide-at-guwahati/431122.html,COOLR administrative division; Uttaranchal normalized to Uttarakhand,OK
10005,2017-07-06,2017-07-06 05:30:00,2017,Assam,26.11,91.803,Landslide crushes house,"Beltola, Assam State-Meghalaya State border, India",Known within 10 km,Landslide,Continuous rain,Medium,Unknown,0,0.0,DY365,GLC,,NASA COOLR,http://dy365.in/news_details.php?aID=6427&subC=2,COOLR administrative division; Uttaranchal normalized to Uttarakhand,OK
11162,2017-07-09,2017-07-09 05:30:00,2017,Assam,26.566,93.132,Landslide blocks NH-37,"Burapahar, Nagaon, Assam",Known within 5 km,Landslide,Continuous rain,Small,Above road,0,0.0,Daily World,GLC,,NASA COOLR,https://dailyworld.in/nagaon-a-landslide-at-national-highway-37-near-burapahar-area-in/,COOLR administrative division; Uttaranchal normalized to Uttarakhand,OK
10004,2017-07-10,2017-07-10 05:30:00,2017,Assam,26.145,91.794,Landslide damages house,"Dispur, Kamrup Metropolitan, Assam",Known within 1 km,Landslide,Continuous rain,Small,Urban,0,0.0,The Assam Tribune,GLC,,NASA COOLR,http://www.assamtribune.com/scripts/detailsnew.asp?id=jul1117/city050,COOLR administrative division; Uttaranchal normalized to Uttarakhand,OK
10007,2017-07-10,2017-07-10 05:30:00,2017,Assam,26.19,91.773,Landslide in Chandmari,"Chandmari, Guwahati, Kamrup Metropolitan, Assam, 781003",Known within 1 km,Landslide,Continuous rain,Small,Urban,0,0.0,The Assam Tribune,GLC,,NASA COOLR,http://www.assamtribune.com/scripts/detailsnew.asp?id=jul1117/city050,COOLR administrative division; Uttaranchal normalized to Uttarakhand,OK
11163,2017-07-10,2017-07-10 05:30:00,2017,Assam,26.951,93.867,Fatal landslide in Narayanpur,"Narayanpur, Lakhimpur, Assam, 784164",Known within 25 km,Landslide,Continuous rain,Medium,Unknown,2,0.0,Firstpost,GLC,,NASA COOLR,http://www.firstpost.com/india/assam-floods-death-toll-reaches-33-over-12-55-lakh-people-affected-across-20-districts-3798017.html,COOLR administrative division; Uttaranchal normalized to Uttarakhand,OK
14086,2018-12-18,2018-12-18 21:40:00,2018,Assam,25.196,93.134,Rock fall on Railroad tracks between Phiding and Mahur Stations,Railway between Phiding and Mahur station in Badarpur.,Known within 5 km,Rock fall,Rain,Small,Above road,0,0.0,Barak Bulletin,GLC,,NASA COOLR,https://www.barakbulletin.com/en_US/track-cleared-trains-are-running-again-in-badarpur-lumding-route/,COOLR administrative division; Uttaranchal normalized to Uttarakhand,OK
177,2007-08-12,2007-08-12 05:30:00,2007,Himachal Pradesh,32.733,77.591,"Himachal Pradesh, all over","Himachal Pradesh, all over",Location not known,Landslide,Rain,Medium,Unknown,11,,Himachal news,GLC,177.0,NASA COOLR,http://himachal.us/2007/08/13/11-dead-in-himachal-as-rain-throws-life-out-of-gear/2654/general/himachal-news,COOLR administrative division; Uttaranchal normalized to Uttarakhand,OK
178,2007-08-12,2007-08-12 05:30:00,2007,Himachal Pradesh,32.099,76.267,Kangra,Kangra,Known within 25 km,Landslide,Rain,Large,Unknown,2,,The hindu.com,GLC,178.0,NASA COOLR,http://www.hindu.com/thehindu/holnus/004200708121524.htm,COOLR administrative division; Uttaranchal normalized to Uttarakhand,OK
481,2008-03-17,2008-03-17 05:30:00,2008,Himachal Pradesh,32.286,77.161,"Nehrukund in Manali, Himachal Pradesh","Nehrukund in Manali, Himachal Pradesh",Known within 25 km,Landslide,Snowfall/snowmelt,Medium,Unknown,25,,thaindian,GLC,481.0,NASA COOLR,http://www.thaindian.com/newsportal/uncategorized/a-dozen-feared-killed-in-himachal-pradesh-landslide_10028453.html,COOLR administrative division; Uttaranchal normalized to Uttarakhand,OK
568,2008-06-03,2008-06-03 05:30:00,2008,Himachal Pradesh,31.208,77.193,Hindustan-Tibet National Highway near Matiana village,Hindustan-Tibet National Highway near Matiana village,Known within 25 km,Landslide,Rain,Medium,Unknown,,,thaindian,GLC,568.0,NASA COOLR,http://www.thaindian.com/newsportal/enviornment/landslide-blocks-hindustan-tibet-road_10056629.html,COOLR administrative division; Uttaranchal normalized to Uttarakhand,OK
592,2008-06-18,2008-06-18 05:30:00,2008,Himachal Pradesh,32.371,77.247,"Manali-Leh road, Gulaba near Rohtang Pass","Manali-Leh road, Gulaba near Rohtang Pass",Known within 25 km,Landslide,Rain,Medium,Unknown,,,thecheers,GLC,592.0,NASA COOLR,http://www.thecheers.org/news/South-Asia/news_28108_Manali-Leh-Highway-closed-down-due-to-landslide.html,COOLR administrative division; Uttaranchal normalized to Uttarakhand,OK
697,2008-08-08,2008-08-08 05:30:00,2008,Himachal Pradesh,31.13,77.09,"Barog, Shimla; Chandigarh-Shimla national highway","Barog, Shimla; Chandigarh-Shimla national highway",Known within 25 km,Landslide,Rain,Medium,Unknown,,,sindhtoday,GLC,697.0,NASA COOLR,http://www.sindhtoday.net/south-asia/10242.htm,COOLR administrative division; Uttaranchal normalized to Uttarakhand,OK
715,2008-08-14,2008-08-14 05:30:00,2008,Himachal Pradesh,31.0,77.12,"Shimla, Mandi, Solan and Sirmaur districts","Shimla, Mandi, Solan and Sirmaur districts",Location not known,Complex,Monsoon,Medium,Unknown,,,tribuneindia,GLC,715.0,NASA COOLR,http://www.tribuneindia.com/2008/20080815/himachal.htm#1,COOLR administrative division; Uttaranchal normalized to Uttarakhand,OK
725,2008-08-17,2008-08-17 05:30:00,2008,Himachal Pradesh,31.1,77.16,Shimla district,Shimla district,Known within 25 km,Landslide,Rain,Medium,Unknown,,,thaindian,GLC,725.0,NASA COOLR,http://www.thaindian.com/newsportal/uncategorized/landslides-hit-transportation-of-apple-crop-in-himachal-pradesh_10085625.html,COOLR administrative division; Uttaranchal normalized to Uttarakhand,OK
796,2008-09-19,2008-09-19 05:30:00,2008,Himachal Pradesh,30.56,77.3,Anni and Nahan,Anni and Nahan,Known within 10 km,Landslide,Downpour,Medium,Unknown,6,,indianexpress,GLC,796.0,NASA COOLR,http://www.indianexpress.com/news/42-dead-as-rain-plays-havoc-in-HP/363948,COOLR administrative division; Uttaranchal normalized to Uttarakhand,OK
797,2008-09-19,2008-09-19 05:30:00,2008,Himachal Pradesh,31.1,77.165,"Rohru,Theog and Chopal sub-divisions, Shimla, Himachal Pradesh","Rohru,Theog and Chopal sub-divisions, Shimla, Himachal Pradesh",Known within 10 km,Landslide,Downpour,Large,Unknown,38,,reuters,GLC,797.0,NASA COOLR,http://www.reuters.com/article/homepageCrisis/idUS122202461418._CH_.2400,COOLR administrative division; Uttaranchal normalized to Uttarakhand,OK
798,2008-09-19,2008-09-19 05:30:00,2008,Himachal Pradesh,31.587,78.315,"NH 22, Kinnaur district","NH 22, Kinnaur district",Known within 50 km,Landslide,Downpour,Medium,Unknown,,,expressindia,GLC,798.0,NASA COOLR,http://www.expressindia.com/latest-news/heavy-rain-disrupts-life-across-state/363742/,COOLR administrative division; Uttaranchal normalized to Uttarakhand,OK
942,2008-12-21,2008-12-21 05:30:00,2008,Himachal Pradesh,30.895,77.089,"Kalka-Shimla rail line, 1 km from Dharampur railway station at Tunnel No. 27","Kalka-Shimla rail line, 1 km from Dharampur railway station at Tunnel No. 27",Known within 25 km,Rock fall,Unknown,Medium,Unknown,1,,indianexpress,GLC,942.0,NASA COOLR,http://www.indianexpress.com/news/kalkashimla-heritage-train-derails-one.../401285/,COOLR administrative division; Uttaranchal normalized to Uttarakhand,OK
1134,2009-09-03,2009-09-03 05:30:00,2009,Himachal Pradesh,32.351,77.223,Marhi region of Himachal Pradesh,Marhi region of Himachal Pradesh,Known within 10 km,Landslide,Rain,Medium,Unknown,,,dailyindia,GLC,1134.0,NASA COOLR,http://www.dailyindia.com/show/332145.php,COOLR administrative division; Uttaranchal normalized to Uttarakhand,OK
1149,2009-09-10,2009-09-10 04:30:00,2009,Himachal Pradesh,31.549,76.9,"Bilaspur and Mandi towns, Chandigarh-Manali National Highway-21, Himachal Pradesh","Bilaspur and Mandi towns, Chandigarh-Manali National Highway-21, Himachal Pradesh",Known within 5 km,Landslide,Downpour,Medium,Unknown,,,thaindian,GLC,1149.0,NASA COOLR,http://www.thaindian.com/newsportal/enviornment/chandigarh-manali-highway-closed-after-landslides_100245308.html,COOLR administrative division; Uttaranchal normalized to Uttarakhand,OK
1153,2009-09-10,2009-09-10 05:30:00,2009,Himachal Pradesh,31.883,78.617,"Kaza-Kinnaur highway near Nako, Spiti Valley, Himachal Pradesh","Kaza-Kinnaur highway near Nako, Spiti Valley, Himachal Pradesh",Known within 5 km,Landslide,Downpour,Medium,Unknown,,,thaindian,GLC,1153.0,NASA COOLR,http://www.thaindian.com/newsportal/business/75-tourists-in-himachal-stranded-by-landslides_100247510.html,COOLR administrative division; Uttaranchal normalized to Uttarakhand,OK
1154,2009-09-10,2009-09-10 05:30:00,2009,Himachal Pradesh,32.404,77.58,"Manali Kaza-Manali Road near Kunzum Pass, Spiti Valley, Himachal Pradesh","Manali Kaza-Manali Road near Kunzum Pass, Spiti Valley, Himachal Pradesh",Known within 5 km,Landslide,Downpour,Medium,Unknown,,,thaindian,GLC,1154.0,NASA COOLR,http://www.thaindian.com/newsportal/business/75-tourists-in-himachal-stranded-by-landslides_100247510.html,COOLR administrative division; Uttaranchal normalized to Uttarakhand,OK
1157,2009-09-13,2009-09-13 04:30:00,2009,Himachal Pradesh,31.103,77.163,Kalka-Shimla toy train track near Kaithlighat,Kalka-Shimla toy train track near Kaithlighat,Known within 5 km,Landslide,Downpour,Small,Unknown,,,northindiatimes,GLC,1157.0,NASA COOLR,http://www.northindiatimes.com/news/140/ARTICLE/2291/2009-09-13.html,COOLR administrative division; Uttaranchal normalized to Uttarakhand,OK
1962,2010-06-09,2010-06-09 05:30:00,2010,Himachal Pradesh,31.099,77.172,"Shimla district, Himachal Pradesh","Shimla district, Himachal Pradesh",Location not known,Landslide,Downpour,Medium,Unknown,0,,Geological Survey of India,GLC,1962.0,NASA COOLR,"http://www.portal.gsi.gov.in/portal/page?_pageid=127,875814&_dad=portal&_schema=PORTAL",COOLR administrative division; Uttaranchal normalized to Uttarakhand,OK
2046,2010-07-07,2010-07-07 05:30:00,2010,Himachal Pradesh,32.373,77.25,"near Rohtang Pass, Manali-Keylong rd, Himachal Pradesh","near Rohtang Pass, Manali-Keylong rd, Himachal Pradesh",Known within 25 km,Landslide,Downpour,Medium,Unknown,0,,himvani,GLC,2046.0,NASA COOLR,http://www.himvani.com/news/2010/07/07/himachal-rivers-in-spate-nh-21-and-manali-keylong-road-blocked/5858/,COOLR administrative division; Uttaranchal normalized to Uttarakhand,OK
2047,2010-07-07,2010-07-07 05:30:00,2010,Himachal Pradesh,32.219,78.072,"Chhatru(?), Gramphu(?)-Kaza rd, Himachal Pradesh","Chhatru(?), Gramphu(?)-Kaza rd, Himachal Pradesh",Known within 50 km,Landslide,Downpour,Medium,Unknown,0,,himvani,GLC,2047.0,NASA COOLR,http://www.himvani.com/news/2010/07/07/himachal-rivers-in-spate-nh-21-and-manali-keylong-road-blocked/5858/,COOLR administrative division; Uttaranchal normalized to Uttarakhand,OK
2048,2010-07-07,2010-07-07 05:30:00,2010,Himachal Pradesh,32.66,76.853,"Kala Nalah(?), Keylong-Udaipur rd, Himachal Pradesh","Kala Nalah(?), Keylong-Udaipur rd, Himachal Pradesh",Known within 25 km,Landslide,Downpour,Medium,Unknown,0,,himvani,GLC,2048.0,NASA COOLR,http://www.himvani.com/news/2010/07/07/himachal-rivers-in-spate-nh-21-and-manali-keylong-road-blocked/5858/,COOLR administrative division; Uttaranchal normalized to Uttarakhand,OK
2049,2010-07-07,2010-07-07 05:30:00,2010,Himachal Pradesh,31.504,77.952,"NH-22 between Rampur and Recong-Peo(Reckong Peo), Himachal Pradesh","NH-22 between Rampur and Recong-Peo(Reckong Peo), Himachal Pradesh",Known within 50 km,Landslide,Downpour,Medium,Unknown,0,,himvani,GLC,2049.0,NASA COOLR,http://www.himvani.com/news/2010/07/07/himachal-rivers-in-spate-nh-21-and-manali-keylong-road-blocked/5858/,COOLR administrative division; Uttaranchal normalized to Uttarakhand,OK
2050,2010-07-07,2010-07-07 05:30:00,2010,Himachal Pradesh,31.645,78.435,"NH-22 beyond Recong-Peo(Reckong Peo),  Himachal Pradesh","NH-22 beyond Recong-Peo(Reckong Peo),  Himachal Pradesh",Known within 25 km,Landslide,Downpour,Medium,Unknown,0,,himvani,GLC,2050.0,NASA COOLR,http://www.himvani.com/news/2010/07/07/himachal-rivers-in-spate-nh-21-and-manali-keylong-road-blocked/5858/,COOLR administrative division; Uttaranchal normalized to Uttarakhand,OK
2051,2010-07-07,2010-07-07 05:30:00,2010,Himachal Pradesh,31.101,77.179,"upper Shimla, Himachal Pradesh","upper Shimla, Himachal Pradesh",Known within 5 km,Landslide,Downpour,Medium,Unknown,0,,himvani,GLC,2051.0,NASA COOLR,http://www.himvani.com/news/2010/07/07/himachal-rivers-in-spate-nh-21-and-manali-keylong-road-blocked/5858/,COOLR administrative division; Uttaranchal normalized to Uttarakhand,OK
2056,2010-07-11,2010-07-11 05:30:00,2010,Himachal Pradesh,32.304,77.211,roads from Manali to Rohtang pass,roads from Manali to Rohtang pass,Known within 10 km,Landslide,Downpour,Medium,Unknown,0,,timesofindia.indiatimes,GLC,2056.0,NASA COOLR,http://timesofindia.indiatimes.com/entertainment/bollywood/news-interviews/Army-rescues-Akshay-Ash/articleshow/6165973.cms,COOLR administrative division; Uttaranchal normalized to Uttarakhand,OK
2091,2010-07-17,2010-07-17 05:30:00,2010,Himachal Pradesh,30.636,77.544,"Lana Mashoor(?) and Lana Polar(?) and Sewn(?) villages, Sirmaur district","Lana Mashoor(?) and Lana Polar(?) and Sewn(?) villages, Sirmaur district",Known within 50 km,Landslide,Downpour,Medium,Unknown,0,,indolink,GLC,2091.0,NASA COOLR,http://www.indolink.com/displayArticleS.php?id=071710064623,COOLR administrative division; Uttaranchal normalized to Uttarakhand,OK
2135,2010-07-25,2010-07-25 05:30:00,2010,Himachal Pradesh,32.207,76.364,Dharamsala roads,Dharamsala roads,Known within 10 km,Landslide,Downpour,Medium,Unknown,0,,himvani,GLC,2135.0,NASA COOLR,http://www.himvani.com/news/2010/07/26/two-die-10-sustain-injuries-as-landslide-buried-shanties-in-shimla/6153/,COOLR administrative division; Uttaranchal normalized to Uttarakhand,OK
2136,2010-07-25,2010-07-25 05:30:00,2010,Himachal Pradesh,30.904,77.097,Solan roads,Solan roads,Known within 25 km,Landslide,Downpour,Medium,Unknown,0,,himvani,GLC,2136.0,NASA COOLR,http://www.himvani.com/news/2010/07/26/two-die-10-sustain-injuries-as-landslide-buried-shanties-in-shimla/6153/,COOLR administrative division; Uttaranchal normalized to Uttarakhand,OK
2137,2010-07-25,2010-07-25 05:30:00,2010,Himachal Pradesh,30.559,77.289,Nahan roads,Nahan roads,Known within 5 km,Landslide,Downpour,Medium,Unknown,0,,himvani,GLC,2137.0,NASA COOLR,http://www.himvani.com/news/2010/07/26/two-die-10-sustain-injuries-as-landslide-buried-shanties-in-shimla/6153/,COOLR administrative division; Uttaranchal normalized to Uttarakhand,OK
2139,2010-07-25,2010-07-25 05:30:00,2010,Himachal Pradesh,31.105,77.173,Ruldu Bhatta locality near Lakkar Bazaar,Ruldu Bhatta locality near Lakkar Bazaar,Known within 5 km,Landslide,Downpour,Medium,Urban,0,3.0,Indian Express,GLC,2139.0,NASA COOLR,http://www.indianexpress.com/news/two-dead-as-heavy-rains-cause-landslides-in/651713/,COOLR administrative division; Uttaranchal normalized to Uttarakhand,OK
2138,2010-07-25,2010-07-25 14:30:00,2010,Himachal Pradesh,31.093,77.168,"Kanlog, Shimla, Himachal Pradesh","Kanlog, Shimla, Himachal Pradesh",Known within 5 km,Landslide,Downpour,Medium,Urban,2,,Himvani,GLC,2138.0,NASA COOLR,http://www.indianexpress.com/news/two-dead-as-heavy-rains-cause-landslides-in/651713/,COOLR administrative division; Uttaranchal normalized to Uttarakhand,OK
2183,2010-07-31,2010-07-31 05:30:00,2010,Himachal Pradesh,31.066,77.133,NH-22 near Taradevi,NH-22 near Taradevi,Known within 10 km,Landslide,Downpour,Medium,Deforested slope,0,,gsi.gov,GLC,2183.0,NASA COOLR,"http://www.portal.gsi.gov.in/portal/page?_pageid=127,875814&_dad=portal&_schema=PORTAL",COOLR administrative division; Uttaranchal normalized to Uttarakhand,OK
2198,2010-08-04,2010-08-04 05:30:00,2010,Himachal Pradesh,32.757,77.414,"Baralacha La and Rahni Nallah, Himachal Pradesh along Manali – Leh highway","Baralacha La and Rahni Nallah, Himachal Pradesh along Manali – Leh highway",Known within 10 km,Landslide,Downpour,Medium,Unknown,0,,gsi.gov,GLC,2198.0,NASA COOLR,"http://www.portal.gsi.gov.in/portal/page?_pageid=127,875814&_dad=portal&_schema=PORTAL",COOLR administrative division; Uttaranchal normalized to Uttarakhand,OK
2215,2010-08-06,2010-08-06 06:30:00,2010,Himachal Pradesh,32.371,77.247,Manali-Chandigarh highway,Manali-Chandigarh highway,Known within 25 km,Landslide,Downpour,Medium,Unknown,0,,sify.com,GLC,2215.0,NASA COOLR,http://sify.com/news/traffic-resumes-on-manali-chandigarh-highway-after-a-landslide-blockage-news-national-kigrOfjcfcd.html,COOLR administrative division; Uttaranchal normalized to Uttarakhand,OK
2234,2010-08-11,2010-08-11 10:30:00,2010,Himachal Pradesh,31.958,77.11,"Kullu, Himachal Pradesh","Kullu, Himachal Pradesh",Known within 10 km,Landslide,Downpour,Medium,Unknown,0,,english.ntdtv,GLC,2234.0,NASA COOLR,http://english.ntdtv.com/ntdtv_en/ns_asia/2010-08-12/782930229019.html,COOLR administrative division; Uttaranchal normalized to Uttarakhand,OK
2242,2010-08-13,2010-08-13 05:30:00,2010,Himachal Pradesh,30.852,76.991,"Chandigarh-Shimla national highway (NH 22), near Parwanoo, Himachal pradesh","Chandigarh-Shimla national highway (NH 22), near Parwanoo, Himachal pradesh",Known within 5 km,Landslide,Rain,Medium,Unknown,0,,sify.com,GLC,2242.0,NASA COOLR,http://sify.com/news/on-highway-to-shimla-be-ready-for-rough-ride-news-national-kiqkacaggea.html,COOLR administrative division; Uttaranchal normalized to Uttarakhand,OK
2246,2010-08-14,2010-08-14 05:30:00,2010,Himachal Pradesh,30.901,77.096,"Solan : Zhang Cheng felt lucky he did not take a nap as usual when the landslide destroyed his home in Nanyue village in Dujiangyan, Sichuan province*",,Known within 5 km,Landslide,Downpour,Medium,Unknown,2,,sify.com,GLC,2246.0,NASA COOLR,http://sify.com/news/two-killed-in-himachal-landslides-news-national-kiotEcdjgci.html,COOLR administrative division; Uttaranchal normalized to Uttarakhand,OK
2305,2010-08-21,2010-08-21 05:30:00,2010,Himachal Pradesh,31.53,77.776,"Jeori-Ganvi(?) rd, Kinnuar(Kinnaur) district, Himachal Pradesh","Jeori-Ganvi(?) rd, Kinnuar(Kinnaur) district, Himachal Pradesh",Known within 25 km,Landslide,Downpour,Medium,Unknown,0,,himvani,GLC,2305.0,NASA COOLR,http://www.himvani.com/news/2010/08/21/jeori-ganvi-link-road-blocked-after-massive-landslide/6697/,COOLR administrative division; Uttaranchal normalized to Uttarakhand,OK
2340,2010-08-26,2010-08-26 05:30:00,2010,Himachal Pradesh,32.703,75.957,"Koti bridge(?), Chamba-Langera-Bhadarwah border road connecting Doda district of Jammu and Kashmir with Himachal Pradesh","Koti bridge(?), Chamba-Langera-Bhadarwah border road connecting Doda district of Jammu and Kashmir with Himachal Pradesh",Known within 25 km,Landslide,Downpour,Medium,Unknown,0,,en.wikipedia,GLC,2340.0,NASA COOLR,http://en.wikipedia.org/w/index.php?title=Special%3ASearch&search=koti+himachal+pradesh,COOLR administrative division; Uttaranchal normalized to Uttarakhand,OK
2397,2010-09-06,2010-09-06 05:30:00,2010,Himachal Pradesh,32.099,77.15,"road to Manali, Himachal Pradesh","road to Manali, Himachal Pradesh",Known within 25 km,Landslide,Downpour,Medium,Unknown,0,,sawfnews,GLC,2397.0,NASA COOLR,http://www.sawfnews.com/Bollywood/65146.aspx,COOLR administrative division; Uttaranchal normalized to Uttarakhand,OK
2427,2010-09-14,2010-09-14 04:30:00,2010,Himachal Pradesh,32.311,77.22,"near Rahni Nullah(?), on Manali-Rohtang hwy, Himachal Pradesh","near Rahni Nullah(?), on Manali-Rohtang hwy, Himachal Pradesh",Known within 10 km,Landslide,Downpour,Medium,Unknown,0,,timesofindia.indiatimes,GLC,2427.0,NASA COOLR,http://timesofindia.indiatimes.com/india/Seasons-1st-snowfall-at-Rohtang-Pass/articleshow/6550128.cms,COOLR administrative division; Uttaranchal normalized to Uttarakhand,OK
2432,2010-09-15,2010-09-15 05:30:00,2010,Himachal Pradesh,31.414,77.895,"road to Sangla and Bhaba and Sorang(?) valleys, Kinnaur, Himachal Pradesh","road to Sangla and Bhaba and Sorang(?) valleys, Kinnaur, Himachal Pradesh",Known within 50 km,Landslide,Downpour,Medium,Unknown,0,,news.outlookindia,GLC,2432.0,NASA COOLR,http://news.outlookindia.com/item.aspx?694274,COOLR administrative division; Uttaranchal normalized to Uttarakhand,OK
2457,2010-09-19,2010-09-19 05:30:00,2010,Himachal Pradesh,31.563,77.98,"Nathpa Jhulla, between Rampur and Peo, Kinnaur, Himachal Pradesh","Nathpa Jhulla, between Rampur and Peo, Kinnaur, Himachal Pradesh",Known within 5 km,Rock fall,Downpour,Medium,Unknown,1,,tribuneindia,GLC,2457.0,NASA COOLR,http://www.tribuneindia.com/2010/20100923/main1.htm,COOLR administrative division; Uttaranchal normalized to Uttarakhand,OK
2460,2010-09-19,2010-09-19 05:30:00,2010,Himachal Pradesh,31.984,77.189,"roads to Manali, Himachal Pradesh","roads to Manali, Himachal Pradesh",Known within 50 km,Landslide,Downpour,Medium,Unknown,0,,tribuneindia,GLC,2460.0,NASA COOLR,http://www.tribuneindia.com/2010/20100923/main1.htm,COOLR administrative division; Uttaranchal normalized to Uttarakhand,OK
2461,2010-09-19,2010-09-19 05:30:00,2010,Himachal Pradesh,31.458,78.211,"Karcham-Sangla rd, Himachal Pradesh","Karcham-Sangla rd, Himachal Pradesh",Known within 5 km,Landslide,Downpour,Medium,Unknown,0,,himachal.us,GLC,2461.0,NASA COOLR,http://himachal.us/2010/09/22/heavy-rains-damage-roads-in-himachal-alert-sounded-in-kinnaur/22231/news/ravinder,COOLR administrative division; Uttaranchal normalized to Uttarakhand,OK
2462,2010-09-19,2010-09-19 05:30:00,2010,Himachal Pradesh,30.909,77.11,"near Solan, Kalka-Shimla hwy, Himachal Pradesh","near Solan, Kalka-Shimla hwy, Himachal Pradesh",Known within 5 km,Landslide,Downpour,Medium,Unknown,0,,himachal.us,GLC,2462.0,NASA COOLR,http://himachal.us/2010/09/22/heavy-rains-damage-roads-in-himachal-alert-sounded-in-kinnaur/22231/news/ravinder,COOLR administrative division; Uttaranchal normalized to Uttarakhand,OK
2463,2010-09-19,2010-09-19 05:30:00,2010,Himachal Pradesh,31.119,77.509,"Theog-Kotkhai-Jubbal road, Himachal Pradesh","Theog-Kotkhai-Jubbal road, Himachal Pradesh",Known within 25 km,Landslide,Downpour,Medium,Unknown,0,,himachal.us,GLC,2463.0,NASA COOLR,http://himachal.us/2010/09/22/heavy-rains-damage-roads-in-himachal-alert-sounded-in-kinnaur/22231/news/ravinder,COOLR administrative division; Uttaranchal normalized to Uttarakhand,OK
2464,2010-09-19,2010-09-19 05:30:00,2010,Himachal Pradesh,30.954,77.506,"road to Chopal, Himachal Pradesh","road to Chopal, Himachal Pradesh",Known within 25 km,Landslide,Downpour,Medium,Unknown,0,,himachal.us,GLC,2464.0,NASA COOLR,http://himachal.us/2010/09/22/heavy-rains-damage-roads-in-himachal-alert-sounded-in-kinnaur/22231/news/ravinder,COOLR administrative division; Uttaranchal normalized to Uttarakhand,OK
2465,2010-09-19,2010-09-19 05:30:00,2010,Himachal Pradesh,31.416,77.415,"Karsog-Rampur rd, Himachal Pradesh","Karsog-Rampur rd, Himachal Pradesh",Known within 25 km,Landslide,Downpour,Medium,Unknown,0,,himachal.us,GLC,2465.0,NASA COOLR,http://himachal.us/2010/09/22/heavy-rains-damage-roads-in-himachal-alert-sounded-in-kinnaur/22231/news/ravinder,COOLR administrative division; Uttaranchal normalized to Uttarakhand,OK
2466,2010-09-19,2010-09-19 05:30:00,2010,Himachal Pradesh,30.874,76.958,"Kasauli-Parwanoo rd, Himachal Pradesh","Kasauli-Parwanoo rd, Himachal Pradesh",Known within 5 km,Landslide,Downpour,Medium,Unknown,0,,himachal.us,GLC,2466.0,NASA COOLR,http://himachal.us/2010/09/22/heavy-rains-damage-roads-in-himachal-alert-sounded-in-kinnaur/22231/news/ravinder,COOLR administrative division; Uttaranchal normalized to Uttarakhand,OK
2467,2010-09-19,2010-09-19 05:30:00,2010,Himachal Pradesh,30.72,77.17,"Kumarhatti-Nahan road, Himachal Pradesh","Kumarhatti-Nahan road, Himachal Pradesh",Known within 25 km,Landslide,Downpour,Medium,Unknown,0,,himachal.us,GLC,2467.0,NASA COOLR,http://himachal.us/2010/09/22/heavy-rains-damage-roads-in-himachal-alert-sounded-in-kinnaur/22231/news/ravinder,COOLR administrative division; Uttaranchal normalized to Uttarakhand,OK
2468,2010-09-19,2010-09-19 05:30:00,2010,Himachal Pradesh,30.904,77.097,"Pulbhal(?)-Solan rd, Himachal Pradesh","Pulbhal(?)-Solan rd, Himachal Pradesh",Known within 25 km,Landslide,Downpour,Medium,Unknown,0,,himachal.us,GLC,2468.0,NASA COOLR,http://himachal.us/2010/09/22/heavy-rains-damage-roads-in-himachal-alert-sounded-in-kinnaur/22231/news/ravinder,COOLR administrative division; Uttaranchal normalized to Uttarakhand,OK
2469,2010-09-19,2010-09-19 05:30:00,2010,Himachal Pradesh,30.901,77.467,"Rajgarh-Habban road, Himachal Pradesh","Rajgarh-Habban road, Himachal Pradesh",Known within 25 km,Landslide,Downpour,Medium,Unknown,0,,himachal.us,GLC,2469.0,NASA COOLR,http://himachal.us/2010/09/22/heavy-rains-damage-roads-in-himachal-alert-sounded-in-kinnaur/22231/news/ravinder,COOLR administrative division; Uttaranchal normalized to Uttarakhand,OK
2475,2010-09-20,2010-09-20 05:30:00,2010,Himachal Pradesh,31.158,77.716,"roads between Jubbal and Rohru, Shimla, Himachal Pradesh","roads between Jubbal and Rohru, Shimla, Himachal Pradesh",Known within 10 km,Landslide,Downpour,Medium,Unknown,0,,sify.com,GLC,2475.0,NASA COOLR,http://sify.com/news/roads-in-upper-shimla-hit-after-landslides-news-national-kjuuafecfje.html],COOLR administrative division; Uttaranchal normalized to Uttarakhand,OK
2479,2010-09-20,2010-09-20 05:30:00,2010,Himachal Pradesh,31.57,78.284,"Pangi, NH-22, Himachal Pradesh","Pangi, NH-22, Himachal Pradesh",Known within 5 km,Landslide,Downpour,Medium,Unknown,0,,himachal.us,GLC,2479.0,NASA COOLR,http://himachal.us/2010/09/23/efforts-to-evacuate-tourists-trapped-in-sangla-valley-fail/22265/people/ravinder,COOLR administrative division; Uttaranchal normalized to Uttarakhand,OK
2480,2010-09-20,2010-09-20 05:30:00,2010,Himachal Pradesh,31.944,77.118,"Kullu village(or district?) below agricultural lands, Himachal Pradesh","Kullu village(or district?) below agricultural lands, Himachal Pradesh",Known within 5 km,Landslide,Downpour,Medium,Unknown,0,,himachal.us,GLC,2480.0,NASA COOLR,http://himachal.us/2010/09/23/efforts-to-evacuate-tourists-trapped-in-sangla-valley-fail/22265/people/ravinder,COOLR administrative division; Uttaranchal normalized to Uttarakhand,OK
2477,2010-09-21,2010-09-21 01:02:00,2010,Himachal Pradesh,31.184,76.991,Landslide stops trains,Kalka-Shimla line between Kathalighat and Knoh railway stations,Known within 5 km,Landslide,Downpour,Large,Unknown,,,Himvani,GLC,,NASA COOLR,http://www.himvani.com/news/2010/09/23/all-trains-on-kalka-shimla-line-suspended-due-to-landslide/7580/,COOLR administrative division; Uttaranchal normalized to Uttarakhand,OK
2488,2010-09-22,2010-09-22 05:30:00,2010,Himachal Pradesh,31.022,77.104,"between Kathalighat(Kathleeghat) and Knoh(?) stations, rail line between Solan and Shimla 15 km form Shimla, Himachal Pradesh","between Kathalighat(Kathleeghat) and Knoh(?) stations, rail line between Solan and Shimla 15 km form Shimla, Himachal Pradesh",Known within 5 km,Landslide,Downpour,Medium,Unknown,0,,himvani,GLC,2488.0,NASA COOLR,http://www.himvani.com/news/2010/09/23/all-trains-on-kalka-shimla-line-suspended-due-to-landslide/7580/,COOLR administrative division; Uttaranchal normalized to Uttarakhand,OK
2538,2010-10-03,2010-10-03 05:30:00,2010,Himachal Pradesh,30.914,76.818,"road from Pinjore(Pinjaur), Haryana to Nalagarh, Himachal Pradesh","road from Pinjore(Pinjaur), Haryana to Nalagarh, Himachal Pradesh",Known within 25 km,Landslide,Continuous rain,Medium,Unknown,0,,sify.com,GLC,2538.0,NASA COOLR,http://sify.com/finance/rains-landslides-force-changes-in-himalayan-motor-rally-news-default-kkgnObjjjhe.html,COOLR administrative division; Uttaranchal normalized to Uttarakhand,OK
2546,2010-10-04,2010-10-04 05:30:00,2010,Himachal Pradesh,30.955,77.179,"Roads between Sunnu Pal and Chail, Himachal Pradesh","Roads between Sunnu Pal and Chail, Himachal Pradesh",Known within 25 km,Landslide,Downpour,Medium,Unknown,0,,prokerala,GLC,2546.0,NASA COOLR,http://www.prokerala.com/news/articles/a172607.html,COOLR administrative division; Uttaranchal normalized to Uttarakhand,OK
2596,2010-10-15,2010-10-15 01:00:00,2010,Himachal Pradesh,31.437,78.236,road cleared after 2 days,road linking Sangla Valley with Recong-Peo of Kinnaur district  at Kupaa,Known within 5 km,Landslide,Rain,Medium,Unknown,,,HimVani,GLC,2596.0,NASA COOLR,http://www.himvani.com/news/2010/10/16/8092/8092/,COOLR administrative division; Uttaranchal normalized to Uttarakhand,OK
3146,2011-02-25,2011-02-25 05:30:00,2011,Himachal Pradesh,32.187,77.177,near miss,"road near Manali, Kullu",Known within 25 km,Rock fall,Continuous rain,Medium,Unknown,0,0.0,Times of India,GLC,3146.0,NASA COOLR,http://articles.timesofindia.indiatimes.com/2011-02-26/india/28636559_1_tree-fall-landslides-manali,COOLR administrative division; Uttaranchal normalized to Uttarakhand,OK
3174,2011-03-05,2011-03-05 05:30:00,2011,Himachal Pradesh,32.1,77.159,"Kullu-Manali rd, Himachal Pradesh","Kullu-Manali rd, Himachal Pradesh",Known within 25 km,Landslide,Downpour,Medium,Unknown,0,,articles.timesofindia,GLC,3174.0,NASA COOLR,http://articles.timesofindia.indiatimes.com/2011-03-07/india/28665223_1_manali-landslides-kullu-manali-traffic,COOLR administrative division; Uttaranchal normalized to Uttarakhand,OK
3611,2011-06-14,2011-06-14 05:30:00,2011,Himachal Pradesh,32.361,77.231,Road blocked near Rani Nallah,The Leh-Manali hwy near Rani Nallah,Known within 5 km,Landslide,Downpour,Medium,Above road,0,,ibnlive,GLC,3611.0,NASA COOLR,http://ibnlive.in.com/generalnewsfeed/news/rains-cause-dip-in-mercury-across-north-india/727201.html,COOLR administrative division; Uttaranchal normalized to Uttarakhand,OK
3618,2011-06-17,2011-06-17 05:30:00,2011,Himachal Pradesh,31.564,77.98,"Nathpa village, Kinnaur District, Himachal Pradesh","Nathpa village, Kinnaur District, Himachal Pradesh",Known within 5 km,Landslide,Downpour,Medium,Unknown,0,,ibnlive.in,GLC,3618.0,NASA COOLR,http://ibnlive.in.com/generalnewsfeed/news/moderate-rains-lash-parts-of-himachal-pradesh/729520.html,COOLR administrative division; Uttaranchal normalized to Uttarakhand,OK
3666,2011-06-29,2011-06-29 05:30:00,2011,Himachal Pradesh,32.432,77.215,"Manali-Leh road, between Mari and Rohtang","Manali-Leh road, between Mari and Rohtang",Known within 25 km,Landslide,Continuous rain,Medium,Unknown,0,,ibnlive.in,GLC,3666.0,NASA COOLR,http://ibnlive.in.com/generalnewsfeed/news/rains-disrupt-air-and-road-traffic-in-himachal/743822.html,COOLR administrative division; Uttaranchal normalized to Uttarakhand,OK
3667,2011-06-29,2011-06-29 05:30:00,2011,Himachal Pradesh,32.228,77.19,"Manali-Rohtang road, at Raninalah, Himachal Pradesh","Manali-Rohtang road, at Raninalah, Himachal Pradesh",Known within 25 km,Landslide,Continuous rain,Medium,Unknown,0,,ibnlive.in,GLC,3667.0,NASA COOLR,http://ibnlive.in.com/generalnewsfeed/news/rains-disrupt-air-and-road-traffic-in-himachal/743822.html,COOLR administrative division; Uttaranchal normalized to Uttarakhand,OK
3745,2011-07-08,2011-07-08 05:30:00,2011,Himachal Pradesh,30.921,77.021,Between Manali and Rohtang,Between Manali and Rohtang,Location not known,Landslide,Rain,Medium,Unknown,0,,ibnlive.in,GLC,3745.0,NASA COOLR,http://ibnlive.in.com/generalnewsfeed/news/chardham-yatra-suspended-due-to-rains/752982.html,COOLR administrative division; Uttaranchal normalized to Uttarakhand,OK
3747,2011-07-08,2011-07-08 05:30:00,2011,Himachal Pradesh,32.324,77.194,Manali-Leh highway,Manali-Leh highway,Known within 50 km,Landslide,Rain,Medium,Unknown,0,,timesofindia.indiatimes,GLC,3747.0,NASA COOLR,http://timesofindia.indiatimes.com/india/First-showers-in-Kullu-hit-traffic/articleshow/9157906.cms,COOLR administrative division; Uttaranchal normalized to Uttarakhand,OK
3756,2011-07-10,2011-07-10 05:30:00,2011,Himachal Pradesh,31.71,76.933,Mandi district,Mandi district,Known within 5 km,Landslide,Downpour,Medium,Unknown,0,,ibnlive.in,GLC,3756.0,NASA COOLR,http://ibnlive.in.com/generalnewsfeed/news/rains-drench-north-india-7-die-in-rainlinked-incidents/753764.html,COOLR administrative division; Uttaranchal normalized to Uttarakhand,OK
3763,2011-07-12,2011-07-12 05:30:00,2011,Himachal Pradesh,31.106,77.178,the Ridge in downtown Shimla,the Ridge in downtown Shimla,Known within 1 km,Landslide,Downpour,Small,Urban,,,My Himachal,GLC,3763.0,NASA COOLR,https://web.archive.org/web/20110903112918/http://himachal.us/2011/07/12/sinking-ridge-threatens-shimla-town-hall-tibetan-market/29120/tourism/baldev,COOLR administrative division; Uttaranchal normalized to Uttarakhand,OK
3777,2011-07-15,2011-07-15 23:30:00,2011,Himachal Pradesh,32.349,77.218,Rahni,Rahni,Known within 5 km,Landslide,Downpour,Medium,Unknown,1,,articles.timesofindia,GLC,3777.0,NASA COOLR,http://articles.timesofindia.indiatimes.com/2011-07-18/india/29786319_1_landslides-rohtang-marhi,COOLR administrative division; Uttaranchal normalized to Uttarakhand,OK
3839,2011-07-25,2011-07-25 13:30:00,2011,Himachal Pradesh,32.19,77.187,"Manali-Leh road, rohtang Pass","Manali-Leh road, rohtang Pass",Known within 10 km,Landslide,Downpour,Medium,Unknown,0,,himvani,GLC,3839.0,NASA COOLR,http://www.himvani.com/news/2011/07/25/manali-leh-road-closed-after-landslides/16116,COOLR administrative division; Uttaranchal normalized to Uttarakhand,OK
3884,2011-08-07,2011-08-07 03:30:00,2011,Himachal Pradesh,31.691,77.132,Manali highway near Hanogi temple in Mandi,Manali highway near Hanogi temple in Mandi,Known within 5 km,Landslide,Continuous rain,Medium,Above road,,,Times of India,GLC,3884.0,NASA COOLR,http://articles.timesofindia.indiatimes.com/2011-08-08/india/29863818_1_chandigarh-manali-manali-highway-landslides,COOLR administrative division; Uttaranchal normalized to Uttarakhand,OK
3890,2011-08-07,2011-08-07 05:30:00,2011,Himachal Pradesh,31.715,77.022,Manali highway near Shambal village,Manali highway near Shambal village,Known within 5 km,Landslide,Downpour,Medium,Above road,,,Times of India,GLC,3890.0,NASA COOLR,http://articles.timesofindia.indiatimes.com/2011-08-08/india/29863818_1_chandigarh-manali-manali-highway-landslides,COOLR administrative division; Uttaranchal normalized to Uttarakhand,OK
3894,2011-08-07,2011-08-07 05:30:00,2011,Himachal Pradesh,31.077,77.392,"Sainj, Rishikesh-Gangotri National Highway","Sainj, Rishikesh-Gangotri National Highway",Known within 1 km,Landslide,Downpour,Medium,Unknown,0,,thehindu,GLC,3894.0,NASA COOLR,http://www.thehindu.com/news/states/other-states/article2335959.ece,COOLR administrative division; Uttaranchal normalized to Uttarakhand,OK
3895,2011-08-07,2011-08-07 05:30:00,2011,Himachal Pradesh,31.077,77.391,"The Rishikesh-Gangotri national highway, Sainj","The Rishikesh-Gangotri national highway, Sainj",Known within 5 km,Landslide,Rain,Medium,Unknown,0,,ibnlive.in,GLC,3895.0,NASA COOLR,http://ibnlive.in.com/generalnewsfeed/news/landslides-suspend-chardham-yatra/786379.html,COOLR administrative division; Uttaranchal normalized to Uttarakhand,OK
3888,2011-08-07,2011-08-07 06:30:00,2011,Himachal Pradesh,31.24,77.926,Gumma on Pathankot-Mandi national highway,Gumma on Pathankot-Mandi national highway,Known within 5 km,Landslide,Downpour,Medium,Unknown,0,,Times of India,GLC,3888.0,NASA COOLR,http://articles.timesofindia.indiatimes.com/2011-08-08/india/29863818_1_chandigarh-manali-manali-highway-landslides,COOLR administrative division; Uttaranchal normalized to Uttarakhand,OK
3889,2011-08-07,2011-08-07 12:30:00,2011,Himachal Pradesh,31.708,76.932,On the Manali highway near Mandi,On the Manali highway near Mandi,Known within 50 km,Landslide,Downpour,Medium,Unknown,0,,Times of India,GLC,3889.0,NASA COOLR,http://articles.timesofindia.indiatimes.com/2011-08-08/india/29863818_1_chandigarh-manali-manali-highway-landslides,COOLR administrative division; Uttaranchal normalized to Uttarakhand,OK
3917,2011-08-13,2011-08-13 14:30:00,2011,Himachal Pradesh,31.708,76.931,"Manali-Leh highway, Rohtang pass","Manali-Leh highway, Rohtang pass",Known within 5 km,Landslide,Downpour,Medium,Unknown,2,,articles.timesofindia,GLC,3917.0,NASA COOLR,http://articles.timesofindia.indiatimes.com/2011-08-13/india/29883655_1_manali-leh-highway-heavy-snowfall-chandigarh-manali-national-highway,COOLR administrative division; Uttaranchal normalized to Uttarakhand,OK
4202,2012-02-16,2012-02-16 05:30:00,2012,Himachal Pradesh,32.566,76.12,"Tawari bridge, Chamba district of Himachal Pradesh","Tawari bridge, Chamba district of Himachal Pradesh",Known within 10 km,Landslide,Downpour,Medium,Unknown,2,,articles.timesofindia,GLC,4202.0,NASA COOLR,http://articles.timesofindia.indiatimes.com/2012-02-17/india/31071026_1_night-temperature-cold-conditions-three-degree,COOLR administrative division; Uttaranchal normalized to Uttarakhand,OK
4447,2012-07-05,2012-07-05 05:30:00,2012,Himachal Pradesh,31.107,77.209,"Dhalli, Himachal Pradesh","Dhalli, Himachal Pradesh",Known within 5 km,Landslide,Downpour,Medium,Unknown,,,articles.timesofindia,GLC,4447.0,NASA COOLR,http://articles.timesofindia.indiatimes.com/2012-07-07/india/32576835_1_water-logging-nullahs-dirty-water,COOLR administrative division; Uttaranchal normalized to Uttarakhand,OK
4497,2012-08-18,2012-08-18 05:30:00,2012,Himachal Pradesh,32.228,78.071,"Kaza, Himachal Pradesh","Kaza, Himachal Pradesh",Known within 5 km,Landslide,Downpour,Medium,Unknown,,,ibnlive.in,GLC,4497.0,NASA COOLR,http://ibnlive.in.com/news/heavy-rains-trigger-landslides-in-himacahal/283604-3-254.html,COOLR administrative division; Uttaranchal normalized to Uttarakhand,OK
4498,2012-08-18,2012-08-18 05:30:00,2012,Himachal Pradesh,32.18,77.195,Kullu-Manali-Rohtang,Kullu-Manali-Rohtang,Known within 25 km,Landslide,Downpour,Medium,Unknown,,,ibnlive.in,GLC,4498.0,NASA COOLR,http://ibnlive.in.com/news/heavy-rains-trigger-landslides-in-himacahal/283604-3-254.html,COOLR administrative division; Uttaranchal normalized to Uttarakhand,OK
4513,2012-08-24,2012-08-24 05:30:00,2012,Himachal Pradesh,32.1,76.27,"Kangra,  Himachal Pradesh","Kangra,  Himachal Pradesh",Known within 5 km,Landslide,Downpour,Medium,Unknown,,,business-standard,GLC,4513.0,NASA COOLR,http://www.business-standard.com/generalnews/news/heavy-rains-lash-some-partshp-triggering-landslides/47847/,COOLR administrative division; Uttaranchal normalized to Uttarakhand,OK
4514,2012-08-24,2012-08-24 05:30:00,2012,Himachal Pradesh,31.709,76.931,"Mandi, Himachal Pradesh,","Mandi, Himachal Pradesh,",Known within 5 km,Landslide,Downpour,Medium,Unknown,,,business-standard,GLC,4514.0,NASA COOLR,http://www.business-standard.com/generalnews/news/heavy-rains-lash-some-partshp-triggering-landslides/47847/,COOLR administrative division; Uttaranchal normalized to Uttarakhand,OK
4515,2012-08-24,2012-08-24 05:30:00,2012,Himachal Pradesh,30.74,77.285,"Sirmaur, Himachal Pradesh,","Sirmaur, Himachal Pradesh,",Known within 5 km,Landslide,Downpour,Medium,Unknown,,,business-standard,GLC,4515.0,NASA COOLR,http://www.business-standard.com/generalnews/news/heavy-rains-lash-some-partshp-triggering-landslides/47847/,COOLR administrative division; Uttaranchal normalized to Uttarakhand,OK
4516,2012-08-24,2012-08-24 05:30:00,2012,Himachal Pradesh,30.904,77.097,"Solan, Himachal Pradesh,","Solan, Himachal Pradesh,",Known within 5 km,Landslide,Downpour,Medium,Unknown,,,business-standard,GLC,4516.0,NASA COOLR,http://www.business-standard.com/generalnews/news/heavy-rains-lash-some-partshp-triggering-landslides/47847/,COOLR administrative division; Uttaranchal normalized to Uttarakhand,OK
4565,2012-09-18,2012-09-18 05:30:00,2012,Himachal Pradesh,31.023,77.103,"Jatog and Kaithlighat railway stations, Kaithleeghat, Himachal Pradesh","Jatog and Kaithlighat railway stations, Kaithleeghat, Himachal Pradesh",Known within 1 km,Landslide,Downpour,Medium,Unknown,,,Hindustan Times,GLC,4565.0,NASA COOLR,http://www.hindustantimes.com/chandigarh/landslide-hits-train-services-on-kalka-shimla-section/story-C4FiXc6ERCioiTLnS9e8eI.html,COOLR administrative division; Uttaranchal normalized to Uttarakhand,OK
4912,2013-06-12,2013-06-12 04:30:00,2013,Himachal Pradesh,31.49,76.704,"Holy Cave Shrine, Mata Vaishno Devi, Trikuta Hills, Reasi District, Near Panchi Morh In Sanjichat Area En Route Mata Vaishno Devi","Holy Cave Shrine, Mata Vaishno Devi, Trikuta Hills, Reasi District, Near Panchi Morh In Sanjichat Area En Route Mata Vaishno Devi",Known within 25 km,Landslide,Downpour,Medium,Unknown,1,,www.risingkashmir.in,GLC,4912.0,NASA COOLR,http://www.risingkashmir.in/news/vaishno-devi-pilgrim-killed-in-landslide-49038.aspx,COOLR administrative division; Uttaranchal normalized to Uttarakhand,OK
4913,2013-06-12,2013-06-12 04:30:00,2013,Himachal Pradesh,31.488,76.67,"Srinagar-Jammu Highway, Ramban District","Srinagar-Jammu Highway, Ramban District",Location not known,Landslide,Rain,Small,Unknown,0,,www.greaterkashmir.com,GLC,4913.0,NASA COOLR,http://www.greaterkashmir.com/news/2013/Jun/12/pre-monsoon-showers-bring-joy-for-jammu-residents-69.asp,COOLR administrative division; Uttaranchal normalized to Uttarakhand,OK
4916,2013-06-12,2013-06-12 05:30:00,2013,Himachal Pradesh,32.211,76.283,"Gharao Village, Near Holi Township","Gharao Village, Near Holi Township",Known within 1 km,Landslide,Downpour,Medium,Unknown,0,,www.business-standard.com,GLC,4916.0,NASA COOLR,http://www.business-standard.com/article/pti-stories/heavy-rains-trigger-cloudburst-landslides-in-hp-113061200940_1.html,COOLR administrative division; Uttaranchal normalized to Uttarakhand,OK
4917,2013-06-12,2013-06-12 05:30:00,2013,Himachal Pradesh,32.555,76.125,"Village In Pangi Valley, Chamba District","Village In Pangi Valley, Chamba District",Known within 10 km,Landslide,Downpour,Medium,Unknown,0,,www.business-standard.com,GLC,4917.0,NASA COOLR,http://www.business-standard.com/article/pti-stories/heavy-rains-trigger-cloudburst-landslides-in-hp-113061200940_1.html,COOLR administrative division; Uttaranchal normalized to Uttarakhand,OK
4920,2013-06-15,2013-06-15 05:30:00,2013,Himachal Pradesh,31.517,78.098,"Tapri Near Rekong Peo, Kinnaur District","Tapri Near Rekong Peo, Kinnaur District",Known within 1 km,Landslide,Downpour,Medium,Unknown,0,,www.hindustantimes.com,GLC,4920.0,NASA COOLR,http://www.hindustantimes.com/India-news/Shimla/Heavy-rains-lash-Himachal-landslide-in-Kinnaur/Article1-1077356.aspx,COOLR administrative division; Uttaranchal normalized to Uttarakhand,OK
4925,2013-06-16,2013-06-16 05:30:00,2013,Himachal Pradesh,31.455,78.2,"Road To Sangla Valley, Near Kupa Village, Kinnaur District, Himachal Pradesh","Road To Sangla Valley, Near Kupa Village, Kinnaur District, Himachal Pradesh",Known within 25 km,Landslide,Rain,Medium,Unknown,0,,www.business-standard.com,GLC,4925.0,NASA COOLR,http://www.business-standard.com/article/news-ians/over-50-tourists-trek-out-of-himachal-s-sangla-valley-113062300508_1.html,COOLR administrative division; Uttaranchal normalized to Uttarakhand,OK
4926,2013-06-16,2013-06-16 05:30:00,2013,Himachal Pradesh,30.674,77.354,"Sirmaur District, Himachal Pradesh","Sirmaur District, Himachal Pradesh",Known within 25 km,Landslide,Rain,Medium,Unknown,0,,www.hindustantimes.com,GLC,4926.0,NASA COOLR,http://www.hindustantimes.com/India-news/HimachalPradesh/Landslides-bring-traffic-to-halt-in-Sirmaur/Article1-1077377.aspx,COOLR administrative division; Uttaranchal normalized to Uttarakhand,OK
4927,2013-06-16,2013-06-16 05:30:00,2013,Himachal Pradesh,30.573,77.652,"National Highway 72-B, Between Paonta Sahib And Sillai, Sirmaur District, Himachal Pradesh","National Highway 72-B, Between Paonta Sahib And Sillai, Sirmaur District, Himachal Pradesh",Known within 25 km,Landslide,Rain,Medium,Unknown,0,,www.hindustantimes.com,GLC,4927.0,NASA COOLR,http://www.hindustantimes.com/India-news/HimachalPradesh/Landslides-bring-traffic-to-halt-in-Sirmaur/Article1-1077377.aspx,COOLR administrative division; Uttaranchal normalized to Uttarakhand,OK
4932,2013-06-16,2013-06-16 05:30:00,2013,Himachal Pradesh,31.348,77.461,"7 Km Of Road, Between Kasang And Akpa","7 Km Of Road, Between Kasang And Akpa",Location not known,Landslide,Downpour,Medium,Unknown,0,,www.business-standard.com,GLC,4932.0,NASA COOLR,http://www.indianexpress.com/news/50-major-landslides-hit-four-road-stretches-in-uttarakhand-govt/1131703/,COOLR administrative division; Uttaranchal normalized to Uttarakhand,OK
4933,2013-06-16,2013-06-16 05:30:00,2013,Himachal Pradesh,31.599,78.438,"Kinnaur District, Himachal Pradesh","Kinnaur District, Himachal Pradesh",Known within 50 km,Landslide,Downpour,Medium,Unknown,4,,english.samaylive.com,GLC,4933.0,NASA COOLR,http://www.indianexpress.com/news/50-major-landslides-hit-four-road-stretches-in-uttarakhand-govt/1131703/,COOLR administrative division; Uttaranchal normalized to Uttarakhand,OK
4946,2013-06-17,2013-06-17 05:30:00,2013,Himachal Pradesh,31.622,78.019,"Chagoan Village Near Tapri, 220 Km From The State Capital Shimla, Kinnaur District, Himachal Pradesh","Chagoan Village Near Tapri, 220 Km From The State Capital Shimla, Kinnaur District, Himachal Pradesh",Known within 50 km,Landslide,Downpour,Medium,Unknown,5,,zeenews.india.com,GLC,4946.0,NASA COOLR,http://zeenews.india.com/news/himachal-pradesh/five-of-family-buried-in-himachal-landslide_855569.html,COOLR administrative division; Uttaranchal normalized to Uttarakhand,OK
5013,2013-07-03,2013-07-03 04:30:00,2013,Himachal Pradesh,31.072,77.14,"Press Colony, Near Taradevi, Himachal Pradesh","Press Colony, Near Taradevi, Himachal Pradesh",Known within 5 km,Landslide,Downpour,Medium,Unknown,0,,zeenews.india.com,GLC,5013.0,NASA COOLR,http://zeenews.india.com/news/himachal-pradesh/heavy-rains-trigger-landslides-damage-houses-in-hp_859795.html,COOLR administrative division; Uttaranchal normalized to Uttarakhand,OK
5043,2013-07-06,2013-07-06 05:30:00,2013,Himachal Pradesh,31.991,76.791,"Jogindernagar, Himachal Pradesh","Jogindernagar, Himachal Pradesh",Known within 1 km,Landslide,Downpour,Small,Unknown,,,articles.timesofindia.indiatimes.com,GLC,5043.0,NASA COOLR,http://articles.timesofindia.indiatimes.com/2013-07-08/india/40442321_1_landslides-heavy-rainfall-isolated-places,COOLR administrative division; Uttaranchal normalized to Uttarakhand,OK
5044,2013-07-06,2013-07-06 05:30:00,2013,Himachal Pradesh,31.163,77.724,"Rohru-Shimla Road At Dochi, Himachal Pradesh","Rohru-Shimla Road At Dochi, Himachal Pradesh",Known within 50 km,Landslide,Downpour,Medium,Unknown,,,articles.timesofindia.indiatimes.com,GLC,5044.0,NASA COOLR,http://articles.timesofindia.indiatimes.com/2013-07-08/india/40442321_1_landslides-heavy-rainfall-isolated-places,COOLR administrative division; Uttaranchal normalized to Uttarakhand,OK
5049,2013-07-07,2013-07-07 05:30:00,2013,Himachal Pradesh,31.56,77.168,"Mandi-Janjheli Road At Odidhar Thunag, Himachal Pradesh","Mandi-Janjheli Road At Odidhar Thunag, Himachal Pradesh",Known within 5 km,Landslide,Downpour,Medium,Unknown,,,articles.timesofindia.indiatimes.com,GLC,5049.0,NASA COOLR,http://articles.timesofindia.indiatimes.com/2013-07-08/india/40442321_1_landslides-heavy-rainfall-isolated-places,COOLR administrative division; Uttaranchal normalized to Uttarakhand,OK
5050,2013-07-07,2013-07-07 05:30:00,2013,Himachal Pradesh,31.703,76.936,"Mandi-Shimla Highway In Mandi, Himachal Pradesh","Mandi-Shimla Highway In Mandi, Himachal Pradesh",Location not known,Mudslide,Rain,Medium,Unknown,,,articles.timesofindia.indiatimes.com,GLC,5050.0,NASA COOLR,http://articles.timesofindia.indiatimes.com/2013-07-08/india/40442321_1_landslides-heavy-rainfall-isolated-places,COOLR administrative division; Uttaranchal normalized to Uttarakhand,OK
5051,2013-07-07,2013-07-07 05:30:00,2013,Himachal Pradesh,31.702,76.973,"Mandi-Kullu Highway In Mandi, Himachal Pradesh","Mandi-Kullu Highway In Mandi, Himachal Pradesh",Known within 50 km,Landslide,Downpour,Medium,Unknown,,,articles.timesofindia.indiatimes.com,GLC,5051.0,NASA COOLR,http://articles.timesofindia.indiatimes.com/2013-07-08/india/40442321_1_landslides-heavy-rainfall-isolated-places,COOLR administrative division; Uttaranchal normalized to Uttarakhand,OK
5052,2013-07-07,2013-07-07 05:30:00,2013,Himachal Pradesh,31.709,76.93,"A Nullah Near The Government Hospital In Mandi, Himachal Pradesh","A Nullah Near The Government Hospital In Mandi, Himachal Pradesh",Known within 1 km,Landslide,Downpour,Medium,Unknown,,,articles.timesofindia.indiatimes.com,GLC,5052.0,NASA COOLR,http://articles.timesofindia.indiatimes.com/2013-07-08/india/40442321_1_landslides-heavy-rainfall-isolated-places,COOLR administrative division; Uttaranchal normalized to Uttarakhand,OK
5053,2013-07-07,2013-07-07 05:30:00,2013,Himachal Pradesh,31.967,76.852,"Mandi-Pathankot Highway At Gumma In Mandi, Himachal Pradesh","Mandi-Pathankot Highway At Gumma In Mandi, Himachal Pradesh",Known within 1 km,Landslide,Downpour,Medium,Unknown,,,articles.timesofindia.indiatimes.com,GLC,5053.0,NASA COOLR,http://articles.timesofindia.indiatimes.com/2013-07-08/india/40442321_1_landslides-heavy-rainfall-isolated-places,COOLR administrative division; Uttaranchal normalized to Uttarakhand,OK
5054,2013-07-07,2013-07-07 05:30:00,2013,Himachal Pradesh,31.702,76.942,"Mandi Gurdwara, Himachal Pradesh","Mandi Gurdwara, Himachal Pradesh",Known within 1 km,Landslide,Downpour,Small,Unknown,,,articles.timesofindia.indiatimes.com,GLC,5054.0,NASA COOLR,http://articles.timesofindia.indiatimes.com/2013-07-08/india/40442321_1_landslides-heavy-rainfall-isolated-places,COOLR administrative division; Uttaranchal normalized to Uttarakhand,OK
5047,2013-07-07,2013-07-07 08:30:00,2013,Himachal Pradesh,31.88,76.916,"Mandi-Pathankot Highway At Paddar, Himachal Pradesh","Mandi-Pathankot Highway At Paddar, Himachal Pradesh",Known within 1 km,Landslide,Downpour,Medium,Unknown,,,articles.timesofindia.indiatimes.com,GLC,5047.0,NASA COOLR,http://articles.timesofindia.indiatimes.com/2013-07-08/india/40442321_1_landslides-heavy-rainfall-isolated-places,COOLR administrative division; Uttaranchal normalized to Uttarakhand,OK
5097,2013-07-14,2013-07-14 05:30:00,2013,Himachal Pradesh,31.471,77.675,"Near Rampur, Himachal Pradesh","Near Rampur, Himachal Pradesh",Known within 10 km,Landslide,Downpour,Medium,Unknown,1,,ibnlive.in.com,GLC,5097.0,NASA COOLR,http://ibnlive.in.com/news/3-killed-in-rainrelated-incidents-as-heavy-showers-lash-hp/408192-3-254.html,COOLR administrative division; Uttaranchal normalized to Uttarakhand,OK
5098,2013-07-14,2013-07-14 05:30:00,2013,Himachal Pradesh,32.17,77.179,"Mehaskwal Village, Himachal Pradesh","Mehaskwal Village, Himachal Pradesh",Location not known,Landslide,Downpour,Medium,Unknown,1,,ibnlive.in.com,GLC,5098.0,NASA COOLR,http://ibnlive.in.com/news/3-killed-in-rainrelated-incidents-as-heavy-showers-lash-hp/408192-3-254.html,COOLR administrative division; Uttaranchal normalized to Uttarakhand,OK
5099,2013-07-14,2013-07-14 05:30:00,2013,Himachal Pradesh,30.674,77.354,"Sirmaur District, Himachal Pradesh","Sirmaur District, Himachal Pradesh",Known within 25 km,Landslide,Rain,Medium,Unknown,0,,ibnlive.in.com,GLC,5099.0,NASA COOLR,http://ibnlive.in.com/news/3-killed-in-rainrelated-incidents-as-heavy-showers-lash-hp/408192-3-254.html,COOLR administrative division; Uttaranchal normalized to Uttarakhand,OK
5100,2013-07-14,2013-07-14 05:30:00,2013,Himachal Pradesh,31.673,76.534,"Shimla-Nahan Highway, Dosarka, Himachal Pradesh","Shimla-Nahan Highway, Dosarka, Himachal Pradesh",Known within 5 km,Landslide,Rain,Medium,Unknown,0,,ibnlive.in.com,GLC,5100.0,NASA COOLR,http://ibnlive.in.com/news/3-killed-in-rainrelated-incidents-as-heavy-showers-lash-hp/408192-3-254.html,COOLR administrative division; Uttaranchal normalized to Uttarakhand,OK
5214,2013-07-27,2013-07-27 05:30:00,2013,Himachal Pradesh,31.893,78.63,"Malling, Himachal Pradesh","Malling, Himachal Pradesh",Known within 10 km,Landslide,Mining,Medium,Unknown,,,articles.timesofindia.indiatimes.com,GLC,5214.0,NASA COOLR,http://articles.timesofindia.indiatimes.com/2013-08-17/chandigarh/41420266_1_rohtang-tunnel-work-lahaul-spiti-mla-ravi-thakur-kullu,COOLR administrative division; Uttaranchal normalized to Uttarakhand,OK
5290,2013-08-07,2013-08-07 09:00:00,2013,Himachal Pradesh,32.232,76.304,"Tirah Lines Which Is Almost 5 Kms From Dharamshala, Himachal Pradesh","Tirah Lines Which Is Almost 5 Kms From Dharamshala, Himachal Pradesh",Known within 5 km,Landslide,Downpour,Medium,Unknown,0,,www.himvani.com,GLC,5290.0,NASA COOLR,http://www.himvani.com/news/2013/08/29/devastating-landslide-tirah-lines-dharamshala/23355,COOLR administrative division; Uttaranchal normalized to Uttarakhand,OK
5334,2013-08-16,2013-08-16 04:30:00,2013,Himachal Pradesh,32.361,77.304,Manali-Spiti Road damaged,"Manali-Spiti Road Between Gramphu And Chhatru, Himachal Pradesh",Known within 10 km,Landslide,Downpour,Medium,Unknown,,,Times of India,GLC,5334.0,NASA COOLR,http://articles.timesofindia.indiatimes.com/2013-08-17/chandigarh/41420266_1_rohtang-tunnel-work-lahaul-spiti-mla-ravi-thakur-kullu,COOLR administrative division; Uttaranchal normalized to Uttarakhand,OK
5382,2013-08-21,2013-08-21 05:30:00,2013,Himachal Pradesh,31.538,77.374,Kullu-Anni Highway,Kullu-Anni Highway,Known within 25 km,Landslide,Downpour,Medium,Unknown,,,articles.timesofindia.indiatimes.com,GLC,5382.0,NASA COOLR,http://articles.timesofindia.indiatimes.com/2013-08-28/india/41536924_1_landslides-highway-road-connectivity,COOLR administrative division; Uttaranchal normalized to Uttarakhand,OK
5598,2013-10-11,2013-10-11 20:30:00,2013,Himachal Pradesh,32.367,77.086,"Shetidhar Peak, Himachal Pradesh","Shetidhar Peak, Himachal Pradesh",Known within 5 km,Landslide,Downpour,Medium,Unknown,3,,travel.aol.co.uk,GLC,5598.0,NASA COOLR,http://travel.aol.co.uk/2013/10/15/british-pensioner-killed-landslide-climbing-mountain-himalayas/,COOLR administrative division; Uttaranchal normalized to Uttarakhand,OK
5864,2014-02-12,2014-02-12 05:30:00,2014,Himachal Pradesh,31.825,77.47,"Siund - Neuli Rd, Neuli Shanshar, Himachal Pradesh 175123","Siund - Neuli Rd, Neuli Shanshar, Himachal Pradesh 175123",Known within 10 km,Landslide,Snowfall/snowmelt,Large,Unknown,0,0.0,The Times Of India India,GLC,5864.0,NASA COOLR,http://timesofindia.indiatimes.com/india/Melting-snow-triggers-landslides-in-Kullu/articleshow/30256340.cms#http://timesofindia.indiatimes.com/india/Melting-snow-triggers-landslides-in-Kullu/articleshow/30256340.cms,COOLR administrative division; Uttaranchal normalized to Uttarakhand,OK
7367,2014-08-08,2014-08-08 05:30:00,2014,Himachal Pradesh,32.224,76.337,Chohla,Chohla,Known within 1 km,Landslide,Unknown,Medium,Deforested slope,0,0.0,Times of India,GLC,7367.0,NASA COOLR,http://timesofindia.indiatimes.com/city/chandigarh/Landslide-leaves-six-families-homeless-in-Kangra/articleshow/48302393.cms,COOLR administrative division; Uttaranchal normalized to Uttarakhand,OK
6538,2014-08-21,2014-08-21 04:30:00,2014,Himachal Pradesh,31.522,78.135,near Meeru on Chulling-Tapri road,near Meeru on Chulling-Tapri road,Known within 5 km,Landslide,Unknown,Medium,Above road,2,0.0,Times of India,GLC,6538.0,NASA COOLR,http://timesofindia.indiatimes.com/india/Landslide-in-Kinnaur-pushes-truck-into-nullah-2-killed/articleshow/40627999.cms,COOLR administrative division; Uttaranchal normalized to Uttarakhand,OK
6552,2014-08-26,2014-08-26 05:30:00,2014,Himachal Pradesh,31.559,77.928,a village near Bhavanagar,a village near Bhavanagar,Known within 5 km,Landslide,Unknown,Medium,Unknown,2,3.0,FIRSTPOST,GLC,6552.0,NASA COOLR,http://www.firstpost.com/india/landslide-himachal-pradesh-kills-two-1682085.html,COOLR administrative division; Uttaranchal normalized to Uttarakhand,OK
6337,2014-09-10,2014-09-10 04:30:00,2014,Himachal Pradesh,31.777,76.983,Uhl river in Kamand area,Uhl river in Kamand area,Known within 5 km,Landslide,Unknown,Large,Above river,0,0.0,India Today,GLC,6337.0,NASA COOLR,http://indiatoday.intoday.in/story/flood-scare-hits-mandi/1/382340.html,COOLR administrative division; Uttaranchal normalized to Uttarakhand,OK
6247,2014-10-15,2014-10-15 05:30:00,2014,Himachal Pradesh,31.016,77.099,Kashmaari village in Solan district,Kashmaari village in Solan district,Known within 25 km,Landslide,Mining,Medium,Above road,2,3.0,Zee News,GLC,6247.0,NASA COOLR,http://zeenews.india.com/news/himachal-pradesh/himachal-pradesh-two-dead-in-solan-landslide_1485444.html,COOLR administrative division; Uttaranchal normalized to Uttarakhand,OK
6851,2015-03-10,2015-03-10 09:30:00,2015,Himachal Pradesh,32.561,76.124,"2 MW Sal-II hydropower project, on the outskirts of Chamba","2 MW Sal-II hydropower project, on the outskirts of Chamba",Known within 5 km,Mudslide,Downpour,Medium,Unknown,0,0.0,The Hindu,GLC,6851.0,NASA COOLR,http://www.thehindu.com/news/national/other-states/himachal-hydropower-project-damaged-in-landslide/article6978360.ece?homepage=true,COOLR administrative division; Uttaranchal normalized to Uttarakhand,OK
7185,2015-04-03,2015-04-03 05:30:00,2015,Himachal Pradesh,32.293,77.18,"3km ahead of Palchan, Manali-Palchan","3km ahead of Palchan, Manali-Palchan",Known within 1 km,Landslide,Downpour,Small,Above road,0,0.0,The Tribune,GLC,7185.0,NASA COOLR,http://www.tribuneindia.com/news/himachal/landslide-blocks-manali-palchan-road/62595.html,COOLR administrative division; Uttaranchal normalized to Uttarakhand,OK
14202,2015-04-16,2015-04-16 06:56:00,2015,Himachal Pradesh,31.499,78.224,Mebar Landslide,Along National Highway 22 near Mebar Village and above Barang Village,Known within 10 km,Landslide,Construction,Medium,Above road,,,AGU Blogsphere,GLC,,NASA COOLR,https://blogs.agu.org/landslideblog/2018/10/09/shongtong-1/,COOLR administrative division; Uttaranchal normalized to Uttarakhand,OK
7249,2015-07-13,2015-07-13 05:30:00,2015,Himachal Pradesh,31.085,77.167,"Phase-III, Sector 5, New Shimla","Phase-III, Sector 5, New Shimla",Known within 5 km,Mudslide,Continuous rain,Small,Natural slope,0,0.0,The Tribune,GLC,7249.0,NASA COOLR,http://www.tribuneindia.com/news/himachal/landslide-poses-threat-to-houses-in-new-shimla/109125.html,COOLR administrative division; Uttaranchal normalized to Uttarakhand,OK
7215,2015-07-14,2015-07-14 04:30:00,2015,Himachal Pradesh,32.247,78.037,"Spiti Valley, Himachal Pradesh","Spiti Valley, Himachal Pradesh",Known within 1 km,Landslide,Continuous rain,Small,Above road,1,0.0,The Times of India,GLC,7215.0,NASA COOLR,http://timesofindia.indiatimes.com/city/pune/Industrialist-from-Wakad-dies-in-Spiti-landslide/articleshow/48077096.cms,COOLR administrative division; Uttaranchal normalized to Uttarakhand,OK
7226,2015-07-18,2015-07-18 05:30:00,2015,Himachal Pradesh,32.224,76.323,Jheol village in Dharamsala subdivision,Jheol village in Dharamsala subdivision,Known within 5 km,Landslide,Monsoon,Medium,Above road,0,0.0,Hindustantimes,GLC,7226.0,NASA COOLR,http://www.hindustantimes.com/himachalpradesh/landslide-threat-looms-large-in-kangra-after-heavy-rain/article1-1370985.aspx,COOLR administrative division; Uttaranchal normalized to Uttarakhand,OK
7285,2015-07-26,2015-07-26 05:30:00,2015,Himachal Pradesh,31.126,77.353,"Klibi Patwar, Theog","Klibi Patwar, Theog",Known within 5 km,Landslide,Continuous rain,Medium,Unknown,3,2.0,The Tribune,GLC,7285.0,NASA COOLR,http://www.tribuneindia.com/news/himachal/woman-kids-die-in-theog-house-collapse/111662.html,COOLR administrative division; Uttaranchal normalized to Uttarakhand,OK
7286,2015-07-26,2015-07-26 05:30:00,2015,Himachal Pradesh,31.1,77.175,Shimla,Shimla,Known within 10 km,Landslide,Continuous rain,Small,Above road,0,0.0,The Tribune,GLC,7286.0,NASA COOLR,http://www.tribuneindia.com/news/himachal/woman-kids-die-in-theog-house-collapse/111662.html,COOLR administrative division; Uttaranchal normalized to Uttarakhand,OK
7287,2015-07-26,2015-07-26 05:30:00,2015,Himachal Pradesh,32.561,76.121,Chamba,Chamba,Known within 5 km,Landslide,Continuous rain,Small,Above road,0,0.0,The Tribune,GLC,7287.0,NASA COOLR,http://www.tribuneindia.com/news/himachal/woman-kids-die-in-theog-house-collapse/111662.html,COOLR administrative division; Uttaranchal normalized to Uttarakhand,OK
7288,2015-07-26,2015-07-26 05:30:00,2015,Himachal Pradesh,31.956,77.114,Kullu,Kullu,Known within 5 km,Landslide,Continuous rain,Small,Above road,0,0.0,The Tribune,GLC,7288.0,NASA COOLR,http://www.tribuneindia.com/news/himachal/woman-kids-die-in-theog-house-collapse/111662.html,COOLR administrative division; Uttaranchal normalized to Uttarakhand,OK
7289,2015-07-26,2015-07-26 05:30:00,2015,Himachal Pradesh,31.709,76.93,Mandi,Mandi,Known within 5 km,Landslide,Continuous rain,Small,Above road,0,0.0,The Tribune,GLC,7289.0,NASA COOLR,http://www.tribuneindia.com/news/himachal/woman-kids-die-in-theog-house-collapse/111662.html,COOLR administrative division; Uttaranchal normalized to Uttarakhand,OK
7366,2015-07-31,2015-07-31 23:30:00,2015,Himachal Pradesh,32.224,76.337,Chohla village of Kajlot panchayat,Chohla village of Kajlot panchayat,Known within 1 km,Debris flow,Continuous rain,Medium,Deforested slope,0,0.0,Times of India,GLC,7366.0,NASA COOLR,http://timesofindia.indiatimes.com/city/chandigarh/Landslide-leaves-six-families-homeless-in-Kangra/articleshow/48302393.cms,COOLR administrative division; Uttaranchal normalized to Uttarakhand,OK
7614,2015-08-08,2015-08-08 05:30:00,2015,Himachal Pradesh,31.803,76.757,"Dharampur, Mandi district","Dharampur, Mandi district",Known within 5 km,Landslide,Downpour,Medium,Deforested slope,3,0.0,New Indian Express,GLC,7614.0,NASA COOLR,http://www.newindianexpress.com/nation/Three-of-Family-Buried-Alive-in-Himachal-Landslide/2015/08/08/article2964115.ece,COOLR administrative division; Uttaranchal normalized to Uttarakhand,OK
7628,2015-08-09,2015-08-09 05:30:00,2015,Himachal Pradesh,31.692,76.51,NH 88,NH 88,Known within 5 km,Rock fall,Rain,Small,Above road,0,0.0,Tribune,GLC,7628.0,NASA COOLR,http://www.tribuneindia.com/news/himachal/landslides-block-national-highway-88/117746.html,COOLR administrative division; Uttaranchal normalized to Uttarakhand,OK
7649,2015-08-11,2015-08-11 05:30:00,2015,Himachal Pradesh,31.324,76.762,Gamraula near Bilaspur,Gamraula near Bilaspur,Known within 5 km,Landslide,Downpour,Medium,Above road,0,0.0,National Highway 21 at Gamraula near Bilaspur,GLC,7649.0,NASA COOLR,http://timesofindia.indiatimes.com/city/shimla/Heavy-rains-trigger-landslides-in-Himachal/articleshow/48435684.cms,COOLR administrative division; Uttaranchal normalized to Uttarakhand,OK
7678,2015-08-12,2015-08-12 04:30:00,2015,Himachal Pradesh,32.197,76.319,Himachal Pradesh School Education Board,Himachal Pradesh School Education Board,Known within 1 km,Landslide,Rain,Medium,Above road,0,0.0,Tribune,GLC,7678.0,NASA COOLR,http://www.tribuneindia.com/news/himachal/landslides-block-dharamsala-road/119012.html,COOLR administrative division; Uttaranchal normalized to Uttarakhand,OK
7676,2015-08-12,2015-08-12 14:30:00,2015,Himachal Pradesh,32.176,76.308,Dharamsala-Kangra state highway,Dharamsala-Kangra state highway,Known within 10 km,Landslide,Monsoon,Medium,Above road,0,0.0,Tribune,GLC,7676.0,NASA COOLR,http://www.tribuneindia.com/news/himachal/landslides-block-dharamsala-road/119012.html,COOLR administrative division; Uttaranchal normalized to Uttarakhand,OK
7685,2015-08-13,2015-08-13 05:30:00,2015,Himachal Pradesh,31.776,76.988,IIT Campus in Mandi,IIT Campus in Mandi,Known within 5 km,Landslide,Unknown,Medium,Above road,0,0.0,Telegraph,GLC,7685.0,NASA COOLR,http://www.telegraph.co.uk/news/worldnews/asia/india/11800828/Giant-rockslide-captured-on-camera-in-India.html,COOLR administrative division; Uttaranchal normalized to Uttarakhand,OK
7329,2015-08-18,2015-08-18 20:30:00,2015,Himachal Pradesh,32.028,77.345,the Sikh shrine in Manikaran,the Sikh shrine in Manikaran,Known within 1 km,Rock fall,Rain,Medium,Unknown,8,10.0,Hindustan Times,GLC,7329.0,NASA COOLR,http://www.hindustantimes.com/amritsar/jathedar-makkar-condole-death-of-pilgrims-in-manikaran-landslip/article1-1381473.aspx,COOLR administrative division; Uttaranchal normalized to Uttarakhand,OK
7726,2015-08-22,2015-08-22 10:00:00,2015,Himachal Pradesh,31.037,77.121,Shimla-Kalka National Highway near Shoghi,Shimla-Kalka National Highway near Shoghi,Known within 5 km,Landslide,Downpour,Medium,Above road,0,0.0,Tribune,GLC,7726.0,NASA COOLR,http://www.tribuneindia.com/news/himachal/landslide-blocks-shimla-kalka-highway-thousands-stranded/122969.html,COOLR administrative division; Uttaranchal normalized to Uttarakhand,OK
9037,2015-12-07,2015-12-07 05:30:00,2015,Himachal Pradesh,31.682,77.121,Hanogi,Hanogi,Known within 1 km,Rock fall,Unknown,Medium,Above road,0,0.0,GeoEngineer,GLC,9037.0,NASA COOLR,http://www.geoengineer.org/news-center/news/item/1331-http-indianexpress-com-article-india-india-news-india-watch-massive-landslide-near-mandi-kiratpur-manali-national-highway-blocked,COOLR administrative division; Uttaranchal normalized to Uttarakhand,OK
9144,2015-12-29,2015-12-29 05:30:00,2015,Himachal Pradesh,31.466,76.869,Hill collapses during construction,National Highway-21 near Rani-Ki-Bain,Known within 50 km,Complex,Construction,Medium,Above road,0,0.0,The Tribune,GLC,9144.0,NASA COOLR,http://www.tribuneindia.com/news/himachal/hill-caves-in-near-mandi-nh/176859.html,COOLR administrative division; Uttaranchal normalized to Uttarakhand,OK
8860,2016-06-17,2016-06-17 05:30:00,2016,Himachal Pradesh,31.512,78.118,"Urni, Satluj river, Kinnaur district, Himachal Pradesh, India","Urni, Satluj river, Kinnaur district, Himachal Pradesh, India",Known within 1 km,Rock fall,Monsoon,Large,Above river,0,0.0,Times of India,GLC,8860.0,NASA COOLR,http://timesofindia.indiatimes.com/city/shimla/Flood-fears-loom-large-as-boulders-block-Satluj-flow/articleshow/52878409.cms,COOLR administrative division; Uttaranchal normalized to Uttarakhand,OK
8482,2016-07-02,2016-07-02 14:30:00,2016,Himachal Pradesh,30.892,77.09,"Highway 22, near Borag Bypass, near Solan, Himachal Pradesh, India","Highway 22, near Borag Bypass, near Solan, Himachal Pradesh, India",Known within 10 km,Rock fall,Downpour,Medium,Above road,1,4.0,India Today,GLC,8482.0,NASA COOLR,http://indiatoday.intoday.in/story/one-killed-four-injured-in-himachal-landslide/1/706274.html,COOLR administrative division; Uttaranchal normalized to Uttarakhand,OK
9048,2016-07-17,2016-07-17 05:30:00,2016,Himachal Pradesh,31.501,78.176,"Karcham, Himachal Pradesh, India","Karcham, Himachal Pradesh, India",Known within 1 km,Landslide,Unknown,Small,Above road,1,0.0,India Times,GLC,9048.0,NASA COOLR,http://timesofindia.indiatimes.com/city/mangaluru/Soldier-dies-in-Himachal-landslide/articleshow/53279563.cms,COOLR administrative division; Uttaranchal normalized to Uttarakhand,OK
9216,2016-07-27,2016-07-27 04:30:00,2016,Himachal Pradesh,30.694,77.427,"Jwagdhar village, Sangrah, Sirmaur district, Himachal Pradesh, India","Jwagdhar village, Sangrah, Sirmaur district, Himachal Pradesh, India",Known within 1 km,Rock fall,Downpour,Large,Unknown,2,2.0,Tribune India,GLC,9216.0,NASA COOLR,http://www.tribuneindia.com/news/himachal/landslide-kills-2-women-in-sirmaur/272137.html,COOLR administrative division; Uttaranchal normalized to Uttarakhand,OK
9264,2016-08-01,2016-08-01 04:30:00,2016,Himachal Pradesh,31.687,77.104,"Hanogi on the Mandi-Kullu National Highway (NH-21), Himachal Pradesh, India","Hanogi on the Mandi-Kullu National Highway (NH-21), Himachal Pradesh, India",Known within 5 km,Landslide,Rain,Medium,Above road,0,2.0,Tribune India,GLC,9264.0,NASA COOLR,http://www.tribuneindia.com/news/himachal/landslide-buries-truck-under-debris-on-mandi-kullu-national-highway/274374.html,COOLR administrative division; Uttaranchal normalized to Uttarakhand,OK
9852,2016-08-09,2016-08-09 05:30:00,2016,Himachal Pradesh,31.708,76.933,Landslide in Manali,"Manali, Himachal Pradesh, India",Known within 5 km,Landslide,Downpour,Small,Above road,0,1.0,Tribune India,GLC,,NASA COOLR,http://www.tribuneindia.com/news/himachal/heavy-rain-triggers-landslide-in-mandi-one-injured/280572.html,COOLR administrative division; Uttaranchal normalized to Uttarakhand,OK
9859,2016-08-16,2016-08-16 03:30:00,2016,Himachal Pradesh,31.581,78.413,Landslide in Nyugalsari,Y:31.581485 X:78.412784,Known within 25 km,Landslide,Rain,Small,Above road,0,0.0,IBTimes,GLC,,NASA COOLR,http://www.ibtimes.co.in/himachal-pradesh-heavy-rains-cause-landslide-disrupt-normal-life-parts-state-689997,COOLR administrative division; Uttaranchal normalized to Uttarakhand,OK
9892,2016-08-21,2016-08-21 05:30:00,2016,Himachal Pradesh,31.452,78.401,Landslide in Kinner Kailash,"Kinner Kailash, Himachal Pradesh",Known exactly,Landslide,Rain,Small,Natural slope,1,0.0,Indian Express,GLC,,NASA COOLR,http://indianexpress.com/article/india/india-news-india/sporadic-rains-in-himachal-pradesh-trapped-pilgrim-dies-in-landslide-2989186/,COOLR administrative division; Uttaranchal normalized to Uttarakhand,OK
9490,2016-08-30,2016-08-30 04:30:00,2016,Himachal Pradesh,31.573,77.856,NH-05 near Chaura village,NH-05 near Chaura village,Known within 5 km,Rock fall,Continuous rain,Medium,Above road,0,0.0,ABP News,GLC,9490.0,NASA COOLR,http://www.abplive.in/india-news/himachal-pradesh-massive-rockslide-blocks-nh-5-407177,COOLR administrative division; Uttaranchal normalized to Uttarakhand,OK
9953,2016-09-02,2016-09-02 05:30:00,2016,Himachal Pradesh,31.957,77.11,Landslide in Kullu,"Manihar Village, Kullu, India",Known within 5 km,Landslide,Unknown,Large,Above road,4,5.0,Tribune India,GLC,,NASA COOLR,http://www.tribuneindia.com/news/himachal/four-buried-alive-five-hurt-in-landslide-at-kullu-village/289325.html,COOLR administrative division; Uttaranchal normalized to Uttarakhand,OK
9507,2016-10-03,2016-10-03 16:30:00,2016,Himachal Pradesh,30.897,77.059,"Chakki-Ka-Mor, about 10 km from Parwanoo","Chakki-Ka-Mor, about 10 km from Parwanoo",Known within 10 km,Landslide,Construction,Medium,Above road,0,0.0,Tribune,GLC,9507.0,NASA COOLR,http://www.tribuneindia.com/news/himachal/community/landslide-disrupts-traffic-on-chandigarh-shimla-highway/304730.html,COOLR administrative division; Uttaranchal normalized to Uttarakhand,OK
10860,2017-01-06,2017-01-06 05:30:00,2017,Himachal Pradesh,31.056,77.137,Kashapat Road Landslide in Ranpur,"Rampur, Shimla, Himachal Pradesh, India",Known within 5 km,Rock fall,Construction,Medium,Above road,4,0.0,Himtimes,GLC,,NASA COOLR,http://himtimes.com/4-labourers-buried-rampur-landslide/,COOLR administrative division; Uttaranchal normalized to Uttarakhand,OK
10859,2017-01-26,2017-01-26 05:30:00,2017,Himachal Pradesh,30.875,77.0,Chandigarh-Shimla Highway Landslide Crushes Car near Jabli,"NH-22, Kasauli Sub-District, Solan, Himachal Pradesh, 173209",Known within 1 km,Rock fall,Downpour,Small,Above road,0,3.0,Chandigarh Metro,GLC,,NASA COOLR,https://chandigarhmetro.com/yes-landslide-chandigarh-shimla-highway-horryfying-pictures/,COOLR administrative division; Uttaranchal normalized to Uttarakhand,OK
10857,2017-02-21,2017-02-21 05:30:00,2017,Himachal Pradesh,32.007,78.57,Shialkhar Village Rock Fall Hits Car in Kinnaur District,"SH-30, Hangrang, Kinnaur, Himachal Pradesh, 172111",Known within 5 km,Rock fall,Rain,Small,Above road,0,0.0,Kolkata 24x7,GLC,,NASA COOLR,https://english.kolkata24x7.com/national-news/rock-slide-hits-car-in-hp-3-dead,COOLR administrative division; Uttaranchal normalized to Uttarakhand,OK
10856,2017-03-22,2017-03-22 15:30:00,2017,Himachal Pradesh,31.773,77.305,JCB Helper Dies in Sainj Landslide,"Sainj, Kullu, Himachal Pradesh",Known within 5 km,Landslide,Construction,Small,Retaining wall,1,,The Times of India,GLC,,NASA COOLR,http://timesofindia.indiatimes.com/city/chandigarh/jcb-helper-dies-in-landslide/articleshow/57782019.cms,COOLR administrative division; Uttaranchal normalized to Uttarakhand,OK
10858,2017-04-06,2017-04-06 05:30:00,2017,Himachal Pradesh,31.098,77.152,Landslide on Shimla-Kalka National Highway in Shimla,"ISBT, Shimla, India",Known exactly,Landslide,Continuous rain,Medium,Below road,0,0.0,ChandigarhX,GLC,,NASA COOLR,http://chandigarhx.com/landslide-in-shimla-new-bus-stand-area-is-closed/,COOLR administrative division; Uttaranchal normalized to Uttarakhand,OK
10855,2017-04-18,2017-04-18 04:30:00,2017,Himachal Pradesh,31.764,77.292,Landslide in Sainj valley,"Sainj, Kullu, Himachal Pradesh, India",Known within 5 km,Landslide,Construction,Medium,Natural slope,0,0.0,Tribune India,GLC,,NASA COOLR,http://www.tribuneindia.com/news/himachal/danger-looms-over-kullu-villages-after-landslide/393956.html,COOLR administrative division; Uttaranchal normalized to Uttarakhand,OK
10853,2017-04-23,2017-04-23 05:30:00,2017,Himachal Pradesh,32.361,77.234,Landslide near Rani Nullah,"Manali Sarchu Road, Manali Sub-District, Kullu, Himachal Pradesh, 175103",Known within 1 km,Landslide,Snowfall/snowmelt,Small,Above road,0,0.0,Chandigarh Metro,GLC,,NASA COOLR,https://chandigarhmetro.com/manali-rohtang-highway-blocked-landslide/,COOLR administrative division; Uttaranchal normalized to Uttarakhand,OK
10862,2017-04-30,2017-04-30 05:30:00,2017,Himachal Pradesh,32.307,77.602,Landslides along Gramphu-Kaza road,"Lahul, Lahul & Spiti, Himachal Pradesh, India",Known within 50 km,Landslide,Snowfall/snowmelt,Small,Above road,0,0.0,Times of India,GLC,,NASA COOLR,http://timesofindia.indiatimes.com/city/shimla/heavy-snowfall-damage-road-on-kunzum-pass/articleshow/58451196.cms?,COOLR administrative division; Uttaranchal normalized to Uttarakhand,OK
10854,2017-05-05,2017-05-05 05:30:00,2017,Himachal Pradesh,32.342,77.222,Landslide on Manali-Keylong Highway,"Manali Sub-District, Kullu, Himachal Pradesh",Known within 5 km,Landslide,Snowfall/snowmelt,Small,Above road,0,0.0,Khurki,GLC,,NASA COOLR,http://khurki.net/himachal-manali-keylong-highway/,COOLR administrative division; Uttaranchal normalized to Uttarakhand,OK
9707,2017-06-07,2017-06-07 06:30:00,2017,Himachal Pradesh,30.942,76.801,Factory Wall collapse landslide in Baddi,,Known within 5 km,Landslide,Rain,Medium,Urban,8,9.0,Hindustan Times,GLC,,NASA COOLR,http://www.hindustantimes.com/india-news/eight-killed-in-factory-wall-collapse-in-himachal-s-baddi-due-to-storm/story-zdzkA2onoBy2evzZnHxvHJ.html,COOLR administrative division; Uttaranchal normalized to Uttarakhand,OK
9840,2017-06-27,2017-06-27 05:30:00,2017,Himachal Pradesh,31.724,76.937,Landslide in Khaliyar area on Mandi-Pathnakot Highway,"NH-20, Khaliar Area, Mandi, Himachal Pradesh, 175001",Known within 1 km,Landslide,Downpour,Small,Above road,0,0.0,Business Standard,GLC,,NASA COOLR,http://www.business-standard.com/article/current-affairs/himachal-heavy-rains-trigger-landslides-near-mandi-tourists-stranded-117062600956_1.html,COOLR administrative division; Uttaranchal normalized to Uttarakhand,OK
10025,2017-06-29,2017-06-29 05:30:00,2017,Himachal Pradesh,32.764,77.283,Landslide on Manali-Leh highway,"Patseu, Lahul & Spiti, Himachal Pradesh",Known within 25 km,Landslide,Rain,Medium,Above road,0,0.0,The Tribune,GLC,,NASA COOLR,http://www.tribuneindia.com/news/himachal/tourists-stranded-as-manali-leh-road-blocked-due-to-landslide/428780.html,COOLR administrative division; Uttaranchal normalized to Uttarakhand,OK
9870,2017-06-29,2017-06-29 05:30:00,2017,Himachal Pradesh,30.866,76.998,Landslides after incessant rain on NH 22,"NH-22, Kasauli Sub-District, Solan, Himachal Pradesh, 173220",Known within 10 km,Landslide,Monsoon,Medium,Above road,0,0.0,The Indian Express,GLC,,NASA COOLR,http://indianexpress.com/article/cities/chandigarh/dozen-landslides-in-48-hours-kalka-shimla-drive-takes-dangerous-turn-4727296/,COOLR administrative division; Uttaranchal normalized to Uttarakhand,OK
9924,2017-07-02,2017-07-02 05:30:00,2017,Himachal Pradesh,32.262,78.069,Landslide temporarily strands travelers near Langza,"Langza, Lahaul and Spiti, Himachal Pradesh, India",Known within 5 km,Landslide,Rain,Small,Above road,0,0.0,India Times,GLC,,NASA COOLR,http://www.indiatimes.com/news/india/caught-in-a-landslide-near-manali-a-group-of-brave-travellers-builds-road-helps-others-325022.html,COOLR administrative division; Uttaranchal normalized to Uttarakhand,OK
9925,2017-07-02,2017-07-02 05:30:00,2017,Himachal Pradesh,32.246,78.066,Landslide blocks road 3km from near Langza,"Spiti, Lahul & Spiti, Himachal Pradesh",Known within 5 km,Landslide,Rain,Small,Above road,0,0.0,India Times,GLC,,NASA COOLR,http://www.indiatimes.com/news/india/caught-in-a-landslide-near-manali-a-group-of-brave-travellers-builds-road-helps-others-325022.html,COOLR administrative division; Uttaranchal normalized to Uttarakhand,OK
9927,2017-07-02,2017-07-02 05:30:00,2017,Himachal Pradesh,32.238,78.062,Landslide blocks road to Manali,"Spiti, Lahul & Spiti, Himachal Pradesh",Known within 10 km,Landslide,Rain,Small,Above road,0,0.0,India Times,GLC,,NASA COOLR,http://www.indiatimes.com/news/india/caught-in-a-landslide-near-manali-a-group-of-brave-travellers-builds-road-helps-others-325022.html,COOLR administrative division; Uttaranchal normalized to Uttarakhand,OK
9936,2017-07-03,2017-07-03 05:30:00,2017,Himachal Pradesh,32.306,77.522,Landslide blocks Gramphuk-Kaza road,"Dorni Mod( ??), Lahul & Spiti, Himachal Pradesh",Known within 100 km,Landslide,Unknown,Medium,Above road,0,0.0,The Tribune,GLC,,NASA COOLR,http://www.tribuneindia.com/news/himachal/traffic-jams-trigger-fuel-shortage-in-kaza/430765.html,COOLR administrative division; Uttaranchal normalized to Uttarakhand,OK
14235,2017-08-14,2017-08-14 03:57:00,2017,Himachal Pradesh,31.914,76.893,Kotropi Landslide,"Kotropi, Mandi District, Himachal Pradesh, IND",Known exactly,Debris flow,Downpour,Large,Above road,,,Indian Geotechnical Journal,GLC,,NASA COOLR,https://link.springer.com/article/10.1007/s40098-018-0343-1,COOLR administrative division; Uttaranchal normalized to Uttarakhand,OK
12943,2017-08-22,2017-08-22 05:30:00,2017,Himachal Pradesh,31.498,76.875,NH154 Highway Landslide at Chamukha Village,"NH154 Chamukha, Himachal Pradesh 175018 India",Known within 1 km,Landslide,Unknown,Medium,Above road,0,0.0,The Tribune,GLC,,NASA COOLR,https://www.tribuneindia.com/news/himachal/landslide-blocks-manali-road/455559.html,COOLR administrative division; Uttaranchal normalized to Uttarakhand,OK
13253,2017-08-22,2017-08-22 05:30:00,2017,Himachal Pradesh,31.102,77.205,Chandigarh-Shimla National Highway Landslide,"Dhalli Tunnel, Dhalli Shimla, Himachal Pradesh 171006 India",Known within 10 km,Landslide,Unknown,Large,Unknown,0,3.0,xinhua.net,GLC,,NASA COOLR,http://www.xinhuanet.com/english/2017-09/02/c_136577592.htm,COOLR administrative division; Uttaranchal normalized to Uttarakhand,OK
10861,2017-09-02,2017-09-02 19:30:00,2017,Himachal Pradesh,31.103,77.204,Shimla's Dhalli Landslide,"Malyana-Dhalli Road, NH-22, Chamyana, Shimla, Himachal Pradesh, 171006",Known exactly,Landslide,Rain,Medium,Above road,0,0.0,Times of India,GLC,,NASA COOLR,http://timesofindia.indiatimes.com/city/chandigarh/massive-landslide-hits-national-highway-near-shimla-several-vehicles-buried/articleshow/60338106.cms?from=mdr,COOLR administrative division; Uttaranchal normalized to Uttarakhand,OK
13224,2017-12-10,2017-12-10 05:30:00,2017,Himachal Pradesh,31.411,77.603,Rampur-Nirmand Road Landslide,"Rampur-Nirmand Road, Himachal Pradesh, India.",Known within 5 km,Landslide,Unknown,Unknown,Above road,6,,NYOOOZ,GLC,,NASA COOLR,https://www.nyoooz.com/news/shimla/982578/vehicle-caught-in-landslide-6-killed/,COOLR administrative division; Uttaranchal normalized to Uttarakhand,OK
14164,2018-08-07,2018-08-07 02:01:00,2018,Himachal Pradesh,31.12,77.359,Theog-Hatkoti road Blocked by Landslide,Along the Theog-Hatkoti Hwy near Nihari ,Known within 25 km,Landslide,Rain,Small,Above road,0,0.0,The Tribune India,GLC,,NASA COOLR,https://www.tribuneindia.com/news/archive/himachal/landslide-blocks-theog-hatkoti-road-633232,COOLR administrative division; Uttaranchal normalized to Uttarakhand,OK
14113,2018-08-09,2018-08-09 01:44:00,2018,Himachal Pradesh,32.557,76.129,Chamba Landslide,"Chamba Bypass, Surada, Chamba, Himachal Pradesh, 176310",Known within 10 km,Landslide,Rain,Medium,Unknown,1,,Outlook India,GLC,,NASA COOLR,https://www.outlookindia.com/newsscroll/youth-killed-in-landslide-in-chamba/1364631,COOLR administrative division; Uttaranchal normalized to Uttarakhand,OK
14179,2018-08-09,2018-08-09 03:55:00,2018,Himachal Pradesh,32.171,76.419,Kand Village Landslide,"Kand village, about 20 km from Dharamsala",Known within 1 km,Landslide,Rain,Large,Natural slope,0,0.0,The Tribune,GLC,,NASA COOLR,https://www.tribuneindia.com/news/archive/himachal/landslide-in-dharamsala-village-8-houses-damaged-634810,COOLR administrative division; Uttaranchal normalized to Uttarakhand,OK
14055,2018-08-11,2018-08-11 02:55:00,2018,Himachal Pradesh,31.343,76.762,Bilaspur Landslides,"Bilaspur, Himachal Pradesh, IND",Known within 5 km,Landslide,Rain,Unknown,Above road,0,0.0,Biharprabha.com,GLC,,NASA COOLR,https://news.biharprabha.com/2018/08/watch-himachal-pradeshs-bilaspur-witnesses-landslide/,COOLR administrative division; Uttaranchal normalized to Uttarakhand,OK
14146,2018-08-13,2018-08-13 03:40:00,2018,Himachal Pradesh,31.425,78.26,Sangla Valley Landslide,Karcham-Sangla road,Known within 25 km,Landslide,Rain,Medium,Above road,0,0.0,The Tribune,GLC,,NASA COOLR,https://www.tribuneindia.com/news/archive/himachal/sangla-cut-off-after-landslide-636348,COOLR administrative division; Uttaranchal normalized to Uttarakhand,OK
14117,2018-08-13,2018-08-13 22:19:00,2018,Himachal Pradesh,32.025,76.167,Chakla Landslide,"Chakla, Himachal Pradesh, IND",Known within 25 km,Mudslide,Rain,Medium,Unknown,4,,The Kashmir Press,GLC,,NASA COOLR,https://thekashmirpress.com/2018/08/13/himachal-pradesh-landslide-4-of-family-including-2-children-buried-alive/,COOLR administrative division; Uttaranchal normalized to Uttarakhand,OK
14071,2018-08-14,2018-08-14 01:36:00,2018,Himachal Pradesh,31.055,77.024,Kandaghat Landslide,"Chakla Village, Kandaghat, Shimla, Himachal Pradesh, IND",Known within 1 km,Landslide,Rain,Medium,Unknown,1,4.0,Daijy World,GLC,,NASA COOLR,http://www.daijiworld.com/news/newsDisplay.aspx?newsID=523562,COOLR administrative division; Uttaranchal normalized to Uttarakhand,OK
14505,2018-08-18,2018-08-18 06:39:00,2018,Himachal Pradesh,32.061,77.133,Kullu-Manali Highway Landslide,Along the Kullu-Manali Highway near Raison,Known within 10 km,Landslide,Construction,Medium,Above road,0,0.0,The Tribune India,GLC,,NASA COOLR,https://www.tribuneindia.com/news/archive/himachal/landslip-blocks-kullu-manali-national-highway-638886,COOLR administrative division; Uttaranchal normalized to Uttarakhand,OK
14483,2018-08-20,2018-08-20 20:11:00,2018,Himachal Pradesh,31.496,76.234,Kangra-Chandigarh National Highway Landslide,"Kangra-Chandigarh National Highway, Himachal Pradesh, IND",Known within 50 km,Landslide,Rain,Large,Above road,0,0.0,The Tribune India,GLC,,NASA COOLR,https://www.tribuneindia.com/news/archive/himachal/landslide-blocks-kangra-highway-640047,COOLR administrative division; Uttaranchal normalized to Uttarakhand,OK
14359,2018-09-01,2018-09-01 08:58:00,2018,Himachal Pradesh,32.72,76.099,Chamba - Tissa Landslide,"Chamba - Tissa, Himachal Pradesh, 176319",Known within 25 km,Landslide,Unknown,Medium,Above road,,,Times of India,GLC,,NASA COOLR,https://newsvideo.su/video/9274087,COOLR administrative division; Uttaranchal normalized to Uttarakhand,OK
14326,2018-09-02,2018-09-02 22:16:00,2018,Himachal Pradesh,31.113,77.614,Landslip on Theog-Hatkoti-Rohru Highway,"Theog-Hatkoti-Rohru highway, Shimla, Himachal Pradesh, 171205",Known within 25 km,Landslide,Rain,Small,Above road,,,The Tribune India,GLC,,NASA COOLR,https://www.tribuneindia.com/news/archive/himachal/traffic-restored-on-hatkoti-highway-after-24-hours-647198,COOLR administrative division; Uttaranchal normalized to Uttarakhand,OK
14325,2018-09-03,2018-09-03 03:57:00,2018,Himachal Pradesh,31.108,77.215,Nihari Landslide,"Nihari, Himachal Pradesh",Known within 1 km,Landslide,Rain,Unknown,Above road,,,The Tribune India,GLC,,NASA COOLR,https://www.tribuneindia.com/news/archive/himachal/landslide-blocks-shimla-hatkoti-road-646780,COOLR administrative division; Uttaranchal normalized to Uttarakhand,OK
14392,2018-09-03,2018-09-03 03:57:00,2018,Himachal Pradesh,32.442,76.535,Sundrasi Landslide,"Sundrasi, Bharmour, Chamba, Himachal Pradesh",Known within 10 km,Landslide,Downpour,Unknown,Above road,1,,Business Standard,GLC,,NASA COOLR,https://www.business-standard.com/article/pti-stories/manimahesh-yatra-suspended-as-woman-dies-in-landslide-118090200403_1.html,COOLR administrative division; Uttaranchal normalized to Uttarakhand,OK
14386,2018-09-11,2018-09-11 03:15:00,2018,Himachal Pradesh,31.103,77.159,Shimla-Kalla Heritage Railway landslide.,"Shimla-Kalka Road, Chaura Maidan, Shimla, Himachal Pradesh, 171004",Known within 5 km,Landslide,Unknown,Unknown,Unknown,,,Biharprabha News,GLC,,NASA COOLR,https://news.biharprabha.com/2018/09/shimla-kalka-heritage-railway-track-blocked-after-landslide/,COOLR administrative division; Uttaranchal normalized to Uttarakhand,OK
14579,2018-09-14,2018-09-14 03:21:00,2018,Himachal Pradesh,32.227,76.324,McLeod Ganj Landslide,near Kala Pul on the Dharamsala-McLeod Ganj road,Known within 5 km,Other,Rain,Medium,Natural slope,,,The Tribune India,GLC,,NASA COOLR,https://www.tribuneindia.com/news/archive/himachal/muck-flows-down-from-hill-damages-houses-653044,COOLR administrative division; Uttaranchal normalized to Uttarakhand,OK
13820,2018-09-22,2018-09-22 09:30:00,2018,Himachal Pradesh,32.22,76.311,Landslides in construction zones,"Dharamshala, Kangra, Himachal Pradesh",Known within 1 km,Unknown,Rain,Unknown,Engineered slope,,,Himachal Tribune,GLC,,NASA COOLR,https://www.tribuneindia.com/news/archive/himachaltribune/construction-in-sliding-zones-in-d-sala-660325,COOLR administrative division; Uttaranchal normalized to Uttarakhand,OK
14549,2018-09-23,2018-09-23 22:34:00,2018,Himachal Pradesh,32.557,76.123,"Sep 23, 2018 Chamba Landslide","Chamba District, Himachal Pradesh, India",Known within 25 km,Landslide,Monsoon,Medium,Unknown,,,Outlook India,GLC,,NASA COOLR,https://www.outlookindia.com/newsscroll/19-rescued-by-iaf-in-himachal/1388993,COOLR administrative division; Uttaranchal normalized to Uttarakhand,OK
14605,2018-09-25,2018-09-25 02:06:00,2018,Himachal Pradesh,31.41,76.433,Bhakra Dam Landslide,"Bhakra Dam, Bilaspur, IND",Known within 1 km,Landslide,Unknown,Large,Unknown,,,News Video,GLC,,NASA COOLR,https://newsvideo.su/video/9423227,COOLR administrative division; Uttaranchal normalized to Uttarakhand,OK
14282,2018-09-26,2018-09-26 00:41:00,2018,Himachal Pradesh,31.706,76.934,Mandi Town Landslide,"NH3, Mandi Town, Kullu, Himachal Pradesh, IND",Known within 50 km,Landslide,Continuous rain,Medium,Above road,0,,Mangalore Today,GLC,,NASA COOLR,http://www.mangaloretoday.com/headlines/800-students-stranded-in-landslide-hit-Himachal-s-Chamba-safe-in-a-school-say-officials.html,COOLR administrative division; Uttaranchal normalized to Uttarakhand,OK
14516,2018-09-26,2018-09-26 05:47:00,2018,Himachal Pradesh,31.467,76.263,Una Landslide,"Una, Himachal Pradesh, IND",Known within 5 km,Landslide,Downpour,Unknown,Above road,,,The Tribune India,GLC,,NASA COOLR,https://www.tribuneindia.com/news/archive/jalandhar/landslide-blocks-una-road-route-diverted-659532,COOLR administrative division; Uttaranchal normalized to Uttarakhand,OK
14598,2018-09-26,2018-09-26 09:16:00,2018,Himachal Pradesh,32.345,76.521,Bharmour Landslide,"Bharmour, Chamba, Himachal Pradesh, 176318",Known within 10 km,Landslide,Unknown,Large,Above road,,,Magalore Today,GLC,,NASA COOLR,http://www.mangaloretoday.com/headlines/800-students-stranded-in-landslide-hit-Himachal-s-Chamba-safe-in-a-school-say-officials.html,COOLR administrative division; Uttaranchal normalized to Uttarakhand,OK
14569,2018-09-27,2018-09-27 05:47:00,2018,Himachal Pradesh,31.117,77.575,"Spe 26, 2018 Rohru-Theog Landslide","Rohru-Theog Highway, Shimla, Himachal Pradesh, IND",Known within 25 km,Landslide,Continuous rain,Medium,Above road,0,,The Tribune India,GLC,,NASA COOLR,https://www.tribuneindia.com/news/archive/himachal/people-run-for-their-lives-as-landslide-comes-down-on-rohru-shimla-road-659627,COOLR administrative division; Uttaranchal normalized to Uttarakhand,OK
14489,2018-09-28,2018-09-28 08:28:00,2018,Himachal Pradesh,31.111,77.606,Patti Dhank Landslide,"Patti Dhank, Shimla-Hatkoti Road, Himachal Pradesh, IND",Known within 5 km,Landslide,Monsoon,Large,Above road,,,The Tribune India,GLC,,NASA COOLR,https://www.tribuneindia.com/news/archive/himachal/landslip-blocks-shimla-hatkoti-road-659717,COOLR administrative division; Uttaranchal normalized to Uttarakhand,OK
14125,2018-10-09,2018-10-09 06:56:00,2018,Himachal Pradesh,31.689,77.279,Bali Chowki Landslide,"NH-305 between Rampur and Aut, at Bali Chowki",Known within 5 km,Landslide,Rain,Small,Above road,,,Biharprabha News,GLC,,NASA COOLR,https://news.biharprabha.com/2018/10/national-highway-305-blocked-after-landslide-in-hps-mandi/,COOLR administrative division; Uttaranchal normalized to Uttarakhand,OK
14116,2018-10-10,2018-10-10 06:56:00,2018,Himachal Pradesh,31.517,78.269,Shongtong Landslide, Near the site of a new hydroelectric facility at Shongtong Karcham in Kinnaur,Known within 5 km,Landslide,Construction,Medium,Natural slope,,,AGU Blogsphere,GLC,,NASA COOLR,https://blogs.agu.org/landslideblog/2018/10/09/shongtong-1/,COOLR administrative division; Uttaranchal normalized to Uttarakhand,OK
14079,2018-10-14,2018-10-14 01:49:00,2018,Himachal Pradesh,30.896,77.005,Sanwara Landslide,National Highway 5 near Sonwara,Known within 10 km,Landslide,Construction,Small,Above road,,,The Tribune India,GLC,,NASA COOLR,https://www.tribuneindia.com/news/archive/himachal/road-traffic-disrupted-for-hours-due-to-landslip-near-sanwara-667685,COOLR administrative division; Uttaranchal normalized to Uttarakhand,OK
14338,2018-11-21,2018-11-21 19:51:00,2018,Himachal Pradesh,31.708,77.186,Landslide on Chandigargh-Manali HWY near Banala,"NH-3, Aut, Mandi, Himachal Pradesh, 175121",Known within 25 km,Landslide,Mining,Medium,Above road,0,0.0,Tribune India,GLC,,NASA COOLR,https://www.tribuneindia.com/news/archive/himachal/traffic-restored-on-chandigarh-manali-highway-687281,COOLR administrative division; Uttaranchal normalized to Uttarakhand,OK
14295,2018-11-22,2018-11-22 19:51:00,2018,Himachal Pradesh,32.234,77.189,Landslide on Kullu Manali Road,"Manali, Kullu, Himachal Pradesh",Known within 50 km,Landslide,Unknown,Small,Above road,0,0.0,India Glitz,GLC,,NASA COOLR,https://www.indiaglitz.com/i-am-safe-rajasekhar-says-after-manali-landslide-telugu-news-224535,COOLR administrative division; Uttaranchal normalized to Uttarakhand,OK
211,2007-08-26,2007-08-26 05:30:00,2007,Manipur,24.967,93.55,Tamenglong,Tamenglong,Known within 5 km,Mudslide,Continuous rain,Medium,Unknown,1,,kanglaonline.com,GLC,211.0,NASA COOLR,http://www.kanglaonline.com/index.php?template=headline&newsid=39058&typeid=1,COOLR administrative division; Uttaranchal normalized to Uttarakhand,OK
220,2007-08-31,2007-08-31 05:30:00,2007,Manipur,25.133,93.967,"Velnal village, Tamei sub-division and Toribari village (3 kilometer toward Tamei from Kangpokpi)","Velnal village, Tamei sub-division and Toribari village (3 kilometer toward Tamei from Kangpokpi)",Known within 25 km,Landslide,Rain,Medium,Unknown,,,kanglaonline.com,GLC,220.0,NASA COOLR,http://www.kanglaonline.com/index.php?template=headline&newsid=39138&typeid=2,COOLR administrative division; Uttaranchal normalized to Uttarakhand,OK
247,2007-09-08,2007-09-08 05:30:00,2007,Manipur,25.06,93.988,"Lower Shajouba village near Tadubi along NH 39, Manipur ","Lower Shajouba village near Tadubi along NH 39, Manipur ",Known within 50 km,Landslide,Rain,Medium,Unknown,,,kanglaonline.com,GLC,247.0,NASA COOLR,http://www.kanglaonline.com/index.php?template=headline&newsid=39218&typeid=2,COOLR administrative division; Uttaranchal normalized to Uttarakhand,OK
252,2007-09-09,2007-09-09 05:30:00,2007,Manipur,25.499,94.119,"Mao in Manipur, Phipema and Chunikhudima in Nagaland","Mao in Manipur, Phipema and Chunikhudima in Nagaland",Known within 25 km,Landslide,Rain,Medium,Unknown,,,kanglaonline.com,GLC,252.0,NASA COOLR,http://www.kanglaonline.com/index.php?template=headline&newsid=39229&typeid=2,COOLR administrative division; Uttaranchal normalized to Uttarakhand,OK
255,2007-09-10,2007-09-10 05:30:00,2007,Manipur,24.245,94.069,Wamkhu village along the Tengnoupal-Joupi road in Chandel district,Wamkhu village along the Tengnoupal-Joupi road in Chandel district,Known within 25 km,Landslide,Rain,Medium,Unknown,,,e-Pao.net,GLC,255.0,NASA COOLR,http://www.e-pao.net/GP.asp?src=Snipp7..120907.sep07,COOLR administrative division; Uttaranchal normalized to Uttarakhand,OK
258,2007-09-11,2007-09-11 05:30:00,2007,Manipur,24.428,94.056,"NH-39 at Imphal-Moreh section, Lokchao largest event","NH-39 at Imphal-Moreh section, Lokchao largest event",Known within 50 km,Landslide,Rain,Medium,Unknown,3,,kanglaonline.com,GLC,258.0,NASA COOLR,http://www.kanglaonline.com/index.php?template=headline&newsid=39255&typeid=1,COOLR administrative division; Uttaranchal normalized to Uttarakhand,OK
319,2007-10-19,2007-10-19 05:30:00,2007,Manipur,25.438,94.116,"Maram-Purul Road, Karong Assembly Constituency of Senapati district, Manipur","Maram-Purul Road, Karong Assembly Constituency of Senapati district, Manipur",Known within 50 km,Landslide,Rain,Medium,Unknown,,,e-Pao.net,GLC,319.0,NASA COOLR,http://www.e-pao.net/GP.asp?src=5..211007.oct07,COOLR administrative division; Uttaranchal normalized to Uttarakhand,OK
322,2007-10-21,2007-10-21 05:30:00,2007,Manipur,24.75,93.433,National Highway 53 at Nungba in Tamenglong district of Manipur,National Highway 53 at Nungba in Tamenglong district of Manipur,Known within 25 km,Landslide,Rain,Medium,Unknown,,,Hmar.net,GLC,322.0,NASA COOLR,http://hmar.net/?p=1870,COOLR administrative division; Uttaranchal normalized to Uttarakhand,OK
580,2008-06-09,2008-06-09 05:30:00,2008,Manipur,24.66,93.978,"near Kuloor church, in Manipur along National Highway","near Kuloor church, in Manipur along National Highway",Location not known,Landslide,Monsoon,Medium,Unknown,,,daijiworld,GLC,580.0,NASA COOLR,"http://www.daijiworld.com/news/news_disp.asp?n_id=47500&n_tit=Mangalore:+Monsoon+Continues+to+Strike;+Landslide,+Houses+Collapse",COOLR administrative division; Uttaranchal normalized to Uttarakhand,OK
594,2008-06-19,2008-06-19 05:30:00,2008,Manipur,24.934,93.828,"Namkaoluang village, Tamenglong-Sangrung (Khongsang) road, NH-53, Manipur","Namkaoluang village, Tamenglong-Sangrung (Khongsang) road, NH-53, Manipur",Known within 25 km,Mudslide,Monsoon,Medium,Unknown,,,kanglaonline,GLC,594.0,NASA COOLR,http://www.kanglaonline.com/index.php?template=headline&newsid=42473&typeid=2,COOLR administrative division; Uttaranchal normalized to Uttarakhand,OK
1108,2009-08-20,2009-08-20 05:30:00,2009,Manipur,24.993,93.5,"Tamei, Tamenglong district on Imphal-Tamenglong (IT) road","Tamei, Tamenglong district on Imphal-Tamenglong (IT) road",Known within 10 km,Landslide,Downpour,Medium,Unknown,0,,kanglaonline,GLC,1108.0,NASA COOLR,http://www.kanglaonline.com/index.php?template=headline&newsid=48686&typeid=2,COOLR administrative division; Uttaranchal normalized to Uttarakhand,OK
1129,2009-08-30,2009-08-30 05:30:00,2009,Manipur,24.863,94.418,"Road stretch from Gammom to Chamu village, under Kamjong block, Ukhrul district, Manipur","Road stretch from Gammom to Chamu village, under Kamjong block, Ukhrul district, Manipur",Known within 50 km,Landslide,Downpour,Medium,Unknown,,,e-pao.net,GLC,1129.0,NASA COOLR,http://e-pao.net/GP.asp?src=9..070909.sep09,COOLR administrative division; Uttaranchal normalized to Uttarakhand,OK
1596,2010-03-28,2010-03-28 01:30:00,2010,Manipur,24.734,93.916,"LangthAbal Khoupum, Imphal, Manipur","LangthAbal Khoupum, Imphal, Manipur",Known within 5 km,Mudslide,Downpour,Medium,Unknown,0,,news.oneindia,GLC,1596.0,NASA COOLR,http://news.oneindia.in/2010/03/29/rainsstorm-cause-havoc-inmanipur.html,COOLR administrative division; Uttaranchal normalized to Uttarakhand,OK
1954,2010-06-07,2010-06-07 05:30:00,2010,Manipur,24.754,93.504,"Irang(?) and Barak(?) and Makru(?) on highway 53 between Imphal and Jiribam, Manipur","Irang(?) and Barak(?) and Makru(?) on highway 53 between Imphal and Jiribam, Manipur",Known within 50 km,Landslide,Rain,Medium,Unknown,0,,e-pao.net,GLC,1954.0,NASA COOLR,http://e-pao.net/GP.asp?src=3..100610.jun10,COOLR administrative division; Uttaranchal normalized to Uttarakhand,OK
2163,2010-07-29,2010-07-29 05:30:00,2010,Manipur,25.42,94.105,"Maram area in Senapati district, National Highway 39","Maram area in Senapati district, National Highway 39",Known within 5 km,Landslide,Downpour,Medium,Unknown,0,,assamtribune,GLC,2163.0,NASA COOLR,http://www.assamtribune.com/scripts/detailsnew.asp?id=jul3110/oth05,COOLR administrative division; Uttaranchal normalized to Uttarakhand,OK
2166,2010-07-29,2010-07-29 05:30:00,2010,Manipur,24.979,93.503,"Highway 53 at Tupul, Tamenglong district","Highway 53 at Tupul, Tamenglong district",Known within 10 km,Landslide,Downpour,Medium,Unknown,0,,gsi.gov,GLC,2166.0,NASA COOLR,"http://www.portal.gsi.gov.in/portal/page?_pageid=127,875814&_dad=portal&_schema=PORTAL",COOLR administrative division; Uttaranchal normalized to Uttarakhand,OK
2164,2010-07-30,2010-07-30 04:30:00,2010,Manipur,25.31,94.482,"Chingai-Kuingai(Quingai) route (16 kms), Chingai subdivision, Ukhrul district, Manipur","Chingai-Kuingai(Quingai) route (16 kms), Chingai subdivision, Ukhrul district, Manipur",Known within 25 km,Landslide,Downpour,Medium,Unknown,0,,E-Pao,GLC,2164.0,NASA COOLR,http://www.e-pao.net/GP.asp?src=28..210810.aug10,COOLR administrative division; Uttaranchal normalized to Uttarakhand,OK
2182,2010-07-31,2010-07-31 14:30:00,2010,Manipur,24.936,93.844,Dimapur-Imphal highway (NH 39) near Manipur,Dimapur-Imphal highway (NH 39) near Manipur,Known within 25 km,Landslide,Rain,Medium,Unknown,0,,youtube,GLC,2182.0,NASA COOLR,http://www.youtube.com/watch?v=jHTtW2WaJGw,COOLR administrative division; Uttaranchal normalized to Uttarakhand,OK
2253,2010-08-16,2010-08-16 04:30:00,2010,Manipur,25.31,94.483,"Chingai-Kuingai(Quingai) route (16 kms), Chingai subdivision, Ukhrul district, Manipur","Chingai-Kuingai(Quingai) route (16 kms), Chingai subdivision, Ukhrul district, Manipur",Known within 25 km,Landslide,Downpour,Medium,Unknown,0,,e-pao,GLC,2253.0,NASA COOLR,http://www.e-pao.net/GP.asp?src=28..210810.aug10,COOLR administrative division; Uttaranchal normalized to Uttarakhand,OK
2283,2010-08-19,2010-08-19 05:30:00,2010,Manipur,24.896,93.496,"2 km from Khongsang village(?), road between Tamenglong and Imphal or Nungba, Manipur","2 km from Khongsang village(?), road between Tamenglong and Imphal or Nungba, Manipur",Known within 5 km,Mudslide,Downpour,Medium,Unknown,0,,e-pao.net,GLC,2283.0,NASA COOLR,http://e-pao.net/GP.asp?src=21..210810.aug10,COOLR administrative division; Uttaranchal normalized to Uttarakhand,OK
2304,2010-08-21,2010-08-21 23:30:00,2010,Manipur,25.572,94.121,"NH 39 at Kigwema(?), between Mao Gate and Kohima, Nagaland","NH 39 at Kigwema(?), between Mao Gate and Kohima, Nagaland",Known within 10 km,Landslide,Downpour,Medium,Unknown,0,,e-pao,GLC,2304.0,NASA COOLR,http://www.e-pao.net/GP.asp?src=21..210810.aug10,COOLR administrative division; Uttaranchal normalized to Uttarakhand,OK
2324,2010-08-25,2010-08-25 01:02:00,2010,Manipur,24.803,93.623,Landslide on NH-53,NH-53 at K Sinam village,Known within 5 km,Landslide,Downpour,Medium,Above road,,,India News,GLC,,NASA COOLR,http://www.indiaid.com/blog/_archives/2010/8/25/4613332.html,COOLR administrative division; Uttaranchal normalized to Uttarakhand,OK
2343,2010-08-27,2010-08-27 22:00:00,2010,Manipur,25.479,94.133,"NH-39 at Ekai village(?), 2 km for Tadubi, Manipur","NH-39 at Ekai village(?), 2 km for Tadubi, Manipur",Known within 5 km,Landslide,Downpour,Medium,Unknown,0,,e-pao,GLC,2343.0,NASA COOLR,http://www.e-pao.net/GP.asp?src=27..280810.aug10,COOLR administrative division; Uttaranchal normalized to Uttarakhand,OK
2344,2010-08-27,2010-08-27 22:00:00,2010,Manipur,24.751,93.422,"NH-53 at Nungba police station, Kambirong(?), Manipur","NH-53 at Nungba police station, Kambirong(?), Manipur",Known within 5 km,Landslide,Downpour,Medium,Unknown,0,,e-pao,GLC,2344.0,NASA COOLR,http://www.e-pao.net/GP.asp?src=27..280810.aug10,COOLR administrative division; Uttaranchal normalized to Uttarakhand,OK
2436,2010-09-16,2010-09-16 08:30:00,2010,Manipur,24.307,93.125,"Taithu village, Churanchandpur district, Mizoram, Manipur","Taithu village, Churanchandpur district, Mizoram, Manipur",Known within 5 km,Landslide,Downpour,Medium,Unknown,0,,mizoramexpress.com,GLC,2436.0,NASA COOLR,http://mizoramexpress.com/index.php/2010/09/landslide-hits-taithu-village-22-people-escape-death/,COOLR administrative division; Uttaranchal normalized to Uttarakhand,OK
2566,2010-10-08,2010-10-08 05:30:00,2010,Manipur,25.477,94.135,"Sahong, Tabu and Pani village under Tadubi police station of Senapati district, NH-39","Sahong, Tabu and Pani village under Tadubi police station of Senapati district, NH-39",Known within 5 km,Mudslide,Downpour,Medium,Unknown,0,,e-pao.net,GLC,2566.0,NASA COOLR,http://e-pao.net/GP.asp?src=23..111010.oct10,COOLR administrative division; Uttaranchal normalized to Uttarakhand,OK
2568,2010-10-08,2010-10-08 05:30:00,2010,Manipur,24.768,93.411,"Nungba, Tamenglong, Manipur","Nungba, Tamenglong, Manipur",Known within 25 km,Landslide,Downpour,Medium,Unknown,0,,assamtribune,GLC,2568.0,NASA COOLR,http://www.assamtribune.com/scripts/detailsnew.asp?id=oct1110/oth05,COOLR administrative division; Uttaranchal normalized to Uttarakhand,OK
2569,2010-10-08,2010-10-08 05:30:00,2010,Manipur,25.275,94.021,"Bungte Chiru village(?), Senapati district, Manipur","Bungte Chiru village(?), Senapati district, Manipur",Known within 5 km,Landslide,Downpour,Medium,Unknown,0,,e-pao.net,GLC,2569.0,NASA COOLR,http://e-pao.net/GP.asp?src=6..111010.oct10,COOLR administrative division; Uttaranchal normalized to Uttarakhand,OK
2570,2010-10-08,2010-10-08 05:30:00,2010,Manipur,24.837,93.913,"Tharon(?) and Langol Tarung villages, Thangmeiband constituency, Imphal, Manipur","Tharon(?) and Langol Tarung villages, Thangmeiband constituency, Imphal, Manipur",Known within 5 km,Landslide,Downpour,Medium,Unknown,0,,e-pao.net,GLC,2570.0,NASA COOLR,http://e-pao.net/GP.asp?src=6..111010.oct10,COOLR administrative division; Uttaranchal normalized to Uttarakhand,OK
2576,2010-10-09,2010-10-09 05:30:00,2010,Manipur,25.479,94.14,"NH-39 at Tobio village(?), 7 km form Tadubi, Manipur","NH-39 at Tobio village(?), 7 km form Tadubi, Manipur",Known within 10 km,Landslide,Downpour,Medium,Unknown,0,,e-pao,GLC,2576.0,NASA COOLR,http://www.e-pao.net/GP.asp?src=5..101010.oct10,COOLR administrative division; Uttaranchal normalized to Uttarakhand,OK
2577,2010-10-09,2010-10-09 05:30:00,2010,Manipur,25.527,93.867,"NH-39 near Khongnem(?) village, between Imphal and Dimapur, Manipur","NH-39 near Khongnem(?) village, between Imphal and Dimapur, Manipur",Known within 50 km,Landslide,Downpour,Medium,Unknown,0,,e-pao,GLC,2577.0,NASA COOLR,http://www.e-pao.net/GP.asp?src=5..101010.oct10,COOLR administrative division; Uttaranchal normalized to Uttarakhand,OK
2578,2010-10-09,2010-10-09 05:30:00,2010,Manipur,25.318,94.046,"NH-39 in Karong area, Manipur","NH-39 in Karong area, Manipur",Known within 5 km,Landslide,Downpour,Medium,Unknown,0,,e-pao,GLC,2578.0,NASA COOLR,http://www.e-pao.net/GP.asp?src=5..101010.oct10,COOLR administrative division; Uttaranchal normalized to Uttarakhand,OK
3525,2011-05-22,2011-05-22 05:30:00,2011,Manipur,25.067,93.409,"Kaiphundai(?)-Tousem(in Assam) road, Tamenglong district, Manipur","Kaiphundai(?)-Tousem(in Assam) road, Tamenglong district, Manipur",Known within 25 km,Landslide,Downpour,Medium,Unknown,0,,e-pao,GLC,3525.0,NASA COOLR,http://www.e-pao.net/GP.asp?src=15..240511.may11,COOLR administrative division; Uttaranchal normalized to Uttarakhand,OK
3556,2011-05-31,2011-05-31 19:30:00,2011,Manipur,25.156,93.847,"Roads between Tamei(Tamma?), Kangpokpi and Chalwa, Manipur","Roads between Tamei(Tamma?), Kangpokpi and Chalwa, Manipur",Known within 25 km,Landslide,Continuous rain,Small,Unknown,0,,e-pao.net,GLC,3556.0,NASA COOLR,http://e-pao.net/GP.asp?src=7..020611.jun11,COOLR administrative division; Uttaranchal normalized to Uttarakhand,OK
3560,2011-05-31,2011-05-31 20:00:00,2011,Manipur,24.829,93.594,"Gaoilung(Gadailong) village(?), Ward 4(?), Tamenglong, Manipur","Gaoilung(Gadailong) village(?), Ward 4(?), Tamenglong, Manipur",Known within 50 km,Landslide,Downpour,Medium,Unknown,2,,kanglaonline.com,GLC,3560.0,NASA COOLR,http://kanglaonline.com/2011/06/two-children-claimed-by-landslide-at-tamenglong/,COOLR administrative division; Uttaranchal normalized to Uttarakhand,OK
3662,2011-06-28,2011-06-28 05:30:00,2011,Manipur,25.036,94.014,"Ikou-Gangpijang road, near: Ikou, Saikul, and Gangpijang; Imphal India","Ikou-Gangpijang road, near: Ikou, Saikul, and Gangpijang; Imphal India",Known within 25 km,Landslide,Rain,Medium,Below road,,,E-PAO,GLC,3662.0,NASA COOLR,http://e-pao.net/GP.asp?src=7..290611.jun11,COOLR administrative division; Uttaranchal normalized to Uttarakhand,OK
3738,2011-07-06,2011-07-06 05:30:00,2011,Manipur,24.806,93.948,"National Highway 53, Sinam Khul (near Kotlen; ~25 km from Imphal)","National Highway 53, Sinam Khul (near Kotlen; ~25 km from Imphal)",Known within 50 km,Landslide,Downpour,Medium,Unknown,6,,e-pao.net,GLC,3738.0,NASA COOLR,http://e-pao.net/GP.asp?src=16..070711.jul11,COOLR administrative division; Uttaranchal normalized to Uttarakhand,OK
3741,2011-07-07,2011-07-07 05:30:00,2011,Manipur,25.419,94.108,Maram (80 km north of Imphal),Maram (80 km north of Imphal),Known within 5 km,Landslide,Rain,Medium,Unknown,0,,e-pao,GLC,3741.0,NASA COOLR,http://www.e-pao.net/GP.asp?src=8..080711.jul11,COOLR administrative division; Uttaranchal normalized to Uttarakhand,OK
3830,2011-07-22,2011-07-22 05:30:00,2011,Manipur,24.353,94.343,Manipur,Manipur,Known within 10 km,Landslide,Downpour,Small,Unknown,0,,e-pao.net,GLC,3830.0,NASA COOLR,http://e-pao.net/GP.asp?src=6..270711.jul11,COOLR administrative division; Uttaranchal normalized to Uttarakhand,OK
3831,2011-07-22,2011-07-22 05:30:00,2011,Manipur,24.799,93.948,Heibok Hills,Heibok Hills,Location not known,Landslide,Downpour,Medium,Unknown,0,,e-pao.net,GLC,3831.0,NASA COOLR,http://e-pao.net/GP.asp?src=4..230711.jul11,COOLR administrative division; Uttaranchal normalized to Uttarakhand,OK
3840,2011-07-25,2011-07-25 05:30:00,2011,Manipur,24.687,93.916,Manipur,Manipur,Known within 50 km,Landslide,Downpour,Medium,Unknown,0,,assamtribune,GLC,3840.0,NASA COOLR,http://www.assamtribune.com/scripts/detailsnew.asp?id=jul3011/oth05,COOLR administrative division; Uttaranchal normalized to Uttarakhand,OK
3860,2011-07-29,2011-07-29 05:30:00,2011,Manipur,25.419,94.108,"Maram, Manipur","Maram, Manipur",Known within 10 km,Landslide,Rain,Medium,Unknown,0,,kanglaonline.com,GLC,3860.0,NASA COOLR,http://kanglaonline.com/2011/07/works-minister-visits-landslide-hit-maram-stretch-of-nh2/,COOLR administrative division; Uttaranchal normalized to Uttarakhand,OK
4241,2012-03-04,2012-03-04 05:30:00,2012,Manipur,25.16,93.68,Tamei constituency in Tamenlong district,Tamei constituency in Tamenlong district,Known within 25 km,Landslide,Unknown,Medium,Unknown,0,,articles.timesofindia,GLC,4241.0,NASA COOLR,http://articles.timesofindia.indiatimes.com/2012-03-04/guwahati/31120923_1_booths-repoll-polling-stations,COOLR administrative division; Uttaranchal normalized to Uttarakhand,OK
4403,2012-06-10,2012-06-10 05:30:00,2012,Manipur,24.814,93.544,"Imphal-Jiribam section of NH-37 , Manipur","Imphal-Jiribam section of NH-37 , Manipur",Known within 50 km,Landslide,Downpour,Very large,Unknown,,,thehindu,GLC,4403.0,NASA COOLR,http://www.thehindu.com/news/national/article3537166.ece,COOLR administrative division; Uttaranchal normalized to Uttarakhand,OK
4861,2013-05-12,2013-05-12 05:30:00,2013,Manipur,24.993,93.495,"Khongsang, Tamenglong, Manipur,","Khongsang, Tamenglong, Manipur,",Known within 25 km,Mudslide,Rain,Medium,Unknown,,,www.e-pao.net,GLC,4861.0,NASA COOLR,http://www.e-pao.net/GP.asp?src=23..130513.may13,COOLR administrative division; Uttaranchal normalized to Uttarakhand,OK
5300,2013-08-09,2013-08-09 05:30:00,2013,Manipur,25.318,94.044,"Senapati, Manipur","Senapati, Manipur",Known within 50 km,Landslide,Downpour,Large,Unknown,,,e-pao.net,GLC,5300.0,NASA COOLR,http://e-pao.net/GP.asp?src=Snipp8..230813.aug13,COOLR administrative division; Uttaranchal normalized to Uttarakhand,OK
5427,2013-08-15,2013-08-15 05:30:00,2013,Manipur,25.383,94.188,"Koide Government High School, Senapati, Manipur","Koide Government High School, Senapati, Manipur",Known within 5 km,Landslide,Downpour,Medium,Unknown,,,e-pao.net,GLC,5427.0,NASA COOLR,http://e-pao.net/GP.asp?src=Snipp8..230813.aug13,COOLR administrative division; Uttaranchal normalized to Uttarakhand,OK
5343,2013-08-18,2013-08-18 04:30:00,2013,Manipur,24.763,93.434,The Imphal-Jiribam Section Of Nh-37 In Tamenglong District,The Imphal-Jiribam Section Of Nh-37 In Tamenglong District,Known within 10 km,Landslide,Continuous rain,Medium,Unknown,,,www.nagalandpost.com,GLC,5343.0,NASA COOLR,http://www.nagalandpost.com/ChannelNews/Regional/RegionalNews.aspx?news=TkVXUzEwMDA0MzUxNQ%3D%3D-zy3k3F6024s%3D,COOLR administrative division; Uttaranchal normalized to Uttarakhand,OK
5430,2013-09-01,2013-09-01 05:30:00,2013,Manipur,24.904,93.487,"Tamenglong- Khongsang Road, Manipur","Tamenglong- Khongsang Road, Manipur",Known within 25 km,Mudslide,Continuous rain,Medium,Unknown,0,,e-pao.net,GLC,5430.0,NASA COOLR,http://e-pao.net/GP.asp?src=24..050913.sep13,COOLR administrative division; Uttaranchal normalized to Uttarakhand,OK
5431,2013-09-01,2013-09-01 05:30:00,2013,Manipur,24.983,93.506,"Tamenglong, Manipur","Tamenglong, Manipur",Known within 5 km,Mudslide,Continuous rain,Medium,Unknown,0,,e-pao.net,GLC,5431.0,NASA COOLR,http://e-pao.net/GP.asp?src=24..050913.sep13,COOLR administrative division; Uttaranchal normalized to Uttarakhand,OK
5552,2013-09-24,2013-09-24 05:30:00,2013,Manipur,25.099,94.362,"Ukhrul, Manipur","Ukhrul, Manipur",Known within 5 km,Landslide,Unknown,Medium,Unknown,,,www.morungexpress.com,GLC,5552.0,NASA COOLR,http://www.morungexpress.com/regional/104056.html,COOLR administrative division; Uttaranchal normalized to Uttarakhand,OK
5603,2013-10-14,2013-10-14 01:00:00,2013,Manipur,25.426,94.602,"Tusom, Manipur","Tusom, Manipur",Known within 5 km,Mudslide,Downpour,Medium,Unknown,0,,www.indiatvnews.com,GLC,5603.0,NASA COOLR,http://www.indiatvnews.com/news/india/people-in-manipur-evacuate-due-to-landslides-volcanic-eruption-fear-baseless-29544.html,COOLR administrative division; Uttaranchal normalized to Uttarakhand,OK
6945,2015-06-19,2015-06-19 05:30:00,2015,Manipur,25.16,93.686,"amei to Kangpokpi via Imphal road, 0.5 km from Tamei, Tamenglang District","amei to Kangpokpi via Imphal road, 0.5 km from Tamei, Tamenglang District",Known within 1 km,Landslide,Monsoon,Medium,Above road,0,0.0,E-Pao,GLC,6945.0,NASA COOLR,http://e-pao.net/GP.asp?src=34..200615.jun15,COOLR administrative division; Uttaranchal normalized to Uttarakhand,OK
7263,2015-07-22,2015-07-22 05:30:00,2015,Manipur,25.448,94.049,"15 kms from Maram, National Highway-102/A (Maram Peren road)","15 kms from Maram, National Highway-102/A (Maram Peren road)",Known within 1 km,Landslide,Continuous rain,Medium,Above road,0,0.0,The Sangai Express,GLC,7263.0,NASA COOLR,http://www.thesangaiexpress.com/page/items/54212/massive-landslide-along-maram-peren-road-downpour-creates-havoc-in-different-parts,COOLR administrative division; Uttaranchal normalized to Uttarakhand,OK
7264,2015-07-22,2015-07-22 05:30:00,2015,Manipur,25.454,93.983,22 kms to 30 kms between Sangkungmai and Willong,22 kms to 30 kms between Sangkungmai and Willong,Known within 5 km,Landslide,Continuous rain,Medium,Above road,0,0.0,The Sangai Express,GLC,7264.0,NASA COOLR,http://www.thesangaiexpress.com/page/items/54212/massive-landslide-along-maram-peren-road-downpour-creates-havoc-in-different-parts,COOLR administrative division; Uttaranchal normalized to Uttarakhand,OK
7265,2015-07-22,2015-07-22 05:30:00,2015,Manipur,25.501,93.985,Willong-Yangkhullen stretch,Willong-Yangkhullen stretch,Known within 5 km,Landslide,Continuous rain,Medium,Above road,0,0.0,The Sangai Express,GLC,7265.0,NASA COOLR,http://www.thesangaiexpress.com/page/items/54212/massive-landslide-along-maram-peren-road-downpour-creates-havoc-in-different-parts,COOLR administrative division; Uttaranchal normalized to Uttarakhand,OK
7266,2015-07-22,2015-07-22 05:30:00,2015,Manipur,25.51,93.879,Yangkhullen-Tamphung road till Nagaland border,Yangkhullen-Tamphung road till Nagaland border,Known within 10 km,Landslide,Continuous rain,Medium,Above road,0,0.0,The Sangai Express,GLC,7266.0,NASA COOLR,http://www.thesangaiexpress.com/page/items/54212/massive-landslide-along-maram-peren-road-downpour-creates-havoc-in-different-parts,COOLR administrative division; Uttaranchal normalized to Uttarakhand,OK
7267,2015-07-22,2015-07-22 05:30:00,2015,Manipur,25.391,94.093,NH-2 between Senapati and Mao,NH-2 between Senapati and Mao,Known within 10 km,Landslide,Continuous rain,Small,Above road,0,0.0,The Sangai Express,GLC,7267.0,NASA COOLR,http://www.thesangaiexpress.com/page/items/54212/massive-landslide-along-maram-peren-road-downpour-creates-havoc-in-different-parts,COOLR administrative division; Uttaranchal normalized to Uttarakhand,OK
7279,2015-07-24,2015-07-24 05:30:00,2015,Manipur,24.982,93.514,Tamenglong Ward No-IV,Tamenglong Ward No-IV,Known within 50 km,Mudslide,Monsoon,Medium,Other,0,0.0,E-PAO,GLC,7279.0,NASA COOLR,http://e-pao.net/GP.asp?src=Snipp16..250715.jul15,COOLR administrative division; Uttaranchal normalized to Uttarakhand,OK
7364,2015-07-31,2015-07-31 14:30:00,2015,Manipur,24.819,94.355,Phungyar road,Phungyar road,Known within 10 km,Landslide,Continuous rain,Medium,Below road,0,0.0,E-PAO,GLC,7364.0,NASA COOLR,http://e-pao.net/GP.asp?src=22..010815.aug15,COOLR administrative division; Uttaranchal normalized to Uttarakhand,OK
7372,2015-08-01,2015-08-01 04:30:00,2015,Manipur,25.063,94.342,Naga Gate along the Ukhrul-Imphal route,Naga Gate along the Ukhrul-Imphal route,Known within 10 km,Mudslide,Continuous rain,Medium,Above road,0,0.0,E-PAO,GLC,7372.0,NASA COOLR,http://e-pao.net/GP.asp?src=22..020815.aug15,COOLR administrative division; Uttaranchal normalized to Uttarakhand,OK
7369,2015-08-01,2015-08-01 05:30:00,2015,Manipur,24.199,94.102,between Chalong and Paraolon,between Chalong and Paraolon,Known within 10 km,Landslide,Continuous rain,Medium,Above road,0,0.0,E-PAO,GLC,7369.0,NASA COOLR,http://e-pao.net/GP.asp?src=21..020815.aug15,COOLR administrative division; Uttaranchal normalized to Uttarakhand,OK
7370,2015-08-01,2015-08-01 05:30:00,2015,Manipur,24.142,94.108,between Moltuk to New Songjang village,between Moltuk to New Songjang village,Known within 5 km,Landslide,Continuous rain,Medium,Above road,0,0.0,E-PAO,GLC,7370.0,NASA COOLR,http://e-pao.net/GP.asp?src=21..020815.aug15,COOLR administrative division; Uttaranchal normalized to Uttarakhand,OK
7371,2015-08-01,2015-08-01 05:30:00,2015,Manipur,23.994,94.057,near S Lamphei Lamkhai and Sehlon village,near S Lamphei Lamkhai and Sehlon village,Known within 50 km,Landslide,Continuous rain,Medium,Unknown,0,0.0,E-PAO,GLC,7371.0,NASA COOLR,http://e-pao.net/GP.asp?src=21..020815.aug15,COOLR administrative division; Uttaranchal normalized to Uttarakhand,OK
7373,2015-08-01,2015-08-01 05:30:00,2015,Manipur,24.911,94.476,between Maku village and Kamjong sub division,between Maku village and Kamjong sub division,Known within 10 km,Landslide,Continuous rain,Medium,Above road,,,E-PAO,GLC,7373.0,NASA COOLR,http://e-pao.net/GP.asp?src=22..020815.aug15,COOLR administrative division; Uttaranchal normalized to Uttarakhand,OK
7374,2015-08-01,2015-08-01 05:30:00,2015,Manipur,25.112,94.359,Ukhrul town Circular road from Rayotang to Viewland Zone II,Ukhrul town Circular road from Rayotang to Viewland Zone II,Known within 10 km,Landslide,Continuous rain,Medium,Below road,0,0.0,E-PAO,GLC,7374.0,NASA COOLR,http://e-pao.net/GP.asp?src=22..020815.aug15,COOLR administrative division; Uttaranchal normalized to Uttarakhand,OK
7375,2015-08-01,2015-08-01 05:30:00,2015,Manipur,25.194,94.448,Ukhrul NH 201-Jessami road,Ukhrul NH 201-Jessami road,Known within 25 km,Landslide,Continuous rain,Medium,Above road,0,0.0,E-PAO,GLC,7375.0,NASA COOLR,http://e-pao.net/GP.asp?src=22..020815.aug15,COOLR administrative division; Uttaranchal normalized to Uttarakhand,OK
7383,2015-08-01,2015-08-01 05:30:00,2015,Manipur,23.899,94.143,"Tuitung village, Khengjoi","Tuitung village, Khengjoi",Known within 5 km,Landslide,Rain,Medium,Unknown,0,0.0,Hindustan Times,GLC,7383.0,NASA COOLR,http://www.hindustantimes.com/india/20-dead-several-houses-swept-away-in-manipur-landslide/story-KoP6OouFBWhqxSdcnLrXJN.html,COOLR administrative division; Uttaranchal normalized to Uttarakhand,OK
7384,2015-08-01,2015-08-01 05:30:00,2015,Manipur,23.928,94.091,"Wayang, Khengjoi","Wayang, Khengjoi",Known within 5 km,Landslide,Rain,Medium,Unknown,0,0.0,Hindustan Times,GLC,7384.0,NASA COOLR,http://www.hindustantimes.com/india/20-dead-several-houses-swept-away-in-manipur-landslide/story-KoP6OouFBWhqxSdcnLrXJN.html,COOLR administrative division; Uttaranchal normalized to Uttarakhand,OK
7385,2015-08-01,2015-08-01 05:30:00,2015,Manipur,24.004,93.982,"Holenjang, Chandel district","Holenjang, Chandel district",Known within 10 km,Landslide,Continuous rain,Medium,Unknown,0,0.0,India Today,GLC,7385.0,NASA COOLR,http://indiatoday.intoday.in/story/landslide-in-manipur-near-myanmar-border-kills-21/1/455645.html,COOLR administrative division; Uttaranchal normalized to Uttarakhand,OK
7387,2015-08-01,2015-08-01 05:30:00,2015,Manipur,24.954,94.216,Imphal-Ukhrul road,Imphal-Ukhrul road,Known within 50 km,Landslide,Continuous rain,Small,Below road,0,0.0,E-PAO,GLC,7387.0,NASA COOLR,http://e-pao.net/GP.asp?src=1..020815.aug15,COOLR administrative division; Uttaranchal normalized to Uttarakhand,OK
7388,2015-08-01,2015-08-01 05:30:00,2015,Manipur,24.416,94.098,Senam,Senam,Known within 5 km,Landslide,Continuous rain,Medium,Unknown,0,0.0,E-PAO,GLC,7388.0,NASA COOLR,http://e-pao.net/GP.asp?src=1..020815.aug15,COOLR administrative division; Uttaranchal normalized to Uttarakhand,OK
7389,2015-08-01,2015-08-01 05:30:00,2015,Manipur,24.407,94.064,between Bongyang and Lokchao along the Imphal-Moreh highway,between Bongyang and Lokchao along the Imphal-Moreh highway,Known within 5 km,Landslide,Continuous rain,Medium,Above road,0,0.0,E-PAO,GLC,7389.0,NASA COOLR,http://e-pao.net/GP.asp?src=1..020815.aug15,COOLR administrative division; Uttaranchal normalized to Uttarakhand,OK
7390,2015-08-01,2015-08-01 05:30:00,2015,Manipur,24.427,94.191,between Tengnoupal-Sita junction and Tengnoupal Power Sub-Station,between Tengnoupal-Sita junction and Tengnoupal Power Sub-Station,Known within 25 km,Landslide,Continuous rain,Medium,Above road,0,0.0,E-PAO,GLC,7390.0,NASA COOLR,http://e-pao.net/GP.asp?src=1..020815.aug15,COOLR administrative division; Uttaranchal normalized to Uttarakhand,OK
7910,2015-08-01,2015-08-01 05:30:00,2015,Manipur,24.348,94.115,Chandel,Chandel,Known within 10 km,Landslide,Unknown,Medium,Above road,0,0.0,E-Pao,GLC,7910.0,NASA COOLR,http://e-pao.net/GP.asp?src=30..300815.aug15,COOLR administrative division; Uttaranchal normalized to Uttarakhand,OK
7313,2015-08-01,2015-08-01 12:00:00,2015,Manipur,24.108,94.04,Joumol of Chandel district,Joumol of Chandel district,Known within 25 km,Landslide,Continuous rain,Large,Deforested slope,21,0.0,Sangai Express,GLC,7313.0,NASA COOLR,http://www.thesangaiexpress.com/page/items/55203/healing-touch-to-flood-landslide-affected-victims,COOLR administrative division; Uttaranchal normalized to Uttarakhand,OK
7664,2015-08-11,2015-08-11 05:30:00,2015,Manipur,24.746,93.425,Nungba,Nungba,Known within 10 km,Landslide,Continuous rain,Medium,Unknown,0,0.0,E-PAO,GLC,7664.0,NASA COOLR,http://e-pao.net/GP.asp?src=26..120815.aug15,COOLR administrative division; Uttaranchal normalized to Uttarakhand,OK
7665,2015-08-11,2015-08-11 05:30:00,2015,Manipur,24.702,93.529,Khoupum,Khoupum,Known within 5 km,Landslide,Continuous rain,Medium,Unknown,0,0.0,E-PAO,GLC,7665.0,NASA COOLR,http://e-pao.net/GP.asp?src=26..120815.aug15,COOLR administrative division; Uttaranchal normalized to Uttarakhand,OK
7666,2015-08-11,2015-08-11 05:30:00,2015,Manipur,25.102,93.373,Tousem,Tousem,Known within 5 km,Landslide,Continuous rain,Medium,Unknown,0,0.0,E-PAO,GLC,7666.0,NASA COOLR,http://e-pao.net/GP.asp?src=26..120815.aug15,COOLR administrative division; Uttaranchal normalized to Uttarakhand,OK
8900,2016-07-07,2016-07-07 05:30:00,2016,Manipur,25.012,94.314,"Imphal-Ukhrul sector of National Highway 102, Manipur, India","Imphal-Ukhrul sector of National Highway 102, Manipur, India",Known within 25 km,Landslide,Monsoon,Large,Above road,0,0.0,Eastern Mirror,GLC,8900.0,NASA COOLR,http://www.easternmirrornagaland.com/landslide-hampers-nh-102-traffic-restored/,COOLR administrative division; Uttaranchal normalized to Uttarakhand,OK
9186,2016-07-25,2016-07-25 18:00:00,2016,Manipur,25.48,94.138,"Imphal-Dimapur road  in Tadubi, Senapati district, Manipur, India","Imphal-Dimapur road  in Tadubi, Senapati district, Manipur, India",Known within 1 km,Landslide,Continuous rain,Medium,Above road,0,1.0,E-Pao,GLC,9186.0,NASA COOLR,http://www.e-pao.net/GP.asp?src=Snipp1..260716.jul16,COOLR administrative division; Uttaranchal normalized to Uttarakhand,OK
11150,2017-03-30,2017-03-30 05:30:00,2017,Manipur,24.796,93.724,NH-37 Landslide in the Tamenglong District,"NH-37, between T. Laijang and K. Sinam villages, Tamenglong district, Manipur, 795008",Known within 10 km,Landslide,Downpour,Small,Above road,0,0.0,Nagaland Post,GLC,,NASA COOLR,http://www.nagalandpost.com/ChannelNews/Regional/RegionalNews.aspx?news=TkVXUzEwMDExMjEyMg%3D%3D,COOLR administrative division; Uttaranchal normalized to Uttarakhand,OK
11152,2017-04-06,2017-04-06 05:30:00,2017,Manipur,25.083,94.238,Landslide in Sirakhong,"Sirakhong, Ukhrul Central, Ukhrul, Manipur State, India",Known exactly,Landslide,Unknown,Medium,Urban,0,0.0,Dailyworld,GLC,,NASA COOLR,https://dailyworld.in/houses-damaged-in-landslide-in-imphal/,COOLR administrative division; Uttaranchal normalized to Uttarakhand,OK
12716,2017-06-05,2017-06-05 05:30:00,2017,Manipur,25.144,93.972,"Kalikhola, Kankpokpi Mudslide","SL Veng Road, Kangpokpi, Sadar Hills West, Senapati, Manipur, 795129",Known within 5 km,Mudslide,Flooding,Medium,Deforested slope,0,0.0,The Assam Tribune,GLC,,NASA COOLR,http://www.assamtribune.com/scripts/detailsnew.asp?id=jan0118/oth051,COOLR administrative division; Uttaranchal normalized to Uttarakhand,OK
9704,2017-06-13,2017-06-13 03:30:00,2017,Manipur,25.12,94.364,Mudslide in Eastern Manipur,"Khaivarentang village (??) in Ukhrul, Manipur",Known within 50 km,Mudslide,Continuous rain,Medium,Natural slope,0,0.0,Eastern Mirror,GLC,,NASA COOLR,http://www.easternmirrornagaland.com/landslide-hits-khaivarentang-homesteads-sunken/,COOLR administrative division; Uttaranchal normalized to Uttarakhand,OK
9875,2017-06-26,2017-06-26 05:30:00,2017,Manipur,24.324,93.15,Landslide destroys section of National Highway 2,"NH 2, Manipur State, India",Known within 5 km,Landslide,Downpour,Large,Above road,0,0.0,Zoram Observer,GLC,,NASA COOLR,https://www.zoramobserver.com/manipur/landslide-cuts-off-8-manipur-villages-in-pherzawl-district-for-5-days-now/,COOLR administrative division; Uttaranchal normalized to Uttarakhand,OK
9877,2017-06-26,2017-06-26 05:30:00,2017,Manipur,24.22,93.203,Landslide blocks NH-2 between Pherzawl and Bukpi,"NH-2, Pherzawl District, Manipur State, India",Known within 10 km,Landslide,Downpour,Medium,Above road,0,0.0,Zoram Observer,GLC,,NASA COOLR,https://www.zoramobserver.com/manipur/landslide-cuts-off-8-manipur-villages-in-pherzawl-district-for-5-days-now/,COOLR administrative division; Uttaranchal normalized to Uttarakhand,OK
9876,2017-06-27,2017-06-27 05:30:00,2017,Manipur,24.304,93.182,Landslide cuts off NH 2,"NH 2, Manipur State, India",Known within 5 km,Landslide,Downpour,Medium,Above road,0,0.0,Zoram Observer,GLC,,NASA COOLR,https://www.zoramobserver.com/manipur/landslide-cuts-off-8-manipur-villages-in-pherzawl-district-for-5-days-now/,COOLR administrative division; Uttaranchal normalized to Uttarakhand,OK
9931,2017-06-30,2017-06-30 05:30:00,2017,Manipur,25.067,93.931,NH-2 blocked by landslide along Imphal-Dimapur section,Torrential downpour causes road-blocking lansdlide along NH-2 near Bimparao village,Known within 1 km,Landslide,Downpour,Small,Above road,0,0.0,E-Pao,GLC,,NASA COOLR,http://e-pao.net/GP.asp?src=2..020717.jul17,COOLR administrative division; Uttaranchal normalized to Uttarakhand,OK
9948,2017-07-01,2017-07-01 05:30:00,2017,Manipur,24.952,94.203,Landslide causes Ukhrul-Imphal road to sink,"NH-150, Ukhrul Central, Ukhrul, Manipur, 795142",Known within 1 km,Landslide,Rain,Small,Below road,0,0.0,The Northeast Today,GLC,,NASA COOLR,https://thenortheasttoday.com/manipur-ukhrul-district-affected-by-landslide-along-imphal-ukhrul-highway-namthilog/,COOLR administrative division; Uttaranchal normalized to Uttarakhand,OK
9974,2017-07-04,2017-07-04 05:30:00,2017,Manipur,25.498,94.129,Landslide blocks road,"AH1, Mao-Maram, Senapati, Manipur, 795150",Known within 1 km,Landslide,Continuous rain,Small,Above road,0,0.0,Imphal Free Press,GLC,,NASA COOLR,http://www.ifp.co.in/item/1610-landslide-at-mao-gate,COOLR administrative division; Uttaranchal normalized to Uttarakhand,OK
11151,2017-07-08,2017-07-08 05:30:00,2017,Manipur,25.065,94.274,Landslides along Lamlang River,"Ukhrul Central, Ukhrul, Manipur",Known within 100 km,Landslide,Continuous rain,Medium,Above river,0,0.0,E-Pao,GLC,,NASA COOLR,http://e-pao.net/GP.asp?src=4..090717.jul17,COOLR administrative division; Uttaranchal normalized to Uttarakhand,OK
10968,2017-07-09,2017-07-09 05:30:00,2017,Manipur,24.272,93.28,Landslide blocks road near Thanlon,"Thanlon, Churachandpur, Manipur",Known within 1 km,Landslide,Continuous rain,Small,Above road,0,0.0,Hindustan Times,GLC,,NASA COOLR,http://www.hindustantimes.com/india-news/manipur-heavy-rains-trigger-landslides-along-national-highways/story-84kUb5i3oGENZmSEVhJ3eO.html,COOLR administrative division; Uttaranchal normalized to Uttarakhand,OK
11149,2017-07-09,2017-07-09 14:30:00,2017,Manipur,24.828,93.518,Landslide on NH-37,"NH-37, Manipur State, India",Known within 10 km,Landslide,Continuous rain,Medium,Below road,0,0.0,Hindustan Times,GLC,,NASA COOLR,http://www.hindustantimes.com/india-news/manipur-heavy-rains-trigger-landslides-along-national-highways/story-84kUb5i3oGENZmSEVhJ3eO.html,COOLR administrative division; Uttaranchal normalized to Uttarakhand,OK
11153,2017-07-09,2017-07-09 14:30:00,2017,Manipur,24.835,93.899,Landslide in Langol Laimanai,"Langol Laimanai, Imphal West, Manipur",Known within 5 km,Landslide,Continuous rain,Small,Natural slope,0,0.0,Hindustan Times,GLC,,NASA COOLR,http://www.hindustantimes.com/india-news/manipur-heavy-rains-trigger-landslides-along-national-highways/story-84kUb5i3oGENZmSEVhJ3eO.html,COOLR administrative division; Uttaranchal normalized to Uttarakhand,OK
10967,2017-07-10,2017-07-10 13:30:00,2017,Manipur,24.372,93.707,Landslide near Molnom blocks road,"NH-150, Churachandpur, Manipur, 795133",Known within 25 km,Landslide,Rain,Small,Above road,0,0.0,Imphal Times,GLC,,NASA COOLR,http://www.imphaltimes.com/news/item/9009-state-medical-team-rushes-henglep-sub-division-stranded-midway-due-to-landslide,COOLR administrative division; Uttaranchal normalized to Uttarakhand,OK
12715,2017-08-26,2017-08-26 05:30:00,2017,Manipur,25.26,94.019,Senapati District Mudslide,"Senapati, Mao-Maram, Senapati, Manipur",Known within 5 km,Mudslide,Flooding,Medium,Urban,,,The Assam Tribune,GLC,,NASA COOLR,http://www.assamtribune.com/scripts/detailsnew.asp?id=jan0118/oth051,COOLR administrative division; Uttaranchal normalized to Uttarakhand,OK
9701,2017-09-21,2017-09-21 05:30:00,2017,Manipur,24.939,93.497,Landslide near Khongjaron on Tamenglong-Khongsang Road,"near the Khongjaron Khunthak village, Tamei Road, Manipur, India",Known within 10 km,Landslide,Continuous rain,Medium,Above road,,,e-pao.net,GLC,,NASA COOLR,http://e-pao.net/GP.asp?src=22..230917.sep17,COOLR administrative division; Uttaranchal normalized to Uttarakhand,OK
12712,2017-09-29,2017-09-29 19:30:00,2017,Manipur,24.981,94.019,Imphal-Saikul Road Landslide,"6-7 km away from Saikul, near Champhai, Imphal-Saikul Rd, Manipur, India",Known within 10 km,Landslide,Downpour,Small,Below road,,,Kangla Online,GLC,,NASA COOLR,http://kanglaonline.com/2017/09/imphal-saikul-road-breaks-down/,COOLR administrative division; Uttaranchal normalized to Uttarakhand,OK
12713,2017-10-22,2017-10-22 05:30:00,2017,Manipur,25.534,94.133,Khuzama Mudslide,"about 1 km from the AH2 national highway which runs through the center of Khuzama, Mewoboke Colony, Khuzama, Nagaland 797005, India",Known within 1 km,Mudslide,Continuous rain,Medium,Natural slope,,,webindia123,GLC,,NASA COOLR,https://news.webindia123.com/news/Articles/India/20171023/3205144.html,COOLR administrative division; Uttaranchal normalized to Uttarakhand,OK
11332,2018-05-10,2018-05-10 16:30:00,2018,Manipur,24.864,93.622,Noney landslide along Imphal-Jiribam National Highway-37,"NH-37, Tamenglong, Manipur, 795147",Known within 5 km,Translational slide,Continuous rain,Medium,Below road,0,0.0,The Northeast Today,GLC,,NASA COOLR,https://thenortheasttoday.com/manipur-vehicles-stranded-as-storm-causes-landslide-along-imphal-jiribam-nh/,COOLR administrative division; Uttaranchal normalized to Uttarakhand,OK
11459,2018-06-03,2018-06-03 06:30:00,2018,Manipur,24.988,93.499,Namlalong Tamenglong Ward No.2 Landslide Destroys House,"Namlalong Ward No. 2, Tamenglong, Manipur",Known within 1 km,Landslide,Rain,Medium,Deforested slope,0,2.0,Imphal Free Press,GLC,,NASA COOLR,https://www.ifp.co.in/page/items/49621/landslide-destroys-house/,COOLR administrative division; Uttaranchal normalized to Uttarakhand,OK
141,2007-07-26,2007-07-26 05:30:00,2007,Meghalaya,25.38,91.88,Singtam,Singtam,Known within 50 km,Landslide,Rain,Medium,Unknown,,,thestatesman.net,GLC,141.0,NASA COOLR,http://www.thestatesman.net/page.news.php?clid=10&theme=&usrsess=1&id=164069,COOLR administrative division; Uttaranchal normalized to Uttarakhand,OK
142,2007-07-27,2007-07-27 05:30:00,2007,Meghalaya,25.521,90.232,Tura,Tura,Known within 10 km,Rock fall,Rain,Large,Unknown,8,,Telegraph India,GLC,142.0,NASA COOLR,http://telegraphindia.com/1070728/asp/frontpage/story_8116912.asp,COOLR administrative division; Uttaranchal normalized to Uttarakhand,OK
212,2007-08-26,2007-08-26 05:30:00,2007,Meghalaya,25.558,91.851,National Highway No 44 at Sonarpur in Meghalaya,National Highway No 44 at Sonarpur in Meghalaya,Location not known,Complex,Rain,Medium,Unknown,,,Newspost India.com,GLC,212.0,NASA COOLR,http://newspostindia.com/report-12963,COOLR administrative division; Uttaranchal normalized to Uttarakhand,OK
259,2007-09-11,2007-09-11 05:30:00,2007,Meghalaya,25.52,91.27,"Assam-Agartala National Highway, Sonarpur in Jayantiya hills of Meghalaya","Assam-Agartala National Highway, Sonarpur in Jayantiya hills of Meghalaya",Location not known,Landslide,Rain,Medium,Unknown,,,India times,GLC,259.0,NASA COOLR,http://timesofindia.indiatimes.com/India/Flood-hit_Tripura_Mizoram_remain_cut_off_for_seventh_day/articleshow/2380211.cms,COOLR administrative division; Uttaranchal normalized to Uttarakhand,OK
1776,2010-04-21,2010-04-21 05:30:00,2010,Meghalaya,25.361,92.285,Shillong-Jowai(Jwai)-Badarpur National Highway(NH 44) at Sunapur village in Jaintia Hills District,Shillong-Jowai(Jwai)-Badarpur National Highway(NH 44) at Sunapur village in Jaintia Hills District,Known within 25 km,Landslide,Downpour,Medium,Unknown,0,,hmar.in,GLC,1776.0,NASA COOLR,http://hmar.in/news/landslide-blocks-nh-44-for-12-hours,COOLR administrative division; Uttaranchal normalized to Uttarakhand,OK
1857,2010-05-11,2010-05-11 14:30:00,2010,Meghalaya,25.343,92.29,"National highway 44 at Sunapur and Tongseng in Jaintia Hills district, eastern Meghalaya","National highway 44 at Sunapur and Tongseng in Jaintia Hills district, eastern Meghalaya",Known within 25 km,Landslide,Downpour,Medium,Unknown,0,,prokerala,GLC,1857.0,NASA COOLR,http://www.prokerala.com/news/articles/a135422.html,COOLR administrative division; Uttaranchal normalized to Uttarakhand,OK
2025,2010-06-28,2010-06-28 05:30:00,2010,Meghalaya,25.573,91.885,"Police CID complex(?), Shillong, Meghalaya","Police CID complex(?), Shillong, Meghalaya",Known within 5 km,Landslide,Downpour,Medium,Unknown,1,,hindustantimes,GLC,2025.0,NASA COOLR,http://www.hindustantimes.com/Girl-dies-in-landslide-flash-flood-wrecks-havoc-in-Meghalaya/Article1-564450.aspx,COOLR administrative division; Uttaranchal normalized to Uttarakhand,OK
2026,2010-06-28,2010-06-28 05:30:00,2010,Meghalaya,25.492,91.27,"Borsorsa(?), West Khasi Hills, Meghalaya","Borsorsa(?), West Khasi Hills, Meghalaya",Known within 50 km,Landslide,Downpour,Medium,Unknown,0,,neinews,GLC,2026.0,NASA COOLR,http://www.neinews.com/girl-dies-5-injured-in-city-l2-missing-trucks-trapped-in-borsora.html,COOLR administrative division; Uttaranchal normalized to Uttarakhand,OK
3927,2011-08-16,2011-08-16 13:30:00,2011,Meghalaya,25.514,90.217,"Garo Hills, Tura","Garo Hills, Tura",Location not known,Landslide,Downpour,Medium,Unknown,6,,theshillongtimes.com,GLC,3927.0,NASA COOLR,http://theshillongtimes.com/2011/08/17/landslides-claim-six/,COOLR administrative division; Uttaranchal normalized to Uttarakhand,OK
4407,2012-06-13,2012-06-13 05:30:00,2012,Meghalaya,25.095,92.357,"NH44, Malidhor area,  Baleswar","NH44, Malidhor area,  Baleswar",Known within 50 km,Landslide,Downpour,Medium,Unknown,,,zeenews.india,GLC,4407.0,NASA COOLR,http://zeenews.india.com/news/assam/road-between-silchar-guwahati-disrupted_781633.html,COOLR administrative division; Uttaranchal normalized to Uttarakhand,OK
4408,2012-06-13,2012-06-13 05:30:00,2012,Meghalaya,25.55,92.076,"NH44, Kuliang","NH44, Kuliang",Location not known,Landslide,Downpour,Medium,Unknown,,,zeenews.india,GLC,4408.0,NASA COOLR,http://zeenews.india.com/news/assam/road-between-silchar-guwahati-disrupted_781633.html,COOLR administrative division; Uttaranchal normalized to Uttarakhand,OK
6291,2014-09-21,2014-09-21 05:30:00,2014,Meghalaya,25.735,90.385,National Highway 51,National Highway 51,Known within 25 km,Landslide,Continuous rain,Large,Unknown,0,0.0,Indian Express,GLC,6291.0,NASA COOLR,http://indianexpress.com/article/india/india-others/pregnant-woman-among-nine-killed-in-shillong-landslide/,COOLR administrative division; Uttaranchal normalized to Uttarakhand,OK
6290,2014-09-23,2014-09-23 08:30:00,2014,Meghalaya,25.577,91.867,Mawbah under Mawprem area,Mawbah under Mawprem area,Known within 5 km,Landslide,Continuous rain,Small,Urban,8,1.0,Zee News,GLC,6290.0,NASA COOLR,http://zeenews.india.com/news/north-east/eight-die-of-landslide-in-east-khasi-hills_1474744.html,COOLR administrative division; Uttaranchal normalized to Uttarakhand,OK
6213,2014-09-24,2014-09-24 05:30:00,2014,Meghalaya,25.814,90.576,Meghalaya,Meghalaya,Location not known,Landslide,Continuous rain,Large,Unknown,0,0.0,The New Indian Express,GLC,6213.0,NASA COOLR,http://www.newindianexpress.com/nation/Fifty-Nine-Killed-in-Flash-Flood-and-Landslide-in-Meghalaya/2014/10/07/article2466329.ece,COOLR administrative division; Uttaranchal normalized to Uttarakhand,OK
6214,2014-10-05,2014-10-05 23:15:00,2014,Meghalaya,25.97,91.859,Jorabat-Umiam route,Jorabat-Umiam route,Known within 5 km,Landslide,Rain,Medium,Above road,1,0.0,The Telegraph,GLC,6214.0,NASA COOLR,http://www.telegraphindia.com/1141007/jsp/frontpage/story_18900562.jsp#.VDVSk_ldV8E,COOLR administrative division; Uttaranchal normalized to Uttarakhand,OK
6293,2014-10-20,2014-10-20 05:30:00,2014,Meghalaya,25.501,90.09,South West Garo Hills,South West Garo Hills,Known within 50 km,Landslide,Rain,Medium,Unknown,6,0.0,Times of India,GLC,6293.0,NASA COOLR,http://timesofindia.indiatimes.com/city/guwahati/Landslide-deluge-kill-7-in-Meghalayas-Garo-Hills/articleshow/43174646.cms,COOLR administrative division; Uttaranchal normalized to Uttarakhand,OK
6968,2015-06-13,2015-06-13 05:30:00,2015,Meghalaya,25.463,92.212,"Ratacherra village along the NH-44 connecting to Barak Valley in Assam and Tripura, Meghalaya, Mizoramon","Ratacherra village along the NH-44 connecting to Barak Valley in Assam and Tripura, Meghalaya, Mizoramon",Known within 5 km,Landslide,Continuous rain,Medium,Unknown,4,2.0,newKarala,GLC,6968.0,NASA COOLR,http://www.newkerala.com/news/2015/fullnews-73439.html,COOLR administrative division; Uttaranchal normalized to Uttarakhand,OK
6970,2015-06-16,2015-06-16 05:30:00,2015,Meghalaya,25.508,90.219,Akonggre,Akonggre,Known within 1 km,Rock fall,Downpour,Small,Above road,1,0.0,The Shillong Times,GLC,6970.0,NASA COOLR,http://www.theshillongtimes.com/2015/06/17/entire-family-among-5-dead-in-tura-landslides/,COOLR administrative division; Uttaranchal normalized to Uttarakhand,OK
6969,2015-06-16,2015-06-16 11:45:00,2015,Meghalaya,25.511,90.215,"Nakham Bazaar, Tura, Meghalaya","Nakham Bazaar, Tura, Meghalaya",Known within 1 km,Landslide,Downpour,Medium,Urban,4,0.0,The Shillong Times,GLC,6969.0,NASA COOLR,http://www.theshillongtimes.com/2015/06/17/entire-family-among-5-dead-in-tura-landslides/,COOLR administrative division; Uttaranchal normalized to Uttarakhand,OK
7335,2015-08-18,2015-08-18 14:30:00,2015,Meghalaya,25.515,90.202,Tura Civil Hospital,Tura Civil Hospital,Known within 1 km,Landslide,Continuous rain,Medium,Urban,0,0.0,Shillong Times,GLC,7335.0,NASA COOLR,http://www.theshillongtimes.com/2015/08/20/child-washed-away-in-tura/,COOLR administrative division; Uttaranchal normalized to Uttarakhand,OK
7589,2015-08-19,2015-08-19 05:30:00,2015,Meghalaya,25.257,92.383,National Highway 44,National Highway 44,Known within 25 km,Landslide,Rain,Medium,Above road,0,0.0,International Business Times,GLC,7589.0,NASA COOLR,http://www.ibtimes.co.in/meghalaya-massive-landslide-east-jaintia-hills-flash-floods-shillong-hit-normal-life-643439,COOLR administrative division; Uttaranchal normalized to Uttarakhand,OK
7590,2015-08-19,2015-08-19 05:30:00,2015,Meghalaya,25.142,92.381,Tongseng,Tongseng,Known within 5 km,Landslide,Rain,Small,Unknown,0,0.0,International Business Times,GLC,7590.0,NASA COOLR,http://www.ibtimes.co.in/meghalaya-massive-landslide-east-jaintia-hills-flash-floods-shillong-hit-normal-life-643439,COOLR administrative division; Uttaranchal normalized to Uttarakhand,OK
7706,2015-08-19,2015-08-19 05:30:00,2015,Meghalaya,25.073,92.364,National Highway at Kuliang,National Highway at Kuliang,Known within 5 km,Landslide,Rain,Medium,Above road,0,0.0,Assam Times,GLC,7706.0,NASA COOLR,http://www.assamtimes.org/node/14622,COOLR administrative division; Uttaranchal normalized to Uttarakhand,OK
7336,2015-08-19,2015-08-19 14:30:00,2015,Meghalaya,25.219,90.555,NH-62 at Sibbari,NH-62 at Sibbari,Known within 10 km,Landslide,Continuous rain,Medium,Above road,0,0.0,Shillong Times,GLC,7336.0,NASA COOLR,http://www.theshillongtimes.com/2015/08/20/child-washed-away-in-tura/,COOLR administrative division; Uttaranchal normalized to Uttarakhand,OK
7956,2015-09-05,2015-09-05 05:30:00,2015,Meghalaya,26.048,91.87,Byrnihat,Byrnihat,Known within 1 km,Landslide,Unknown,Medium,Above road,0,0.0,The Assam Tribune,GLC,7956.0,NASA COOLR,http://www.assamtribune.com/scripts/detailsnew.asp?id=sep0615/city053,COOLR administrative division; Uttaranchal normalized to Uttarakhand,OK
8012,2015-09-06,2015-09-06 20:30:00,2015,Meghalaya,25.97,91.858,"Umling, Meghalaya 793102, India","Umling, Meghalaya 793102, India",Known within 1 km,Landslide,Unknown,Medium,Above road,0,0.0,The Assam Tribune,GLC,8012.0,NASA COOLR,http://www.assamtribune.com/scripts/detailsnew.asp?id=sep0815/oth058,COOLR administrative division; Uttaranchal normalized to Uttarakhand,OK
8366,2015-09-23,2015-09-23 20:30:00,2015,Meghalaya,25.583,91.893,"Shillong, Meghalaya, India","Shillong, Meghalaya, India",Known within 5 km,Landslide,Downpour,Medium,Natural slope,2,1.0,The Northeast Today,GLC,8366.0,NASA COOLR,http://www.northeasttoday.in/two-women-buried-alive-in-shillong-landslide/,COOLR administrative division; Uttaranchal normalized to Uttarakhand,OK
9124,2016-07-19,2016-07-19 05:30:00,2016,Meghalaya,25.203,90.557,"Rongthragittim Songittal village, near Sibbari, South Garo Hills District, Meghalaya, India","Rongthragittim Songittal village, near Sibbari, South Garo Hills District, Meghalaya, India",Known within 5 km,Translational slide,Continuous rain,Large,Natural slope,0,0.0,Business Standard,GLC,9124.0,NASA COOLR,http://www.business-standard.com/article/news-ani/over-hundred-homes-displaced-due-to-landslide-in-meghalaya-116072100406_1.html,COOLR administrative division; Uttaranchal normalized to Uttarakhand,OK
10989,2017-02-15,2017-02-15 05:30:00,2017,Meghalaya,25.518,91.963,Stone Quarry Landslide in Lamlyer,"Mawryngkneng, East Khasi Hills, Meghalaya",Known within 1 km,Landslide,Mining,Small,Mine,2,0.0,The Shillong Times,GLC,,NASA COOLR,http://www.theshillongtimes.com/2017/02/16/2-die-in-quarry-landslide/,COOLR administrative division; Uttaranchal normalized to Uttarakhand,OK
9789,2017-05-26,2017-05-26 22:30:00,2017,Meghalaya,25.907,91.882,Retaining wall collapse in Nongpoh,"St Paul's Secondary School, Nongpoh",Known exactly,Landslide,Rain,Small,Urban,0,3.0,Shillong Times,GLC,,NASA COOLR,http://www.theshillongtimes.com/2017/05/27/two-students-among-injured-in-nongpoh-landslide/,COOLR administrative division; Uttaranchal normalized to Uttarakhand,OK
10985,2017-06-17,2017-06-17 05:30:00,2017,Meghalaya,25.438,91.799,Fatal landslide in Mawjrong,"Khatarshnong Laitkroh, East Khasi Hills, Meghalaya",Known within 1 km,Landslide,Continuous rain,Medium,Natural slope,1,2.0,The Arunachal Times,GLC,,NASA COOLR,http://www.arunachaltimes.in/six-killed-in-meghalaya-landslides/,COOLR administrative division; Uttaranchal normalized to Uttarakhand,OK
10987,2017-06-17,2017-06-17 05:30:00,2017,Meghalaya,25.678,91.923,Fatal landslide in Umiam,"Umiam, Ribhoi, Meghalaya",Known within 5 km,Landslide,Continuous rain,Medium,Unknown,3,0.0,The Arunachal Times,GLC,,NASA COOLR,http://www.arunachaltimes.in/six-killed-in-meghalaya-landslides/,COOLR administrative division; Uttaranchal normalized to Uttarakhand,OK
10986,2017-07-07,2017-07-07 00:30:00,2017,Meghalaya,25.829,91.877,Landslide on NH-6,"Umsning, Ribhoi, Meghalaya State, India",Known within 1 km,Landslide,Downpour,Medium,Above road,0,0.0,The Shillong Times,GLC,,NASA COOLR,http://www.theshillongtimes.com/2017/07/07/landslide-blocks-nh-6-hundreds-stranded/,COOLR administrative division; Uttaranchal normalized to Uttarakhand,OK
10988,2017-07-09,2017-07-09 10:30:00,2017,Meghalaya,25.826,91.871,Landslide on NH-6,"Pahamrynnai, Ribhoi, Meghalaya",Known within 1 km,Landslide,Continuous rain,Small,Above road,0,0.0,The Shillong Times,GLC,,NASA COOLR,http://www.theshillongtimes.com/2017/07/10/landslide-in-ri-bhoi-blocks-nh-6/,COOLR administrative division; Uttaranchal normalized to Uttarakhand,OK
12719,2018-04-28,2018-04-28 16:30:00,2018,Meghalaya,25.032,92.423,Malidor Landslide Obstructs Road,"Road, Malidor, East Jaintia Hills, Meghalaya, India",Known within 1 km,Landslide,Rain,Medium,Above road,0,0.0,The Shillong Times,GLC,,NASA COOLR,http://www.theshillongtimes.com/2018/04/28/landslide-at-malidor-disrupts-traffic-movement/,COOLR administrative division; Uttaranchal normalized to Uttarakhand,OK
13723,2019-07-09,2019-07-09 18:07:00,2019,Meghalaya,25.567,91.906,Landslip near Basic School,"near Basic School, Nongshiliang, Malki",Known within 5 km,Landslide,Continuous rain,Unknown,Urban,,,Sentinel,GLC,,NASA COOLR,https://www.sentinelassam.com/news/rains-cause-landslips-in-east-khasi-hills-district-shillong/,COOLR administrative division; Uttaranchal normalized to Uttarakhand,OK
13724,2019-07-09,2019-07-09 18:07:00,2019,Meghalaya,25.588,92.023,Landslip in Mawiong,"Mawiong, Mawryngkneng, East Khasi Hills, Meghalaya",Known within 5 km,Landslide,Continuous rain,Unknown,Unknown,,,Sentinel,GLC,,NASA COOLR,https://www.sentinelassam.com/news/rains-cause-landslips-in-east-khasi-hills-district-shillong/,COOLR administrative division; Uttaranchal normalized to Uttarakhand,OK
13725,2019-07-09,2019-07-09 18:07:00,2019,Meghalaya,25.537,91.981,Landslip in Mawlynngad,"Mawlynngad, Mawryngkneng, East Khasi Hills, Meghalaya",Known within 10 km,Landslide,Continuous rain,Unknown,Unknown,0,0.0,Sentinel,GLC,,NASA COOLR,https://www.sentinelassam.com/news/rains-cause-landslips-in-east-khasi-hills-district-shillong/,COOLR administrative division; Uttaranchal normalized to Uttarakhand,OK
147,2007-07-30,2007-07-30 05:30:00,2007,Mizoram,22.533,92.899,Lawngtlai,Lawngtlai,Known within 25 km,Landslide,Downpour,Medium,Unknown,,,Red Cross - Field reports,GLC,147.0,NASA COOLR,https://www-secure.ifrc.org/dmis/prepare/view_report.asp?ReportID=2987,COOLR administrative division; Uttaranchal normalized to Uttarakhand,OK
148,2007-07-30,2007-07-30 05:30:00,2007,Mizoram,22.479,92.967,Saiha,Saiha,Known within 25 km,Landslide,Downpour,Medium,Unknown,,,Red Cross - Field reports,GLC,148.0,NASA COOLR,https://www-secure.ifrc.org/dmis/prepare/view_report.asp?ReportID=2987,COOLR administrative division; Uttaranchal normalized to Uttarakhand,OK
285,2007-09-29,2007-09-29 05:30:00,2007,Mizoram,24.129,92.692,"National Highway, 45 Aizwal (Mizoram)","National Highway, 45 Aizwal (Mizoram)",Known within 50 km,Landslide,Rain,Medium,Unknown,,,Newkerala,GLC,285.0,NASA COOLR,http://www.newkerala.com/oct.php?action=fullnews&id=7498,COOLR administrative division; Uttaranchal normalized to Uttarakhand,OK
1222,2009-10-05,2009-10-05 05:30:00,2009,Mizoram,23.735,92.721,"Chhinga Veng, Aizawl","Chhinga Veng, Aizawl",Known within 5 km,Landslide,Downpour,Medium,Urban,3,,ptinews,GLC,1222.0,NASA COOLR,http://www.ptinews.com/news/316483_Three-killed--ten-injured-in-Mizoram-landslide,COOLR administrative division; Uttaranchal normalized to Uttarakhand,OK
2205,2010-08-06,2010-08-06 05:30:00,2010,Mizoram,23.737,92.715,"Dawrpui Vengthar cemetary, Aizwal, Mizoram","Dawrpui Vengthar cemetary, Aizwal, Mizoram",Known within 1 km,Landslide,Downpour,Medium,Unknown,0,,gsi.gov,GLC,2205.0,NASA COOLR,"http://www.portal.gsi.gov.in/portal/page?_pageid=127,875814&_dad=portal&_schema=PORTAL",COOLR administrative division; Uttaranchal normalized to Uttarakhand,OK
2420,2010-09-13,2010-09-13 05:30:00,2010,Mizoram,23.73,92.715,"Tuikual 'C', Aizawl, Mizoram","Tuikual 'C', Aizawl, Mizoram",Known within 1 km,Landslide,Downpour,Medium,Urban,1,,Mizoram Express,GLC,2420.0,NASA COOLR,http://mizoramexpress.com/index.php/2010/09/mizoram-landslides-kill-one-woman/,COOLR administrative division; Uttaranchal normalized to Uttarakhand,OK
2422,2010-09-13,2010-09-13 05:30:00,2010,Mizoram,23.742,92.714,"Hunthar Veng, Mizoram","Hunthar Veng, Mizoram",Known within 1 km,Landslide,Downpour,Medium,Urban,,,Mizoram Express,GLC,2422.0,NASA COOLR,http://mizoramexpress.com/index.php/2010/09/mizoram-landslides-kill-one-woman/,COOLR administrative division; Uttaranchal normalized to Uttarakhand,OK
2423,2010-09-13,2010-09-13 05:30:00,2010,Mizoram,23.735,92.711,"road to Kanan Veng from Hunthar Veng, Mizoram","road to Kanan Veng from Hunthar Veng, Mizoram",Known within 1 km,Landslide,Downpour,Medium,Above road,,,Mizoram Express,GLC,2423.0,NASA COOLR,http://mizoramexpress.com/index.php/2010/09/mizoram-landslides-kill-one-woman/,COOLR administrative division; Uttaranchal normalized to Uttarakhand,OK
2424,2010-09-13,2010-09-13 05:30:00,2010,Mizoram,23.591,92.93,"near Tuivawl(?), Aizawl-Champhai rd, Aizawl district, Mizoram","near Tuivawl(?), Aizawl-Champhai rd, Aizawl district, Mizoram",Known within 25 km,Landslide,Downpour,Medium,Unknown,0,,Mizoram Express,GLC,2424.0,NASA COOLR,http://mizoramexpress.com/index.php/2010/09/mizoram-landslides-kill-one-woman/,COOLR administrative division; Uttaranchal normalized to Uttarakhand,OK
2425,2010-09-13,2010-09-13 05:30:00,2010,Mizoram,23.344,93.075,"near Tuichang(?) on Tuichang river, Aizawl-Champhai rd, Mizoram","near Tuichang(?) on Tuichang river, Aizawl-Champhai rd, Mizoram",Known within 25 km,Landslide,Downpour,Medium,Unknown,0,,Mizoram Express,GLC,2425.0,NASA COOLR,http://mizoramexpress.com/index.php/2010/09/mizoram-landslides-kill-one-woman/,COOLR administrative division; Uttaranchal normalized to Uttarakhand,OK
2426,2010-09-13,2010-09-13 05:30:00,2010,Mizoram,22.718,92.842,"Hual(Hu) village(?), Lunglei-Lawngtlai rd, Mizoram","Hual(Hu) village(?), Lunglei-Lawngtlai rd, Mizoram",Known within 25 km,Landslide,Downpour,Medium,Unknown,0,,Mizoram Express,GLC,2426.0,NASA COOLR,http://mizoramexpress.com/index.php/2010/09/mizoram-landslides-kill-one-woman/,COOLR administrative division; Uttaranchal normalized to Uttarakhand,OK
2421,2010-09-13,2010-09-13 14:30:00,2010,Mizoram,23.754,92.741,"road to Muanna Godown, Zuangtui, Mizoram","road to Muanna Godown, Zuangtui, Mizoram",Known within 1 km,Landslide,Downpour,Medium,Above road,,,Mizoram Express,GLC,2421.0,NASA COOLR,http://mizoramexpress.com/index.php/2010/09/mizoram-landslides-kill-one-woman/,COOLR administrative division; Uttaranchal normalized to Uttarakhand,OK
2437,2010-09-16,2010-09-16 05:30:00,2010,Mizoram,23.753,92.694,"Aizawl-Lengpui rd 3km from Aizawl, Mizoram, Manipur","Aizawl-Lengpui rd 3km from Aizawl, Mizoram, Manipur",Known within 5 km,Landslide,Downpour,Medium,Unknown,0,,mizoramexpress.com,GLC,2437.0,NASA COOLR,http://mizoramexpress.com/index.php/2010/09/landslide-hits-aizawl-1-house-destroyed/,COOLR administrative division; Uttaranchal normalized to Uttarakhand,OK
4610,2012-11-11,2012-11-11 05:30:00,2012,Mizoram,23.771,92.522,"Dapchhuah, Mamit, Mizoram","Dapchhuah, Mamit, Mizoram",Known within 5 km,Landslide,Downpour,Medium,Unknown,4,,assamtribune,GLC,4610.0,NASA COOLR,http://www.assamtribune.com/scripts/detailsnew.asp?id=oct1312/oth06,COOLR administrative division; Uttaranchal normalized to Uttarakhand,OK
4845,2013-05-07,2013-05-07 05:30:00,2013,Mizoram,24.232,92.676,"Kolasib, Saiha, Mizoram,","Kolasib, Saiha, Mizoram,",Known within 50 km,Mudslide,Rain,Medium,Unknown,,,www.thehindu.com,GLC,4845.0,NASA COOLR,http://www.thehindu.com/news/national/other-states/landslides-after-heavy-premonsoon-rain-in-mizoram/article4695784.ece,COOLR administrative division; Uttaranchal normalized to Uttarakhand,OK
4857,2013-05-11,2013-05-11 14:30:00,2013,Mizoram,23.728,92.718,"Laipuitland , Aizawl, Mizoram","Laipuitland , Aizawl, Mizoram",Known within 25 km,Landslide,Rain,Large,Unknown,15,,articles.timesofindia.indiatimes.com,GLC,4857.0,NASA COOLR,http://articles.timesofindia.indiatimes.com/2013-05-12/guwahati/39203177_1_young-mizo-association-aizawl-rescue-work,COOLR administrative division; Uttaranchal normalized to Uttarakhand,OK
6143,2014-07-14,2014-07-14 23:30:00,2014,Mizoram,23.733,92.746,"Zembabawk, Aizawl","Zembabawk, Aizawl",Known within 5 km,Landslide,Downpour,Medium,Unknown,1,2.0,Business Standard,GLC,6143.0,NASA COOLR,http://www.business-standard.com/article/pti-stories/rescue-operations-for-woman-swept-away-by-landslide-continue-114071500831_1.html,COOLR administrative division; Uttaranchal normalized to Uttarakhand,OK
6963,2015-06-19,2015-06-19 05:30:00,2015,Mizoram,23.713,92.736,"Muanna locality, Mizoram","Muanna locality, Mizoram",Known within 50 km,Landslide,Rain,Medium,Natural slope,0,0.0,The Statesmen,GLC,6963.0,NASA COOLR,http://www.thestatesman.com/news/northeast/27-graves-damaged-in-mizoram-landslide/70263.html,COOLR administrative division; Uttaranchal normalized to Uttarakhand,OK
7778,2015-08-26,2015-08-26 05:30:00,2015,Mizoram,23.845,93.051,Phullen’s main road,Phullen’s main road,Known within 10 km,Mudslide,Continuous rain,Medium,Above road,0,0.0,Indian Express,GLC,7778.0,NASA COOLR,http://indianexpress.com/article/india/india-others/several-houses-swept-away-in-mudslide-in-the-mizoram-town-of-phullen/,COOLR administrative division; Uttaranchal normalized to Uttarakhand,OK
7780,2015-08-26,2015-08-26 05:30:00,2015,Mizoram,23.357,92.788,Sailam village,Sailam village,Known within 5 km,Landslide,Continuous rain,Medium,Above road,1,0.0,Indian Express,GLC,7780.0,NASA COOLR,http://indianexpress.com/article/india/india-others/several-houses-swept-away-in-mudslide-in-the-mizoram-town-of-phullen/,COOLR administrative division; Uttaranchal normalized to Uttarakhand,OK
7836,2015-08-27,2015-08-27 05:30:00,2015,Mizoram,24.042,92.672,"National Highway 54, at Kawnpui town","National Highway 54, at Kawnpui town",Known within 10 km,Landslide,Downpour,Medium,Above road,0,0.0,Indian Express,GLC,7836.0,NASA COOLR,http://indianexpress.com/article/india/india-others/mizoram-aizawl-houses-swept-away-graves-damaged-by-rain-and-landslide/,COOLR administrative division; Uttaranchal normalized to Uttarakhand,OK
7837,2015-08-27,2015-08-27 05:30:00,2015,Mizoram,23.727,92.727,three graveyards within Aizawl,three graveyards within Aizawl,Known within 5 km,Landslide,Downpour,Medium,Urban,0,0.0,Indian Express,GLC,7837.0,NASA COOLR,http://indianexpress.com/article/india/india-others/mizoram-aizawl-houses-swept-away-graves-damaged-by-rain-and-landslide/,COOLR administrative division; Uttaranchal normalized to Uttarakhand,OK
7838,2015-08-27,2015-08-27 05:30:00,2015,Mizoram,23.687,93.017,the state highway which links the rest of the state to eastern Champhai district,the state highway which links the rest of the state to eastern Champhai district,Known within 50 km,Landslide,Downpour,Medium,Above road,0,0.0,Indian Express,GLC,,NASA COOLR,http://indianexpress.com/article/india/india-others/mizoram-aizawl-houses-swept-away-graves-damaged-by-rain-and-landslide/,COOLR administrative division; Uttaranchal normalized to Uttarakhand,OK
7972,2015-08-28,2015-08-28 07:15:00,2015,Mizoram,23.45,92.811,"Mizoram, India","Mizoram, India",Known within 25 km,Landslide,Downpour,Large,Unknown,0,0.0,The Indian Express,GLC,7972.0,NASA COOLR,http://indianexpress.com/article/india/india-others/mizorams-power-lifeline-on-shaky-ground-after-landslip/,COOLR administrative division; Uttaranchal normalized to Uttarakhand,OK
8224,2015-09-14,2015-09-14 07:00:00,2015,Mizoram,23.731,92.719,"Aizawl, Mizoram, India","Aizawl, Mizoram, India",Known within 5 km,Landslide,Downpour,Medium,Above road,0,0.0,The Northeast Today,GLC,8224.0,NASA COOLR,http://thenortheasttoday.com/landslides-damage-houses-graves-in-aizawl/,COOLR administrative division; Uttaranchal normalized to Uttarakhand,OK
8223,2015-09-14,2015-09-14 08:40:00,2015,Mizoram,23.735,92.719,"Aizawl, Mizoram, India","Aizawl, Mizoram, India",Known within 5 km,Landslide,Downpour,Large,Above road,0,0.0,The Northeast Today,GLC,8223.0,NASA COOLR,http://thenortheasttoday.com/landslides-damage-houses-graves-in-aizawl/,COOLR administrative division; Uttaranchal normalized to Uttarakhand,OK
9232,2016-07-29,2016-07-29 04:30:00,2016,Mizoram,23.54,93.378,"Ngur, near Mizoram-Myanmar border, India","Ngur, near Mizoram-Myanmar border, India",Known within 1 km,Landslide,Continuous rain,Medium,Unknown,2,6.0,Business Standard,GLC,9232.0,NASA COOLR,http://www.business-standard.com/article/pti-stories/two-killed-in-mizoram-landslide-116072900324_1.html,COOLR administrative division; Uttaranchal normalized to Uttarakhand,OK
10960,2016-09-17,2016-09-17 06:30:00,2016,Mizoram,23.726,92.718,Landslide in Mizoram,"Mizoram, India",Known within 5 km,Landslide,Unknown,Unknown,Unknown,5,0.0,Indian Express,GLC,,NASA COOLR,http://indianexpress.com/article/india/india-news-india/massive-landslide-in-mizoram-kills-five/,COOLR administrative division; Uttaranchal normalized to Uttarakhand,OK
10961,2017-04-25,2017-04-25 05:30:00,2017,Mizoram,24.014,92.674,Landslide blocks NH-54,"NH-54, North Thingdawl, Kolasib, Mizoram, 796075",Known within 50 km,Landslide,Continuous rain,Small,Above road,0,0.0,Outlook India,GLC,,NASA COOLR,https://www.outlookindia.com/newsscroll/landslides-after-heavy-premonsoon-rain-in-mizoram/1035823,COOLR administrative division; Uttaranchal normalized to Uttarakhand,OK
9770,2017-06-01,2017-06-01 05:30:00,2017,Mizoram,23.739,92.715,"Landslide in Mizoram, off of Aizawl","Hunthar Area, NH 54, off of Aizawl",Known within 5 km,Landslide,Tropical cyclone,Medium,Above road,0,0.0,Morung Express,GLC,,NASA COOLR,http://morungexpress.com/landslides-mizoram-aizawl-cut-off/,COOLR administrative division; Uttaranchal normalized to Uttarakhand,OK
10957,2017-06-09,2017-06-09 05:30:00,2017,Mizoram,22.908,92.472,Landslides throuhgout Lunglei District,"Tlabung, Lungsen, Lunglei, Mizoram",Known within 100 km,Landslide,Rain,Medium,Unknown,10,,Hindustan Times,GLC,,NASA COOLR,http://www.hindustantimes.com/india-news/12-dead-in-mizoram-landslides-flood-in-9-days/story-kgRi9Vr3dRit9uVIAOGMQK.html,COOLR administrative division; Uttaranchal normalized to Uttarakhand,OK
9712,2017-06-10,2017-06-10 21:30:00,2017,Mizoram,23.734,92.747,"Landslide in Aizawl, kills 2",,Known within 1 km,Landslide,Rain,Small,Unknown,2,,Zoram Observer,GLC,,NASA COOLR,https://www.zoramobserver.com/mizoram/2-killed-in-landslide-triggered-by-heavy-rains/,COOLR administrative division; Uttaranchal normalized to Uttarakhand,OK
10963,2017-06-12,2017-06-12 05:30:00,2017,Mizoram,23.335,92.854,Damaging landslide in Serchhip District,"Serchhip District, Mizoram, 796230",Known within 10 km,Landslide,Rain,Medium,Natural slope,1,0.0,Imphal Free Press,GLC,,NASA COOLR,http://www.ifp.co.in/item/1220-mizoram-calamity-12-dead-877-houses-damaged,COOLR administrative division; Uttaranchal normalized to Uttarakhand,OK
10962,2017-06-17,2017-06-17 05:30:00,2017,Mizoram,23.656,93.027,Landslide damages Aizawl-Champhai Road,"Aizawl-Champhai road, Champhai, Mizoram State, India",Known within 5 km,Landslide,Continuous rain,Small,Above road,0,0.0,Zoram Observer,GLC,,NASA COOLR,https://www.zoramobserver.com/mizoram/landslides-cut-off-various-parts-of-mizoram-as-rain-continues/,COOLR administrative division; Uttaranchal normalized to Uttarakhand,OK
9989,2017-06-28,2017-06-28 05:30:00,2017,Mizoram,23.695,92.876,Landslide damages road,"Aizawl, Mizoram State, India",Known within 10 km,Landslide,Other,Large,Above road,0,0.0,Zoram Observer,GLC,,NASA COOLR,https://www.zoramobserver.com/mizoram/aizawl-champhai-road-cut-off-by-strange-landslide/,COOLR administrative division; Uttaranchal normalized to Uttarakhand,OK
9731,2017-08-26,2017-08-26 05:30:00,2017,Mizoram,23.833,92.631,Aizwal Landslides Destroy Buildings in Lengpui Village,"Lengpui Village, Aizawl, Mizoram, India",Known within 5 km,Landslide,Downpour,Medium,Deforested slope,,,Zee News,GLC,,NASA COOLR,http://zeenews.india.com/news/landslides-in-mizoram-snap-road-links-7-buildings-collapse-2036680.html,COOLR administrative division; Uttaranchal normalized to Uttarakhand,OK
11403,2018-05-12,2018-05-12 12:30:00,2018,Mizoram,23.737,92.752,Mizoram Landslide near Zemabawk,"near Zemabawk, Aizawl, Mizoram, 796017",Known within 1 km,Landslide,Continuous rain,Medium,Mine,4,0.0,The Morung Express,GLC,,NASA COOLR,http://morungexpress.com/4-bodies-recovered-from-mizoram-landslide/,COOLR administrative division; Uttaranchal normalized to Uttarakhand,OK
11530,2018-06-05,2018-06-05 23:30:00,2018,Mizoram,22.874,92.758,Lunglawn Semi-pucca Building Mudslide,"Lunglawn, Lunglei town, Mizoram, India",Known within 1 km,Mudslide,Continuous rain,Medium,Unknown,10,0.0,NorthEast India24,GLC,,NASA COOLR,http://www.northeastindia24.com/mizoram-21-killed-in-land-slide-road-accident/,COOLR administrative division; Uttaranchal normalized to Uttarakhand,OK
20598,2021-06-12,2021-06-12 23:42:00,2021,Mizoram,23.743,92.739,Massive landslide in Mizoram,"Thuampui, Aizawl, Mizoram",Known within 1 km,Landslide,Rain,Small,Other,2,5.0,India Today,LRC,,NASA COOLR,https://www.indiatoday.in/india/story/massive-landslide-in-mizoram-kills-four-children-1813987-2021-06-12,COOLR administrative division; Uttaranchal normalized to Uttarakhand,OK
215,2007-08-28,2007-08-28 05:30:00,2007,Nagaland,25.743,93.914,Phesema area at National Highway 39,Phesema area at National Highway 39,Known within 50 km,Landslide,Rain,Medium,Unknown,1,,Newkerala,GLC,215.0,NASA COOLR,http://www.newkerala.com/july.php?action=fullnews&id=56364,COOLR administrative division; Uttaranchal normalized to Uttarakhand,OK
313,2007-10-16,2007-10-16 05:30:00,2007,Nagaland,25.706,94.013,"NH-39 at Piphema,  6 km towards Dimapur from Kohima in Nagaland","NH-39 at Piphema,  6 km towards Dimapur from Kohima in Nagaland",Known within 5 km,Landslide,Rain,Large,Unknown,,,kanglaonline.com,GLC,313.0,NASA COOLR,http://www.kanglaonline.com/index.php?template=headline&newsid=39638&typeid=2,COOLR administrative division; Uttaranchal normalized to Uttarakhand,OK
692,2008-08-07,2008-08-07 05:30:00,2008,Nagaland,25.705,94.04,"National Highway-39, Dimapur-Imphal road and another under Kiphire district of Nagaland","National Highway-39, Dimapur-Imphal road and another under Kiphire district of Nagaland",Known within 10 km,Landslide,Downpour,Medium,Unknown,,,kanglaonline,GLC,692.0,NASA COOLR,http://www.kanglaonline.com/index.php?template=headline&newsid=43094&typeid=1,COOLR administrative division; Uttaranchal normalized to Uttarakhand,OK
731,2008-08-19,2008-08-19 05:30:00,2008,Nagaland,26.138,94.25,"Akuk village, Wokha District, Nagaland","Akuk village, Wokha District, Nagaland",Known within 50 km,Mudslide,Downpour,Medium,Unknown,4,,morungexpress,GLC,731.0,NASA COOLR,http://www.morungexpress.com/frontpage/1984.html,COOLR administrative division; Uttaranchal normalized to Uttarakhand,OK
760,2008-08-29,2008-08-29 05:30:00,2008,Nagaland,25.67,94.107,"Kohima, Nagaland","Kohima, Nagaland",Known within 25 km,Complex,Downpour,Medium,Unknown,,,kanglaonline,GLC,760.0,NASA COOLR,http://www.kanglaonline.com/index.php?template=headline&newsid=43189&typeid=1,COOLR administrative division; Uttaranchal normalized to Uttarakhand,OK
1986,2010-06-15,2010-06-15 05:30:00,2010,Nagaland,26.334,94.551,"Fazl Ali College, Mokokchung, Nagaland","Fazl Ali College, Mokokchung, Nagaland",Known within 1 km,Landslide,Downpour,Medium,Unknown,0,,morungexpress,GLC,1986.0,NASA COOLR,http://www.morungexpress.com/local/50451.html,COOLR administrative division; Uttaranchal normalized to Uttarakhand,OK
1996,2010-06-18,2010-06-18 01:00:00,2010,Nagaland,26.433,94.883,"Shayoung Ward(?), Longleng, Nagaland","Shayoung Ward(?), Longleng, Nagaland",Known within 25 km,Landslide,Downpour,Medium,Unknown,0,,morungexpress,GLC,1996.0,NASA COOLR,http://www.morungexpress.com/local/50546.html,COOLR administrative division; Uttaranchal normalized to Uttarakhand,OK
2042,2010-07-06,2010-07-06 05:30:00,2010,Nagaland,26.009,94.524,"Zunheboto, Nagaland","Zunheboto, Nagaland",Known within 5 km,Mudslide,Monsoon,Medium,Unknown,0,,morungexpress,GLC,2042.0,NASA COOLR,http://www.morungexpress.com/local/51540.html,COOLR administrative division; Uttaranchal normalized to Uttarakhand,OK
2043,2010-07-06,2010-07-06 05:30:00,2010,Nagaland,26.723,95.028,"Mon, Nagaland","Mon, Nagaland",Known within 5 km,Mudslide,Monsoon,Medium,Unknown,0,,morungexpress,GLC,2043.0,NASA COOLR,http://www.morungexpress.com/local/51540.html,COOLR administrative division; Uttaranchal normalized to Uttarakhand,OK
2044,2010-07-06,2010-07-06 05:30:00,2010,Nagaland,25.888,94.786,"Kiphire,  Nagaland","Kiphire,  Nagaland",Known within 5 km,Mudslide,Monsoon,Medium,Unknown,0,,morungexpress,GLC,2044.0,NASA COOLR,http://www.morungexpress.com/local/51540.html,COOLR administrative division; Uttaranchal normalized to Uttarakhand,OK
2045,2010-07-06,2010-07-06 05:30:00,2010,Nagaland,26.236,94.813,"Tuensang, Nagaland","Tuensang, Nagaland",Known within 5 km,Mudslide,Monsoon,Medium,Unknown,0,,morungexpress,GLC,2045.0,NASA COOLR,http://www.morungexpress.com/local/51540.html,COOLR administrative division; Uttaranchal normalized to Uttarakhand,OK
2098,2010-07-19,2010-07-19 11:30:00,2010,Nagaland,26.722,95.028,"Jahjon ward(?), Mon town, Nagaland","Jahjon ward(?), Mon town, Nagaland",Known within 5 km,Landslide,Downpour,Medium,Unknown,0,,nagalandpost,GLC,2098.0,NASA COOLR,http://www.nagalandpost.com/ShowStory.aspx?npoststoryiden=UzEwMjg4MDU%3D-2pMJ7cwWh98%3D,COOLR administrative division; Uttaranchal normalized to Uttarakhand,OK
2106,2010-07-20,2010-07-20 05:30:00,2010,Nagaland,26.872,94.992,"road to Oting near Longlam village, 13 km from Tizit subdivision, Mon district, Nagaland","road to Oting near Longlam village, 13 km from Tizit subdivision, Mon district, Nagaland",Known within 25 km,Landslide,Downpour,Medium,Unknown,0,,nagalandpost,GLC,2106.0,NASA COOLR,http://www.nagalandpost.com/ShowStory.aspx?npoststoryiden=UzEwMjg5OTY%3D-LvoR7D2GhjI%3D,COOLR administrative division; Uttaranchal normalized to Uttarakhand,OK
2243,2010-08-13,2010-08-13 05:30:00,2010,Nagaland,25.702,94.046,"NH-39 near Kohima Municipality Council(KMC) dumping ground, between Zubza(Sechu) and Kohima, Nagaland","NH-39 near Kohima Municipality Council(KMC) dumping ground, between Zubza(Sechu) and Kohima, Nagaland",Known within 5 km,Landslide,Downpour,Medium,Mine,0,,E-PAO,GLC,2243.0,NASA COOLR,http://www.e-pao.net/GP.asp?src=21..210810.aug10,COOLR administrative division; Uttaranchal normalized to Uttarakhand,OK
2247,2010-08-14,2010-08-14 05:30:00,2010,Nagaland,26.148,94.842,"Tuensang-Shamatore(Sampurre) rd, Nagaland","Tuensang-Shamatore(Sampurre) rd, Nagaland",Known within 10 km,Landslide,Downpour,Medium,Unknown,0,,morungexpress,GLC,2247.0,NASA COOLR,http://www.morungexpress.com/frontpage/53726.html,COOLR administrative division; Uttaranchal normalized to Uttarakhand,OK
2248,2010-08-14,2010-08-14 05:30:00,2010,Nagaland,26.222,94.915,"Noklak-Tuensang road, Nagaland","Noklak-Tuensang road, Nagaland",Known within 25 km,Landslide,Downpour,Medium,Unknown,0,,morungexpress,GLC,2248.0,NASA COOLR,http://www.morungexpress.com/frontpage/53726.html,COOLR administrative division; Uttaranchal normalized to Uttarakhand,OK
2249,2010-08-14,2010-08-14 05:30:00,2010,Nagaland,26.081,94.803,"Kiphire-Tuensang rd, Nagaland","Kiphire-Tuensang rd, Nagaland",Known within 25 km,Landslide,Downpour,Medium,Unknown,0,,morungexpress,GLC,2249.0,NASA COOLR,http://www.morungexpress.com/frontpage/53726.html,COOLR administrative division; Uttaranchal normalized to Uttarakhand,OK
2263,2010-08-17,2010-08-17 05:30:00,2010,Nagaland,26.275,94.665,"Dikhu bridge(?), Mokokchung-Tuensang road, Nagaland","Dikhu bridge(?), Mokokchung-Tuensang road, Nagaland",Known within 25 km,Landslide,Downpour,Medium,Unknown,0,,morungexpress,GLC,2263.0,NASA COOLR,http://www.morungexpress.com/frontpage/53726.html,COOLR administrative division; Uttaranchal normalized to Uttarakhand,OK
2282,2010-08-19,2010-08-19 12:00:00,2010,Nagaland,26.198,94.816,"Tuensang-Kohima rd, 3 km outside Tuensang, Nagaland","Tuensang-Kohima rd, 3 km outside Tuensang, Nagaland",Known within 1 km,Landslide,Downpour,Medium,Unknown,0,,indiablooms,GLC,2282.0,NASA COOLR,http://www.indiablooms.com/EnvironmentDetailsPage/environmentDetails190810a.php,COOLR administrative division; Uttaranchal normalized to Uttarakhand,OK
2281,2010-08-19,2010-08-19 23:30:00,2010,Nagaland,25.616,94.116,"Kisima, Nagaland","Kisima, Nagaland",Known within 5 km,Landslide,Downpour,Medium,Above road,,,E-PAO,GLC,2281.0,NASA COOLR,http://www.indiablooms.com/EnvironmentDetailsPage/environmentDetails190810a.php,COOLR administrative division; Uttaranchal normalized to Uttarakhand,OK
2415,2010-09-12,2010-09-12 05:30:00,2010,Nagaland,25.64,94.111,power lines 5 km from Kohima,power lines 5 km from Kohima,Known within 25 km,Landslide,Downpour,Medium,Unknown,,,Telegraph,GLC,2415.0,NASA COOLR,http://www.telegraphindia.com/1100916/jsp/northeast/story_12941830.jsp,COOLR administrative division; Uttaranchal normalized to Uttarakhand,OK
2567,2010-10-08,2010-10-08 05:30:00,2010,Nagaland,25.663,94.47,"Phek, Manipur","Phek, Manipur",Known within 5 km,Complex,Downpour,Medium,Unknown,0,,morungexpress,GLC,2567.0,NASA COOLR,http://www.morungexpress.com/local/56264.html,COOLR administrative division; Uttaranchal normalized to Uttarakhand,OK
2579,2010-10-09,2010-10-09 05:30:00,2010,Nagaland,25.682,94.108,"Lower Pezielietsie(Tinpati), Kohima, Manipur","Lower Pezielietsie(Tinpati), Kohima, Manipur",Known within 1 km,Landslide,Downpour,Medium,Unknown,0,,indianexpress,GLC,2579.0,NASA COOLR,http://www.indianexpress.com/news/Landslides-cut-off-N-E/695456,COOLR administrative division; Uttaranchal normalized to Uttarakhand,OK
2587,2010-10-10,2010-10-10 11:30:00,2010,Nagaland,25.662,94.107,"Lower Chandmari area, PWD department, Kohima, Manipur","Lower Chandmari area, PWD department, Kohima, Manipur",Known within 1 km,Landslide,Downpour,Medium,Unknown,0,,morungexpress,GLC,2587.0,NASA COOLR,http://www.morungexpress.com/local/56264.html,COOLR administrative division; Uttaranchal normalized to Uttarakhand,OK
3633,2011-06-20,2011-06-20 05:30:00,2011,Nagaland,26.319,94.512,Mokokchung,Mokokchung,Known within 5 km,Landslide,Downpour,Medium,Unknown,0,,morungexpress,GLC,3633.0,NASA COOLR,http://www.morungexpress.com/local/67219.html,COOLR administrative division; Uttaranchal normalized to Uttarakhand,OK
3637,2011-06-21,2011-06-21 05:30:00,2011,Nagaland,25.516,94.234,"Lasumi village in Phek district, Kohima","Lasumi village in Phek district, Kohima",Known within 1 km,Landslide,Rain,Medium,Deforested slope,,,Morung Express,GLC,3637.0,NASA COOLR,https://web.archive.org/web/20110627132314/http://www.morungexpress.com/regional/67365.html,COOLR administrative division; Uttaranchal normalized to Uttarakhand,OK
3663,2011-06-28,2011-06-28 05:30:00,2011,Nagaland,25.668,94.11,"Ruzapfu valley, Kikruma Village, Phek District, Nagaland","Ruzapfu valley, Kikruma Village, Phek District, Nagaland",Known within 50 km,Landslide,Downpour,Medium,Unknown,0,,morungexpress,GLC,3663.0,NASA COOLR,http://www.morungexpress.com/local/67492.html,COOLR administrative division; Uttaranchal normalized to Uttarakhand,OK
3683,2011-07-01,2011-07-01 05:30:00,2011,Nagaland,25.878,94.174,NH-61 between Botsa and Chiechama,NH-61 between Botsa and Chiechama,Known within 10 km,Landslide,Downpour,Medium,Unknown,0,,morungexpress,GLC,3683.0,NASA COOLR,http://www.morungexpress.com/local/69559.html,COOLR administrative division; Uttaranchal normalized to Uttarakhand,OK
3760,2011-07-11,2011-07-11 14:30:00,2011,Nagaland,25.67,94.11,"NH-61, 1 km before reaching Botsa","NH-61, 1 km before reaching Botsa",Known within 25 km,Landslide,Downpour,Medium,Unknown,0,,morungexpress,GLC,3760.0,NASA COOLR,http://www.morungexpress.com/local/68036.html,COOLR administrative division; Uttaranchal normalized to Uttarakhand,OK
3916,2011-08-13,2011-08-13 13:30:00,2011,Nagaland,25.771,93.807,"Chumukedima, Dimapur","Chumukedima, Dimapur",Known within 10 km,Mudslide,Downpour,Medium,Unknown,0,,morungexpress,GLC,3916.0,NASA COOLR,http://www.morungexpress.com/frontpage/69382.html,COOLR administrative division; Uttaranchal normalized to Uttarakhand,OK
3932,2011-08-18,2011-08-18 05:30:00,2011,Nagaland,25.83,94.13, Botsa  and Chiechama, Botsa  and Chiechama,Known exactly,Landslide,Monsoon,Medium,Unknown,0,,thenewsofindia,GLC,3932.0,NASA COOLR,http://www.thenewsofindia.com/index.php?mod=article&cat=East and North East&article=1450,COOLR administrative division; Uttaranchal normalized to Uttarakhand,OK
4905,2013-06-07,2013-06-07 05:30:00,2013,Nagaland,26.098,94.703,"Kuthur – Huker Road Via Y Anner, Chessore, Nagaland","Kuthur – Huker Road Via Y Anner, Chessore, Nagaland",Known within 25 km,Landslide,Unknown,Medium,Unknown,,,www.nagalandpost.com,GLC,4905.0,NASA COOLR,http://www.nagalandpost.com/channelnews/state/StateNews.aspx?news=TkVXUzEwMDA0NjAwNw%3D%3D-%2FtfIAOw1uMk%3D,COOLR administrative division; Uttaranchal normalized to Uttarakhand,OK
4906,2013-06-07,2013-06-07 05:30:00,2013,Nagaland,26.098,94.75,"Helipong-Chessore Road, Nagaland","Helipong-Chessore Road, Nagaland",Known within 10 km,Landslide,Unknown,Medium,Unknown,,,www.nagalandpost.com,GLC,4906.0,NASA COOLR,http://www.nagalandpost.com/channelnews/state/StateNews.aspx?news=TkVXUzEwMDA0NjAwNw%3D%3D-%2FtfIAOw1uMk%3D,COOLR administrative division; Uttaranchal normalized to Uttarakhand,OK
5005,2013-07-01,2013-07-01 05:30:00,2013,Nagaland,26.72,95.029,"Walo Ward, Mon Town, Wokha District, Nagaland","Walo Ward, Mon Town, Wokha District, Nagaland",Known within 5 km,Landslide,Downpour,Medium,Unknown,0,,www.nagalandpost.com,GLC,5005.0,NASA COOLR,http://www.nagalandpost.com/ChannelNews/State/StateNews.aspx?news=TkVXUzEwMDA0MDQ4MQ%3D%3D-gEvw8J4DIOI%3D,COOLR administrative division; Uttaranchal normalized to Uttarakhand,OK
5006,2013-07-01,2013-07-01 05:30:00,2013,Nagaland,26.115,94.386,"Thillong Village, Doyang Along State Highway 1, Wokha To Merapani Road","Thillong Village, Doyang Along State Highway 1, Wokha To Merapani Road",Known within 1 km,Landslide,Downpour,Medium,Unknown,0,,www.nagalandpost.com,GLC,5006.0,NASA COOLR,http://www.nagalandpost.com/ChannelNews/State/StateNews.aspx?news=TkVXUzEwMDA0MDQ4MQ%3D%3D-gEvw8J4DIOI%3D,COOLR administrative division; Uttaranchal normalized to Uttarakhand,OK
5087,2013-07-12,2013-07-12 05:30:00,2013,Nagaland,25.627,94.114,"National Highway 29 Near Phesama Village, Nagaland","National Highway 29 Near Phesama Village, Nagaland",Known within 10 km,Landslide,Downpour,Medium,Unknown,0,,www.thehindubusinessline.com,GLC,5087.0,NASA COOLR,http://www.thehindubusinessline.com/news/states/landslides-disrupt-vehicular-movement-on-nh29/article4912110.ece,COOLR administrative division; Uttaranchal normalized to Uttarakhand,OK
5084,2013-07-13,2013-07-13 04:30:00,2013,Nagaland,25.616,94.117,"National Highway 2 Near Phesama Village Close To Kisama Naha Heritage Site, Kohima District, Nagaland","National Highway 2 Near Phesama Village Close To Kisama Naha Heritage Site, Kohima District, Nagaland",Known within 10 km,Landslide,Downpour,Medium,Unknown,0,,www.assamtribune.com,GLC,5084.0,NASA COOLR,http://www.assamtribune.com/scripts/detailsnew.asp?id=jul1613/oth06,COOLR administrative division; Uttaranchal normalized to Uttarakhand,OK
5107,2013-07-15,2013-07-15 05:30:00,2013,Nagaland,25.627,94.114,"National Highway 29 Near Phesama Village, Nagaland","National Highway 29 Near Phesama Village, Nagaland",Known within 10 km,Landslide,Rain,Medium,Unknown,0,,articles.timesofindia.indiatimes.com,GLC,5107.0,NASA COOLR,http://articles.timesofindia.indiatimes.com/2013-07-15/guwahati/40589516_1_southern-angami-youth-organization-jessami-tadubi,COOLR administrative division; Uttaranchal normalized to Uttarakhand,OK
5122,2013-07-17,2013-07-17 05:30:00,2013,Nagaland,25.766,93.941,"National Highway 29 Between Patkai Bridge And Kukidolong, Nagaland","National Highway 29 Between Patkai Bridge And Kukidolong, Nagaland",Known within 50 km,Mudslide,Rain,Medium,Unknown,0,,The Hindu,GLC,5122.0,NASA COOLR,http://www.thehindu.com/news/national/other-states/fresh-mudslides-affect-traffic-in-nagalandmanipur/article4928261.ece,COOLR administrative division; Uttaranchal normalized to Uttarakhand,OK
5123,2013-07-17,2013-07-17 05:30:00,2013,Nagaland,25.713,94.089,"National Highway 2 Near Meriema Village, 10 Km Away From Kohima","National Highway 2 Near Meriema Village, 10 Km Away From Kohima",Known within 50 km,Mudslide,Rain,Medium,Unknown,0,,The Hindu,GLC,5123.0,NASA COOLR,http://www.thehindu.com/news/national/other-states/fresh-mudslides-affect-traffic-in-nagalandmanipur/article4928261.ece,COOLR administrative division; Uttaranchal normalized to Uttarakhand,OK
5268,2013-08-04,2013-08-04 05:30:00,2013,Nagaland,26.014,94.516,"Zunheboto, Nagaland","Zunheboto, Nagaland",Known within 25 km,Landslide,Continuous rain,Medium,Unknown,,,www.morungexpress.com,GLC,5268.0,NASA COOLR,http://www.morungexpress.com/local/101605.html,COOLR administrative division; Uttaranchal normalized to Uttarakhand,OK
5269,2013-08-04,2013-08-04 05:30:00,2013,Nagaland,25.838,94.523,"Tizu, Nagaland","Tizu, Nagaland",Location not known,Landslide,Continuous rain,Medium,Unknown,,,www.nagalandpost.com,GLC,5269.0,NASA COOLR,http://www.nagalandpost.com/ChannelNews/State/StateNews.aspx?news=TkVXUzEwMDA0MjY4Nw%3D%3D-bSp8jh3okxw%3D,COOLR administrative division; Uttaranchal normalized to Uttarakhand,OK
5270,2013-08-04,2013-08-04 05:30:00,2013,Nagaland,26.048,94.462,"Phizo, Nagaland","Phizo, Nagaland",Location not known,Landslide,Continuous rain,Medium,Unknown,,,www.nagalandpost.com,GLC,5270.0,NASA COOLR,http://www.nagalandpost.com/ChannelNews/State/StateNews.aspx?news=TkVXUzEwMDA0MjY4Nw%3D%3D-bSp8jh3okxw%3D,COOLR administrative division; Uttaranchal normalized to Uttarakhand,OK
5271,2013-08-04,2013-08-04 05:30:00,2013,Nagaland,26.284,94.581,"Nanga, Nagaland","Nanga, Nagaland",Known within 5 km,Landslide,Continuous rain,Medium,Unknown,,,www.nagalandpost.com,GLC,5271.0,NASA COOLR,http://www.nagalandpost.com/ChannelNews/State/StateNews.aspx?news=TkVXUzEwMDA0MjY4Nw%3D%3D-bSp8jh3okxw%3D,COOLR administrative division; Uttaranchal normalized to Uttarakhand,OK
5272,2013-08-04,2013-08-04 05:30:00,2013,Nagaland,26.208,94.544,"Longsa, Nagaland","Longsa, Nagaland",Known within 1 km,Landslide,Monsoon,Medium,Unknown,,,www.nagalandpost.com,GLC,5272.0,NASA COOLR,http://www.nagalandpost.com/ChannelNews/State/StateNews.aspx?news=TkVXUzEwMDA0MjY4Nw%3D%3D-bSp8jh3okxw%3D,COOLR administrative division; Uttaranchal normalized to Uttarakhand,OK
5273,2013-08-04,2013-08-04 05:30:00,2013,Nagaland,26.181,94.55,"Zhekuto, Nagaland","Zhekuto, Nagaland",Known within 5 km,Landslide,Monsoon,Medium,Unknown,,,www.nagalandpost.com,GLC,5273.0,NASA COOLR,http://www.nagalandpost.com/ChannelNews/State/StateNews.aspx?news=TkVXUzEwMDA0MjY4Nw%3D%3D-bSp8jh3okxw%3D,COOLR administrative division; Uttaranchal normalized to Uttarakhand,OK
5274,2013-08-04,2013-08-04 05:30:00,2013,Nagaland,26.084,94.564,"Suruhuto Town, Nagaland","Suruhuto Town, Nagaland",Known within 25 km,Landslide,Rain,Medium,Unknown,,,www.nagalandpost.com,GLC,5274.0,NASA COOLR,http://www.nagalandpost.com/ChannelNews/State/StateNews.aspx?news=TkVXUzEwMDA0MjY4Nw%3D%3D-bSp8jh3okxw%3D,COOLR administrative division; Uttaranchal normalized to Uttarakhand,OK
5275,2013-08-04,2013-08-04 05:30:00,2013,Nagaland,26.15,94.606,"Suruhuto Town, Nagaland","Suruhuto Town, Nagaland",Known within 10 km,Landslide,Monsoon,Medium,Unknown,,,www.nagalandpost.com,GLC,5275.0,NASA COOLR,http://www.nagalandpost.com/ChannelNews/State/StateNews.aspx?news=TkVXUzEwMDA0MjY4Nw%3D%3D-bSp8jh3okxw%3D,COOLR administrative division; Uttaranchal normalized to Uttarakhand,OK
5312,2013-08-12,2013-08-12 04:30:00,2013,Nagaland,26.71,94.693,Kangtsung Village,Kangtsung Village,Known within 10 km,Landslide,Downpour,Very large,Unknown,0,,www.nagalandpost.com,GLC,5312.0,NASA COOLR,http://www.nagalandpost.com/channelnews/State/StateNews.aspx?news=TkVXUzEwMDA0MzQ3OQ%3D%3D-qmeQz2DKZMo%3D,COOLR administrative division; Uttaranchal normalized to Uttarakhand,OK
5336,2013-08-16,2013-08-16 05:30:00,2013,Nagaland,26.39,94.944,"Tobu, Nagaland","Tobu, Nagaland",Known within 10 km,Landslide,Rain,Medium,Unknown,,,www.morungexpress.com,GLC,5336.0,NASA COOLR,http://www.morungexpress.com/local/103875.html,COOLR administrative division; Uttaranchal normalized to Uttarakhand,OK
5337,2013-08-16,2013-08-16 05:30:00,2013,Nagaland,26.421,94.973,"Yakshu, Nagaland","Yakshu, Nagaland",Known within 5 km,Landslide,Rain,Medium,Unknown,,,www.morungexpress.com,GLC,5337.0,NASA COOLR,http://www.morungexpress.com/local/103875.html,COOLR administrative division; Uttaranchal normalized to Uttarakhand,OK
5338,2013-08-16,2013-08-16 05:30:00,2013,Nagaland,26.873,94.928,"Longlem, Nagaland","Longlem, Nagaland",Known within 25 km,Landslide,Rain,Medium,Unknown,,,www.nagalandpost.com,GLC,5338.0,NASA COOLR,http://www.nagalandpost.com/channelnews/state/StateNews.aspx?news=TkVXUzEwMDA0NDE4MQ%3D%3D-6hneqQH1frg%3D,COOLR administrative division; Uttaranchal normalized to Uttarakhand,OK
5421,2013-08-30,2013-08-30 05:30:00,2013,Nagaland,26.421,94.973,"Yakshu, Nagaland","Yakshu, Nagaland",Known within 5 km,Mudslide,Unknown,Medium,Unknown,,,www.nagalandpost.com,GLC,5421.0,NASA COOLR,http://www.nagalandpost.com/ChannelNews/State/StateNews.aspx?news=TkVXUzEwMDA0NDY0Nw%3D%3D-jp8K0A7ZhsM%3D,COOLR administrative division; Uttaranchal normalized to Uttarakhand,OK
5575,2013-10-06,2013-10-06 04:30:00,2013,Nagaland,25.827,94.15,"Chiechama, Nagaland","Chiechama, Nagaland",Known within 5 km,Mudslide,Continuous rain,Medium,Unknown,0,,www.business-standard.com,GLC,5575.0,NASA COOLR,http://www.business-standard.com/article/current-affairs/mudslides-block-nh-2-in-nagaland-113100700032_1.html,COOLR administrative division; Uttaranchal normalized to Uttarakhand,OK
6331,2014-09-08,2014-09-08 05:30:00,2014,Nagaland,25.947,94.628,Kiphire-Seyochung road near Yangzitong village,Kiphire-Seyochung road near Yangzitong village,Known within 25 km,Mudslide,Unknown,Medium,Unknown,0,0.0,Nagaland Post,GLC,6331.0,NASA COOLR,http://www.nagalandpost.com/channelnews/State/StateNews.aspx?news=TkVXUzEwMDA2Njg2NQ%3D%3D,COOLR administrative division; Uttaranchal normalized to Uttarakhand,OK
6990,2015-06-24,2015-06-24 05:30:00,2015,Nagaland,26.032,94.547,"New Land (""""New Colony"""")","New Land (""""New Colony"""")",Known within 5 km,Landslide,Continuous rain,Medium,Above road,0,0.0,Nagaland Post,GLC,6990.0,NASA COOLR,http://www.nagalandpost.com/channelnews/state/StateNews.aspx?news=TkVXUzEwMDA4MjI0OA%3D%3D,COOLR administrative division; Uttaranchal normalized to Uttarakhand,OK
7409,2015-08-02,2015-08-02 05:30:00,2015,Nagaland,25.72,94.622,Meluri Sub-Division in Phek District of Nagaland,Meluri Sub-Division in Phek District of Nagaland,Known within 10 km,Landslide,Continuous rain,Medium,Unknown,0,0.0,IBN Live,GLC,7409.0,NASA COOLR,http://www.ibnlive.com/news/india/incessant-rains-trigger-landslide-and-mud-slips-in-nagaland-1029674.html,COOLR administrative division; Uttaranchal normalized to Uttarakhand,OK
7660,2015-08-12,2015-08-12 05:30:00,2015,Nagaland,25.624,94.114,Phesama village,Phesama village,Known within 5 km,Mudslide,Continuous rain,Medium,Below road,0,0.0,Nagaland Post,GLC,7660.0,NASA COOLR,http://www.nagalandpost.com/channelnews/State/StateNews.aspx?news=TkVXUzEwMDA4NDc2Mg%3D%3D,COOLR administrative division; Uttaranchal normalized to Uttarakhand,OK
7699,2015-08-19,2015-08-19 05:30:00,2015,Nagaland,26.021,94.522,Zunheboto district,Zunheboto district,Known within 50 km,Landslide,Continuous rain,Medium,Unknown,0,0.0,Web India 123,GLC,7699.0,NASA COOLR,http://news.webindia123.com/news/Articles/India/20150819/2663754.html,COOLR administrative division; Uttaranchal normalized to Uttarakhand,OK
7701,2015-08-19,2015-08-19 20:30:00,2015,Nagaland,25.628,94.105,Phesama,Phesama,Known within 5 km,Landslide,Continuous rain,Medium,Above road,0,0.0,Nagaland Post,GLC,7701.0,NASA COOLR,http://nagalandpost.com/ChannelNews/State/StateNews.aspx?news=TkVXUzEwMDA4NTE4Nw%3D%3D,COOLR administrative division; Uttaranchal normalized to Uttarakhand,OK
7727,2015-08-20,2015-08-20 23:30:00,2015,Nagaland,25.626,94.106,between Phesama and Kuima in Nagaland,between Phesama and Kuima in Nagaland,Known within 5 km,Landslide,Continuous rain,Medium,Below road,0,0.0,E-PAO,GLC,7727.0,NASA COOLR,http://e-pao.net/GP.asp?src=11..220815.aug15,COOLR administrative division; Uttaranchal normalized to Uttarakhand,OK
9405,2016-04-19,2016-04-19 05:30:00,2016,Nagaland,26.722,95.024,"Techahan Ward, Mon, Nagaland, India","Techahan Ward, Mon, Nagaland, India",Known within 1 km,Landslide,Continuous rain,Medium,Unknown,0,0.0,Assam Tribune,GLC,9405.0,NASA COOLR,http://www.assamtribune.com/scripts/detailsnew.asp?id=may0216/oth058,COOLR administrative division; Uttaranchal normalized to Uttarakhand,OK
9169,2016-06-12,2016-06-12 05:30:00,2016,Nagaland,26.168,94.244,"on road between Mon and Tobu near Telangsao Hydro project , Nagaland, India","on road between Mon and Tobu near Telangsao Hydro project , Nagaland, India",Known within 100 km,Landslide,Continuous rain,Unknown,Above road,0,0.0,Nagaland Post,GLC,9169.0,NASA COOLR,http://www.nagalandpost.com/channelnews/state/StateNews.aspx?news=TkVXUzEwMDA5ODM0Mg%3D%3D,COOLR administrative division; Uttaranchal normalized to Uttarakhand,OK
9142,2016-06-14,2016-06-14 13:30:00,2016,Nagaland,26.319,94.525,"lower Majakong Ward, Mokokchung, Nagaland, India","lower Majakong Ward, Mokokchung, Nagaland, India",Known within 1 km,Landslide,Continuous rain,Medium,Retaining wall,0,0.0,Nagaland Post,GLC,9142.0,NASA COOLR,http://www.nagalandpost.com/channelnews/state/StateNews.aspx?news=TkVXUzEwMDA5ODM4NA%3D%3D,COOLR administrative division; Uttaranchal normalized to Uttarakhand,OK
8901,2016-07-10,2016-07-10 05:30:00,2016,Nagaland,25.79,94.132,"National Highway 2, near Kohima, Nagaland, India","National Highway 2, near Kohima, Nagaland, India",Known within 25 km,Landslide,Downpour,Medium,Above road,0,0.0,Business Standard,GLC,8901.0,NASA COOLR,http://www.business-standard.com/article/news-ians/landslide-blocks-nh2-disrupting-traffic-to-and-from-manipur-116071000262_1.html,COOLR administrative division; Uttaranchal normalized to Uttarakhand,OK
8930,2016-07-12,2016-07-12 04:30:00,2016,Nagaland,26.17,94.492,"North Point Colony, Akuluto, Nagaland, India","North Point Colony, Akuluto, Nagaland, India",Known within 1 km,Landslide,Unknown,Large,Unknown,0,0.0,Nagaland Post,GLC,8930.0,NASA COOLR,https://issuu.com/nagalandpost90/docs/july_13__2016,COOLR administrative division; Uttaranchal normalized to Uttarakhand,OK
9219,2016-07-27,2016-07-27 04:30:00,2016,Nagaland,26.01,94.528,"Zunheboto, Nagaland, India","Zunheboto, Nagaland, India",Known within 5 km,Landslide,Downpour,Medium,Retaining wall,0,0.0,Nagaland Post,GLC,9219.0,NASA COOLR,http://www.nagalandpost.com/ChannelNews/State/StateNews.aspx?news=TkVXUzEwMDEwMDE5MQ%3D%3D,COOLR administrative division; Uttaranchal normalized to Uttarakhand,OK
9251,2016-07-29,2016-07-29 04:30:00,2016,Nagaland,25.87,94.784,"Government Middle School (GMS) Kiphire station “B”, Kiphire, Nagaland, India","Government Middle School (GMS) Kiphire station “B”, Kiphire, Nagaland, India",Known within 1 km,Landslide,Downpour,Medium,Retaining wall,0,0.0,Nagaland Post,GLC,9251.0,NASA COOLR,http://nagalandpost.com/ChannelNews/State/StateNews.aspx?news=TkVXUzEwMDEwMDI0Mw%3D%3D,COOLR administrative division; Uttaranchal normalized to Uttarakhand,OK
9904,2016-08-25,2016-08-25 05:30:00,2016,Nagaland,25.661,94.105,Mudslide near Kohima,"Near Kohima, Nagaland, India",Known within 25 km,Mudslide,Rain,Small,Natural slope,,,Nagaland Post,GLC,,NASA COOLR,http://nagalandpost.com/ChannelNews/State/StateNews.aspx?news=TkVXUzEwMDEwMTQ5OQ%3d%3d,COOLR administrative division; Uttaranchal normalized to Uttarakhand,OK
9965,2016-09-05,2016-09-05 05:30:00,2016,Nagaland,26.325,94.515,Landslide in Nagaland,"Mokochung, Nagaland, India",Known within 1 km,Landslide,Rain,Large,Unknown,0,0.0,Nagaland Post,GLC,,NASA COOLR,http://www.nagalandpost.com/ChannelNews/State/StateNews.aspx?news=TkVXUzEwMDEwMjA2OQ%3D%3D,COOLR administrative division; Uttaranchal normalized to Uttarakhand,OK
9966,2016-09-05,2016-09-05 05:30:00,2016,Nagaland,26.092,94.258,Landslide in Wokha-Merapani Road,"Wokha, India",,Landslide,Rain,Large,Unknown,0,0.0,Nagaland Post,GLC,,NASA COOLR,http://www.nagalandpost.com/ChannelNews/State/StateNews.aspx?news=TkVXUzEwMDEwMjA2OQ%3D%3D,COOLR administrative division; Uttaranchal normalized to Uttarakhand,OK
11154,2017-04-07,2017-04-07 05:30:00,2017,Nagaland,25.772,93.935,Landslide blocks NH-29 between Pherima and Phiphema,"Medziphema, Dimapur, Nagaland",Known within 5 km,Landslide,Rain,Small,Above road,0,0.0,Nagaland Post,GLC,,NASA COOLR,http://www.nagalandpost.com/ChannelNews/State/StateNews.aspx?news=TkVXUzEwMDExMjUzMQ%3D%3D,COOLR administrative division; Uttaranchal normalized to Uttarakhand,OK
11156,2017-05-16,2017-05-16 07:30:00,2017,Nagaland,25.733,93.997,Landslide on NH-29 between Dimapur and Kohima,"NH-29, Sechu (Zubza), Kohima, Nagaland, 797002",Known within 1 km,Landslide,Continuous rain,Small,Above road,0,0.0,The Northeast Today,GLC,,NASA COOLR,https://thenortheasttoday.com/nagaland-heavy-rainfall-and-landslide-massively-damages-nh-29/,COOLR administrative division; Uttaranchal normalized to Uttarakhand,OK
9742,2017-06-02,2017-06-02 05:30:00,2017,Nagaland,25.671,94.118,Landslide in Kohima,"The road that connects civil secretariat and medical college site towards BSF camp at Nhachüko, Kohima",Known within 1 km,Landslide,Continuous rain,Medium,Urban,0,0.0,Nagaland Post,GLC,,NASA COOLR,http://www.nagalandpost.com/channelnews/State/StateNews.aspx?news=TkVXUzEwMDExNTcxMA%3D%3D,COOLR administrative division; Uttaranchal normalized to Uttarakhand,OK
11161,2017-06-24,2017-06-24 05:30:00,2017,Nagaland,26.664,94.622,Landslide on road isolates villages,"Alongkima, Mokokchung, Nagaland",Known within 5 km,Landslide,Rain,Small,Above road,0,0.0,The Northeast Today,GLC,,NASA COOLR,https://thenortheasttoday.com/nagaland-landslides-cuts-off-lifeline-route-to-12-villages/,COOLR administrative division; Uttaranchal normalized to Uttarakhand,OK
10024,2017-06-25,2017-06-25 05:30:00,2017,Nagaland,25.838,93.946,"Landslide on road near Ghokuto village, Nagaland","Ghokuto, Nagaland",Known within 5 km,Mudslide,Continuous rain,Medium,Above road,0,0.0,Nagaland Post,GLC,,NASA COOLR,https://www.nagalandpost.com/ChannelNews/State/StateNews.aspx?news=TkVXUzEwMDExNjg3MQ%3D%3D,COOLR administrative division; Uttaranchal normalized to Uttarakhand,OK
9982,2017-07-02,2017-07-02 03:30:00,2017,Nagaland,26.331,94.554,Landslide blocks roads,"Chuchuyimpang, Mokokchung, Nagaland",Known within 1 km,Landslide,Downpour,Medium,Above road,0,0.0,WebIndia123,GLC,,NASA COOLR,https://news.webindia123.com/news/Articles/India/20170703/3137813.html,COOLR administrative division; Uttaranchal normalized to Uttarakhand,OK
9983,2017-07-02,2017-07-02 03:30:00,2017,Nagaland,26.116,94.242,Landslides blocks Wokha-Merapani Road,"Wokha Sadar Sub-District, Wokha, Nagaland",Known within 5 km,Landslide,Continuous rain,Small,Above road,0,0.0,WebIndia123,GLC,,NASA COOLR,https://news.webindia123.com/news/Articles/India/20170703/3137813.html,COOLR administrative division; Uttaranchal normalized to Uttarakhand,OK
9984,2017-07-02,2017-07-02 03:30:00,2017,Nagaland,26.145,94.244,Landslide along Wokha-Merapani road,"Wokha Sadar Sub-District, Wokha, Nagaland",Known within 5 km,Landslide,Downpour,Small,Above road,0,0.0,WebIndia123,GLC,,NASA COOLR,https://news.webindia123.com/news/Articles/India/20170703/3137813.html,COOLR administrative division; Uttaranchal normalized to Uttarakhand,OK
11155,2017-07-08,2017-07-08 05:30:00,2017,Nagaland,25.72,94.032,Landslides at Kiruphema village,"Kiruphema village, Kohima, Nagaland",Known within 5 km,Landslide,Continuous rain,Medium,Natural slope,0,0.0,WebIndia123,GLC,,NASA COOLR,https://news.webindia123.com/news/articles/India/20170708/3142321.html,COOLR administrative division; Uttaranchal normalized to Uttarakhand,OK
11159,2017-07-09,2017-07-09 05:30:00,2017,Nagaland,25.632,94.101,Landslide on NH-2 between Sinam and Laijang,"Jakhama, Kohima, Nagaland",Known within 10 km,Landslide,Continuous rain,Small,Above road,0,0.0,Hindustan Times,GLC,,NASA COOLR,http://www.hindustantimes.com/india-news/manipur-heavy-rains-trigger-landslides-along-national-highways/story-84kUb5i3oGENZmSEVhJ3eO.html,COOLR administrative division; Uttaranchal normalized to Uttarakhand,OK
11157,2017-07-09,2017-07-09 07:30:00,2017,Nagaland,25.731,93.988,Significant landslide blocks NH-29 near Peducha,"Peducha, Kohima, Nagaland State, India",Known within 1 km,Landslide,Continuous rain,Medium,Above road,0,0.0,Eastern Mirror,GLC,,NASA COOLR,http://www.easternmirrornagaland.com/landslide-near-peducha-cuts-off-national-highway-29/,COOLR administrative division; Uttaranchal normalized to Uttarakhand,OK
11160,2017-07-10,2017-07-10 05:30:00,2017,Nagaland,26.263,94.815,Landslide in Tuensang Village,"Tuensang, Nagaland",Known within 5 km,Landslide,Unknown,Medium,Natural slope,0,0.0,Eastern Mirror,GLC,,NASA COOLR,http://www.easternmirrornagaland.com/landslide-damages-houses-in-tuensang-village/,COOLR administrative division; Uttaranchal normalized to Uttarakhand,OK
11158,2017-07-12,2017-07-12 11:30:00,2017,Nagaland,25.691,94.095,"Landslide destroys houses in Kohiama, near High School area","Kohima, Nagaland, India",Known within 1 km,Landslide,Rain,Medium,Natural slope,0,0.0,Eastern Mirror,GLC,,NASA COOLR,http://www.easternmirrornagaland.com/21-houses-destroyed-by-landslide-in-kohima-town/,COOLR administrative division; Uttaranchal normalized to Uttarakhand,OK
12718,2017-08-28,2017-08-28 05:30:00,2017,Nagaland,25.555,93.64,Ahthibung-Khelma Landslide,"Athibung, Peren, Nagaland",Known within 5 km,Landslide,Rain,Small,Above road,,,The Morung Express,GLC,,NASA COOLR,http://morungexpress.com/landslide-cut-off-roads-ahthibung-khelma-area/,COOLR administrative division; Uttaranchal normalized to Uttarakhand,OK
12714,2017-09-30,2017-09-30 05:30:00,2017,Nagaland,25.659,94.099,"Landslide Damages House in P.R. Hill, Kohima","P.R. Hill, Kohima, Nagaland 797005, India.",Known within 1 km,Landslide,Downpour,Medium,Retaining wall,0,,webindia123,GLC,,NASA COOLR,https://news.webindia123.com/news/articles/india/20171001/3195606.html,COOLR administrative division; Uttaranchal normalized to Uttarakhand,OK
11405,2018-05-12,2018-05-12 05:30:00,2018,Nagaland,26.078,94.721,Chessore Area Landslide,"Chessore, Tuensang, Nagaland",Known within 1 km,Landslide,Continuous rain,Medium,Above road,,,Nagaland Post,GLC,,NASA COOLR,http://www.nagalandpost.com/ChannelNews/Regional/RegionalNews.aspx?news=TkVXUzEwMDEzMjc3NQ%3D%3D,COOLR administrative division; Uttaranchal normalized to Uttarakhand,OK
13841,2018-07-30,2018-07-30 09:30:00,2018,Nagaland,26.132,94.786,Tuensang District Landslides,"Sotokur, Tuensang, Nagaland",Known within 50 km,Landslide,Continuous rain,Medium,Above road,,,Outlook India,GLC,,NASA COOLR,https://www.outlookindia.com/newsscroll/two-persons-drown-in-nagaland/1360169,COOLR administrative division; Uttaranchal normalized to Uttarakhand,OK
13814,2018-07-31,2018-07-31 09:30:00,2018,Nagaland,25.673,94.105,Widespread landslide damage in Nagaland,the retaining wall near wall near Soul Harvest Church,Known within 1 km,Mudslide,Continuous rain,Medium,Retaining wall,,,Times Now News,GLC,,NASA COOLR,https://www.timesnownews.com/india/article/torrential-rain-causes-widespread-damage-in-nagaland/262537,COOLR administrative division; Uttaranchal normalized to Uttarakhand,OK
14283,2018-10-29,2018-10-29 19:03:00,2018,Nagaland,25.769,93.82,Landslide in Nagaland cuts off Impl-Dmpur road,"Imphal-Dimapur road near Kukidolong village, Nagaland",Known within 1 km,Landslide,Mining,Medium,Above road,0,0.0,The People's Chronicle,GLC,,NASA COOLR,http://www.thepeopleschronicle.in/daily/english/2446,COOLR administrative division; Uttaranchal normalized to Uttarakhand,OK
14297,2018-10-31,2018-10-31 22:33:00,2018,Nagaland,25.808,93.79,Massive landslide cuts Kohima-Dimapur road,"1 km away from Chumukedima police check gate on Kohima-Dimapur road, Dimapur, Nagaland, 797113",Known exactly,Landslide,Unknown,Medium,Above road,0,0.0,Agency News,GLC,,NASA COOLR,https://www.pennews.net/national/2018/11/01/massive-landslide-cuts-kohima-dimapur-road,COOLR administrative division; Uttaranchal normalized to Uttarakhand,OK
57,2007-04-11,2007-04-11 05:30:00,2007,Sikkim,27.446,88.619,"Sikkim, 13 km north of Gangtok","Sikkim, 13 km north of Gangtok",Known within 5 km,Landslide,Downpour,Medium,Unknown,,,WebIndia123.com,GLC,57.0,NASA COOLR,http://news.webindia123.com/news/ar_showdetails.asp?id=704100915&cat=&n_date=20070410,COOLR administrative division; Uttaranchal normalized to Uttarakhand,OK
78,2007-05-23,2007-05-23 05:30:00,2007,Sikkim,27.338,88.607,"Pangthang, on road b/t Gangtok and North Sikkim","Pangthang, on road b/t Gangtok and North Sikkim",Known within 50 km,Landslide,Rain,Medium,Unknown,,,Sikkim times.com,GLC,78.0,NASA COOLR,http://www.thestatesman.net/page.arcview.php?clid=10&id=184730&usrsess=1,COOLR administrative division; Uttaranchal normalized to Uttarakhand,OK
126,2007-07-16,2007-07-16 05:30:00,2007,Sikkim,27.15,88.38,Bardang near Singtam,Bardang near Singtam,Known within 25 km,Mudslide,Rain,Medium,Unknown,,,thestatesman.net,GLC,126.0,NASA COOLR,http://www.thestatesman.net/page.news.php?clid=10&theme=&usrsess=1&id=162949,COOLR administrative division; Uttaranchal normalized to Uttarakhand,OK
241,2007-09-07,2007-09-07 05:30:00,2007,Sikkim,27.201,88.488,"National Highway 31A between Rangpo and Tarkhola, in East Sikkim","National Highway 31A between Rangpo and Tarkhola, in East Sikkim",Known within 25 km,Landslide,Rain,Large,Unknown,,,thestatesman.net,GLC,241.0,NASA COOLR,http://www.thestatesman.net/page.news.php?clid=10&id=169368&usrsess=1,COOLR administrative division; Uttaranchal normalized to Uttarakhand,OK
251,2007-09-09,2007-09-09 05:30:00,2007,Sikkim,27.167,88.35,Hingdam village in South Sikkim,Hingdam village in South Sikkim,Known within 50 km,Landslide,Rain,Medium,Unknown,1,,Sikkim times.com,GLC,251.0,NASA COOLR,http://sikkimnews.blogspot.com/,COOLR administrative division; Uttaranchal normalized to Uttarakhand,OK
256,2007-09-10,2007-09-10 05:30:00,2007,Sikkim,27.343,88.624,Rhodong village near Rhey in East Sikkim,Rhodong village near Rhey in East Sikkim,Known within 10 km,Landslide,Rain,Medium,Unknown,,,Telegraph India,GLC,256.0,NASA COOLR,http://www.telegraphindia.com/1070911/asp/siliguri/story_8300563.asp,COOLR administrative division; Uttaranchal normalized to Uttarakhand,OK
260,2007-09-11,2007-09-11 05:30:00,2007,Sikkim,27.208,88.491,"National Highway 31A, between Singtam and Rangpo","National Highway 31A, between Singtam and Rangpo",Known within 5 km,Debris flow,Rain,Medium,Unknown,,,thestatesman.net,GLC,260.0,NASA COOLR,http://www.thestatesman.net/page.news.php?clid=10&theme=&usrsess=1&id=169578,COOLR administrative division; Uttaranchal normalized to Uttarakhand,OK
269,2007-09-18,2007-09-18 05:30:00,2007,Sikkim,27.287,88.282,Geyzing-Jorethang road and Naya Bazar-Legship road,Geyzing-Jorethang road and Naya Bazar-Legship road,Known within 50 km,Landslide,Rain,Medium,Unknown,,,thestatesman.net,GLC,269.0,NASA COOLR,http://www.thestatesman.net/page.arcview.php?clid=10&id=198313&usrsess=1,COOLR administrative division; Uttaranchal normalized to Uttarakhand,OK
755,2008-08-28,2008-08-28 05:30:00,2008,Sikkim,27.337,88.609,"Ranka, Sikkim and Louing road","Ranka, Sikkim and Louing road",Known within 25 km,Landslide,Downpour,Medium,Unknown,,,beacononline.wordpress,GLC,755.0,NASA COOLR,http://beacononline.wordpress.com/2008/08/31/landslide-victims-being-compensated/,COOLR administrative division; Uttaranchal normalized to Uttarakhand,OK
1061,2009-07-01,2009-07-01 11:10:00,2009,Sikkim,27.478,88.527,Bridge destroyed at 4th Mile,"4th Mile, Lower Mangshila in North Sikkim",Known within 1 km,Landslide,Downpour,Medium,Unknown,0,,Telegraph India,GLC,1061.0,NASA COOLR,https://www.telegraphindia.com/1090707/jsp/siliguri/story_11202557.jsp,COOLR administrative division; Uttaranchal normalized to Uttarakhand,OK
1102,2009-08-20,2009-08-20 02:00:00,2009,Sikkim,27.264,88.137,"Sombaria, West Sikkim","Sombaria, West Sikkim",Known within 10 km,Landslide,Downpour,Medium,Unknown,2,,beacononline.wordpress,GLC,1102.0,NASA COOLR,http://beacononline.wordpress.com/2009/08/21/sikkim-landslides-disturb-power-lines-link-roads/,COOLR administrative division; Uttaranchal normalized to Uttarakhand,OK
1111,2009-08-20,2009-08-20 05:30:00,2009,Sikkim,27.134,88.458,"Melli Chalisey, Sikkim","Melli Chalisey, Sikkim",Known within 5 km,Landslide,Downpour,Medium,Unknown,0,,beacononline.wordpress,GLC,1111.0,NASA COOLR,http://beacononline.wordpress.com/2009/08/21/sikkim-landslides-disturb-power-lines-link-roads/,COOLR administrative division; Uttaranchal normalized to Uttarakhand,OK
1112,2009-08-20,2009-08-20 05:30:00,2009,Sikkim,27.176,88.529,"NH31A, Mile 27 near Rambi","NH31A, Mile 27 near Rambi",Known within 25 km,Mudslide,Downpour,Medium,Unknown,0,,beacononline.wordpress,GLC,1112.0,NASA COOLR,http://beacononline.wordpress.com/2009/08/25/kalimpong-highway-doom-for-hill-economy/,COOLR administrative division; Uttaranchal normalized to Uttarakhand,OK
1125,2009-08-26,2009-08-26 05:30:00,2009,Sikkim,27.375,88.765,"17th Mile towards Tsomgo Lake, near Kyongsala, Sikkim ","17th Mile towards Tsomgo Lake, near Kyongsala, Sikkim ",Known within 25 km,Landslide,Rain,Medium,Unknown,,,beacononline.wordpress,GLC,1125.0,NASA COOLR,http://beacononline.wordpress.com/2009/08/28/sikkim-landslides-at-17th-mile-%E2%80%93-the-bane-of-tourism/,COOLR administrative division; Uttaranchal normalized to Uttarakhand,OK
1168,2009-09-17,2009-09-17 05:30:00,2009,Sikkim,27.195,88.612,"4th Mile on road between Rongli, Rhenock and Rangpo in East Sikkim.","4th Mile on road between Rongli, Rhenock and Rangpo in East Sikkim.",Known within 5 km,Landslide,Rain,Medium,Unknown,,,sikkimnews.blogspot,GLC,1168.0,NASA COOLR,http://sikkimnews.blogspot.com/2009/09/landslides-at-4th-mile-disrupts-traffic.html,COOLR administrative division; Uttaranchal normalized to Uttarakhand,OK
1756,2010-04-17,2010-04-17 05:30:00,2010,Sikkim,27.322,88.609,"Nam Nang, Gangtok","Nam Nang, Gangtok",Known within 1 km,Landslide,Downpour,Small,Unknown,0,,voiceofsikkim.com,GLC,1756.0,NASA COOLR,http://voiceofsikkim.com/2010/04/18/rains-trigger-major-landslide-at-pani-house/,COOLR administrative division; Uttaranchal normalized to Uttarakhand,OK
1755,2010-04-17,2010-04-17 20:30:00,2010,Sikkim,27.334,88.608,"Natl. Highway 31-A at Pani House(?), Gangtok","Natl. Highway 31-A at Pani House(?), Gangtok",Known within 5 km,Landslide,Downpour,Small,Unknown,0,,voiceofsikkim.com,GLC,1755.0,NASA COOLR,http://voiceofsikkim.com/2010/04/18/rains-trigger-major-landslide-at-pani-house/,COOLR administrative division; Uttaranchal normalized to Uttarakhand,OK
1929,2010-06-01,2010-06-01 04:30:00,2010,Sikkim,27.354,88.643,"North Sikkiim Highway, periphery of Gangtok, Sikkim East district","North Sikkiim Highway, periphery of Gangtok, Sikkim East district",Known within 5 km,Landslide,Downpour,Medium,Unknown,0,,sify.com,GLC,1929.0,NASA COOLR,http://sify.com/news/500-tourists-stranded-in-Sikkim-due-to-landslides-news-National-kgca4ibdgfd.html,COOLR administrative division; Uttaranchal normalized to Uttarakhand,OK
2112,2010-07-21,2010-07-21 13:30:00,2010,Sikkim,27.551,88.648,"Zang(?), east Sikkim","Zang(?), east Sikkim",Location not known,Landslide,Downpour,Medium,Unknown,0,,himalnews.wordpress,GLC,2112.0,NASA COOLR,http://himalnews.wordpress.com/2010/07/22/natural-disasters-landslides-destroy-houses/,COOLR administrative division; Uttaranchal normalized to Uttarakhand,OK
2113,2010-07-21,2010-07-21 13:30:00,2010,Sikkim,27.377,88.559,"Singtam-Mangan rd, Sikkim","Singtam-Mangan rd, Sikkim",Known within 25 km,Landslide,Downpour,Medium,Unknown,0,,kuenselonline,GLC,2113.0,NASA COOLR,http://www.kuenselonline.com/modules.php?name=News&file=article&sid=16186,COOLR administrative division; Uttaranchal normalized to Uttarakhand,OK
2296,2010-08-20,2010-08-20 05:30:00,2010,Sikkim,27.167,88.365,"many locations around Namchi, Sikkim","many locations around Namchi, Sikkim",Known within 10 km,Complex,Downpour,Medium,Unknown,0,,thehimalayanbeacon.com,GLC,2296.0,NASA COOLR,http://thehimalayanbeacon.com/magazine/2010/08/21/sikkim-landslides-heavy-toll-2-gpus-completely-cut/,COOLR administrative division; Uttaranchal normalized to Uttarakhand,OK
2341,2010-08-27,2010-08-27 04:30:00,2010,Sikkim,27.232,88.497,"NH-31A at Topakhani tunnel(?) and fruit preservation factory(?) and Chisopani bridge(?), near Singtam and Gangtok and Rangpo, Sikkim","NH-31A at Topakhani tunnel(?) and fruit preservation factory(?) and Chisopani bridge(?), near Singtam and Gangtok and Rangpo, Sikkim",Known within 10 km,Landslide,Downpour,Medium,Unknown,0,,thehimalayanbeacon.com,GLC,2341.0,NASA COOLR,http://thehimalayanbeacon.com/magazine/2010/08/28/sikkim-landslides-cut-sikkim-link-woman-disappears-swirling-flash-flood/,COOLR administrative division; Uttaranchal normalized to Uttarakhand,OK
2345,2010-08-27,2010-08-27 23:30:00,2010,Sikkim,27.339,88.619,"Daragaon(?), Gangtok city, Sikkim","Daragaon(?), Gangtok city, Sikkim",Known within 5 km,Landslide,Downpour,Medium,Unknown,0,,thehindu,GLC,2345.0,NASA COOLR,http://www.thehindu.com/news/states/other-states/article600333.ece,COOLR administrative division; Uttaranchal normalized to Uttarakhand,OK
2392,2010-09-04,2010-09-04 05:30:00,2010,Sikkim,27.37,88.733,"17th mile(?), Jawaharlal Nehru Marg hwy, between Gangtok and Nathu La, Sikkim","17th mile(?), Jawaharlal Nehru Marg hwy, between Gangtok and Nathu La, Sikkim",Known within 10 km,Landslide,Downpour,Medium,Unknown,0,,news.oneindia,GLC,2392.0,NASA COOLR,http://news.oneindia.in/2010/09/04/strategicroad-link-cut-off-due-to-landslide-insikkim.html,COOLR administrative division; Uttaranchal normalized to Uttarakhand,OK
3619,2011-06-18,2011-06-18 01:00:00,2011,Sikkim,27.489,88.445,"National HWY 31A, Birik (cut off Sikkim)","National HWY 31A, Birik (cut off Sikkim)",Location not known,Mudslide,Rain,Medium,Unknown,0,,Telegraph India,GLC,3619.0,NASA COOLR,http://www.telegraphindia.com/1110618/jsp/northeast/story_14127559.jsp,COOLR administrative division; Uttaranchal normalized to Uttarakhand,OK
3643,2011-06-24,2011-06-24 05:00:00,2011,Sikkim,27.288,88.258,Villages surrounding the West Sikkim district of ,Villages surrounding the West Sikkim district of ,Known within 5 km,Landslide,Downpour,Large,Unknown,16,,assamtribune,GLC,3643.0,NASA COOLR,http://www.assamtribune.com/scripts/detailsnew.asp?id=jun2511/oth05,COOLR administrative division; Uttaranchal normalized to Uttarakhand,OK
3813,2011-07-20,2011-07-20 05:30:00,2011,Sikkim,27.114,88.466,National Highway 31A in West Bengal's Darjeeling district,National Highway 31A in West Bengal's Darjeeling district,Known within 25 km,Landslide,Rain,Small,Unknown,0,,twocircles.net,GLC,3813.0,NASA COOLR,http://twocircles.net/2011jul20/landslide_snaps_siligurisikkim_highway_link.html,COOLR administrative division; Uttaranchal normalized to Uttarakhand,OK
3943,2011-08-23,2011-08-23 05:30:00,2011,Sikkim,27.139,88.226,"Samathang, Sikkim","Samathang, Sikkim",Known within 10 km,Landslide,Downpour,Medium,Unknown,5,,IBN,GLC,3943.0,NASA COOLR,http://ibnlive.in.com/generalnewsfeed/news/five-killed-in-landslides-in-sikkim/801295.html,COOLR administrative division; Uttaranchal normalized to Uttarakhand,OK
3944,2011-08-25,2011-08-25 05:30:00,2011,Sikkim,27.734,88.633,"Hee-Khola, Sikkim","Hee-Khola, Sikkim",Known within 10 km,Landslide,Downpour,Medium,Unknown,2,,ibnlive.in,GLC,3944.0,NASA COOLR,http://ibnlive.in.com/generalnewsfeed/news/five-killed-in-landslides-in-sikkim/801295.html,COOLR administrative division; Uttaranchal normalized to Uttarakhand,OK
3997,2011-09-30,2011-09-30 05:30:00,2011,Sikkim,27.516,88.558,Mangan : The slide which occurred at Thingchim around 18 kilometers from Mangan towards Gangtok has disrupted the Mangan-Gangtok traffic again. The s*,,Known within 10 km,Landslide,Unknown,Medium,Unknown,0,,isikkim.com,GLC,3997.0,NASA COOLR,http://isikkim.com/2011-09-landslide-disrupts-gangtok-mangan-highway-again-30-3/,COOLR administrative division; Uttaranchal normalized to Uttarakhand,OK
4385,2012-06-03,2012-06-03 05:30:00,2012,Sikkim,27.717,88.558,"lachen, Sikkim","lachen, Sikkim",Known within 5 km,Landslide,Downpour,Medium,Unknown,,,Telegraph India,GLC,4385.0,NASA COOLR,http://www.telegraphindia.com/1120605/jsp/siliguri/story_15570407.jsp#.UN9-FOSx_K0,COOLR administrative division; Uttaranchal normalized to Uttarakhand,OK
4393,2012-06-07,2012-06-07 05:30:00,2012,Sikkim,27.757,88.632,"Nathang Maong, Sikkim","Nathang Maong, Sikkim",Known within 25 km,Landslide,Downpour,Large,Unknown,7,,thehimalayantimes,GLC,4393.0,NASA COOLR,http://www.thehimalayantimes.com/fullNews.php?headline=Landslide+kills+7+Nepali-speaking+people+in+Sikkim&NewsID=335265,COOLR administrative division; Uttaranchal normalized to Uttarakhand,OK
4394,2012-06-07,2012-06-07 10:00:00,2012,Sikkim,27.175,88.646,"Rolep, South Sikkim( Mapping to Rhenock 12 miles from Rolep)","Rolep, South Sikkim( Mapping to Rhenock 12 miles from Rolep)",Known within 25 km,Landslide,Rain,Large,Unknown,7,,Telegraph India,GLC,4394.0,NASA COOLR,http://www.telegraphindia.com/1120608/jsp/siliguri/story_15584321.jsp#.UN_I7eSx_K0com,COOLR administrative division; Uttaranchal normalized to Uttarakhand,OK
4411,2012-06-14,2012-06-14 09:30:00,2012,Sikkim,27.339,88.607,"Tathangchen, Gangtok, Sikkim ","Tathangchen, Gangtok, Sikkim ",Known within 5 km,Landslide,Downpour,Medium,Unknown,,,isikkim.com,GLC,4411.0,NASA COOLR,http://isikkim.com/2012-06-sikkim-landslide-at-tathangchen-poses-threat-to-residents-15-5/,COOLR administrative division; Uttaranchal normalized to Uttarakhand,OK
4556,2012-09-16,2012-09-16 05:30:00,2012,Sikkim,27.168,88.365,"Namchi to Phongla, Namchi to Melli ,Namchi to Sumbuk","Namchi to Phongla, Namchi to Melli ,Namchi to Sumbuk",Known within 5 km,Landslide,Downpour,Medium,Unknown,,,business-standard,GLC,4556.0,NASA COOLR,http://www.business-standard.com/generalnews/news/landslides-block-several-roads-in-south-sikkim-district/57119/,COOLR administrative division; Uttaranchal normalized to Uttarakhand,OK
4569,2012-09-19,2012-09-19 05:30:00,2012,Sikkim,27.839,88.556,"North Skkimm Hwy between, Chungthang and Mangan, North Skimm (9 landslides)","North Skkimm Hwy between, Chungthang and Mangan, North Skimm (9 landslides)",Known within 10 km,Landslide,Downpour,Large,Unknown,20,,Hindustan Times,GLC,4569.0,NASA COOLR,http://www.hindustantimes.com/india/flash-floods-and-landslides-kill-21-in-sikkim/story-4FYliiSqiH1MnwaoLBIUnO.html,COOLR administrative division; Uttaranchal normalized to Uttarakhand,OK
4571,2012-09-19,2012-09-19 05:30:00,2012,Sikkim,27.656,88.605," Chungthang and Pegong. Houses, between Rangma and Chungthang "," Chungthang and Pegong. Houses, between Rangma and Chungthang ",Known within 10 km,Landslide,Downpour,Large,Unknown,,,Hindustan Times,GLC,4571.0,NASA COOLR,http://www.hindustantimes.com/india/flash-floods-and-landslides-kill-21-in-sikkim/story-4FYliiSqiH1MnwaoLBIUnO.html,COOLR administrative division; Uttaranchal normalized to Uttarakhand,OK
4908,2013-06-08,2013-06-08 22:30:00,2013,Sikkim,27.372,88.708,"15 Km From Gangtok, Himalayans","15 Km From Gangtok, Himalayans",Known within 25 km,Landslide,Downpour,Medium,Unknown,0,,www.business-standard.com,GLC,4908.0,NASA COOLR,http://www.business-standard.com/article/news-ani/tourists-stranded-due-to-landslide-in-gangtok-113060900319_1.html,COOLR administrative division; Uttaranchal normalized to Uttarakhand,OK
4990,2013-06-28,2013-06-28 04:30:00,2013,Sikkim,27.377,88.763,"Near Changu Lake, 15Km Away From Nathu La, On India-China Border In Eastern Sikkim","Near Changu Lake, 15Km Away From Nathu La, On India-China Border In Eastern Sikkim",Known within 1 km,Landslide,Downpour,Medium,Unknown,0,,www.indiatvnews.com,GLC,4990.0,NASA COOLR,http://www.indiatvnews.com/news/india/sikkim-landslide-army-rescues-tourists-stranded-near-nathu-la-24315.html,COOLR administrative division; Uttaranchal normalized to Uttarakhand,OK
5429,2013-09-01,2013-09-01 23:30:00,2013,Sikkim,27.343,88.243,Tamabong Village In Sikkim State,Tamabong Village In Sikkim State,Known within 50 km,Landslide,Downpour,Medium,Unknown,5,,sciencythoughts.blogspot.com,GLC,5429.0,NASA COOLR,http://sciencythoughts.blogspot.com/2013/09/family-of-five-killed-by-landslide-in.html,COOLR administrative division; Uttaranchal normalized to Uttarakhand,OK
5476,2013-09-07,2013-09-07 20:30:00,2013,Sikkim,27.374,88.732,14 Milestone Of J N Marg Near Kyangnosola (East Sikkim),14 Milestone Of J N Marg Near Kyangnosola (East Sikkim),Known within 25 km,Landslide,Rain,Medium,Unknown,0,,articles.timesofindia.indiatimes.com,GLC,5476.0,NASA COOLR,http://articles.timesofindia.indiatimes.com/2013-09-10/india/41936154_1_east-and-north-sikkim-chungthang-gangtok,COOLR administrative division; Uttaranchal normalized to Uttarakhand,OK
5485,2013-09-08,2013-09-08 05:30:00,2013,Sikkim,27.605,88.646,"Chungthang, Sikkim","Chungthang, Sikkim",Known within 50 km,Rock fall,Rain,Medium,Unknown,1,2.0,articles.timesofindia.indiatimes.com,GLC,5485.0,NASA COOLR,http://articles.timesofindia.indiatimes.com/2013-09-10/india/41936154_1_east-and-north-sikkim-chungthang-gangtok,COOLR administrative division; Uttaranchal normalized to Uttarakhand,OK
7031,2015-05-24,2015-05-24 05:30:00,2015,Sikkim,27.616,88.659,"Bop, Sikkim","Bop, Sikkim",Known within 1 km,Landslide,Unknown,Medium,Above road,0,0.0,The Olympian,GLC,7031.0,NASA COOLR,http://www.theolympian.com/2015/05/27/3746897/rhododendron-explorers-from-south.html,COOLR administrative division; Uttaranchal normalized to Uttarakhand,OK
9215,2016-01-14,2016-01-14 10:45:00,2016,Sikkim,27.176,88.529,NH10 in Rangpo,NH10 in Rangpo,Known within 1 km,Rock fall,Unknown,Medium,Above road,1,5.0,Hindustan Times,GLC,9215.0,NASA COOLR,http://www.hindustantimes.com/india/several-feared-buried-under-landslide-near-bengal-sikkim-border/story-1f7Ni6EagU54nghtFD9otO.html,COOLR administrative division; Uttaranchal normalized to Uttarakhand,OK
9853,2016-08-16,2016-08-16 05:30:00,2016,Sikkim,27.593,88.492,Landslide in Dzongu,"Dzongu, Sikkim, India",Known exactly,Landslide,Rain,Large,Natural slope,0,0.0,AGU Blog,GLC,,NASA COOLR,http://blogs.agu.org/landslideblog/2016/08/13/dzongu-1/,COOLR administrative division; Uttaranchal normalized to Uttarakhand,OK
9604,2016-10-12,2016-10-12 05:30:00,2016,Sikkim,27.268,88.289,Legship,Legship,Known within 10 km,Landslide,Continuous rain,Medium,Above road,0,0.0,Indian Express,GLC,9604.0,NASA COOLR,http://indianexpress.com/article/india/india-news-india/west-bengal-rains-landslips-affect-life-in-north-of-state-3079833/,COOLR administrative division; Uttaranchal normalized to Uttarakhand,OK
9619,2016-10-15,2016-10-15 05:30:00,2016,Sikkim,27.17,88.366,Namchi,Namchi,Known within 5 km,Landslide,Rain,Medium,Above road,0,0.0,Hindu,GLC,9619.0,NASA COOLR,http://www.thehindu.com/news/national/other-states/life-remains-hit-in-darjeeling-hills/article9222389.ece,COOLR administrative division; Uttaranchal normalized to Uttarakhand,OK
9785,2017-05-26,2017-05-26 05:30:00,2017,Sikkim,27.543,88.597,Rockslide in North Sikkim,"Toong-Sankalang road between Saffo and Ship-Gyer, North Sikkim",Known within 5 km,Landslide,Rain,Medium,Above road,0,0.0,Assam Tribune,GLC,,NASA COOLR,http://www.assamtribune.com/scripts/detailsnew.asp?id=may2717/oth053,COOLR administrative division; Uttaranchal normalized to Uttarakhand,OK
11183,2017-07-10,2017-07-10 05:30:00,2017,Sikkim,27.36,88.652,"Cars crushed by deadly landslide on Chongey road, Sikkim",East Sikkim,Known within 100 km,Rock fall,Unknown,Medium,Unknown,0,0.0,The Northeast Today,GLC,,NASA COOLR,https://thenortheasttoday.com/cars-crushed-by-deadly-landslide-on-chongey-road-sikkim-in-pictures/,COOLR administrative division; Uttaranchal normalized to Uttarakhand,OK
11443,2018-05-26,2018-05-26 05:30:00,2018,Sikkim,27.233,88.593,Pakyong Subdivision Landslides cause 45 Road Blockages,"Road from Pakyong to Dikling and Rorathang, Pakyong, Sikkim, India",Known within 1 km,Mudslide,Downpour,Medium,Below road,0,0.0,The Northeast Today,GLC,,NASA COOLR,https://thenortheasttoday.com/sikkim-45-road-closure-due-to-landslide-in-pakyong-subdivision/,COOLR administrative division; Uttaranchal normalized to Uttarakhand,OK
14501,2018-09-14,2018-09-14 05:30:00,2018,Sikkim,27.454,88.524,Mangshilla Landslide,"Mangshilla, North District, Sikkim, IND",Known within 5 km,Landslide,Continuous rain,Unknown,Unknown,,,Outlook India,GLC,,NASA COOLR,https://www.outlookindia.com/newsscroll/landslides-in-north-sikkim-road-links-snapped-at-several-places/1382941,COOLR administrative division; Uttaranchal normalized to Uttarakhand,OK
14544,2018-09-14,2018-09-14 05:30:00,2018,Sikkim,27.716,88.557,Lachen Lanslide September 2018,"Lachen, North District, Sikkim",Known within 5 km,Landslide,Continuous rain,Unknown,Unknown,,,Outlook India,GLC,,NASA COOLR,https://www.outlookindia.com/newsscroll/landslides-in-north-sikkim-road-links-snapped-at-several-places/1382941,COOLR administrative division; Uttaranchal normalized to Uttarakhand,OK
14574,2018-09-14,2018-09-14 05:30:00,2018,Sikkim,27.495,88.536,Mangan Landslide,"Mangan, North District, Sikkim, IND",Known within 5 km,Landslide,Continuous rain,Unknown,Unknown,,,Outlook India,GLC,,NASA COOLR,https://www.outlookindia.com/newsscroll/landslides-in-north-sikkim-road-links-snapped-at-several-places/1382941,COOLR administrative division; Uttaranchal normalized to Uttarakhand,OK
14511,2018-09-15,2018-09-15 08:02:00,2018,Sikkim,27.54,88.499,Mantam Lake Landslide,"Mantam Lake, Dzongu, North District",Known within 5 km,Landslide,Continuous rain,Unknown,Above road,,,Outlook India,GLC,,NASA COOLR,https://www.outlookindia.com/newsscroll/landslides-in-north-sikkim-road-links-snapped-at-several-places/1382941,COOLR administrative division; Uttaranchal normalized to Uttarakhand,OK
14641,2018-09-15,2018-09-15 08:02:00,2018,Sikkim,27.331,88.614,Gangtok Landslide September 2018,"Gangtok, East District, Sikkim, 737101",Known within 5 km,Landslide,Continuous rain,Unknown,Above road,,,Outlook India,GLC,,NASA COOLR,https://www.outlookindia.com/newsscroll/landslides-in-north-sikkim-road-links-snapped-at-several-places/1382941,COOLR administrative division; Uttaranchal normalized to Uttarakhand,OK
14630,2018-09-17,2018-09-17 09:52:00,2018,Sikkim,27.543,88.63,North Sikkim Landslides,National Highway between Mangan and Chungthang.,Known within 10 km,Landslide,Rain,Medium,Above road,,,NDTV,GLC,,NASA COOLR,"https://www.ndtv.com/india-news/in-sikkim-over-350-stranded-in-heavy-rain-and-landslides-rescued-1918073#:~:text=Gangtok%2C%20Sikkim%3A,landslides%20hit%20the%20hill%20state.&text=Landslides%20at%20several%20locations%20along,stretch%20between%20Mangan%20and%20Chungthang.",COOLR administrative division; Uttaranchal normalized to Uttarakhand,OK
1935,2010-06-03,2010-06-03 05:30:00,2010,Tripura,23.899,91.76,"atharamura hills, Highway 44, Tripura","atharamura hills, Highway 44, Tripura",Known within 5 km,Landslide,Downpour,Medium,Unknown,0,,Telegraph India,GLC,1935.0,NASA COOLR,http://www.telegraphindia.com/1100605/jsp/northeast/story_12529386.jsp,COOLR administrative division; Uttaranchal normalized to Uttarakhand,OK
4848,2013-05-08,2013-05-08 05:30:00,2013,Tripura,24.09,91.466,"Purba Simna, Tripura","Purba Simna, Tripura",Known within 5 km,Landslide,Rain,Medium,Unknown,1,,www.upi.com,GLC,4848.0,NASA COOLR,http://www.upi.com/Top_News/World-News/2013/05/09/Cyclonic-storms-kill-seven-in-India/UPI-39151368107292/,COOLR administrative division; Uttaranchal normalized to Uttarakhand,OK
6513,2014-08-15,2014-08-15 04:30:00,2014,Tripura,23.014,91.717,Sabroom,Sabroom,Known within 5 km,Mudslide,Downpour,Medium,Unknown,3,0.0,New Indian Express,GLC,6513.0,NASA COOLR,http://www.newindianexpress.com/nation/Landslide-Kills-Three-in-Tripura/2014/08/15/article2381042.ece,COOLR administrative division; Uttaranchal normalized to Uttarakhand,OK
9733,2017-06-04,2017-06-04 01:30:00,2017,Tripura,23.865,91.895,Landslide in Tripura,Vidyamohan Chowdhury Para (???) of remote Dhalai district,Known within 50 km,Landslide,Continuous rain,Medium,Natural slope,3,1.0,Signs of the Times,GLC,,NASA COOLR,https://www.sott.net/article/353005-Landslide-kills-at-least-3-in-Tripura-India,COOLR administrative division; Uttaranchal normalized to Uttarakhand,OK
9745,2017-06-04,2017-06-04 03:30:00,2017,Tripura,24.195,91.829,Landslide in Kamalpur,Kamalpur,Known within 10 km,Landslide,Rain,Medium,Urban,3,1.0,Times of India,GLC,,NASA COOLR,http://timesofindia.indiatimes.com/city/agartala/women-2-kids-killed-in-landslide/articleshow/58994998.cms,COOLR administrative division; Uttaranchal normalized to Uttarakhand,OK
11357,2018-05-18,2018-05-18 05:30:00,2018,Tripura,24.025,91.497,Kambhukcherra and Belfungpara village landslides,"Kambhukcherra and Belfunpara villages, West Tripura, Tripura",Known within 5 km,Landslide,Continuous rain,Unknown,Unknown,4,0.0,Northeast Now,GLC,,NASA COOLR,https://nenow.in/north-east-news/incessant-rain-triggers-landslides-in-tripura-4-killed.html,COOLR administrative division; Uttaranchal normalized to Uttarakhand,OK
11501,2018-05-20,2018-05-20 05:30:00,2018,Tripura,23.793,91.531,Champabari Landslide Collapses House,"Champabari, Jirania, Tripura, India",Known within 5 km,Landslide,Downpour,Medium,Unknown,1,1.0,The Times of India,GLC,,NASA COOLR,https://timesofindia.indiatimes.com/city/agartala/tripura-landslides-trigerred-by-rain-claim-two-more-lives/articleshow/64255441.cms,COOLR administrative division; Uttaranchal normalized to Uttarakhand,OK
11502,2018-05-20,2018-05-20 05:30:00,2018,Tripura,23.717,91.616,Dhanlekha Kaipengpara Landslide Collapses House,"Dhanlekha Kaipeng, Gomati district, Tripura, India",Known within 1 km,Landslide,Downpour,Medium,Unknown,1,2.0,The Times of India,GLC,,NASA COOLR,https://timesofindia.indiatimes.com/city/agartala/tripura-landslides-trigerred-by-rain-claim-two-more-lives/articleshow/64255441.cms,COOLR administrative division; Uttaranchal normalized to Uttarakhand,OK
14439,1990-01-29,1990-01-29 02:21:00,1990,Uttarakhand,29.993,78.33,Tal Valley Landslide,"Tal River, Rajajii National Park, Uttarakhand, IND",Known within 1 km,Complex,Other,Large,Above river,,,Geomorphology,GLC,,NASA COOLR,https://www.sciencedirect.com/science/article/abs/pii/0169555X94000856,COOLR administrative division; Uttaranchal normalized to Uttarakhand,OK
146,2007-07-30,2007-07-30 05:30:00,2007,Uttarakhand,30.733,78.439,Uttarkashi district,Uttarkashi district,Known within 50 km,Landslide,Downpour,Medium,Unknown,2,,Red Cross - Field reports,GLC,146.0,NASA COOLR,https://www-secure.ifrc.org/dmis/prepare/view_report.asp?ReportID=2987,COOLR administrative division; Uttaranchal normalized to Uttarakhand,OK
149,2007-07-30,2007-07-30 05:30:00,2007,Uttarakhand,30.557,79.56,Joshimath,Joshimath,Known within 50 km,Landslide,Downpour,Medium,Unknown,,,Red Cross - Field reports,GLC,149.0,NASA COOLR,https://www-secure.ifrc.org/dmis/prepare/view_report.asp?ReportID=2987,COOLR administrative division; Uttaranchal normalized to Uttarakhand,OK
150,2007-07-30,2007-07-30 05:30:00,2007,Uttarakhand,30.4,79.349,Chamoli,Chamoli,Known within 50 km,Landslide,Downpour,Medium,Unknown,,,Red Cross - Field reports,GLC,150.0,NASA COOLR,https://www-secure.ifrc.org/dmis/prepare/view_report.asp?ReportID=2987,COOLR administrative division; Uttaranchal normalized to Uttarakhand,OK
173,2007-08-11,2007-08-11 05:30:00,2007,Uttarakhand,30.07,78.303,Rishikesh,Rishikesh,Location not known,Landslide,Rain,Medium,Unknown,,,Asian News International - Daily India,GLC,173.0,NASA COOLR,http://www.dailyindia.com/show/164988.php/Landslides-leave-scores-of-passengers-stranded-in-Uttarakhand,COOLR administrative division; Uttaranchal normalized to Uttarakhand,OK
237,2007-09-06,2007-09-06 05:30:00,2007,Uttarakhand,29.583,80.217,Pithoragarh,Pithoragarh,Known within 25 km,Landslide,Rain,Large,Unknown,,,The hindu.com,GLC,237.0,NASA COOLR,,COOLR administrative division; Uttaranchal normalized to Uttarakhand,OK
653,2008-07-18,2008-07-18 05:30:00,2008,Uttarakhand,29.33,80.1,Sukhidhang area of Champawat district in Uttarakhand ,Sukhidhang area of Champawat district in Uttarakhand ,Known within 5 km,Landslide,Rain,Medium,Unknown,14,,dailynews365,GLC,653.0,NASA COOLR,http://www.dailynews365.com/national-news/landslides-killed-14-in-uttarakhand/,COOLR administrative division; Uttaranchal normalized to Uttarakhand,OK
1072,2009-08-08,2009-08-08 07:30:00,2009,Uttarakhand,29.589,80.21,"Bala, Pithoragarh, Uttarakhand (450Km from Deheradun)","Bala, Pithoragarh, Uttarakhand (450Km from Deheradun)",Known within 10 km,Landslide,Downpour,Large,Unknown,15,,samaylive,GLC,1072.0,NASA COOLR,http://www.samaylive.com/news/15-dead-in-uttarakhand-landslide/644753.html,COOLR administrative division; Uttaranchal normalized to Uttarakhand,OK
1097,2009-08-17,2009-08-17 23:30:00,2009,Uttarakhand,29.409,80.133,Pithoragarh district,Pithoragarh district,Known within 25 km,Landslide,Continuous rain,Medium,Unknown,0,,samaylive,GLC,1097.0,NASA COOLR,http://www.samaylive.com/news/rains-landslides-disrupt-kailash-mansarovar-pilgrimage/648603.html,COOLR administrative division; Uttaranchal normalized to Uttarakhand,OK
1130,2009-09-01,2009-09-01 20:30:00,2009,Uttarakhand,29.704,78.566,Chinona area in Almora district,Chinona area in Almora district,Known within 5 km,Landslide,Downpour,Medium,Unknown,3,,ptinews,GLC,1130.0,NASA COOLR,http://www.ptinews.com/news/261571_Three-buried-alive-after-landslides,COOLR administrative division; Uttaranchal normalized to Uttarakhand,OK
1521,2010-02-23,2010-02-23 05:30:00,2010,Uttarakhand,30.381,78.47,Two children killed,"Tangadia, Tehri",Known within 25 km,Landslide,Downpour,Medium,Unknown,2,1.0,ptinews,GLC,1521.0,NASA COOLR,http://www.ptinews.com/news/532955_Two-kids-killed-in-house-collapse,COOLR administrative division; Uttaranchal normalized to Uttarakhand,OK
2040,2010-07-06,2010-07-06 05:30:00,2010,Uttarakhand,30.638,78.33,"highway to Uttarkashi district, Uttarakhand","highway to Uttarkashi district, Uttarakhand",Known within 25 km,Landslide,Downpour,Medium,Unknown,0,,healthcarendiet,GLC,2040.0,NASA COOLR,http://www.healthcarendiet.com/2010/07/06/monsoon-covers-almost-entire-india/,COOLR administrative division; Uttaranchal normalized to Uttarakhand,OK
2041,2010-07-06,2010-07-06 05:30:00,2010,Uttarakhand,30.249,78.885,"highway to Rudraprayag district, Uttarakhand","highway to Rudraprayag district, Uttarakhand",Known within 10 km,Landslide,Downpour,Medium,Unknown,0,,healthcarendiet,GLC,2041.0,NASA COOLR,http://www.healthcarendiet.com/2010/07/06/monsoon-covers-almost-entire-india/,COOLR administrative division; Uttaranchal normalized to Uttarakhand,OK
2103,2010-07-20,2010-07-20 05:30:00,2010,Uttarakhand,29.986,78.612,"Badrinath and Yamunotri shrines(?), Garhwal region, Uttarakhand","Badrinath and Yamunotri shrines(?), Garhwal region, Uttarakhand",Known within 50 km,Landslide,Downpour,Medium,Unknown,0,,dnaindia,GLC,2103.0,NASA COOLR,http://www.dnaindia.com/india/report_three-killed-as-heavy-rains-continue-to-lash-uttarakhand_1412378,COOLR administrative division; Uttaranchal normalized to Uttarakhand,OK
2104,2010-07-20,2010-07-20 05:30:00,2010,Uttarakhand,29.36,80.126,"Tanakupur-Pitoragarh highway, Kumaon(Kumaun) region, Uttarakhand","Tanakupur-Pitoragarh highway, Kumaon(Kumaun) region, Uttarakhand",Known within 50 km,Landslide,Downpour,Medium,Unknown,0,,dnaindia,GLC,2104.0,NASA COOLR,http://www.dnaindia.com/india/report_three-killed-as-heavy-rains-continue-to-lash-uttarakhand_1412378,COOLR administrative division; Uttaranchal normalized to Uttarakhand,OK
2105,2010-07-20,2010-07-20 23:30:00,2010,Uttarakhand,29.358,79.552,"Bhimtal area, Naintal district, Uttarakhand","Bhimtal area, Naintal district, Uttarakhand",Known within 10 km,Landslide,Downpour,Medium,Unknown,1,,dnaindia,GLC,2105.0,NASA COOLR,http://www.dnaindia.com/india/report-three-killed-as-heavy-rains-continue-to-lash-uttarakhand-1412378,COOLR administrative division; Uttaranchal normalized to Uttarakhand,OK
2120,2010-07-22,2010-07-22 05:30:00,2010,Uttarakhand,29.61,79.663,"Patlot-Aghora road, Almora District ","Patlot-Aghora road, Almora District ",Known within 10 km,Landslide,Downpour,Medium,Unknown,1,,gsi.gov,GLC,2120.0,NASA COOLR,"http://www.portal.gsi.gov.in/portal/page?_pageid=127,875814&_dad=portal&_schema=PORTAL",COOLR administrative division; Uttaranchal normalized to Uttarakhand,OK
2161,2010-07-29,2010-07-29 05:30:00,2010,Uttarakhand,30.747,78.452,"Uttarkāshi : Landslips, triggered by heavy rain, blocked two key highways connecting Rishikesh, Gangotri and Badrinath in Uttarakhand on Thursday, le*",,Known within 10 km,Landslide,Downpour,Medium,Unknown,0,,hindu,GLC,2161.0,NASA COOLR,http://www.hindu.com/2010/07/30/stories/2010073063780100.htm,COOLR administrative division; Uttaranchal normalized to Uttarakhand,OK
2162,2010-07-29,2010-07-29 05:30:00,2010,Uttarakhand,30.405,79.343,"Pīpalkoti : Landslips, triggered by heavy rain, blocked two key highways connecting Rishikesh, Gangotri and Badrinath in Uttarakhand on Thursday, lea*",,Known within 10 km,Landslide,Downpour,Medium,Unknown,0,,hindu,GLC,2162.0,NASA COOLR,http://www.hindu.com/2010/07/30/stories/2010073063780100.htm,COOLR administrative division; Uttaranchal normalized to Uttarakhand,OK
2202,2010-08-05,2010-08-05 13:30:00,2010,Uttarakhand,30.407,79.335,"Basantpur or Gouchar village (two conflicting sources), Chamoli district","Basantpur or Gouchar village (two conflicting sources), Chamoli district",Known within 25 km,Landslide,Downpour,Medium,Unknown,5,,hindustantimes,GLC,2202.0,NASA COOLR,http://www.hindustantimes.com/Five-killed-in-landslides-in-Uttarakhand/Article1-582669.aspx,COOLR administrative division; Uttaranchal normalized to Uttarakhand,OK
2227,2010-08-09,2010-08-09 05:30:00,2010,Uttarakhand,30.646,79.531,"Nirgaddu about 4 km from Tapovan on Rishikesh - Badrinath route, Uttarakhand ","Nirgaddu about 4 km from Tapovan on Rishikesh - Badrinath route, Uttarakhand ",Known within 50 km,Landslide,Downpour,Medium,Unknown,0,,gsi.gov,GLC,2227.0,NASA COOLR,"http://www.portal.gsi.gov.in/portal/page?_pageid=127,875814&_dad=portal&_schema=PORTAL",COOLR administrative division; Uttaranchal normalized to Uttarakhand,OK
2228,2010-08-09,2010-08-09 05:30:00,2010,Uttarakhand,30.679,78.348,"Dharasu and Nalupani near Uttarkashi on Rishikesh – Gangotri highway, Uttarakhand ","Dharasu and Nalupani near Uttarkashi on Rishikesh – Gangotri highway, Uttarakhand ",Known within 25 km,Landslide,Downpour,Medium,Unknown,0,,gsi.gov,GLC,2228.0,NASA COOLR,"http://www.portal.gsi.gov.in/portal/page?_pageid=127,875814&_dad=portal&_schema=PORTAL",COOLR administrative division; Uttaranchal normalized to Uttarakhand,OK
2229,2010-08-09,2010-08-09 05:30:00,2010,Uttarakhand,30.515,78.368,"Menagarh near Sukki on Rishikesh – Gangotri highway, Uttarakhand ","Menagarh near Sukki on Rishikesh – Gangotri highway, Uttarakhand ",Known within 50 km,Landslide,Downpour,Medium,Unknown,0,,gsi.gov,GLC,2229.0,NASA COOLR,"http://www.portal.gsi.gov.in/portal/page?_pageid=127,875814&_dad=portal&_schema=PORTAL",COOLR administrative division; Uttaranchal normalized to Uttarakhand,OK
2241,2010-08-13,2010-08-13 05:30:00,2010,Uttarakhand,30.802,78.618,"Gangotree national highway near Bhatvaree, Uttarkashi district","Gangotree national highway near Bhatvaree, Uttarkashi district",Known within 5 km,Landslide,Downpour,Medium,Above road,,,Samachar Today,GLC,2241.0,NASA COOLR,http://www.samachartoday.com/gangotri-national-highway-block-due-to-landslides/9243,COOLR administrative division; Uttaranchal normalized to Uttarakhand,OK
2257,2010-08-16,2010-08-16 05:30:00,2010,Uttarakhand,30.728,79.497,"badrinath route, Lambagarh(?), Uttarakhand","badrinath route, Lambagarh(?), Uttarakhand",Known within 25 km,Landslide,Downpour,Medium,Unknown,0,,english.ntdtv,GLC,2257.0,NASA COOLR,http://english.ntdtv.com/ntdtv_en/ns_asia/2010-08-17/124801939515.html,COOLR administrative division; Uttaranchal normalized to Uttarakhand,OK
2268,2010-08-18,2010-08-18 14:00:00,2010,Uttarakhand,30.013,79.926,"Saraswati Shishu Mandir school(?), Sumgarh(Sumgad) village(?), Bageshwar-Pindari glacier rd 45 km from Bageshwar, Kapkot, Bageshwar, Uttarakhand","Saraswati Shishu Mandir school(?), Sumgarh(Sumgad) village(?), Bageshwar-Pindari glacier rd 45 km from Bageshwar, Kapkot, Bageshwar, Uttarakhand",Known within 10 km,Complex,Downpour,Large,Unknown,18,,dailypioneer,GLC,2268.0,NASA COOLR,http://www.dailypioneer.com/277138/Landslide-kills-18-schoolchildren.html,COOLR administrative division; Uttaranchal normalized to Uttarakhand,OK
2290,2010-08-20,2010-08-20 05:30:00,2010,Uttarakhand,30.651,79.026,"Gaurikund, road to Kedarnath, Garwhal division, Uttarakhand","Gaurikund, road to Kedarnath, Garwhal division, Uttarakhand",Known within 5 km,Landslide,Downpour,Medium,Unknown,0,,dnaindia,GLC,2290.0,NASA COOLR,http://www.dnaindia.com/india/report_rains-hit-normal-life-in-uttarakhand_1426128,COOLR administrative division; Uttaranchal normalized to Uttarakhand,OK
2291,2010-08-20,2010-08-20 05:30:00,2010,Uttarakhand,30.966,78.415,"Ranachatti(?), route to Yamunotri, Garwhal division, Uttarakhand","Ranachatti(?), route to Yamunotri, Garwhal division, Uttarakhand",Known within 10 km,Landslide,Downpour,Medium,Unknown,0,,dnaindia,GLC,2291.0,NASA COOLR,http://www.dnaindia.com/india/report_rains-hit-normal-life-in-uttarakhand_1426128,COOLR administrative division; Uttaranchal normalized to Uttarakhand,OK
2292,2010-08-20,2010-08-20 05:30:00,2010,Uttarakhand,30.818,78.619,"Bhatwari, Rishikesh-Gangotri highway, Uttarkhand","Bhatwari, Rishikesh-Gangotri highway, Uttarkhand",Known within 5 km,Landslide,Downpour,Medium,Unknown,0,,dnaindia,GLC,2292.0,NASA COOLR,http://www.dnaindia.com/india/report_rains-hit-normal-life-in-uttarakhand_1426128,COOLR administrative division; Uttaranchal normalized to Uttarakhand,OK
2293,2010-08-20,2010-08-20 05:30:00,2010,Uttarakhand,30.722,78.644,"Nalupani(?), Rishikesh-Gangotri highway, Uttarkhand","Nalupani(?), Rishikesh-Gangotri highway, Uttarkhand",Known within 50 km,Landslide,Downpour,Medium,Unknown,0,,hindu,GLC,2293.0,NASA COOLR,http://www.hindu.com/2010/07/30/stories/2010073063780100.htm,COOLR administrative division; Uttaranchal normalized to Uttarakhand,OK
2294,2010-08-20,2010-08-20 05:30:00,2010,Uttarakhand,30.385,78.837,"Lambagad(?), Rishikesh-Badrinath highway, Uttarakhand","Lambagad(?), Rishikesh-Badrinath highway, Uttarakhand",Location not known,Landslide,Downpour,Medium,Unknown,0,,dnaindia,GLC,2294.0,NASA COOLR,http://www.dnaindia.com/india/report_rains-hit-normal-life-in-uttarakhand_1426128,COOLR administrative division; Uttaranchal normalized to Uttarakhand,OK
2309,2010-08-22,2010-08-22 05:30:00,2010,Uttarakhand,30.424,79.672,"Chandoli(?) and Karchuna(?) vilalges, Pokkhri, Chamoli, Uttarakhand, Uttranchal","Chandoli(?) and Karchuna(?) vilalges, Pokkhri, Chamoli, Uttarakhand, Uttranchal",Known within 25 km,Landslide,Downpour,Medium,Unknown,0,,english.samaylive,GLC,2309.0,NASA COOLR,http://english.samaylive.com/regional/uttarakhand/676471855.html,COOLR administrative division; Uttaranchal normalized to Uttarakhand,OK
2339,2010-08-26,2010-08-26 13:30:00,2010,Uttarakhand,30.365,78.064,"Matak Mahari(?), near Dehradun, Uttarakhand","Matak Mahari(?), near Dehradun, Uttarakhand",Known within 50 km,Landslide,Downpour,Medium,Unknown,0,,sify.com,GLC,2339.0,NASA COOLR,http://sify.com/news/cloudburst-landslides-damage-houses-school-in-uttarakhand-village-news-national-ki0r4efiegh.html,COOLR administrative division; Uttaranchal normalized to Uttarakhand,OK
2378,2010-09-03,2010-09-03 05:30:00,2010,Uttarakhand,30.135,78.39,"Shivpuri, Rishikesh-Badrinath hwy","Shivpuri, Rishikesh-Badrinath hwy",Known within 5 km,Landslide,Downpour,Medium,Unknown,0,,timesofindia.indiatimes,GLC,2378.0,NASA COOLR,http://timesofindia.indiatimes.com/india/8000-pilgrims-stranded-in-Uttarakhand/articleshow/6494279.cms,COOLR administrative division; Uttaranchal normalized to Uttarakhand,OK
2379,2010-09-03,2010-09-03 05:30:00,2010,Uttarakhand,30.285,78.983,"Rudraprayag, Rishikesh-Badrinath hwy","Rudraprayag, Rishikesh-Badrinath hwy",Known within 10 km,Landslide,Downpour,Medium,Unknown,0,,timesofindia.indiatimes,GLC,2379.0,NASA COOLR,http://timesofindia.indiatimes.com/india/8000-pilgrims-stranded-in-Uttarakhand/articleshow/6494279.cms,COOLR administrative division; Uttaranchal normalized to Uttarakhand,OK
2380,2010-09-03,2010-09-03 05:30:00,2010,Uttarakhand,30.401,79.028,"Bhatwari, Rishikesh-Gangotri hwy","Bhatwari, Rishikesh-Gangotri hwy",Known within 5 km,Landslide,Downpour,Medium,Unknown,0,,timesofindia.indiatimes,GLC,2380.0,NASA COOLR,http://timesofindia.indiatimes.com/india/8000-pilgrims-stranded-in-Uttarakhand/articleshow/6494279.cms,COOLR administrative division; Uttaranchal normalized to Uttarakhand,OK
2389,2010-09-04,2010-09-04 05:30:00,2010,Uttarakhand,30.5,79.389,"Chhinka area(?), on Rishikesh-Badrinath hwy","Chhinka area(?), on Rishikesh-Badrinath hwy",Known within 50 km,Landslide,Downpour,Medium,Unknown,0,,economictimes.indiatimes,GLC,2389.0,NASA COOLR,http://economictimes.indiatimes.com/articleshow/6492259.cms,COOLR administrative division; Uttaranchal normalized to Uttarakhand,OK
2390,2010-09-04,2010-09-04 05:30:00,2010,Uttarakhand,30.796,78.623,"Karmkund(?), on Rishikesh-Gangotri hwy","Karmkund(?), on Rishikesh-Gangotri hwy",Known within 50 km,Landslide,Downpour,Medium,Unknown,0,,economictimes.indiatimes,GLC,2390.0,NASA COOLR,http://economictimes.indiatimes.com/articleshow/6492259.cms,COOLR administrative division; Uttaranchal normalized to Uttarakhand,OK
2391,2010-09-04,2010-09-04 05:30:00,2010,Uttarakhand,30.899,78.34,"Ranachatti(?), on road to Yamunotri","Ranachatti(?), on road to Yamunotri",Known within 25 km,Landslide,Downpour,Medium,Unknown,0,,economictimes.indiatimes,GLC,2391.0,NASA COOLR,http://economictimes.indiatimes.com/articleshow/6492259.cms,COOLR administrative division; Uttaranchal normalized to Uttarakhand,OK
2416,2010-09-12,2010-09-12 05:30:00,2010,Uttarakhand,30.733,78.44,"Uttarkashi town, Uttarakhand","Uttarkashi town, Uttarakhand",Known within 5 km,Landslide,Downpour,Medium,Unknown,0,,youtube,GLC,2416.0,NASA COOLR,http://www.youtube.com/watch?v=WoWfWNSjTCI,COOLR administrative division; Uttaranchal normalized to Uttarakhand,OK
2440,2010-09-17,2010-09-17 05:30:00,2010,Uttarakhand,30.754,79.5,"Maletha village, near Badrinath","Maletha village, near Badrinath",Known within 50 km,Landslide,Downpour,Very large,Unknown,,,Telegraph,GLC,2440.0,NASA COOLR,http://www.telegraphindia.com/1100920/jsp/nation/story_12958037.jsp,COOLR administrative division; Uttaranchal normalized to Uttarakhand,OK
2443,2010-09-18,2010-09-18 05:30:00,2010,Uttarakhand,29.604,79.534,"villages Pilkha(?), Devali(?), and Balta(?), Avalbagh block(?), Almora(Almorah) district, Uttarakhand","villages Pilkha(?), Devali(?), and Balta(?), Avalbagh block(?), Almora(Almorah) district, Uttarakhand",Known within 50 km,Landslide,Downpour,Large,Unknown,24,,timesofindia.indiatimes,GLC,2443.0,NASA COOLR,http://timesofindia.indiatimes.com/india/Landslides-kill-11-in-Uttarakhand-14-trapped-under-debris/articleshow/6580510.cms,COOLR administrative division; Uttaranchal normalized to Uttarakhand,OK
2444,2010-09-18,2010-09-18 05:30:00,2010,Uttarakhand,29.296,79.54,"Nainital district, Uttarakhand","Nainital district, Uttarakhand",Known within 50 km,Landslide,Downpour,Medium,Unknown,4,,indiatoday.intoday,GLC,2444.0,NASA COOLR,http://indiatoday.intoday.in/site/Story/113220/India/19-perish-as-rains-pound-uttarakhand.html,COOLR administrative division; Uttaranchal normalized to Uttarakhand,OK
2445,2010-09-18,2010-09-18 05:30:00,2010,Uttarakhand,30.145,78.601,"near Devprayag, Rishikesh-Badrinath hwy, ","near Devprayag, Rishikesh-Badrinath hwy, ",Known within 10 km,Landslide,Downpour,Medium,Unknown,0,,dailypioneer,GLC,2445.0,NASA COOLR,http://www.dailypioneer.com/284337/65-killed-in-flash-floods-landslides.html,COOLR administrative division; Uttaranchal normalized to Uttarakhand,OK
2455,2010-09-19,2010-09-19 05:30:00,2010,Uttarakhand,30.104,78.427,"road to Shivpur(Shivpuri), Pauri Garhwal district, Uttarakhand","road to Shivpur(Shivpuri), Pauri Garhwal district, Uttarakhand",Known within 10 km,Landslide,Downpour,Medium,Unknown,0,,Telegraph India,GLC,2455.0,NASA COOLR,http://www.telegraphindia.com/1100922/jsp/nation/story_12966820.jsp,COOLR administrative division; Uttaranchal normalized to Uttarakhand,OK
2456,2010-09-19,2010-09-19 05:30:00,2010,Uttarakhand,30.799,79.436,"near Bagri Glacier(?), Gopeswar(Gopeshwar), Chamoli district, Uttarakhand","near Bagri Glacier(?), Gopeswar(Gopeshwar), Chamoli district, Uttarakhand",Known within 25 km,Landslide,Downpour,Medium,Unknown,0,,Telegraph India,GLC,2456.0,NASA COOLR,http://www.telegraphindia.com/1100922/jsp/nation/story_12966820.jsp,COOLR administrative division; Uttaranchal normalized to Uttarakhand,OK
2458,2010-09-19,2010-09-19 05:30:00,2010,Uttarakhand,30.902,78.776,"roads to Gangotri, Uttarakhand","roads to Gangotri, Uttarakhand",Known within 25 km,Landslide,Downpour,Medium,Unknown,0,,tribuneindia,GLC,2458.0,NASA COOLR,http://www.tribuneindia.com/2010/20100923/main1.htm,COOLR administrative division; Uttaranchal normalized to Uttarakhand,OK
2459,2010-09-19,2010-09-19 05:30:00,2010,Uttarakhand,29.548,79.321,"roads to Rani Khet(Ranikhet) and Jolle Kote(?), Uttarakhand","roads to Rani Khet(Ranikhet) and Jolle Kote(?), Uttarakhand",Known within 50 km,Landslide,Downpour,Medium,Unknown,0,,tribuneindia,GLC,2459.0,NASA COOLR,http://www.tribuneindia.com/2010/20100923/main1.htm,COOLR administrative division; Uttaranchal normalized to Uttarakhand,OK
2470,2010-09-19,2010-09-19 05:30:00,2010,Uttarakhand,30.433,78.077,"Dehradun-Mussoorie rd, Himachal Pradesh","Dehradun-Mussoorie rd, Himachal Pradesh",Known within 5 km,Landslide,Downpour,Medium,Unknown,0,,sify.com,GLC,2470.0,NASA COOLR,http://sify.com/news/landslides-flash-floods-damage-roads-in-uttarakhand-news-national-kjxruecgidd.html,COOLR administrative division; Uttaranchal normalized to Uttarakhand,OK
2471,2010-09-19,2010-09-19 05:30:00,2010,Uttarakhand,29.791,80.058,"roads above Pithoragarh, Uttranchal","roads above Pithoragarh, Uttranchal",Known within 50 km,Landslide,Downpour,Medium,Unknown,0,,sify.com,GLC,2471.0,NASA COOLR,http://sify.com/news/landslides-flash-floods-damage-roads-in-uttarakhand-news-national-kjxruecgidd.html,COOLR administrative division; Uttaranchal normalized to Uttarakhand,OK
2453,2010-09-19,2010-09-19 23:30:00,2010,Uttarakhand,29.613,79.494,"near Chausali village(?), Almora district, Uttarakhand","near Chausali village(?), Almora district, Uttarakhand",Known within 50 km,Landslide,Downpour,Medium,Unknown,0,,indiascanner.com,GLC,2453.0,NASA COOLR,http://indiascanner.com/65-died-in-flood-landslide-in-uttarakhand-15849,COOLR administrative division; Uttaranchal normalized to Uttarakhand,OK
2454,2010-09-19,2010-09-19 23:30:00,2010,Uttarakhand,30.901,79.532,"near Mt. Kamet and Ghastoli village, near Mana pass, Chamoli district, Uttarakhand","near Mt. Kamet and Ghastoli village, near Mana pass, Chamoli district, Uttarakhand",Known within 10 km,Landslide,Downpour,Medium,Unknown,2,,monstersandcritics,GLC,2454.0,NASA COOLR,http://www.monstersandcritics.com/news/southasia/news/article_1585977.php/Two-army-officers-killed-in-landslide-in-northern-India,COOLR administrative division; Uttaranchal normalized to Uttarakhand,OK
2476,2010-09-20,2010-09-20 05:30:00,2010,Uttarakhand,29.338,79.484,"NH-87 near Naintital, Uttarakhand",200 meters of NH-87 collapsed,Known within 10 km,Landslide,Downpour,Medium,Below road,0,,english.ntdtv,GLC,2476.0,NASA COOLR,http://english.ntdtv.com/ntdtv_en/ns_asia/2010-09-21/018730373390.html,COOLR administrative division; Uttaranchal normalized to Uttarakhand,OK
2478,2010-09-20,2010-09-20 05:30:00,2010,Uttarakhand,30.733,78.44,"roads around Uttarkashi, Uttarakhand","roads around Uttarkashi, Uttarakhand",Known within 25 km,Landslide,Downpour,Medium,Unknown,0,,sify.com,GLC,2478.0,NASA COOLR,http://sify.com/news/landslides-flash-floods-damage-roads-in-uttarakhand-news-national-kjxruecgidd.html,COOLR administrative division; Uttaranchal normalized to Uttarakhand,OK
3141,2011-02-23,2011-02-23 05:30:00,2011,Uttarakhand,30.475,79.229,"Rishikesh-Badrinath national highway to Rudraprayag, Chamoli, and Badrinath, Uttarakhand","Rishikesh-Badrinath national highway to Rudraprayag, Chamoli, and Badrinath, Uttarakhand",Known within 50 km,Landslide,Downpour,Medium,Unknown,0,,zeenews,GLC,3141.0,NASA COOLR,http://www.zeenews.com/news689983.html,COOLR administrative division; Uttaranchal normalized to Uttarakhand,OK
3558,2011-05-31,2011-05-31 05:30:00,2011,Uttarakhand,30.921,78.328,"road to Yamunotri shrine, Uttarakashi","road to Yamunotri shrine, Uttarakashi",Known within 25 km,Landslide,Rain,Medium,Unknown,0,,news.in,GLC,3558.0,NASA COOLR,http://news.in.msn.com/national/article.aspx?cp-documentid=5187654,COOLR administrative division; Uttaranchal normalized to Uttarakhand,OK
3559,2011-05-31,2011-05-31 23:30:00,2011,Uttarakhand,30.478,78.274,"Chhatanga(?) village on Rishikesh-Yamunotri highway, Uttarkashi ","Chhatanga(?) village on Rishikesh-Yamunotri highway, Uttarkashi ",Known within 50 km,Landslide,Rain,Medium,Unknown,1,,news.in,GLC,3559.0,NASA COOLR,http://news.in.msn.com/national/article.aspx?cp-documentid=5187654,COOLR administrative division; Uttaranchal normalized to Uttarakhand,OK
3577,2011-06-07,2011-06-07 05:30:00,2011,Uttarakhand,30.532,79.354,"road to Badrinath shrine, Uttarakhand","road to Badrinath shrine, Uttarakhand",Known within 50 km,Landslide,Downpour,Medium,Unknown,0,,ibnlive.in,GLC,3577.0,NASA COOLR,http://ibnlive.in.com/generalnewsfeed/news/uttarakhand-rains-bring-respite-trigger-landslides/719372.html,COOLR administrative division; Uttaranchal normalized to Uttarakhand,OK
3578,2011-06-07,2011-06-07 14:30:00,2011,Uttarakhand,30.241,78.908,"Rishikesh-Badrinath hwy., near Sirobgarh(Sirobagad), Rudraprayag district, Uttarakhand","Rishikesh-Badrinath hwy., near Sirobgarh(Sirobagad), Rudraprayag district, Uttarakhand",Known within 5 km,Landslide,Downpour,Medium,Unknown,0,,english.samaylive,GLC,3578.0,NASA COOLR,http://english.samaylive.com/regional-news/uttarakhand-news/676488233/rishikesh-badrinath-highway-blocked.html,COOLR administrative division; Uttaranchal normalized to Uttarakhand,OK
3668,2011-06-29,2011-06-29 05:30:00,2011,Uttarakhand,29.607,79.93,"Almora-Pithoragarh road, between Makrau and Thiari","Almora-Pithoragarh road, between Makrau and Thiari",Location not known,Landslide,Downpour,Medium,Unknown,0,,news.in,GLC,3668.0,NASA COOLR,http://news.in.msn.com/national/article.aspx?cp-documentid=5242640,COOLR administrative division; Uttaranchal normalized to Uttarakhand,OK
3669,2011-06-29,2011-06-29 05:30:00,2011,Uttarakhand,30.767,78.796,"National Highway leading to Gangotri, from Dehradun","National Highway leading to Gangotri, from Dehradun",Known within 50 km,Landslide,Downpour,Medium,Unknown,0,,IBN,GLC,3669.0,NASA COOLR,http://ibnlive.in.com/generalnewsfeed/news/yatra-to-kedarnath-gangotri-yamunotri-resumes/745000.html,COOLR administrative division; Uttaranchal normalized to Uttarakhand,OK
3670,2011-06-29,2011-06-29 05:30:00,2011,Uttarakhand,30.676,79.042,National highway leading to Kedarnath,National highway leading to Kedarnath,Known within 25 km,Landslide,Downpour,Medium,Above road,,,IBN,GLC,3670.0,NASA COOLR,http://ibnlive.in.com/generalnewsfeed/news/yatra-to-kedarnath-gangotri-yamunotri-resumes/745000.html,COOLR administrative division; Uttaranchal normalized to Uttarakhand,OK
3671,2011-06-29,2011-06-29 05:30:00,2011,Uttarakhand,30.815,78.224,National Highway leading to Yamunotri from Dehradun,National Highway leading to Yamunotri from Dehradun,Location not known,Landslide,Downpour,Medium,Above road,,,IBN,GLC,3671.0,NASA COOLR,http://ibnlive.in.com/generalnewsfeed/news/yatra-to-kedarnath-gangotri-yamunotri-resumes/745000.html,COOLR administrative division; Uttaranchal normalized to Uttarakhand,OK
3673,2011-06-29,2011-06-29 05:30:00,2011,Uttarakhand,30.242,78.9,"Rishikesh-Kedarnath national highway, Sirobagad","Rishikesh-Kedarnath national highway, Sirobagad",Known within 10 km,Landslide,Downpour,Medium,Unknown,0,,ibnlive.in,GLC,3673.0,NASA COOLR,http://ibnlive.in.com/generalnewsfeed/news/several-roads-blocked-due-to-landslides-in-uttarakhand/742517.html,COOLR administrative division; Uttaranchal normalized to Uttarakhand,OK
3674,2011-06-29,2011-06-29 05:30:00,2011,Uttarakhand,30.067,79.019,Several roads in Uttarakhand,Several roads in Uttarakhand,Known within 5 km,Landslide,Downpour,Large,Unknown,10,,ibnlive.in,GLC,3674.0,NASA COOLR,http://ibnlive.in.com/generalnewsfeed/news/several-roads-blocked-due-to-landslides-in-uttarakhand/742517.html,COOLR administrative division; Uttaranchal normalized to Uttarakhand,OK
3678,2011-06-30,2011-06-30 05:30:00,2011,Uttarakhand,30.15,78.775,"Pauri-Safdarkhal road, blocked at Khundadhar","Pauri-Safdarkhal road, blocked at Khundadhar",Known within 50 km,Landslide,Downpour,Medium,Unknown,0,,ibnlive.in,GLC,3678.0,NASA COOLR,http://ibnlive.in.com/generalnewsfeed/news/yatra-to-kedarnath-gangotri-yamunotri-resumes/745000.html,COOLR administrative division; Uttaranchal normalized to Uttarakhand,OK
3737,2011-07-06,2011-07-06 05:30:00,2011,Uttarakhand,30.321,78.032,"Gangortri-Rishikesh highway, at Narendranagar in Tehri district of Uttarakhand","Gangortri-Rishikesh highway, at Narendranagar in Tehri district of Uttarakhand",Known within 50 km,Landslide,Downpour,Medium,Unknown,0,,ibnlive.in,GLC,3737.0,NASA COOLR,http://ibnlive.in.com/generalnewsfeed/news/gangortririshikesh-highway-closed-due-to-landslide/749417.html,COOLR administrative division; Uttaranchal normalized to Uttarakhand,OK
3746,2011-07-08,2011-07-08 05:30:00,2011,Uttarakhand,30.651,79.519,Lambagad,Lambagad,Known within 10 km,Landslide,Downpour,Medium,Unknown,0,,ibnlive.in,GLC,3746.0,NASA COOLR,http://ibnlive.in.com/generalnewsfeed/news/chardham-yatra-suspended-due-to-rains/752982.html,COOLR administrative division; Uttaranchal normalized to Uttarakhand,OK
3749,2011-07-09,2011-07-09 05:30:00,2011,Uttarakhand,30.741,79.493,Badrinath,Badrinath,Known within 25 km,Landslide,Downpour,Medium,Unknown,0,,ibnlive.in,GLC,3749.0,NASA COOLR,http://ibnlive.in.com/generalnewsfeed/news/chardham-yatra-suspended-due-to-rains/752982.html,COOLR administrative division; Uttaranchal normalized to Uttarakhand,OK
3750,2011-07-09,2011-07-09 05:30:00,2011,Uttarakhand,30.765,78.593,Gangotri,Gangotri,Known within 50 km,Landslide,Downpour,Medium,Unknown,0,,ibnlive.in,GLC,3750.0,NASA COOLR,http://ibnlive.in.com/generalnewsfeed/news/chardham-yatra-suspended-due-to-rains/752982.html,COOLR administrative division; Uttaranchal normalized to Uttarakhand,OK
3751,2011-07-09,2011-07-09 05:30:00,2011,Uttarakhand,30.733,79.069,Kedarnath,Kedarnath,Known within 25 km,Landslide,Downpour,Medium,Unknown,0,,ibnlive.in,GLC,3751.0,NASA COOLR,http://ibnlive.in.com/generalnewsfeed/news/chardham-yatra-suspended-due-to-rains/752982.html,COOLR administrative division; Uttaranchal normalized to Uttarakhand,OK
3752,2011-07-09,2011-07-09 05:30:00,2011,Uttarakhand,31.019,78.413,Yamunotri,Yamunotri,Known within 25 km,Landslide,Downpour,Medium,Unknown,0,,ibnlive.in,GLC,3752.0,NASA COOLR,http://ibnlive.in.com/generalnewsfeed/news/chardham-yatra-suspended-due-to-rains/752982.html,COOLR administrative division; Uttaranchal normalized to Uttarakhand,OK
3757,2011-07-10,2011-07-10 05:30:00,2011,Uttarakhand,30.733,78.44,Nalupani area in Uttarkashi district,Nalupani area in Uttarkashi district,Known within 10 km,Landslide,Downpour,Medium,Unknown,0,,ibnlive.in,GLC,3757.0,NASA COOLR,http://ibnlive.in.com/generalnewsfeed/news/rains-drench-north-india-7-die-in-rainlinked-incidents/753764.html,COOLR administrative division; Uttaranchal normalized to Uttarakhand,OK
3759,2011-07-11,2011-07-11 05:30:00,2011,Uttarakhand,30.506,79.113,Highways leading to Badrinath and Gangotri,Highways leading to Badrinath and Gangotri,Known within 50 km,Landslide,Downpour,Medium,Unknown,0,,ibnlive.in,GLC,3759.0,NASA COOLR,http://ibnlive.in.com/generalnewsfeed/news/rains-lash-ukhand-landslides-block-roads/754140.html,COOLR administrative division; Uttaranchal normalized to Uttarakhand,OK
3819,2011-07-21,2011-07-21 05:30:00,2011,Uttarakhand,30.404,79.332,"Chamoli , Uttarakhand","Chamoli , Uttarakhand",Known within 25 km,Landslide,Rain,Medium,Unknown,1,,ibnlive.in,GLC,3819.0,NASA COOLR,http://ibnlive.in.com/generalnewsfeed/news/two-killed-as-heavy-rains-lash-uttarakhand/759890.html,COOLR administrative division; Uttaranchal normalized to Uttarakhand,OK
3820,2011-07-21,2011-07-21 05:30:00,2011,Uttarakhand,30.167,78.112,"Garhwal, Uttarakhand","Garhwal, Uttarakhand",Known within 25 km,Landslide,Rain,Medium,Unknown,1,,ibnlive.in,GLC,3820.0,NASA COOLR,http://ibnlive.in.com/generalnewsfeed/news/two-killed-as-heavy-rains-lash-uttarakhand/759890.html,COOLR administrative division; Uttaranchal normalized to Uttarakhand,OK
3821,2011-07-21,2011-07-21 05:30:00,2011,Uttarakhand,29.733,79.637,"Kumaon, Uttarakhand","Kumaon, Uttarakhand",Known within 25 km,Landslide,Rain,Medium,Unknown,1,,ibnlive.in,GLC,3821.0,NASA COOLR,http://ibnlive.in.com/generalnewsfeed/news/two-killed-as-heavy-rains-lash-uttarakhand/759890.html,COOLR administrative division; Uttaranchal normalized to Uttarakhand,OK
3859,2011-07-29,2011-07-29 05:30:00,2011,Uttarakhand,30.012,78.197,Kedarnath yatra,Kedarnath yatra,Known within 50 km,Landslide,Downpour,Medium,Unknown,0,,ibnlive.in,GLC,3859.0,NASA COOLR,http://ibnlive.in.com/generalnewsfeed/news/kedarnath-yatra-remains-suspended-for-sixth-consecutive-day/774968.html,COOLR administrative division; Uttaranchal normalized to Uttarakhand,OK
3899,2011-08-08,2011-08-08 05:30:00,2011,Uttarakhand,30.226,78.376,"Chhatanga area; Helkugad; and Netala, all on the Rishikesh-Yamunotri National Highway","Chhatanga area; Helkugad; and Netala, all on the Rishikesh-Yamunotri National Highway",Location not known,Landslide,Downpour,Medium,Unknown,0,,china,GLC,3899.0,NASA COOLR,http://www.china.org.cn/environment/2011-07/22/content_23044018.htm,COOLR administrative division; Uttaranchal normalized to Uttarakhand,OK
3900,2011-08-08,2011-08-08 05:30:00,2011,Uttarakhand,30.652,79.557,"Govindghat, on the Rishikesh-Badrinath highway","Govindghat, on the Rishikesh-Badrinath highway",Known within 5 km,Landslide,Downpour,Medium,Unknown,0,,china,GLC,3900.0,NASA COOLR,http://www.china.org.cn/environment/2011-07/22/content_23044018.htm,COOLR administrative division; Uttaranchal normalized to Uttarakhand,OK
3905,2011-08-10,2011-08-10 05:30:00,2011,Uttarakhand,30.283,78.304,Chardham yatra,Chardham yatra,Known within 50 km,Landslide,Rain,Medium,Unknown,0,,hindustantimes,GLC,3905.0,NASA COOLR,http://www.hindustantimes.com/Rains-continue-to-suspend-Chardham-yatra/Article1-731900.aspx,COOLR administrative division; Uttaranchal normalized to Uttarakhand,OK
3913,2011-08-12,2011-08-12 05:30:00,2011,Uttarakhand,29.912,78.172,"The Chardham yatra, shrines of Badrinath, Kedarnath, Gangotri, and Yamunotri","The Chardham yatra, shrines of Badrinath, Kedarnath, Gangotri, and Yamunotri",Known within 25 km,Landslide,Rain,Medium,Unknown,0,,ibnlive.in,GLC,3913.0,NASA COOLR,http://ibnlive.in.com/generalnewsfeed/news/landslides-suspend-chardham-yatra/786379.html,COOLR administrative division; Uttaranchal normalized to Uttarakhand,OK
3914,2011-08-12,2011-08-12 05:30:00,2011,Uttarakhand,28.867,79.568,Uttarakhand and the Uttar Pradesh,Uttarakhand and the Uttar Pradesh,Location not known,Landslide,Rain,Large,Unknown,11,,greaterkashmir,GLC,3914.0,NASA COOLR,http://www.greaterkashmir.com/news/2011/Aug/13/monsoon-remains-active-in-northern-india-claims-11-lives-45.asp,COOLR administrative division; Uttaranchal normalized to Uttarakhand,OK
4090,2011-12-10,2011-12-10 05:30:00,2011,Uttarakhand,29.913,79.353,Uttarakhand ,Uttarakhand ,Known within 10 km,Landslide,Downpour,Medium,Unknown,0,,newstrackindia,GLC,4090.0,NASA COOLR,http://www.newstrackindia.com/newsdetails/254556,COOLR administrative division; Uttaranchal normalized to Uttarakhand,OK
4240,2012-03-04,2012-03-04 13:30:00,2012,Uttarakhand,29.58,80.212,"Pithoragarh district, Uttarakhand","Pithoragarh district, Uttarakhand",Known within 10 km,Landslide,Unknown,Medium,Unknown,2,,ibnlive.in,GLC,4240.0,NASA COOLR,http://ibnlive.in.com/generalnewsfeed/news/two-buried-one-injured-in-landslide/971189.html,COOLR administrative division; Uttaranchal normalized to Uttarakhand,OK
4445,2012-07-05,2012-07-05 05:30:00,2012,Uttarakhand,30.128,78.322,"Badrinath Rd,  Rishikesh, Uttarakhand","Badrinath Rd,  Rishikesh, Uttarakhand",Known within 1 km,Landslide,Downpour,Large,Unknown,1,,dailypioneer,GLC,4445.0,NASA COOLR,http://www.dailypioneer.com/nation/78471-cloudburst-landslide-in-u-khand-claim-one.html,COOLR administrative division; Uttaranchal normalized to Uttarakhand,OK
6310,2012-08-06,2012-08-06 05:00:00,2012,Uttarakhand,30.488,78.037,Kempty falls,Kempty falls,Known within 1 km,Rock fall,Unknown,Medium,Above river,0,0.0,Hindustan Times,GLC,6310.0,NASA COOLR,http://www.hindustantimes.com/india-news/dehradun/mussoorie-landslide-hit-kempty-falls-cries-for-restoration/article1-1265964.aspx,COOLR administrative division; Uttaranchal normalized to Uttarakhand,OK
4472,2012-08-14,2012-08-14 05:30:00,2012,Uttarakhand,30.736,78.44,"Uttarkashi, Uttarakhand,","Uttarkashi, Uttarakhand,",Known within 10 km,Landslide,Downpour,Medium,Unknown,,,ibnlive.in,GLC,4472.0,NASA COOLR,http://ibnlive.in.com/generalnewsfeed/news/five-bro-personnel-injured-in-landslides/1043221.html,COOLR administrative division; Uttaranchal normalized to Uttarakhand,OK
4481,2012-08-17,2012-08-17 05:30:00,2012,Uttarakhand,30.659,79.561,"Chamoli, Uttarakhand","Chamoli, Uttarakhand",Known within 5 km,Landslide,Downpour,Medium,Unknown,4,,ndtv,GLC,4481.0,NASA COOLR,http://www.ndtv.com/article/india/four-die-in-landslides-in-uttarakhand-gangotri-rishikesh-highway-blocked-256310,COOLR administrative division; Uttaranchal normalized to Uttarakhand,OK
4487,2012-08-17,2012-08-17 05:30:00,2012,Uttarakhand,30.618,78.323,"Gangotri-Rishikesh hwy, Uttarakhand (mid-point of road -exact location unknown)","Gangotri-Rishikesh hwy, Uttarakhand (mid-point of road -exact location unknown)",Known within 25 km,Landslide,Downpour,Medium,Unknown,,,ndtv,GLC,4487.0,NASA COOLR,http://www.ndtv.com/article/india/four-die-in-landslides-in-uttarakhand-gangotri-rishikesh-highway-blocked-256310,COOLR administrative division; Uttaranchal normalized to Uttarakhand,OK
4551,2012-09-14,2012-09-14 05:30:00,2012,Uttarakhand,29.841,79.776,"Bageshwar, Uttarakhand","Bageshwar, Uttarakhand",Known within 5 km,Landslide,Downpour,Large,Unknown,9,,india.nydailynews,GLC,4551.0,NASA COOLR,http://india.nydailynews.com/newsarticle/50533f44c110c01e42000000/india-landslides-kill-28,COOLR administrative division; Uttaranchal normalized to Uttarakhand,OK
4550,2012-09-14,2012-09-14 13:30:00,2012,Uttarakhand,30.285,78.983,"Rudraprayag, Uttarakhand","Rudraprayag, Uttarakhand",Known within 5 km,Landslide,Downpour,Very large,Unknown,19,,india.nydailynews,GLC,4550.0,NASA COOLR,http://india.nydailynews.com/newsarticle/50533f44c110c01e42000000/india-landslides-kill-28,COOLR administrative division; Uttaranchal normalized to Uttarakhand,OK
4914,2013-06-13,2013-06-13 03:30:00,2013,Uttarakhand,30.739,78.531,"Rishikesh-Gangotri National Highway Near Mari Sainji Village, Uttarkashi, Uttarakhand","Rishikesh-Gangotri National Highway Near Mari Sainji Village, Uttarkashi, Uttarakhand",Known within 5 km,Landslide,Downpour,Medium,Unknown,0,,m.timesofindia.com,GLC,4914.0,NASA COOLR,http://m.timesofindia.com/india/15000-tourists-struck-for-16-hours-in-Uttarakhand-after-landslides/articleshow/20582096.cms,COOLR administrative division; Uttaranchal normalized to Uttarakhand,OK
4928,2013-06-16,2013-06-16 05:30:00,2013,Uttarakhand,30.462,79.077,"Rudraprayag-Gaurikund Road, Uttarakhand","Rudraprayag-Gaurikund Road, Uttarakhand",Known within 25 km,Landslide,Rain,Medium,Unknown,0,,The Indian EXPRESS,GLC,4928.0,NASA COOLR,http://www.indianexpress.com/news/50-major-landslides-hit-four-road-stretches-in-uttarakhand-govt/1131703/,COOLR administrative division; Uttaranchal normalized to Uttarakhand,OK
4929,2013-06-16,2013-06-16 05:30:00,2013,Uttarakhand,30.495,78.388,"Rishikesh-Joshimath-Mana Road, Uttarakhand","Rishikesh-Joshimath-Mana Road, Uttarakhand",Known within 50 km,Landslide,Rain,Medium,Unknown,0,,The Indian EXPRESS,GLC,4929.0,NASA COOLR,http://www.indianexpress.com/news/50-major-landslides-hit-four-road-stretches-in-uttarakhand-govt/1131703/,COOLR administrative division; Uttaranchal normalized to Uttarakhand,OK
4930,2013-06-16,2013-06-16 05:30:00,2013,Uttarakhand,30.885,78.67,"Dharasu-Gangotri Road, Uttarakhand","Dharasu-Gangotri Road, Uttarakhand",Known within 50 km,Landslide,Rain,Medium,Unknown,0,,The Indian EXPRESS,GLC,4930.0,NASA COOLR,http://www.indianexpress.com/news/50-major-landslides-hit-four-road-stretches-in-uttarakhand-govt/1131703/,COOLR administrative division; Uttaranchal normalized to Uttarakhand,OK
4931,2013-06-16,2013-06-16 05:30:00,2013,Uttarakhand,29.799,80.417,"Pithoragarh-Ghatiabgarh Road, Uttarakhand","Pithoragarh-Ghatiabgarh Road, Uttarakhand",Known within 50 km,Landslide,Rain,Medium,Unknown,0,,The Indian EXPRESS,GLC,4931.0,NASA COOLR,http://www.indianexpress.com/news/50-major-landslides-hit-four-road-stretches-in-uttarakhand-govt/1131703/,COOLR administrative division; Uttaranchal normalized to Uttarakhand,OK
4924,2013-06-17,2013-06-17 01:00:00,2013,Uttarakhand,30.735,79.067,"Kedarnath (Hindu Shrine), Near Kedarnath Dome (Mountain), Uttarakhand","Kedarnath (Hindu Shrine), Near Kedarnath Dome (Mountain), Uttarakhand",Known within 1 km,Debris flow,Downpour,Very large,Unknown,"5,000",,blogs.agu.org,GLC,4924.0,NASA COOLR,http://blogs.agu.org/landslideblog/2013/06/21/the-kedarnath-debris-flow-disaster-in-uttarakhand/,COOLR administrative division; Uttaranchal normalized to Uttarakhand,OK
4936,2013-06-17,2013-06-17 05:30:00,2013,Uttarakhand,30.695,79.054,"Rambara District, Uttarakhand","Rambara District, Uttarakhand",Known within 1 km,Landslide,Downpour,Large,Unknown,13,,ibnlive.in.com,GLC,4936.0,NASA COOLR,http://ibnlive.in.com/news/uttarakhand-floods-landslides-leave-40-dead-over-60000-stranded/399619-3.html,COOLR administrative division; Uttaranchal normalized to Uttarakhand,OK
4940,2013-06-17,2013-06-17 05:30:00,2013,Uttarakhand,30.307,78.017,"Dehradun, Uttarakhand","Dehradun, Uttarakhand",Known within 25 km,Landslide,Rain,Medium,Unknown,3,,ibnlive.in.com,GLC,4940.0,NASA COOLR,http://ibnlive.in.com/news/uttarakhand-floods-landslides-leave-40-dead-over-60000-stranded/399619-3.html,COOLR administrative division; Uttaranchal normalized to Uttarakhand,OK
4943,2013-06-17,2013-06-17 05:30:00,2013,Uttarakhand,29.599,79.659,"Almora, Uttarakhand","Almora, Uttarakhand",Known within 5 km,Landslide,Downpour,Medium,Unknown,4,,ibnlive.in.com,GLC,4943.0,NASA COOLR,http://ibnlive.in.com/news/uttarakhand-floods-landslides-leave-40-dead-over-60000-stranded/399619-3.html,COOLR administrative division; Uttaranchal normalized to Uttarakhand,OK
4949,2013-06-18,2013-06-18 20:30:00,2013,Uttarakhand,30.38,78.502,Road Near Tipri To Kedarnath,Road Near Tipri To Kedarnath,Known within 5 km,Landslide,Rain,Medium,Unknown,0,,ibnlive.in.com,GLC,4949.0,NASA COOLR,http://ibnlive.in.com/videos/400037/ground-report-massive-landslides-in-tipri-block-roads.html,COOLR administrative division; Uttaranchal normalized to Uttarakhand,OK
4966,2013-06-19,2013-06-19 05:30:00,2013,Uttarakhand,29.594,79.681,"Almora, Uttarakhand","Almora, Uttarakhand",Known within 5 km,Landslide,Rain,Medium,Unknown,0,,ibnlive.in.com,GLC,4966.0,NASA COOLR,http://ibnlive.in.com/news/almora-roads-cave-in-get-washed-away-after-fresh-landslide/400275-3-243.html,COOLR administrative division; Uttaranchal normalized to Uttarakhand,OK
4978,2013-06-24,2013-06-24 05:30:00,2013,Uttarakhand,30.454,78.391,"Rishikesh-Uttarkashi Route, Uttarakhand","Rishikesh-Uttarkashi Route, Uttarakhand",Known within 50 km,Debris flow,Downpour,Medium,Unknown,0,,www.indiablooms.com,GLC,4978.0,NASA COOLR,http://www.indiablooms.com/NewsDetailsPage/2013/newsDetails240613d.php,COOLR administrative division; Uttaranchal normalized to Uttarakhand,OK
4974,2013-06-24,2013-06-24 20:30:00,2013,Uttarakhand,30.409,79.058,"Between Rudaprayag And Guptkashi, Uttarakhand (2 Landslides)","Between Rudaprayag And Guptkashi, Uttarakhand (2 Landslides)",Known within 25 km,Landslide,Rain,Medium,Unknown,0,,www.hindustantimes.com,GLC,4974.0,NASA COOLR,http://www.hindustantimes.com/India-news/Uttarakhand/Uttarakhand-Two-landslides-slow-down-ground-operations/Article1-1081377.aspx,COOLR administrative division; Uttaranchal normalized to Uttarakhand,OK
4975,2013-06-25,2013-06-25 03:30:00,2013,Uttarakhand,30.252,78.923,"Sirobhgarh Bend, Srinagar-Rudraprayag Highway, Uttarakhand, Northern India","Sirobhgarh Bend, Srinagar-Rudraprayag Highway, Uttarakhand, Northern India",Known within 10 km,Landslide,Downpour,Medium,Unknown,0,,www.business-standard.com,GLC,4975.0,NASA COOLR,http://www.business-standard.com/article/specials/fresh-landslide-plays-spoil-sport-to-rescue-operations-113062500319_1.html,COOLR administrative division; Uttaranchal normalized to Uttarakhand,OK
5022,2013-07-04,2013-07-04 05:30:00,2013,Uttarakhand,29.58,80.221,"Pithoragarh Tehsil, Uttarakhand","Pithoragarh Tehsil, Uttarakhand",Known within 25 km,Landslide,Downpour,Medium,Unknown,,,articles.timesofindia.indiatimes.com,GLC,5022.0,NASA COOLR,http://articles.timesofindia.indiatimes.com/2013-07-08/india/40442779_1_food-grains-villages-pithoragarh-district-headquarters,COOLR administrative division; Uttaranchal normalized to Uttarakhand,OK
5023,2013-07-04,2013-07-04 05:30:00,2013,Uttarakhand,30.071,80.239,"Munsari Tehsil, Uttarakhand","Munsari Tehsil, Uttarakhand",Location not known,Landslide,Continuous rain,Medium,Unknown,,,articles.timesofindia.indiatimes.com,GLC,5023.0,NASA COOLR,http://articles.timesofindia.indiatimes.com/2013-07-08/india/40442779_1_food-grains-villages-pithoragarh-district-headquarters,COOLR administrative division; Uttaranchal normalized to Uttarakhand,OK
5024,2013-07-04,2013-07-04 05:30:00,2013,Uttarakhand,30.172,80.858,"Gunji, Uttarakhand","Gunji, Uttarakhand",Known within 50 km,Landslide,Continuous rain,Medium,Unknown,,,articles.timesofindia.indiatimes.com,GLC,5024.0,NASA COOLR,http://articles.timesofindia.indiatimes.com/2013-07-08/india/40442779_1_food-grains-villages-pithoragarh-district-headquarters,COOLR administrative division; Uttaranchal normalized to Uttarakhand,OK
5068,2013-07-10,2013-07-10 10:00:00,2013,Uttarakhand,30.363,79.214,"Bhikona Village, Pokhri Block, Chamoli Village, Uttarakhand","Bhikona Village, Pokhri Block, Chamoli Village, Uttarakhand",Known within 5 km,Landslide,Rain,Medium,Unknown,7,,articles.timesofindia.indiatimes.com,GLC,5068.0,NASA COOLR,http://articles.timesofindia.indiatimes.com/2013-07-11/india/40513904_1_kedarnath-gaurikund-vijay-bahuguna,COOLR administrative division; Uttaranchal normalized to Uttarakhand,OK
5086,2013-07-12,2013-07-12 05:30:00,2013,Uttarakhand,29.38,79.463,"Nainital District, Uttarakhand","Nainital District, Uttarakhand",Known within 5 km,Landslide,Rain,Medium,Unknown,6,,www.newsworms.com,GLC,5086.0,NASA COOLR,http://www.newsworms.com/news_detail.php?ncatId=40&pcatid=36&news_id=7286,COOLR administrative division; Uttaranchal normalized to Uttarakhand,OK
5088,2013-07-12,2013-07-12 05:30:00,2013,Uttarakhand,29.38,79.463,"Lohardobha Billage, Dhari, Nainital","Lohardobha Billage, Dhari, Nainital",Known within 5 km,Mudslide,Downpour,Medium,Unknown,6,,www.newsworms.com,GLC,5088.0,NASA COOLR,http://www.newsworms.com/news_detail.php?ncatId=40&pcatid=36&news_id=7286,COOLR administrative division; Uttaranchal normalized to Uttarakhand,OK
5129,2013-07-18,2013-07-18 05:30:00,2013,Uttarakhand,30.404,79.331,"Chamoli District, Uttarakhand","Chamoli District, Uttarakhand",Known within 1 km,Landslide,Downpour,Medium,Unknown,0,,post.jagran.com,GLC,5129.0,NASA COOLR,http://post.jagran.com/fresh-landslides-hit-1374126579,COOLR administrative division; Uttaranchal normalized to Uttarakhand,OK
5130,2013-07-18,2013-07-18 05:30:00,2013,Uttarakhand,30.731,78.435,"Netali Maneri Marg, Uttarkashi District, Uttarakhand","Netali Maneri Marg, Uttarkashi District, Uttarakhand",Known within 5 km,Debris flow,Downpour,Small,Unknown,0,,post.jagran.com,GLC,5130.0,NASA COOLR,http://post.jagran.com/fresh-landslides-hit-1374126579,COOLR administrative division; Uttaranchal normalized to Uttarakhand,OK
5139,2013-07-19,2013-07-19 05:30:00,2013,Uttarakhand,30.072,80.237,"Munsyari Area, Pithoragarh, Uttarakhand","Munsyari Area, Pithoragarh, Uttarakhand",Known within 5 km,Landslide,Downpour,Medium,Unknown,0,,www.thehindu.com,GLC,5139.0,NASA COOLR,http://www.thehindu.com/news/national/other-states/heavy-rainfall-causes-landslides-in-kumaon/article4931537.ece,COOLR administrative division; Uttaranchal normalized to Uttarakhand,OK
5176,2013-07-23,2013-07-23 05:30:00,2013,Uttarakhand,30.194,79.194,"Deval, Chamoli District, Uttarakhand","Deval, Chamoli District, Uttarakhand",Known within 1 km,Landslide,Downpour,Medium,Unknown,0,,www.dnaindia.com,GLC,5176.0,NASA COOLR,http://www.dnaindia.com/india/1864669/report-fresh-incidents-of-landslides-as-heavy-rains-lash-uttarakhand,COOLR administrative division; Uttaranchal normalized to Uttarakhand,OK
5177,2013-07-23,2013-07-23 05:30:00,2013,Uttarakhand,30.29,79.151,"Gauchar, Chamoli District, Uttarakhand","Gauchar, Chamoli District, Uttarakhand",Known within 5 km,Landslide,Downpour,Medium,Unknown,0,,www.dnaindia.com,GLC,5177.0,NASA COOLR,http://www.dnaindia.com/india/1864669/report-fresh-incidents-of-landslides-as-heavy-rains-lash-uttarakhand,COOLR administrative division; Uttaranchal normalized to Uttarakhand,OK
5178,2013-07-24,2013-07-24 05:30:00,2013,Uttarakhand,30.461,79.477,"Chamoli, Uttarakhand","Chamoli, Uttarakhand",Location not known,Landslide,Continuous rain,Medium,Unknown,2,,www.livemint.com,GLC,5178.0,NASA COOLR,http://www.livemint.com/Politics/BoCQF6gfN3g4k7x0giBp4N/Fresh-incidents-of-cloud-burst-as-heavy-rains-lash-Uttarakah.html,COOLR administrative division; Uttaranchal normalized to Uttarakhand,OK
5179,2013-07-24,2013-07-24 05:30:00,2013,Uttarakhand,30.262,79.219,"Karnaprayag, Uttarakhand","Karnaprayag, Uttarakhand",Known within 5 km,Landslide,Downpour,Medium,Unknown,0,,www.livemint.com,GLC,5179.0,NASA COOLR,http://www.livemint.com/Politics/BoCQF6gfN3g4k7x0giBp4N/Fresh-incidents-of-cloud-burst-as-heavy-rains-lash-Uttarakah.html,COOLR administrative division; Uttaranchal normalized to Uttarakhand,OK
5181,2013-07-24,2013-07-24 05:30:00,2013,Uttarakhand,30.273,79.233,"Rishikesh-Badrinath Highway, Uttarakhand","Rishikesh-Badrinath Highway, Uttarakhand",Location not known,Landslide,Downpour,Medium,Unknown,,,www.thehindubusinessline.com,GLC,5181.0,NASA COOLR,http://www.thehindubusinessline.com/news/rains-trigger-cloudburst-landslides-in-uttarakhand/article4948408.ece,COOLR administrative division; Uttaranchal normalized to Uttarakhand,OK
5182,2013-07-24,2013-07-24 05:30:00,2013,Uttarakhand,30.301,79.363,"Thirpak, Uttarakhand","Thirpak, Uttarakhand",Known within 5 km,Landslide,Downpour,Medium,Unknown,0,,www.thehindubusinessline.com,GLC,5182.0,NASA COOLR,http://www.thehindubusinessline.com/news/rains-trigger-cloudburst-landslides-in-uttarakhand/article4948408.ece,COOLR administrative division; Uttaranchal normalized to Uttarakhand,OK
5183,2013-07-24,2013-07-24 05:30:00,2013,Uttarakhand,30.306,79.329,"Tefana, Uttarakhand","Tefana, Uttarakhand",Known within 1 km,Landslide,Downpour,Medium,Unknown,0,,www.thehindubusinessline.com,GLC,5183.0,NASA COOLR,http://www.thehindubusinessline.com/news/rains-trigger-cloudburst-landslides-in-uttarakhand/article4948408.ece,COOLR administrative division; Uttaranchal normalized to Uttarakhand,OK
5184,2013-07-24,2013-07-24 05:30:00,2013,Uttarakhand,30.906,78.091,"Sunali, Uttarakhand","Sunali, Uttarakhand",Known within 1 km,Landslide,Downpour,Medium,Unknown,0,,www.thehindubusinessline.com,GLC,5184.0,NASA COOLR,http://www.thehindubusinessline.com/news/rains-trigger-cloudburst-landslides-in-uttarakhand/article4948408.ece,COOLR administrative division; Uttaranchal normalized to Uttarakhand,OK
5195,2013-07-25,2013-07-25 05:30:00,2013,Uttarakhand,30.404,79.328,"Alaknanda Valley Of Chamoli District, Uttarakhand","Alaknanda Valley Of Chamoli District, Uttarakhand",Location not known,Landslide,Continuous rain,Medium,Unknown,,,www.newindianexpress.com,GLC,5195.0,NASA COOLR,http://www.newindianexpress.com/nation/Fresh-landslides-in-Uttarakhand-as-bad-weather-persists/2013/07/25/article1701733.ece,COOLR administrative division; Uttaranchal normalized to Uttarakhand,OK
5196,2013-07-25,2013-07-25 05:30:00,2013,Uttarakhand,30.893,78.48,"Uttarkashi, Uttarakhand","Uttarkashi, Uttarakhand",Location not known,Landslide,Continuous rain,Medium,Unknown,,,www.newindianexpress.com,GLC,5196.0,NASA COOLR,http://www.newindianexpress.com/nation/Fresh-landslides-in-Uttarakhand-as-bad-weather-persists/2013/07/25/article1701733.ece,COOLR administrative division; Uttaranchal normalized to Uttarakhand,OK
5197,2013-07-25,2013-07-25 05:30:00,2013,Uttarakhand,30.82,78.619,"Ganga Vihar Colony In Bhatwadi Area, Uttarkashi, Uttarakhand","Ganga Vihar Colony In Bhatwadi Area, Uttarkashi, Uttarakhand",Known within 5 km,Landslide,Continuous rain,Medium,Unknown,,,www.newindianexpress.com,GLC,5197.0,NASA COOLR,http://www.newindianexpress.com/nation/Fresh-landslides-in-Uttarakhand-as-bad-weather-persists/2013/07/25/article1701733.ece,COOLR administrative division; Uttaranchal normalized to Uttarakhand,OK
5198,2013-07-25,2013-07-25 05:30:00,2013,Uttarakhand,30.893,78.48,"Quaritok, Uttarkashi, Uttarakhand","Quaritok, Uttarkashi, Uttarakhand",Location not known,Landslide,Continuous rain,Medium,Unknown,0,,www.newindianexpress.com,GLC,5198.0,NASA COOLR,http://www.newindianexpress.com/nation/Fresh-landslides-in-Uttarakhand-as-bad-weather-persists/2013/07/25/article1701733.ece,COOLR administrative division; Uttaranchal normalized to Uttarakhand,OK
5199,2013-07-25,2013-07-25 05:30:00,2013,Uttarakhand,30.787,78.617,"Malla, Uttarkashi, Uttarakhand","Malla, Uttarkashi, Uttarakhand",Known within 1 km,Landslide,Continuous rain,Medium,Unknown,0,,www.newindianexpress.com,GLC,5199.0,NASA COOLR,http://www.newindianexpress.com/nation/Fresh-landslides-in-Uttarakhand-as-bad-weather-persists/2013/07/25/article1701733.ece,COOLR administrative division; Uttaranchal normalized to Uttarakhand,OK
5208,2013-07-26,2013-07-26 05:30:00,2013,Uttarakhand,30.284,79.25,Rishikesh-Badrinath Highway Near Kaleshwar,Rishikesh-Badrinath Highway Near Kaleshwar,Known within 5 km,Landslide,Rain,Medium,Unknown,,,www.business-standard.com,GLC,5208.0,NASA COOLR,http://www.business-standard.com/article/current-affairs/clear-weather-in-most-parts-of-uttarakhand-113072600531_1.html,COOLR administrative division; Uttaranchal normalized to Uttarakhand,OK
5209,2013-07-26,2013-07-26 05:30:00,2013,Uttarakhand,30.654,78.337,Rishikesh-Gangotri Highway Near Dharasu-Nalupani,Rishikesh-Gangotri Highway Near Dharasu-Nalupani,Known within 25 km,Landslide,Rain,Medium,Unknown,,,www.business-standard.com,GLC,5209.0,NASA COOLR,http://www.business-standard.com/article/current-affairs/clear-weather-in-most-parts-of-uttarakhand-113072600531_1.html,COOLR administrative division; Uttaranchal normalized to Uttarakhand,OK
5215,2013-07-27,2013-07-27 05:30:00,2013,Uttarakhand,30.452,78.754,Balsori Villages In The Akhrori Area,Balsori Villages In The Akhrori Area,Known within 5 km,Landslide,Rain,Medium,Unknown,,,www.indiatvnews.com,GLC,5215.0,NASA COOLR,http://www.indiatvnews.com/news/india/uttarakhand-many-families-shifted-from-ukhimath-fearing-landslide-25652.html,COOLR administrative division; Uttaranchal normalized to Uttarakhand,OK
5224,2013-07-28,2013-07-28 05:30:00,2013,Uttarakhand,29.996,80.201,"Samkot Village Of Pithoragarhi, Uttarakhand","Samkot Village Of Pithoragarhi, Uttarakhand",Known within 10 km,Mudslide,Downpour,Small,Unknown,1,,ibnlive.in.com,GLC,5224.0,NASA COOLR,http://ibnlive.in.com/news/bad-weather-continues-in-uttarakhand-three-people-die-in-landslides-wall-collapse/410397-3-243.html,COOLR administrative division; Uttaranchal normalized to Uttarakhand,OK
5225,2013-07-28,2013-07-28 05:30:00,2013,Uttarakhand,30.819,78.615,"Bhatwari Area Of Uttarkashi Districti, Uttarakhand","Bhatwari Area Of Uttarkashi Districti, Uttarakhand",Known within 5 km,Mudslide,Downpour,Small,Unknown,1,,ibnlive.in.com,GLC,5225.0,NASA COOLR,http://ibnlive.in.com/news/bad-weather-continues-in-uttarakhand-three-people-die-in-landslides-wall-collapse/410397-3-243.html,COOLR administrative division; Uttaranchal normalized to Uttarakhand,OK
5240,2013-07-31,2013-07-31 13:30:00,2013,Uttarakhand,30.382,78.095,"Dehradun, Uttarakhand","Dehradun, Uttarakhand",Known within 10 km,Landslide,Downpour,Medium,Unknown,4,,news.oneindia.in,GLC,5240.0,NASA COOLR,http://news.oneindia.in/2013/08/03/almora-sdm-drowned-mandakini-river-in-kedarnath-1275017.html,COOLR administrative division; Uttaranchal normalized to Uttarakhand,OK
5241,2013-07-31,2013-07-31 13:30:00,2013,Uttarakhand,29.595,79.663,"Salut, Almora, Uttarakhand","Salut, Almora, Uttarakhand",Location not known,Landslide,Downpour,Medium,Unknown,,,www.hindustantimes.com,GLC,5241.0,NASA COOLR,http://www.hindustantimes.com/India-news/NorthIndiaRainFury2013/SDM-8-others-killed-as-heavy-rains-lash-Uttarakhand/Article1-1101502.aspx,COOLR administrative division; Uttaranchal normalized to Uttarakhand,OK
5285,2013-08-05,2013-08-05 05:30:00,2013,Uttarakhand,29.566,80.366,"Jhulaghat Area Of Pithoragarh District, Uttarakhand","Jhulaghat Area Of Pithoragarh District, Uttarakhand",Known within 10 km,Landslide,Monsoon,Medium,Unknown,1,1.0,www.moneycontrol.com,GLC,5285.0,NASA COOLR,http://www.moneycontrol.com/news/wire-news/one-killed-another-injuredlandslideuttarakhand_930257.html,COOLR administrative division; Uttaranchal normalized to Uttarakhand,OK
5320,2013-08-13,2013-08-13 13:30:00,2013,Uttarakhand,30.601,78.345,"Kot Village Of Tehri District, Uttarakhand","Kot Village Of Tehri District, Uttarakhand",Known within 5 km,Landslide,Downpour,Medium,Unknown,2,,post.jagran.com,GLC,5320.0,NASA COOLR,http://post.jagran.com/2-killed-in-landslide-as-heavy-rains-lash-uttarakhand-1376460094,COOLR administrative division; Uttaranchal normalized to Uttarakhand,OK
5346,2013-08-17,2013-08-17 05:30:00,2013,Uttarakhand,31.034,78.725,"Harsil, Uttarakhand","Harsil, Uttarakhand",Known within 5 km,Landslide,Rain,Medium,Unknown,,,www.ndtv.com,GLC,5346.0,NASA COOLR,http://www.ndtv.com/article/india/uttarakhand-devastation-two-months-on-where-s-the-road-to-recovery-407126,COOLR administrative division; Uttaranchal normalized to Uttarakhand,OK
5347,2013-08-17,2013-08-17 05:30:00,2013,Uttarakhand,30.729,78.44,"Uttarkashi, Uttarakhand","Uttarkashi, Uttarakhand",Known within 5 km,Landslide,Rain,Medium,Unknown,,,www.saharasamay.com,GLC,5347.0,NASA COOLR,http://www.saharasamay.com/regional-news/uttarakhand-news/676535126/flood-in-uttarakhand-landslide-in-uttarakhand-rains-in-uttarakha.html,COOLR administrative division; Uttaranchal normalized to Uttarakhand,OK
5358,2013-08-18,2013-08-18 05:30:00,2013,Uttarakhand,30.664,78.057,Rishkesh-Yamunotri Highway,Rishkesh-Yamunotri Highway,Location not known,Landslide,Rain,Medium,Unknown,,,zeenews.india.com,GLC,5358.0,NASA COOLR,http://zeenews.india.com/news/uttarakhand/rains-continue-to-lash-u-khand-8-houses-damaged-i_869923.html,COOLR administrative division; Uttaranchal normalized to Uttarakhand,OK
5359,2013-08-18,2013-08-18 05:30:00,2013,Uttarakhand,30.742,78.454,Rishikesh-Gangotri Highway,Rishikesh-Gangotri Highway,Location not known,Landslide,Rain,Medium,Unknown,,,zeenews.india.com,GLC,5359.0,NASA COOLR,http://zeenews.india.com/news/uttarakhand/rains-continue-to-lash-u-khand-8-houses-damaged-i_869923.html,COOLR administrative division; Uttaranchal normalized to Uttarakhand,OK
5360,2013-08-18,2013-08-18 05:30:00,2013,Uttarakhand,30.364,79.316,"Chamoli District, Uttarakhand","Chamoli District, Uttarakhand",Known within 5 km,Landslide,Rain,Medium,Unknown,,,zeenews.india.com,GLC,5360.0,NASA COOLR,http://zeenews.india.com/news/uttarakhand/rains-continue-to-lash-u-khand-8-houses-damaged-i_869923.html,COOLR administrative division; Uttaranchal normalized to Uttarakhand,OK
5361,2013-08-18,2013-08-18 05:30:00,2013,Uttarakhand,31.083,78.066,"Nuranoo, Uttarkashi, Uttarakhand","Nuranoo, Uttarkashi, Uttarakhand",Known within 25 km,Landslide,Unknown,Medium,Unknown,,,zeenews.india.com,GLC,5361.0,NASA COOLR,http://zeenews.india.com/news/uttarakhand/rains-continue-to-lash-u-khand-8-houses-damaged-i_869923.html,COOLR administrative division; Uttaranchal normalized to Uttarakhand,OK
5365,2013-08-20,2013-08-20 04:30:00,2013,Uttarakhand,30.629,78.33,"Nalupani Area Of Uttarkashi District, Uttarakhand","Nalupani Area Of Uttarkashi District, Uttarakhand",Location not known,Debris flow,Downpour,Medium,Unknown,,,zeenews.india.com,GLC,5365.0,NASA COOLR,http://zeenews.india.com/news/nation/heavy-rains-trigger-landslides-sweep-away-road_870382.html,COOLR administrative division; Uttaranchal normalized to Uttarakhand,OK
5410,2013-08-28,2013-08-28 23:30:00,2013,Uttarakhand,29.953,78.151,Haridwar In Uttarakhand Province,Haridwar In Uttarakhand Province,Known within 25 km,Landslide,Downpour,Medium,Unknown,0,5.0,sciencythoughts.blogspot.com,GLC,5410.0,NASA COOLR,http://sciencythoughts.blogspot.com/2013/08/five-injured-in-uttarakhand-landslide.html,COOLR administrative division; Uttaranchal normalized to Uttarakhand,OK
5567,2013-09-30,2013-09-30 05:30:00,2013,Uttarakhand,30.6,78.315,"Dharasu, Uttarkashi, Uttarakhand","Dharasu, Uttarkashi, Uttarakhand",Known within 25 km,Landslide,Unknown,Medium,Unknown,1,,www.thehindu.com,GLC,5567.0,NASA COOLR,http://www.thehindu.com/news/cities/bangalore/bangalorean-killed-in-uttarkashi-landslide/article5187060.ece,COOLR administrative division; Uttaranchal normalized to Uttarakhand,OK
5608,2013-10-16,2013-10-16 23:30:00,2013,Uttarakhand,30.535,79.085,"National Highway 109, Uttarakhand","National Highway 109, Uttarakhand",Known within 25 km,Landslide,Unknown,Medium,Unknown,0,,www.thehindu.com,GLC,5608.0,NASA COOLR,http://www.thehindu.com/news/national/other-states/landslide-damages-kedarnath-highway-yatra-still-on/article5248031.ece?homepage=true,COOLR administrative division; Uttaranchal normalized to Uttarakhand,OK
5611,2013-10-18,2013-10-18 14:30:00,2013,Uttarakhand,30.535,79.085,"National Highway 109, Uttarakhand","National Highway 109, Uttarakhand",Known within 25 km,Landslide,Rain,Medium,Unknown,0,,www.thehindu.com,GLC,5611.0,NASA COOLR,http://www.thehindu.com/news/national/other-states/landslide-damages-kedarnath-highway-yatra-still-on/article5248031.ece?homepage=true,COOLR administrative division; Uttaranchal normalized to Uttarakhand,OK
6162,2014-07-19,2014-07-19 10:30:00,2014,Uttarakhand,30.431,78.08,"Mussoorie, Uttarakhand","Mussoorie, Uttarakhand",Known within 10 km,Landslide,Rain,Small,Above road,0,0.0,The Times of India,GLC,6162.0,NASA COOLR,http://timesofindia.indiatimes.com/City/Dehradun/Landslide-causes-4-hr-snarl-on-Doon-Mussoorie-road/articleshow/38693367.cms,COOLR administrative division; Uttaranchal normalized to Uttarakhand,OK
6167,2014-07-20,2014-07-20 05:30:00,2014,Uttarakhand,30.633,78.995,"Sonprayag, Uttarakhand","Sonprayag, Uttarakhand",Known within 1 km,Landslide,Continuous rain,Small,Above road,3,0.0,Times of India,GLC,6167.0,NASA COOLR,http://timesofindia.indiatimes.com/city/dehradun/Three-more-killed-in-landslides-toll-now-5/articleshow/38981735.cms,COOLR administrative division; Uttaranchal normalized to Uttarakhand,OK
6177,2014-07-24,2014-07-24 05:00:00,2014,Uttarakhand,29.159,79.146,Boulder hit bus,"Bajpur, Uttarakhand",Known within 25 km,Rock fall,Downpour,Small,Above road,2,0.0,Times of India,GLC,6177.0,NASA COOLR,http://timesofindia.indiatimes.com/city/dehradun/Three-more-killed-in-landslides-toll-now-5/articleshow/38981735.cms,COOLR administrative division; Uttaranchal normalized to Uttarakhand,OK
6184,2014-07-28,2014-07-28 05:30:00,2014,Uttarakhand,29.583,80.218,"Pithauragadh, Uttarakhand","Pithauragadh, Uttarakhand",Known within 1 km,Landslide,Continuous rain,Medium,Unknown,7,12.0,Republica,GLC,6184.0,NASA COOLR,http://www.myrepublica.com/portal/index.php?action=news_details&amp;news_id=79848,COOLR administrative division; Uttaranchal normalized to Uttarakhand,OK
6510,2014-08-15,2014-08-15 05:30:00,2014,Uttarakhand,30.118,78.747,Pauri district of Uttarakhand,Pauri district of Uttarakhand,Location not known,Debris flow,Rain,Medium,Unknown,14,0.0,ABC,GLC,6510.0,NASA COOLR,http://www.abc.net.au/news/2014-08-16/an-floods2c-landslide-leave-17-dead-in-northern-india/5675282,COOLR administrative division; Uttaranchal normalized to Uttarakhand,OK
6525,2014-08-18,2014-08-18 05:30:00,2014,Uttarakhand,30.994,78.459,Yamunotri route,Yamunotri route,Known within 50 km,Landslide,Downpour,Medium,Above road,0,0.0,Business Standard,GLC,6525.0,NASA COOLR,http://www.business-standard.com/article/news-ani/landslide-stalls-planned-pilgrimage-on-yamunotri-route-114081800515_1.html,COOLR administrative division; Uttaranchal normalized to Uttarakhand,OK
6341,2014-09-11,2014-09-11 05:30:00,2014,Uttarakhand,30.688,79.048,Gaurikund-Kedarnath pedestrian trek,Gaurikund-Kedarnath pedestrian trek,Known within 10 km,Landslide,Downpour,Medium,Above road,0,0.0,Times of India,GLC,6341.0,NASA COOLR,http://timesofindia.indiatimes.com/city/dehradun/150-Kedarnath-devotees-stranded-after-rain-triggers-landslide-in-Gaurikund/articleshow/42290299.cms,COOLR administrative division; Uttaranchal normalized to Uttarakhand,OK
6928,2015-03-31,2015-03-31 05:30:00,2015,Uttarakhand,30.615,79.81,Joshimath-Mallari road,Joshimath-Mallari road,Known within 25 km,Landslide,Construction,Medium,Above road,4,0.0,Indian Express,GLC,6928.0,NASA COOLR,http://indianexpress.com/article/india/india-others/4-killed-in-landslide-in-chamoli/,COOLR administrative division; Uttaranchal normalized to Uttarakhand,OK
7111,2015-04-28,2015-04-28 05:30:00,2015,Uttarakhand,30.563,79.577,"Vishnuprayag, Joshimath","Vishnuprayag, Joshimath",Known within 1 km,Landslide,Continuous rain,Small,Above road,0,0.0,The Times of India,GLC,7111.0,NASA COOLR,http://timesofindia.indiatimes.com/city/bhubaneswar/Uttarakhand-landslide-54-pilgrims-to-board-train-back-home-today/articleshow/47118314.cms,COOLR administrative division; Uttaranchal normalized to Uttarakhand,OK
7110,2015-04-30,2015-04-30 05:30:00,2015,Uttarakhand,30.557,79.554,Rishikesh-Badrinath National Highway near Joshimath,Rishikesh-Badrinath National Highway near Joshimath,Known within 5 km,Landslide,Continuous rain,Small,Above road,0,0.0,Niti Central,GLC,7110.0,NASA COOLR,http://www.niticentral.com/2015/04/30/badrinath-route-faces-landslides-500-pilgrims-stranded-311523.html,COOLR administrative division; Uttaranchal normalized to Uttarakhand,OK
6947,2015-06-21,2015-06-21 05:30:00,2015,Uttarakhand,30.026,78.628,Satpuli-Kanskhet Road in Pauri Garhwal district,Satpuli-Kanskhet Road in Pauri Garhwal district,Known within 25 km,Landslide,Rain,Small,Above road,0,0.0,The Tribune India,GLC,6947.0,NASA COOLR,http://www.tribuneindia.com/news/uttarakhand/rain-disrupts-kedarnath-yatra-for-three-hours/96406.html,COOLR administrative division; Uttaranchal normalized to Uttarakhand,OK
7012,2015-06-25,2015-06-25 05:30:00,2015,Uttarakhand,30.684,79.048,5 km from Kedarnath Temple,5 km from Kedarnath Temple,Known within 5 km,Landslide,Downpour,Medium,Above road,0,0.0,The Times of India,GLC,7012.0,NASA COOLR,http://timesofindia.indiatimes.com/city/mysuru/Temple-priest-53-others-rescued-from-Uttarakhand/articleshow/47850848.cms,COOLR administrative division; Uttaranchal normalized to Uttarakhand,OK
7084,2015-07-06,2015-07-06 05:30:00,2015,Uttarakhand,29.393,79.453,"Mall Rd, Nainital","Mall Rd, Nainital",Known within 5 km,Landslide,Downpour,Medium,Above road,0,0.0,The New India Express,GLC,7084.0,NASA COOLR,http://www.newindianexpress.com/nation/Landslide-Blocks-Road-in-Nainital/2015/07/07/article2906046.ece,COOLR administrative division; Uttaranchal normalized to Uttarakhand,OK
7159,2015-07-10,2015-07-10 05:30:00,2015,Uttarakhand,29.391,79.455,"Baliyanala, Nainithal","Baliyanala, Nainithal",Known within 5 km,Landslide,Continuous rain,Medium,Unknown,0,0.0,The Tribune,GLC,7159.0,NASA COOLR,http://www.tribuneindia.com/news/nation/heavy-rain-lashes-north-india-farmers-happy/105318.html,COOLR administrative division; Uttaranchal normalized to Uttarakhand,OK
7160,2015-07-11,2015-07-11 05:30:00,2015,Uttarakhand,30.38,78.486,Badrinath Highway near Mulygoan in Tihri,Badrinath Highway near Mulygoan in Tihri,Known within 5 km,Landslide,Continuous rain,Medium,Above road,0,0.0,The Tribune,GLC,7160.0,NASA COOLR,http://www.tribuneindia.com/news/nation/heavy-rain-lashes-north-india-farmers-happy/105318.html,COOLR administrative division; Uttaranchal normalized to Uttarakhand,OK
7161,2015-07-11,2015-07-11 05:30:00,2015,Uttarakhand,30.241,78.9,Sirobagad area of Rudraprayag,Sirobagad area of Rudraprayag,Known within 5 km,Landslide,Continuous rain,Medium,Unknown,0,0.0,The Times of India,GLC,7161.0,NASA COOLR,http://timesofindia.indiatimes.com/city/dehradun/Heavy-rains-lash-Ukhand-landslides-traffic-disruptions-reported-across-state/articleshow/48035142.cms,COOLR administrative division; Uttaranchal normalized to Uttarakhand,OK
7224,2015-07-19,2015-07-19 05:30:00,2015,Uttarakhand,30.73,78.438,"Varunavat Mountain, Uttarkashi","Varunavat Mountain, Uttarkashi",Known within 5 km,Landslide,Continuous rain,Medium,Above road,0,0.0,The Financial Express,GLC,7224.0,NASA COOLR,http://www.financialexpress.com/article/miscellaneous/varunavat-mountain-crack-causes-landslide-chaar-dham-pilgrims-stranded-at-srinagar/103746/,COOLR administrative division; Uttaranchal normalized to Uttarakhand,OK
7227,2015-07-19,2015-07-19 20:30:00,2015,Uttarakhand,30.071,80.236,Sandrathi village of Munsiyari block of Pithoragarh district,Sandrathi village of Munsiyari block of Pithoragarh district,Known within 1 km,Rock fall,Monsoon,Small,Natural slope,1,0.0,webindia123,GLC,7227.0,NASA COOLR,http://news.webindia123.com/news/Articles/India/20150719/2644934.html,COOLR administrative division; Uttaranchal normalized to Uttarakhand,OK
7270,2015-07-24,2015-07-24 05:30:00,2015,Uttarakhand,29.586,80.219,Pithoragarh,Pithoragarh,Known within 5 km,Landslide,Continuous rain,Small,Unknown,0,0.0,NDTV,GLC,7270.0,NASA COOLR,http://www.ndtv.com/india-news/no-respite-from-rain-in-uttarakhand-landslides-continue-1200268,COOLR administrative division; Uttaranchal normalized to Uttarakhand,OK
7294,2015-07-24,2015-07-24 05:30:00,2015,Uttarakhand,30.453,78.105,Kempty Road near Kempty Falls,Kempty Road near Kempty Falls,Known within 25 km,Landslide,Continuous rain,Small,Above road,0,0.0,The Times of India,GLC,7294.0,NASA COOLR,http://timesofindia.indiatimes.com/city/dehradun/Landslides-narrow-down-road-to-Kempty-Falls/articleshow/48257236.cms,COOLR administrative division; Uttaranchal normalized to Uttarakhand,OK
7295,2015-07-24,2015-07-24 05:30:00,2015,Uttarakhand,30.452,78.144,Kempty Road near Sia village,Kempty Road near Sia village,Known within 25 km,Landslide,Continuous rain,Small,Above road,0,0.0,The Times of India,GLC,7295.0,NASA COOLR,http://timesofindia.indiatimes.com/city/dehradun/Landslides-narrow-down-road-to-Kempty-Falls/articleshow/48257236.cms,COOLR administrative division; Uttaranchal normalized to Uttarakhand,OK
7296,2015-07-24,2015-07-24 05:30:00,2015,Uttarakhand,30.416,78.342,Kempty Road near Kandikhal,Kempty Road near Kandikhal,Known within 25 km,Landslide,Continuous rain,Medium,Above road,0,0.0,The Times of India,GLC,7296.0,NASA COOLR,http://timesofindia.indiatimes.com/city/dehradun/Landslides-narrow-down-road-to-Kempty-Falls/articleshow/48257236.cms,COOLR administrative division; Uttaranchal normalized to Uttarakhand,OK
7273,2015-07-26,2015-07-26 05:30:00,2015,Uttarakhand,30.241,78.901,"Sirobagad, Rishikesh-Badrinath highway","Sirobagad, Rishikesh-Badrinath highway",Known within 5 km,Landslide,Continuous rain,Medium,Above road,0,0.0,Ani News,GLC,7273.0,NASA COOLR,http://www.aninews.in/videogallery2/40588-rishikesh-badrinath-highway-closed-due-to-landslide-in-rudraprayag.html,COOLR administrative division; Uttaranchal normalized to Uttarakhand,OK
7297,2015-07-28,2015-07-28 05:30:00,2015,Uttarakhand,30.72,79.076,Kedarnath Yatra,Kedarnath Yatra,Known within 5 km,Landslide,Continuous rain,Small,Above road,0,0.0,ANI News,GLC,7297.0,NASA COOLR,http://www.aninews.in/videogallery2/40690-landslide-disrupts-039-kedarnath-yatra-039-in-uttarakhand.html,COOLR administrative division; Uttaranchal normalized to Uttarakhand,OK
7391,2015-08-01,2015-08-01 05:30:00,2015,Uttarakhand,31.036,78.858,Gangotri highway,Gangotri highway,Known within 50 km,Rock fall,Continuous rain,Medium,Above road,0,1.0,Z News,GLC,7391.0,NASA COOLR,http://zeenews.india.com/news/uttarakhand/landslide-leaves-500-stranded-in-uttarakhand_1640391.html,COOLR administrative division; Uttaranchal normalized to Uttarakhand,OK
7308,2015-08-15,2015-08-15 05:30:00,2015,Uttarakhand,30.911,78.681,Gagnani,Gagnani,Known within 5 km,Landslide,Continuous rain,Medium,Above road,0,0.0,Times of India,GLC,7308.0,NASA COOLR,http://timesofindia.indiatimes.com/city/dehradun/Rains-trigger-landslides-on-Yamnotri-and-Gangotri-highways-traffic-disrupted/articleshow/48505014.cms,COOLR administrative division; Uttaranchal normalized to Uttarakhand,OK
7309,2015-08-15,2015-08-15 05:30:00,2015,Uttarakhand,30.786,78.616,Malla,Malla,Known within 1 km,Landslide,Continuous rain,Medium,Above road,0,0.0,Times of India,GLC,7309.0,NASA COOLR,http://timesofindia.indiatimes.com/city/dehradun/Rains-trigger-landslides-on-Yamnotri-and-Gangotri-highways-traffic-disrupted/articleshow/48505014.cms,COOLR administrative division; Uttaranchal normalized to Uttarakhand,OK
7310,2015-08-15,2015-08-15 05:30:00,2015,Uttarakhand,30.909,78.33,Yamnotri highway,Yamnotri highway,Known within 25 km,Landslide,Continuous rain,Medium,Above road,0,0.0,Times of India,GLC,7310.0,NASA COOLR,http://timesofindia.indiatimes.com/city/dehradun/Rains-trigger-landslides-on-Yamnotri-and-Gangotri-highways-traffic-disrupted/articleshow/48505014.cms,COOLR administrative division; Uttaranchal normalized to Uttarakhand,OK
7311,2015-08-15,2015-08-15 05:30:00,2015,Uttarakhand,30.649,79.527,Lambagadh,Lambagadh,Known within 5 km,Landslide,Continuous rain,Medium,Above road,0,0.0,Times of India,GLC,7311.0,NASA COOLR,http://timesofindia.indiatimes.com/city/dehradun/Rains-trigger-landslides-on-Yamnotri-and-Gangotri-highways-traffic-disrupted/articleshow/48505014.cms,COOLR administrative division; Uttaranchal normalized to Uttarakhand,OK
9314,2016-05-22,2016-05-22 20:30:00,2016,Uttarakhand,30.306,78.065,"Chetra Village, Dehradun, India","Chetra Village, Dehradun, India",Known within 25 km,Rock fall,Rain,Small,Mine,10,6.0,Kathmandu Post,GLC,9314.0,NASA COOLR,http://kathmandupost.ekantipur.com/news/2016-05-24/10-nepalis-killed-in-dehradun-landslip.html,COOLR administrative division; Uttaranchal normalized to Uttarakhand,OK
9318,2016-05-23,2016-05-23 06:30:00,2016,Uttarakhand,30.701,77.864,"Chakrata, Uttarakhand, India","Chakrata, Uttarakhand, India",Known within 1 km,Rock fall,Rain,Small,Unknown,10,5.0,DNA India,GLC,9318.0,NASA COOLR,http://www.dnaindia.com/india/report-uttarakhand-landslide-kills-ten-injures-five-in-chakrata-2215549,COOLR administrative division; Uttaranchal normalized to Uttarakhand,OK
8032,2016-06-29,2016-06-29 05:30:00,2016,Uttarakhand,30.33,79.321,"Nandprayag, Uttarakhand, India","Nandprayag, Uttarakhand, India",Known within 1 km,Landslide,Downpour,Medium,Above road,0,0.0,First Post,GLC,8032.0,NASA COOLR,http://www.firstpost.com/india/uttarakhand-roads-blocked-after-heavy-rains-landslides-2861878.html?utm_source=FP_CAT_LATEST_NEWS,COOLR administrative division; Uttaranchal normalized to Uttarakhand,OK
8367,2016-07-01,2016-07-01 03:30:00,2016,Uttarakhand,29.8,80.257,"Didihat, Uttarakhand, India","Didihat, Uttarakhand, India",Known within 1 km,Mudslide,Monsoon,Large,Unknown,0,0.0,NDTV (New Delhi Television Limited),GLC,8367.0,NASA COOLR,http://www.ndtv.com/india-news/9-dead-in-cloudburst-in-uttarakhand-many-injured-1426802,COOLR administrative division; Uttaranchal normalized to Uttarakhand,OK
9008,2016-07-16,2016-07-16 05:30:00,2016,Uttarakhand,30.335,78.511,"Mathyali village, Jakhnidhar, Uttarakhand, India","Mathyali village, Jakhnidhar, Uttarakhand, India",Known within 1 km,Rock fall,Rain,Small,Unknown,0,0.0,Tribune India,GLC,9008.0,NASA COOLR,http://www.tribuneindia.com/news/uttarakhand/mussoorie-tehri-road-closed-for-8-hours/266939.html,COOLR administrative division; Uttaranchal normalized to Uttarakhand,OK
9002,2016-07-16,2016-07-16 20:30:00,2016,Uttarakhand,30.455,78.097,"Mussoorie-Tehri bypass, near Landour, Uttarakhand, India","Mussoorie-Tehri bypass, near Landour, Uttarakhand, India",Known within 5 km,Debris flow,Downpour,Medium,Above road,0,0.0,Tribune India,GLC,9002.0,NASA COOLR,http://www.tribuneindia.com/news/uttarakhand/mussoorie-tehri-road-closed-for-8-hours/266939.html,COOLR administrative division; Uttaranchal normalized to Uttarakhand,OK
9017,2016-07-17,2016-07-17 05:30:00,2016,Uttarakhand,30.164,78.294,"Narendranagar bypass on the Rishikesh-Gangotri national highway,Tehri Garhwal district, Uttarakhand, India","Narendranagar bypass on the Rishikesh-Gangotri national highway,Tehri Garhwal district, Uttarakhand, India",Known within 1 km,Landslide,Downpour,Medium,Above road,4,0.0,Tribune India,GLC,9017.0,NASA COOLR,http://www.tribuneindia.com/news/uttarakhand/10-killed-in-rain-related-incidents/267353.html,COOLR administrative division; Uttaranchal normalized to Uttarakhand,OK
9020,2016-07-17,2016-07-17 14:30:00,2016,Uttarakhand,29.955,78.168,"Railway tunnel a few kilometres from the Haridwar railway station, between Haridwar and Dehradun, Uttarakhand, India","Railway tunnel a few kilometres from the Haridwar railway station, between Haridwar and Dehradun, Uttarakhand, India",Known exactly,Mudslide,Downpour,Medium,Above road,0,0.0,Tribune India,GLC,9020.0,NASA COOLR,http://www.tribuneindia.com/news/uttarakhand/mudslide-at-lodhamandi-track-disrupts-train-traffic/267356.html,COOLR administrative division; Uttaranchal normalized to Uttarakhand,OK
9166,2016-07-18,2016-07-18 05:30:00,2016,Uttarakhand,30.731,78.436,"Gangotri Highway near Helgugad, Uttarkashi, Uttarakhand, India","Gangotri Highway near Helgugad, Uttarkashi, Uttarakhand, India",Known within 1 km,Rock fall,Rain,Medium,Above road,,,Frify,GLC,9166.0,NASA COOLR,http://frify.com/video/watch-landslide-at-gangotri-highway-near-helgugad-in-uttarkashi-caught-on-cam,COOLR administrative division; Uttaranchal normalized to Uttarakhand,OK
9258,2016-07-31,2016-07-31 05:30:00,2016,Uttarakhand,30.975,78.438,"Janki Chatti, Uttarakhand, India","Janki Chatti, Uttarakhand, India",Known within 1 km,Landslide,Continuous rain,Medium,Above road,0,5.0,Indian Express,GLC,9258.0,NASA COOLR,http://indianexpress.com/article/india/india-news-india/five-pilgrims-injured-after-landslide-in-uttarakhand-2946279/,COOLR administrative division; Uttaranchal normalized to Uttarakhand,OK
9449,2016-08-04,2016-08-04 05:30:00,2016,Uttarakhand,30.739,79.495,Valley of Flowers near Badrinath,Valley of Flowers near Badrinath,Known within 5 km,Debris flow,Continuous rain,Medium,Above road,0,0.0,Times of India,GLC,9449.0,NASA COOLR,http://timesofindia.indiatimes.com/city/dehradun/Valley-of-Flowers-shut-till-Aug-7-after-landslide-traps-86-trekkers/articleshow/53563403.cms,COOLR administrative division; Uttaranchal normalized to Uttarakhand,OK
9448,2016-08-06,2016-08-06 04:30:00,2016,Uttarakhand,29.587,80.215,Bangapani area of Pithoragarh,Bangapani area of Pithoragarh,Known within 10 km,Rock fall,Downpour,Small,Unknown,1,0.0,Business Standard,GLC,9448.0,NASA COOLR,http://www.business-standard.com/article/pti-stories/one-killed-in-landslide-in-u-khand-116080600419_1.html,COOLR administrative division; Uttaranchal normalized to Uttarakhand,OK
9849,2016-08-11,2016-08-11 01:30:00,2016,Uttarakhand,30.071,80.237,Landslide in Munsyari,"Munsyari, Pithoragarh, Uttarakhand, India",Known within 1 km,Landslide,Continuous rain,Small,Above road,1,0.0,Siasat Daily,GLC,,NASA COOLR,http://www.siasat.com/news/one-killed-landslide-uttarakhand-1000019/,COOLR administrative division; Uttaranchal normalized to Uttarakhand,OK
9864,2016-08-16,2016-08-16 05:30:00,2016,Uttarakhand,29.351,79.451,Landslide on Highway 87,"Highway 87, near Doa Goan, Uttarakhand",Known within 5 km,Landslide,Rain,Medium,Above road,0,0.0,NDTV,GLC,,NASA COOLR,http://www.ndtv.com/india-news/nainital-highway-closed-due-to-heavy-landslide-1445313,COOLR administrative division; Uttaranchal normalized to Uttarakhand,OK
9915,2016-08-28,2016-08-28 05:30:00,2016,Uttarakhand,30.922,78.681,Landslide at Gangnani,"Gangnani, Uttarakhand, India",Known within 1 km,Landslide,Rain,Small,Above road,1,0.0,Tribune India,GLC,,NASA COOLR,http://www.tribuneindia.com/news/uttarakhand/no-clue-of-gangnani-man-buried-under-landslide/287797.html,COOLR administrative division; Uttaranchal normalized to Uttarakhand,OK
9912,2016-08-29,2016-08-29 13:30:00,2016,Uttarakhand,30.996,78.936,Landslide on Gangotri Highway,"Gangotri Highway, Uttarakhand, India",Known exactly,Landslide,Rain,Medium,Above road,0,1.0,The Hindu,GLC,,NASA COOLR,http://www.thehindu.com/news/national/other-states/Rains-trigger-landslide-on-Gangotri-highway-in-Uttarakhand/article15617212.ece,COOLR administrative division; Uttaranchal normalized to Uttarakhand,OK
10066,2016-09-11,2016-09-11 05:30:00,2016,Uttarakhand,30.597,79.57,"Landslide kills Army colonel, wife on Badrinath highway","Badrinath Highway, between Pandukeshwar and Joshimath, Uttarakhand",Known within 5 km,Unknown,Unknown,Large,Above road,2,2.0,Times of India,GLC,,NASA COOLR,http://timesofindia.indiatimes.com/city/dehradun/Landslide-kills-Army-colonel-wife-on-Badrinath-highway/articleshow/54279607.cms,COOLR administrative division; Uttaranchal normalized to Uttarakhand,OK
9630,2016-10-04,2016-10-04 00:00:00,2016,Uttarakhand,29.8521,80.553,Mahakali river at Bangabagad,Mahakali river at Bangabagad,1km,rock_fall,unknown,medium,above_river,0.0,0.0,ekantipur,GLC,9630.0,NASA GLC legacy export,http://kathmandupost.ekantipur.com/news/2016-10-16/mahakali-sweeps-darchula-embankment.html,Legacy NASA GLC record absent from COOLR; explicit Uttarakhand location; no same-date/near-coordinate COOLR duplicate,LEGACY_GLC_ADDED
10068,2017-04-06,2017-04-06 03:30:00,2017,Uttarakhand,30.814,78.618,Landslide blocks NH-34,"Bhatwari, Uttarkashi, Uttarakhand, India",Known within 1 km,Landslide,Downpour,Small,Above road,0,0.0,Nyoooz,GLC,,NASA COOLR,https://www.nyoooz.com/news/dehradun/776445/landslides-in-garhwal-leave-travellers-stranded-for-hours/,COOLR administrative division; Uttaranchal normalized to Uttarakhand,OK
10069,2017-04-06,2017-04-06 05:30:00,2017,Uttarakhand,30.615,78.316,Landslide on NH-34 at Dharashu,"Dharashu, Uttarkashi, Uttarakhand, India",Known within 1 km,Landslide,Downpour,Small,Above road,0,0.0,Nyoooz,GLC,,NASA COOLR,https://www.nyoooz.com/news/dehradun/776445/landslides-in-garhwal-leave-travellers-stranded-for-hours/,COOLR administrative division; Uttaranchal normalized to Uttarakhand,OK
10070,2017-04-06,2017-04-06 05:30:00,2017,Uttarakhand,31.013,78.884,Landslide blocks NH-34 at Bharoghati,"Bharoghati, Uttarkashi, Uttarakhand, India",Known within 1 km,Landslide,Downpour,Small,Above road,0,0.0,Nyoooz,GLC,,NASA COOLR,https://www.nyoooz.com/news/dehradun/776445/landslides-in-garhwal-leave-travellers-stranded-for-hours/,COOLR administrative division; Uttaranchal normalized to Uttarakhand,OK
10073,2017-04-06,2017-04-06 05:30:00,2017,Uttarakhand,30.504,79.488,Rockfall on NH-7 in Gulabkoti,"Gulabkoti, Chamoli, Uttarakhand, India",Known within 5 km,Rock fall,Continuous rain,Small,Above road,0,0.0,Nyoooz,GLC,,NASA COOLR,https://www.nyoooz.com/news/dehradun/776445/landslides-in-garhwal-leave-travellers-stranded-for-hours/,COOLR administrative division; Uttaranchal normalized to Uttarakhand,OK
9802,2017-05-20,2017-05-20 05:30:00,2017,Uttarakhand,30.565,79.562,Landslide in Chanoli district,"Rishikesh-Badrinath highway, near Vishnuprayag, between Joshimath and Badrinath",Known within 5 km,Landslide,Unknown,Medium,Above road,0,0.0,World Hindu News,GLC,,NASA COOLR,http://www.worldhindunews.com/2017/05/23/58870/800-resume-yatra-day-after-chamoli-landslip/,COOLR administrative division; Uttaranchal normalized to Uttarakhand,OK
9809,2017-05-20,2017-05-20 05:30:00,2017,Uttarakhand,30.733,79.492,Badrinath highway landslide,"Highway to Badrinath, Uttarakhand",Known within 25 km,Landslide,Rain,Large,Natural slope,13,,Etemaa Daily,GLC,,NASA COOLR,http://www.en.etemaaddaily.com/World/National/uttarkhand-landslide-death-toll-increases-to-13-highway-open-to-traffic:29191,COOLR administrative division; Uttaranchal normalized to Uttarakhand,OK
9706,2017-06-06,2017-06-06 05:30:00,2017,Uttarakhand,30.336,79.32,Landslide near Nandprayag,Muniyali village (?) near Nadprayag,Known within 5 km,Landslide,Rain,Small,Natural slope,1,1.0,Business Standard,GLC,,NASA COOLR,http://www.business-standard.com/article/pti-stories/1-killed-in-uttarakhand-landslip-117060601631_1.html,COOLR administrative division; Uttaranchal normalized to Uttarakhand,OK
10006,2017-07-05,2017-07-05 05:30:00,2017,Uttarakhand,29.889,80.565,Fatal landslide crushes car,"Ghatghola (??), Uttarakhand State, India",Known within 10 km,Landslide,Rain,Medium,Above road,5,,Zee News,GLC,,NASA COOLR,http://zeenews.india.com/uttarakhand/landslide-in-uttarakhand-kills-five-2021753.html?pfrom=article-next-story,COOLR administrative division; Uttaranchal normalized to Uttarakhand,OK
10067,2017-07-07,2017-07-07 05:30:00,2017,Uttarakhand,30.241,78.898,Landslide hits car near Sirobagad,"Srinagar Sub-District, Uttarakhand State, India",Known within 5 km,Landslide,Rain,Small,Above road,0,0.0,India.com,GLC,,NASA COOLR,http://www.india.com/news/agencies/former-uttarakhand-cms-vehicle-briefly-trapped-in-landslide-debris-2301442/,COOLR administrative division; Uttaranchal normalized to Uttarakhand,OK
10071,2017-07-11,2017-07-11 05:30:00,2017,Uttarakhand,30.413,78.084,Fatal landslide on Mussoorie-Dehradun road,"Mussoorie Road, Dehradun Sub-District, Dehradun, Uttarakhand, 248009",Known within 5 km,Landslide,Continuous rain,Medium,Above road,3,1.0,The Tribune,GLC,,NASA COOLR,http://www.tribuneindia.com/news/uttarakhand/4-killed-in-mishaps/435142.html,COOLR administrative division; Uttaranchal normalized to Uttarakhand,OK
10866,2017-07-11,2017-07-11 05:30:00,2017,Uttarakhand,29.834,80.269,Fatal landslide in Bangpani,"Bangpani (??), Pithoragarh, Uttarakhand",Known within 50 km,Landslide,Continuous rain,Small,Unknown,1,0.0,The Tribune,GLC,,NASA COOLR,http://www.tribuneindia.com/news/uttarakhand/4-killed-in-mishaps/435142.html,COOLR administrative division; Uttaranchal normalized to Uttarakhand,OK
10072,2017-07-13,2017-07-13 05:30:00,2017,Uttarakhand,30.239,77.956,Landslide blocks Delhi-Dehradun Highway,"NH-72A, Behat, Saharanpur, Uttar Pradesh, 247129",Known within 5 km,Landslide,Continuous rain,Small,Above road,0,0.0,Deccan Chronicle,GLC,,NASA COOLR,http://www.deccanchronicle.com/videos/news/delhi-dehradun-highway-blocked-due-to-landslide.html,COOLR administrative division; Uttaranchal normalized to Uttarakhand,OK
12881,2017-09-03,2017-09-03 05:30:00,2017,Uttarakhand,30.739,78.374,Gangotri Highway Landslide near Matli,"NH34 Matli, Uttarakhand 249193 India",Known within 5 km,Landslide,Unknown,Small,Above road,,,Times of India,GLC,,NASA COOLR,https://timesofindia.indiatimes.com/city/dehradun/gangotri-highway-blocked-by-landslide-opens-after-24-hours/articleshow/60352288.cms,COOLR administrative division; Uttaranchal normalized to Uttarakhand,OK
13214,2017-12-14,2017-12-14 05:30:00,2017,Uttarakhand,29.42,80.244,Pancheshwar Dam Landslide,"Pancheshwar, Baitadi, Nepal.",Known exactly,Landslide,Mining,Large,Mine,,,The Times of India,GLC,,NASA COOLR,https://timesofindia.indiatimes.com/city/dehradun/tunnelling-work-for-pancheshwar-dam-causing-landslides/articleshow/62058101.cms,COOLR administrative division; Uttaranchal normalized to Uttarakhand,OK
12880,2018-04-27,2018-04-27 05:30:00,2018,Uttarakhand,30.741,78.527,Naitala and Maneri Regions Landslides Strand Pilgrims,"NH-34, Bhatwari, Uttarkashi, Uttarakhand, 249194",Known within 5 km,Landslide,Unknown,Medium,Above road,0,0.0,The Times of India,GLC,,NASA COOLR,https://timesofindia.indiatimes.com/city/dehradun/two-killed-in-road-accidents-on-gangotri-highway/articleshow/63963680.cms,COOLR administrative division; Uttaranchal normalized to Uttarakhand,OK
11317,2018-05-08,2018-05-08 05:30:00,2018,Uttarakhand,30.652,79.52,Lambagad Rubble Disrupts Pilgrimage,"Lambagad (लम्बगद), Uttarakhand, 246443 India",Known within 1 km,Rock fall,Rain,Medium,Above road,0,0.0,The New Indian Express,GLC,,NASA COOLR,http://www.newindianexpress.com/nation/2018/may/08/snowfall-landslide-disrupt-yatra-to-kedarnath-badrinath-shrines-for-hours-1812015.html,COOLR administrative division; Uttaranchal normalized to Uttarakhand,OK
11513,2018-06-01,2018-06-01 05:30:00,2018,Uttarakhand,30.722,78.445,Uttarkashi-Lambgaun-Kedarnath Route Landslide near Kuteti Devi,"SH-15, Bhatwari, Uttarkashi, Uttarakhand, 249193",Known within 1 km,Landslide,Downpour,Small,Above road,0,0.0,Times of India,GLC,,NASA COOLR,https://timesofindia.indiatimes.com/city/dehradun/trees-uprooted-by-storm-rain-lead-to-traffic-jams-waterlogging-across-city/articleshow/64419666.cms,COOLR administrative division; Uttaranchal normalized to Uttarakhand,OK
14102,2018-08-09,2018-08-09 03:55:00,2018,Uttarakhand,30.821,78.233,Dharali Landslide,"Dharali, Uttarakhand, IND",Known within 10 km,Landslide,Rain,Large,Above road,0,,Daily Hunt,GLC,,NASA COOLR,https://m.dailyhunt.in/news/india/english/the+english+post-epaper-tengpo/700+pilgrims+stranded+on+uttarakhand+highway+after+landslide-newsid-94318067,COOLR administrative division; Uttaranchal normalized to Uttarakhand,OK
14194,2018-08-10,2018-08-10 03:55:00,2018,Uttarakhand,30.04,80.314,Pithoragarh Landslide,"Pithoragarh, Uttarakhand, IND",Known within 25 km,Landslide,Rain,Unknown,Natural slope,1,,Outlook India,GLC,,NASA COOLR,https://www.outlookindia.com/newsscroll/1-killed-another-missing-as-intermittent-rains-continue-in-ukhand/1364919,COOLR administrative division; Uttaranchal normalized to Uttarakhand,OK
14081,2018-08-11,2018-08-11 02:55:00,2018,Uttarakhand,30.917,78.684,Uttarakashi-Gangotri Hwy Landslide,"Surakki Village, Uttarakhand, IND",Known within 10 km,Landslide,Rain,Large,Above road,0,0.0,Daily Hunt,GLC,,NASA COOLR,https://m.dailyhunt.in/news/india/english/the+english+post-epaper-tengpo/700+pilgrims+stranded+on+uttarakhand+highway+after+landslide-newsid-94318067,COOLR administrative division; Uttaranchal normalized to Uttarakhand,OK
14577,2018-08-18,2018-08-18 06:14:00,2018,Uttarakhand,29.384,79.463,Lower Mall Road Landslip,Lower Mall Road in Nainital,Known within 1 km,Landslide,Unknown,Small,Below road,,,The Times of India,GLC,,NASA COOLR,https://timesofindia.indiatimes.com/city/dehradun/nainitals-lower-mall-road-to-be-re-opened-for-small-vehicles/articleshow/65862588.cms,COOLR administrative division; Uttaranchal normalized to Uttarakhand,OK
14530,2018-08-25,2018-08-25 06:14:00,2018,Uttarakhand,29.387,79.461,Naini Lake Landslip,"Naini Lake, India",Known within 1 km,Landslide,Unknown,Small,Below road,,,The Times of India,GLC,,NASA COOLR,https://timesofindia.indiatimes.com/city/dehradun/nainitals-lower-mall-road-to-be-re-opened-for-small-vehicles/articleshow/65862588.cms,COOLR administrative division; Uttaranchal normalized to Uttarakhand,OK
12882,2018-08-29,2018-08-29 05:30:00,2018,Uttarakhand,30.359,78.377,Kot Village Landslide in Tehri District,"SH-8, Tehri Sub-District, Tehri Garhwal, Uttarakhand, 249145",Known within 1 km,Debris flow,Downpour,Medium,Deforested slope,7,1.0,The Statesman,GLC,,NASA COOLR,https://www.thestatesman.com/india/uttarakhand-tehri-landslide-seven-killed-1502679106.html,COOLR administrative division; Uttaranchal normalized to Uttarakhand,OK
13796,2018-08-30,2018-08-30 09:30:00,2018,Uttarakhand,30.272,79.45,Farkhet Village Landslide,within the Farkhet village north of Ghat,Location not known,Landslide,Unknown,Medium,Deforested slope,2,1.0,The Tribune India,GLC,,NASA COOLR,https://www.tribuneindia.com/news/archive/features/two-killed-in-chamoli-landslide-645253,COOLR administrative division; Uttaranchal normalized to Uttarakhand,OK
14464,2018-09-03,2018-09-03 21:04:00,2018,Uttarakhand,30.291,78.487,River Bhagirathi Landslide,"Bhagirathi River, Rishikesh-Gangotri Highway, Uttarkashi, Uttarakhand, IND",Known within 25 km,Landslide,Unknown,Large,Above river,14,1.0,Pen News,GLC,,NASA COOLR,https://www.pennews.net/uttarakhand/2018/09/04/fourteen-dead-as-van-falls-into-river-bhagirathi-following-landslide,COOLR administrative division; Uttaranchal normalized to Uttarakhand,OK
14572,2018-09-13,2018-09-13 03:21:00,2018,Uttarakhand,31.019,78.045,Driver dies in Mori area Landslide,"Mori, Uttarkashi, Uttarakhand, 249128",Known within 10 km,Rock fall,Rain,Medium,Above road,1,,The Tribune India,GLC,,NASA COOLR,https://www.tribuneindia.com/news/archive/features/excavator-driver-killed-in-landslide-652426,COOLR administrative division; Uttaranchal normalized to Uttarakhand,OK
13834,2018-12-21,2018-12-21 22:45:00,2018,Uttarakhand,30.517,79.092,"Landslide near construction site of the Char Dham National Highway, Ukhimath","SH-36, Ukhimath, Rudraprayag, Uttarakhand, 246469",Known within 10 km,Translational slide,Construction,Medium,Retaining wall,8,4.0,India Today,GLC,,NASA COOLR,https://www.indiatoday.in/india/story/uttarakhand-landslide-construction-site-char-dham-all-weather-road-1414988-2018-12-21,COOLR administrative division; Uttaranchal normalized to Uttarakhand,OK
