event_id,event_date,latitude,longitude,state,source_catalog,source_dataset,sample_type,rainfall_1d,rainfall_3d,rainfall_7d,rainfall_15d,rainfall_30d,soil_moisture,soil_moisture_anomaly,elevation,slope,aspect,curvature,landslide
APDA-NEG-00001,2008-06-14,28.0,93.75,Arunachal Pradesh,Background_Sampling,Copernicus_NASA_Background,negative,43.16,80.78,158.3,263.93,407.91,0.88,2.5333,576.05,30.81,45.85,0.021021,0
APDA-NEG-00002,2011-08-05,28.0,95.0,Arunachal Pradesh,Background_Sampling,Copernicus_NASA_Background,negative,16.01,60.92,100.86,254.62,568.93,0.93,2.8667,784.15,2.6,262.83,-0.001803,0
APDA-NEG-00003,2008-10-29,28.5,95.625,Arunachal Pradesh,Background_Sampling,Copernicus_NASA_Background,negative,0.52,44.52,55.23,58.33,122.0,0.82,2.1333,2215.04,37.28,283.93,-0.000253,0
APDA-NEG-00004,2012-06-25,28.0,95.0,Arunachal Pradesh,Background_Sampling,Copernicus_NASA_Background,negative,50.18,129.02,190.51,335.98,517.83,0.94,2.9333,784.15,2.6,262.83,-0.001803,0
APDA-NEG-00005,2009-08-12,29.0,95.625,Arunachal Pradesh,Background_Sampling,Copernicus_NASA_Background,negative,21.36,58.75,75.64,149.43,209.1,0.83,2.2,2967.53,32.82,99.99,-0.011499,0
APDA-NEG-00006,2012-09-19,28.5,95.625,Arunachal Pradesh,Background_Sampling,Copernicus_NASA_Background,negative,44.4,75.07,156.28,255.8,496.22,0.96,3.0667,2215.04,37.28,283.93,-0.000253,0
APDA-NEG-00007,2010-04-03,28.5,95.625,Arunachal Pradesh,Background_Sampling,Copernicus_NASA_Background,negative,18.09,48.25,80.29,129.05,149.72,0.79,1.9333,2215.04,37.28,283.93,-0.000253,0
APDA-NEG-00008,2017-05-24,29.0,96.25,Arunachal Pradesh,Background_Sampling,Copernicus_NASA_Background,negative,16.53,20.14,41.21,52.75,165.51,0.84,2.2667,4424.4,28.85,66.8,0.001741,0
APDA-NEG-00009,2010-04-21,29.0,95.625,Arunachal Pradesh,Background_Sampling,Copernicus_NASA_Background,negative,12.05,34.26,48.05,80.76,151.14,0.73,1.5333,2967.53,32.82,99.99,-0.011499,0
APDA-NEG-00010,2013-09-02,28.0,93.75,Arunachal Pradesh,Background_Sampling,Copernicus_NASA_Background,negative,34.25,66.51,145.9,191.49,420.65,0.94,2.9333,576.05,30.81,45.85,0.021021,0
APDA-NEG-00011,2010-05-31,29.0,96.25,Arunachal Pradesh,Background_Sampling,Copernicus_NASA_Background,negative,5.46,7.64,20.27,47.96,146.18,0.83,2.2,4424.4,28.85,66.8,0.001741,0
APDA-NEG-00012,2017-07-09,29.0,95.625,Arunachal Pradesh,Background_Sampling,Copernicus_NASA_Background,negative,21.26,64.31,119.08,269.61,400.97,0.97,3.1333,2967.53,32.82,99.99,-0.011499,0
APDA-NEG-00013,2010-09-10,28.0,93.75,Arunachal Pradesh,Background_Sampling,Copernicus_NASA_Background,negative,19.21,85.87,158.01,311.33,539.25,0.95,3.0,576.05,30.81,45.85,0.021021,0
APDA-NEG-00014,2014-08-17,28.0,95.0,Arunachal Pradesh,Background_Sampling,Copernicus_NASA_Background,negative,2.7,37.84,186.98,349.56,539.5,0.95,3.0,784.15,2.6,262.83,-0.001803,0
APDA-NEG-00015,2010-09-10,28.0,93.75,Arunachal Pradesh,Background_Sampling,Copernicus_NASA_Background,negative,19.21,85.87,158.01,311.33,539.25,0.95,3.0,576.05,30.81,45.85,0.021021,0
APDA-NEG-00016,2012-06-25,29.0,95.625,Arunachal Pradesh,Background_Sampling,Copernicus_NASA_Background,negative,17.7,52.46,100.88,155.79,218.43,0.84,2.2667,2967.53,32.82,99.99,-0.011499,0
APDA-NEG-00017,2010-10-03,28.0,95.0,Arunachal Pradesh,Background_Sampling,Copernicus_NASA_Background,negative,1.7,10.09,39.39,176.71,593.51,0.91,2.7333,784.15,2.6,262.83,-0.001803,0
APDA-NEG-00018,2017-04-22,28.0,93.75,Arunachal Pradesh,Background_Sampling,Copernicus_NASA_Background,negative,5.8,12.98,17.76,34.63,116.9,0.7,1.3333,576.05,30.81,45.85,0.021021,0
APDA-NEG-00019,2010-11-22,28.5,95.625,Arunachal Pradesh,Background_Sampling,Copernicus_NASA_Background,negative,0.0,24.41,25.5,26.34,38.72,0.81,2.0667,2215.04,37.28,283.93,-0.000253,0
APDA-NEG-00020,2016-06-13,28.5,95.625,Arunachal Pradesh,Background_Sampling,Copernicus_NASA_Background,negative,24.68,43.1,73.51,102.34,291.16,0.88,2.5333,2215.04,37.28,283.93,-0.000253,0
APDA-NEG-00021,2011-03-22,28.0,93.75,Arunachal Pradesh,Background_Sampling,Copernicus_NASA_Background,negative,0.94,20.88,59.21,66.76,73.33,0.7,1.3333,576.05,30.81,45.85,0.021021,0
APDA-NEG-00022,2011-08-05,28.0,93.75,Arunachal Pradesh,Background_Sampling,Copernicus_NASA_Background,negative,8.08,44.4,63.53,203.95,542.35,0.91,2.7333,576.05,30.81,45.85,0.021021,0
APDA-NEG-00023,2011-07-15,29.0,96.25,Arunachal Pradesh,Background_Sampling,Copernicus_NASA_Background,negative,5.35,41.88,60.05,100.12,134.79,0.77,1.8,4424.4,28.85,66.8,0.001741,0
APDA-NEG-00024,2016-08-05,29.0,96.25,Arunachal Pradesh,Background_Sampling,Copernicus_NASA_Background,negative,1.02,1.66,4.43,118.54,234.64,0.88,2.5333,4424.4,28.85,66.8,0.001741,0
APDA-NEG-00025,2011-07-16,29.0,96.25,Arunachal Pradesh,Background_Sampling,Copernicus_NASA_Background,negative,2.07,31.57,56.07,98.66,134.2,0.76,1.7333,4424.4,28.85,66.8,0.001741,0
APDA-NEG-00026,2017-06-19,28.5,95.625,Arunachal Pradesh,Background_Sampling,Copernicus_NASA_Background,negative,23.53,121.88,156.13,180.69,489.45,0.94,2.9333,2215.04,37.28,283.93,-0.000253,0
APDA-NEG-00027,2011-07-19,28.0,93.75,Arunachal Pradesh,Background_Sampling,Copernicus_NASA_Background,negative,56.08,141.84,266.56,324.35,516.43,0.95,3.0,576.05,30.81,45.85,0.021021,0
APDA-NEG-00028,2009-08-12,27.0,94.375,Arunachal Pradesh,Background_Sampling,Copernicus_NASA_Background,negative,77.86,125.29,167.69,294.61,471.89,0.95,3.0,86.0,0.0,0.0,0.0,0
APDA-NEG-00029,2011-08-05,28.0,95.0,Arunachal Pradesh,Background_Sampling,Copernicus_NASA_Background,negative,16.01,60.92,100.86,254.62,568.93,0.93,2.8667,784.15,2.6,262.83,-0.001803,0
APDA-NEG-00030,2010-09-10,28.5,95.625,Arunachal Pradesh,Background_Sampling,Copernicus_NASA_Background,negative,47.91,135.67,230.46,316.54,569.0,0.97,3.1333,2215.04,37.28,283.93,-0.000253,0
APDA-NEG-00031,2011-08-12,28.0,95.0,Arunachal Pradesh,Background_Sampling,Copernicus_NASA_Background,negative,3.33,5.33,13.15,129.05,492.54,0.89,2.6,784.15,2.6,262.83,-0.001803,0
APDA-NEG-00032,2016-04-22,27.0,94.375,Arunachal Pradesh,Background_Sampling,Copernicus_NASA_Background,negative,24.12,90.6,143.93,206.26,274.84,0.83,2.2,86.0,0.0,0.0,0.0,0
APDA-NEG-00033,2011-08-15,29.0,95.625,Arunachal Pradesh,Background_Sampling,Copernicus_NASA_Background,negative,10.06,34.84,43.75,83.12,201.14,0.85,2.3333,2967.53,32.82,99.99,-0.011499,0
APDA-NEG-00034,2017-07-01,28.0,93.75,Arunachal Pradesh,Background_Sampling,Copernicus_NASA_Background,negative,65.0,143.07,211.58,349.11,519.06,0.96,3.0667,576.05,30.81,45.85,0.021021,0
APDA-NEG-00035,2012-04-08,29.0,96.25,Arunachal Pradesh,Background_Sampling,Copernicus_NASA_Background,negative,1.58,6.34,8.43,24.37,35.46,0.59,0.6,4424.4,28.85,66.8,0.001741,0
APDA-NEG-00036,2010-10-03,29.0,95.625,Arunachal Pradesh,Background_Sampling,Copernicus_NASA_Background,negative,3.09,12.98,20.27,49.32,176.4,0.88,2.5333,2967.53,32.82,99.99,-0.011499,0
APDA-NEG-00037,2012-06-02,29.0,95.625,Arunachal Pradesh,Background_Sampling,Copernicus_NASA_Background,negative,5.18,15.37,18.46,35.77,102.28,0.7,1.3333,2967.53,32.82,99.99,-0.011499,0
APDA-NEG-00038,2008-10-29,28.0,95.0,Arunachal Pradesh,Background_Sampling,Copernicus_NASA_Background,negative,0.03,37.69,46.07,48.17,128.65,0.83,2.2,784.15,2.6,262.83,-0.001803,0
APDA-NEG-00039,2012-06-06,28.0,93.75,Arunachal Pradesh,Background_Sampling,Copernicus_NASA_Background,negative,14.07,47.81,99.45,143.72,285.53,0.78,1.8667,576.05,30.81,45.85,0.021021,0
APDA-NEG-00040,2017-07-01,28.0,93.75,Arunachal Pradesh,Background_Sampling,Copernicus_NASA_Background,negative,65.0,143.07,211.58,349.11,519.06,0.96,3.0667,576.05,30.81,45.85,0.021021,0
APDA-NEG-00041,2012-06-25,28.0,93.75,Arunachal Pradesh,Background_Sampling,Copernicus_NASA_Background,negative,21.45,71.13,126.58,221.91,347.35,0.85,2.3333,576.05,30.81,45.85,0.021021,0
APDA-NEG-00042,2010-09-10,28.0,95.0,Arunachal Pradesh,Background_Sampling,Copernicus_NASA_Background,negative,62.15,183.57,302.12,461.44,763.98,0.98,3.2,784.15,2.6,262.83,-0.001803,0
APDA-NEG-00043,2012-06-25,28.5,95.625,Arunachal Pradesh,Background_Sampling,Copernicus_NASA_Background,negative,43.72,100.09,169.29,280.05,415.52,0.93,2.8667,2215.04,37.28,283.93,-0.000253,0
APDA-NEG-00044,2015-07-15,29.0,96.25,Arunachal Pradesh,Background_Sampling,Copernicus_NASA_Background,negative,7.62,20.79,26.37,58.41,136.79,0.85,2.3333,4424.4,28.85,66.8,0.001741,0
APDA-NEG-00045,2012-07-05,29.0,95.625,Arunachal Pradesh,Background_Sampling,Copernicus_NASA_Background,negative,3.28,23.93,56.67,142.19,237.9,0.84,2.2667,2967.53,32.82,99.99,-0.011499,0
APDA-NEG-00046,2008-10-29,28.0,93.75,Arunachal Pradesh,Background_Sampling,Copernicus_NASA_Background,negative,0.0,32.77,42.05,42.93,95.54,0.81,2.0667,576.05,30.81,45.85,0.021021,0
APDA-NEG-00047,2012-09-19,29.0,96.25,Arunachal Pradesh,Background_Sampling,Copernicus_NASA_Background,negative,10.81,23.74,52.4,87.82,193.71,0.89,2.6,4424.4,28.85,66.8,0.001741,0
APDA-NEG-00048,2017-06-04,29.0,96.25,Arunachal Pradesh,Background_Sampling,Copernicus_NASA_Background,negative,2.02,46.46,84.4,124.76,161.73,0.87,2.4667,4424.4,28.85,66.8,0.001741,0
APDA-NEG-00049,2013-02-18,29.0,95.625,Arunachal Pradesh,Background_Sampling,Copernicus_NASA_Background,negative,0.33,1.32,1.45,1.81,2.39,0.7,1.3333,2967.53,32.82,99.99,-0.011499,0
APDA-NEG-00050,2017-06-04,28.0,93.75,Arunachal Pradesh,Background_Sampling,Copernicus_NASA_Background,negative,2.98,80.9,144.18,241.21,367.9,0.88,2.5333,576.05,30.81,45.85,0.021021,0
APDA-NEG-00051,2013-04-07,28.0,95.0,Arunachal Pradesh,Background_Sampling,Copernicus_NASA_Background,negative,0.02,4.69,35.96,75.92,149.77,0.65,1.0,784.15,2.6,262.83,-0.001803,0
APDA-NEG-00052,2016-07-16,29.0,95.625,Arunachal Pradesh,Background_Sampling,Copernicus_NASA_Background,negative,6.74,22.17,48.7,102.25,281.09,0.91,2.7333,2967.53,32.82,99.99,-0.011499,0
APDA-NEG-00053,2013-06-01,29.0,95.625,Arunachal Pradesh,Background_Sampling,Copernicus_NASA_Background,negative,12.12,17.13,26.04,52.42,124.89,0.78,1.8667,2967.53,32.82,99.99,-0.011499,0
APDA-NEG-00054,2017-07-05,29.0,95.625,Arunachal Pradesh,Background_Sampling,Copernicus_NASA_Background,negative,14.61,37.11,132.72,223.61,320.04,0.96,3.0667,2967.53,32.82,99.99,-0.011499,0
APDA-NEG-00055,2013-08-01,28.0,93.75,Arunachal Pradesh,Background_Sampling,Copernicus_NASA_Background,negative,7.31,45.86,64.5,217.68,382.08,0.91,2.7333,576.05,30.81,45.85,0.021021,0
APDA-NEG-00056,2016-08-16,29.0,96.25,Arunachal Pradesh,Background_Sampling,Copernicus_NASA_Background,negative,3.41,5.52,9.01,20.41,191.77,0.85,2.3333,4424.4,28.85,66.8,0.001741,0
APDA-NEG-00057,2013-09-02,29.0,96.25,Arunachal Pradesh,Background_Sampling,Copernicus_NASA_Background,negative,8.62,20.68,42.85,58.84,132.31,0.85,2.3333,4424.4,28.85,66.8,0.001741,0
APDA-NEG-00058,2017-07-05,28.0,93.75,Arunachal Pradesh,Background_Sampling,Copernicus_NASA_Background,negative,17.03,69.48,232.28,343.76,526.84,0.95,3.0,576.05,30.81,45.85,0.021021,0
APDA-NEG-00059,2013-09-02,28.0,95.0,Arunachal Pradesh,Background_Sampling,Copernicus_NASA_Background,negative,32.14,73.51,159.52,208.01,517.77,0.95,3.0,784.15,2.6,262.83,-0.001803,0
APDA-NEG-00060,2017-05-24,28.0,95.0,Arunachal Pradesh,Background_Sampling,Copernicus_NASA_Background,negative,25.73,41.7,157.1,174.67,451.03,0.87,2.4667,784.15,2.6,262.83,-0.001803,0
APDA-NEG-00061,2014-05-08,29.0,95.625,Arunachal Pradesh,Background_Sampling,Copernicus_NASA_Background,negative,10.49,23.19,27.58,48.0,70.92,0.69,1.2667,2967.53,32.82,99.99,-0.011499,0
APDA-NEG-00062,2017-07-01,27.0,94.375,Arunachal Pradesh,Background_Sampling,Copernicus_NASA_Background,negative,54.08,110.88,194.33,305.48,463.56,0.94,2.9333,86.0,0.0,0.0,0.0,0
APDA-NEG-00063,2014-06-27,28.0,93.75,Arunachal Pradesh,Background_Sampling,Copernicus_NASA_Background,negative,28.12,46.89,97.24,180.76,287.38,0.84,2.2667,576.05,30.81,45.85,0.021021,0
APDA-NEG-00064,2016-05-01,28.0,95.0,Arunachal Pradesh,Background_Sampling,Copernicus_NASA_Background,negative,11.57,26.97,46.97,195.04,420.28,0.86,2.4,784.15,2.6,262.83,-0.001803,0
APDA-NEG-00065,2014-08-17,28.0,95.0,Arunachal Pradesh,Background_Sampling,Copernicus_NASA_Background,negative,2.7,37.84,186.98,349.56,539.5,0.95,3.0,784.15,2.6,262.83,-0.001803,0
APDA-NEG-00066,2017-07-09,28.0,95.0,Arunachal Pradesh,Background_Sampling,Copernicus_NASA_Background,negative,86.5,134.04,226.31,552.63,767.46,0.98,3.2,784.15,2.6,262.83,-0.001803,0
APDA-NEG-00067,2014-10-01,27.0,94.375,Arunachal Pradesh,Background_Sampling,Copernicus_NASA_Background,negative,0.0,0.02,77.02,224.84,380.45,0.93,2.8667,86.0,0.0,0.0,0.0,0
APDA-NEG-00068,2008-06-14,27.0,94.375,Arunachal Pradesh,Background_Sampling,Copernicus_NASA_Background,negative,37.41,80.01,153.37,262.84,432.09,0.87,2.4667,86.0,0.0,0.0,0.0,0
APDA-NEG-00069,2015-06-09,28.0,93.75,Arunachal Pradesh,Background_Sampling,Copernicus_NASA_Background,negative,51.99,124.3,202.09,330.12,505.84,0.93,2.8667,576.05,30.81,45.85,0.021021,0
APDA-NEG-00070,2010-09-10,28.5,95.625,Arunachal Pradesh,Background_Sampling,Copernicus_NASA_Background,negative,47.91,135.67,230.46,316.54,569.0,0.97,3.1333,2215.04,37.28,283.93,-0.000253,0
APDA-NEG-00071,2015-07-15,28.5,95.625,Arunachal Pradesh,Background_Sampling,Copernicus_NASA_Background,negative,22.66,43.21,64.94,150.67,327.78,0.91,2.7333,2215.04,37.28,283.93,-0.000253,0
APDA-NEG-00072,2014-08-17,28.5,95.625,Arunachal Pradesh,Background_Sampling,Copernicus_NASA_Background,negative,3.75,30.65,157.34,269.08,403.2,0.94,2.9333,2215.04,37.28,283.93,-0.000253,0
APDA-NEG-00073,2015-08-16,28.5,95.625,Arunachal Pradesh,Background_Sampling,Copernicus_NASA_Background,negative,26.34,61.38,99.17,209.15,326.27,0.92,2.8,2215.04,37.28,283.93,-0.000253,0
APDA-NEG-00074,2016-05-01,28.0,95.0,Arunachal Pradesh,Background_Sampling,Copernicus_NASA_Background,negative,11.57,26.97,46.97,195.04,420.28,0.86,2.4,784.15,2.6,262.83,-0.001803,0
APDA-NEG-00075,2015-08-18,28.0,93.75,Arunachal Pradesh,Background_Sampling,Copernicus_NASA_Background,negative,17.22,50.22,86.43,189.27,315.4,0.9,2.6667,576.05,30.81,45.85,0.021021,0
APDA-NEG-00076,2017-07-11,27.0,94.375,Arunachal Pradesh,Background_Sampling,Copernicus_NASA_Background,negative,29.53,155.45,235.23,438.25,666.9,0.97,3.1333,86.0,0.0,0.0,0.0,0
APDA-NEG-00077,2016-04-22,28.0,93.75,Arunachal Pradesh,Background_Sampling,Copernicus_NASA_Background,negative,12.79,80.26,120.08,180.46,241.05,0.82,2.1333,576.05,30.81,45.85,0.021021,0
APDA-NEG-00078,2014-08-17,29.0,95.625,Arunachal Pradesh,Background_Sampling,Copernicus_NASA_Background,negative,5.45,19.86,100.6,140.32,199.52,0.87,2.4667,2967.53,32.82,99.99,-0.011499,0
APDA-NEG-00079,2016-04-23,29.0,96.25,Arunachal Pradesh,Background_Sampling,Copernicus_NASA_Background,negative,6.77,35.73,48.85,98.77,150.82,0.83,2.2,4424.4,28.85,66.8,0.001741,0
APDA-NEG-00080,2016-07-16,28.0,95.0,Arunachal Pradesh,Background_Sampling,Copernicus_NASA_Background,negative,27.02,91.06,144.17,243.28,543.3,0.94,2.9333,784.15,2.6,262.83,-0.001803,0
APDA-NEG-00081,2016-05-01,29.0,96.25,Arunachal Pradesh,Background_Sampling,Copernicus_NASA_Background,negative,3.5,8.98,21.42,78.62,172.36,0.84,2.2667,4424.4,28.85,66.8,0.001741,0
APDA-NEG-00082,2015-06-09,28.5,95.625,Arunachal Pradesh,Background_Sampling,Copernicus_NASA_Background,negative,57.27,132.33,191.86,320.68,497.06,0.95,3.0,2215.04,37.28,283.93,-0.000253,0
APDA-NEG-00083,2016-06-13,27.0,94.375,Arunachal Pradesh,Background_Sampling,Copernicus_NASA_Background,negative,17.51,45.69,73.8,98.38,281.28,0.81,2.0667,86.0,0.0,0.0,0.0,0
APDA-NEG-00084,2016-08-05,28.5,95.625,Arunachal Pradesh,Background_Sampling,Copernicus_NASA_Background,negative,0.72,0.87,2.58,319.99,614.62,0.89,2.6,2215.04,37.28,283.93,-0.000253,0
APDA-NEG-00085,2016-07-01,29.0,96.25,Arunachal Pradesh,Background_Sampling,Copernicus_NASA_Background,negative,7.84,40.42,52.94,136.17,206.08,0.89,2.6,4424.4,28.85,66.8,0.001741,0
APDA-NEG-00086,2008-06-14,28.5,95.625,Arunachal Pradesh,Background_Sampling,Copernicus_NASA_Background,negative,17.75,50.88,128.84,212.33,376.57,0.86,2.4,2215.04,37.28,283.93,-0.000253,0
APDA-NEG-00087,2016-07-16,28.0,95.0,Arunachal Pradesh,Background_Sampling,Copernicus_NASA_Background,negative,27.02,91.06,144.17,243.28,543.3,0.94,2.9333,784.15,2.6,262.83,-0.001803,0
APDA-NEG-00088,2011-07-19,29.0,95.625,Arunachal Pradesh,Background_Sampling,Copernicus_NASA_Background,negative,5.42,51.79,109.41,157.82,215.88,0.82,2.1333,2967.53,32.82,99.99,-0.011499,0
APDA-NEG-00089,2016-07-19,28.5,95.625,Arunachal Pradesh,Background_Sampling,Copernicus_NASA_Background,negative,22.72,110.99,192.82,254.38,586.89,0.96,3.0667,2215.04,37.28,283.93,-0.000253,0
APDA-NEG-00090,2011-08-05,27.0,94.375,Arunachal Pradesh,Background_Sampling,Copernicus_NASA_Background,negative,19.68,45.02,56.63,219.97,523.01,0.92,2.8,86.0,0.0,0.0,0.0,0
APDA-NEG-00091,2016-07-28,29.0,95.625,Arunachal Pradesh,Background_Sampling,Copernicus_NASA_Background,negative,1.39,5.12,131.47,233.34,372.43,0.94,2.9333,2967.53,32.82,99.99,-0.011499,0
APDA-NEG-00092,2017-04-26,29.0,95.625,Arunachal Pradesh,Background_Sampling,Copernicus_NASA_Background,negative,15.28,75.71,86.05,95.74,156.62,0.83,2.2,2967.53,32.82,99.99,-0.011499,0
APDA-NEG-00093,2016-08-05,27.0,94.375,Arunachal Pradesh,Background_Sampling,Copernicus_NASA_Background,negative,9.49,15.73,26.49,195.22,402.17,0.9,2.6667,86.0,0.0,0.0,0.0,0
APDA-NEG-00094,2010-04-03,28.0,93.75,Arunachal Pradesh,Background_Sampling,Copernicus_NASA_Background,negative,8.44,23.51,52.38,111.57,117.58,0.72,1.4667,576.05,30.81,45.85,0.021021,0
APDA-NEG-00095,2016-08-16,29.0,96.25,Arunachal Pradesh,Background_Sampling,Copernicus_NASA_Background,negative,3.41,5.52,9.01,20.41,191.77,0.85,2.3333,4424.4,28.85,66.8,0.001741,0
APDA-NEG-00096,2012-07-05,28.0,95.0,Arunachal Pradesh,Background_Sampling,Copernicus_NASA_Background,negative,28.37,126.86,211.85,417.6,666.54,0.96,3.0667,784.15,2.6,262.83,-0.001803,0
APDA-NEG-00097,2017-04-22,28.0,95.0,Arunachal Pradesh,Background_Sampling,Copernicus_NASA_Background,negative,1.01,12.84,16.67,55.01,177.12,0.71,1.4,784.15,2.6,262.83,-0.001803,0
APDA-NEG-00098,2013-09-02,28.5,95.625,Arunachal Pradesh,Background_Sampling,Copernicus_NASA_Background,negative,19.77,48.41,106.19,140.02,369.19,0.92,2.8,2215.04,37.28,283.93,-0.000253,0
APDA-NEG-00099,2017-04-23,28.0,93.75,Arunachal Pradesh,Background_Sampling,Copernicus_NASA_Background,negative,7.28,15.09,24.68,38.12,122.09,0.71,1.4,576.05,30.81,45.85,0.021021,0
APDA-NEG-00100,2014-06-27,28.0,95.0,Arunachal Pradesh,Background_Sampling,Copernicus_NASA_Background,negative,29.86,44.21,87.07,273.43,360.63,0.88,2.5333,784.15,2.6,262.83,-0.001803,0
APDA-NEG-00101,2017-04-26,28.5,95.625,Arunachal Pradesh,Background_Sampling,Copernicus_NASA_Background,negative,56.96,164.42,183.56,191.79,320.0,0.9,2.6667,2215.04,37.28,283.93,-0.000253,0
APDA-NEG-00102,2013-08-01,28.5,95.625,Arunachal Pradesh,Background_Sampling,Copernicus_NASA_Background,negative,0.46,23.83,37.95,216.83,350.8,0.9,2.6667,2215.04,37.28,283.93,-0.000253,0
APDA-NEG-00103,2017-05-03,29.0,95.625,Arunachal Pradesh,Background_Sampling,Copernicus_NASA_Background,negative,2.72,10.65,38.29,124.54,156.84,0.8,2.0,2967.53,32.82,99.99,-0.011499,0
APDA-NEG-00104,2016-07-19,29.0,95.625,Arunachal Pradesh,Background_Sampling,Copernicus_NASA_Background,negative,8.26,43.91,80.89,112.08,306.43,0.92,2.8,2967.53,32.82,99.99,-0.011499,0
APDA-NEG-00105,2017-05-24,29.0,96.25,Arunachal Pradesh,Background_Sampling,Copernicus_NASA_Background,negative,16.53,20.14,41.21,52.75,165.51,0.84,2.2667,4424.4,28.85,66.8,0.001741,0
APDA-NEG-00106,2010-05-31,27.0,94.375,Arunachal Pradesh,Background_Sampling,Copernicus_NASA_Background,negative,8.87,27.4,53.29,121.78,260.22,0.8,2.0,86.0,0.0,0.0,0.0,0
APDA-NEG-00107,2017-06-04,28.0,93.75,Arunachal Pradesh,Background_Sampling,Copernicus_NASA_Background,negative,2.98,80.9,144.18,241.21,367.9,0.88,2.5333,576.05,30.81,45.85,0.021021,0
APDA-NEG-00108,2016-07-16,28.0,93.75,Arunachal Pradesh,Background_Sampling,Copernicus_NASA_Background,negative,29.29,106.19,178.86,287.37,507.23,0.95,3.0,576.05,30.81,45.85,0.021021,0
APDA-NEG-00109,2017-06-19,28.0,93.75,Arunachal Pradesh,Background_Sampling,Copernicus_NASA_Background,negative,22.13,78.73,131.34,167.78,408.99,0.9,2.6667,576.05,30.81,45.85,0.021021,0
APDA-NEG-00110,2017-07-05,29.0,96.25,Arunachal Pradesh,Background_Sampling,Copernicus_NASA_Background,negative,11.69,25.48,99.57,160.28,233.97,0.92,2.8,4424.4,28.85,66.8,0.001741,0
APDA-NEG-00111,2017-06-20,28.5,95.625,Arunachal Pradesh,Background_Sampling,Copernicus_NASA_Background,negative,3.16,85.18,145.55,183.84,483.41,0.93,2.8667,2215.04,37.28,283.93,-0.000253,0
APDA-NEG-00112,2017-07-05,29.0,95.625,Arunachal Pradesh,Background_Sampling,Copernicus_NASA_Background,negative,14.61,37.11,132.72,223.61,320.04,0.96,3.0667,2967.53,32.82,99.99,-0.011499,0
APDA-NEG-00113,2017-06-21,27.0,94.375,Arunachal Pradesh,Background_Sampling,Copernicus_NASA_Background,negative,7.1,15.83,82.55,150.42,355.1,0.82,2.1333,86.0,0.0,0.0,0.0,0
APDA-NEG-00114,2013-06-01,27.0,94.375,Arunachal Pradesh,Background_Sampling,Copernicus_NASA_Background,negative,6.29,16.78,42.81,90.25,233.12,0.69,1.2667,86.0,0.0,0.0,0.0,0
APDA-NEG-00115,2017-06-30,29.0,96.25,Arunachal Pradesh,Background_Sampling,Copernicus_NASA_Background,negative,26.48,51.38,94.11,158.36,227.57,0.91,2.7333,4424.4,28.85,66.8,0.001741,0
APDA-NEG-00116,2009-08-12,27.0,94.375,Arunachal Pradesh,Background_Sampling,Copernicus_NASA_Background,negative,77.86,125.29,167.69,294.61,471.89,0.95,3.0,86.0,0.0,0.0,0.0,0
APDA-NEG-00117,2017-07-01,29.0,96.25,Arunachal Pradesh,Background_Sampling,Copernicus_NASA_Background,negative,18.16,59.67,102.93,171.07,240.69,0.92,2.8,4424.4,28.85,66.8,0.001741,0
APDA-NEG-00118,2010-10-03,28.5,95.625,Arunachal Pradesh,Background_Sampling,Copernicus_NASA_Background,negative,2.35,13.64,31.43,119.95,426.52,0.9,2.6667,2215.04,37.28,283.93,-0.000253,0
APDA-NEG-00119,2017-07-01,29.0,96.25,Arunachal Pradesh,Background_Sampling,Copernicus_NASA_Background,negative,18.16,59.67,102.93,171.07,240.69,0.92,2.8,4424.4,28.85,66.8,0.001741,0
APDA-NEG-00120,2017-04-26,28.0,95.0,Arunachal Pradesh,Background_Sampling,Copernicus_NASA_Background,negative,56.56,156.15,178.78,185.79,327.19,0.89,2.6,784.15,2.6,262.83,-0.001803,0
APDA-NEG-00121,2017-07-01,29.0,95.625,Arunachal Pradesh,Background_Sampling,Copernicus_NASA_Background,negative,16.83,75.94,130.86,233.39,311.03,0.95,3.0,2967.53,32.82,99.99,-0.011499,0
APDA-NEG-00122,2012-09-19,28.0,93.75,Arunachal Pradesh,Background_Sampling,Copernicus_NASA_Background,negative,25.92,62.09,106.84,226.27,435.24,0.94,2.9333,576.05,30.81,45.85,0.021021,0
APDA-NEG-00123,2017-07-05,28.5,95.625,Arunachal Pradesh,Background_Sampling,Copernicus_NASA_Background,negative,31.18,58.98,235.86,351.34,535.18,0.97,3.1333,2215.04,37.28,283.93,-0.000253,0
APDA-NEG-00124,2014-06-27,29.0,96.25,Arunachal Pradesh,Background_Sampling,Copernicus_NASA_Background,negative,7.9,10.53,23.8,65.67,86.56,0.71,1.4,4424.4,28.85,66.8,0.001741,0
APDA-NEG-00125,2017-07-05,27.0,94.375,Arunachal Pradesh,Background_Sampling,Copernicus_NASA_Background,negative,9.28,46.33,185.65,319.67,463.04,0.91,2.7333,86.0,0.0,0.0,0.0,0
APDA-NEG-00126,2017-07-05,28.0,93.75,Arunachal Pradesh,Background_Sampling,Copernicus_NASA_Background,negative,17.03,69.48,232.28,343.76,526.84,0.95,3.0,576.05,30.81,45.85,0.021021,0
APDA-NEG-00127,2017-07-09,27.0,94.375,Arunachal Pradesh,Background_Sampling,Copernicus_NASA_Background,negative,81.52,140.93,198.35,421.12,602.43,0.97,3.1333,86.0,0.0,0.0,0.0,0
APDA-NEG-00128,2017-05-03,29.0,95.625,Arunachal Pradesh,Background_Sampling,Copernicus_NASA_Background,negative,2.72,10.65,38.29,124.54,156.84,0.8,2.0,2967.53,32.82,99.99,-0.011499,0
APDA-NEG-00129,2017-07-09,28.0,93.75,Arunachal Pradesh,Background_Sampling,Copernicus_NASA_Background,negative,88.65,165.83,253.1,484.41,704.68,0.98,3.2,576.05,30.81,45.85,0.021021,0
APDA-NEG-00130,2016-04-22,29.0,96.25,Arunachal Pradesh,Background_Sampling,Copernicus_NASA_Background,negative,2.85,35.24,45.16,103.72,144.05,0.83,2.2,4424.4,28.85,66.8,0.001741,0
APDA-NEG-00131,2017-07-09,29.0,95.625,Arunachal Pradesh,Background_Sampling,Copernicus_NASA_Background,negative,21.26,64.31,119.08,269.61,400.97,0.97,3.1333,2967.53,32.82,99.99,-0.011499,0
APDA-NEG-00132,2017-06-20,28.5,95.625,Arunachal Pradesh,Background_Sampling,Copernicus_NASA_Background,negative,3.16,85.18,145.55,183.84,483.41,0.93,2.8667,2215.04,37.28,283.93,-0.000253,0
APDA-NEG-00133,2017-07-09,27.0,94.375,Arunachal Pradesh,Background_Sampling,Copernicus_NASA_Background,negative,81.52,140.93,198.35,421.12,602.43,0.97,3.1333,86.0,0.0,0.0,0.0,0
APDA-NEG-00134,2008-10-29,28.5,95.625,Arunachal Pradesh,Background_Sampling,Copernicus_NASA_Background,negative,0.52,44.52,55.23,58.33,122.0,0.82,2.1333,2215.04,37.28,283.93,-0.000253,0
APDA-NEG-00135,2017-07-09,29.0,95.625,Arunachal Pradesh,Background_Sampling,Copernicus_NASA_Background,negative,21.26,64.31,119.08,269.61,400.97,0.97,3.1333,2967.53,32.82,99.99,-0.011499,0
APDA-NEG-00136,2017-06-04,28.0,93.75,Arunachal Pradesh,Background_Sampling,Copernicus_NASA_Background,negative,2.98,80.9,144.18,241.21,367.9,0.88,2.5333,576.05,30.81,45.85,0.021021,0
APDA-NEG-00137,2017-07-09,28.0,95.0,Arunachal Pradesh,Background_Sampling,Copernicus_NASA_Background,negative,86.5,134.04,226.31,552.63,767.46,0.98,3.2,784.15,2.6,262.83,-0.001803,0
APDA-NEG-00138,2008-06-14,27.0,94.375,Arunachal Pradesh,Background_Sampling,Copernicus_NASA_Background,negative,37.41,80.01,153.37,262.84,432.09,0.87,2.4667,86.0,0.0,0.0,0.0,0
APDA-NEG-00139,2017-07-09,28.5,95.625,Arunachal Pradesh,Background_Sampling,Copernicus_NASA_Background,negative,59.87,102.59,206.45,486.26,680.46,0.98,3.2,2215.04,37.28,283.93,-0.000253,0
APDA-NEG-00140,2008-10-29,29.0,96.25,Arunachal Pradesh,Background_Sampling,Copernicus_NASA_Background,negative,0.37,36.82,53.32,55.18,81.52,0.81,2.0667,4424.4,28.85,66.8,0.001741,0
APDA-NEG-00141,2017-07-11,28.0,95.0,Arunachal Pradesh,Background_Sampling,Copernicus_NASA_Background,negative,8.93,139.7,241.78,502.71,800.79,0.97,3.1333,784.15,2.6,262.83,-0.001803,0
APDA-NEG-00142,2014-06-27,28.0,93.75,Arunachal Pradesh,Background_Sampling,Copernicus_NASA_Background,negative,28.12,46.89,97.24,180.76,287.38,0.84,2.2667,576.05,30.81,45.85,0.021021,0
APDA-NEG-00143,2017-07-11,29.0,96.25,Arunachal Pradesh,Background_Sampling,Copernicus_NASA_Background,negative,0.7,30.81,84.03,182.36,298.79,0.92,2.8,4424.4,28.85,66.8,0.001741,0
APDA-NEG-00144,2017-06-19,28.0,93.75,Arunachal Pradesh,Background_Sampling,Copernicus_NASA_Background,negative,22.13,78.73,131.34,167.78,408.99,0.9,2.6667,576.05,30.81,45.85,0.021021,0
APDA-NEG-00145,2017-09-30,28.5,95.625,Arunachal Pradesh,Background_Sampling,Copernicus_NASA_Background,negative,13.39,15.95,16.11,115.03,349.53,0.9,2.6667,2215.04,37.28,283.93,-0.000253,0
APDA-NEG-00146,2011-08-15,28.5,95.625,Arunachal Pradesh,Background_Sampling,Copernicus_NASA_Background,negative,25.81,126.11,136.26,201.71,431.56,0.93,2.8667,2215.04,37.28,283.93,-0.000253,0
APDA-NEG-00147,2018-09-14,29.0,96.25,Arunachal Pradesh,Background_Sampling,Copernicus_NASA_Background,negative,2.86,44.13,116.59,144.18,200.82,0.9,2.6667,4424.4,28.85,66.8,0.001741,0
APDA-NEG-00148,2017-07-09,28.0,95.0,Arunachal Pradesh,Background_Sampling,Copernicus_NASA_Background,negative,86.5,134.04,226.31,552.63,767.46,0.98,3.2,784.15,2.6,262.83,-0.001803,0
APDA-NEG-00149,2007-07-19,28.0,93.75,Assam,Background_Sampling,Copernicus_NASA_Background,negative,18.5,47.85,97.59,190.66,333.23,0.9,2.6667,576.05,30.81,45.85,0.021021,0
APDA-NEG-00150,2010-06-15,25.5,92.5,Assam,Background_Sampling,Copernicus_NASA_Background,negative,24.79,48.64,113.09,336.98,563.89,0.95,3.0,1063.07,25.33,13.62,-0.014165,0
APDA-NEG-00151,2007-08-26,27.0,94.375,Assam,Background_Sampling,Copernicus_NASA_Background,negative,22.32,36.82,84.76,250.78,314.37,0.91,2.7333,86.0,0.0,0.0,0.0,0
APDA-NEG-00152,2015-09-01,27.0,94.375,Assam,Background_Sampling,Copernicus_NASA_Background,negative,14.84,105.23,270.42,383.12,548.16,0.96,3.0667,86.0,0.0,0.0,0.0,0
APDA-NEG-00153,2007-09-13,28.0,93.75,Assam,Background_Sampling,Copernicus_NASA_Background,negative,1.87,15.91,90.69,300.9,505.89,0.93,2.8667,576.05,30.81,45.85,0.021021,0
APDA-NEG-00154,2007-09-13,25.0,90.625,Assam,Background_Sampling,Copernicus_NASA_Background,negative,1.69,19.62,157.77,279.09,424.32,0.94,2.9333,9.45,0.41,97.51,-0.000647,0
APDA-NEG-00155,2008-05-20,26.5,94.375,Assam,Background_Sampling,Copernicus_NASA_Background,negative,7.05,37.18,55.17,82.23,175.12,0.72,1.4667,307.93,20.68,270.76,-0.012984,0
APDA-NEG-00156,2015-09-01,26.5,94.375,Assam,Background_Sampling,Copernicus_NASA_Background,negative,11.68,82.06,220.19,314.03,459.28,0.96,3.0667,307.93,20.68,270.76,-0.012984,0
APDA-NEG-00157,2008-06-15,26.5,94.375,Assam,Background_Sampling,Copernicus_NASA_Background,negative,1.49,47.72,113.43,191.33,335.91,0.77,1.8,307.93,20.68,270.76,-0.012984,0
APDA-NEG-00158,2017-07-09,25.5,92.5,Assam,Background_Sampling,Copernicus_NASA_Background,negative,24.88,56.41,134.95,288.79,756.45,0.97,3.1333,1063.07,25.33,13.62,-0.014165,0
APDA-NEG-00159,2008-08-14,25.5,92.5,Assam,Background_Sampling,Copernicus_NASA_Background,negative,13.97,46.46,117.0,197.97,319.6,0.93,2.8667,1063.07,25.33,13.62,-0.014165,0
APDA-NEG-00160,2010-10-09,25.5,92.5,Assam,Background_Sampling,Copernicus_NASA_Background,negative,23.78,120.24,126.41,161.07,324.93,0.97,3.1333,1063.07,25.33,13.62,-0.014165,0
APDA-NEG-00161,2008-10-29,26.5,94.375,Assam,Background_Sampling,Copernicus_NASA_Background,negative,0.0,14.01,30.02,30.02,87.35,0.85,2.3333,307.93,20.68,270.76,-0.012984,0
APDA-NEG-00162,2012-06-25,27.0,94.375,Assam,Background_Sampling,Copernicus_NASA_Background,negative,27.26,73.88,128.36,244.48,405.54,0.87,2.4667,86.0,0.0,0.0,0.0,0
APDA-NEG-00163,2008-10-29,25.5,90.625,Assam,Background_Sampling,Copernicus_NASA_Background,negative,0.0,20.17,77.16,77.16,165.64,0.9,2.6667,263.81,5.53,161.64,-0.002985,0
APDA-NEG-00164,2010-04-01,27.0,94.375,Assam,Background_Sampling,Copernicus_NASA_Background,negative,6.03,32.89,83.59,131.77,138.1,0.67,1.1333,86.0,0.0,0.0,0.0,0
APDA-NEG-00165,2009-08-20,26.5,94.375,Assam,Background_Sampling,Copernicus_NASA_Background,negative,30.86,57.56,111.63,269.24,420.53,0.93,2.8667,307.93,20.68,270.76,-0.012984,0
APDA-NEG-00166,2017-07-06,27.0,94.375,Assam,Background_Sampling,Copernicus_NASA_Background,negative,11.09,45.15,171.24,323.66,474.08,0.91,2.7333,86.0,0.0,0.0,0.0,0
APDA-NEG-00167,2009-08-27,25.5,90.625,Assam,Background_Sampling,Copernicus_NASA_Background,negative,7.41,41.85,72.23,363.26,591.42,0.96,3.0667,263.81,5.53,161.64,-0.002985,0
APDA-NEG-00168,2014-06-27,28.0,93.75,Assam,Background_Sampling,Copernicus_NASA_Background,negative,28.12,46.89,97.24,180.76,287.38,0.84,2.2667,576.05,30.81,45.85,0.021021,0
APDA-NEG-00169,2010-04-01,25.5,92.5,Assam,Background_Sampling,Copernicus_NASA_Background,negative,16.86,75.24,117.83,125.09,131.39,0.81,2.0667,1063.07,25.33,13.62,-0.014165,0
APDA-NEG-00170,2010-06-15,26.5,94.375,Assam,Background_Sampling,Copernicus_NASA_Background,negative,40.07,75.47,135.07,260.58,370.59,0.91,2.7333,307.93,20.68,270.76,-0.012984,0
APDA-NEG-00171,2010-04-20,25.5,90.625,Assam,Background_Sampling,Copernicus_NASA_Background,negative,17.95,63.08,124.21,150.09,204.32,0.74,1.6,263.81,5.53,161.64,-0.002985,0
APDA-NEG-00172,2015-09-01,27.0,94.375,Assam,Background_Sampling,Copernicus_NASA_Background,negative,14.84,105.23,270.42,383.12,548.16,0.96,3.0667,86.0,0.0,0.0,0.0,0
APDA-NEG-00173,2010-04-20,27.0,94.375,Assam,Background_Sampling,Copernicus_NASA_Background,negative,35.45,102.67,117.59,155.72,324.83,0.83,2.2,86.0,0.0,0.0,0.0,0
APDA-NEG-00174,2007-07-19,25.5,90.625,Assam,Background_Sampling,Copernicus_NASA_Background,negative,35.12,78.83,176.15,215.9,316.41,0.96,3.0667,263.81,5.53,161.64,-0.002985,0
APDA-NEG-00175,2010-06-03,28.0,93.75,Assam,Background_Sampling,Copernicus_NASA_Background,negative,4.74,36.02,58.99,124.55,263.85,0.82,2.1333,576.05,30.81,45.85,0.021021,0
APDA-NEG-00176,2016-07-14,26.5,94.375,Assam,Background_Sampling,Copernicus_NASA_Background,negative,20.24,42.54,81.59,199.43,385.78,0.89,2.6,307.93,20.68,270.76,-0.012984,0
APDA-NEG-00177,2010-06-09,25.0,90.625,Assam,Background_Sampling,Copernicus_NASA_Background,negative,7.26,31.27,171.28,298.25,514.45,0.87,2.4667,9.45,0.41,97.51,-0.000647,0
APDA-NEG-00178,2009-08-20,25.5,92.5,Assam,Background_Sampling,Copernicus_NASA_Background,negative,28.66,81.57,135.66,227.01,453.88,0.94,2.9333,1063.07,25.33,13.62,-0.014165,0
APDA-NEG-00179,2010-06-15,27.0,94.375,Assam,Background_Sampling,Copernicus_NASA_Background,negative,53.88,100.35,155.6,292.66,414.44,0.91,2.7333,86.0,0.0,0.0,0.0,0
APDA-NEG-00180,2010-10-09,25.5,92.5,Assam,Background_Sampling,Copernicus_NASA_Background,negative,23.78,120.24,126.41,161.07,324.93,0.97,3.1333,1063.07,25.33,13.62,-0.014165,0
APDA-NEG-00181,2010-06-16,25.5,92.5,Assam,Background_Sampling,Copernicus_NASA_Background,negative,13.8,48.68,101.35,298.61,559.63,0.95,3.0,1063.07,25.33,13.62,-0.014165,0
APDA-NEG-00182,2011-07-24,26.5,94.375,Assam,Background_Sampling,Copernicus_NASA_Background,negative,3.4,56.2,171.29,292.58,465.27,0.89,2.6,307.93,20.68,270.76,-0.012984,0
APDA-NEG-00183,2010-07-25,28.0,93.75,Assam,Background_Sampling,Copernicus_NASA_Background,negative,5.32,35.19,65.25,208.51,374.3,0.91,2.7333,576.05,30.81,45.85,0.021021,0
APDA-NEG-00184,2011-07-24,27.0,94.375,Assam,Background_Sampling,Copernicus_NASA_Background,negative,5.69,80.79,220.54,374.54,569.67,0.91,2.7333,86.0,0.0,0.0,0.0,0
APDA-NEG-00185,2010-10-09,26.5,94.375,Assam,Background_Sampling,Copernicus_NASA_Background,negative,16.7,50.86,58.63,129.52,288.4,0.95,3.0,307.93,20.68,270.76,-0.012984,0
APDA-NEG-00186,2016-09-01,25.5,92.5,Assam,Background_Sampling,Copernicus_NASA_Background,negative,36.59,76.29,95.28,120.74,253.27,0.94,2.9333,1063.07,25.33,13.62,-0.014165,0
APDA-NEG-00187,2010-10-09,26.5,94.375,Assam,Background_Sampling,Copernicus_NASA_Background,negative,16.7,50.86,58.63,129.52,288.4,0.95,3.0,307.93,20.68,270.76,-0.012984,0
APDA-NEG-00188,2017-07-03,28.0,93.75,Assam,Background_Sampling,Copernicus_NASA_Background,negative,22.04,106.77,200.84,334.28,482.91,0.95,3.0,576.05,30.81,45.85,0.021021,0
APDA-NEG-00189,2010-10-09,28.0,93.75,Assam,Background_Sampling,Copernicus_NASA_Background,negative,7.1,27.32,37.27,112.1,292.03,0.89,2.6,576.05,30.81,45.85,0.021021,0
APDA-NEG-00190,2017-07-06,25.5,92.5,Assam,Background_Sampling,Copernicus_NASA_Background,negative,18.38,68.37,165.02,297.85,714.45,0.97,3.1333,1063.07,25.33,13.62,-0.014165,0
APDA-NEG-00191,2011-05-24,25.5,92.5,Assam,Background_Sampling,Copernicus_NASA_Background,negative,12.26,31.83,83.84,122.63,221.56,0.79,1.9333,1063.07,25.33,13.62,-0.014165,0
APDA-NEG-00192,2017-07-10,27.0,94.375,Assam,Background_Sampling,Copernicus_NASA_Background,negative,44.4,166.57,230.48,428.5,644.58,0.97,3.1333,86.0,0.0,0.0,0.0,0
APDA-NEG-00193,2011-06-29,25.5,90.625,Assam,Background_Sampling,Copernicus_NASA_Background,negative,28.72,133.4,228.49,285.39,371.67,0.91,2.7333,263.81,5.53,161.64,-0.002985,0
APDA-NEG-00194,2017-06-04,28.0,93.75,Assam,Background_Sampling,Copernicus_NASA_Background,negative,2.98,80.9,144.18,241.21,367.9,0.88,2.5333,576.05,30.81,45.85,0.021021,0
APDA-NEG-00195,2011-07-24,25.5,90.625,Assam,Background_Sampling,Copernicus_NASA_Background,negative,8.58,28.06,75.16,114.61,440.49,0.91,2.7333,263.81,5.53,161.64,-0.002985,0
APDA-NEG-00196,2013-05-11,28.0,93.75,Assam,Background_Sampling,Copernicus_NASA_Background,negative,4.66,10.13,28.96,112.43,181.38,0.7,1.3333,576.05,30.81,45.85,0.021021,0
APDA-NEG-00197,2011-09-06,25.0,90.625,Assam,Background_Sampling,Copernicus_NASA_Background,negative,11.43,22.93,33.91,101.43,569.96,0.89,2.6,9.45,0.41,97.51,-0.000647,0
APDA-NEG-00198,2012-06-25,27.0,94.375,Assam,Background_Sampling,Copernicus_NASA_Background,negative,27.26,73.88,128.36,244.48,405.54,0.87,2.4667,86.0,0.0,0.0,0.0,0
APDA-NEG-00199,2011-09-23,26.5,94.375,Assam,Background_Sampling,Copernicus_NASA_Background,negative,14.52,20.85,35.8,86.67,192.33,0.91,2.7333,307.93,20.68,270.76,-0.012984,0
APDA-NEG-00200,2010-06-03,27.0,94.375,Assam,Background_Sampling,Copernicus_NASA_Background,negative,3.43,31.81,60.73,130.36,284.01,0.78,1.8667,86.0,0.0,0.0,0.0,0
APDA-NEG-00201,2012-06-02,25.0,90.625,Assam,Background_Sampling,Copernicus_NASA_Background,negative,11.99,38.78,61.14,110.2,171.68,0.64,0.9333,9.45,0.41,97.51,-0.000647,0
APDA-NEG-00202,2008-10-29,26.5,94.375,Assam,Background_Sampling,Copernicus_NASA_Background,negative,0.0,14.01,30.02,30.02,87.35,0.85,2.3333,307.93,20.68,270.76,-0.012984,0
APDA-NEG-00203,2012-06-03,25.5,92.5,Assam,Background_Sampling,Copernicus_NASA_Background,negative,64.46,125.52,176.83,229.69,307.67,0.93,2.8667,1063.07,25.33,13.62,-0.014165,0
APDA-NEG-00204,2012-06-25,27.0,94.375,Assam,Background_Sampling,Copernicus_NASA_Background,negative,27.26,73.88,128.36,244.48,405.54,0.87,2.4667,86.0,0.0,0.0,0.0,0
APDA-NEG-00205,2012-06-03,26.5,94.375,Assam,Background_Sampling,Copernicus_NASA_Background,negative,19.91,75.56,84.64,140.29,255.86,0.82,2.1333,307.93,20.68,270.76,-0.012984,0
APDA-NEG-00206,2017-07-03,25.5,92.5,Assam,Background_Sampling,Copernicus_NASA_Background,negative,10.17,66.11,130.51,267.2,658.56,0.96,3.0667,1063.07,25.33,13.62,-0.014165,0
APDA-NEG-00207,2012-06-03,28.0,93.75,Assam,Background_Sampling,Copernicus_NASA_Background,negative,17.89,46.37,54.13,112.17,237.87,0.77,1.8,576.05,30.81,45.85,0.021021,0
APDA-NEG-00208,2012-06-03,28.0,93.75,Assam,Background_Sampling,Copernicus_NASA_Background,negative,17.89,46.37,54.13,112.17,237.87,0.77,1.8,576.05,30.81,45.85,0.021021,0
APDA-NEG-00209,2012-06-20,28.0,93.75,Assam,Background_Sampling,Copernicus_NASA_Background,negative,23.53,28.35,68.33,158.94,304.52,0.81,2.0667,576.05,30.81,45.85,0.021021,0
APDA-NEG-00210,2014-09-22,28.0,93.75,Assam,Background_Sampling,Copernicus_NASA_Background,negative,21.61,67.0,89.56,194.02,296.69,0.92,2.8,576.05,30.81,45.85,0.021021,0
APDA-NEG-00211,2012-06-22,28.0,93.75,Assam,Background_Sampling,Copernicus_NASA_Background,negative,11.46,52.38,62.48,173.1,291.78,0.81,2.0667,576.05,30.81,45.85,0.021021,0
APDA-NEG-00212,2012-06-02,25.5,92.5,Assam,Background_Sampling,Copernicus_NASA_Background,negative,30.52,77.74,114.13,172.56,243.21,0.87,2.4667,1063.07,25.33,13.62,-0.014165,0
APDA-NEG-00213,2012-06-25,25.5,90.625,Assam,Background_Sampling,Copernicus_NASA_Background,negative,66.93,120.93,161.73,291.07,468.78,0.95,3.0,263.81,5.53,161.64,-0.002985,0
APDA-NEG-00214,2012-06-03,25.0,90.625,Assam,Background_Sampling,Copernicus_NASA_Background,negative,31.43,62.16,90.07,131.81,202.82,0.7,1.3333,9.45,0.41,97.51,-0.000647,0
APDA-NEG-00215,2013-05-11,27.0,94.375,Assam,Background_Sampling,Copernicus_NASA_Background,negative,12.93,23.68,47.03,149.49,236.04,0.68,1.2,86.0,0.0,0.0,0.0,0
APDA-NEG-00216,2016-05-18,26.5,94.375,Assam,Background_Sampling,Copernicus_NASA_Background,negative,25.38,77.02,128.68,134.27,283.78,0.81,2.0667,307.93,20.68,270.76,-0.012984,0
APDA-NEG-00217,2013-05-11,27.0,94.375,Assam,Background_Sampling,Copernicus_NASA_Background,negative,12.93,23.68,47.03,149.49,236.04,0.68,1.2,86.0,0.0,0.0,0.0,0
APDA-NEG-00218,2015-09-23,25.0,90.625,Assam,Background_Sampling,Copernicus_NASA_Background,negative,29.24,89.92,130.93,202.14,472.03,0.95,3.0,9.45,0.41,97.51,-0.000647,0
APDA-NEG-00219,2013-05-11,25.5,92.5,Assam,Background_Sampling,Copernicus_NASA_Background,negative,40.88,111.85,215.53,364.88,450.86,0.9,2.6667,1063.07,25.33,13.62,-0.014165,0
APDA-NEG-00220,2013-05-11,26.5,94.375,Assam,Background_Sampling,Copernicus_NASA_Background,negative,12.97,29.95,61.48,158.02,241.03,0.76,1.7333,307.93,20.68,270.76,-0.012984,0
APDA-NEG-00221,2013-10-06,27.0,94.375,Assam,Background_Sampling,Copernicus_NASA_Background,negative,13.13,66.6,72.9,117.32,148.64,0.91,2.7333,86.0,0.0,0.0,0.0,0
APDA-NEG-00222,2014-09-22,27.0,94.375,Assam,Background_Sampling,Copernicus_NASA_Background,negative,17.23,68.81,102.56,225.45,314.66,0.94,2.9333,86.0,0.0,0.0,0.0,0
APDA-NEG-00223,2013-10-06,26.5,94.375,Assam,Background_Sampling,Copernicus_NASA_Background,negative,12.27,52.77,59.39,100.92,151.11,0.92,2.8,307.93,20.68,270.76,-0.012984,0
APDA-NEG-00224,2017-07-10,28.0,93.75,Assam,Background_Sampling,Copernicus_NASA_Background,negative,67.43,212.28,298.49,523.72,770.24,0.99,3.2667,576.05,30.81,45.85,0.021021,0
APDA-NEG-00225,2014-05-10,28.0,93.75,Assam,Background_Sampling,Copernicus_NASA_Background,negative,12.29,77.29,117.32,135.32,145.24,0.75,1.6667,576.05,30.81,45.85,0.021021,0
APDA-NEG-00226,2008-08-14,25.0,90.625,Assam,Background_Sampling,Copernicus_NASA_Background,negative,7.92,54.41,140.02,208.61,283.83,0.89,2.6,9.45,0.41,97.51,-0.000647,0
APDA-NEG-00227,2014-06-27,25.5,92.5,Assam,Background_Sampling,Copernicus_NASA_Background,negative,4.63,15.15,118.56,277.64,382.69,0.83,2.2,1063.07,25.33,13.62,-0.014165,0
APDA-NEG-00228,2013-10-06,26.5,94.375,Assam,Background_Sampling,Copernicus_NASA_Background,negative,12.27,52.77,59.39,100.92,151.11,0.92,2.8,307.93,20.68,270.76,-0.012984,0
APDA-NEG-00229,2014-06-27,25.0,90.625,Assam,Background_Sampling,Copernicus_NASA_Background,negative,6.23,14.04,171.76,345.19,501.26,0.87,2.4667,9.45,0.41,97.51,-0.000647,0
APDA-NEG-00230,2014-09-22,27.0,94.375,Assam,Background_Sampling,Copernicus_NASA_Background,negative,17.23,68.81,102.56,225.45,314.66,0.94,2.9333,86.0,0.0,0.0,0.0,0
APDA-NEG-00231,2014-06-27,25.0,90.625,Assam,Background_Sampling,Copernicus_NASA_Background,negative,6.23,14.04,171.76,345.19,501.26,0.87,2.4667,9.45,0.41,97.51,-0.000647,0
APDA-NEG-00232,2015-09-01,25.5,92.5,Assam,Background_Sampling,Copernicus_NASA_Background,negative,19.33,138.53,201.37,329.88,495.59,0.98,3.2,1063.07,25.33,13.62,-0.014165,0
APDA-NEG-00233,2014-06-28,27.0,94.375,Assam,Background_Sampling,Copernicus_NASA_Background,negative,23.86,69.35,105.74,223.96,324.21,0.85,2.3333,86.0,0.0,0.0,0.0,0
APDA-NEG-00234,2016-05-18,26.5,94.375,Assam,Background_Sampling,Copernicus_NASA_Background,negative,25.38,77.02,128.68,134.27,283.78,0.81,2.0667,307.93,20.68,270.76,-0.012984,0
APDA-NEG-00235,2014-09-22,25.0,90.625,Assam,Background_Sampling,Copernicus_NASA_Background,negative,70.0,167.86,269.02,306.43,484.9,0.96,3.0667,9.45,0.41,97.51,-0.000647,0
APDA-NEG-00236,2012-06-22,25.0,90.625,Assam,Background_Sampling,Copernicus_NASA_Background,negative,8.44,24.43,70.3,170.99,322.1,0.76,1.7333,9.45,0.41,97.51,-0.000647,0
APDA-NEG-00237,2014-09-22,27.0,94.375,Assam,Background_Sampling,Copernicus_NASA_Background,negative,17.23,68.81,102.56,225.45,314.66,0.94,2.9333,86.0,0.0,0.0,0.0,0
APDA-NEG-00238,2010-07-25,25.5,92.5,Assam,Background_Sampling,Copernicus_NASA_Background,negative,3.61,24.14,81.4,156.15,348.1,0.93,2.8667,1063.07,25.33,13.62,-0.014165,0
APDA-NEG-00239,2014-09-22,27.0,94.375,Assam,Background_Sampling,Copernicus_NASA_Background,negative,17.23,68.81,102.56,225.45,314.66,0.94,2.9333,86.0,0.0,0.0,0.0,0
APDA-NEG-00240,2015-02-20,25.5,90.625,Assam,Background_Sampling,Copernicus_NASA_Background,negative,0.11,15.3,15.88,15.88,16.44,0.58,0.5333,263.81,5.53,161.64,-0.002985,0
APDA-NEG-00241,2014-09-22,25.5,90.625,Assam,Background_Sampling,Copernicus_NASA_Background,negative,110.54,208.07,284.09,344.19,495.97,0.99,3.2667,263.81,5.53,161.64,-0.002985,0
APDA-NEG-00242,2014-09-22,25.5,92.5,Assam,Background_Sampling,Copernicus_NASA_Background,negative,46.97,113.14,185.52,230.78,355.56,0.96,3.0667,1063.07,25.33,13.62,-0.014165,0
APDA-NEG-00243,2014-09-22,25.5,90.625,Assam,Background_Sampling,Copernicus_NASA_Background,negative,110.54,208.07,284.09,344.19,495.97,0.99,3.2667,263.81,5.53,161.64,-0.002985,0
APDA-NEG-00244,2011-06-29,28.0,93.75,Assam,Background_Sampling,Copernicus_NASA_Background,negative,8.57,20.48,64.56,113.52,249.56,0.79,1.9333,576.05,30.81,45.85,0.021021,0
APDA-NEG-00245,2014-09-22,25.5,90.625,Assam,Background_Sampling,Copernicus_NASA_Background,negative,110.54,208.07,284.09,344.19,495.97,0.99,3.2667,263.81,5.53,161.64,-0.002985,0
APDA-NEG-00246,2007-08-26,25.5,92.5,Assam,Background_Sampling,Copernicus_NASA_Background,negative,29.61,38.18,61.8,149.79,281.92,0.93,2.8667,1063.07,25.33,13.62,-0.014165,0
APDA-NEG-00247,2014-09-22,25.5,90.625,Assam,Background_Sampling,Copernicus_NASA_Background,negative,110.54,208.07,284.09,344.19,495.97,0.99,3.2667,263.81,5.53,161.64,-0.002985,0
APDA-NEG-00248,2012-06-25,27.0,94.375,Assam,Background_Sampling,Copernicus_NASA_Background,negative,27.26,73.88,128.36,244.48,405.54,0.87,2.4667,86.0,0.0,0.0,0.0,0
APDA-NEG-00249,2014-09-22,27.0,94.375,Assam,Background_Sampling,Copernicus_NASA_Background,negative,17.23,68.81,102.56,225.45,314.66,0.94,2.9333,86.0,0.0,0.0,0.0,0
APDA-NEG-00250,2014-09-22,25.5,92.5,Assam,Background_Sampling,Copernicus_NASA_Background,negative,46.97,113.14,185.52,230.78,355.56,0.96,3.0667,1063.07,25.33,13.62,-0.014165,0
APDA-NEG-00251,2014-09-23,25.0,90.625,Assam,Background_Sampling,Copernicus_NASA_Background,negative,29.81,153.54,296.78,335.36,470.16,0.97,3.1333,9.45,0.41,97.51,-0.000647,0
APDA-NEG-00252,2011-09-23,25.5,90.625,Assam,Background_Sampling,Copernicus_NASA_Background,negative,8.61,22.76,103.24,224.25,281.29,0.96,3.0667,263.81,5.53,161.64,-0.002985,0
APDA-NEG-00253,2015-02-14,25.5,92.5,Assam,Background_Sampling,Copernicus_NASA_Background,negative,0.08,0.08,0.08,0.08,1.9,0.69,1.2667,1063.07,25.33,13.62,-0.014165,0
APDA-NEG-00254,2011-09-06,25.5,90.625,Assam,Background_Sampling,Copernicus_NASA_Background,negative,11.09,21.72,29.91,79.5,504.67,0.93,2.8667,263.81,5.53,161.64,-0.002985,0
APDA-NEG-00255,2015-02-20,25.0,90.625,Assam,Background_Sampling,Copernicus_NASA_Background,negative,0.34,17.81,18.58,18.58,18.8,0.42,-0.5333,9.45,0.41,97.51,-0.000647,0
APDA-NEG-00256,2008-10-29,26.5,94.375,Assam,Background_Sampling,Copernicus_NASA_Background,negative,0.0,14.01,30.02,30.02,87.35,0.85,2.3333,307.93,20.68,270.76,-0.012984,0
APDA-NEG-00257,2015-03-19,27.0,94.375,Assam,Background_Sampling,Copernicus_NASA_Background,negative,1.04,1.73,1.96,10.72,39.36,0.52,0.1333,86.0,0.0,0.0,0.0,0
APDA-NEG-00258,2014-09-22,26.5,94.375,Assam,Background_Sampling,Copernicus_NASA_Background,negative,15.76,64.26,104.26,197.19,269.72,0.93,2.8667,307.93,20.68,270.76,-0.012984,0
APDA-NEG-00259,2015-07-22,26.5,94.375,Assam,Background_Sampling,Copernicus_NASA_Background,negative,11.88,51.73,80.57,148.58,318.64,0.91,2.7333,307.93,20.68,270.76,-0.012984,0
APDA-NEG-00260,2008-10-29,27.0,94.375,Assam,Background_Sampling,Copernicus_NASA_Background,negative,0.0,19.84,31.21,31.26,94.98,0.83,2.2,86.0,0.0,0.0,0.0,0
APDA-NEG-00261,2015-07-25,28.0,93.75,Assam,Background_Sampling,Copernicus_NASA_Background,negative,1.47,41.51,118.13,192.05,322.62,0.91,2.7333,576.05,30.81,45.85,0.021021,0
APDA-NEG-00262,2017-04-04,28.0,93.75,Assam,Background_Sampling,Copernicus_NASA_Background,negative,4.6,31.32,66.87,80.51,114.94,0.72,1.4667,576.05,30.81,45.85,0.021021,0
APDA-NEG-00263,2015-08-22,25.5,92.5,Assam,Background_Sampling,Copernicus_NASA_Background,negative,6.58,45.54,130.18,230.47,358.29,0.96,3.0667,1063.07,25.33,13.62,-0.014165,0
APDA-NEG-00264,2016-06-22,26.5,94.375,Assam,Background_Sampling,Copernicus_NASA_Background,negative,24.19,41.07,135.04,199.93,255.84,0.87,2.4667,307.93,20.68,270.76,-0.012984,0
APDA-NEG-00265,2015-09-01,28.0,93.75,Assam,Background_Sampling,Copernicus_NASA_Background,negative,21.24,88.82,247.97,407.47,583.12,0.97,3.1333,576.05,30.81,45.85,0.021021,0
APDA-NEG-00266,2011-09-06,25.5,92.5,Assam,Background_Sampling,Copernicus_NASA_Background,negative,14.24,36.26,52.75,90.04,362.24,0.93,2.8667,1063.07,25.33,13.62,-0.014165,0
APDA-NEG-00267,2015-09-01,25.5,90.625,Assam,Background_Sampling,Copernicus_NASA_Background,negative,16.1,113.66,173.71,321.69,424.21,0.98,3.2,263.81,5.53,161.64,-0.002985,0
APDA-NEG-00268,2011-05-24,28.0,93.75,Assam,Background_Sampling,Copernicus_NASA_Background,negative,9.51,64.89,73.93,83.63,162.31,0.76,1.7333,576.05,30.81,45.85,0.021021,0
APDA-NEG-00269,2015-09-23,25.5,90.625,Assam,Background_Sampling,Copernicus_NASA_Background,negative,37.89,105.59,141.99,210.09,483.11,0.98,3.2,263.81,5.53,161.64,-0.002985,0
APDA-NEG-00270,2017-07-03,25.5,90.625,Assam,Background_Sampling,Copernicus_NASA_Background,negative,49.45,116.97,159.76,323.04,743.87,0.98,3.2,263.81,5.53,161.64,-0.002985,0
APDA-NEG-00271,2016-05-18,27.0,94.375,Assam,Background_Sampling,Copernicus_NASA_Background,negative,24.21,77.82,126.75,130.71,302.94,0.82,2.1333,86.0,0.0,0.0,0.0,0
APDA-NEG-00272,2014-06-27,26.5,94.375,Assam,Background_Sampling,Copernicus_NASA_Background,negative,17.0,33.71,80.74,188.51,292.71,0.84,2.2667,307.93,20.68,270.76,-0.012984,0
APDA-NEG-00273,2016-05-18,28.0,93.75,Assam,Background_Sampling,Copernicus_NASA_Background,negative,22.54,65.53,98.51,104.24,243.08,0.84,2.2667,576.05,30.81,45.85,0.021021,0
APDA-NEG-00274,2015-09-01,28.0,93.75,Assam,Background_Sampling,Copernicus_NASA_Background,negative,21.24,88.82,247.97,407.47,583.12,0.97,3.1333,576.05,30.81,45.85,0.021021,0
APDA-NEG-00275,2016-05-18,25.0,90.625,Assam,Background_Sampling,Copernicus_NASA_Background,negative,28.5,111.82,204.33,306.81,426.4,0.86,2.4,9.45,0.41,97.51,-0.000647,0
APDA-NEG-00276,2008-10-29,27.0,94.375,Assam,Background_Sampling,Copernicus_NASA_Background,negative,0.0,19.84,31.21,31.26,94.98,0.83,2.2,86.0,0.0,0.0,0.0,0
APDA-NEG-00277,2016-05-18,25.0,90.625,Assam,Background_Sampling,Copernicus_NASA_Background,negative,28.5,111.82,204.33,306.81,426.4,0.86,2.4,9.45,0.41,97.51,-0.000647,0
APDA-NEG-00278,2008-06-15,26.5,94.375,Assam,Background_Sampling,Copernicus_NASA_Background,negative,1.49,47.72,113.43,191.33,335.91,0.77,1.8,307.93,20.68,270.76,-0.012984,0
APDA-NEG-00279,2016-06-22,26.5,94.375,Assam,Background_Sampling,Copernicus_NASA_Background,negative,24.19,41.07,135.04,199.93,255.84,0.87,2.4667,307.93,20.68,270.76,-0.012984,0
APDA-NEG-00280,2018-12-18,28.0,93.75,Assam,Background_Sampling,Copernicus_NASA_Background,negative,19.48,20.34,20.34,20.34,20.34,0.78,1.8667,576.05,30.81,45.85,0.021021,0
APDA-NEG-00281,2016-07-07,25.5,92.5,Assam,Background_Sampling,Copernicus_NASA_Background,negative,14.17,41.01,149.59,229.14,481.0,0.95,3.0,1063.07,25.33,13.62,-0.014165,0
APDA-NEG-00282,2010-06-15,26.5,94.375,Assam,Background_Sampling,Copernicus_NASA_Background,negative,40.07,75.47,135.07,260.58,370.59,0.91,2.7333,307.93,20.68,270.76,-0.012984,0
APDA-NEG-00283,2016-07-14,25.0,90.625,Assam,Background_Sampling,Copernicus_NASA_Background,negative,19.95,50.42,96.86,332.82,614.4,0.94,2.9333,9.45,0.41,97.51,-0.000647,0
APDA-NEG-00284,2012-06-03,25.5,90.625,Assam,Background_Sampling,Copernicus_NASA_Background,negative,44.49,67.8,111.89,156.59,219.38,0.84,2.2667,263.81,5.53,161.64,-0.002985,0
APDA-NEG-00285,2016-07-14,25.5,92.5,Assam,Background_Sampling,Copernicus_NASA_Background,negative,18.15,44.02,105.03,257.9,494.18,0.95,3.0,1063.07,25.33,13.62,-0.014165,0
APDA-NEG-00286,2016-05-18,27.0,94.375,Assam,Background_Sampling,Copernicus_NASA_Background,negative,24.21,77.82,126.75,130.71,302.94,0.82,2.1333,86.0,0.0,0.0,0.0,0
APDA-NEG-00287,2016-07-19,25.5,92.5,Assam,Background_Sampling,Copernicus_NASA_Background,negative,41.22,159.46,261.21,371.94,640.61,0.97,3.1333,1063.07,25.33,13.62,-0.014165,0
APDA-NEG-00288,2015-08-22,26.5,94.375,Assam,Background_Sampling,Copernicus_NASA_Background,negative,2.62,38.75,84.51,159.02,257.02,0.92,2.8,307.93,20.68,270.76,-0.012984,0
APDA-NEG-00289,2016-07-20,25.5,90.625,Assam,Background_Sampling,Copernicus_NASA_Background,negative,24.82,144.23,309.19,389.37,771.49,0.99,3.2667,263.81,5.53,161.64,-0.002985,0
APDA-NEG-00290,2017-07-09,25.0,90.625,Assam,Background_Sampling,Copernicus_NASA_Background,negative,24.33,61.53,196.72,342.03,1011.19,0.96,3.0667,9.45,0.41,97.51,-0.000647,0
APDA-NEG-00291,2016-09-01,25.0,90.625,Assam,Background_Sampling,Copernicus_NASA_Background,negative,20.17,51.74,71.63,94.35,258.58,0.91,2.7333,9.45,0.41,97.51,-0.000647,0
APDA-NEG-00292,2011-06-29,28.0,93.75,Assam,Background_Sampling,Copernicus_NASA_Background,negative,8.57,20.48,64.56,113.52,249.56,0.79,1.9333,576.05,30.81,45.85,0.021021,0
APDA-NEG-00293,2016-12-15,27.0,94.375,Assam,Background_Sampling,Copernicus_NASA_Background,negative,0.0,0.0,0.0,0.0,0.0,0.71,1.4,86.0,0.0,0.0,0.0,0
APDA-NEG-00294,2007-07-19,26.5,94.375,Assam,Background_Sampling,Copernicus_NASA_Background,negative,9.79,33.63,70.03,125.97,230.51,0.81,2.0667,307.93,20.68,270.76,-0.012984,0
APDA-NEG-00295,2016-12-15,25.5,90.625,Assam,Background_Sampling,Copernicus_NASA_Background,negative,0.0,0.0,0.0,0.0,0.07,0.75,1.6667,263.81,5.53,161.64,-0.002985,0
APDA-NEG-00296,2007-07-19,25.5,90.625,Assam,Background_Sampling,Copernicus_NASA_Background,negative,35.12,78.83,176.15,215.9,316.41,0.96,3.0667,263.81,5.53,161.64,-0.002985,0
APDA-NEG-00297,2017-04-04,25.5,90.625,Assam,Background_Sampling,Copernicus_NASA_Background,negative,22.09,99.25,212.88,298.31,357.89,0.89,2.6,263.81,5.53,161.64,-0.002985,0
APDA-NEG-00298,2014-09-22,28.0,93.75,Assam,Background_Sampling,Copernicus_NASA_Background,negative,21.61,67.0,89.56,194.02,296.69,0.92,2.8,576.05,30.81,45.85,0.021021,0
APDA-NEG-00299,2017-04-04,27.0,94.375,Assam,Background_Sampling,Copernicus_NASA_Background,negative,5.88,45.57,94.02,114.0,161.81,0.7,1.3333,86.0,0.0,0.0,0.0,0
APDA-NEG-00300,2007-07-19,25.0,90.625,Assam,Background_Sampling,Copernicus_NASA_Background,negative,42.69,93.97,185.91,224.89,335.27,0.92,2.8,9.45,0.41,97.51,-0.000647,0
APDA-NEG-00301,2017-04-04,25.0,90.625,Assam,Background_Sampling,Copernicus_NASA_Background,negative,15.92,83.76,212.66,326.58,418.81,0.83,2.2,9.45,0.41,97.51,-0.000647,0
APDA-NEG-00302,2011-05-24,25.0,90.625,Assam,Background_Sampling,Copernicus_NASA_Background,negative,10.18,35.94,95.64,174.66,268.84,0.66,1.0667,9.45,0.41,97.51,-0.000647,0
APDA-NEG-00303,2017-04-04,25.0,90.625,Assam,Background_Sampling,Copernicus_NASA_Background,negative,15.92,83.76,212.66,326.58,418.81,0.83,2.2,9.45,0.41,97.51,-0.000647,0
APDA-NEG-00304,2017-04-04,25.5,92.5,Assam,Background_Sampling,Copernicus_NASA_Background,negative,16.03,124.53,333.31,359.61,404.46,0.91,2.7333,1063.07,25.33,13.62,-0.014165,0
APDA-NEG-00305,2017-04-04,25.5,90.625,Assam,Background_Sampling,Copernicus_NASA_Background,negative,22.09,99.25,212.88,298.31,357.89,0.89,2.6,263.81,5.53,161.64,-0.002985,0
APDA-NEG-00306,2017-07-03,25.5,92.5,Assam,Background_Sampling,Copernicus_NASA_Background,negative,10.17,66.11,130.51,267.2,658.56,0.96,3.0667,1063.07,25.33,13.62,-0.014165,0
APDA-NEG-00307,2017-04-05,27.0,94.375,Assam,Background_Sampling,Copernicus_NASA_Background,negative,0.03,15.04,87.07,114.02,157.75,0.66,1.0667,86.0,0.0,0.0,0.0,0
APDA-NEG-00308,2017-04-04,25.0,90.625,Assam,Background_Sampling,Copernicus_NASA_Background,negative,15.92,83.76,212.66,326.58,418.81,0.83,2.2,9.45,0.41,97.51,-0.000647,0
APDA-NEG-00309,2017-04-30,26.5,94.375,Assam,Background_Sampling,Copernicus_NASA_Background,negative,7.89,37.6,85.42,122.81,207.35,0.75,1.6667,307.93,20.68,270.76,-0.012984,0
APDA-NEG-00310,2014-09-22,25.0,90.625,Assam,Background_Sampling,Copernicus_NASA_Background,negative,70.0,167.86,269.02,306.43,484.9,0.96,3.0667,9.45,0.41,97.51,-0.000647,0
APDA-NEG-00311,2017-06-04,27.0,94.375,Assam,Background_Sampling,Copernicus_NASA_Background,negative,20.03,74.49,139.48,238.26,369.7,0.85,2.3333,86.0,0.0,0.0,0.0,0
APDA-NEG-00312,2016-05-18,28.0,93.75,Assam,Background_Sampling,Copernicus_NASA_Background,negative,22.54,65.53,98.51,104.24,243.08,0.84,2.2667,576.05,30.81,45.85,0.021021,0
APDA-NEG-00313,2017-06-19,26.5,94.375,Assam,Background_Sampling,Copernicus_NASA_Background,negative,1.63,37.18,76.5,114.7,306.96,0.8,2.0,307.93,20.68,270.76,-0.012984,0
APDA-NEG-00314,2017-04-04,25.0,90.625,Assam,Background_Sampling,Copernicus_NASA_Background,negative,15.92,83.76,212.66,326.58,418.81,0.83,2.2,9.45,0.41,97.51,-0.000647,0
APDA-NEG-00315,2017-07-03,25.5,90.625,Assam,Background_Sampling,Copernicus_NASA_Background,negative,49.45,116.97,159.76,323.04,743.87,0.98,3.2,263.81,5.53,161.64,-0.002985,0
APDA-NEG-00316,2014-09-22,25.5,90.625,Assam,Background_Sampling,Copernicus_NASA_Background,negative,110.54,208.07,284.09,344.19,495.97,0.99,3.2667,263.81,5.53,161.64,-0.002985,0
APDA-NEG-00317,2017-07-03,25.0,90.625,Assam,Background_Sampling,Copernicus_NASA_Background,negative,58.7,137.31,186.5,396.06,940.8,0.97,3.1333,9.45,0.41,97.51,-0.000647,0
APDA-NEG-00318,2012-06-25,26.5,94.375,Assam,Background_Sampling,Copernicus_NASA_Background,negative,22.43,56.41,109.97,203.64,359.76,0.87,2.4667,307.93,20.68,270.76,-0.012984,0
APDA-NEG-00319,2017-07-03,28.0,93.75,Assam,Background_Sampling,Copernicus_NASA_Background,negative,22.04,106.77,200.84,334.28,482.91,0.95,3.0,576.05,30.81,45.85,0.021021,0
APDA-NEG-00320,2011-06-29,28.0,93.75,Assam,Background_Sampling,Copernicus_NASA_Background,negative,8.57,20.48,64.56,113.52,249.56,0.79,1.9333,576.05,30.81,45.85,0.021021,0
APDA-NEG-00321,2017-07-03,25.5,90.625,Assam,Background_Sampling,Copernicus_NASA_Background,negative,49.45,116.97,159.76,323.04,743.87,0.98,3.2,263.81,5.53,161.64,-0.002985,0
APDA-NEG-00322,2016-07-14,25.5,90.625,Assam,Background_Sampling,Copernicus_NASA_Background,negative,13.59,34.3,72.12,297.2,592.82,0.96,3.0667,263.81,5.53,161.64,-0.002985,0
APDA-NEG-00323,2017-07-03,26.5,94.375,Assam,Background_Sampling,Copernicus_NASA_Background,negative,17.57,83.31,146.27,264.34,391.64,0.89,2.6,307.93,20.68,270.76,-0.012984,0
APDA-NEG-00324,2014-09-23,25.5,90.625,Assam,Background_Sampling,Copernicus_NASA_Background,negative,33.11,202.39,315.1,375.81,488.59,0.99,3.2667,263.81,5.53,161.64,-0.002985,0
APDA-NEG-00325,2017-07-06,25.5,90.625,Assam,Background_Sampling,Copernicus_NASA_Background,negative,21.02,69.05,210.86,300.85,768.85,0.98,3.2,263.81,5.53,161.64,-0.002985,0
APDA-NEG-00326,2010-10-09,25.5,90.625,Assam,Background_Sampling,Copernicus_NASA_Background,negative,7.24,118.19,127.25,159.26,327.84,0.95,3.0,263.81,5.53,161.64,-0.002985,0
APDA-NEG-00327,2017-07-09,25.5,90.625,Assam,Background_Sampling,Copernicus_NASA_Background,negative,28.05,55.03,173.53,295.57,819.87,0.98,3.2,263.81,5.53,161.64,-0.002985,0
APDA-NEG-00328,2016-07-14,27.0,94.375,Assam,Background_Sampling,Copernicus_NASA_Background,negative,22.43,46.95,92.36,211.06,387.45,0.89,2.6,86.0,0.0,0.0,0.0,0
APDA-NEG-00329,2017-07-10,25.0,90.625,Assam,Background_Sampling,Copernicus_NASA_Background,negative,37.39,82.21,175.41,371.54,1038.54,0.97,3.1333,9.45,0.41,97.51,-0.000647,0
APDA-NEG-00330,2010-06-15,26.5,94.375,Assam,Background_Sampling,Copernicus_NASA_Background,negative,40.07,75.47,135.07,260.58,370.59,0.91,2.7333,307.93,20.68,270.76,-0.012984,0
APDA-NEG-00331,2017-07-10,25.5,90.625,Assam,Background_Sampling,Copernicus_NASA_Background,negative,39.58,86.35,163.66,329.48,854.36,0.98,3.2,263.81,5.53,161.64,-0.002985,0
APDA-NEG-00332,2017-07-10,27.0,94.375,Assam,Background_Sampling,Copernicus_NASA_Background,negative,44.4,166.57,230.48,428.5,644.58,0.97,3.1333,86.0,0.0,0.0,0.0,0
APDA-NEG-00333,2017-07-10,25.5,92.5,Assam,Background_Sampling,Copernicus_NASA_Background,negative,22.44,68.16,147.22,294.8,772.59,0.97,3.1333,1063.07,25.33,13.62,-0.014165,0
APDA-NEG-00334,2011-07-24,26.5,94.375,Assam,Background_Sampling,Copernicus_NASA_Background,negative,3.4,56.2,171.29,292.58,465.27,0.89,2.6,307.93,20.68,270.76,-0.012984,0
APDA-NEG-00335,2018-12-18,26.5,94.375,Assam,Background_Sampling,Copernicus_NASA_Background,negative,21.65,22.13,22.18,22.64,22.64,0.85,2.3333,307.93,20.68,270.76,-0.012984,0
APDA-NEG-00336,2013-05-11,25.5,90.625,Assam,Background_Sampling,Copernicus_NASA_Background,negative,21.86,71.71,193.82,299.64,358.46,0.86,2.4,263.81,5.53,161.64,-0.002985,0
APDA-NEG-00337,2007-08-12,32.5,78.125,Himachal Pradesh,Background_Sampling,Copernicus_NASA_Background,negative,7.75,15.84,25.88,66.16,89.93,0.54,0.2667,5364.12,23.0,184.14,0.001507,0
APDA-NEG-00338,2017-02-21,30.5,76.875,Himachal Pradesh,Background_Sampling,Copernicus_NASA_Background,negative,3.43,5.51,5.51,5.51,52.06,0.42,-0.5333,298.08,0.59,195.1,0.000987,0
APDA-NEG-00339,2007-08-12,32.0,78.125,Himachal Pradesh,Background_Sampling,Copernicus_NASA_Background,negative,11.8,20.94,35.95,98.53,131.23,0.65,1.0,5347.43,45.52,279.8,-0.005436,0
APDA-NEG-00340,2017-06-29,33.0,77.5,Himachal Pradesh,Background_Sampling,Copernicus_NASA_Background,negative,5.57,18.71,19.01,37.93,50.45,0.68,1.2,5155.49,22.24,314.26,0.012153,0
APDA-NEG-00341,2008-03-17,32.0,78.125,Himachal Pradesh,Background_Sampling,Copernicus_NASA_Background,negative,0.0,0.0,1.49,1.49,1.5,0.43,-0.4667,5347.43,45.52,279.8,-0.005436,0
APDA-NEG-00342,2011-06-29,32.5,78.125,Himachal Pradesh,Background_Sampling,Copernicus_NASA_Background,negative,2.91,7.82,25.82,33.01,68.44,0.47,-0.2,5364.12,23.0,184.14,0.001507,0
APDA-NEG-00343,2008-06-03,30.5,76.875,Himachal Pradesh,Background_Sampling,Copernicus_NASA_Background,negative,0.4,5.53,8.44,96.06,134.51,0.39,-0.7333,298.08,0.59,195.1,0.000987,0
APDA-NEG-00344,2017-06-07,30.5,76.875,Himachal Pradesh,Background_Sampling,Copernicus_NASA_Background,negative,44.53,45.51,45.66,60.15,93.08,0.47,-0.2,298.08,0.59,195.1,0.000987,0
APDA-NEG-00345,2008-06-18,31.5,78.75,Himachal Pradesh,Background_Sampling,Copernicus_NASA_Background,negative,9.99,15.49,93.35,117.07,152.16,0.76,1.7333,4989.8,15.71,68.13,-0.003931,0
APDA-NEG-00346,2010-09-19,33.0,77.5,Himachal Pradesh,Background_Sampling,Copernicus_NASA_Background,negative,7.92,10.92,15.69,42.36,91.52,0.66,1.0667,5155.49,22.24,314.26,0.012153,0
APDA-NEG-00347,2008-08-08,32.0,78.125,Himachal Pradesh,Background_Sampling,Copernicus_NASA_Background,negative,8.76,14.58,40.9,81.73,137.85,0.7,1.3333,5347.43,45.52,279.8,-0.005436,0
APDA-NEG-00348,2008-12-21,32.0,78.125,Himachal Pradesh,Background_Sampling,Copernicus_NASA_Background,negative,0.03,0.42,0.43,0.75,0.75,0.56,0.4,5347.43,45.52,279.8,-0.005436,0
APDA-NEG-00349,2008-08-14,32.5,76.875,Himachal Pradesh,Background_Sampling,Copernicus_NASA_Background,negative,13.53,111.29,167.09,291.5,367.86,0.94,2.9333,5101.1,32.0,358.76,0.004829,0
APDA-NEG-00350,2010-08-11,31.5,78.75,Himachal Pradesh,Background_Sampling,Copernicus_NASA_Background,negative,1.0,18.74,49.21,167.96,257.31,0.83,2.2,4989.8,15.71,68.13,-0.003931,0
APDA-NEG-00351,2008-08-17,30.5,76.875,Himachal Pradesh,Background_Sampling,Copernicus_NASA_Background,negative,8.28,40.13,152.26,281.58,390.87,0.89,2.6,298.08,0.59,195.1,0.000987,0
APDA-NEG-00352,2008-08-17,31.5,78.75,Himachal Pradesh,Background_Sampling,Copernicus_NASA_Background,negative,8.57,33.31,79.82,151.04,244.77,0.88,2.5333,4989.8,15.71,68.13,-0.003931,0
APDA-NEG-00353,2008-09-19,32.0,78.125,Himachal Pradesh,Background_Sampling,Copernicus_NASA_Background,negative,16.78,25.44,26.85,41.26,76.72,0.72,1.4667,5347.43,45.52,279.8,-0.005436,0
APDA-NEG-00354,2018-09-27,31.5,78.75,Himachal Pradesh,Background_Sampling,Copernicus_NASA_Background,negative,0.0,2.61,66.68,72.76,107.42,0.8,2.0,4989.8,15.71,68.13,-0.003931,0
APDA-NEG-00355,2008-09-19,31.5,78.75,Himachal Pradesh,Background_Sampling,Copernicus_NASA_Background,negative,22.81,33.65,36.11,57.99,104.94,0.85,2.3333,4989.8,15.71,68.13,-0.003931,0
APDA-NEG-00356,2017-03-22,32.5,76.875,Himachal Pradesh,Background_Sampling,Copernicus_NASA_Background,negative,0.0,0.0,10.22,61.72,103.34,0.78,1.8667,5101.1,32.0,358.76,0.004829,0
APDA-NEG-00357,2008-09-19,33.0,77.5,Himachal Pradesh,Background_Sampling,Copernicus_NASA_Background,negative,9.89,18.02,19.06,33.73,53.46,0.61,0.7333,5155.49,22.24,314.26,0.012153,0
APDA-NEG-00358,2015-07-26,30.5,76.875,Himachal Pradesh,Background_Sampling,Copernicus_NASA_Background,negative,5.93,24.59,38.81,204.24,404.36,0.77,1.8,298.08,0.59,195.1,0.000987,0
APDA-NEG-00359,2008-12-21,32.5,78.125,Himachal Pradesh,Background_Sampling,Copernicus_NASA_Background,negative,0.07,0.6,0.68,1.55,1.55,0.46,-0.2667,5364.12,23.0,184.14,0.001507,0
APDA-NEG-00360,2013-07-14,31.5,78.75,Himachal Pradesh,Background_Sampling,Copernicus_NASA_Background,negative,2.51,9.2,39.33,83.03,344.06,0.86,2.4,4989.8,15.71,68.13,-0.003931,0
APDA-NEG-00361,2009-09-03,32.0,78.125,Himachal Pradesh,Background_Sampling,Copernicus_NASA_Background,negative,1.6,3.2,23.65,31.14,73.67,0.51,0.0667,5347.43,45.52,279.8,-0.005436,0
APDA-NEG-00362,2016-09-02,33.0,77.5,Himachal Pradesh,Background_Sampling,Copernicus_NASA_Background,negative,2.35,8.99,25.48,49.07,104.58,0.65,1.0,5155.49,22.24,314.26,0.012153,0
APDA-NEG-00363,2009-09-10,32.5,78.125,Himachal Pradesh,Background_Sampling,Copernicus_NASA_Background,negative,9.49,36.11,39.46,57.52,73.79,0.54,0.2667,5364.12,23.0,184.14,0.001507,0
APDA-NEG-00364,2010-07-07,30.5,76.875,Himachal Pradesh,Background_Sampling,Copernicus_NASA_Background,negative,6.32,107.42,183.56,226.41,302.15,0.7,1.3333,298.08,0.59,195.1,0.000987,0
APDA-NEG-00365,2009-09-10,32.0,78.125,Himachal Pradesh,Background_Sampling,Copernicus_NASA_Background,negative,15.08,42.11,47.52,72.65,95.35,0.63,0.8667,5347.43,45.52,279.8,-0.005436,0
APDA-NEG-00366,2017-04-18,30.5,76.875,Himachal Pradesh,Background_Sampling,Copernicus_NASA_Background,negative,0.0,0.0,0.03,28.84,28.84,0.26,-1.6,298.08,0.59,195.1,0.000987,0
APDA-NEG-00367,2009-09-10,31.5,78.75,Himachal Pradesh,Background_Sampling,Copernicus_NASA_Background,negative,23.4,50.76,59.75,96.11,130.54,0.79,1.9333,4989.8,15.71,68.13,-0.003931,0
APDA-NEG-00368,2018-09-26,32.0,78.125,Himachal Pradesh,Background_Sampling,Copernicus_NASA_Background,negative,0.0,54.06,140.28,152.02,221.49,0.9,2.6667,5347.43,45.52,279.8,-0.005436,0
APDA-NEG-00369,2009-09-13,33.0,77.5,Himachal Pradesh,Background_Sampling,Copernicus_NASA_Background,negative,0.0,2.92,25.7,52.26,70.41,0.49,-0.0667,5155.49,22.24,314.26,0.012153,0
APDA-NEG-00370,2013-06-16,30.5,76.875,Himachal Pradesh,Background_Sampling,Copernicus_NASA_Background,negative,90.55,143.55,226.81,230.86,234.15,0.79,1.9333,298.08,0.59,195.1,0.000987,0
APDA-NEG-00371,2010-06-09,32.5,78.125,Himachal Pradesh,Background_Sampling,Copernicus_NASA_Background,negative,0.78,11.73,13.95,15.4,17.69,0.4,-0.6667,5364.12,23.0,184.14,0.001507,0
APDA-NEG-00372,2013-06-16,31.5,78.75,Himachal Pradesh,Background_Sampling,Copernicus_NASA_Background,negative,102.57,166.77,212.94,217.8,222.73,0.86,2.4,4989.8,15.71,68.13,-0.003931,0
APDA-NEG-00373,2010-07-07,32.5,76.875,Himachal Pradesh,Background_Sampling,Copernicus_NASA_Background,negative,2.28,33.99,52.76,77.49,100.91,0.59,0.6,5101.1,32.0,358.76,0.004829,0
APDA-NEG-00374,2008-12-21,32.0,78.125,Himachal Pradesh,Background_Sampling,Copernicus_NASA_Background,negative,0.03,0.42,0.43,0.75,0.75,0.56,0.4,5347.43,45.52,279.8,-0.005436,0
APDA-NEG-00375,2010-07-07,30.5,76.875,Himachal Pradesh,Background_Sampling,Copernicus_NASA_Background,negative,6.32,107.42,183.56,226.41,302.15,0.7,1.3333,298.08,0.59,195.1,0.000987,0
APDA-NEG-00376,2010-07-07,32.0,78.125,Himachal Pradesh,Background_Sampling,Copernicus_NASA_Background,negative,0.85,26.76,42.07,58.57,74.55,0.48,-0.1333,5347.43,45.52,279.8,-0.005436,0
APDA-NEG-00377,2010-07-07,30.5,76.875,Himachal Pradesh,Background_Sampling,Copernicus_NASA_Background,negative,6.32,107.42,183.56,226.41,302.15,0.7,1.3333,298.08,0.59,195.1,0.000987,0
APDA-NEG-00378,2013-07-07,33.0,77.5,Himachal Pradesh,Background_Sampling,Copernicus_NASA_Background,negative,5.87,12.36,14.67,31.66,125.83,0.55,0.3333,5155.49,22.24,314.26,0.012153,0
APDA-NEG-00379,2010-07-07,32.5,76.875,Himachal Pradesh,Background_Sampling,Copernicus_NASA_Background,negative,2.28,33.99,52.76,77.49,100.91,0.59,0.6,5101.1,32.0,358.76,0.004829,0
APDA-NEG-00380,2013-07-14,30.5,76.875,Himachal Pradesh,Background_Sampling,Copernicus_NASA_Background,negative,6.59,12.05,115.81,160.07,388.62,0.72,1.4667,298.08,0.59,195.1,0.000987,0
APDA-NEG-00381,2010-07-07,32.5,76.875,Himachal Pradesh,Background_Sampling,Copernicus_NASA_Background,negative,2.28,33.99,52.76,77.49,100.91,0.59,0.6,5101.1,32.0,358.76,0.004829,0
APDA-NEG-00382,2013-07-14,32.5,78.125,Himachal Pradesh,Background_Sampling,Copernicus_NASA_Background,negative,1.14,3.36,22.49,35.64,164.34,0.57,0.4667,5364.12,23.0,184.14,0.001507,0
APDA-NEG-00383,2010-07-07,30.5,76.875,Himachal Pradesh,Background_Sampling,Copernicus_NASA_Background,negative,6.32,107.42,183.56,226.41,302.15,0.7,1.3333,298.08,0.59,195.1,0.000987,0
APDA-NEG-00384,2015-08-12,32.5,76.875,Himachal Pradesh,Background_Sampling,Copernicus_NASA_Background,negative,6.29,20.0,49.08,93.33,210.74,0.9,2.6667,5101.1,32.0,358.76,0.004829,0
APDA-NEG-00385,2010-07-11,33.0,77.5,Himachal Pradesh,Background_Sampling,Copernicus_NASA_Background,negative,4.84,8.28,21.6,28.81,38.87,0.43,-0.4667,5155.49,22.24,314.26,0.012153,0
APDA-NEG-00386,2017-08-22,33.0,77.5,Himachal Pradesh,Background_Sampling,Copernicus_NASA_Background,negative,0.79,2.81,7.67,23.34,90.04,0.64,0.9333,5155.49,22.24,314.26,0.012153,0
APDA-NEG-00387,2010-07-17,32.5,78.125,Himachal Pradesh,Background_Sampling,Copernicus_NASA_Background,negative,0.12,2.95,10.83,34.13,51.13,0.37,-0.8667,5364.12,23.0,184.14,0.001507,0
APDA-NEG-00388,2018-08-20,32.5,78.125,Himachal Pradesh,Background_Sampling,Copernicus_NASA_Background,negative,2.2,10.54,20.31,97.93,181.14,0.71,1.4,5364.12,23.0,184.14,0.001507,0
APDA-NEG-00389,2010-07-25,30.5,76.875,Himachal Pradesh,Background_Sampling,Copernicus_NASA_Background,negative,3.44,7.69,96.35,150.13,345.74,0.71,1.4,298.08,0.59,195.1,0.000987,0
APDA-NEG-00390,2011-08-07,33.0,77.5,Himachal Pradesh,Background_Sampling,Copernicus_NASA_Background,negative,3.92,9.03,12.66,48.59,92.59,0.54,0.2667,5155.49,22.24,314.26,0.012153,0
APDA-NEG-00391,2010-07-25,30.5,76.875,Himachal Pradesh,Background_Sampling,Copernicus_NASA_Background,negative,3.44,7.69,96.35,150.13,345.74,0.71,1.4,298.08,0.59,195.1,0.000987,0
APDA-NEG-00392,2018-10-14,32.5,78.125,Himachal Pradesh,Background_Sampling,Copernicus_NASA_Background,negative,0.0,1.25,5.97,7.23,123.37,0.77,1.8,5364.12,23.0,184.14,0.001507,0
APDA-NEG-00393,2010-07-25,32.5,78.125,Himachal Pradesh,Background_Sampling,Copernicus_NASA_Background,negative,0.31,2.26,26.04,38.7,69.21,0.41,-0.6,5364.12,23.0,184.14,0.001507,0
APDA-NEG-00394,2013-07-14,33.0,77.5,Himachal Pradesh,Background_Sampling,Copernicus_NASA_Background,negative,1.37,2.47,27.11,42.45,127.3,0.56,0.4,5155.49,22.24,314.26,0.012153,0
APDA-NEG-00395,2010-07-25,32.0,78.125,Himachal Pradesh,Background_Sampling,Copernicus_NASA_Background,negative,0.52,3.51,35.85,54.05,102.85,0.5,0.0,5347.43,45.52,279.8,-0.005436,0
APDA-NEG-00396,2013-06-16,32.0,78.125,Himachal Pradesh,Background_Sampling,Copernicus_NASA_Background,negative,74.89,108.32,137.98,140.71,143.67,0.7,1.3333,5347.43,45.52,279.8,-0.005436,0
APDA-NEG-00397,2010-07-25,32.5,78.125,Himachal Pradesh,Background_Sampling,Copernicus_NASA_Background,negative,0.31,2.26,26.04,38.7,69.21,0.41,-0.6,5364.12,23.0,184.14,0.001507,0
APDA-NEG-00398,2017-12-10,30.5,76.875,Himachal Pradesh,Background_Sampling,Copernicus_NASA_Background,negative,0.0,0.0,0.2,0.2,1.59,0.38,-0.8,298.08,0.59,195.1,0.000987,0
APDA-NEG-00399,2010-07-31,33.0,77.5,Himachal Pradesh,Background_Sampling,Copernicus_NASA_Background,negative,14.95,26.62,64.57,113.12,144.6,0.62,0.8,5155.49,22.24,314.26,0.012153,0
APDA-NEG-00400,2010-09-19,32.0,78.125,Himachal Pradesh,Background_Sampling,Copernicus_NASA_Background,negative,21.77,41.57,55.29,101.82,196.97,0.82,2.1333,5347.43,45.52,279.8,-0.005436,0
APDA-NEG-00401,2010-08-04,30.5,76.875,Himachal Pradesh,Background_Sampling,Copernicus_NASA_Background,negative,3.3,5.3,94.3,176.15,314.11,0.75,1.6667,298.08,0.59,195.1,0.000987,0
APDA-NEG-00402,2018-08-07,32.0,78.125,Himachal Pradesh,Background_Sampling,Copernicus_NASA_Background,negative,14.11,35.03,44.43,120.29,233.99,0.8,2.0,5347.43,45.52,279.8,-0.005436,0
APDA-NEG-00403,2010-08-06,31.5,78.75,Himachal Pradesh,Background_Sampling,Copernicus_NASA_Background,negative,5.2,22.41,66.99,154.33,239.18,0.82,2.1333,4989.8,15.71,68.13,-0.003931,0
APDA-NEG-00404,2017-05-05,31.5,78.75,Himachal Pradesh,Background_Sampling,Copernicus_NASA_Background,negative,0.22,1.83,7.64,15.19,27.84,0.65,1.0,4989.8,15.71,68.13,-0.003931,0
APDA-NEG-00405,2010-08-11,32.5,76.875,Himachal Pradesh,Background_Sampling,Copernicus_NASA_Background,negative,0.27,14.28,59.44,166.13,354.19,0.87,2.4667,5101.1,32.0,358.76,0.004829,0
APDA-NEG-00406,2015-07-26,31.5,78.75,Himachal Pradesh,Background_Sampling,Copernicus_NASA_Background,negative,6.31,12.8,19.88,59.93,162.03,0.76,1.7333,4989.8,15.71,68.13,-0.003931,0
APDA-NEG-00407,2010-08-13,33.0,77.5,Himachal Pradesh,Background_Sampling,Copernicus_NASA_Background,negative,8.93,15.62,34.04,105.47,195.39,0.67,1.1333,5155.49,22.24,314.26,0.012153,0
APDA-NEG-00408,2011-08-07,32.0,78.125,Himachal Pradesh,Background_Sampling,Copernicus_NASA_Background,negative,0.43,9.95,16.03,69.87,140.8,0.66,1.0667,5347.43,45.52,279.8,-0.005436,0
APDA-NEG-00409,2010-08-14,31.5,78.75,Himachal Pradesh,Background_Sampling,Copernicus_NASA_Background,negative,1.21,21.87,53.9,126.12,270.59,0.84,2.2667,4989.8,15.71,68.13,-0.003931,0
APDA-NEG-00410,2008-09-19,32.5,78.125,Himachal Pradesh,Background_Sampling,Copernicus_NASA_Background,negative,11.12,17.29,18.1,28.03,57.84,0.59,0.6,5364.12,23.0,184.14,0.001507,0
APDA-NEG-00411,2010-08-21,31.5,78.75,Himachal Pradesh,Background_Sampling,Copernicus_NASA_Background,negative,18.77,34.76,69.81,128.94,283.27,0.87,2.4667,4989.8,15.71,68.13,-0.003931,0
APDA-NEG-00412,2015-08-22,31.5,78.75,Himachal Pradesh,Background_Sampling,Copernicus_NASA_Background,negative,8.71,27.46,46.24,73.66,148.65,0.81,2.0667,4989.8,15.71,68.13,-0.003931,0
APDA-NEG-00413,2010-08-26,32.0,78.125,Himachal Pradesh,Background_Sampling,Copernicus_NASA_Background,negative,4.68,24.94,55.83,107.56,224.68,0.76,1.7333,5347.43,45.52,279.8,-0.005436,0
APDA-NEG-00414,2008-08-14,32.5,76.875,Himachal Pradesh,Background_Sampling,Copernicus_NASA_Background,negative,13.53,111.29,167.09,291.5,367.86,0.94,2.9333,5101.1,32.0,358.76,0.004829,0
APDA-NEG-00415,2010-09-06,32.5,76.875,Himachal Pradesh,Background_Sampling,Copernicus_NASA_Background,negative,1.18,5.67,24.82,77.39,205.3,0.88,2.5333,5101.1,32.0,358.76,0.004829,0
APDA-NEG-00416,2017-06-07,32.0,78.125,Himachal Pradesh,Background_Sampling,Copernicus_NASA_Background,negative,8.57,24.25,24.5,39.56,79.44,0.82,2.1333,5347.43,45.52,279.8,-0.005436,0
APDA-NEG-00417,2010-09-14,31.5,78.75,Himachal Pradesh,Background_Sampling,Copernicus_NASA_Background,negative,6.48,31.35,54.91,131.05,287.43,0.9,2.6667,4989.8,15.71,68.13,-0.003931,0
APDA-NEG-00418,2017-08-22,30.5,76.875,Himachal Pradesh,Background_Sampling,Copernicus_NASA_Background,negative,16.75,115.94,133.69,191.22,409.39,0.84,2.2667,298.08,0.59,195.1,0.000987,0
APDA-NEG-00419,2010-09-15,33.0,77.5,Himachal Pradesh,Background_Sampling,Copernicus_NASA_Background,negative,0.17,2.61,17.87,40.49,92.43,0.65,1.0,5155.49,22.24,314.26,0.012153,0
APDA-NEG-00420,2018-09-11,31.5,78.75,Himachal Pradesh,Background_Sampling,Copernicus_NASA_Background,negative,3.89,9.56,19.13,36.86,125.71,0.77,1.8,4989.8,15.71,68.13,-0.003931,0
APDA-NEG-00421,2010-09-19,32.0,78.125,Himachal Pradesh,Background_Sampling,Copernicus_NASA_Background,negative,21.77,41.57,55.29,101.82,196.97,0.82,2.1333,5347.43,45.52,279.8,-0.005436,0
APDA-NEG-00422,2017-04-23,32.0,78.125,Himachal Pradesh,Background_Sampling,Copernicus_NASA_Background,negative,5.92,13.97,13.97,14.47,70.83,0.82,2.1333,5347.43,45.52,279.8,-0.005436,0
APDA-NEG-00423,2010-09-19,32.5,76.875,Himachal Pradesh,Background_Sampling,Copernicus_NASA_Background,negative,13.67,17.45,26.88,102.2,203.32,0.89,2.6,5101.1,32.0,358.76,0.004829,0
APDA-NEG-00424,2015-07-26,33.0,77.5,Himachal Pradesh,Background_Sampling,Copernicus_NASA_Background,negative,5.48,8.32,22.33,62.63,148.58,0.67,1.1333,5155.49,22.24,314.26,0.012153,0
APDA-NEG-00425,2010-09-19,32.0,78.125,Himachal Pradesh,Background_Sampling,Copernicus_NASA_Background,negative,21.77,41.57,55.29,101.82,196.97,0.82,2.1333,5347.43,45.52,279.8,-0.005436,0
APDA-NEG-00426,2012-08-24,30.5,76.875,Himachal Pradesh,Background_Sampling,Copernicus_NASA_Background,negative,9.14,26.9,100.31,172.58,274.9,0.72,1.4667,298.08,0.59,195.1,0.000987,0
APDA-NEG-00427,2010-09-19,32.5,78.125,Himachal Pradesh,Background_Sampling,Copernicus_NASA_Background,negative,13.59,23.36,30.5,60.63,123.7,0.69,1.2667,5364.12,23.0,184.14,0.001507,0
APDA-NEG-00428,2011-07-12,30.5,76.875,Himachal Pradesh,Background_Sampling,Copernicus_NASA_Background,negative,0.16,9.33,55.34,89.3,230.16,0.54,0.2667,298.08,0.59,195.1,0.000987,0
APDA-NEG-00429,2010-09-19,30.5,76.875,Himachal Pradesh,Background_Sampling,Copernicus_NASA_Background,negative,35.55,58.52,89.49,233.55,402.17,0.9,2.6667,298.08,0.59,195.1,0.000987,0
APDA-NEG-00430,2015-07-26,32.0,78.125,Himachal Pradesh,Background_Sampling,Copernicus_NASA_Background,negative,13.0,19.64,31.88,133.7,300.72,0.82,2.1333,5347.43,45.52,279.8,-0.005436,0
APDA-NEG-00431,2010-09-19,32.5,78.125,Himachal Pradesh,Background_Sampling,Copernicus_NASA_Background,negative,13.59,23.36,30.5,60.63,123.7,0.69,1.2667,5364.12,23.0,184.14,0.001507,0
APDA-NEG-00432,2017-01-06,32.5,76.875,Himachal Pradesh,Background_Sampling,Copernicus_NASA_Background,negative,24.44,29.56,30.62,30.78,31.22,0.68,1.2,5101.1,32.0,358.76,0.004829,0
APDA-NEG-00433,2010-09-19,33.0,77.5,Himachal Pradesh,Background_Sampling,Copernicus_NASA_Background,negative,7.92,10.92,15.69,42.36,91.52,0.66,1.0667,5155.49,22.24,314.26,0.012153,0
APDA-NEG-00434,2013-07-07,32.0,78.125,Himachal Pradesh,Background_Sampling,Copernicus_NASA_Background,negative,10.44,15.01,22.52,58.48,246.96,0.73,1.5333,5347.43,45.52,279.8,-0.005436,0
APDA-NEG-00435,2010-09-19,32.5,76.875,Himachal Pradesh,Background_Sampling,Copernicus_NASA_Background,negative,13.67,17.45,26.88,102.2,203.32,0.89,2.6,5101.1,32.0,358.76,0.004829,0
APDA-NEG-00436,2018-09-27,33.0,77.5,Himachal Pradesh,Background_Sampling,Copernicus_NASA_Background,negative,0.0,0.55,81.41,90.33,124.57,0.7,1.3333,5155.49,22.24,314.26,0.012153,0
APDA-NEG-00437,2010-09-19,31.5,78.75,Himachal Pradesh,Background_Sampling,Copernicus_NASA_Background,negative,35.37,69.66,97.85,170.04,325.29,0.92,2.8,4989.8,15.71,68.13,-0.003931,0
APDA-NEG-00438,2010-08-26,33.0,77.5,Himachal Pradesh,Background_Sampling,Copernicus_NASA_Background,negative,2.78,15.72,36.42,79.75,180.13,0.69,1.2667,5155.49,22.24,314.26,0.012153,0
APDA-NEG-00439,2010-09-19,32.5,76.875,Himachal Pradesh,Background_Sampling,Copernicus_NASA_Background,negative,13.67,17.45,26.88,102.2,203.32,0.89,2.6,5101.1,32.0,358.76,0.004829,0
APDA-NEG-00440,2017-07-02,33.0,77.5,Himachal Pradesh,Background_Sampling,Copernicus_NASA_Background,negative,0.69,4.88,23.8,37.76,52.53,0.67,1.1333,5155.49,22.24,314.26,0.012153,0
APDA-NEG-00441,2010-09-19,32.0,78.125,Himachal Pradesh,Background_Sampling,Copernicus_NASA_Background,negative,21.77,41.57,55.29,101.82,196.97,0.82,2.1333,5347.43,45.52,279.8,-0.005436,0
APDA-NEG-00442,2015-03-10,31.5,78.75,Himachal Pradesh,Background_Sampling,Copernicus_NASA_Background,negative,0.0,3.24,4.17,67.01,73.22,0.68,1.2,4989.8,15.71,68.13,-0.003931,0
APDA-NEG-00443,2010-09-20,31.5,78.75,Himachal Pradesh,Background_Sampling,Copernicus_NASA_Background,negative,0.6,56.35,93.6,159.1,307.12,0.92,2.8,4989.8,15.71,68.13,-0.003931,0
APDA-NEG-00444,2018-09-26,32.5,78.125,Himachal Pradesh,Background_Sampling,Copernicus_NASA_Background,negative,0.0,41.89,106.62,116.81,162.58,0.77,1.8,5364.12,23.0,184.14,0.001507,0
APDA-NEG-00445,2010-09-20,32.0,78.125,Himachal Pradesh,Background_Sampling,Copernicus_NASA_Background,negative,0.44,31.9,52.88,95.75,187.03,0.81,2.0667,5347.43,45.52,279.8,-0.005436,0
APDA-NEG-00446,2017-05-05,30.5,76.875,Himachal Pradesh,Background_Sampling,Copernicus_NASA_Background,negative,0.0,0.15,4.6,10.68,15.54,0.2,-2.0,298.08,0.59,195.1,0.000987,0
APDA-NEG-00447,2010-09-20,30.5,76.875,Himachal Pradesh,Background_Sampling,Copernicus_NASA_Background,negative,2.14,51.9,82.17,226.44,385.42,0.88,2.5333,298.08,0.59,195.1,0.000987,0
APDA-NEG-00448,2018-10-10,33.0,77.5,Himachal Pradesh,Background_Sampling,Copernicus_NASA_Background,negative,0.94,0.98,0.98,10.9,104.16,0.7,1.3333,5155.49,22.24,314.26,0.012153,0
APDA-NEG-00449,2010-09-21,32.5,78.125,Himachal Pradesh,Background_Sampling,Copernicus_NASA_Background,negative,1.64,15.62,28.96,57.49,112.89,0.68,1.2,5364.12,23.0,184.14,0.001507,0
APDA-NEG-00450,2018-09-02,32.5,76.875,Himachal Pradesh,Background_Sampling,Copernicus_NASA_Background,negative,10.93,16.29,23.66,103.89,276.73,0.89,2.6,5101.1,32.0,358.76,0.004829,0
APDA-NEG-00451,2010-09-22,32.5,78.125,Himachal Pradesh,Background_Sampling,Copernicus_NASA_Background,negative,6.75,8.78,35.44,58.36,111.46,0.69,1.2667,5364.12,23.0,184.14,0.001507,0
APDA-NEG-00452,2016-08-09,30.5,76.875,Himachal Pradesh,Background_Sampling,Copernicus_NASA_Background,negative,17.7,40.1,72.7,163.69,323.53,0.73,1.5333,298.08,0.59,195.1,0.000987,0
APDA-NEG-00453,2010-10-03,30.5,76.875,Himachal Pradesh,Background_Sampling,Copernicus_NASA_Background,negative,0.0,1.77,1.77,106.52,319.97,0.83,2.2,298.08,0.59,195.1,0.000987,0
APDA-NEG-00454,2013-08-16,32.5,76.875,Himachal Pradesh,Background_Sampling,Copernicus_NASA_Background,negative,23.4,86.42,114.26,238.45,341.46,0.95,3.0,5101.1,32.0,358.76,0.004829,0
APDA-NEG-00455,2010-10-04,32.5,76.875,Himachal Pradesh,Background_Sampling,Copernicus_NASA_Background,negative,0.0,0.0,0.53,55.21,157.41,0.87,2.4667,5101.1,32.0,358.76,0.004829,0
APDA-NEG-00456,2010-09-19,31.5,78.75,Himachal Pradesh,Background_Sampling,Copernicus_NASA_Background,negative,35.37,69.66,97.85,170.04,325.29,0.92,2.8,4989.8,15.71,68.13,-0.003931,0
APDA-NEG-00457,2010-10-15,32.0,78.125,Himachal Pradesh,Background_Sampling,Copernicus_NASA_Background,negative,0.0,0.0,0.0,1.32,67.2,0.76,1.7333,5347.43,45.52,279.8,-0.005436,0
APDA-NEG-00458,2010-10-15,32.0,78.125,Himachal Pradesh,Background_Sampling,Copernicus_NASA_Background,negative,0.0,0.0,0.0,1.32,67.2,0.76,1.7333,5347.43,45.52,279.8,-0.005436,0
APDA-NEG-00459,2011-02-25,32.0,78.125,Himachal Pradesh,Background_Sampling,Copernicus_NASA_Background,negative,1.37,1.37,1.38,12.33,16.53,0.65,1.0,5347.43,45.52,279.8,-0.005436,0
APDA-NEG-00460,2018-09-28,32.5,76.875,Himachal Pradesh,Background_Sampling,Copernicus_NASA_Background,negative,7.03,7.03,150.19,159.51,271.68,0.94,2.9333,5101.1,32.0,358.76,0.004829,0
APDA-NEG-00461,2011-03-05,32.5,78.125,Himachal Pradesh,Background_Sampling,Copernicus_NASA_Background,negative,0.0,0.76,1.32,2.74,14.54,0.53,0.2,5364.12,23.0,184.14,0.001507,0
APDA-NEG-00462,2017-04-18,32.0,78.125,Himachal Pradesh,Background_Sampling,Copernicus_NASA_Background,negative,0.0,0.0,0.5,56.69,57.42,0.8,2.0,5347.43,45.52,279.8,-0.005436,0
APDA-NEG-00463,2011-06-14,33.0,77.5,Himachal Pradesh,Background_Sampling,Copernicus_NASA_Background,negative,1.57,1.58,16.71,32.0,42.68,0.48,-0.1333,5155.49,22.24,314.26,0.012153,0
APDA-NEG-00464,2010-07-07,33.0,77.5,Himachal Pradesh,Background_Sampling,Copernicus_NASA_Background,negative,0.83,13.0,18.52,27.77,38.43,0.42,-0.5333,5155.49,22.24,314.26,0.012153,0
APDA-NEG-00465,2011-06-17,30.5,76.875,Himachal Pradesh,Background_Sampling,Copernicus_NASA_Background,negative,11.64,19.2,32.93,47.61,134.97,0.44,-0.4,298.08,0.59,195.1,0.000987,0
APDA-NEG-00466,2010-09-19,31.5,78.75,Himachal Pradesh,Background_Sampling,Copernicus_NASA_Background,negative,35.37,69.66,97.85,170.04,325.29,0.92,2.8,4989.8,15.71,68.13,-0.003931,0
APDA-NEG-00467,2011-06-29,30.5,76.875,Himachal Pradesh,Background_Sampling,Copernicus_NASA_Background,negative,7.15,14.92,112.38,147.45,232.85,0.54,0.2667,298.08,0.59,195.1,0.000987,0
APDA-NEG-00468,2009-09-10,30.5,76.875,Himachal Pradesh,Background_Sampling,Copernicus_NASA_Background,negative,55.59,75.21,80.29,175.44,245.29,0.74,1.6,298.08,0.59,195.1,0.000987,0
APDA-NEG-00469,2011-06-29,30.5,76.875,Himachal Pradesh,Background_Sampling,Copernicus_NASA_Background,negative,7.15,14.92,112.38,147.45,232.85,0.54,0.2667,298.08,0.59,195.1,0.000987,0
APDA-NEG-00470,2010-09-20,32.0,78.125,Himachal Pradesh,Background_Sampling,Copernicus_NASA_Background,negative,0.44,31.9,52.88,95.75,187.03,0.81,2.0667,5347.43,45.52,279.8,-0.005436,0
APDA-NEG-00471,2011-07-08,32.5,76.875,Himachal Pradesh,Background_Sampling,Copernicus_NASA_Background,negative,4.7,27.36,34.72,103.03,152.37,0.72,1.4667,5101.1,32.0,358.76,0.004829,0
APDA-NEG-00472,2015-08-18,33.0,77.5,Himachal Pradesh,Background_Sampling,Copernicus_NASA_Background,negative,4.17,7.52,15.58,48.26,128.79,0.69,1.2667,5155.49,22.24,314.26,0.012153,0
APDA-NEG-00473,2011-07-08,30.5,76.875,Himachal Pradesh,Background_Sampling,Copernicus_NASA_Background,negative,3.26,25.03,39.5,155.67,216.77,0.54,0.2667,298.08,0.59,195.1,0.000987,0
APDA-NEG-00474,2008-12-21,33.0,77.5,Himachal Pradesh,Background_Sampling,Copernicus_NASA_Background,negative,0.14,2.82,3.65,9.75,9.75,0.53,0.2,5155.49,22.24,314.26,0.012153,0
APDA-NEG-00475,2011-07-10,31.5,78.75,Himachal Pradesh,Background_Sampling,Copernicus_NASA_Background,negative,6.02,14.93,48.24,82.18,153.72,0.78,1.8667,4989.8,15.71,68.13,-0.003931,0
APDA-NEG-00476,2018-10-09,32.5,76.875,Himachal Pradesh,Background_Sampling,Copernicus_NASA_Background,negative,0.03,0.1,0.1,13.28,209.66,0.91,2.7333,5101.1,32.0,358.76,0.004829,0
APDA-NEG-00477,2011-07-12,32.5,78.125,Himachal Pradesh,Background_Sampling,Copernicus_NASA_Background,negative,0.17,2.81,12.35,26.0,57.74,0.44,-0.4,5364.12,23.0,184.14,0.001507,0
APDA-NEG-00478,2008-08-17,32.0,78.125,Himachal Pradesh,Background_Sampling,Copernicus_NASA_Background,negative,4.39,21.31,57.98,113.51,170.55,0.75,1.6667,5347.43,45.52,279.8,-0.005436,0
APDA-NEG-00479,2011-07-15,31.5,78.75,Himachal Pradesh,Background_Sampling,Copernicus_NASA_Background,negative,22.18,31.73,46.59,84.58,176.21,0.8,2.0,4989.8,15.71,68.13,-0.003931,0
APDA-NEG-00480,2017-04-18,32.5,78.125,Himachal Pradesh,Background_Sampling,Copernicus_NASA_Background,negative,0.0,0.0,0.28,51.85,52.83,0.6,0.6667,5364.12,23.0,184.14,0.001507,0
APDA-NEG-00481,2011-07-25,31.5,78.75,Himachal Pradesh,Background_Sampling,Copernicus_NASA_Background,negative,6.07,25.27,58.49,112.39,194.57,0.83,2.2,4989.8,15.71,68.13,-0.003931,0
APDA-NEG-00482,2010-10-04,31.5,78.75,Himachal Pradesh,Background_Sampling,Copernicus_NASA_Background,negative,0.0,0.02,2.08,23.34,193.38,0.88,2.5333,4989.8,15.71,68.13,-0.003931,0
APDA-NEG-00483,2011-08-07,31.5,78.75,Himachal Pradesh,Background_Sampling,Copernicus_NASA_Background,negative,0.36,15.7,26.23,100.17,210.35,0.84,2.2667,4989.8,15.71,68.13,-0.003931,0
APDA-NEG-00484,2013-07-03,32.5,78.125,Himachal Pradesh,Background_Sampling,Copernicus_NASA_Background,negative,1.49,4.15,9.69,31.26,162.52,0.58,0.5333,5364.12,23.0,184.14,0.001507,0
APDA-NEG-00485,2011-08-07,30.5,76.875,Himachal Pradesh,Background_Sampling,Copernicus_NASA_Background,negative,1.41,27.32,41.3,106.45,277.26,0.7,1.3333,298.08,0.59,195.1,0.000987,0
APDA-NEG-00486,2018-09-03,32.5,78.125,Himachal Pradesh,Background_Sampling,Copernicus_NASA_Background,negative,4.81,10.46,14.13,54.93,159.12,0.72,1.4667,5364.12,23.0,184.14,0.001507,0
APDA-NEG-00487,2011-08-07,33.0,77.5,Himachal Pradesh,Background_Sampling,Copernicus_NASA_Background,negative,3.92,9.03,12.66,48.59,92.59,0.54,0.2667,5155.49,22.24,314.26,0.012153,0
APDA-NEG-00488,2018-09-02,32.5,76.875,Himachal Pradesh,Background_Sampling,Copernicus_NASA_Background,negative,10.93,16.29,23.66,103.89,276.73,0.89,2.6,5101.1,32.0,358.76,0.004829,0
APDA-NEG-00489,2011-08-07,30.5,76.875,Himachal Pradesh,Background_Sampling,Copernicus_NASA_Background,negative,1.41,27.32,41.3,106.45,277.26,0.7,1.3333,298.08,0.59,195.1,0.000987,0
APDA-NEG-00490,2017-02-21,30.5,76.875,Himachal Pradesh,Background_Sampling,Copernicus_NASA_Background,negative,3.43,5.51,5.51,5.51,52.06,0.42,-0.5333,298.08,0.59,195.1,0.000987,0
APDA-NEG-00491,2011-08-07,32.0,78.125,Himachal Pradesh,Background_Sampling,Copernicus_NASA_Background,negative,0.43,9.95,16.03,69.87,140.8,0.66,1.0667,5347.43,45.52,279.8,-0.005436,0
APDA-NEG-00492,2018-10-10,32.5,78.125,Himachal Pradesh,Background_Sampling,Copernicus_NASA_Background,negative,0.73,0.74,0.74,11.51,130.37,0.78,1.8667,5364.12,23.0,184.14,0.001507,0
APDA-NEG-00493,2011-08-07,32.5,78.125,Himachal Pradesh,Background_Sampling,Copernicus_NASA_Background,negative,0.67,6.66,10.65,57.34,106.74,0.53,0.2,5364.12,23.0,184.14,0.001507,0
APDA-NEG-00494,2015-08-12,32.0,78.125,Himachal Pradesh,Background_Sampling,Copernicus_NASA_Background,negative,3.89,17.15,62.66,122.59,208.3,0.85,2.3333,5347.43,45.52,279.8,-0.005436,0
APDA-NEG-00495,2011-08-13,32.5,76.875,Himachal Pradesh,Background_Sampling,Copernicus_NASA_Background,negative,5.93,49.44,107.81,137.53,246.72,0.86,2.4,5101.1,32.0,358.76,0.004829,0
APDA-NEG-00496,2015-07-26,33.0,77.5,Himachal Pradesh,Background_Sampling,Copernicus_NASA_Background,negative,5.48,8.32,22.33,62.63,148.58,0.67,1.1333,5155.49,22.24,314.26,0.012153,0
APDA-NEG-00497,2012-02-16,31.5,78.75,Himachal Pradesh,Background_Sampling,Copernicus_NASA_Background,negative,0.0,0.0,0.34,1.91,2.05,0.7,1.3333,4989.8,15.71,68.13,-0.003931,0
APDA-NEG-00498,2018-09-23,33.0,77.5,Himachal Pradesh,Background_Sampling,Copernicus_NASA_Background,negative,29.34,51.68,51.68,69.03,99.52,0.69,1.2667,5155.49,22.24,314.26,0.012153,0
APDA-NEG-00499,2012-07-05,30.5,76.875,Himachal Pradesh,Background_Sampling,Copernicus_NASA_Background,negative,0.21,11.16,24.09,47.29,54.57,0.31,-1.2667,298.08,0.59,195.1,0.000987,0
APDA-NEG-00500,2008-09-19,31.5,78.75,Himachal Pradesh,Background_Sampling,Copernicus_NASA_Background,negative,22.81,33.65,36.11,57.99,104.94,0.85,2.3333,4989.8,15.71,68.13,-0.003931,0
APDA-NEG-00501,2012-08-18,32.5,76.875,Himachal Pradesh,Background_Sampling,Copernicus_NASA_Background,negative,12.93,21.14,53.06,91.83,166.2,0.76,1.7333,5101.1,32.0,358.76,0.004829,0
APDA-NEG-00502,2013-07-07,31.5,78.75,Himachal Pradesh,Background_Sampling,Copernicus_NASA_Background,negative,22.79,30.59,43.68,101.35,378.37,0.87,2.4667,4989.8,15.71,68.13,-0.003931,0
APDA-NEG-00503,2012-08-18,32.0,78.125,Himachal Pradesh,Background_Sampling,Copernicus_NASA_Background,negative,26.44,39.23,67.05,95.75,154.98,0.69,1.2667,5347.43,45.52,279.8,-0.005436,0
APDA-NEG-00504,2013-08-21,30.5,76.875,Himachal Pradesh,Background_Sampling,Copernicus_NASA_Background,negative,25.83,33.95,101.71,189.02,365.08,0.9,2.6667,298.08,0.59,195.1,0.000987,0
APDA-NEG-00505,2012-08-24,30.5,76.875,Himachal Pradesh,Background_Sampling,Copernicus_NASA_Background,negative,9.14,26.9,100.31,172.58,274.9,0.72,1.4667,298.08,0.59,195.1,0.000987,0
APDA-NEG-00506,2017-08-22,31.5,78.75,Himachal Pradesh,Background_Sampling,Copernicus_NASA_Background,negative,0.33,8.48,16.7,28.85,94.76,0.72,1.4667,4989.8,15.71,68.13,-0.003931,0
APDA-NEG-00507,2012-08-24,33.0,77.5,Himachal Pradesh,Background_Sampling,Copernicus_NASA_Background,negative,4.88,11.31,35.22,62.04,97.03,0.54,0.2667,5155.49,22.24,314.26,0.012153,0
APDA-NEG-00508,2010-07-17,32.0,78.125,Himachal Pradesh,Background_Sampling,Copernicus_NASA_Background,negative,0.29,5.2,15.84,51.83,81.13,0.45,-0.3333,5347.43,45.52,279.8,-0.005436,0
APDA-NEG-00509,2012-08-24,30.5,76.875,Himachal Pradesh,Background_Sampling,Copernicus_NASA_Background,negative,9.14,26.9,100.31,172.58,274.9,0.72,1.4667,298.08,0.59,195.1,0.000987,0
APDA-NEG-00510,2010-10-03,32.5,76.875,Himachal Pradesh,Background_Sampling,Copernicus_NASA_Background,negative,0.0,0.53,0.53,68.88,159.19,0.88,2.5333,5101.1,32.0,358.76,0.004829,0
APDA-NEG-00511,2012-08-24,33.0,77.5,Himachal Pradesh,Background_Sampling,Copernicus_NASA_Background,negative,4.88,11.31,35.22,62.04,97.03,0.54,0.2667,5155.49,22.24,314.26,0.012153,0
APDA-NEG-00512,2018-10-10,30.5,76.875,Himachal Pradesh,Background_Sampling,Copernicus_NASA_Background,negative,4.6,4.61,4.61,4.64,207.95,0.81,2.0667,298.08,0.59,195.1,0.000987,0
APDA-NEG-00513,2012-09-18,30.5,76.875,Himachal Pradesh,Background_Sampling,Copernicus_NASA_Background,negative,12.99,65.76,116.81,175.73,294.1,0.8,2.0,298.08,0.59,195.1,0.000987,0
APDA-NEG-00514,2013-07-07,31.5,78.75,Himachal Pradesh,Background_Sampling,Copernicus_NASA_Background,negative,22.79,30.59,43.68,101.35,378.37,0.87,2.4667,4989.8,15.71,68.13,-0.003931,0
APDA-NEG-00515,2013-06-12,33.0,77.5,Himachal Pradesh,Background_Sampling,Copernicus_NASA_Background,negative,5.39,10.27,10.6,13.29,17.45,0.46,-0.2667,5155.49,22.24,314.26,0.012153,0
APDA-NEG-00516,2016-07-02,30.5,76.875,Himachal Pradesh,Background_Sampling,Copernicus_NASA_Background,negative,25.89,44.32,66.56,99.89,154.1,0.54,0.2667,298.08,0.59,195.1,0.000987,0
APDA-NEG-00517,2013-06-12,32.5,76.875,Himachal Pradesh,Background_Sampling,Copernicus_NASA_Background,negative,9.95,28.17,28.67,32.26,37.03,0.68,1.2,5101.1,32.0,358.76,0.004829,0
APDA-NEG-00518,2018-09-23,32.5,78.125,Himachal Pradesh,Background_Sampling,Copernicus_NASA_Background,negative,34.0,64.73,64.73,84.64,125.46,0.76,1.7333,5364.12,23.0,184.14,0.001507,0
APDA-NEG-00519,2013-06-12,32.0,78.125,Himachal Pradesh,Background_Sampling,Copernicus_NASA_Background,negative,3.93,14.46,15.68,19.65,20.15,0.49,-0.0667,5347.43,45.52,279.8,-0.005436,0
APDA-NEG-00520,2008-03-17,32.5,76.875,Himachal Pradesh,Background_Sampling,Copernicus_NASA_Background,negative,0.0,0.0,0.7,0.74,2.1,0.61,0.7333,5101.1,32.0,358.76,0.004829,0
APDA-NEG-00521,2013-06-12,32.0,78.125,Himachal Pradesh,Background_Sampling,Copernicus_NASA_Background,negative,3.93,14.46,15.68,19.65,20.15,0.49,-0.0667,5347.43,45.52,279.8,-0.005436,0
APDA-NEG-00522,2010-09-19,32.0,78.125,Himachal Pradesh,Background_Sampling,Copernicus_NASA_Background,negative,21.77,41.57,55.29,101.82,196.97,0.82,2.1333,5347.43,45.52,279.8,-0.005436,0
APDA-NEG-00523,2013-06-15,32.0,78.125,Himachal Pradesh,Background_Sampling,Copernicus_NASA_Background,negative,18.18,48.63,64.09,65.82,68.78,0.56,0.4,5347.43,45.52,279.8,-0.005436,0
APDA-NEG-00524,2018-09-27,31.5,78.75,Himachal Pradesh,Background_Sampling,Copernicus_NASA_Background,negative,0.0,2.61,66.68,72.76,107.42,0.8,2.0,4989.8,15.71,68.13,-0.003931,0
APDA-NEG-00525,2013-06-16,33.0,77.5,Himachal Pradesh,Background_Sampling,Copernicus_NASA_Background,negative,37.59,50.63,69.22,71.58,75.88,0.51,0.0667,5155.49,22.24,314.26,0.012153,0
APDA-NEG-00526,2012-08-24,30.5,76.875,Himachal Pradesh,Background_Sampling,Copernicus_NASA_Background,negative,9.14,26.9,100.31,172.58,274.9,0.72,1.4667,298.08,0.59,195.1,0.000987,0
APDA-NEG-00527,2013-06-16,32.5,76.875,Himachal Pradesh,Background_Sampling,Copernicus_NASA_Background,negative,48.22,85.42,131.65,134.8,139.98,0.8,2.0,5101.1,32.0,358.76,0.004829,0
APDA-NEG-00528,2013-07-07,30.5,76.875,Himachal Pradesh,Background_Sampling,Copernicus_NASA_Background,negative,21.22,30.16,44.26,103.86,368.09,0.65,1.0,298.08,0.59,195.1,0.000987,0
APDA-NEG-00529,2013-06-16,30.5,76.875,Himachal Pradesh,Background_Sampling,Copernicus_NASA_Background,negative,90.55,143.55,226.81,230.86,234.15,0.79,1.9333,298.08,0.59,195.1,0.000987,0
APDA-NEG-00530,2017-07-02,33.0,77.5,Himachal Pradesh,Background_Sampling,Copernicus_NASA_Background,negative,0.69,4.88,23.8,37.76,52.53,0.67,1.1333,5155.49,22.24,314.26,0.012153,0
APDA-NEG-00531,2013-06-16,32.0,78.125,Himachal Pradesh,Background_Sampling,Copernicus_NASA_Background,negative,74.89,108.32,137.98,140.71,143.67,0.7,1.3333,5347.43,45.52,279.8,-0.005436,0
APDA-NEG-00532,2018-09-01,32.5,78.125,Himachal Pradesh,Background_Sampling,Copernicus_NASA_Background,negative,0.83,3.88,5.15,53.64,154.05,0.7,1.3333,5364.12,23.0,184.14,0.001507,0
APDA-NEG-00533,2013-06-16,30.5,76.875,Himachal Pradesh,Background_Sampling,Copernicus_NASA_Background,negative,90.55,143.55,226.81,230.86,234.15,0.79,1.9333,298.08,0.59,195.1,0.000987,0
APDA-NEG-00534,2010-07-31,30.5,76.875,Himachal Pradesh,Background_Sampling,Copernicus_NASA_Background,negative,43.52,84.12,112.77,210.41,407.85,0.83,2.2,298.08,0.59,195.1,0.000987,0
APDA-NEG-00535,2013-06-17,31.5,78.75,Himachal Pradesh,Background_Sampling,Copernicus_NASA_Background,negative,48.54,189.71,245.94,266.34,271.27,0.88,2.5333,4989.8,15.71,68.13,-0.003931,0
APDA-NEG-00536,2013-06-16,32.5,78.125,Himachal Pradesh,Background_Sampling,Copernicus_NASA_Background,negative,57.3,71.41,91.21,92.75,94.55,0.54,0.2667,5364.12,23.0,184.14,0.001507,0
APDA-NEG-00537,2013-07-03,31.5,78.75,Himachal Pradesh,Background_Sampling,Copernicus_NASA_Background,negative,4.9,12.45,27.63,81.67,349.46,0.87,2.4667,4989.8,15.71,68.13,-0.003931,0
APDA-NEG-00538,2017-03-22,31.5,78.75,Himachal Pradesh,Background_Sampling,Copernicus_NASA_Background,negative,0.0,0.0,3.88,26.52,37.72,0.56,0.4,4989.8,15.71,68.13,-0.003931,0
APDA-NEG-00539,2013-07-06,32.5,76.875,Himachal Pradesh,Background_Sampling,Copernicus_NASA_Background,negative,1.67,20.56,25.58,55.64,215.35,0.76,1.7333,5101.1,32.0,358.76,0.004829,0
APDA-NEG-00540,2008-03-17,32.5,76.875,Himachal Pradesh,Background_Sampling,Copernicus_NASA_Background,negative,0.0,0.0,0.7,0.74,2.1,0.61,0.7333,5101.1,32.0,358.76,0.004829,0
APDA-NEG-00541,2013-07-06,33.0,77.5,Himachal Pradesh,Background_Sampling,Copernicus_NASA_Background,negative,0.04,6.52,9.47,27.11,119.97,0.54,0.2667,5155.49,22.24,314.26,0.012153,0
APDA-NEG-00542,2008-12-21,31.5,78.75,Himachal Pradesh,Background_Sampling,Copernicus_NASA_Background,negative,0.02,0.32,0.32,0.5,0.5,0.72,1.4667,4989.8,15.71,68.13,-0.003931,0
APDA-NEG-00543,2013-07-07,30.5,76.875,Himachal Pradesh,Background_Sampling,Copernicus_NASA_Background,negative,21.22,30.16,44.26,103.86,368.09,0.65,1.0,298.08,0.59,195.1,0.000987,0
APDA-NEG-00544,2015-07-26,32.5,76.875,Himachal Pradesh,Background_Sampling,Copernicus_NASA_Background,negative,14.52,24.23,48.77,159.67,294.12,0.91,2.7333,5101.1,32.0,358.76,0.004829,0
APDA-NEG-00545,2013-07-07,32.5,76.875,Himachal Pradesh,Background_Sampling,Copernicus_NASA_Background,negative,14.68,35.18,39.78,67.56,230.0,0.78,1.8667,5101.1,32.0,358.76,0.004829,0
APDA-NEG-00546,2010-09-21,32.5,76.875,Himachal Pradesh,Background_Sampling,Copernicus_NASA_Background,negative,8.78,23.62,32.15,108.26,185.65,0.89,2.6,5101.1,32.0,358.76,0.004829,0
APDA-NEG-00547,2013-07-07,30.5,76.875,Himachal Pradesh,Background_Sampling,Copernicus_NASA_Background,negative,21.22,30.16,44.26,103.86,368.09,0.65,1.0,298.08,0.59,195.1,0.000987,0
APDA-NEG-00548,2012-08-24,32.0,78.125,Himachal Pradesh,Background_Sampling,Copernicus_NASA_Background,negative,6.59,13.23,56.98,104.31,163.62,0.69,1.2667,5347.43,45.52,279.8,-0.005436,0
APDA-NEG-00549,2013-07-07,32.5,76.875,Himachal Pradesh,Background_Sampling,Copernicus_NASA_Background,negative,14.68,35.18,39.78,67.56,230.0,0.78,1.8667,5101.1,32.0,358.76,0.004829,0
APDA-NEG-00550,2011-08-07,31.5,78.75,Himachal Pradesh,Background_Sampling,Copernicus_NASA_Background,negative,0.36,15.7,26.23,100.17,210.35,0.84,2.2667,4989.8,15.71,68.13,-0.003931,0
APDA-NEG-00551,2013-07-07,33.0,77.5,Himachal Pradesh,Background_Sampling,Copernicus_NASA_Background,negative,5.87,12.36,14.67,31.66,125.83,0.55,0.3333,5155.49,22.24,314.26,0.012153,0
APDA-NEG-00552,2018-09-03,32.5,76.875,Himachal Pradesh,Background_Sampling,Copernicus_NASA_Background,negative,8.93,22.19,32.3,108.39,271.3,0.9,2.6667,5101.1,32.0,358.76,0.004829,0
APDA-NEG-00553,2013-07-07,32.5,78.125,Himachal Pradesh,Background_Sampling,Copernicus_NASA_Background,negative,5.02,8.1,12.38,36.34,170.06,0.57,0.4667,5364.12,23.0,184.14,0.001507,0
APDA-NEG-00554,2010-08-21,31.5,78.75,Himachal Pradesh,Background_Sampling,Copernicus_NASA_Background,negative,18.77,34.76,69.81,128.94,283.27,0.87,2.4667,4989.8,15.71,68.13,-0.003931,0
APDA-NEG-00555,2013-07-07,31.5,78.75,Himachal Pradesh,Background_Sampling,Copernicus_NASA_Background,negative,22.79,30.59,43.68,101.35,378.37,0.87,2.4667,4989.8,15.71,68.13,-0.003931,0
APDA-NEG-00556,2012-07-05,31.5,78.75,Himachal Pradesh,Background_Sampling,Copernicus_NASA_Background,negative,0.25,8.12,29.29,49.28,49.61,0.57,0.4667,4989.8,15.71,68.13,-0.003931,0
APDA-NEG-00557,2013-07-14,32.5,76.875,Himachal Pradesh,Background_Sampling,Copernicus_NASA_Background,negative,4.32,6.14,79.28,119.54,240.36,0.81,2.0667,5101.1,32.0,358.76,0.004829,0
APDA-NEG-00558,2017-09-02,33.0,77.5,Himachal Pradesh,Background_Sampling,Copernicus_NASA_Background,negative,3.29,15.41,23.5,35.3,69.98,0.65,1.0,5155.49,22.24,314.26,0.012153,0
APDA-NEG-00559,2013-07-14,31.5,78.75,Himachal Pradesh,Background_Sampling,Copernicus_NASA_Background,negative,2.51,9.2,39.33,83.03,344.06,0.86,2.4,4989.8,15.71,68.13,-0.003931,0
APDA-NEG-00560,2017-04-30,32.5,78.125,Himachal Pradesh,Background_Sampling,Copernicus_NASA_Background,negative,7.89,10.18,15.25,26.44,78.32,0.66,1.0667,5364.12,23.0,184.14,0.001507,0
APDA-NEG-00561,2013-07-14,30.5,76.875,Himachal Pradesh,Background_Sampling,Copernicus_NASA_Background,negative,6.59,12.05,115.81,160.07,388.62,0.72,1.4667,298.08,0.59,195.1,0.000987,0
APDA-NEG-00562,2010-07-25,32.5,78.125,Himachal Pradesh,Background_Sampling,Copernicus_NASA_Background,negative,0.31,2.26,26.04,38.7,69.21,0.41,-0.6,5364.12,23.0,184.14,0.001507,0
APDA-NEG-00563,2013-07-14,31.5,78.75,Himachal Pradesh,Background_Sampling,Copernicus_NASA_Background,negative,2.51,9.2,39.33,83.03,344.06,0.86,2.4,4989.8,15.71,68.13,-0.003931,0
APDA-NEG-00564,2012-02-16,33.0,77.5,Himachal Pradesh,Background_Sampling,Copernicus_NASA_Background,negative,0.0,0.73,6.36,9.95,11.05,0.49,-0.0667,5155.49,22.24,314.26,0.012153,0
APDA-NEG-00565,2013-07-27,32.0,78.125,Himachal Pradesh,Background_Sampling,Copernicus_NASA_Background,negative,0.31,1.41,18.87,75.43,127.52,0.73,1.5333,5347.43,45.52,279.8,-0.005436,0
APDA-NEG-00566,2015-07-26,32.0,78.125,Himachal Pradesh,Background_Sampling,Copernicus_NASA_Background,negative,13.0,19.64,31.88,133.7,300.72,0.82,2.1333,5347.43,45.52,279.8,-0.005436,0
APDA-NEG-00567,2013-08-07,31.5,78.75,Himachal Pradesh,Background_Sampling,Copernicus_NASA_Background,negative,8.61,47.18,87.38,129.89,236.28,0.9,2.6667,4989.8,15.71,68.13,-0.003931,0
APDA-NEG-00568,2011-08-07,30.5,76.875,Himachal Pradesh,Background_Sampling,Copernicus_NASA_Background,negative,1.41,27.32,41.3,106.45,277.26,0.7,1.3333,298.08,0.59,195.1,0.000987,0
APDA-NEG-00569,2013-08-16,30.5,76.875,Himachal Pradesh,Background_Sampling,Copernicus_NASA_Background,negative,13.32,69.4,95.21,244.06,350.21,0.9,2.6667,298.08,0.59,195.1,0.000987,0
APDA-NEG-00570,2012-08-18,32.5,78.125,Himachal Pradesh,Background_Sampling,Copernicus_NASA_Background,negative,19.11,26.88,50.86,70.19,109.26,0.57,0.4667,5364.12,23.0,184.14,0.001507,0
APDA-NEG-00571,2013-08-21,32.0,78.125,Himachal Pradesh,Background_Sampling,Copernicus_NASA_Background,negative,6.1,25.45,50.48,90.39,170.37,0.81,2.0667,5347.43,45.52,279.8,-0.005436,0
APDA-NEG-00572,2008-08-08,31.5,78.75,Himachal Pradesh,Background_Sampling,Copernicus_NASA_Background,negative,11.1,18.2,54.04,120.64,209.22,0.84,2.2667,4989.8,15.71,68.13,-0.003931,0
APDA-NEG-00573,2013-10-11,32.0,78.125,Himachal Pradesh,Background_Sampling,Copernicus_NASA_Background,negative,1.49,1.5,3.54,12.09,27.75,0.73,1.5333,5347.43,45.52,279.8,-0.005436,0
APDA-NEG-00574,2018-10-10,31.5,78.75,Himachal Pradesh,Background_Sampling,Copernicus_NASA_Background,negative,0.3,0.3,0.3,2.12,79.17,0.77,1.8,4989.8,15.71,68.13,-0.003931,0
APDA-NEG-00575,2014-02-12,32.5,76.875,Himachal Pradesh,Background_Sampling,Copernicus_NASA_Background,negative,0.01,0.29,12.44,14.1,60.92,0.75,1.6667,5101.1,32.0,358.76,0.004829,0
APDA-NEG-00576,2010-09-19,33.0,77.5,Himachal Pradesh,Background_Sampling,Copernicus_NASA_Background,negative,7.92,10.92,15.69,42.36,91.52,0.66,1.0667,5155.49,22.24,314.26,0.012153,0
APDA-NEG-00577,2014-08-08,33.0,77.5,Himachal Pradesh,Background_Sampling,Copernicus_NASA_Background,negative,3.34,9.37,14.85,44.81,80.26,0.52,0.1333,5155.49,22.24,314.26,0.012153,0
APDA-NEG-00578,2013-07-14,33.0,77.5,Himachal Pradesh,Background_Sampling,Copernicus_NASA_Background,negative,1.37,2.47,27.11,42.45,127.3,0.56,0.4,5155.49,22.24,314.26,0.012153,0
APDA-NEG-00579,2014-08-21,30.5,76.875,Himachal Pradesh,Background_Sampling,Copernicus_NASA_Background,negative,0.02,1.47,43.69,90.4,210.71,0.48,-0.1333,298.08,0.59,195.1,0.000987,0
APDA-NEG-00580,2013-08-21,33.0,77.5,Himachal Pradesh,Background_Sampling,Copernicus_NASA_Background,negative,4.36,22.01,55.57,92.35,156.45,0.71,1.4,5155.49,22.24,314.26,0.012153,0
APDA-NEG-00581,2014-08-26,32.5,78.125,Himachal Pradesh,Background_Sampling,Copernicus_NASA_Background,negative,0.16,0.16,0.37,23.32,66.73,0.46,-0.2667,5364.12,23.0,184.14,0.001507,0
APDA-NEG-00582,2018-08-11,32.5,78.125,Himachal Pradesh,Background_Sampling,Copernicus_NASA_Background,negative,1.01,5.2,44.61,61.13,186.52,0.68,1.2,5364.12,23.0,184.14,0.001507,0
APDA-NEG-00583,2014-09-10,30.5,76.875,Himachal Pradesh,Background_Sampling,Copernicus_NASA_Background,negative,0.46,1.4,145.42,195.38,251.16,0.67,1.1333,298.08,0.59,195.1,0.000987,0
APDA-NEG-00584,2013-06-16,33.0,77.5,Himachal Pradesh,Background_Sampling,Copernicus_NASA_Background,negative,37.59,50.63,69.22,71.58,75.88,0.51,0.0667,5155.49,22.24,314.26,0.012153,0
APDA-NEG-00585,2014-10-15,33.0,77.5,Himachal Pradesh,Background_Sampling,Copernicus_NASA_Background,negative,0.73,3.42,3.42,9.17,13.02,0.57,0.4667,5155.49,22.24,314.26,0.012153,0
APDA-NEG-00586,2013-06-12,33.0,77.5,Himachal Pradesh,Background_Sampling,Copernicus_NASA_Background,negative,5.39,10.27,10.6,13.29,17.45,0.46,-0.2667,5155.49,22.24,314.26,0.012153,0
APDA-NEG-00587,2015-03-10,31.5,78.75,Himachal Pradesh,Background_Sampling,Copernicus_NASA_Background,negative,0.0,3.24,4.17,67.01,73.22,0.68,1.2,4989.8,15.71,68.13,-0.003931,0
APDA-NEG-00588,2014-08-21,32.0,78.125,Himachal Pradesh,Background_Sampling,Copernicus_NASA_Background,negative,0.1,0.28,21.45,52.31,115.56,0.6,0.6667,5347.43,45.52,279.8,-0.005436,0
APDA-NEG-00589,2015-04-03,33.0,77.5,Himachal Pradesh,Background_Sampling,Copernicus_NASA_Background,negative,4.61,9.44,28.9,29.65,49.74,0.53,0.2,5155.49,22.24,314.26,0.012153,0
APDA-NEG-00590,2010-07-07,33.0,77.5,Himachal Pradesh,Background_Sampling,Copernicus_NASA_Background,negative,0.83,13.0,18.52,27.77,38.43,0.42,-0.5333,5155.49,22.24,314.26,0.012153,0
APDA-NEG-00591,2015-04-16,32.0,78.125,Himachal Pradesh,Background_Sampling,Copernicus_NASA_Background,negative,5.98,16.02,16.02,33.6,48.05,0.71,1.4,5347.43,45.52,279.8,-0.005436,0
APDA-NEG-00592,2013-06-12,31.5,78.75,Himachal Pradesh,Background_Sampling,Copernicus_NASA_Background,negative,4.25,22.6,24.8,31.59,32.39,0.7,1.3333,4989.8,15.71,68.13,-0.003931,0
APDA-NEG-00593,2015-07-13,31.5,78.75,Himachal Pradesh,Background_Sampling,Copernicus_NASA_Background,negative,10.87,42.83,79.01,117.7,149.19,0.77,1.8,4989.8,15.71,68.13,-0.003931,0
APDA-NEG-00594,2010-07-07,32.0,78.125,Himachal Pradesh,Background_Sampling,Copernicus_NASA_Background,negative,0.85,26.76,42.07,58.57,74.55,0.48,-0.1333,5347.43,45.52,279.8,-0.005436,0
APDA-NEG-00595,2015-07-14,32.0,78.125,Himachal Pradesh,Background_Sampling,Copernicus_NASA_Background,negative,0.51,54.34,134.46,199.81,263.48,0.79,1.9333,5347.43,45.52,279.8,-0.005436,0
APDA-NEG-00596,2007-08-12,32.5,76.875,Himachal Pradesh,Background_Sampling,Copernicus_NASA_Background,negative,12.02,16.02,48.55,131.01,190.24,0.82,2.1333,5101.1,32.0,358.76,0.004829,0
APDA-NEG-00597,2015-07-18,32.0,78.125,Himachal Pradesh,Background_Sampling,Copernicus_NASA_Background,negative,10.6,43.57,100.17,234.28,307.31,0.82,2.1333,5347.43,45.52,279.8,-0.005436,0
APDA-NEG-00598,2008-12-21,30.5,76.875,Himachal Pradesh,Background_Sampling,Copernicus_NASA_Background,negative,0.0,0.52,0.7,0.98,0.98,0.41,-0.6,298.08,0.59,195.1,0.000987,0
APDA-NEG-00599,2015-07-26,31.5,78.75,Himachal Pradesh,Background_Sampling,Copernicus_NASA_Background,negative,6.31,12.8,19.88,59.93,162.03,0.76,1.7333,4989.8,15.71,68.13,-0.003931,0
APDA-NEG-00600,2010-08-06,32.5,76.875,Himachal Pradesh,Background_Sampling,Copernicus_NASA_Background,negative,13.23,31.92,102.65,177.3,363.39,0.87,2.4667,5101.1,32.0,358.76,0.004829,0
APDA-NEG-00601,2015-07-26,30.5,76.875,Himachal Pradesh,Background_Sampling,Copernicus_NASA_Background,negative,5.93,24.59,38.81,204.24,404.36,0.77,1.8,298.08,0.59,195.1,0.000987,0
APDA-NEG-00602,2010-09-19,32.5,76.875,Himachal Pradesh,Background_Sampling,Copernicus_NASA_Background,negative,13.67,17.45,26.88,102.2,203.32,0.89,2.6,5101.1,32.0,358.76,0.004829,0
APDA-NEG-00603,2015-07-26,33.0,77.5,Himachal Pradesh,Background_Sampling,Copernicus_NASA_Background,negative,5.48,8.32,22.33,62.63,148.58,0.67,1.1333,5155.49,22.24,314.26,0.012153,0
APDA-NEG-00604,2010-07-17,30.5,76.875,Himachal Pradesh,Background_Sampling,Copernicus_NASA_Background,negative,3.02,7.72,52.07,199.64,286.19,0.62,0.8,298.08,0.59,195.1,0.000987,0
APDA-NEG-00605,2015-07-26,30.5,76.875,Himachal Pradesh,Background_Sampling,Copernicus_NASA_Background,negative,5.93,24.59,38.81,204.24,404.36,0.77,1.8,298.08,0.59,195.1,0.000987,0
APDA-NEG-00606,2010-09-20,30.5,76.875,Himachal Pradesh,Background_Sampling,Copernicus_NASA_Background,negative,2.14,51.9,82.17,226.44,385.42,0.88,2.5333,298.08,0.59,195.1,0.000987,0
APDA-NEG-00607,2015-07-26,32.5,76.875,Himachal Pradesh,Background_Sampling,Copernicus_NASA_Background,negative,14.52,24.23,48.77,159.67,294.12,0.91,2.7333,5101.1,32.0,358.76,0.004829,0
APDA-NEG-00608,2011-03-05,33.0,77.5,Himachal Pradesh,Background_Sampling,Copernicus_NASA_Background,negative,0.0,2.31,4.05,7.15,29.99,0.54,0.2667,5155.49,22.24,314.26,0.012153,0
APDA-NEG-00609,2015-07-31,32.0,78.125,Himachal Pradesh,Background_Sampling,Copernicus_NASA_Background,negative,12.0,13.04,37.33,76.1,289.45,0.81,2.0667,5347.43,45.52,279.8,-0.005436,0
APDA-NEG-00610,2010-07-17,30.5,76.875,Himachal Pradesh,Background_Sampling,Copernicus_NASA_Background,negative,3.02,7.72,52.07,199.64,286.19,0.62,0.8,298.08,0.59,195.1,0.000987,0
APDA-NEG-00611,2015-08-08,32.5,78.125,Himachal Pradesh,Background_Sampling,Copernicus_NASA_Background,negative,8.48,24.4,52.92,102.39,217.88,0.75,1.6667,5364.12,23.0,184.14,0.001507,0
APDA-NEG-00612,2008-08-17,30.5,76.875,Himachal Pradesh,Background_Sampling,Copernicus_NASA_Background,negative,8.28,40.13,152.26,281.58,390.87,0.89,2.6,298.08,0.59,195.1,0.000987,0
APDA-NEG-00613,2015-08-09,30.5,76.875,Himachal Pradesh,Background_Sampling,Copernicus_NASA_Background,negative,7.79,55.02,71.6,111.35,357.13,0.76,1.7333,298.08,0.59,195.1,0.000987,0
APDA-NEG-00614,2017-12-10,33.0,77.5,Himachal Pradesh,Background_Sampling,Copernicus_NASA_Background,negative,0.0,0.0,0.42,0.42,7.49,0.47,-0.2,5155.49,22.24,314.26,0.012153,0
APDA-NEG-00615,2015-08-11,32.5,76.875,Himachal Pradesh,Background_Sampling,Copernicus_NASA_Background,negative,9.13,15.26,45.77,88.84,213.24,0.9,2.6667,5101.1,32.0,358.76,0.004829,0
APDA-NEG-00616,2010-07-25,32.5,76.875,Himachal Pradesh,Background_Sampling,Copernicus_NASA_Background,negative,3.89,5.61,137.9,184.77,250.12,0.77,1.8,5101.1,32.0,358.76,0.004829,0
APDA-NEG-00617,2015-08-12,32.5,76.875,Himachal Pradesh,Background_Sampling,Copernicus_NASA_Background,negative,6.29,20.0,49.08,93.33,210.74,0.9,2.6667,5101.1,32.0,358.76,0.004829,0
APDA-NEG-00618,2013-07-07,31.5,78.75,Himachal Pradesh,Background_Sampling,Copernicus_NASA_Background,negative,22.79,30.59,43.68,101.35,378.37,0.87,2.4667,4989.8,15.71,68.13,-0.003931,0
APDA-NEG-00619,2015-08-12,31.5,78.75,Himachal Pradesh,Background_Sampling,Copernicus_NASA_Background,negative,1.25,8.43,40.28,75.95,117.04,0.79,1.9333,4989.8,15.71,68.13,-0.003931,0
APDA-NEG-00620,2018-08-14,32.5,76.875,Himachal Pradesh,Background_Sampling,Copernicus_NASA_Background,negative,4.72,60.62,84.32,165.64,348.47,0.91,2.7333,5101.1,32.0,358.76,0.004829,0
APDA-NEG-00621,2015-08-13,33.0,77.5,Himachal Pradesh,Background_Sampling,Copernicus_NASA_Background,negative,1.86,7.37,28.39,91.48,135.42,0.69,1.2667,5155.49,22.24,314.26,0.012153,0
APDA-NEG-00622,2013-07-14,33.0,77.5,Himachal Pradesh,Background_Sampling,Copernicus_NASA_Background,negative,1.37,2.47,27.11,42.45,127.3,0.56,0.4,5155.49,22.24,314.26,0.012153,0
APDA-NEG-00623,2015-08-18,32.5,76.875,Himachal Pradesh,Background_Sampling,Copernicus_NASA_Background,negative,13.68,22.68,45.7,92.34,185.17,0.91,2.7333,5101.1,32.0,358.76,0.004829,0
APDA-NEG-00624,2010-06-09,33.0,77.5,Himachal Pradesh,Background_Sampling,Copernicus_NASA_Background,negative,0.46,9.57,14.49,31.11,38.21,0.42,-0.5333,5155.49,22.24,314.26,0.012153,0
APDA-NEG-00625,2015-08-22,31.5,78.75,Himachal Pradesh,Background_Sampling,Copernicus_NASA_Background,negative,8.71,27.46,46.24,73.66,148.65,0.81,2.0667,4989.8,15.71,68.13,-0.003931,0
APDA-NEG-00626,2013-07-27,32.5,76.875,Himachal Pradesh,Background_Sampling,Copernicus_NASA_Background,negative,0.07,3.75,21.46,124.28,244.53,0.85,2.3333,5101.1,32.0,358.76,0.004829,0
APDA-NEG-00627,2015-12-07,30.5,76.875,Himachal Pradesh,Background_Sampling,Copernicus_NASA_Background,negative,0.0,0.0,0.0,1.7,1.88,0.35,-1.0,298.08,0.59,195.1,0.000987,0
APDA-NEG-00628,2010-07-25,32.0,78.125,Himachal Pradesh,Background_Sampling,Copernicus_NASA_Background,negative,0.52,3.51,35.85,54.05,102.85,0.5,0.0,5347.43,45.52,279.8,-0.005436,0
APDA-NEG-00629,2015-12-29,31.5,78.75,Himachal Pradesh,Background_Sampling,Copernicus_NASA_Background,negative,0.0,0.0,0.12,0.5,18.43,0.61,0.7333,4989.8,15.71,68.13,-0.003931,0
APDA-NEG-00630,2009-09-13,30.5,76.875,Himachal Pradesh,Background_Sampling,Copernicus_NASA_Background,negative,0.0,57.39,132.62,223.57,281.55,0.74,1.6,298.08,0.59,195.1,0.000987,0
APDA-NEG-00631,2016-06-17,32.5,76.875,Himachal Pradesh,Background_Sampling,Copernicus_NASA_Background,negative,0.21,8.46,10.08,25.5,50.61,0.75,1.6667,5101.1,32.0,358.76,0.004829,0
APDA-NEG-00632,2015-03-10,31.5,78.75,Himachal Pradesh,Background_Sampling,Copernicus_NASA_Background,negative,0.0,3.24,4.17,67.01,73.22,0.68,1.2,4989.8,15.71,68.13,-0.003931,0
APDA-NEG-00633,2016-07-02,32.5,78.125,Himachal Pradesh,Background_Sampling,Copernicus_NASA_Background,negative,8.35,12.55,19.47,27.6,42.09,0.66,1.0667,5364.12,23.0,184.14,0.001507,0
APDA-NEG-00634,2015-08-22,30.5,76.875,Himachal Pradesh,Background_Sampling,Copernicus_NASA_Background,negative,24.58,79.5,114.3,179.04,279.27,0.82,2.1333,298.08,0.59,195.1,0.000987,0
APDA-NEG-00635,2016-07-17,32.0,78.125,Himachal Pradesh,Background_Sampling,Copernicus_NASA_Background,negative,5.91,23.16,45.84,69.66,115.87,0.75,1.6667,5347.43,45.52,279.8,-0.005436,0
APDA-NEG-00636,2010-07-11,32.5,78.125,Himachal Pradesh,Background_Sampling,Copernicus_NASA_Background,negative,4.71,6.34,25.5,35.22,45.68,0.4,-0.6667,5364.12,23.0,184.14,0.001507,0
APDA-NEG-00637,2016-07-27,32.5,78.125,Himachal Pradesh,Background_Sampling,Copernicus_NASA_Background,negative,10.19,22.82,30.43,55.21,97.51,0.65,1.0,5364.12,23.0,184.14,0.001507,0
APDA-NEG-00638,2011-06-29,31.5,78.75,Himachal Pradesh,Background_Sampling,Copernicus_NASA_Background,negative,7.2,14.08,62.13,83.01,149.58,0.76,1.7333,4989.8,15.71,68.13,-0.003931,0
APDA-NEG-00639,2016-08-01,30.5,76.875,Himachal Pradesh,Background_Sampling,Copernicus_NASA_Background,negative,8.93,43.45,87.33,157.77,278.39,0.68,1.2,298.08,0.59,195.1,0.000987,0
APDA-NEG-00640,2015-12-07,32.0,78.125,Himachal Pradesh,Background_Sampling,Copernicus_NASA_Background,negative,0.01,0.03,0.03,1.21,1.28,0.72,1.4667,5347.43,45.52,279.8,-0.005436,0
APDA-NEG-00641,2016-08-09,32.5,78.125,Himachal Pradesh,Background_Sampling,Copernicus_NASA_Background,negative,4.39,13.3,36.62,85.51,136.39,0.68,1.2,5364.12,23.0,184.14,0.001507,0
APDA-NEG-00642,2010-08-06,32.5,76.875,Himachal Pradesh,Background_Sampling,Copernicus_NASA_Background,negative,13.23,31.92,102.65,177.3,363.39,0.87,2.4667,5101.1,32.0,358.76,0.004829,0
APDA-NEG-00643,2016-08-16,30.5,76.875,Himachal Pradesh,Background_Sampling,Copernicus_NASA_Background,negative,3.43,13.33,64.19,140.55,298.32,0.72,1.4667,298.08,0.59,195.1,0.000987,0
APDA-NEG-00644,2012-08-18,32.5,78.125,Himachal Pradesh,Background_Sampling,Copernicus_NASA_Background,negative,19.11,26.88,50.86,70.19,109.26,0.57,0.4667,5364.12,23.0,184.14,0.001507,0
APDA-NEG-00645,2016-08-21,31.5,78.75,Himachal Pradesh,Background_Sampling,Copernicus_NASA_Background,negative,2.37,6.61,14.05,47.16,134.76,0.73,1.5333,4989.8,15.71,68.13,-0.003931,0
APDA-NEG-00646,2013-07-03,30.5,76.875,Himachal Pradesh,Background_Sampling,Copernicus_NASA_Background,negative,1.59,13.97,32.86,75.34,340.54,0.6,0.6667,298.08,0.59,195.1,0.000987,0
APDA-NEG-00647,2016-08-30,32.5,76.875,Himachal Pradesh,Background_Sampling,Copernicus_NASA_Background,negative,2.82,8.99,59.9,95.6,250.13,0.9,2.6667,5101.1,32.0,358.76,0.004829,0
APDA-NEG-00648,2010-07-17,32.5,78.125,Himachal Pradesh,Background_Sampling,Copernicus_NASA_Background,negative,0.12,2.95,10.83,34.13,51.13,0.37,-0.8667,5364.12,23.0,184.14,0.001507,0
APDA-NEG-00649,2016-09-02,31.5,78.75,Himachal Pradesh,Background_Sampling,Copernicus_NASA_Background,negative,0.59,7.49,15.16,35.83,95.74,0.71,1.4,4989.8,15.71,68.13,-0.003931,0
APDA-NEG-00650,2018-08-11,33.0,77.5,Himachal Pradesh,Background_Sampling,Copernicus_NASA_Background,negative,0.85,4.26,37.73,53.7,157.31,0.63,0.8667,5155.49,22.24,314.26,0.012153,0
APDA-NEG-00651,2016-10-03,33.0,77.5,Himachal Pradesh,Background_Sampling,Copernicus_NASA_Background,negative,0.51,1.01,1.58,4.91,15.08,0.54,0.2667,5155.49,22.24,314.26,0.012153,0
APDA-NEG-00652,2018-09-25,32.0,78.125,Himachal Pradesh,Background_Sampling,Copernicus_NASA_Background,negative,2.74,96.75,140.28,155.54,223.92,0.9,2.6667,5347.43,45.52,279.8,-0.005436,0
APDA-NEG-00653,2017-01-06,32.0,78.125,Himachal Pradesh,Background_Sampling,Copernicus_NASA_Background,negative,16.24,19.11,19.87,21.09,21.32,0.62,0.8,5347.43,45.52,279.8,-0.005436,0
APDA-NEG-00654,2010-08-04,30.5,76.875,Himachal Pradesh,Background_Sampling,Copernicus_NASA_Background,negative,3.3,5.3,94.3,176.15,314.11,0.75,1.6667,298.08,0.59,195.1,0.000987,0
APDA-NEG-00655,2017-01-26,32.0,78.125,Himachal Pradesh,Background_Sampling,Copernicus_NASA_Background,negative,30.85,61.6,61.6,83.29,135.62,0.62,0.8,5347.43,45.52,279.8,-0.005436,0
APDA-NEG-00656,2010-07-07,32.5,76.875,Himachal Pradesh,Background_Sampling,Copernicus_NASA_Background,negative,2.28,33.99,52.76,77.49,100.91,0.59,0.6,5101.1,32.0,358.76,0.004829,0
APDA-NEG-00657,2017-02-21,32.5,76.875,Himachal Pradesh,Background_Sampling,Copernicus_NASA_Background,negative,17.02,42.58,42.98,42.99,161.04,0.73,1.5333,5101.1,32.0,358.76,0.004829,0
APDA-NEG-00658,2013-07-14,32.5,76.875,Himachal Pradesh,Background_Sampling,Copernicus_NASA_Background,negative,4.32,6.14,79.28,119.54,240.36,0.81,2.0667,5101.1,32.0,358.76,0.004829,0
APDA-NEG-00659,2017-03-22,32.5,78.125,Himachal Pradesh,Background_Sampling,Copernicus_NASA_Background,negative,0.0,0.0,7.88,42.3,70.4,0.49,-0.0667,5364.12,23.0,184.14,0.001507,0
APDA-NEG-00660,2011-08-07,32.5,76.875,Himachal Pradesh,Background_Sampling,Copernicus_NASA_Background,negative,12.11,24.27,36.87,91.1,194.63,0.8,2.0,5101.1,32.0,358.76,0.004829,0
APDA-NEG-00661,2017-04-06,32.5,76.875,Himachal Pradesh,Background_Sampling,Copernicus_NASA_Background,negative,21.6,62.05,62.4,63.33,125.05,0.86,2.4,5101.1,32.0,358.76,0.004829,0
APDA-NEG-00662,2013-06-15,32.5,76.875,Himachal Pradesh,Background_Sampling,Copernicus_NASA_Background,negative,14.92,55.26,83.84,86.58,91.76,0.71,1.4,5101.1,32.0,358.76,0.004829,0
APDA-NEG-00663,2017-04-18,30.5,76.875,Himachal Pradesh,Background_Sampling,Copernicus_NASA_Background,negative,0.0,0.0,0.03,28.84,28.84,0.26,-1.6,298.08,0.59,195.1,0.000987,0
APDA-NEG-00664,2010-07-25,33.0,77.5,Himachal Pradesh,Background_Sampling,Copernicus_NASA_Background,negative,1.5,2.72,48.05,62.51,86.48,0.48,-0.1333,5155.49,22.24,314.26,0.012153,0
APDA-NEG-00665,2017-04-23,32.0,78.125,Himachal Pradesh,Background_Sampling,Copernicus_NASA_Background,negative,5.92,13.97,13.97,14.47,70.83,0.82,2.1333,5347.43,45.52,279.8,-0.005436,0
APDA-NEG-00666,2016-08-01,32.5,78.125,Himachal Pradesh,Background_Sampling,Copernicus_NASA_Background,negative,8.95,21.76,44.29,63.42,112.13,0.68,1.2,5364.12,23.0,184.14,0.001507,0
APDA-NEG-00667,2017-04-30,32.5,76.875,Himachal Pradesh,Background_Sampling,Copernicus_NASA_Background,negative,11.06,14.89,22.04,34.44,98.14,0.88,2.5333,5101.1,32.0,358.76,0.004829,0
APDA-NEG-00668,2011-08-07,31.5,78.75,Himachal Pradesh,Background_Sampling,Copernicus_NASA_Background,negative,0.36,15.7,26.23,100.17,210.35,0.84,2.2667,4989.8,15.71,68.13,-0.003931,0
APDA-NEG-00669,2017-05-05,32.5,78.125,Himachal Pradesh,Background_Sampling,Copernicus_NASA_Background,negative,0.33,3.06,13.34,29.59,47.76,0.67,1.1333,5364.12,23.0,184.14,0.001507,0
APDA-NEG-00670,2013-08-21,32.5,76.875,Himachal Pradesh,Background_Sampling,Copernicus_NASA_Background,negative,8.05,19.39,129.06,203.02,357.33,0.95,3.0,5101.1,32.0,358.76,0.004829,0
APDA-NEG-00671,2017-06-07,30.5,76.875,Himachal Pradesh,Background_Sampling,Copernicus_NASA_Background,negative,44.53,45.51,45.66,60.15,93.08,0.47,-0.2,298.08,0.59,195.1,0.000987,0
APDA-NEG-00672,2017-09-02,32.5,76.875,Himachal Pradesh,Background_Sampling,Copernicus_NASA_Background,negative,6.19,32.49,46.42,77.22,179.43,0.88,2.5333,5101.1,32.0,358.76,0.004829,0
APDA-NEG-00673,2017-06-27,32.5,76.875,Himachal Pradesh,Background_Sampling,Copernicus_NASA_Background,negative,19.11,19.69,34.64,68.17,99.18,0.81,2.0667,5101.1,32.0,358.76,0.004829,0
APDA-NEG-00674,2018-09-11,30.5,76.875,Himachal Pradesh,Background_Sampling,Copernicus_NASA_Background,negative,12.59,28.43,69.19,146.85,317.85,0.86,2.4,298.08,0.59,195.1,0.000987,0
APDA-NEG-00675,2017-06-29,33.0,77.5,Himachal Pradesh,Background_Sampling,Copernicus_NASA_Background,negative,5.57,18.71,19.01,37.93,50.45,0.68,1.2,5155.49,22.24,314.26,0.012153,0
APDA-NEG-00676,2017-09-02,31.5,78.75,Himachal Pradesh,Background_Sampling,Copernicus_NASA_Background,negative,4.39,29.3,39.59,62.39,97.7,0.75,1.6667,4989.8,15.71,68.13,-0.003931,0
APDA-NEG-00677,2017-06-29,32.0,78.125,Himachal Pradesh,Background_Sampling,Copernicus_NASA_Background,negative,11.12,40.12,46.42,83.89,114.33,0.81,2.0667,5347.43,45.52,279.8,-0.005436,0
APDA-NEG-00678,2015-07-26,32.5,78.125,Himachal Pradesh,Background_Sampling,Copernicus_NASA_Background,negative,8.18,11.84,24.3,85.76,203.52,0.7,1.3333,5364.12,23.0,184.14,0.001507,0
APDA-NEG-00679,2017-07-02,32.5,76.875,Himachal Pradesh,Background_Sampling,Copernicus_NASA_Background,negative,2.25,10.86,57.03,95.96,123.59,0.82,2.1333,5101.1,32.0,358.76,0.004829,0
APDA-NEG-00680,2013-08-21,31.5,78.75,Himachal Pradesh,Background_Sampling,Copernicus_NASA_Background,negative,6.66,22.15,55.61,112.02,233.65,0.9,2.6667,4989.8,15.71,68.13,-0.003931,0
APDA-NEG-00681,2017-07-02,32.5,78.125,Himachal Pradesh,Background_Sampling,Copernicus_NASA_Background,negative,1.32,6.97,34.93,52.11,75.42,0.71,1.4,5364.12,23.0,184.14,0.001507,0
APDA-NEG-00682,2010-07-07,33.0,77.5,Himachal Pradesh,Background_Sampling,Copernicus_NASA_Background,negative,0.83,13.0,18.52,27.77,38.43,0.42,-0.5333,5155.49,22.24,314.26,0.012153,0
APDA-NEG-00683,2017-07-02,30.5,76.875,Himachal Pradesh,Background_Sampling,Copernicus_NASA_Background,negative,4.59,16.76,79.27,149.59,217.14,0.52,0.1333,298.08,0.59,195.1,0.000987,0
APDA-NEG-00684,2010-09-19,32.5,78.125,Himachal Pradesh,Background_Sampling,Copernicus_NASA_Background,negative,13.59,23.36,30.5,60.63,123.7,0.69,1.2667,5364.12,23.0,184.14,0.001507,0
APDA-NEG-00685,2017-07-03,30.5,76.875,Himachal Pradesh,Background_Sampling,Copernicus_NASA_Background,negative,3.79,12.93,71.86,151.41,220.93,0.51,0.0667,298.08,0.59,195.1,0.000987,0
APDA-NEG-00686,2015-08-12,31.5,78.75,Himachal Pradesh,Background_Sampling,Copernicus_NASA_Background,negative,1.25,8.43,40.28,75.95,117.04,0.79,1.9333,4989.8,15.71,68.13,-0.003931,0
APDA-NEG-00687,2017-08-14,32.5,76.875,Himachal Pradesh,Background_Sampling,Copernicus_NASA_Background,negative,7.25,18.56,47.95,128.94,252.16,0.9,2.6667,5101.1,32.0,358.76,0.004829,0
APDA-NEG-00688,2015-03-10,32.0,78.125,Himachal Pradesh,Background_Sampling,Copernicus_NASA_Background,negative,0.0,5.34,7.71,95.87,111.02,0.49,-0.0667,5347.43,45.52,279.8,-0.005436,0
APDA-NEG-00689,2017-08-22,33.0,77.5,Himachal Pradesh,Background_Sampling,Copernicus_NASA_Background,negative,0.79,2.81,7.67,23.34,90.04,0.64,0.9333,5155.49,22.24,314.26,0.012153,0
APDA-NEG-00690,2011-08-07,32.5,78.125,Himachal Pradesh,Background_Sampling,Copernicus_NASA_Background,negative,0.67,6.66,10.65,57.34,106.74,0.53,0.2,5364.12,23.0,184.14,0.001507,0
APDA-NEG-00691,2017-08-22,33.0,77.5,Himachal Pradesh,Background_Sampling,Copernicus_NASA_Background,negative,0.79,2.81,7.67,23.34,90.04,0.64,0.9333,5155.49,22.24,314.26,0.012153,0
APDA-NEG-00692,2017-02-21,33.0,77.5,Himachal Pradesh,Background_Sampling,Copernicus_NASA_Background,negative,9.17,25.86,26.27,26.3,111.58,0.44,-0.4,5155.49,22.24,314.26,0.012153,0
APDA-NEG-00693,2017-09-02,32.5,76.875,Himachal Pradesh,Background_Sampling,Copernicus_NASA_Background,negative,6.19,32.49,46.42,77.22,179.43,0.88,2.5333,5101.1,32.0,358.76,0.004829,0
APDA-NEG-00694,2008-09-19,31.5,78.75,Himachal Pradesh,Background_Sampling,Copernicus_NASA_Background,negative,22.81,33.65,36.11,57.99,104.94,0.85,2.3333,4989.8,15.71,68.13,-0.003931,0
APDA-NEG-00695,2017-12-10,32.0,78.125,Himachal Pradesh,Background_Sampling,Copernicus_NASA_Background,negative,0.0,0.0,0.37,0.37,7.68,0.7,1.3333,5347.43,45.52,279.8,-0.005436,0
APDA-NEG-00696,2017-07-02,31.5,78.75,Himachal Pradesh,Background_Sampling,Copernicus_NASA_Background,negative,1.66,6.08,37.68,61.74,92.63,0.69,1.2667,4989.8,15.71,68.13,-0.003931,0
APDA-NEG-00697,2018-08-07,31.5,78.75,Himachal Pradesh,Background_Sampling,Copernicus_NASA_Background,negative,7.25,27.04,36.79,84.76,141.41,0.74,1.6,4989.8,15.71,68.13,-0.003931,0
APDA-NEG-00698,2017-06-07,32.0,78.125,Himachal Pradesh,Background_Sampling,Copernicus_NASA_Background,negative,8.57,24.25,24.5,39.56,79.44,0.82,2.1333,5347.43,45.52,279.8,-0.005436,0
APDA-NEG-00699,2018-08-09,31.5,78.75,Himachal Pradesh,Background_Sampling,Copernicus_NASA_Background,negative,2.45,16.07,43.43,88.0,139.1,0.73,1.5333,4989.8,15.71,68.13,-0.003931,0
APDA-NEG-00700,2011-06-17,32.5,78.125,Himachal Pradesh,Background_Sampling,Copernicus_NASA_Background,negative,1.99,2.08,6.21,26.61,51.63,0.43,-0.4667,5364.12,23.0,184.14,0.001507,0
APDA-NEG-00701,2018-08-09,32.0,78.125,Himachal Pradesh,Background_Sampling,Copernicus_NASA_Background,negative,4.3,35.11,63.78,126.44,243.44,0.81,2.0667,5347.43,45.52,279.8,-0.005436,0
APDA-NEG-00702,2009-09-13,30.5,76.875,Himachal Pradesh,Background_Sampling,Copernicus_NASA_Background,negative,0.0,57.39,132.62,223.57,281.55,0.74,1.6,298.08,0.59,195.1,0.000987,0
APDA-NEG-00703,2018-08-11,30.5,76.875,Himachal Pradesh,Background_Sampling,Copernicus_NASA_Background,negative,3.75,12.9,76.9,167.43,374.48,0.8,2.0,298.08,0.59,195.1,0.000987,0
APDA-NEG-00704,2015-08-13,33.0,77.5,Himachal Pradesh,Background_Sampling,Copernicus_NASA_Background,negative,1.86,7.37,28.39,91.48,135.42,0.69,1.2667,5155.49,22.24,314.26,0.012153,0
APDA-NEG-00705,2018-08-13,32.5,76.875,Himachal Pradesh,Background_Sampling,Copernicus_NASA_Background,negative,29.79,58.45,99.67,166.2,354.66,0.92,2.8,5101.1,32.0,358.76,0.004829,0
APDA-NEG-00706,2013-06-15,33.0,77.5,Himachal Pradesh,Background_Sampling,Copernicus_NASA_Background,negative,6.25,21.36,31.89,33.99,38.29,0.48,-0.1333,5155.49,22.24,314.26,0.012153,0
APDA-NEG-00707,2018-08-13,30.5,76.875,Himachal Pradesh,Background_Sampling,Copernicus_NASA_Background,negative,46.14,90.73,125.21,216.27,433.53,0.89,2.6,298.08,0.59,195.1,0.000987,0
APDA-NEG-00708,2011-02-25,32.0,78.125,Himachal Pradesh,Background_Sampling,Copernicus_NASA_Background,negative,1.37,1.37,1.38,12.33,16.53,0.65,1.0,5347.43,45.52,279.8,-0.005436,0
APDA-NEG-00709,2018-08-14,32.5,78.125,Himachal Pradesh,Background_Sampling,Copernicus_NASA_Background,negative,2.85,44.32,62.02,97.84,211.48,0.73,1.5333,5364.12,23.0,184.14,0.001507,0
APDA-NEG-00710,2017-08-22,32.5,78.125,Himachal Pradesh,Background_Sampling,Copernicus_NASA_Background,negative,0.54,3.48,11.22,26.56,106.15,0.7,1.3333,5364.12,23.0,184.14,0.001507,0
APDA-NEG-00711,2018-08-18,32.5,76.875,Himachal Pradesh,Background_Sampling,Copernicus_NASA_Background,negative,18.08,23.62,85.17,172.84,315.17,0.91,2.7333,5101.1,32.0,358.76,0.004829,0
APDA-NEG-00712,2014-02-12,32.0,78.125,Himachal Pradesh,Background_Sampling,Copernicus_NASA_Background,negative,0.0,0.12,10.31,10.68,44.74,0.61,0.7333,5347.43,45.52,279.8,-0.005436,0
APDA-NEG-00713,2018-08-20,33.0,77.5,Himachal Pradesh,Background_Sampling,Copernicus_NASA_Background,negative,1.53,10.03,17.32,74.16,143.12,0.65,1.0,5155.49,22.24,314.26,0.012153,0
APDA-NEG-00714,2017-03-22,30.5,76.875,Himachal Pradesh,Background_Sampling,Copernicus_NASA_Background,negative,0.0,0.0,1.58,27.08,32.78,0.34,-1.0667,298.08,0.59,195.1,0.000987,0
APDA-NEG-00715,2018-09-01,32.5,78.125,Himachal Pradesh,Background_Sampling,Copernicus_NASA_Background,negative,0.83,3.88,5.15,53.64,154.05,0.7,1.3333,5364.12,23.0,184.14,0.001507,0
APDA-NEG-00716,2010-08-11,33.0,77.5,Himachal Pradesh,Background_Sampling,Copernicus_NASA_Background,negative,0.43,11.12,37.92,100.38,181.3,0.64,0.9333,5155.49,22.24,314.26,0.012153,0
APDA-NEG-00717,2018-09-02,30.5,76.875,Himachal Pradesh,Background_Sampling,Copernicus_NASA_Background,negative,12.24,23.32,60.31,148.71,364.49,0.85,2.3333,298.08,0.59,195.1,0.000987,0
APDA-NEG-00718,2010-10-04,32.5,76.875,Himachal Pradesh,Background_Sampling,Copernicus_NASA_Background,negative,0.0,0.0,0.53,55.21,157.41,0.87,2.4667,5101.1,32.0,358.76,0.004829,0
APDA-NEG-00719,2018-09-03,32.0,78.125,Himachal Pradesh,Background_Sampling,Copernicus_NASA_Background,negative,6.28,14.99,23.23,107.24,260.9,0.85,2.3333,5347.43,45.52,279.8,-0.005436,0
APDA-NEG-00720,2013-07-07,33.0,77.5,Himachal Pradesh,Background_Sampling,Copernicus_NASA_Background,negative,5.87,12.36,14.67,31.66,125.83,0.55,0.3333,5155.49,22.24,314.26,0.012153,0
APDA-NEG-00721,2018-09-03,32.0,78.125,Himachal Pradesh,Background_Sampling,Copernicus_NASA_Background,negative,6.28,14.99,23.23,107.24,260.9,0.85,2.3333,5347.43,45.52,279.8,-0.005436,0
APDA-NEG-00722,2010-10-04,32.5,76.875,Himachal Pradesh,Background_Sampling,Copernicus_NASA_Background,negative,0.0,0.0,0.53,55.21,157.41,0.87,2.4667,5101.1,32.0,358.76,0.004829,0
APDA-NEG-00723,2018-09-11,32.5,76.875,Himachal Pradesh,Background_Sampling,Copernicus_NASA_Background,negative,5.35,17.13,43.33,80.36,219.94,0.9,2.6667,5101.1,32.0,358.76,0.004829,0
APDA-NEG-00724,2017-04-23,33.0,77.5,Himachal Pradesh,Background_Sampling,Copernicus_NASA_Background,negative,4.52,9.22,9.26,9.41,58.77,0.69,1.2667,5155.49,22.24,314.26,0.012153,0
APDA-NEG-00725,2018-09-14,32.0,78.125,Himachal Pradesh,Background_Sampling,Copernicus_NASA_Background,negative,1.15,11.74,35.44,75.56,183.11,0.85,2.3333,5347.43,45.52,279.8,-0.005436,0
APDA-NEG-00726,2014-08-26,33.0,77.5,Himachal Pradesh,Background_Sampling,Copernicus_NASA_Background,negative,0.07,0.07,2.68,28.67,64.72,0.5,0.0,5155.49,22.24,314.26,0.012153,0
APDA-NEG-00727,2018-09-22,32.5,76.875,Himachal Pradesh,Background_Sampling,Copernicus_NASA_Background,negative,36.45,41.94,41.95,102.36,177.57,0.91,2.7333,5101.1,32.0,358.76,0.004829,0
APDA-NEG-00728,2011-02-25,31.5,78.75,Himachal Pradesh,Background_Sampling,Copernicus_NASA_Background,negative,1.76,1.79,1.83,16.79,22.69,0.77,1.8,4989.8,15.71,68.13,-0.003931,0
APDA-NEG-00729,2018-09-23,32.5,78.125,Himachal Pradesh,Background_Sampling,Copernicus_NASA_Background,negative,34.0,64.73,64.73,84.64,125.46,0.76,1.7333,5364.12,23.0,184.14,0.001507,0
APDA-NEG-00730,2010-09-15,30.5,76.875,Himachal Pradesh,Background_Sampling,Copernicus_NASA_Background,negative,1.07,15.03,105.09,210.59,412.82,0.87,2.4667,298.08,0.59,195.1,0.000987,0
APDA-NEG-00731,2018-09-25,30.5,76.875,Himachal Pradesh,Background_Sampling,Copernicus_NASA_Background,negative,34.0,122.86,170.63,203.31,345.25,0.92,2.8,298.08,0.59,195.1,0.000987,0
APDA-NEG-00732,2010-09-06,31.5,78.75,Himachal Pradesh,Background_Sampling,Copernicus_NASA_Background,negative,5.09,22.0,64.16,144.76,276.82,0.89,2.6,4989.8,15.71,68.13,-0.003931,0
APDA-NEG-00733,2018-09-26,32.5,76.875,Himachal Pradesh,Background_Sampling,Copernicus_NASA_Background,negative,0.0,46.51,148.65,186.19,266.55,0.95,3.0,5101.1,32.0,358.76,0.004829,0
APDA-NEG-00734,2014-10-15,33.0,77.5,Himachal Pradesh,Background_Sampling,Copernicus_NASA_Background,negative,0.73,3.42,3.42,9.17,13.02,0.57,0.4667,5155.49,22.24,314.26,0.012153,0
APDA-NEG-00735,2018-09-26,32.5,76.875,Himachal Pradesh,Background_Sampling,Copernicus_NASA_Background,negative,0.0,46.51,148.65,186.19,266.55,0.95,3.0,5101.1,32.0,358.76,0.004829,0
APDA-NEG-00736,2010-07-07,30.5,76.875,Himachal Pradesh,Background_Sampling,Copernicus_NASA_Background,negative,6.32,107.42,183.56,226.41,302.15,0.7,1.3333,298.08,0.59,195.1,0.000987,0
APDA-NEG-00737,2018-09-26,30.5,76.875,Himachal Pradesh,Background_Sampling,Copernicus_NASA_Background,negative,0.0,93.09,170.63,190.72,337.57,0.89,2.6,298.08,0.59,195.1,0.000987,0
APDA-NEG-00738,2015-08-22,30.5,76.875,Himachal Pradesh,Background_Sampling,Copernicus_NASA_Background,negative,24.58,79.5,114.3,179.04,279.27,0.82,2.1333,298.08,0.59,195.1,0.000987,0
APDA-NEG-00739,2018-09-27,30.5,76.875,Himachal Pradesh,Background_Sampling,Copernicus_NASA_Background,negative,0.0,34.0,170.6,184.38,327.04,0.88,2.5333,298.08,0.59,195.1,0.000987,0
APDA-NEG-00740,2018-10-14,31.5,78.75,Himachal Pradesh,Background_Sampling,Copernicus_NASA_Background,negative,0.0,0.92,4.91,4.99,73.41,0.77,1.8,4989.8,15.71,68.13,-0.003931,0
APDA-NEG-00741,2018-09-28,32.0,78.125,Himachal Pradesh,Background_Sampling,Copernicus_NASA_Background,negative,5.74,5.74,145.9,147.17,225.76,0.9,2.6667,5347.43,45.52,279.8,-0.005436,0
APDA-NEG-00742,2010-08-26,33.0,77.5,Himachal Pradesh,Background_Sampling,Copernicus_NASA_Background,negative,2.78,15.72,36.42,79.75,180.13,0.69,1.2667,5155.49,22.24,314.26,0.012153,0
APDA-NEG-00743,2018-10-09,33.0,77.5,Himachal Pradesh,Background_Sampling,Copernicus_NASA_Background,negative,0.01,0.04,0.04,10.47,105.54,0.7,1.3333,5155.49,22.24,314.26,0.012153,0
APDA-NEG-00744,2015-07-26,32.5,76.875,Himachal Pradesh,Background_Sampling,Copernicus_NASA_Background,negative,14.52,24.23,48.77,159.67,294.12,0.91,2.7333,5101.1,32.0,358.76,0.004829,0
APDA-NEG-00745,2018-10-10,33.0,77.5,Himachal Pradesh,Background_Sampling,Copernicus_NASA_Background,negative,0.94,0.98,0.98,10.9,104.16,0.7,1.3333,5155.49,22.24,314.26,0.012153,0
APDA-NEG-00746,2018-09-26,33.0,77.5,Himachal Pradesh,Background_Sampling,Copernicus_NASA_Background,negative,0.04,29.73,81.41,91.76,124.74,0.71,1.4,5155.49,22.24,314.26,0.012153,0
APDA-NEG-00747,2018-10-14,31.5,78.75,Himachal Pradesh,Background_Sampling,Copernicus_NASA_Background,negative,0.0,0.92,4.91,4.99,73.41,0.77,1.8,4989.8,15.71,68.13,-0.003931,0
APDA-NEG-00748,2009-09-10,32.5,78.125,Himachal Pradesh,Background_Sampling,Copernicus_NASA_Background,negative,9.49,36.11,39.46,57.52,73.79,0.54,0.2667,5364.12,23.0,184.14,0.001507,0
APDA-NEG-00749,2018-11-21,32.0,78.125,Himachal Pradesh,Background_Sampling,Copernicus_NASA_Background,negative,0.0,0.0,0.88,27.17,57.54,0.85,2.3333,5347.43,45.52,279.8,-0.005436,0
APDA-NEG-00750,2016-08-21,30.5,76.875,Himachal Pradesh,Background_Sampling,Copernicus_NASA_Background,negative,15.29,22.28,35.47,129.83,288.87,0.72,1.4667,298.08,0.59,195.1,0.000987,0
APDA-NEG-00751,2018-11-22,32.5,78.125,Himachal Pradesh,Background_Sampling,Copernicus_NASA_Background,negative,0.0,0.0,0.0,28.39,57.44,0.75,1.6667,5364.12,23.0,184.14,0.001507,0
APDA-NEG-00752,2010-08-21,32.0,78.125,Himachal Pradesh,Background_Sampling,Copernicus_NASA_Background,negative,10.38,19.39,45.03,88.64,208.45,0.74,1.6,5347.43,45.52,279.8,-0.005436,0
APDA-NEG-00753,2007-08-26,24.0,94.375,Manipur,Background_Sampling,Copernicus_NASA_Background,negative,1.64,2.27,10.13,41.94,53.1,0.46,-0.2667,308.07,14.0,233.72,-0.007124,0
APDA-NEG-00754,2018-05-10,24.0,94.375,Manipur,Background_Sampling,Copernicus_NASA_Background,negative,5.64,19.96,80.6,111.46,148.74,0.63,0.8667,308.07,14.0,233.72,-0.007124,0
APDA-NEG-00755,2007-08-31,24.5,93.125,Manipur,Background_Sampling,Copernicus_NASA_Background,negative,1.07,5.81,30.84,64.61,126.05,0.74,1.6,489.42,31.49,307.92,0.01086,0
APDA-NEG-00756,2015-08-01,24.0,94.375,Manipur,Background_Sampling,Copernicus_NASA_Background,negative,2.09,71.58,85.55,159.45,237.74,0.74,1.6,308.07,14.0,233.72,-0.007124,0
APDA-NEG-00757,2007-09-08,24.5,94.375,Manipur,Background_Sampling,Copernicus_NASA_Background,negative,11.38,43.06,75.61,86.44,144.92,0.69,1.2667,319.22,17.67,30.12,-0.00491,0
APDA-NEG-00758,2008-06-19,24.0,93.75,Manipur,Background_Sampling,Copernicus_NASA_Background,negative,5.78,24.38,44.42,72.62,108.09,0.59,0.6,938.27,22.91,215.12,-0.015373,0
APDA-NEG-00759,2007-09-09,25.0,93.125,Manipur,Background_Sampling,Copernicus_NASA_Background,negative,13.62,72.24,165.34,206.8,304.52,0.89,2.6,275.9,30.23,93.66,-0.002097,0
APDA-NEG-00760,2015-08-01,24.5,93.125,Manipur,Background_Sampling,Copernicus_NASA_Background,negative,13.23,101.21,122.2,287.02,505.03,0.95,3.0,489.42,31.49,307.92,0.01086,0
APDA-NEG-00761,2007-09-10,24.0,94.375,Manipur,Background_Sampling,Copernicus_NASA_Background,negative,0.73,10.16,46.05,53.75,95.69,0.53,0.2,308.07,14.0,233.72,-0.007124,0
APDA-NEG-00762,2011-07-07,24.5,94.375,Manipur,Background_Sampling,Copernicus_NASA_Background,negative,3.69,13.5,40.42,149.4,266.83,0.81,2.0667,319.22,17.67,30.12,-0.00491,0
APDA-NEG-00763,2007-09-11,25.0,93.125,Manipur,Background_Sampling,Copernicus_NASA_Background,negative,8.08,25.32,160.72,199.28,310.14,0.87,2.4667,275.9,30.23,93.66,-0.002097,0
APDA-NEG-00764,2017-06-27,24.0,93.125,Manipur,Background_Sampling,Copernicus_NASA_Background,negative,8.46,49.95,117.8,254.27,561.53,0.94,2.9333,1156.07,10.45,264.05,-0.013664,0
APDA-NEG-00765,2007-10-19,24.0,93.125,Manipur,Background_Sampling,Copernicus_NASA_Background,negative,4.04,5.92,55.86,132.92,145.78,0.77,1.8,1156.07,10.45,264.05,-0.013664,0
APDA-NEG-00766,2007-10-21,25.0,93.125,Manipur,Background_Sampling,Copernicus_NASA_Background,negative,2.38,19.51,65.78,121.83,136.18,0.83,2.2,275.9,30.23,93.66,-0.002097,0
APDA-NEG-00767,2007-10-21,25.0,93.125,Manipur,Background_Sampling,Copernicus_NASA_Background,negative,2.38,19.51,65.78,121.83,136.18,0.83,2.2,275.9,30.23,93.66,-0.002097,0
APDA-NEG-00768,2013-08-15,25.0,93.125,Manipur,Background_Sampling,Copernicus_NASA_Background,negative,7.37,88.87,114.14,212.54,326.18,0.93,2.8667,275.9,30.23,93.66,-0.002097,0
APDA-NEG-00769,2008-06-09,24.0,93.125,Manipur,Background_Sampling,Copernicus_NASA_Background,negative,3.07,10.78,25.6,62.72,125.3,0.55,0.3333,1156.07,10.45,264.05,-0.013664,0
APDA-NEG-00770,2013-05-12,24.0,93.125,Manipur,Background_Sampling,Copernicus_NASA_Background,negative,8.33,52.71,141.9,268.6,322.27,0.81,2.0667,1156.07,10.45,264.05,-0.013664,0
APDA-NEG-00771,2008-06-19,24.0,93.75,Manipur,Background_Sampling,Copernicus_NASA_Background,negative,5.78,24.38,44.42,72.62,108.09,0.59,0.6,938.27,22.91,215.12,-0.015373,0
APDA-NEG-00772,2017-07-09,24.5,93.125,Manipur,Background_Sampling,Copernicus_NASA_Background,negative,9.71,42.19,100.11,231.22,524.05,0.95,3.0,489.42,31.49,307.92,0.01086,0
APDA-NEG-00773,2009-08-20,24.5,93.125,Manipur,Background_Sampling,Copernicus_NASA_Background,negative,11.15,35.83,113.03,171.91,307.79,0.83,2.2,489.42,31.49,307.92,0.01086,0
APDA-NEG-00774,2011-06-28,24.5,93.125,Manipur,Background_Sampling,Copernicus_NASA_Background,negative,13.69,72.4,117.07,181.68,298.53,0.87,2.4667,489.42,31.49,307.92,0.01086,0
APDA-NEG-00775,2009-08-30,24.0,93.125,Manipur,Background_Sampling,Copernicus_NASA_Background,negative,5.83,7.59,26.11,99.74,237.74,0.81,2.0667,1156.07,10.45,264.05,-0.013664,0
APDA-NEG-00776,2012-03-04,24.0,93.75,Manipur,Background_Sampling,Copernicus_NASA_Background,negative,0.05,6.4,11.33,11.33,11.36,0.46,-0.2667,938.27,22.91,215.12,-0.015373,0
APDA-NEG-00777,2010-03-28,24.5,93.125,Manipur,Background_Sampling,Copernicus_NASA_Background,negative,2.6,12.91,15.42,18.91,30.08,0.48,-0.1333,489.42,31.49,307.92,0.01086,0
APDA-NEG-00778,2010-08-19,25.0,93.125,Manipur,Background_Sampling,Copernicus_NASA_Background,negative,10.39,25.98,63.54,81.51,246.04,0.91,2.7333,275.9,30.23,93.66,-0.002097,0
APDA-NEG-00779,2010-06-07,24.5,93.125,Manipur,Background_Sampling,Copernicus_NASA_Background,negative,7.9,41.36,110.0,212.9,360.22,0.85,2.3333,489.42,31.49,307.92,0.01086,0
APDA-NEG-00780,2015-08-01,24.5,94.375,Manipur,Background_Sampling,Copernicus_NASA_Background,negative,3.7,100.7,118.29,220.65,329.07,0.87,2.4667,319.22,17.67,30.12,-0.00491,0
APDA-NEG-00781,2010-07-29,24.5,94.375,Manipur,Background_Sampling,Copernicus_NASA_Background,negative,14.99,33.62,51.54,108.44,237.96,0.86,2.4,319.22,17.67,30.12,-0.00491,0
APDA-NEG-00782,2015-08-01,24.5,94.375,Manipur,Background_Sampling,Copernicus_NASA_Background,negative,3.7,100.7,118.29,220.65,329.07,0.87,2.4667,319.22,17.67,30.12,-0.00491,0
APDA-NEG-00783,2010-07-29,24.0,93.75,Manipur,Background_Sampling,Copernicus_NASA_Background,negative,13.12,25.81,39.71,89.98,187.75,0.81,2.0667,938.27,22.91,215.12,-0.015373,0
APDA-NEG-00784,2009-08-30,24.5,94.375,Manipur,Background_Sampling,Copernicus_NASA_Background,negative,4.6,5.01,15.2,65.56,201.61,0.73,1.5333,319.22,17.67,30.12,-0.00491,0
APDA-NEG-00785,2010-07-30,24.0,93.75,Manipur,Background_Sampling,Copernicus_NASA_Background,negative,17.59,40.68,55.02,91.17,203.62,0.82,2.1333,938.27,22.91,215.12,-0.015373,0
APDA-NEG-00786,2015-08-01,25.0,93.125,Manipur,Background_Sampling,Copernicus_NASA_Background,negative,13.93,93.0,107.23,259.26,462.73,0.95,3.0,275.9,30.23,93.66,-0.002097,0
APDA-NEG-00787,2010-07-31,24.0,93.75,Manipur,Background_Sampling,Copernicus_NASA_Background,negative,13.08,43.79,63.28,103.63,199.87,0.83,2.2,938.27,22.91,215.12,-0.015373,0
APDA-NEG-00788,2017-08-26,24.0,94.375,Manipur,Background_Sampling,Copernicus_NASA_Background,negative,25.38,36.54,43.65,63.81,115.85,0.76,1.7333,308.07,14.0,233.72,-0.007124,0
APDA-NEG-00789,2010-08-16,24.0,93.125,Manipur,Background_Sampling,Copernicus_NASA_Background,negative,9.58,19.72,50.92,77.33,204.62,0.85,2.3333,1156.07,10.45,264.05,-0.013664,0
APDA-NEG-00790,2015-08-01,24.5,93.125,Manipur,Background_Sampling,Copernicus_NASA_Background,negative,13.23,101.21,122.2,287.02,505.03,0.95,3.0,489.42,31.49,307.92,0.01086,0
APDA-NEG-00791,2010-08-19,24.0,93.125,Manipur,Background_Sampling,Copernicus_NASA_Background,negative,7.82,12.87,44.52,71.07,191.22,0.84,2.2667,1156.07,10.45,264.05,-0.013664,0
APDA-NEG-00792,2015-08-01,24.0,93.125,Manipur,Background_Sampling,Copernicus_NASA_Background,negative,10.71,88.0,118.64,278.99,491.54,0.95,3.0,1156.07,10.45,264.05,-0.013664,0
APDA-NEG-00793,2010-08-21,25.0,93.125,Manipur,Background_Sampling,Copernicus_NASA_Background,negative,5.95,25.35,58.85,93.2,242.68,0.9,2.6667,275.9,30.23,93.66,-0.002097,0
APDA-NEG-00794,2015-08-01,25.0,93.125,Manipur,Background_Sampling,Copernicus_NASA_Background,negative,13.93,93.0,107.23,259.26,462.73,0.95,3.0,275.9,30.23,93.66,-0.002097,0
APDA-NEG-00795,2010-08-25,24.0,93.75,Manipur,Background_Sampling,Copernicus_NASA_Background,negative,3.85,9.85,25.67,57.69,139.8,0.73,1.5333,938.27,22.91,215.12,-0.015373,0
APDA-NEG-00796,2017-07-08,24.0,94.375,Manipur,Background_Sampling,Copernicus_NASA_Background,negative,14.74,46.15,85.77,154.57,271.4,0.76,1.7333,308.07,14.0,233.72,-0.007124,0
APDA-NEG-00797,2010-08-27,24.0,93.75,Manipur,Background_Sampling,Copernicus_NASA_Background,negative,6.47,11.82,23.0,60.34,135.08,0.74,1.6,938.27,22.91,215.12,-0.015373,0
APDA-NEG-00798,2013-09-24,24.0,94.375,Manipur,Background_Sampling,Copernicus_NASA_Background,negative,0.69,1.4,3.55,80.09,193.1,0.71,1.4,308.07,14.0,233.72,-0.007124,0
APDA-NEG-00799,2010-08-27,25.0,93.125,Manipur,Background_Sampling,Copernicus_NASA_Background,negative,8.73,15.13,35.38,107.93,221.57,0.9,2.6667,275.9,30.23,93.66,-0.002097,0
APDA-NEG-00800,2011-07-22,24.5,94.375,Manipur,Background_Sampling,Copernicus_NASA_Background,negative,5.5,39.36,128.4,198.77,348.17,0.89,2.6,319.22,17.67,30.12,-0.00491,0
APDA-NEG-00801,2010-09-16,24.0,94.375,Manipur,Background_Sampling,Copernicus_NASA_Background,negative,8.25,19.85,28.57,61.45,105.17,0.66,1.0667,308.07,14.0,233.72,-0.007124,0
APDA-NEG-00802,2009-08-20,24.5,94.375,Manipur,Background_Sampling,Copernicus_NASA_Background,negative,2.79,10.42,81.67,121.42,201.96,0.72,1.4667,319.22,17.67,30.12,-0.00491,0
APDA-NEG-00803,2010-10-08,24.0,94.375,Manipur,Background_Sampling,Copernicus_NASA_Background,negative,65.32,120.02,126.11,144.81,212.21,0.88,2.5333,308.07,14.0,233.72,-0.007124,0
APDA-NEG-00804,2018-05-10,24.5,94.375,Manipur,Background_Sampling,Copernicus_NASA_Background,negative,7.38,23.09,104.89,146.08,195.86,0.73,1.5333,319.22,17.67,30.12,-0.00491,0
APDA-NEG-00805,2010-10-08,25.0,93.125,Manipur,Background_Sampling,Copernicus_NASA_Background,negative,86.18,138.2,141.73,190.96,313.55,0.99,3.2667,275.9,30.23,93.66,-0.002097,0
APDA-NEG-00806,2011-06-28,24.0,93.75,Manipur,Background_Sampling,Copernicus_NASA_Background,negative,10.37,53.03,81.32,131.18,222.11,0.8,2.0,938.27,22.91,215.12,-0.015373,0
APDA-NEG-00807,2010-10-08,24.5,94.375,Manipur,Background_Sampling,Copernicus_NASA_Background,negative,81.19,144.74,150.78,174.12,262.99,0.96,3.0667,319.22,17.67,30.12,-0.00491,0
APDA-NEG-00808,2007-08-26,24.0,94.375,Manipur,Background_Sampling,Copernicus_NASA_Background,negative,1.64,2.27,10.13,41.94,53.1,0.46,-0.2667,308.07,14.0,233.72,-0.007124,0
APDA-NEG-00809,2010-10-08,24.5,94.375,Manipur,Background_Sampling,Copernicus_NASA_Background,negative,81.19,144.74,150.78,174.12,262.99,0.96,3.0667,319.22,17.67,30.12,-0.00491,0
APDA-NEG-00810,2011-07-22,24.5,93.125,Manipur,Background_Sampling,Copernicus_NASA_Background,negative,5.56,43.21,135.31,211.58,415.79,0.9,2.6667,489.42,31.49,307.92,0.01086,0
APDA-NEG-00811,2010-10-09,25.0,93.125,Manipur,Background_Sampling,Copernicus_NASA_Background,negative,31.14,154.03,172.87,204.95,338.59,0.96,3.0667,275.9,30.23,93.66,-0.002097,0
APDA-NEG-00812,2015-06-19,24.0,94.375,Manipur,Background_Sampling,Copernicus_NASA_Background,negative,1.9,3.26,13.21,51.12,78.1,0.49,-0.0667,308.07,14.0,233.72,-0.007124,0
APDA-NEG-00813,2010-10-09,24.0,94.375,Manipur,Background_Sampling,Copernicus_NASA_Background,negative,9.88,106.99,135.99,149.62,221.06,0.8,2.0,308.07,14.0,233.72,-0.007124,0
APDA-NEG-00814,2013-10-14,24.0,93.75,Manipur,Background_Sampling,Copernicus_NASA_Background,negative,0.49,3.28,16.66,55.03,122.13,0.79,1.9333,938.27,22.91,215.12,-0.015373,0
APDA-NEG-00815,2010-10-09,24.0,94.375,Manipur,Background_Sampling,Copernicus_NASA_Background,negative,9.88,106.99,135.99,149.62,221.06,0.8,2.0,308.07,14.0,233.72,-0.007124,0
APDA-NEG-00816,2010-10-08,25.0,93.125,Manipur,Background_Sampling,Copernicus_NASA_Background,negative,86.18,138.2,141.73,190.96,313.55,0.99,3.2667,275.9,30.23,93.66,-0.002097,0
APDA-NEG-00817,2011-05-22,24.0,94.375,Manipur,Background_Sampling,Copernicus_NASA_Background,negative,6.26,69.03,89.51,105.01,168.9,0.68,1.2,308.07,14.0,233.72,-0.007124,0
APDA-NEG-00818,2015-08-01,24.5,93.125,Manipur,Background_Sampling,Copernicus_NASA_Background,negative,13.23,101.21,122.2,287.02,505.03,0.95,3.0,489.42,31.49,307.92,0.01086,0
APDA-NEG-00819,2011-05-31,24.0,93.125,Manipur,Background_Sampling,Copernicus_NASA_Background,negative,10.08,45.68,55.03,182.25,260.33,0.78,1.8667,1156.07,10.45,264.05,-0.013664,0
APDA-NEG-00820,2017-07-01,24.0,94.375,Manipur,Background_Sampling,Copernicus_NASA_Background,negative,14.72,47.16,62.32,120.53,221.94,0.75,1.6667,308.07,14.0,233.72,-0.007124,0
APDA-NEG-00821,2011-05-31,24.5,93.125,Manipur,Background_Sampling,Copernicus_NASA_Background,negative,12.99,50.37,60.31,209.59,296.38,0.81,2.0667,489.42,31.49,307.92,0.01086,0
APDA-NEG-00822,2007-08-31,24.5,94.375,Manipur,Background_Sampling,Copernicus_NASA_Background,negative,0.34,1.89,9.81,30.48,69.84,0.54,0.2667,319.22,17.67,30.12,-0.00491,0
APDA-NEG-00823,2011-06-28,24.0,93.75,Manipur,Background_Sampling,Copernicus_NASA_Background,negative,10.37,53.03,81.32,131.18,222.11,0.8,2.0,938.27,22.91,215.12,-0.015373,0
APDA-NEG-00824,2011-05-31,24.5,93.125,Manipur,Background_Sampling,Copernicus_NASA_Background,negative,12.99,50.37,60.31,209.59,296.38,0.81,2.0667,489.42,31.49,307.92,0.01086,0
APDA-NEG-00825,2011-07-06,24.5,93.125,Manipur,Background_Sampling,Copernicus_NASA_Background,negative,4.0,29.64,63.76,203.46,333.45,0.86,2.4,489.42,31.49,307.92,0.01086,0
APDA-NEG-00826,2012-03-04,24.0,94.375,Manipur,Background_Sampling,Copernicus_NASA_Background,negative,0.06,6.41,11.39,11.41,11.44,0.46,-0.2667,308.07,14.0,233.72,-0.007124,0
APDA-NEG-00827,2011-07-07,24.5,93.125,Manipur,Background_Sampling,Copernicus_NASA_Background,negative,11.02,25.0,58.2,204.21,324.43,0.86,2.4,489.42,31.49,307.92,0.01086,0
APDA-NEG-00828,2013-09-24,24.0,93.125,Manipur,Background_Sampling,Copernicus_NASA_Background,negative,2.88,5.05,16.13,110.66,234.53,0.88,2.5333,1156.07,10.45,264.05,-0.013664,0
APDA-NEG-00829,2011-07-22,24.5,94.375,Manipur,Background_Sampling,Copernicus_NASA_Background,negative,5.5,39.36,128.4,198.77,348.17,0.89,2.6,319.22,17.67,30.12,-0.00491,0
APDA-NEG-00830,2015-08-01,24.0,94.375,Manipur,Background_Sampling,Copernicus_NASA_Background,negative,2.09,71.58,85.55,159.45,237.74,0.74,1.6,308.07,14.0,233.72,-0.007124,0
APDA-NEG-00831,2011-07-22,24.0,93.125,Manipur,Background_Sampling,Copernicus_NASA_Background,negative,5.18,36.96,99.63,154.82,323.18,0.88,2.5333,1156.07,10.45,264.05,-0.013664,0
APDA-NEG-00832,2017-06-27,24.5,94.375,Manipur,Background_Sampling,Copernicus_NASA_Background,negative,1.64,12.33,68.69,118.79,279.0,0.77,1.8,319.22,17.67,30.12,-0.00491,0
APDA-NEG-00833,2011-07-25,24.0,94.375,Manipur,Background_Sampling,Copernicus_NASA_Background,negative,2.86,4.76,54.1,143.07,239.88,0.71,1.4,308.07,14.0,233.72,-0.007124,0
APDA-NEG-00834,2010-10-08,24.0,94.375,Manipur,Background_Sampling,Copernicus_NASA_Background,negative,65.32,120.02,126.11,144.81,212.21,0.88,2.5333,308.07,14.0,233.72,-0.007124,0
APDA-NEG-00835,2011-07-29,24.5,93.125,Manipur,Background_Sampling,Copernicus_NASA_Background,negative,1.01,4.25,24.62,191.59,310.98,0.88,2.5333,489.42,31.49,307.92,0.01086,0
APDA-NEG-00836,2010-10-08,24.5,94.375,Manipur,Background_Sampling,Copernicus_NASA_Background,negative,81.19,144.74,150.78,174.12,262.99,0.96,3.0667,319.22,17.67,30.12,-0.00491,0
APDA-NEG-00837,2012-03-04,24.0,93.125,Manipur,Background_Sampling,Copernicus_NASA_Background,negative,0.05,6.21,11.2,11.2,11.22,0.45,-0.3333,1156.07,10.45,264.05,-0.013664,0
APDA-NEG-00838,2017-06-13,24.0,93.75,Manipur,Background_Sampling,Copernicus_NASA_Background,negative,11.81,57.55,77.82,183.44,251.99,0.82,2.1333,938.27,22.91,215.12,-0.015373,0
APDA-NEG-00839,2012-06-10,24.0,94.375,Manipur,Background_Sampling,Copernicus_NASA_Background,negative,4.32,5.27,30.2,84.11,104.33,0.54,0.2667,308.07,14.0,233.72,-0.007124,0
APDA-NEG-00840,2017-06-05,24.0,94.375,Manipur,Background_Sampling,Copernicus_NASA_Background,negative,0.02,24.52,77.34,101.15,141.69,0.61,0.7333,308.07,14.0,233.72,-0.007124,0
APDA-NEG-00841,2013-05-12,24.0,94.375,Manipur,Background_Sampling,Copernicus_NASA_Background,negative,5.29,29.11,77.53,169.78,205.57,0.68,1.2,308.07,14.0,233.72,-0.007124,0
APDA-NEG-00842,2010-08-19,24.0,94.375,Manipur,Background_Sampling,Copernicus_NASA_Background,negative,5.05,8.3,28.29,34.68,126.5,0.66,1.0667,308.07,14.0,233.72,-0.007124,0
APDA-NEG-00843,2013-08-09,24.5,94.375,Manipur,Background_Sampling,Copernicus_NASA_Background,negative,0.67,9.44,76.73,129.75,298.4,0.84,2.2667,319.22,17.67,30.12,-0.00491,0
APDA-NEG-00844,2017-07-08,24.5,94.375,Manipur,Background_Sampling,Copernicus_NASA_Background,negative,27.04,69.84,125.62,215.71,362.5,0.91,2.7333,319.22,17.67,30.12,-0.00491,0
APDA-NEG-00845,2013-08-15,25.0,93.125,Manipur,Background_Sampling,Copernicus_NASA_Background,negative,7.37,88.87,114.14,212.54,326.18,0.93,2.8667,275.9,30.23,93.66,-0.002097,0
APDA-NEG-00846,2015-08-01,24.0,94.375,Manipur,Background_Sampling,Copernicus_NASA_Background,negative,2.09,71.58,85.55,159.45,237.74,0.74,1.6,308.07,14.0,233.72,-0.007124,0
APDA-NEG-00847,2013-08-18,24.0,94.375,Manipur,Background_Sampling,Copernicus_NASA_Background,negative,3.45,16.23,86.79,159.53,220.14,0.75,1.6667,308.07,14.0,233.72,-0.007124,0
APDA-NEG-00848,2017-07-09,25.0,93.125,Manipur,Background_Sampling,Copernicus_NASA_Background,negative,11.3,45.66,100.24,228.49,505.07,0.95,3.0,275.9,30.23,93.66,-0.002097,0
APDA-NEG-00849,2013-09-01,24.5,93.125,Manipur,Background_Sampling,Copernicus_NASA_Background,negative,5.32,11.11,56.37,103.91,325.3,0.9,2.6667,489.42,31.49,307.92,0.01086,0
APDA-NEG-00850,2015-07-22,24.5,93.125,Manipur,Background_Sampling,Copernicus_NASA_Background,negative,19.73,51.03,171.73,298.74,461.69,0.94,2.9333,489.42,31.49,307.92,0.01086,0
APDA-NEG-00851,2013-09-01,24.5,93.125,Manipur,Background_Sampling,Copernicus_NASA_Background,negative,5.32,11.11,56.37,103.91,325.3,0.9,2.6667,489.42,31.49,307.92,0.01086,0
APDA-NEG-00852,2010-10-09,24.5,94.375,Manipur,Background_Sampling,Copernicus_NASA_Background,negative,15.73,133.66,166.51,184.34,277.61,0.9,2.6667,319.22,17.67,30.12,-0.00491,0
APDA-NEG-00853,2013-09-24,24.5,94.375,Manipur,Background_Sampling,Copernicus_NASA_Background,negative,0.35,0.77,1.99,91.37,251.63,0.88,2.5333,319.22,17.67,30.12,-0.00491,0
APDA-NEG-00854,2013-09-01,25.0,93.125,Manipur,Background_Sampling,Copernicus_NASA_Background,negative,5.89,10.77,60.03,102.73,318.39,0.91,2.7333,275.9,30.23,93.66,-0.002097,0
APDA-NEG-00855,2013-10-14,25.0,93.125,Manipur,Background_Sampling,Copernicus_NASA_Background,negative,0.01,0.98,13.21,98.06,176.63,0.9,2.6667,275.9,30.23,93.66,-0.002097,0
APDA-NEG-00856,2010-10-09,25.0,93.125,Manipur,Background_Sampling,Copernicus_NASA_Background,negative,31.14,154.03,172.87,204.95,338.59,0.96,3.0667,275.9,30.23,93.66,-0.002097,0
APDA-NEG-00857,2015-06-19,24.5,93.125,Manipur,Background_Sampling,Copernicus_NASA_Background,negative,5.92,12.23,54.18,194.24,342.73,0.82,2.1333,489.42,31.49,307.92,0.01086,0
APDA-NEG-00858,2007-08-26,24.0,93.75,Manipur,Background_Sampling,Copernicus_NASA_Background,negative,3.2,4.44,14.62,53.77,71.09,0.56,0.4,938.27,22.91,215.12,-0.015373,0
APDA-NEG-00859,2015-07-22,24.5,94.375,Manipur,Background_Sampling,Copernicus_NASA_Background,negative,10.84,38.36,128.61,170.35,316.68,0.82,2.1333,319.22,17.67,30.12,-0.00491,0
APDA-NEG-00860,2013-08-15,24.5,93.125,Manipur,Background_Sampling,Copernicus_NASA_Background,negative,7.8,90.36,117.5,211.94,317.24,0.92,2.8,489.42,31.49,307.92,0.01086,0
APDA-NEG-00861,2015-07-22,24.0,93.75,Manipur,Background_Sampling,Copernicus_NASA_Background,negative,9.95,31.26,113.34,164.01,295.65,0.81,2.0667,938.27,22.91,215.12,-0.015373,0
APDA-NEG-00862,2017-07-08,24.0,93.75,Manipur,Background_Sampling,Copernicus_NASA_Background,negative,15.11,40.9,86.2,178.83,342.57,0.88,2.5333,938.27,22.91,215.12,-0.015373,0
APDA-NEG-00863,2015-07-22,24.0,94.375,Manipur,Background_Sampling,Copernicus_NASA_Background,negative,7.17,24.88,89.73,121.63,230.89,0.69,1.2667,308.07,14.0,233.72,-0.007124,0
APDA-NEG-00864,2017-07-09,24.0,93.75,Manipur,Background_Sampling,Copernicus_NASA_Background,negative,4.38,37.77,85.46,170.88,340.72,0.86,2.4,938.27,22.91,215.12,-0.015373,0
APDA-NEG-00865,2015-07-22,24.5,94.375,Manipur,Background_Sampling,Copernicus_NASA_Background,negative,10.84,38.36,128.61,170.35,316.68,0.82,2.1333,319.22,17.67,30.12,-0.00491,0
APDA-NEG-00866,2015-08-01,24.5,93.125,Manipur,Background_Sampling,Copernicus_NASA_Background,negative,13.23,101.21,122.2,287.02,505.03,0.95,3.0,489.42,31.49,307.92,0.01086,0
APDA-NEG-00867,2015-07-22,24.0,93.125,Manipur,Background_Sampling,Copernicus_NASA_Background,negative,15.67,38.75,159.2,285.93,444.45,0.93,2.8667,1156.07,10.45,264.05,-0.013664,0
APDA-NEG-00868,2007-10-21,24.0,94.375,Manipur,Background_Sampling,Copernicus_NASA_Background,negative,1.33,11.04,42.21,79.63,90.58,0.57,0.4667,308.07,14.0,233.72,-0.007124,0
APDA-NEG-00869,2015-07-24,25.0,93.125,Manipur,Background_Sampling,Copernicus_NASA_Background,negative,26.29,65.58,149.54,286.71,456.22,0.96,3.0667,275.9,30.23,93.66,-0.002097,0
APDA-NEG-00870,2010-10-09,24.5,93.125,Manipur,Background_Sampling,Copernicus_NASA_Background,negative,24.54,167.86,194.91,225.75,351.97,0.95,3.0,489.42,31.49,307.92,0.01086,0
APDA-NEG-00871,2015-07-31,24.0,93.75,Manipur,Background_Sampling,Copernicus_NASA_Background,negative,60.55,79.62,102.27,221.53,308.82,0.92,2.8,938.27,22.91,215.12,-0.015373,0
APDA-NEG-00872,2017-04-06,24.0,93.75,Manipur,Background_Sampling,Copernicus_NASA_Background,negative,1.19,46.12,117.09,180.71,220.75,0.71,1.4,938.27,22.91,215.12,-0.015373,0
APDA-NEG-00873,2015-08-01,24.5,94.375,Manipur,Background_Sampling,Copernicus_NASA_Background,negative,3.7,100.7,118.29,220.65,329.07,0.87,2.4667,319.22,17.67,30.12,-0.00491,0
APDA-NEG-00874,2017-08-26,24.0,93.75,Manipur,Background_Sampling,Copernicus_NASA_Background,negative,26.32,49.79,64.97,111.64,191.06,0.88,2.5333,938.27,22.91,215.12,-0.015373,0
APDA-NEG-00875,2015-08-01,24.0,93.125,Manipur,Background_Sampling,Copernicus_NASA_Background,negative,10.71,88.0,118.64,278.99,491.54,0.95,3.0,1156.07,10.45,264.05,-0.013664,0
APDA-NEG-00876,2007-10-19,24.0,93.75,Manipur,Background_Sampling,Copernicus_NASA_Background,negative,4.0,5.15,44.04,96.02,105.53,0.65,1.0,938.27,22.91,215.12,-0.015373,0
APDA-NEG-00877,2015-08-01,25.0,93.125,Manipur,Background_Sampling,Copernicus_NASA_Background,negative,13.93,93.0,107.23,259.26,462.73,0.95,3.0,275.9,30.23,93.66,-0.002097,0
APDA-NEG-00878,2015-07-22,24.0,94.375,Manipur,Background_Sampling,Copernicus_NASA_Background,negative,7.17,24.88,89.73,121.63,230.89,0.69,1.2667,308.07,14.0,233.72,-0.007124,0
APDA-NEG-00879,2015-08-01,24.5,93.125,Manipur,Background_Sampling,Copernicus_NASA_Background,negative,13.23,101.21,122.2,287.02,505.03,0.95,3.0,489.42,31.49,307.92,0.01086,0
APDA-NEG-00880,2015-08-01,24.5,93.125,Manipur,Background_Sampling,Copernicus_NASA_Background,negative,13.23,101.21,122.2,287.02,505.03,0.95,3.0,489.42,31.49,307.92,0.01086,0
APDA-NEG-00881,2015-08-01,24.5,94.375,Manipur,Background_Sampling,Copernicus_NASA_Background,negative,3.7,100.7,118.29,220.65,329.07,0.87,2.4667,319.22,17.67,30.12,-0.00491,0
APDA-NEG-00882,2018-05-10,24.0,94.375,Manipur,Background_Sampling,Copernicus_NASA_Background,negative,5.64,19.96,80.6,111.46,148.74,0.63,0.8667,308.07,14.0,233.72,-0.007124,0
APDA-NEG-00883,2015-08-01,24.5,93.125,Manipur,Background_Sampling,Copernicus_NASA_Background,negative,13.23,101.21,122.2,287.02,505.03,0.95,3.0,489.42,31.49,307.92,0.01086,0
APDA-NEG-00884,2017-08-26,24.5,93.125,Manipur,Background_Sampling,Copernicus_NASA_Background,negative,27.6,77.47,110.13,218.46,388.77,0.95,3.0,489.42,31.49,307.92,0.01086,0
APDA-NEG-00885,2015-08-01,24.0,93.125,Manipur,Background_Sampling,Copernicus_NASA_Background,negative,10.71,88.0,118.64,278.99,491.54,0.95,3.0,1156.07,10.45,264.05,-0.013664,0
APDA-NEG-00886,2011-05-31,24.0,93.75,Manipur,Background_Sampling,Copernicus_NASA_Background,negative,8.41,37.27,42.71,161.06,216.67,0.74,1.6,938.27,22.91,215.12,-0.015373,0
APDA-NEG-00887,2015-08-01,24.5,94.375,Manipur,Background_Sampling,Copernicus_NASA_Background,negative,3.7,100.7,118.29,220.65,329.07,0.87,2.4667,319.22,17.67,30.12,-0.00491,0
APDA-NEG-00888,2010-07-29,24.5,94.375,Manipur,Background_Sampling,Copernicus_NASA_Background,negative,14.99,33.62,51.54,108.44,237.96,0.86,2.4,319.22,17.67,30.12,-0.00491,0
APDA-NEG-00889,2015-08-01,24.0,93.125,Manipur,Background_Sampling,Copernicus_NASA_Background,negative,10.71,88.0,118.64,278.99,491.54,0.95,3.0,1156.07,10.45,264.05,-0.013664,0
APDA-NEG-00890,2011-07-06,24.0,93.125,Manipur,Background_Sampling,Copernicus_NASA_Background,negative,3.3,22.04,57.93,165.88,287.95,0.83,2.2,1156.07,10.45,264.05,-0.013664,0
APDA-NEG-00891,2015-08-01,24.5,94.375,Manipur,Background_Sampling,Copernicus_NASA_Background,negative,3.7,100.7,118.29,220.65,329.07,0.87,2.4667,319.22,17.67,30.12,-0.00491,0
APDA-NEG-00892,2010-06-07,25.0,93.125,Manipur,Background_Sampling,Copernicus_NASA_Background,negative,10.55,46.14,120.95,217.82,372.48,0.88,2.5333,275.9,30.23,93.66,-0.002097,0
APDA-NEG-00893,2015-08-01,24.0,93.75,Manipur,Background_Sampling,Copernicus_NASA_Background,negative,5.31,82.66,101.37,202.03,310.51,0.86,2.4,938.27,22.91,215.12,-0.015373,0
APDA-NEG-00894,2007-10-19,24.0,93.75,Manipur,Background_Sampling,Copernicus_NASA_Background,negative,4.0,5.15,44.04,96.02,105.53,0.65,1.0,938.27,22.91,215.12,-0.015373,0
APDA-NEG-00895,2015-08-01,24.0,94.375,Manipur,Background_Sampling,Copernicus_NASA_Background,negative,2.09,71.58,85.55,159.45,237.74,0.74,1.6,308.07,14.0,233.72,-0.007124,0
APDA-NEG-00896,2010-08-16,25.0,93.125,Manipur,Background_Sampling,Copernicus_NASA_Background,negative,10.81,26.21,49.97,75.67,255.41,0.91,2.7333,275.9,30.23,93.66,-0.002097,0
APDA-NEG-00897,2015-08-01,25.0,93.125,Manipur,Background_Sampling,Copernicus_NASA_Background,negative,13.93,93.0,107.23,259.26,462.73,0.95,3.0,275.9,30.23,93.66,-0.002097,0
APDA-NEG-00898,2011-06-28,24.5,93.125,Manipur,Background_Sampling,Copernicus_NASA_Background,negative,13.69,72.4,117.07,181.68,298.53,0.87,2.4667,489.42,31.49,307.92,0.01086,0
APDA-NEG-00899,2015-08-01,25.0,93.125,Manipur,Background_Sampling,Copernicus_NASA_Background,negative,13.93,93.0,107.23,259.26,462.73,0.95,3.0,275.9,30.23,93.66,-0.002097,0
APDA-NEG-00900,2017-03-30,24.0,93.125,Manipur,Background_Sampling,Copernicus_NASA_Background,negative,45.6,54.53,61.95,70.57,133.51,0.74,1.6,1156.07,10.45,264.05,-0.013664,0
APDA-NEG-00901,2015-08-01,24.0,93.75,Manipur,Background_Sampling,Copernicus_NASA_Background,negative,5.31,82.66,101.37,202.03,310.51,0.86,2.4,938.27,22.91,215.12,-0.015373,0
APDA-NEG-00902,2013-08-15,24.0,94.375,Manipur,Background_Sampling,Copernicus_NASA_Background,negative,4.48,66.29,77.26,149.17,208.41,0.76,1.7333,308.07,14.0,233.72,-0.007124,0
APDA-NEG-00903,2015-08-01,25.0,93.125,Manipur,Background_Sampling,Copernicus_NASA_Background,negative,13.93,93.0,107.23,259.26,462.73,0.95,3.0,275.9,30.23,93.66,-0.002097,0
APDA-NEG-00904,2009-08-20,24.0,93.125,Manipur,Background_Sampling,Copernicus_NASA_Background,negative,11.72,34.46,96.13,150.91,290.33,0.83,2.2,1156.07,10.45,264.05,-0.013664,0
APDA-NEG-00905,2015-08-11,24.0,93.75,Manipur,Background_Sampling,Copernicus_NASA_Background,negative,1.37,26.18,57.2,158.69,324.43,0.85,2.3333,938.27,22.91,215.12,-0.015373,0
APDA-NEG-00906,2015-08-01,24.0,93.75,Manipur,Background_Sampling,Copernicus_NASA_Background,negative,5.31,82.66,101.37,202.03,310.51,0.86,2.4,938.27,22.91,215.12,-0.015373,0
APDA-NEG-00907,2015-08-11,24.0,93.125,Manipur,Background_Sampling,Copernicus_NASA_Background,negative,5.18,37.44,64.48,185.21,465.49,0.94,2.9333,1156.07,10.45,264.05,-0.013664,0
APDA-NEG-00908,2007-09-10,24.0,93.125,Manipur,Background_Sampling,Copernicus_NASA_Background,negative,1.9,36.23,108.0,128.35,212.45,0.76,1.7333,1156.07,10.45,264.05,-0.013664,0
APDA-NEG-00909,2015-08-11,25.0,93.125,Manipur,Background_Sampling,Copernicus_NASA_Background,negative,5.63,34.46,86.02,210.7,484.2,0.94,2.9333,275.9,30.23,93.66,-0.002097,0
APDA-NEG-00910,2017-07-09,24.5,94.375,Manipur,Background_Sampling,Copernicus_NASA_Background,negative,5.52,63.2,126.02,215.61,361.88,0.88,2.5333,319.22,17.67,30.12,-0.00491,0
APDA-NEG-00911,2016-07-07,24.0,94.375,Manipur,Background_Sampling,Copernicus_NASA_Background,negative,6.51,13.17,48.76,79.92,147.68,0.64,0.9333,308.07,14.0,233.72,-0.007124,0
APDA-NEG-00912,2015-06-19,24.0,93.75,Manipur,Background_Sampling,Copernicus_NASA_Background,negative,2.22,3.64,18.8,69.38,114.56,0.58,0.5333,938.27,22.91,215.12,-0.015373,0
APDA-NEG-00913,2016-07-25,24.0,93.125,Manipur,Background_Sampling,Copernicus_NASA_Background,negative,17.92,30.83,58.08,137.21,289.15,0.89,2.6,1156.07,10.45,264.05,-0.013664,0
APDA-NEG-00914,2017-06-26,24.5,93.125,Manipur,Background_Sampling,Copernicus_NASA_Background,negative,24.23,80.4,132.7,297.98,582.28,0.95,3.0,489.42,31.49,307.92,0.01086,0
APDA-NEG-00915,2017-03-30,24.0,93.125,Manipur,Background_Sampling,Copernicus_NASA_Background,negative,45.6,54.53,61.95,70.57,133.51,0.74,1.6,1156.07,10.45,264.05,-0.013664,0
APDA-NEG-00916,2015-08-01,24.0,94.375,Manipur,Background_Sampling,Copernicus_NASA_Background,negative,2.09,71.58,85.55,159.45,237.74,0.74,1.6,308.07,14.0,233.72,-0.007124,0
APDA-NEG-00917,2017-04-06,24.5,94.375,Manipur,Background_Sampling,Copernicus_NASA_Background,negative,0.24,37.44,117.57,193.42,229.16,0.71,1.4,319.22,17.67,30.12,-0.00491,0
APDA-NEG-00918,2017-06-26,24.5,93.125,Manipur,Background_Sampling,Copernicus_NASA_Background,negative,24.23,80.4,132.7,297.98,582.28,0.95,3.0,489.42,31.49,307.92,0.01086,0
APDA-NEG-00919,2017-06-05,24.0,94.375,Manipur,Background_Sampling,Copernicus_NASA_Background,negative,0.02,24.52,77.34,101.15,141.69,0.61,0.7333,308.07,14.0,233.72,-0.007124,0
APDA-NEG-00920,2016-07-25,24.0,93.75,Manipur,Background_Sampling,Copernicus_NASA_Background,negative,13.32,27.31,40.64,111.65,201.48,0.79,1.9333,938.27,22.91,215.12,-0.015373,0
APDA-NEG-00921,2017-06-13,24.5,94.375,Manipur,Background_Sampling,Copernicus_NASA_Background,negative,6.26,40.15,55.1,156.01,219.47,0.77,1.8,319.22,17.67,30.12,-0.00491,0
APDA-NEG-00922,2011-07-22,24.0,94.375,Manipur,Background_Sampling,Copernicus_NASA_Background,negative,3.79,29.24,90.89,140.98,256.0,0.74,1.6,308.07,14.0,233.72,-0.007124,0
APDA-NEG-00923,2017-06-26,24.0,93.75,Manipur,Background_Sampling,Copernicus_NASA_Background,negative,6.82,33.0,77.04,159.94,316.26,0.83,2.2,938.27,22.91,215.12,-0.015373,0
APDA-NEG-00924,2010-09-16,25.0,93.125,Manipur,Background_Sampling,Copernicus_NASA_Background,negative,16.57,36.7,56.13,132.03,228.99,0.93,2.8667,275.9,30.23,93.66,-0.002097,0
APDA-NEG-00925,2017-06-26,24.0,94.375,Manipur,Background_Sampling,Copernicus_NASA_Background,negative,2.13,15.23,55.18,107.39,225.19,0.66,1.0667,308.07,14.0,233.72,-0.007124,0
APDA-NEG-00926,2010-08-25,24.5,94.375,Manipur,Background_Sampling,Copernicus_NASA_Background,negative,1.71,9.87,25.17,59.36,156.15,0.79,1.9333,319.22,17.67,30.12,-0.00491,0
APDA-NEG-00927,2017-06-27,24.5,93.125,Manipur,Background_Sampling,Copernicus_NASA_Background,negative,12.03,58.27,140.38,282.6,592.47,0.95,3.0,489.42,31.49,307.92,0.01086,0
APDA-NEG-00928,2007-09-09,24.5,94.375,Manipur,Background_Sampling,Copernicus_NASA_Background,negative,3.76,23.71,75.76,89.31,146.62,0.65,1.0,319.22,17.67,30.12,-0.00491,0
APDA-NEG-00929,2017-06-30,24.0,93.75,Manipur,Background_Sampling,Copernicus_NASA_Background,negative,20.24,34.36,70.87,151.2,301.17,0.85,2.3333,938.27,22.91,215.12,-0.015373,0
APDA-NEG-00930,2010-10-08,24.0,93.75,Manipur,Background_Sampling,Copernicus_NASA_Background,negative,72.28,130.48,136.62,161.34,235.03,0.93,2.8667,938.27,22.91,215.12,-0.015373,0
APDA-NEG-00931,2017-07-01,25.0,93.125,Manipur,Background_Sampling,Copernicus_NASA_Background,negative,19.88,55.08,119.04,273.12,508.83,0.96,3.0667,275.9,30.23,93.66,-0.002097,0
APDA-NEG-00932,2017-06-26,24.0,93.75,Manipur,Background_Sampling,Copernicus_NASA_Background,negative,6.82,33.0,77.04,159.94,316.26,0.83,2.2,938.27,22.91,215.12,-0.015373,0
APDA-NEG-00933,2017-07-04,25.0,93.125,Manipur,Background_Sampling,Copernicus_NASA_Background,negative,23.14,39.16,99.39,239.63,453.41,0.96,3.0667,275.9,30.23,93.66,-0.002097,0
APDA-NEG-00934,2015-08-01,24.5,93.125,Manipur,Background_Sampling,Copernicus_NASA_Background,negative,13.23,101.21,122.2,287.02,505.03,0.95,3.0,489.42,31.49,307.92,0.01086,0
APDA-NEG-00935,2017-07-08,24.0,93.75,Manipur,Background_Sampling,Copernicus_NASA_Background,negative,15.11,40.9,86.2,178.83,342.57,0.88,2.5333,938.27,22.91,215.12,-0.015373,0
APDA-NEG-00936,2011-07-29,25.0,93.125,Manipur,Background_Sampling,Copernicus_NASA_Background,negative,1.27,5.4,31.56,207.57,330.67,0.89,2.6,275.9,30.23,93.66,-0.002097,0
APDA-NEG-00937,2017-07-09,24.0,93.125,Manipur,Background_Sampling,Copernicus_NASA_Background,negative,5.87,26.42,77.61,192.35,493.21,0.94,2.9333,1156.07,10.45,264.05,-0.013664,0
APDA-NEG-00938,2011-07-07,24.0,94.375,Manipur,Background_Sampling,Copernicus_NASA_Background,negative,2.91,10.78,29.42,115.02,209.14,0.66,1.0667,308.07,14.0,233.72,-0.007124,0
APDA-NEG-00939,2017-07-09,24.0,93.75,Manipur,Background_Sampling,Copernicus_NASA_Background,negative,4.38,37.77,85.46,170.88,340.72,0.86,2.4,938.27,22.91,215.12,-0.015373,0
APDA-NEG-00940,2011-07-06,24.0,94.375,Manipur,Background_Sampling,Copernicus_NASA_Background,negative,2.25,19.5,31.41,115.49,217.58,0.67,1.1333,308.07,14.0,233.72,-0.007124,0
APDA-NEG-00941,2017-07-09,24.0,94.375,Manipur,Background_Sampling,Copernicus_NASA_Background,negative,3.78,40.36,85.69,151.87,270.8,0.73,1.5333,308.07,14.0,233.72,-0.007124,0
APDA-NEG-00942,2015-08-01,24.5,94.375,Manipur,Background_Sampling,Copernicus_NASA_Background,negative,3.7,100.7,118.29,220.65,329.07,0.87,2.4667,319.22,17.67,30.12,-0.00491,0
APDA-NEG-00943,2017-07-10,25.0,93.125,Manipur,Background_Sampling,Copernicus_NASA_Background,negative,12.45,42.76,105.88,224.47,511.63,0.95,3.0,275.9,30.23,93.66,-0.002097,0
APDA-NEG-00944,2017-06-26,24.0,93.75,Manipur,Background_Sampling,Copernicus_NASA_Background,negative,6.82,33.0,77.04,159.94,316.26,0.83,2.2,938.27,22.91,215.12,-0.015373,0
APDA-NEG-00945,2017-08-26,25.0,93.125,Manipur,Background_Sampling,Copernicus_NASA_Background,negative,27.38,63.61,93.69,197.36,373.79,0.97,3.1333,275.9,30.23,93.66,-0.002097,0
APDA-NEG-00946,2015-07-22,24.5,93.125,Manipur,Background_Sampling,Copernicus_NASA_Background,negative,19.73,51.03,171.73,298.74,461.69,0.94,2.9333,489.42,31.49,307.92,0.01086,0
APDA-NEG-00947,2017-09-21,24.5,94.375,Manipur,Background_Sampling,Copernicus_NASA_Background,negative,4.01,44.81,91.64,148.94,234.32,0.87,2.4667,319.22,17.67,30.12,-0.00491,0
APDA-NEG-00948,2011-07-22,24.5,93.125,Manipur,Background_Sampling,Copernicus_NASA_Background,negative,5.56,43.21,135.31,211.58,415.79,0.9,2.6667,489.42,31.49,307.92,0.01086,0
APDA-NEG-00949,2017-09-29,24.0,93.75,Manipur,Background_Sampling,Copernicus_NASA_Background,negative,8.67,40.27,53.92,123.4,190.54,0.86,2.4,938.27,22.91,215.12,-0.015373,0
APDA-NEG-00950,2015-06-19,24.0,93.125,Manipur,Background_Sampling,Copernicus_NASA_Background,negative,5.24,8.83,40.37,133.88,247.19,0.78,1.8667,1156.07,10.45,264.05,-0.013664,0
APDA-NEG-00951,2017-10-22,24.0,93.75,Manipur,Background_Sampling,Copernicus_NASA_Background,negative,16.34,64.55,79.67,117.22,210.57,0.88,2.5333,938.27,22.91,215.12,-0.015373,0
APDA-NEG-00952,2010-07-30,25.0,93.125,Manipur,Background_Sampling,Copernicus_NASA_Background,negative,25.39,62.51,90.11,157.03,311.86,0.94,2.9333,275.9,30.23,93.66,-0.002097,0
APDA-NEG-00953,2018-05-10,24.0,93.75,Manipur,Background_Sampling,Copernicus_NASA_Background,negative,9.18,28.2,97.6,130.91,180.92,0.71,1.4,938.27,22.91,215.12,-0.015373,0
APDA-NEG-00954,2017-07-08,25.0,93.125,Manipur,Background_Sampling,Copernicus_NASA_Background,negative,19.01,42.0,98.15,249.49,503.91,0.96,3.0667,275.9,30.23,93.66,-0.002097,0
APDA-NEG-00955,2018-06-03,24.5,94.375,Manipur,Background_Sampling,Copernicus_NASA_Background,negative,8.28,21.82,28.46,46.89,145.59,0.68,1.2,319.22,17.67,30.12,-0.00491,0
APDA-NEG-00956,2013-08-09,24.0,93.75,Manipur,Background_Sampling,Copernicus_NASA_Background,negative,0.5,10.69,68.68,112.78,245.25,0.78,1.8667,938.27,22.91,215.12,-0.015373,0
APDA-NEG-00957,2007-07-26,25.5,92.5,Meghalaya,Background_Sampling,Copernicus_NASA_Background,negative,26.73,87.56,126.04,226.55,348.44,0.94,2.9333,1063.07,25.33,13.62,-0.014165,0
APDA-NEG-00958,2007-07-26,26.0,90.625,Meghalaya,Background_Sampling,Copernicus_NASA_Background,negative,30.27,69.55,120.96,285.79,403.42,0.85,2.3333,62.04,6.07,73.96,0.000375,0
APDA-NEG-00959,2007-07-27,25.0,90.625,Meghalaya,Background_Sampling,Copernicus_NASA_Background,negative,39.59,147.57,288.14,497.26,593.49,0.96,3.0667,9.45,0.41,97.51,-0.000647,0
APDA-NEG-00960,2019-07-09,26.0,91.25,Meghalaya,Background_Sampling,Copernicus_NASA_Background,negative,102.42,168.79,228.21,408.47,523.47,0.94,2.9333,43.29,0.09,114.93,-0.000208,0
APDA-NEG-00961,2007-08-26,25.0,90.625,Meghalaya,Background_Sampling,Copernicus_NASA_Background,negative,26.71,50.94,64.8,168.33,334.98,0.91,2.7333,9.45,0.41,97.51,-0.000647,0
APDA-NEG-00962,2017-02-15,25.5,92.5,Meghalaya,Background_Sampling,Copernicus_NASA_Background,negative,0.0,0.0,0.0,1.15,1.23,0.72,1.4667,1063.07,25.33,13.62,-0.014165,0
APDA-NEG-00963,2007-09-11,26.0,91.25,Meghalaya,Background_Sampling,Copernicus_NASA_Background,negative,1.91,25.47,211.14,312.0,433.13,0.85,2.3333,43.29,0.09,114.93,-0.000208,0
APDA-NEG-00964,2012-06-13,25.0,90.625,Meghalaya,Background_Sampling,Copernicus_NASA_Background,negative,6.84,35.23,52.26,169.72,250.39,0.7,1.3333,9.45,0.41,97.51,-0.000647,0
APDA-NEG-00965,2010-04-21,26.0,90.625,Meghalaya,Background_Sampling,Copernicus_NASA_Background,negative,20.1,81.74,152.87,184.63,235.67,0.74,1.6,62.04,6.07,73.96,0.000375,0
APDA-NEG-00966,2018-04-28,25.5,90.625,Meghalaya,Background_Sampling,Copernicus_NASA_Background,negative,13.83,26.77,40.91,129.91,279.45,0.8,2.0,263.81,5.53,161.64,-0.002985,0
APDA-NEG-00967,2010-05-11,25.5,92.5,Meghalaya,Background_Sampling,Copernicus_NASA_Background,negative,12.85,28.61,56.39,112.71,418.07,0.84,2.2667,1063.07,25.33,13.62,-0.014165,0
APDA-NEG-00968,2017-07-07,26.0,91.25,Meghalaya,Background_Sampling,Copernicus_NASA_Background,negative,6.5,68.42,165.1,221.23,585.82,0.89,2.6,43.29,0.09,114.93,-0.000208,0
APDA-NEG-00969,2010-06-28,25.5,92.5,Meghalaya,Background_Sampling,Copernicus_NASA_Background,negative,37.11,87.5,124.79,216.53,541.07,0.96,3.0667,1063.07,25.33,13.62,-0.014165,0
APDA-NEG-00970,2015-08-18,26.0,90.625,Meghalaya,Background_Sampling,Copernicus_NASA_Background,negative,21.85,49.71,65.63,110.06,237.28,0.86,2.4,62.04,6.07,73.96,0.000375,0
APDA-NEG-00971,2010-06-28,25.0,90.625,Meghalaya,Background_Sampling,Copernicus_NASA_Background,negative,32.65,105.46,127.98,231.7,527.9,0.92,2.8,9.45,0.41,97.51,-0.000647,0
APDA-NEG-00972,2015-06-13,25.0,90.625,Meghalaya,Background_Sampling,Copernicus_NASA_Background,negative,34.58,162.63,264.75,321.73,504.2,0.91,2.7333,9.45,0.41,97.51,-0.000647,0
APDA-NEG-00973,2011-08-16,25.0,90.625,Meghalaya,Background_Sampling,Copernicus_NASA_Background,negative,113.66,141.39,226.54,533.57,669.91,0.97,3.1333,9.45,0.41,97.51,-0.000647,0
APDA-NEG-00974,2017-07-09,26.0,91.25,Meghalaya,Background_Sampling,Copernicus_NASA_Background,negative,30.22,55.08,163.23,259.86,632.2,0.91,2.7333,43.29,0.09,114.93,-0.000208,0
APDA-NEG-00975,2012-06-13,25.5,90.625,Meghalaya,Background_Sampling,Copernicus_NASA_Background,negative,7.57,35.11,56.55,196.57,276.31,0.83,2.2,263.81,5.53,161.64,-0.002985,0
APDA-NEG-00976,2007-07-27,25.5,92.5,Meghalaya,Background_Sampling,Copernicus_NASA_Background,negative,20.88,86.34,134.91,245.77,368.93,0.94,2.9333,1063.07,25.33,13.62,-0.014165,0
APDA-NEG-00977,2012-06-13,26.0,91.25,Meghalaya,Background_Sampling,Copernicus_NASA_Background,negative,14.49,44.65,72.29,314.81,370.67,0.74,1.6,43.29,0.09,114.93,-0.000208,0
APDA-NEG-00978,2011-08-16,25.5,90.625,Meghalaya,Background_Sampling,Copernicus_NASA_Background,negative,104.51,133.06,228.24,509.32,641.15,0.99,3.2667,263.81,5.53,161.64,-0.002985,0
APDA-NEG-00979,2014-09-21,25.5,90.625,Meghalaya,Background_Sampling,Copernicus_NASA_Background,negative,58.74,149.12,181.87,240.28,412.63,0.98,3.2,263.81,5.53,161.64,-0.002985,0
APDA-NEG-00980,2015-09-05,25.5,90.625,Meghalaya,Background_Sampling,Copernicus_NASA_Background,negative,14.1,61.6,183.37,262.23,472.65,0.98,3.2,263.81,5.53,161.64,-0.002985,0
APDA-NEG-00981,2014-09-23,26.0,91.25,Meghalaya,Background_Sampling,Copernicus_NASA_Background,negative,67.03,271.61,325.24,367.3,440.01,0.94,2.9333,43.29,0.09,114.93,-0.000208,0
APDA-NEG-00982,2015-09-05,25.0,90.625,Meghalaya,Background_Sampling,Copernicus_NASA_Background,negative,15.99,49.44,180.29,253.84,440.44,0.95,3.0,9.45,0.41,97.51,-0.000647,0
APDA-NEG-00983,2014-09-24,25.0,90.625,Meghalaya,Background_Sampling,Copernicus_NASA_Background,negative,28.3,128.11,325.08,362.89,443.73,0.97,3.1333,9.45,0.41,97.51,-0.000647,0
APDA-NEG-00984,2019-07-09,25.0,90.625,Meghalaya,Background_Sampling,Copernicus_NASA_Background,negative,115.12,216.72,280.01,534.83,801.96,0.98,3.2,9.45,0.41,97.51,-0.000647,0
APDA-NEG-00985,2014-10-05,26.0,90.625,Meghalaya,Background_Sampling,Copernicus_NASA_Background,negative,0.0,0.23,0.36,273.95,435.64,0.87,2.4667,62.04,6.07,73.96,0.000375,0
APDA-NEG-00986,2017-05-26,26.0,90.625,Meghalaya,Background_Sampling,Copernicus_NASA_Background,negative,14.8,58.14,109.69,165.61,323.53,0.82,2.1333,62.04,6.07,73.96,0.000375,0
APDA-NEG-00987,2014-10-20,25.5,92.5,Meghalaya,Background_Sampling,Copernicus_NASA_Background,negative,0.0,0.59,18.5,44.87,268.48,0.88,2.5333,1063.07,25.33,13.62,-0.014165,0
APDA-NEG-00988,2015-06-16,26.0,90.625,Meghalaya,Background_Sampling,Copernicus_NASA_Background,negative,25.92,53.64,206.09,258.45,444.91,0.82,2.1333,62.04,6.07,73.96,0.000375,0
APDA-NEG-00989,2015-06-13,26.0,91.25,Meghalaya,Background_Sampling,Copernicus_NASA_Background,negative,10.88,89.65,167.52,249.36,429.0,0.79,1.9333,43.29,0.09,114.93,-0.000208,0
APDA-NEG-00990,2015-06-13,26.0,90.625,Meghalaya,Background_Sampling,Copernicus_NASA_Background,negative,11.19,106.7,179.72,241.19,414.66,0.8,2.0,62.04,6.07,73.96,0.000375,0
APDA-NEG-00991,2015-06-16,25.5,92.5,Meghalaya,Background_Sampling,Copernicus_NASA_Background,negative,20.02,41.17,242.64,347.11,591.24,0.95,3.0,1063.07,25.33,13.62,-0.014165,0
APDA-NEG-00992,2014-09-21,25.5,90.625,Meghalaya,Background_Sampling,Copernicus_NASA_Background,negative,58.74,149.12,181.87,240.28,412.63,0.98,3.2,263.81,5.53,161.64,-0.002985,0
APDA-NEG-00993,2015-06-16,25.0,90.625,Meghalaya,Background_Sampling,Copernicus_NASA_Background,negative,17.8,47.82,288.63,325.55,514.31,0.9,2.6667,9.45,0.41,97.51,-0.000647,0
APDA-NEG-00994,2015-06-13,26.0,91.25,Meghalaya,Background_Sampling,Copernicus_NASA_Background,negative,10.88,89.65,167.52,249.36,429.0,0.79,1.9333,43.29,0.09,114.93,-0.000208,0
APDA-NEG-00995,2015-08-18,26.0,91.25,Meghalaya,Background_Sampling,Copernicus_NASA_Background,negative,25.56,49.37,71.99,119.87,223.78,0.83,2.2,43.29,0.09,114.93,-0.000208,0
APDA-NEG-00996,2015-06-16,25.5,90.625,Meghalaya,Background_Sampling,Copernicus_NASA_Background,negative,21.68,50.21,257.7,302.63,495.27,0.95,3.0,263.81,5.53,161.64,-0.002985,0
APDA-NEG-00997,2015-08-19,25.5,90.625,Meghalaya,Background_Sampling,Copernicus_NASA_Background,negative,31.61,64.92,91.67,142.06,307.75,0.95,3.0,263.81,5.53,161.64,-0.002985,0
APDA-NEG-00998,2014-10-05,26.0,90.625,Meghalaya,Background_Sampling,Copernicus_NASA_Background,negative,0.0,0.23,0.36,273.95,435.64,0.87,2.4667,62.04,6.07,73.96,0.000375,0
APDA-NEG-00999,2015-08-19,25.0,90.625,Meghalaya,Background_Sampling,Copernicus_NASA_Background,negative,26.68,58.96,87.68,142.24,354.46,0.92,2.8,9.45,0.41,97.51,-0.000647,0
APDA-NEG-01000,2015-09-06,25.5,92.5,Meghalaya,Background_Sampling,Copernicus_NASA_Background,negative,0.59,25.41,165.77,290.2,520.67,0.97,3.1333,1063.07,25.33,13.62,-0.014165,0
APDA-NEG-01001,2015-08-19,25.5,92.5,Meghalaya,Background_Sampling,Copernicus_NASA_Background,negative,35.06,81.02,115.26,202.37,359.49,0.96,3.0667,1063.07,25.33,13.62,-0.014165,0
APDA-NEG-01002,2015-08-19,25.5,90.625,Meghalaya,Background_Sampling,Copernicus_NASA_Background,negative,31.61,64.92,91.67,142.06,307.75,0.95,3.0,263.81,5.53,161.64,-0.002985,0
APDA-NEG-01003,2015-08-19,25.5,92.5,Meghalaya,Background_Sampling,Copernicus_NASA_Background,negative,35.06,81.02,115.26,202.37,359.49,0.96,3.0667,1063.07,25.33,13.62,-0.014165,0
APDA-NEG-01004,2015-08-19,26.0,91.25,Meghalaya,Background_Sampling,Copernicus_NASA_Background,negative,34.67,79.71,95.44,146.78,239.45,0.86,2.4,43.29,0.09,114.93,-0.000208,0
APDA-NEG-01005,2015-09-05,25.5,92.5,Meghalaya,Background_Sampling,Copernicus_NASA_Background,negative,3.31,52.35,208.1,296.19,528.75,0.97,3.1333,1063.07,25.33,13.62,-0.014165,0
APDA-NEG-01006,2010-06-28,26.0,91.25,Meghalaya,Background_Sampling,Copernicus_NASA_Background,negative,21.99,99.8,124.63,205.38,553.2,0.89,2.6,43.29,0.09,114.93,-0.000208,0
APDA-NEG-01007,2015-09-06,25.5,90.625,Meghalaya,Background_Sampling,Copernicus_NASA_Background,negative,5.88,40.84,137.67,260.25,471.65,0.98,3.2,263.81,5.53,161.64,-0.002985,0
APDA-NEG-01008,2010-06-28,25.0,90.625,Meghalaya,Background_Sampling,Copernicus_NASA_Background,negative,32.65,105.46,127.98,231.7,527.9,0.92,2.8,9.45,0.41,97.51,-0.000647,0
APDA-NEG-01009,2015-09-23,25.5,92.5,Meghalaya,Background_Sampling,Copernicus_NASA_Background,negative,37.97,83.05,107.62,187.02,481.34,0.98,3.2,1063.07,25.33,13.62,-0.014165,0
APDA-NEG-01010,2015-08-19,25.0,90.625,Meghalaya,Background_Sampling,Copernicus_NASA_Background,negative,26.68,58.96,87.68,142.24,354.46,0.92,2.8,9.45,0.41,97.51,-0.000647,0
APDA-NEG-01011,2016-07-19,26.0,91.25,Meghalaya,Background_Sampling,Copernicus_NASA_Background,negative,20.91,138.35,216.06,300.72,520.89,0.94,2.9333,43.29,0.09,114.93,-0.000208,0
APDA-NEG-01012,2017-06-17,25.5,92.5,Meghalaya,Background_Sampling,Copernicus_NASA_Background,negative,64.99,184.77,339.74,408.19,705.54,0.98,3.2,1063.07,25.33,13.62,-0.014165,0
APDA-NEG-01013,2017-02-15,26.0,90.625,Meghalaya,Background_Sampling,Copernicus_NASA_Background,negative,0.0,0.0,0.0,0.23,0.85,0.64,0.9333,62.04,6.07,73.96,0.000375,0
APDA-NEG-01014,2015-06-16,25.0,90.625,Meghalaya,Background_Sampling,Copernicus_NASA_Background,negative,17.8,47.82,288.63,325.55,514.31,0.9,2.6667,9.45,0.41,97.51,-0.000647,0
APDA-NEG-01015,2017-05-26,25.0,90.625,Meghalaya,Background_Sampling,Copernicus_NASA_Background,negative,16.5,70.36,160.49,315.11,535.11,0.94,2.9333,9.45,0.41,97.51,-0.000647,0
APDA-NEG-01016,2015-06-13,25.5,92.5,Meghalaya,Background_Sampling,Copernicus_NASA_Background,negative,32.26,105.13,265.65,377.71,590.6,0.95,3.0,1063.07,25.33,13.62,-0.014165,0
APDA-NEG-01017,2017-06-17,25.0,90.625,Meghalaya,Background_Sampling,Copernicus_NASA_Background,negative,32.63,238.07,431.52,569.55,937.88,0.98,3.2,9.45,0.41,97.51,-0.000647,0
APDA-NEG-01018,2017-07-09,26.0,90.625,Meghalaya,Background_Sampling,Copernicus_NASA_Background,negative,30.91,46.91,140.02,217.64,552.97,0.91,2.7333,62.04,6.07,73.96,0.000375,0
APDA-NEG-01019,2017-06-17,25.0,90.625,Meghalaya,Background_Sampling,Copernicus_NASA_Background,negative,32.63,238.07,431.52,569.55,937.88,0.98,3.2,9.45,0.41,97.51,-0.000647,0
APDA-NEG-01020,2015-09-06,26.0,91.25,Meghalaya,Background_Sampling,Copernicus_NASA_Background,negative,1.21,29.24,123.15,248.57,456.11,0.88,2.5333,43.29,0.09,114.93,-0.000208,0
APDA-NEG-01021,2017-07-07,26.0,90.625,Meghalaya,Background_Sampling,Copernicus_NASA_Background,negative,2.68,39.12,138.38,178.88,509.6,0.88,2.5333,62.04,6.07,73.96,0.000375,0
APDA-NEG-01022,2007-09-11,25.5,90.625,Meghalaya,Background_Sampling,Copernicus_NASA_Background,negative,11.46,38.13,229.23,296.98,439.5,0.97,3.1333,263.81,5.53,161.64,-0.002985,0
APDA-NEG-01023,2017-07-09,26.0,91.25,Meghalaya,Background_Sampling,Copernicus_NASA_Background,negative,30.22,55.08,163.23,259.86,632.2,0.91,2.7333,43.29,0.09,114.93,-0.000208,0
APDA-NEG-01024,2014-09-23,25.5,90.625,Meghalaya,Background_Sampling,Copernicus_NASA_Background,negative,33.11,202.39,315.1,375.81,488.59,0.99,3.2667,263.81,5.53,161.64,-0.002985,0
APDA-NEG-01025,2018-04-28,25.5,92.5,Meghalaya,Background_Sampling,Copernicus_NASA_Background,negative,3.35,13.16,26.14,94.73,180.64,0.75,1.6667,1063.07,25.33,13.62,-0.014165,0
APDA-NEG-01026,2014-10-20,25.5,90.625,Meghalaya,Background_Sampling,Copernicus_NASA_Background,negative,0.0,0.21,11.26,46.71,303.55,0.9,2.6667,263.81,5.53,161.64,-0.002985,0
APDA-NEG-01027,2019-07-09,26.0,91.25,Meghalaya,Background_Sampling,Copernicus_NASA_Background,negative,102.42,168.79,228.21,408.47,523.47,0.94,2.9333,43.29,0.09,114.93,-0.000208,0
APDA-NEG-01028,2007-07-27,25.5,92.5,Meghalaya,Background_Sampling,Copernicus_NASA_Background,negative,20.88,86.34,134.91,245.77,368.93,0.94,2.9333,1063.07,25.33,13.62,-0.014165,0
APDA-NEG-01029,2019-07-09,25.0,90.625,Meghalaya,Background_Sampling,Copernicus_NASA_Background,negative,115.12,216.72,280.01,534.83,801.96,0.98,3.2,9.45,0.41,97.51,-0.000647,0
APDA-NEG-01030,2017-07-09,25.5,92.5,Meghalaya,Background_Sampling,Copernicus_NASA_Background,negative,24.88,56.41,134.95,288.79,756.45,0.97,3.1333,1063.07,25.33,13.62,-0.014165,0
APDA-NEG-01031,2019-07-09,25.0,90.625,Meghalaya,Background_Sampling,Copernicus_NASA_Background,negative,115.12,216.72,280.01,534.83,801.96,0.98,3.2,9.45,0.41,97.51,-0.000647,0
APDA-NEG-01032,2014-09-23,26.0,91.25,Meghalaya,Background_Sampling,Copernicus_NASA_Background,negative,67.03,271.61,325.24,367.3,440.01,0.94,2.9333,43.29,0.09,114.93,-0.000208,0
APDA-NEG-01033,2007-07-30,24.5,93.125,Mizoram,Background_Sampling,Copernicus_NASA_Background,negative,2.38,24.65,82.15,168.7,228.12,0.78,1.8667,489.42,31.49,307.92,0.01086,0
APDA-NEG-01034,2021-06-12,24.0,92.5,Mizoram,Background_Sampling,Copernicus_NASA_Background,negative,21.84,63.49,94.34,208.83,335.2,0.82,2.1333,707.92,8.18,84.72,-0.000283,0
APDA-NEG-01035,2007-07-30,22.5,93.125,Mizoram,Background_Sampling,Copernicus_NASA_Background,negative,0.31,3.17,25.87,143.21,228.9,0.72,1.4667,448.6,33.09,143.87,-0.000616,0
APDA-NEG-01036,2017-04-25,24.0,93.125,Mizoram,Background_Sampling,Copernicus_NASA_Background,negative,27.66,85.42,168.49,195.4,417.22,0.89,2.6,1156.07,10.45,264.05,-0.013664,0
APDA-NEG-01037,2007-09-29,22.5,93.125,Mizoram,Background_Sampling,Copernicus_NASA_Background,negative,6.16,6.6,8.84,15.76,107.57,0.72,1.4667,448.6,33.09,143.87,-0.000616,0
APDA-NEG-01038,2017-04-25,23.5,92.5,Mizoram,Background_Sampling,Copernicus_NASA_Background,negative,24.59,115.44,339.24,360.5,521.47,0.89,2.6,697.5,31.7,35.92,-0.007925,0
APDA-NEG-01039,2009-10-05,22.5,93.125,Mizoram,Background_Sampling,Copernicus_NASA_Background,negative,3.45,29.38,42.02,61.39,173.97,0.85,2.3333,448.6,33.09,143.87,-0.000616,0
APDA-NEG-01040,2013-05-11,23.5,93.125,Mizoram,Background_Sampling,Copernicus_NASA_Background,negative,13.72,42.92,137.81,227.98,261.75,0.78,1.8667,768.55,33.9,313.22,0.007988,0
APDA-NEG-01041,2010-08-06,24.0,93.125,Mizoram,Background_Sampling,Copernicus_NASA_Background,negative,0.52,11.39,43.12,109.66,219.45,0.85,2.3333,1156.07,10.45,264.05,-0.013664,0
APDA-NEG-01042,2010-09-13,23.5,92.5,Mizoram,Background_Sampling,Copernicus_NASA_Background,negative,9.93,17.18,36.45,70.49,218.07,0.86,2.4,697.5,31.7,35.92,-0.007925,0
APDA-NEG-01043,2010-09-13,22.5,93.125,Mizoram,Background_Sampling,Copernicus_NASA_Background,negative,5.13,13.96,29.88,51.74,201.06,0.81,2.0667,448.6,33.09,143.87,-0.000616,0
APDA-NEG-01044,2021-06-12,23.5,92.5,Mizoram,Background_Sampling,Copernicus_NASA_Background,negative,22.98,58.04,105.74,217.96,296.27,0.79,1.9333,697.5,31.7,35.92,-0.007925,0
APDA-NEG-01045,2010-09-13,24.0,93.125,Mizoram,Background_Sampling,Copernicus_NASA_Background,negative,7.48,12.94,30.26,70.57,156.42,0.81,2.0667,1156.07,10.45,264.05,-0.013664,0
APDA-NEG-01046,2007-07-30,23.5,93.125,Mizoram,Background_Sampling,Copernicus_NASA_Background,negative,0.77,7.55,43.89,127.63,177.83,0.69,1.2667,768.55,33.9,313.22,0.007988,0
APDA-NEG-01047,2010-09-13,22.5,93.125,Mizoram,Background_Sampling,Copernicus_NASA_Background,negative,5.13,13.96,29.88,51.74,201.06,0.81,2.0667,448.6,33.09,143.87,-0.000616,0
APDA-NEG-01048,2007-09-29,23.5,92.5,Mizoram,Background_Sampling,Copernicus_NASA_Background,negative,8.21,8.24,10.68,19.57,271.71,0.85,2.3333,697.5,31.7,35.92,-0.007925,0
APDA-NEG-01049,2010-09-13,23.5,93.125,Mizoram,Background_Sampling,Copernicus_NASA_Background,negative,5.92,10.64,23.16,48.17,130.81,0.75,1.6667,768.55,33.9,313.22,0.007988,0
APDA-NEG-01050,2017-06-01,22.5,93.125,Mizoram,Background_Sampling,Copernicus_NASA_Background,negative,43.97,110.41,154.53,173.81,221.08,0.89,2.6,448.6,33.09,143.87,-0.000616,0
APDA-NEG-01051,2010-09-13,24.5,93.125,Mizoram,Background_Sampling,Copernicus_NASA_Background,negative,8.97,16.26,39.29,95.52,195.57,0.84,2.2667,489.42,31.49,307.92,0.01086,0
APDA-NEG-01052,2015-06-19,24.0,93.125,Mizoram,Background_Sampling,Copernicus_NASA_Background,negative,5.24,8.83,40.37,133.88,247.19,0.78,1.8667,1156.07,10.45,264.05,-0.013664,0
APDA-NEG-01053,2010-09-13,22.5,93.125,Mizoram,Background_Sampling,Copernicus_NASA_Background,negative,5.13,13.96,29.88,51.74,201.06,0.81,2.0667,448.6,33.09,143.87,-0.000616,0
APDA-NEG-01054,2015-09-14,23.5,93.125,Mizoram,Background_Sampling,Copernicus_NASA_Background,negative,12.28,31.44,58.05,137.6,311.67,0.92,2.8,768.55,33.9,313.22,0.007988,0
APDA-NEG-01055,2010-09-13,23.5,92.5,Mizoram,Background_Sampling,Copernicus_NASA_Background,negative,9.93,17.18,36.45,70.49,218.07,0.86,2.4,697.5,31.7,35.92,-0.007925,0
APDA-NEG-01056,2013-05-07,23.5,93.125,Mizoram,Background_Sampling,Copernicus_NASA_Background,negative,24.94,76.11,155.69,166.48,200.68,0.77,1.8,768.55,33.9,313.22,0.007988,0
APDA-NEG-01057,2010-09-16,23.5,92.5,Mizoram,Background_Sampling,Copernicus_NASA_Background,negative,5.8,40.2,64.0,103.07,242.02,0.87,2.4667,697.5,31.7,35.92,-0.007925,0
APDA-NEG-01058,2015-08-28,23.5,92.5,Mizoram,Background_Sampling,Copernicus_NASA_Background,negative,10.53,17.0,32.21,233.88,412.8,0.93,2.8667,697.5,31.7,35.92,-0.007925,0
APDA-NEG-01059,2012-11-11,24.0,93.125,Mizoram,Background_Sampling,Copernicus_NASA_Background,negative,0.0,0.23,35.19,44.01,45.43,0.66,1.0667,1156.07,10.45,264.05,-0.013664,0
APDA-NEG-01060,2018-05-12,24.0,93.125,Mizoram,Background_Sampling,Copernicus_NASA_Background,negative,4.05,35.94,108.89,209.6,291.34,0.8,2.0,1156.07,10.45,264.05,-0.013664,0
APDA-NEG-01061,2013-05-07,23.5,93.125,Mizoram,Background_Sampling,Copernicus_NASA_Background,negative,24.94,76.11,155.69,166.48,200.68,0.77,1.8,768.55,33.9,313.22,0.007988,0
APDA-NEG-01062,2010-09-13,23.5,93.125,Mizoram,Background_Sampling,Copernicus_NASA_Background,negative,5.92,10.64,23.16,48.17,130.81,0.75,1.6667,768.55,33.9,313.22,0.007988,0
APDA-NEG-01063,2013-05-11,22.5,93.125,Mizoram,Background_Sampling,Copernicus_NASA_Background,negative,1.27,16.62,115.99,196.32,226.16,0.7,1.3333,448.6,33.09,143.87,-0.000616,0
APDA-NEG-01064,2010-09-16,24.0,92.5,Mizoram,Background_Sampling,Copernicus_NASA_Background,negative,7.76,34.33,58.77,126.66,250.29,0.88,2.5333,707.92,8.18,84.72,-0.000283,0
APDA-NEG-01065,2014-07-14,24.5,93.125,Mizoram,Background_Sampling,Copernicus_NASA_Background,negative,6.18,16.74,25.79,75.38,325.75,0.81,2.0667,489.42,31.49,307.92,0.01086,0
APDA-NEG-01066,2010-09-13,23.5,92.5,Mizoram,Background_Sampling,Copernicus_NASA_Background,negative,9.93,17.18,36.45,70.49,218.07,0.86,2.4,697.5,31.7,35.92,-0.007925,0
APDA-NEG-01067,2015-06-19,24.0,93.125,Mizoram,Background_Sampling,Copernicus_NASA_Background,negative,5.24,8.83,40.37,133.88,247.19,0.78,1.8667,1156.07,10.45,264.05,-0.013664,0
APDA-NEG-01068,2010-09-13,24.0,93.125,Mizoram,Background_Sampling,Copernicus_NASA_Background,negative,7.48,12.94,30.26,70.57,156.42,0.81,2.0667,1156.07,10.45,264.05,-0.013664,0
APDA-NEG-01069,2015-08-26,24.0,93.125,Mizoram,Background_Sampling,Copernicus_NASA_Background,negative,3.95,11.51,44.23,144.82,330.03,0.93,2.8667,1156.07,10.45,264.05,-0.013664,0
APDA-NEG-01070,2010-09-13,23.5,93.125,Mizoram,Background_Sampling,Copernicus_NASA_Background,negative,5.92,10.64,23.16,48.17,130.81,0.75,1.6667,768.55,33.9,313.22,0.007988,0
APDA-NEG-01071,2015-08-26,24.0,92.5,Mizoram,Background_Sampling,Copernicus_NASA_Background,negative,3.31,6.23,50.2,203.71,395.96,0.93,2.8667,707.92,8.18,84.72,-0.000283,0
APDA-NEG-01072,2015-09-14,24.5,93.125,Mizoram,Background_Sampling,Copernicus_NASA_Background,negative,26.51,33.21,58.82,172.24,332.55,0.94,2.9333,489.42,31.49,307.92,0.01086,0
APDA-NEG-01073,2015-08-27,23.5,92.5,Mizoram,Background_Sampling,Copernicus_NASA_Background,negative,3.73,7.18,36.98,228.87,404.17,0.93,2.8667,697.5,31.7,35.92,-0.007925,0
APDA-NEG-01074,2007-09-29,23.5,92.5,Mizoram,Background_Sampling,Copernicus_NASA_Background,negative,8.21,8.24,10.68,19.57,271.71,0.85,2.3333,697.5,31.7,35.92,-0.007925,0
APDA-NEG-01075,2015-08-27,22.5,93.125,Mizoram,Background_Sampling,Copernicus_NASA_Background,negative,6.43,9.96,32.23,258.05,423.48,0.93,2.8667,448.6,33.09,143.87,-0.000616,0
APDA-NEG-01076,2010-08-06,23.5,93.125,Mizoram,Background_Sampling,Copernicus_NASA_Background,negative,0.22,10.98,27.6,74.05,162.35,0.77,1.8,768.55,33.9,313.22,0.007988,0
APDA-NEG-01077,2015-08-27,22.5,93.125,Mizoram,Background_Sampling,Copernicus_NASA_Background,negative,6.43,9.96,32.23,258.05,423.48,0.93,2.8667,448.6,33.09,143.87,-0.000616,0
APDA-NEG-01078,2010-09-13,23.5,92.5,Mizoram,Background_Sampling,Copernicus_NASA_Background,negative,9.93,17.18,36.45,70.49,218.07,0.86,2.4,697.5,31.7,35.92,-0.007925,0
APDA-NEG-01079,2015-08-28,24.0,92.5,Mizoram,Background_Sampling,Copernicus_NASA_Background,negative,6.51,15.3,31.1,197.99,399.26,0.93,2.8667,707.92,8.18,84.72,-0.000283,0
APDA-NEG-01080,2017-06-28,24.0,93.125,Mizoram,Background_Sampling,Copernicus_NASA_Background,negative,8.08,31.69,116.96,227.55,562.37,0.94,2.9333,1156.07,10.45,264.05,-0.013664,0
APDA-NEG-01081,2015-09-14,24.5,93.125,Mizoram,Background_Sampling,Copernicus_NASA_Background,negative,26.51,33.21,58.82,172.24,332.55,0.94,2.9333,489.42,31.49,307.92,0.01086,0
APDA-NEG-01082,2014-07-14,24.5,93.125,Mizoram,Background_Sampling,Copernicus_NASA_Background,negative,6.18,16.74,25.79,75.38,325.75,0.81,2.0667,489.42,31.49,307.92,0.01086,0
APDA-NEG-01083,2015-09-14,24.0,92.5,Mizoram,Background_Sampling,Copernicus_NASA_Background,negative,19.43,40.44,67.2,185.54,393.73,0.93,2.8667,707.92,8.18,84.72,-0.000283,0
APDA-NEG-01084,2018-06-05,24.0,92.5,Mizoram,Background_Sampling,Copernicus_NASA_Background,negative,22.88,55.52,117.59,183.73,493.03,0.9,2.6667,707.92,8.18,84.72,-0.000283,0
APDA-NEG-01085,2016-07-29,23.5,93.125,Mizoram,Background_Sampling,Copernicus_NASA_Background,negative,5.2,20.12,50.23,107.48,242.7,0.82,2.1333,768.55,33.9,313.22,0.007988,0
APDA-NEG-01086,2015-09-14,23.5,93.125,Mizoram,Background_Sampling,Copernicus_NASA_Background,negative,12.28,31.44,58.05,137.6,311.67,0.92,2.8,768.55,33.9,313.22,0.007988,0
APDA-NEG-01087,2016-09-17,23.5,92.5,Mizoram,Background_Sampling,Copernicus_NASA_Background,negative,15.46,32.01,126.23,167.69,431.07,0.93,2.8667,697.5,31.7,35.92,-0.007925,0
APDA-NEG-01088,2012-11-11,24.0,93.125,Mizoram,Background_Sampling,Copernicus_NASA_Background,negative,0.0,0.23,35.19,44.01,45.43,0.66,1.0667,1156.07,10.45,264.05,-0.013664,0
APDA-NEG-01089,2017-04-25,23.5,93.125,Mizoram,Background_Sampling,Copernicus_NASA_Background,negative,21.09,87.99,179.53,203.08,332.83,0.86,2.4,768.55,33.9,313.22,0.007988,0
APDA-NEG-01090,2010-09-13,24.5,93.125,Mizoram,Background_Sampling,Copernicus_NASA_Background,negative,8.97,16.26,39.29,95.52,195.57,0.84,2.2667,489.42,31.49,307.92,0.01086,0
APDA-NEG-01091,2017-06-01,23.5,92.5,Mizoram,Background_Sampling,Copernicus_NASA_Background,negative,76.43,177.44,204.66,282.31,380.85,0.95,3.0,697.5,31.7,35.92,-0.007925,0
APDA-NEG-01092,2016-09-17,24.0,92.5,Mizoram,Background_Sampling,Copernicus_NASA_Background,negative,14.08,40.84,145.52,192.48,384.77,0.93,2.8667,707.92,8.18,84.72,-0.000283,0
APDA-NEG-01093,2017-06-09,23.5,93.125,Mizoram,Background_Sampling,Copernicus_NASA_Background,negative,14.37,32.05,91.78,217.74,320.93,0.88,2.5333,768.55,33.9,313.22,0.007988,0
APDA-NEG-01094,2007-09-29,23.5,92.5,Mizoram,Background_Sampling,Copernicus_NASA_Background,negative,8.21,8.24,10.68,19.57,271.71,0.85,2.3333,697.5,31.7,35.92,-0.007925,0
APDA-NEG-01095,2017-06-10,23.5,92.5,Mizoram,Background_Sampling,Copernicus_NASA_Background,negative,23.87,63.48,126.38,440.18,600.25,0.95,3.0,697.5,31.7,35.92,-0.007925,0
APDA-NEG-01096,2010-09-13,24.5,93.125,Mizoram,Background_Sampling,Copernicus_NASA_Background,negative,8.97,16.26,39.29,95.52,195.57,0.84,2.2667,489.42,31.49,307.92,0.01086,0
APDA-NEG-01097,2017-06-12,24.5,93.125,Mizoram,Background_Sampling,Copernicus_NASA_Background,negative,27.41,68.5,83.92,309.87,447.71,0.93,2.8667,489.42,31.49,307.92,0.01086,0
APDA-NEG-01098,2013-05-07,23.5,92.5,Mizoram,Background_Sampling,Copernicus_NASA_Background,negative,45.24,137.72,254.51,278.32,325.04,0.86,2.4,697.5,31.7,35.92,-0.007925,0
APDA-NEG-01099,2017-06-17,23.5,92.5,Mizoram,Background_Sampling,Copernicus_NASA_Background,negative,28.23,84.04,336.73,520.88,850.11,0.97,3.1333,697.5,31.7,35.92,-0.007925,0
APDA-NEG-01100,2010-09-13,23.5,93.125,Mizoram,Background_Sampling,Copernicus_NASA_Background,negative,5.92,10.64,23.16,48.17,130.81,0.75,1.6667,768.55,33.9,313.22,0.007988,0
APDA-NEG-01101,2017-06-28,24.0,92.5,Mizoram,Background_Sampling,Copernicus_NASA_Background,negative,12.81,37.2,128.55,339.13,889.4,0.95,3.0,707.92,8.18,84.72,-0.000283,0
APDA-NEG-01102,2015-08-28,24.5,93.125,Mizoram,Background_Sampling,Copernicus_NASA_Background,negative,4.06,21.36,51.67,144.77,374.16,0.93,2.8667,489.42,31.49,307.92,0.01086,0
APDA-NEG-01103,2017-08-26,24.0,93.125,Mizoram,Background_Sampling,Copernicus_NASA_Background,negative,21.44,81.35,115.07,250.2,418.22,0.96,3.0667,1156.07,10.45,264.05,-0.013664,0
APDA-NEG-01104,2010-09-13,22.5,93.125,Mizoram,Background_Sampling,Copernicus_NASA_Background,negative,5.13,13.96,29.88,51.74,201.06,0.81,2.0667,448.6,33.09,143.87,-0.000616,0
APDA-NEG-01105,2018-05-12,24.0,92.5,Mizoram,Background_Sampling,Copernicus_NASA_Background,negative,10.65,78.17,193.67,336.63,494.53,0.87,2.4667,707.92,8.18,84.72,-0.000283,0
APDA-NEG-01106,2015-09-14,23.5,93.125,Mizoram,Background_Sampling,Copernicus_NASA_Background,negative,12.28,31.44,58.05,137.6,311.67,0.92,2.8,768.55,33.9,313.22,0.007988,0
APDA-NEG-01107,2018-06-05,24.5,93.125,Mizoram,Background_Sampling,Copernicus_NASA_Background,negative,13.25,30.19,57.6,103.27,235.41,0.79,1.9333,489.42,31.49,307.92,0.01086,0
APDA-NEG-01108,2018-05-12,22.5,93.125,Mizoram,Background_Sampling,Copernicus_NASA_Background,negative,10.04,34.44,82.42,134.97,232.46,0.75,1.6667,448.6,33.09,143.87,-0.000616,0
APDA-NEG-01109,2021-06-12,24.0,93.125,Mizoram,Background_Sampling,Copernicus_NASA_Background,negative,21.77,60.24,75.74,141.81,222.49,0.78,1.8667,1156.07,10.45,264.05,-0.013664,0
APDA-NEG-01110,2016-09-17,23.5,93.125,Mizoram,Background_Sampling,Copernicus_NASA_Background,negative,17.87,31.42,93.92,122.21,284.27,0.89,2.6,768.55,33.9,313.22,0.007988,0
APDA-NEG-01111,2007-08-28,25.5,94.375,Nagaland,Background_Sampling,Copernicus_NASA_Background,negative,2.45,10.41,29.27,74.02,105.82,0.7,1.3333,1690.52,34.92,313.33,-0.003122,0
APDA-NEG-01112,2017-07-09,25.5,94.375,Nagaland,Background_Sampling,Copernicus_NASA_Background,negative,16.21,89.47,150.89,255.24,405.92,0.95,3.0,1690.52,34.92,313.33,-0.003122,0
APDA-NEG-01113,2007-10-16,26.5,94.375,Nagaland,Background_Sampling,Copernicus_NASA_Background,negative,13.85,29.81,39.38,61.17,87.62,0.89,2.6,307.93,20.68,270.76,-0.012984,0
APDA-NEG-01114,2016-04-19,25.5,94.375,Nagaland,Background_Sampling,Copernicus_NASA_Background,negative,4.15,23.57,47.96,67.94,106.38,0.73,1.5333,1690.52,34.92,313.33,-0.003122,0
APDA-NEG-01115,2008-08-07,25.5,94.375,Nagaland,Background_Sampling,Copernicus_NASA_Background,negative,0.58,14.37,36.41,94.74,209.37,0.77,1.8,1690.52,34.92,313.33,-0.003122,0
APDA-NEG-01116,2015-08-12,26.0,95.0,Nagaland,Background_Sampling,Copernicus_NASA_Background,negative,4.96,23.0,61.73,158.59,348.51,0.95,3.0,1150.77,10.47,188.47,-0.011555,0
APDA-NEG-01117,2008-08-19,26.0,95.0,Nagaland,Background_Sampling,Copernicus_NASA_Background,negative,21.97,63.29,117.85,203.67,306.39,0.93,2.8667,1150.77,10.47,188.47,-0.011555,0
APDA-NEG-01118,2013-07-17,26.5,94.375,Nagaland,Background_Sampling,Copernicus_NASA_Background,negative,14.02,32.86,83.54,163.18,363.63,0.86,2.4,307.93,20.68,270.76,-0.012984,0
APDA-NEG-01119,2008-08-29,26.0,95.0,Nagaland,Background_Sampling,Copernicus_NASA_Background,negative,13.53,30.7,44.8,151.88,292.13,0.9,2.6667,1150.77,10.47,188.47,-0.011555,0
APDA-NEG-01120,2013-06-07,25.5,94.375,Nagaland,Background_Sampling,Copernicus_NASA_Background,negative,5.28,14.76,17.93,42.86,159.46,0.77,1.8,1690.52,34.92,313.33,-0.003122,0
APDA-NEG-01121,2010-06-15,27.0,95.0,Nagaland,Background_Sampling,Copernicus_NASA_Background,negative,30.24,62.0,119.52,240.12,353.56,0.92,2.8,117.36,3.0,28.88,0.00233,0
APDA-NEG-01122,2017-07-08,26.0,95.0,Nagaland,Background_Sampling,Copernicus_NASA_Background,negative,45.53,101.05,164.83,328.88,475.41,0.98,3.2,1150.77,10.47,188.47,-0.011555,0
APDA-NEG-01123,2010-06-18,26.0,93.75,Nagaland,Background_Sampling,Copernicus_NASA_Background,negative,16.3,25.85,75.45,214.54,344.08,0.83,2.2,155.68,5.21,210.16,-0.003056,0
APDA-NEG-01124,2015-08-19,27.0,94.375,Nagaland,Background_Sampling,Copernicus_NASA_Background,negative,22.32,48.7,86.63,182.35,296.09,0.92,2.8,86.0,0.0,0.0,0.0,0
APDA-NEG-01125,2010-07-06,26.0,95.0,Nagaland,Background_Sampling,Copernicus_NASA_Background,negative,9.26,32.72,75.34,140.15,355.44,0.94,2.9333,1150.77,10.47,188.47,-0.011555,0
APDA-NEG-01126,2010-07-20,27.0,94.375,Nagaland,Background_Sampling,Copernicus_NASA_Background,negative,9.38,42.41,114.28,203.05,408.28,0.92,2.8,86.0,0.0,0.0,0.0,0
APDA-NEG-01127,2010-07-06,26.0,95.0,Nagaland,Background_Sampling,Copernicus_NASA_Background,negative,9.26,32.72,75.34,140.15,355.44,0.94,2.9333,1150.77,10.47,188.47,-0.011555,0
APDA-NEG-01128,2018-07-31,25.5,94.375,Nagaland,Background_Sampling,Copernicus_NASA_Background,negative,14.4,86.98,184.23,248.18,396.1,0.97,3.1333,1690.52,34.92,313.33,-0.003122,0
APDA-NEG-01129,2010-07-06,25.5,94.375,Nagaland,Background_Sampling,Copernicus_NASA_Background,negative,4.5,20.02,66.91,126.11,302.38,0.86,2.4,1690.52,34.92,313.33,-0.003122,0
APDA-NEG-01130,2016-06-12,26.5,94.375,Nagaland,Background_Sampling,Copernicus_NASA_Background,negative,18.39,27.92,61.5,78.69,268.58,0.81,2.0667,307.93,20.68,270.76,-0.012984,0
APDA-NEG-01131,2010-07-06,26.0,95.0,Nagaland,Background_Sampling,Copernicus_NASA_Background,negative,9.26,32.72,75.34,140.15,355.44,0.94,2.9333,1150.77,10.47,188.47,-0.011555,0
APDA-NEG-01132,2015-08-19,27.0,95.0,Nagaland,Background_Sampling,Copernicus_NASA_Background,negative,28.12,49.48,102.37,202.38,331.3,0.93,2.8667,117.36,3.0,28.88,0.00233,0
APDA-NEG-01133,2010-07-19,25.5,94.375,Nagaland,Background_Sampling,Copernicus_NASA_Background,negative,12.0,22.9,79.6,114.56,245.83,0.9,2.6667,1690.52,34.92,313.33,-0.003122,0
APDA-NEG-01134,2013-08-04,26.0,95.0,Nagaland,Background_Sampling,Copernicus_NASA_Background,negative,20.58,23.57,59.87,134.2,325.91,0.94,2.9333,1150.77,10.47,188.47,-0.011555,0
APDA-NEG-01135,2010-07-20,26.5,94.375,Nagaland,Background_Sampling,Copernicus_NASA_Background,negative,8.52,31.64,90.32,158.33,337.86,0.91,2.7333,307.93,20.68,270.76,-0.012984,0
APDA-NEG-01136,2011-08-18,27.0,94.375,Nagaland,Background_Sampling,Copernicus_NASA_Background,negative,13.35,70.16,174.67,228.92,420.05,0.94,2.9333,86.0,0.0,0.0,0.0,0
APDA-NEG-01137,2010-08-13,26.5,94.375,Nagaland,Background_Sampling,Copernicus_NASA_Background,negative,26.91,37.56,55.29,108.31,277.84,0.94,2.9333,307.93,20.68,270.76,-0.012984,0
APDA-NEG-01138,2013-06-07,26.5,94.375,Nagaland,Background_Sampling,Copernicus_NASA_Background,negative,10.13,22.61,36.04,69.68,193.4,0.77,1.8,307.93,20.68,270.76,-0.012984,0
APDA-NEG-01139,2010-08-14,26.0,95.0,Nagaland,Background_Sampling,Copernicus_NASA_Background,negative,11.86,53.09,65.68,107.1,280.21,0.95,3.0,1150.77,10.47,188.47,-0.011555,0
APDA-NEG-01140,2011-08-13,25.5,94.375,Nagaland,Background_Sampling,Copernicus_NASA_Background,negative,7.65,13.21,84.41,162.26,363.03,0.94,2.9333,1690.52,34.92,313.33,-0.003122,0
APDA-NEG-01141,2010-08-14,26.5,94.375,Nagaland,Background_Sampling,Copernicus_NASA_Background,negative,16.59,53.98,68.71,101.59,271.8,0.93,2.8667,307.93,20.68,270.76,-0.012984,0
APDA-NEG-01142,2007-10-16,26.0,93.75,Nagaland,Background_Sampling,Copernicus_NASA_Background,negative,14.03,25.22,33.86,62.29,79.47,0.82,2.1333,155.68,5.21,210.16,-0.003056,0
APDA-NEG-01143,2010-08-14,27.0,95.0,Nagaland,Background_Sampling,Copernicus_NASA_Background,negative,22.03,91.1,115.86,175.87,395.87,0.94,2.9333,117.36,3.0,28.88,0.00233,0
APDA-NEG-01144,2010-07-19,25.5,94.375,Nagaland,Background_Sampling,Copernicus_NASA_Background,negative,12.0,22.9,79.6,114.56,245.83,0.9,2.6667,1690.52,34.92,313.33,-0.003122,0
APDA-NEG-01145,2010-08-17,26.5,94.375,Nagaland,Background_Sampling,Copernicus_NASA_Background,negative,17.35,49.71,103.86,133.22,284.05,0.93,2.8667,307.93,20.68,270.76,-0.012984,0
APDA-NEG-01146,2013-08-04,25.5,94.375,Nagaland,Background_Sampling,Copernicus_NASA_Background,negative,9.27,14.56,45.23,93.41,296.08,0.87,2.4667,1690.52,34.92,313.33,-0.003122,0
APDA-NEG-01147,2010-08-19,26.0,95.0,Nagaland,Background_Sampling,Copernicus_NASA_Background,negative,13.74,29.82,94.99,131.29,276.17,0.96,3.0667,1150.77,10.47,188.47,-0.011555,0
APDA-NEG-01148,2010-08-14,27.0,94.375,Nagaland,Background_Sampling,Copernicus_NASA_Background,negative,27.89,77.91,96.84,142.8,357.28,0.93,2.8667,86.0,0.0,0.0,0.0,0
APDA-NEG-01149,2010-08-19,26.5,94.375,Nagaland,Background_Sampling,Copernicus_NASA_Background,negative,14.89,44.8,120.66,149.35,292.19,0.93,2.8667,307.93,20.68,270.76,-0.012984,0
APDA-NEG-01150,2016-06-14,26.0,93.75,Nagaland,Background_Sampling,Copernicus_NASA_Background,negative,3.94,16.33,39.89,82.01,260.22,0.73,1.5333,155.68,5.21,210.16,-0.003056,0
APDA-NEG-01151,2010-09-12,25.5,94.375,Nagaland,Background_Sampling,Copernicus_NASA_Background,negative,4.38,6.8,35.08,78.13,181.17,0.89,2.6,1690.52,34.92,313.33,-0.003122,0
APDA-NEG-01152,2016-09-05,26.0,95.0,Nagaland,Background_Sampling,Copernicus_NASA_Background,negative,6.38,34.76,71.48,119.29,190.21,0.94,2.9333,1150.77,10.47,188.47,-0.011555,0
APDA-NEG-01153,2010-10-08,26.0,95.0,Nagaland,Background_Sampling,Copernicus_NASA_Background,negative,36.97,65.3,68.67,130.49,285.77,0.98,3.2,1150.77,10.47,188.47,-0.011555,0
APDA-NEG-01154,2016-09-05,27.0,95.0,Nagaland,Background_Sampling,Copernicus_NASA_Background,negative,11.16,37.86,135.5,169.59,244.92,0.92,2.8,117.36,3.0,28.88,0.00233,0
APDA-NEG-01155,2010-10-09,26.5,94.375,Nagaland,Background_Sampling,Copernicus_NASA_Background,negative,16.7,50.86,58.63,129.52,288.4,0.95,3.0,307.93,20.68,270.76,-0.012984,0
APDA-NEG-01156,2016-06-12,27.0,94.375,Nagaland,Background_Sampling,Copernicus_NASA_Background,negative,25.25,35.92,67.95,82.89,275.85,0.8,2.0,86.0,0.0,0.0,0.0,0
APDA-NEG-01157,2010-10-10,26.0,93.75,Nagaland,Background_Sampling,Copernicus_NASA_Background,negative,1.04,59.87,81.97,113.01,245.73,0.89,2.6,155.68,5.21,210.16,-0.003056,0
APDA-NEG-01158,2017-07-02,26.0,93.75,Nagaland,Background_Sampling,Copernicus_NASA_Background,negative,17.68,58.43,88.71,180.72,305.71,0.86,2.4,155.68,5.21,210.16,-0.003056,0
APDA-NEG-01159,2011-06-20,27.0,95.0,Nagaland,Background_Sampling,Copernicus_NASA_Background,negative,3.32,17.87,31.59,100.07,312.55,0.77,1.8,117.36,3.0,28.88,0.00233,0
APDA-NEG-01160,2010-10-08,25.5,94.375,Nagaland,Background_Sampling,Copernicus_NASA_Background,negative,52.1,92.98,96.35,132.66,238.6,0.98,3.2,1690.52,34.92,313.33,-0.003122,0
APDA-NEG-01161,2011-06-21,26.0,93.75,Nagaland,Background_Sampling,Copernicus_NASA_Background,negative,6.5,18.28,41.13,68.0,203.02,0.74,1.6,155.68,5.21,210.16,-0.003056,0
APDA-NEG-01162,2016-07-29,26.0,93.75,Nagaland,Background_Sampling,Copernicus_NASA_Background,negative,14.08,43.15,77.28,138.33,301.23,0.86,2.4,155.68,5.21,210.16,-0.003056,0
APDA-NEG-01163,2011-06-28,26.0,95.0,Nagaland,Background_Sampling,Copernicus_NASA_Background,negative,7.58,37.03,70.96,118.54,286.8,0.89,2.6,1150.77,10.47,188.47,-0.011555,0
APDA-NEG-01164,2010-07-19,27.0,94.375,Nagaland,Background_Sampling,Copernicus_NASA_Background,negative,11.96,48.68,120.89,211.82,426.61,0.92,2.8,86.0,0.0,0.0,0.0,0
APDA-NEG-01165,2011-07-01,27.0,95.0,Nagaland,Background_Sampling,Copernicus_NASA_Background,negative,34.96,63.68,73.72,146.98,312.22,0.87,2.4667,117.36,3.0,28.88,0.00233,0
APDA-NEG-01166,2010-07-06,27.0,94.375,Nagaland,Background_Sampling,Copernicus_NASA_Background,negative,22.53,54.28,96.95,198.37,518.1,0.92,2.8,86.0,0.0,0.0,0.0,0
APDA-NEG-01167,2011-07-11,27.0,95.0,Nagaland,Background_Sampling,Copernicus_NASA_Background,negative,0.83,3.44,30.1,188.81,283.11,0.83,2.2,117.36,3.0,28.88,0.00233,0
APDA-NEG-01168,2010-10-08,27.0,94.375,Nagaland,Background_Sampling,Copernicus_NASA_Background,negative,21.66,28.23,29.47,128.15,346.54,0.93,2.8667,86.0,0.0,0.0,0.0,0
APDA-NEG-01169,2011-08-13,26.5,94.375,Nagaland,Background_Sampling,Copernicus_NASA_Background,negative,16.58,22.45,43.31,104.88,383.15,0.92,2.8,307.93,20.68,270.76,-0.012984,0
APDA-NEG-01170,2017-07-09,26.0,95.0,Nagaland,Background_Sampling,Copernicus_NASA_Background,negative,31.11,120.14,183.32,335.91,498.6,0.98,3.2,1150.77,10.47,188.47,-0.011555,0
APDA-NEG-01171,2011-08-18,26.5,94.375,Nagaland,Background_Sampling,Copernicus_NASA_Background,negative,9.91,53.4,132.89,201.75,353.47,0.93,2.8667,307.93,20.68,270.76,-0.012984,0
APDA-NEG-01172,2016-06-14,27.0,95.0,Nagaland,Background_Sampling,Copernicus_NASA_Background,negative,7.48,48.59,76.75,95.33,259.23,0.81,2.0667,117.36,3.0,28.88,0.00233,0
APDA-NEG-01173,2013-06-07,25.5,94.375,Nagaland,Background_Sampling,Copernicus_NASA_Background,negative,5.28,14.76,17.93,42.86,159.46,0.77,1.8,1690.52,34.92,313.33,-0.003122,0
APDA-NEG-01174,2013-07-12,26.0,93.75,Nagaland,Background_Sampling,Copernicus_NASA_Background,negative,16.02,66.27,90.1,184.07,295.53,0.85,2.3333,155.68,5.21,210.16,-0.003056,0
APDA-NEG-01175,2013-06-07,26.0,95.0,Nagaland,Background_Sampling,Copernicus_NASA_Background,negative,9.11,20.54,30.52,64.87,191.56,0.83,2.2,1150.77,10.47,188.47,-0.011555,0
APDA-NEG-01176,2013-08-16,26.0,95.0,Nagaland,Background_Sampling,Copernicus_NASA_Background,negative,32.49,52.19,109.94,214.85,358.38,0.97,3.1333,1150.77,10.47,188.47,-0.011555,0
APDA-NEG-01177,2013-07-01,25.5,94.375,Nagaland,Background_Sampling,Copernicus_NASA_Background,negative,4.91,25.0,76.97,126.88,161.67,0.79,1.9333,1690.52,34.92,313.33,-0.003122,0
APDA-NEG-01178,2010-06-18,26.0,93.75,Nagaland,Background_Sampling,Copernicus_NASA_Background,negative,16.3,25.85,75.45,214.54,344.08,0.83,2.2,155.68,5.21,210.16,-0.003056,0
APDA-NEG-01179,2013-07-01,25.5,94.375,Nagaland,Background_Sampling,Copernicus_NASA_Background,negative,4.91,25.0,76.97,126.88,161.67,0.79,1.9333,1690.52,34.92,313.33,-0.003122,0
APDA-NEG-01180,2013-06-07,26.0,95.0,Nagaland,Background_Sampling,Copernicus_NASA_Background,negative,9.11,20.54,30.52,64.87,191.56,0.83,2.2,1150.77,10.47,188.47,-0.011555,0
APDA-NEG-01181,2013-07-12,27.0,95.0,Nagaland,Background_Sampling,Copernicus_NASA_Background,negative,7.64,21.33,62.85,195.06,362.54,0.88,2.5333,117.36,3.0,28.88,0.00233,0
APDA-NEG-01182,2017-06-24,26.0,95.0,Nagaland,Background_Sampling,Copernicus_NASA_Background,negative,24.08,60.1,82.64,162.69,306.66,0.93,2.8667,1150.77,10.47,188.47,-0.011555,0
APDA-NEG-01183,2013-07-13,26.5,94.375,Nagaland,Background_Sampling,Copernicus_NASA_Background,negative,7.16,40.94,70.74,185.82,343.5,0.84,2.2667,307.93,20.68,270.76,-0.012984,0
APDA-NEG-01184,2013-08-04,26.5,94.375,Nagaland,Background_Sampling,Copernicus_NASA_Background,negative,5.53,15.66,54.81,135.7,307.87,0.87,2.4667,307.93,20.68,270.76,-0.012984,0
APDA-NEG-01185,2013-07-15,26.5,94.375,Nagaland,Background_Sampling,Copernicus_NASA_Background,negative,7.39,24.29,76.78,183.92,354.75,0.85,2.3333,307.93,20.68,270.76,-0.012984,0
APDA-NEG-01186,2008-08-19,25.5,94.375,Nagaland,Background_Sampling,Copernicus_NASA_Background,negative,21.07,55.84,110.58,179.69,268.63,0.9,2.6667,1690.52,34.92,313.33,-0.003122,0
APDA-NEG-01187,2013-07-17,27.0,94.375,Nagaland,Background_Sampling,Copernicus_NASA_Background,negative,21.51,43.49,85.0,170.49,402.85,0.87,2.4667,86.0,0.0,0.0,0.0,0
APDA-NEG-01188,2010-07-20,26.0,95.0,Nagaland,Background_Sampling,Copernicus_NASA_Background,negative,8.75,36.76,102.13,161.81,305.77,0.95,3.0,1150.77,10.47,188.47,-0.011555,0
APDA-NEG-01189,2013-07-17,27.0,94.375,Nagaland,Background_Sampling,Copernicus_NASA_Background,negative,21.51,43.49,85.0,170.49,402.85,0.87,2.4667,86.0,0.0,0.0,0.0,0
APDA-NEG-01190,2011-07-11,25.5,94.375,Nagaland,Background_Sampling,Copernicus_NASA_Background,negative,0.1,1.79,14.8,114.69,230.9,0.82,2.1333,1690.52,34.92,313.33,-0.003122,0
APDA-NEG-01191,2013-08-04,26.0,95.0,Nagaland,Background_Sampling,Copernicus_NASA_Background,negative,20.58,23.57,59.87,134.2,325.91,0.94,2.9333,1150.77,10.47,188.47,-0.011555,0
APDA-NEG-01192,2013-06-07,26.0,93.75,Nagaland,Background_Sampling,Copernicus_NASA_Background,negative,5.76,16.84,22.77,49.02,166.4,0.72,1.4667,155.68,5.21,210.16,-0.003056,0
APDA-NEG-01193,2013-08-04,26.5,94.375,Nagaland,Background_Sampling,Copernicus_NASA_Background,negative,5.53,15.66,54.81,135.7,307.87,0.87,2.4667,307.93,20.68,270.76,-0.012984,0
APDA-NEG-01194,2017-07-12,27.0,95.0,Nagaland,Background_Sampling,Copernicus_NASA_Background,negative,0.15,65.28,185.16,364.0,580.02,0.96,3.0667,117.36,3.0,28.88,0.00233,0
APDA-NEG-01195,2013-08-04,27.0,95.0,Nagaland,Background_Sampling,Copernicus_NASA_Background,negative,7.48,8.99,45.14,158.95,307.96,0.9,2.6667,117.36,3.0,28.88,0.00233,0
APDA-NEG-01196,2011-06-28,26.0,95.0,Nagaland,Background_Sampling,Copernicus_NASA_Background,negative,7.58,37.03,70.96,118.54,286.8,0.89,2.6,1150.77,10.47,188.47,-0.011555,0
APDA-NEG-01197,2013-08-04,26.0,95.0,Nagaland,Background_Sampling,Copernicus_NASA_Background,negative,20.58,23.57,59.87,134.2,325.91,0.94,2.9333,1150.77,10.47,188.47,-0.011555,0
APDA-NEG-01198,2015-06-24,27.0,94.375,Nagaland,Background_Sampling,Copernicus_NASA_Background,negative,19.29,61.73,144.37,252.04,616.35,0.93,2.8667,86.0,0.0,0.0,0.0,0
APDA-NEG-01199,2013-08-04,26.0,93.75,Nagaland,Background_Sampling,Copernicus_NASA_Background,negative,4.75,17.51,45.46,100.61,265.81,0.82,2.1333,155.68,5.21,210.16,-0.003056,0
APDA-NEG-01200,2010-09-12,25.5,94.375,Nagaland,Background_Sampling,Copernicus_NASA_Background,negative,4.38,6.8,35.08,78.13,181.17,0.89,2.6,1690.52,34.92,313.33,-0.003122,0
APDA-NEG-01201,2013-08-04,25.5,94.375,Nagaland,Background_Sampling,Copernicus_NASA_Background,negative,9.27,14.56,45.23,93.41,296.08,0.87,2.4667,1690.52,34.92,313.33,-0.003122,0
APDA-NEG-01202,2017-07-12,26.0,95.0,Nagaland,Background_Sampling,Copernicus_NASA_Background,negative,0.46,55.08,187.24,350.33,534.06,0.97,3.1333,1150.77,10.47,188.47,-0.011555,0
APDA-NEG-01203,2013-08-04,27.0,95.0,Nagaland,Background_Sampling,Copernicus_NASA_Background,negative,7.48,8.99,45.14,158.95,307.96,0.9,2.6667,117.36,3.0,28.88,0.00233,0
APDA-NEG-01204,2015-08-02,26.0,95.0,Nagaland,Background_Sampling,Copernicus_NASA_Background,negative,3.19,39.05,61.4,171.64,296.66,0.94,2.9333,1150.77,10.47,188.47,-0.011555,0
APDA-NEG-01205,2013-08-04,25.5,94.375,Nagaland,Background_Sampling,Copernicus_NASA_Background,negative,9.27,14.56,45.23,93.41,296.08,0.87,2.4667,1690.52,34.92,313.33,-0.003122,0
APDA-NEG-01206,2007-08-28,26.0,95.0,Nagaland,Background_Sampling,Copernicus_NASA_Background,negative,2.55,12.15,25.47,97.41,136.63,0.66,1.0667,1150.77,10.47,188.47,-0.011555,0
APDA-NEG-01207,2013-08-12,26.5,94.375,Nagaland,Background_Sampling,Copernicus_NASA_Background,negative,20.86,32.75,94.53,183.0,352.13,0.93,2.8667,307.93,20.68,270.76,-0.012984,0
APDA-NEG-01208,2013-07-15,26.0,93.75,Nagaland,Background_Sampling,Copernicus_NASA_Background,negative,11.91,23.3,93.87,186.04,316.12,0.84,2.2667,155.68,5.21,210.16,-0.003056,0
APDA-NEG-01209,2013-08-16,26.5,94.375,Nagaland,Background_Sampling,Copernicus_NASA_Background,negative,23.37,41.2,93.37,204.47,370.15,0.93,2.8667,307.93,20.68,270.76,-0.012984,0
APDA-NEG-01210,2013-07-01,25.5,94.375,Nagaland,Background_Sampling,Copernicus_NASA_Background,negative,4.91,25.0,76.97,126.88,161.67,0.79,1.9333,1690.52,34.92,313.33,-0.003122,0
APDA-NEG-01211,2013-08-16,27.0,94.375,Nagaland,Background_Sampling,Copernicus_NASA_Background,negative,27.3,37.53,102.03,230.79,434.79,0.94,2.9333,86.0,0.0,0.0,0.0,0
APDA-NEG-01212,2010-10-10,27.0,94.375,Nagaland,Background_Sampling,Copernicus_NASA_Background,negative,3.42,38.04,45.76,109.4,306.08,0.92,2.8,86.0,0.0,0.0,0.0,0
APDA-NEG-01213,2013-08-16,26.0,93.75,Nagaland,Background_Sampling,Copernicus_NASA_Background,negative,12.42,44.01,78.81,163.57,286.21,0.88,2.5333,155.68,5.21,210.16,-0.003056,0
APDA-NEG-01214,2010-08-14,26.5,94.375,Nagaland,Background_Sampling,Copernicus_NASA_Background,negative,16.59,53.98,68.71,101.59,271.8,0.93,2.8667,307.93,20.68,270.76,-0.012984,0
APDA-NEG-01215,2013-08-30,26.0,93.75,Nagaland,Background_Sampling,Copernicus_NASA_Background,negative,6.53,22.8,57.18,97.72,258.77,0.86,2.4,155.68,5.21,210.16,-0.003056,0
APDA-NEG-01216,2017-04-07,26.0,95.0,Nagaland,Background_Sampling,Copernicus_NASA_Background,negative,4.72,6.28,77.94,140.3,182.02,0.8,2.0,1150.77,10.47,188.47,-0.011555,0
APDA-NEG-01217,2013-10-06,26.0,93.75,Nagaland,Background_Sampling,Copernicus_NASA_Background,negative,17.09,51.42,58.31,97.97,173.89,0.9,2.6667,155.68,5.21,210.16,-0.003056,0
APDA-NEG-01218,2018-07-31,27.0,95.0,Nagaland,Background_Sampling,Copernicus_NASA_Background,negative,14.75,60.05,94.71,211.27,426.01,0.92,2.8,117.36,3.0,28.88,0.00233,0
APDA-NEG-01219,2014-09-08,27.0,94.375,Nagaland,Background_Sampling,Copernicus_NASA_Background,negative,5.3,28.83,33.99,72.86,365.15,0.9,2.6667,86.0,0.0,0.0,0.0,0
APDA-NEG-01220,2013-08-30,25.5,94.375,Nagaland,Background_Sampling,Copernicus_NASA_Background,negative,3.06,11.47,51.8,99.82,274.91,0.9,2.6667,1690.52,34.92,313.33,-0.003122,0
APDA-NEG-01221,2015-06-24,26.0,95.0,Nagaland,Background_Sampling,Copernicus_NASA_Background,negative,8.82,36.95,80.62,154.0,388.41,0.9,2.6667,1150.77,10.47,188.47,-0.011555,0
APDA-NEG-01222,2013-08-16,27.0,95.0,Nagaland,Background_Sampling,Copernicus_NASA_Background,negative,36.7,45.85,83.15,219.67,404.03,0.95,3.0,117.36,3.0,28.88,0.00233,0
APDA-NEG-01223,2015-08-02,26.0,93.75,Nagaland,Background_Sampling,Copernicus_NASA_Background,negative,0.25,42.32,52.23,141.12,269.64,0.84,2.2667,155.68,5.21,210.16,-0.003056,0
APDA-NEG-01224,2016-06-14,26.0,95.0,Nagaland,Background_Sampling,Copernicus_NASA_Background,negative,1.66,24.13,61.34,101.33,269.76,0.83,2.2,1150.77,10.47,188.47,-0.011555,0
APDA-NEG-01225,2015-08-12,26.0,93.75,Nagaland,Background_Sampling,Copernicus_NASA_Background,negative,14.69,36.88,74.39,136.96,307.12,0.87,2.4667,155.68,5.21,210.16,-0.003056,0
APDA-NEG-01226,2010-10-10,25.5,94.375,Nagaland,Background_Sampling,Copernicus_NASA_Background,negative,0.87,76.09,120.34,143.49,255.27,0.93,2.8667,1690.52,34.92,313.33,-0.003122,0
APDA-NEG-01227,2015-08-19,26.0,93.75,Nagaland,Background_Sampling,Copernicus_NASA_Background,negative,11.15,32.2,50.9,130.49,250.37,0.86,2.4,155.68,5.21,210.16,-0.003056,0
APDA-NEG-01228,2008-08-07,26.5,94.375,Nagaland,Background_Sampling,Copernicus_NASA_Background,negative,0.83,46.16,68.83,137.01,302.75,0.86,2.4,307.93,20.68,270.76,-0.012984,0
APDA-NEG-01229,2015-08-19,26.0,93.75,Nagaland,Background_Sampling,Copernicus_NASA_Background,negative,11.15,32.2,50.9,130.49,250.37,0.86,2.4,155.68,5.21,210.16,-0.003056,0
APDA-NEG-01230,2010-08-14,27.0,95.0,Nagaland,Background_Sampling,Copernicus_NASA_Background,negative,22.03,91.1,115.86,175.87,395.87,0.94,2.9333,117.36,3.0,28.88,0.00233,0
APDA-NEG-01231,2015-08-20,27.0,94.375,Nagaland,Background_Sampling,Copernicus_NASA_Background,negative,27.2,60.23,109.7,181.84,303.9,0.93,2.8667,86.0,0.0,0.0,0.0,0
APDA-NEG-01232,2017-07-02,27.0,95.0,Nagaland,Background_Sampling,Copernicus_NASA_Background,negative,23.26,92.11,187.18,286.81,434.61,0.94,2.9333,117.36,3.0,28.88,0.00233,0
APDA-NEG-01233,2016-04-19,27.0,94.375,Nagaland,Background_Sampling,Copernicus_NASA_Background,negative,20.69,39.38,67.38,155.78,200.06,0.76,1.7333,86.0,0.0,0.0,0.0,0
APDA-NEG-01234,2017-07-12,27.0,95.0,Nagaland,Background_Sampling,Copernicus_NASA_Background,negative,0.15,65.28,185.16,364.0,580.02,0.96,3.0667,117.36,3.0,28.88,0.00233,0
APDA-NEG-01235,2016-06-12,26.0,93.75,Nagaland,Background_Sampling,Copernicus_NASA_Background,negative,6.0,14.22,49.6,78.69,270.82,0.74,1.6,155.68,5.21,210.16,-0.003056,0
APDA-NEG-01236,2013-07-15,27.0,94.375,Nagaland,Background_Sampling,Copernicus_NASA_Background,negative,6.38,24.44,62.14,181.44,387.69,0.84,2.2667,86.0,0.0,0.0,0.0,0
APDA-NEG-01237,2016-06-14,27.0,94.375,Nagaland,Background_Sampling,Copernicus_NASA_Background,negative,10.91,53.67,82.51,106.12,273.77,0.8,2.0,86.0,0.0,0.0,0.0,0
APDA-NEG-01238,2016-06-12,26.0,93.75,Nagaland,Background_Sampling,Copernicus_NASA_Background,negative,6.0,14.22,49.6,78.69,270.82,0.74,1.6,155.68,5.21,210.16,-0.003056,0
APDA-NEG-01239,2016-07-10,27.0,95.0,Nagaland,Background_Sampling,Copernicus_NASA_Background,negative,13.49,23.82,53.95,142.25,333.32,0.88,2.5333,117.36,3.0,28.88,0.00233,0
APDA-NEG-01240,2007-10-16,27.0,95.0,Nagaland,Background_Sampling,Copernicus_NASA_Background,negative,14.08,36.59,46.22,56.73,94.4,0.87,2.4667,117.36,3.0,28.88,0.00233,0
APDA-NEG-01241,2016-07-12,26.0,95.0,Nagaland,Background_Sampling,Copernicus_NASA_Background,negative,13.95,35.97,64.23,181.05,357.01,0.94,2.9333,1150.77,10.47,188.47,-0.011555,0
APDA-NEG-01242,2017-07-09,25.5,94.375,Nagaland,Background_Sampling,Copernicus_NASA_Background,negative,16.21,89.47,150.89,255.24,405.92,0.95,3.0,1690.52,34.92,313.33,-0.003122,0
APDA-NEG-01243,2016-07-27,25.5,94.375,Nagaland,Background_Sampling,Copernicus_NASA_Background,negative,16.64,36.26,64.49,131.26,291.81,0.92,2.8,1690.52,34.92,313.33,-0.003122,0
APDA-NEG-01244,2016-06-14,26.5,94.375,Nagaland,Background_Sampling,Copernicus_NASA_Background,negative,6.05,35.82,62.33,91.54,256.62,0.79,1.9333,307.93,20.68,270.76,-0.012984,0
APDA-NEG-01245,2016-07-29,26.5,94.375,Nagaland,Background_Sampling,Copernicus_NASA_Background,negative,18.89,64.4,119.66,216.7,416.13,0.93,2.8667,307.93,20.68,270.76,-0.012984,0
APDA-NEG-01246,2013-07-15,27.0,95.0,Nagaland,Background_Sampling,Copernicus_NASA_Background,negative,6.82,23.06,55.85,172.83,362.91,0.88,2.5333,117.36,3.0,28.88,0.00233,0
APDA-NEG-01247,2016-08-25,26.0,95.0,Nagaland,Background_Sampling,Copernicus_NASA_Background,negative,5.33,5.88,8.44,44.3,182.4,0.91,2.7333,1150.77,10.47,188.47,-0.011555,0
APDA-NEG-01248,2018-07-31,25.5,94.375,Nagaland,Background_Sampling,Copernicus_NASA_Background,negative,14.4,86.98,184.23,248.18,396.1,0.97,3.1333,1690.52,34.92,313.33,-0.003122,0
APDA-NEG-01249,2016-09-05,27.0,94.375,Nagaland,Background_Sampling,Copernicus_NASA_Background,negative,10.18,43.79,135.22,157.81,247.89,0.91,2.7333,86.0,0.0,0.0,0.0,0
APDA-NEG-01250,2013-08-04,26.0,93.75,Nagaland,Background_Sampling,Copernicus_NASA_Background,negative,4.75,17.51,45.46,100.61,265.81,0.82,2.1333,155.68,5.21,210.16,-0.003056,0
APDA-NEG-01251,2016-09-05,26.0,95.0,Nagaland,Background_Sampling,Copernicus_NASA_Background,negative,6.38,34.76,71.48,119.29,190.21,0.94,2.9333,1150.77,10.47,188.47,-0.011555,0
APDA-NEG-01252,2013-08-16,27.0,95.0,Nagaland,Background_Sampling,Copernicus_NASA_Background,negative,36.7,45.85,83.15,219.67,404.03,0.95,3.0,117.36,3.0,28.88,0.00233,0
APDA-NEG-01253,2017-04-07,27.0,94.375,Nagaland,Background_Sampling,Copernicus_NASA_Background,negative,3.84,4.76,75.2,118.75,161.89,0.65,1.0,86.0,0.0,0.0,0.0,0
APDA-NEG-01254,2017-06-25,27.0,94.375,Nagaland,Background_Sampling,Copernicus_NASA_Background,negative,37.02,69.17,96.32,216.08,372.16,0.9,2.6667,86.0,0.0,0.0,0.0,0
APDA-NEG-01255,2017-05-16,27.0,94.375,Nagaland,Background_Sampling,Copernicus_NASA_Background,negative,5.36,23.82,45.36,88.56,256.79,0.74,1.6,86.0,0.0,0.0,0.0,0
APDA-NEG-01256,2013-06-07,27.0,95.0,Nagaland,Background_Sampling,Copernicus_NASA_Background,negative,11.3,24.69,42.06,91.82,245.48,0.8,2.0,117.36,3.0,28.88,0.00233,0
APDA-NEG-01257,2017-06-02,27.0,95.0,Nagaland,Background_Sampling,Copernicus_NASA_Background,negative,35.39,68.72,98.18,253.33,350.24,0.88,2.5333,117.36,3.0,28.88,0.00233,0
APDA-NEG-01258,2010-08-19,27.0,95.0,Nagaland,Background_Sampling,Copernicus_NASA_Background,negative,14.63,28.5,134.82,196.42,358.41,0.94,2.9333,117.36,3.0,28.88,0.00233,0
APDA-NEG-01259,2017-06-24,27.0,94.375,Nagaland,Background_Sampling,Copernicus_NASA_Background,negative,23.21,43.47,79.04,181.31,336.36,0.86,2.4,86.0,0.0,0.0,0.0,0
APDA-NEG-01260,2013-07-17,26.5,94.375,Nagaland,Background_Sampling,Copernicus_NASA_Background,negative,14.02,32.86,83.54,163.18,363.63,0.86,2.4,307.93,20.68,270.76,-0.012984,0
APDA-NEG-01261,2017-06-25,26.5,94.375,Nagaland,Background_Sampling,Copernicus_NASA_Background,negative,36.5,84.88,104.75,197.31,335.38,0.9,2.6667,307.93,20.68,270.76,-0.012984,0
APDA-NEG-01262,2007-10-16,26.0,93.75,Nagaland,Background_Sampling,Copernicus_NASA_Background,negative,14.03,25.22,33.86,62.29,79.47,0.82,2.1333,155.68,5.21,210.16,-0.003056,0
APDA-NEG-01263,2017-07-02,27.0,94.375,Nagaland,Background_Sampling,Copernicus_NASA_Background,negative,28.44,113.82,185.75,301.81,463.87,0.93,2.8667,86.0,0.0,0.0,0.0,0
APDA-NEG-01264,2017-07-02,27.0,94.375,Nagaland,Background_Sampling,Copernicus_NASA_Background,negative,28.44,113.82,185.75,301.81,463.87,0.93,2.8667,86.0,0.0,0.0,0.0,0
APDA-NEG-01265,2017-07-02,27.0,95.0,Nagaland,Background_Sampling,Copernicus_NASA_Background,negative,23.26,92.11,187.18,286.81,434.61,0.94,2.9333,117.36,3.0,28.88,0.00233,0
APDA-NEG-01266,2017-07-02,27.0,94.375,Nagaland,Background_Sampling,Copernicus_NASA_Background,negative,28.44,113.82,185.75,301.81,463.87,0.93,2.8667,86.0,0.0,0.0,0.0,0
APDA-NEG-01267,2017-07-02,26.0,93.75,Nagaland,Background_Sampling,Copernicus_NASA_Background,negative,17.68,58.43,88.71,180.72,305.71,0.86,2.4,155.68,5.21,210.16,-0.003056,0
APDA-NEG-01268,2010-10-08,26.5,94.375,Nagaland,Background_Sampling,Copernicus_NASA_Background,negative,27.91,40.74,41.93,120.79,292.36,0.95,3.0,307.93,20.68,270.76,-0.012984,0
APDA-NEG-01269,2017-07-08,26.5,94.375,Nagaland,Background_Sampling,Copernicus_NASA_Background,negative,34.07,70.09,139.84,326.37,466.43,0.94,2.9333,307.93,20.68,270.76,-0.012984,0
APDA-NEG-01270,2018-10-29,27.0,95.0,Nagaland,Background_Sampling,Copernicus_NASA_Background,negative,0.0,0.02,0.02,1.3,38.28,0.84,2.2667,117.36,3.0,28.88,0.00233,0
APDA-NEG-01271,2017-07-09,27.0,95.0,Nagaland,Background_Sampling,Copernicus_NASA_Background,negative,57.5,110.88,157.97,380.34,532.91,0.97,3.1333,117.36,3.0,28.88,0.00233,0
APDA-NEG-01272,2010-08-14,26.5,94.375,Nagaland,Background_Sampling,Copernicus_NASA_Background,negative,16.59,53.98,68.71,101.59,271.8,0.93,2.8667,307.93,20.68,270.76,-0.012984,0
APDA-NEG-01273,2017-07-09,26.5,94.375,Nagaland,Background_Sampling,Copernicus_NASA_Background,negative,57.15,118.14,174.48,353.0,517.38,0.97,3.1333,307.93,20.68,270.76,-0.012984,0
APDA-NEG-01274,2013-08-04,26.5,94.375,Nagaland,Background_Sampling,Copernicus_NASA_Background,negative,5.53,15.66,54.81,135.7,307.87,0.87,2.4667,307.93,20.68,270.76,-0.012984,0
APDA-NEG-01275,2017-07-10,27.0,94.375,Nagaland,Background_Sampling,Copernicus_NASA_Background,negative,44.4,166.57,230.48,428.5,644.58,0.97,3.1333,86.0,0.0,0.0,0.0,0
APDA-NEG-01276,2015-08-20,26.0,95.0,Nagaland,Background_Sampling,Copernicus_NASA_Background,negative,19.9,50.19,80.36,157.36,318.84,0.97,3.1333,1150.77,10.47,188.47,-0.011555,0
APDA-NEG-01277,2017-07-12,26.0,95.0,Nagaland,Background_Sampling,Copernicus_NASA_Background,negative,0.46,55.08,187.24,350.33,534.06,0.97,3.1333,1150.77,10.47,188.47,-0.011555,0
APDA-NEG-01278,2010-06-15,26.0,95.0,Nagaland,Background_Sampling,Copernicus_NASA_Background,negative,28.98,55.63,114.0,228.31,333.14,0.94,2.9333,1150.77,10.47,188.47,-0.011555,0
APDA-NEG-01279,2017-08-28,27.0,94.375,Nagaland,Background_Sampling,Copernicus_NASA_Background,negative,13.5,19.64,30.94,74.83,339.73,0.92,2.8,86.0,0.0,0.0,0.0,0
APDA-NEG-01280,2017-05-16,27.0,95.0,Nagaland,Background_Sampling,Copernicus_NASA_Background,negative,2.86,12.06,27.65,80.72,250.15,0.75,1.6667,117.36,3.0,28.88,0.00233,0
APDA-NEG-01281,2017-09-30,27.0,94.375,Nagaland,Background_Sampling,Copernicus_NASA_Background,negative,16.66,60.05,72.61,127.32,308.81,0.94,2.9333,86.0,0.0,0.0,0.0,0
APDA-NEG-01282,2017-06-25,26.5,94.375,Nagaland,Background_Sampling,Copernicus_NASA_Background,negative,36.5,84.88,104.75,197.31,335.38,0.9,2.6667,307.93,20.68,270.76,-0.012984,0
APDA-NEG-01283,2018-05-12,26.5,94.375,Nagaland,Background_Sampling,Copernicus_NASA_Background,negative,0.13,8.09,50.75,116.29,176.83,0.71,1.4,307.93,20.68,270.76,-0.012984,0
APDA-NEG-01284,2016-04-19,26.0,93.75,Nagaland,Background_Sampling,Copernicus_NASA_Background,negative,7.3,33.39,54.87,76.4,110.14,0.68,1.2,155.68,5.21,210.16,-0.003056,0
APDA-NEG-01285,2018-07-30,26.0,93.75,Nagaland,Background_Sampling,Copernicus_NASA_Background,negative,40.19,86.72,139.1,172.58,297.24,0.91,2.7333,155.68,5.21,210.16,-0.003056,0
APDA-NEG-01286,2010-06-18,27.0,95.0,Nagaland,Background_Sampling,Copernicus_NASA_Background,negative,10.12,33.15,102.88,240.75,351.3,0.9,2.6667,117.36,3.0,28.88,0.00233,0
APDA-NEG-01287,2018-07-31,26.0,95.0,Nagaland,Background_Sampling,Copernicus_NASA_Background,negative,12.39,85.46,185.44,264.47,457.87,0.98,3.2,1150.77,10.47,188.47,-0.011555,0
APDA-NEG-01288,2017-07-08,26.0,93.75,Nagaland,Background_Sampling,Copernicus_NASA_Background,negative,18.59,48.96,105.11,216.41,362.92,0.88,2.5333,155.68,5.21,210.16,-0.003056,0
APDA-NEG-01289,2018-10-29,26.0,93.75,Nagaland,Background_Sampling,Copernicus_NASA_Background,negative,0.0,0.92,0.92,2.71,43.75,0.78,1.8667,155.68,5.21,210.16,-0.003056,0
APDA-NEG-01290,2015-08-12,27.0,95.0,Nagaland,Background_Sampling,Copernicus_NASA_Background,negative,11.12,33.36,58.78,127.41,298.77,0.91,2.7333,117.36,3.0,28.88,0.00233,0
APDA-NEG-01291,2018-10-31,27.0,95.0,Nagaland,Background_Sampling,Copernicus_NASA_Background,negative,0.0,0.0,0.02,0.02,32.5,0.84,2.2667,117.36,3.0,28.88,0.00233,0
APDA-NEG-01292,2008-08-07,26.5,94.375,Nagaland,Background_Sampling,Copernicus_NASA_Background,negative,0.83,46.16,68.83,137.01,302.75,0.86,2.4,307.93,20.68,270.76,-0.012984,0
APDA-NEG-01293,2007-04-11,28.0,88.75,Sikkim,Background_Sampling,Copernicus_NASA_Background,negative,0.01,7.54,8.51,8.72,12.82,0.5,0.0,5096.07,0.2,324.18,-0.000309,0
APDA-NEG-01294,2013-09-08,27.15,88.1,Sikkim,Background_Sampling,Copernicus_NASA_Background,negative,3.72,47.5,126.09,226.95,375.85,0.92,2.8,2395.93,26.81,256.33,0.013169,0
APDA-NEG-01295,2007-05-23,27.15,88.8,Sikkim,Background_Sampling,Copernicus_NASA_Background,negative,0.26,4.04,46.69,107.95,154.12,0.49,-0.0667,1594.02,19.03,313.44,-0.001078,0
APDA-NEG-01296,2010-06-01,27.5,88.75,Sikkim,Background_Sampling,Copernicus_NASA_Background,negative,3.59,11.0,23.83,88.92,120.9,0.6,0.6667,3955.2,32.18,303.05,-0.003542,0
APDA-NEG-01297,2007-07-16,27.15,88.8,Sikkim,Background_Sampling,Copernicus_NASA_Background,negative,15.71,53.91,142.6,184.42,280.09,0.8,2.0,1594.02,19.03,313.44,-0.001078,0
APDA-NEG-01298,2010-08-27,27.15,88.1,Sikkim,Background_Sampling,Copernicus_NASA_Background,negative,32.92,83.7,166.4,347.84,447.01,0.95,3.0,2395.93,26.81,256.33,0.013169,0
APDA-NEG-01299,2007-09-07,27.15,88.1,Sikkim,Background_Sampling,Copernicus_NASA_Background,negative,42.18,104.01,140.79,202.29,332.25,0.93,2.8667,2395.93,26.81,256.33,0.013169,0
APDA-NEG-01300,2011-06-18,27.15,88.7632,Sikkim,Background_Sampling,Copernicus_NASA_Background,negative,10.56,22.82,36.99,67.3,164.42,0.58,0.5333,2635.98,24.27,20.83,-0.003513,0
APDA-NEG-01301,2007-09-09,27.15,88.7632,Sikkim,Background_Sampling,Copernicus_NASA_Background,negative,4.82,62.44,149.2,203.46,343.95,0.9,2.6667,2635.98,24.27,20.83,-0.003513,0
APDA-NEG-01302,2010-07-21,27.5,88.75,Sikkim,Background_Sampling,Copernicus_NASA_Background,negative,7.3,45.36,99.3,177.1,294.82,0.86,2.4,3955.2,32.18,303.05,-0.003542,0
APDA-NEG-01303,2007-09-10,27.15,88.8,Sikkim,Background_Sampling,Copernicus_NASA_Background,negative,7.67,21.35,147.49,204.07,343.15,0.9,2.6667,1594.02,19.03,313.44,-0.001078,0
APDA-NEG-01304,2016-08-16,27.15,88.1,Sikkim,Background_Sampling,Copernicus_NASA_Background,negative,11.49,26.59,44.31,78.21,378.49,0.9,2.6667,2395.93,26.81,256.33,0.013169,0
APDA-NEG-01305,2007-09-11,27.15,88.7632,Sikkim,Background_Sampling,Copernicus_NASA_Background,negative,6.06,18.55,137.3,206.44,336.55,0.9,2.6667,2635.98,24.27,20.83,-0.003513,0
APDA-NEG-01306,2018-09-15,27.15,88.7632,Sikkim,Background_Sampling,Copernicus_NASA_Background,negative,15.25,62.55,196.86,293.11,533.05,0.95,3.0,2635.98,24.27,20.83,-0.003513,0
APDA-NEG-01307,2007-09-18,27.5,88.75,Sikkim,Background_Sampling,Copernicus_NASA_Background,negative,2.09,4.98,49.23,136.89,208.19,0.88,2.5333,3955.2,32.18,303.05,-0.003542,0
APDA-NEG-01308,2010-06-01,27.15,88.1,Sikkim,Background_Sampling,Copernicus_NASA_Background,negative,2.67,17.32,37.48,121.37,185.33,0.59,0.6,2395.93,26.81,256.33,0.013169,0
APDA-NEG-01309,2008-08-28,27.15,88.8,Sikkim,Background_Sampling,Copernicus_NASA_Background,negative,7.58,18.56,50.43,171.51,377.21,0.87,2.4667,1594.02,19.03,313.44,-0.001078,0
APDA-NEG-01310,2010-07-21,27.5,88.125,Sikkim,Background_Sampling,Copernicus_NASA_Background,negative,9.04,50.85,111.55,198.44,324.39,0.9,2.6667,4104.06,56.52,298.77,0.014678,0
APDA-NEG-01311,2009-07-01,27.15,88.8,Sikkim,Background_Sampling,Copernicus_NASA_Background,negative,46.72,59.13,89.2,106.89,147.7,0.72,1.4667,1594.02,19.03,313.44,-0.001078,0
APDA-NEG-01312,2012-06-07,27.15,88.7632,Sikkim,Background_Sampling,Copernicus_NASA_Background,negative,0.08,19.22,36.78,99.4,137.94,0.51,0.0667,2635.98,24.27,20.83,-0.003513,0
APDA-NEG-01313,2009-08-20,28.0,88.75,Sikkim,Background_Sampling,Copernicus_NASA_Background,negative,10.03,27.98,43.01,80.19,173.16,0.79,1.9333,5096.07,0.2,324.18,-0.000309,0
APDA-NEG-01314,2007-07-16,27.5,88.75,Sikkim,Background_Sampling,Copernicus_NASA_Background,negative,8.62,25.4,74.12,104.72,158.13,0.7,1.3333,3955.2,32.18,303.05,-0.003542,0
APDA-NEG-01315,2009-08-20,27.15,88.1,Sikkim,Background_Sampling,Copernicus_NASA_Background,negative,61.76,146.77,195.56,258.79,466.42,0.94,2.9333,2395.93,26.81,256.33,0.013169,0
APDA-NEG-01316,2018-09-14,27.5,88.125,Sikkim,Background_Sampling,Copernicus_NASA_Background,negative,8.38,21.73,69.71,149.31,313.1,0.94,2.9333,4104.06,56.52,298.77,0.014678,0
APDA-NEG-01317,2009-08-20,27.5,88.75,Sikkim,Background_Sampling,Copernicus_NASA_Background,negative,25.26,64.2,97.07,147.33,293.9,0.88,2.5333,3955.2,32.18,303.05,-0.003542,0
APDA-NEG-01318,2011-08-25,27.15,88.7632,Sikkim,Background_Sampling,Copernicus_NASA_Background,negative,10.7,78.34,116.28,337.97,547.54,0.94,2.9333,2635.98,24.27,20.83,-0.003513,0
APDA-NEG-01319,2009-08-26,27.15,88.8,Sikkim,Background_Sampling,Copernicus_NASA_Background,negative,6.68,17.01,83.26,267.56,453.94,0.89,2.6,1594.02,19.03,313.44,-0.001078,0
APDA-NEG-01320,2007-09-11,28.0,88.75,Sikkim,Background_Sampling,Copernicus_NASA_Background,negative,0.98,5.48,34.17,69.2,144.18,0.82,2.1333,5096.07,0.2,324.18,-0.000309,0
APDA-NEG-01321,2009-09-17,27.15,88.1,Sikkim,Background_Sampling,Copernicus_NASA_Background,negative,4.44,11.13,15.12,69.88,247.32,0.85,2.3333,2395.93,26.81,256.33,0.013169,0
APDA-NEG-01322,2011-09-30,28.0,88.75,Sikkim,Background_Sampling,Copernicus_NASA_Background,negative,0.01,0.13,20.52,54.43,89.52,0.81,2.0667,5096.07,0.2,324.18,-0.000309,0
APDA-NEG-01323,2010-04-17,27.15,88.7632,Sikkim,Background_Sampling,Copernicus_NASA_Background,negative,1.42,4.12,9.66,9.91,12.16,0.37,-0.8667,2635.98,24.27,20.83,-0.003513,0
APDA-NEG-01324,2010-09-04,27.5,88.125,Sikkim,Background_Sampling,Copernicus_NASA_Background,negative,2.52,18.48,49.58,158.88,302.2,0.93,2.8667,4104.06,56.52,298.77,0.014678,0
APDA-NEG-01325,2010-04-17,27.15,88.1,Sikkim,Background_Sampling,Copernicus_NASA_Background,negative,0.52,2.75,5.26,5.4,6.95,0.32,-1.2,2395.93,26.81,256.33,0.013169,0
APDA-NEG-01326,2007-09-07,27.15,88.7632,Sikkim,Background_Sampling,Copernicus_NASA_Background,negative,48.76,109.89,146.28,204.69,333.64,0.92,2.8,2635.98,24.27,20.83,-0.003513,0
APDA-NEG-01327,2010-06-01,27.15,88.1,Sikkim,Background_Sampling,Copernicus_NASA_Background,negative,2.67,17.32,37.48,121.37,185.33,0.59,0.6,2395.93,26.81,256.33,0.013169,0
APDA-NEG-01328,2010-07-21,27.15,88.1,Sikkim,Background_Sampling,Copernicus_NASA_Background,negative,17.74,87.19,185.76,322.88,555.74,0.94,2.9333,2395.93,26.81,256.33,0.013169,0
APDA-NEG-01329,2010-07-21,27.15,88.1,Sikkim,Background_Sampling,Copernicus_NASA_Background,negative,17.74,87.19,185.76,322.88,555.74,0.94,2.9333,2395.93,26.81,256.33,0.013169,0
APDA-NEG-01330,2017-07-10,27.5,88.125,Sikkim,Background_Sampling,Copernicus_NASA_Background,negative,28.06,72.13,116.05,196.89,291.11,0.92,2.8,4104.06,56.52,298.77,0.014678,0
APDA-NEG-01331,2010-07-21,27.5,88.75,Sikkim,Background_Sampling,Copernicus_NASA_Background,negative,7.3,45.36,99.3,177.1,294.82,0.86,2.4,3955.2,32.18,303.05,-0.003542,0
APDA-NEG-01332,2012-09-19,28.0,88.75,Sikkim,Background_Sampling,Copernicus_NASA_Background,negative,1.38,6.43,37.52,53.42,112.6,0.78,1.8667,5096.07,0.2,324.18,-0.000309,0
APDA-NEG-01333,2010-08-20,27.5,88.125,Sikkim,Background_Sampling,Copernicus_NASA_Background,negative,6.62,33.87,109.34,143.32,236.95,0.92,2.8,4104.06,56.52,298.77,0.014678,0
APDA-NEG-01334,2012-06-14,27.15,88.7632,Sikkim,Background_Sampling,Copernicus_NASA_Background,negative,0.92,2.11,6.74,71.98,112.39,0.47,-0.2,2635.98,24.27,20.83,-0.003513,0
APDA-NEG-01335,2010-08-27,27.15,88.1,Sikkim,Background_Sampling,Copernicus_NASA_Background,negative,32.92,83.7,166.4,347.84,447.01,0.95,3.0,2395.93,26.81,256.33,0.013169,0
APDA-NEG-01336,2009-09-17,27.5,88.125,Sikkim,Background_Sampling,Copernicus_NASA_Background,negative,0.66,3.49,5.44,50.4,176.66,0.86,2.4,4104.06,56.52,298.77,0.014678,0
APDA-NEG-01337,2010-08-27,27.5,88.125,Sikkim,Background_Sampling,Copernicus_NASA_Background,negative,13.62,48.42,104.45,216.27,296.95,0.95,3.0,4104.06,56.52,298.77,0.014678,0
APDA-NEG-01338,2007-09-10,27.15,88.1,Sikkim,Background_Sampling,Copernicus_NASA_Background,negative,8.67,19.57,138.33,203.22,341.11,0.91,2.7333,2395.93,26.81,256.33,0.013169,0
APDA-NEG-01339,2010-09-04,27.5,88.125,Sikkim,Background_Sampling,Copernicus_NASA_Background,negative,2.52,18.48,49.58,158.88,302.2,0.93,2.8667,4104.06,56.52,298.77,0.014678,0
APDA-NEG-01340,2018-09-14,27.5,88.75,Sikkim,Background_Sampling,Copernicus_NASA_Background,negative,9.44,30.49,89.46,169.76,367.51,0.94,2.9333,3955.2,32.18,303.05,-0.003542,0
APDA-NEG-01341,2011-06-18,27.5,88.125,Sikkim,Background_Sampling,Copernicus_NASA_Background,negative,5.84,15.96,24.47,39.63,93.81,0.64,0.9333,4104.06,56.52,298.77,0.014678,0
APDA-NEG-01342,2009-08-20,27.15,88.8,Sikkim,Background_Sampling,Copernicus_NASA_Background,negative,47.06,120.65,200.19,274.7,501.12,0.93,2.8667,1594.02,19.03,313.44,-0.001078,0
APDA-NEG-01343,2011-06-24,27.5,88.75,Sikkim,Background_Sampling,Copernicus_NASA_Background,negative,20.14,44.33,61.24,84.56,117.0,0.68,1.2,3955.2,32.18,303.05,-0.003542,0
APDA-NEG-01344,2010-06-01,27.15,88.7632,Sikkim,Background_Sampling,Copernicus_NASA_Background,negative,3.63,17.85,37.98,126.28,189.41,0.58,0.5333,2635.98,24.27,20.83,-0.003513,0
APDA-NEG-01345,2011-07-20,27.15,88.7632,Sikkim,Background_Sampling,Copernicus_NASA_Background,negative,13.06,61.35,107.98,206.34,493.9,0.88,2.5333,2635.98,24.27,20.83,-0.003513,0
APDA-NEG-01346,2012-09-16,28.0,88.75,Sikkim,Background_Sampling,Copernicus_NASA_Background,negative,5.72,18.3,42.33,53.11,127.36,0.78,1.8667,5096.07,0.2,324.18,-0.000309,0
APDA-NEG-01347,2011-08-23,27.5,88.125,Sikkim,Background_Sampling,Copernicus_NASA_Background,negative,15.81,32.19,66.97,166.26,305.4,0.93,2.8667,4104.06,56.52,298.77,0.014678,0
APDA-NEG-01348,2017-05-26,27.15,88.1,Sikkim,Background_Sampling,Copernicus_NASA_Background,negative,11.5,17.77,37.86,101.18,174.78,0.62,0.8,2395.93,26.81,256.33,0.013169,0
APDA-NEG-01349,2011-08-25,27.15,88.8,Sikkim,Background_Sampling,Copernicus_NASA_Background,negative,10.7,78.34,116.28,337.97,547.54,0.94,2.9333,1594.02,19.03,313.44,-0.001078,0
APDA-NEG-01350,2016-01-14,27.5,88.125,Sikkim,Background_Sampling,Copernicus_NASA_Background,negative,0.02,0.25,0.95,1.54,1.79,0.69,1.2667,4104.06,56.52,298.77,0.014678,0
APDA-NEG-01351,2011-09-30,27.15,88.8,Sikkim,Background_Sampling,Copernicus_NASA_Background,negative,0.02,0.77,77.6,233.65,292.34,0.9,2.6667,1594.02,19.03,313.44,-0.001078,0
APDA-NEG-01352,2007-05-23,27.15,88.8,Sikkim,Background_Sampling,Copernicus_NASA_Background,negative,0.26,4.04,46.69,107.95,154.12,0.49,-0.0667,1594.02,19.03,313.44,-0.001078,0
APDA-NEG-01353,2012-06-03,27.15,88.7632,Sikkim,Background_Sampling,Copernicus_NASA_Background,negative,1.53,17.37,74.39,83.82,127.68,0.51,0.0667,2635.98,24.27,20.83,-0.003513,0
APDA-NEG-01354,2013-06-08,27.15,88.7632,Sikkim,Background_Sampling,Copernicus_NASA_Background,negative,11.49,21.4,59.22,152.82,271.98,0.7,1.3333,2635.98,24.27,20.83,-0.003513,0
APDA-NEG-01355,2012-06-07,27.15,88.7632,Sikkim,Background_Sampling,Copernicus_NASA_Background,negative,0.08,19.22,36.78,99.4,137.94,0.51,0.0667,2635.98,24.27,20.83,-0.003513,0
APDA-NEG-01356,2018-09-15,28.0,88.75,Sikkim,Background_Sampling,Copernicus_NASA_Background,negative,2.52,8.25,38.51,84.02,211.04,0.91,2.7333,5096.07,0.2,324.18,-0.000309,0
APDA-NEG-01357,2012-06-07,27.15,88.1,Sikkim,Background_Sampling,Copernicus_NASA_Background,negative,0.16,20.24,37.26,99.99,131.81,0.51,0.0667,2395.93,26.81,256.33,0.013169,0
APDA-NEG-01358,2016-10-15,27.15,88.7632,Sikkim,Background_Sampling,Copernicus_NASA_Background,negative,0.46,24.83,85.99,126.44,335.92,0.92,2.8,2635.98,24.27,20.83,-0.003513,0
APDA-NEG-01359,2012-06-14,27.15,88.8,Sikkim,Background_Sampling,Copernicus_NASA_Background,negative,0.92,2.11,6.74,71.98,112.39,0.47,-0.2,1594.02,19.03,313.44,-0.001078,0
APDA-NEG-01360,2010-07-21,28.0,88.75,Sikkim,Background_Sampling,Copernicus_NASA_Background,negative,3.27,22.98,49.96,89.52,134.0,0.7,1.3333,5096.07,0.2,324.18,-0.000309,0
APDA-NEG-01361,2012-09-16,27.5,88.125,Sikkim,Background_Sampling,Copernicus_NASA_Background,negative,18.25,52.03,94.79,113.45,233.62,0.91,2.7333,4104.06,56.52,298.77,0.014678,0
APDA-NEG-01362,2010-04-17,27.15,88.8,Sikkim,Background_Sampling,Copernicus_NASA_Background,negative,1.42,4.12,9.66,9.91,12.16,0.37,-0.8667,1594.02,19.03,313.44,-0.001078,0
APDA-NEG-01363,2012-09-19,27.5,88.75,Sikkim,Background_Sampling,Copernicus_NASA_Background,negative,5.16,19.03,89.34,112.09,220.17,0.87,2.4667,3955.2,32.18,303.05,-0.003542,0
APDA-NEG-01364,2011-08-23,28.0,88.75,Sikkim,Background_Sampling,Copernicus_NASA_Background,negative,5.16,11.19,27.13,73.42,160.91,0.84,2.2667,5096.07,0.2,324.18,-0.000309,0
APDA-NEG-01365,2012-09-19,27.5,88.125,Sikkim,Background_Sampling,Copernicus_NASA_Background,negative,3.14,19.16,96.55,119.96,226.64,0.9,2.6667,4104.06,56.52,298.77,0.014678,0
APDA-NEG-01366,2012-09-19,27.5,88.75,Sikkim,Background_Sampling,Copernicus_NASA_Background,negative,5.16,19.03,89.34,112.09,220.17,0.87,2.4667,3955.2,32.18,303.05,-0.003542,0
APDA-NEG-01367,2013-06-08,27.15,88.7632,Sikkim,Background_Sampling,Copernicus_NASA_Background,negative,11.49,21.4,59.22,152.82,271.98,0.7,1.3333,2635.98,24.27,20.83,-0.003513,0
APDA-NEG-01368,2013-09-01,28.0,88.75,Sikkim,Background_Sampling,Copernicus_NASA_Background,negative,3.53,9.48,29.2,56.05,133.06,0.8,2.0,5096.07,0.2,324.18,-0.000309,0
APDA-NEG-01369,2013-06-28,27.15,88.1,Sikkim,Background_Sampling,Copernicus_NASA_Background,negative,14.56,68.4,124.62,180.11,326.28,0.82,2.1333,2395.93,26.81,256.33,0.013169,0
APDA-NEG-01370,2016-08-16,27.15,88.1,Sikkim,Background_Sampling,Copernicus_NASA_Background,negative,11.49,26.59,44.31,78.21,378.49,0.9,2.6667,2395.93,26.81,256.33,0.013169,0
APDA-NEG-01371,2013-09-01,27.5,88.75,Sikkim,Background_Sampling,Copernicus_NASA_Background,negative,3.53,12.75,46.98,83.29,241.04,0.87,2.4667,3955.2,32.18,303.05,-0.003542,0
APDA-NEG-01372,2007-07-16,27.5,88.125,Sikkim,Background_Sampling,Copernicus_NASA_Background,negative,8.48,25.38,73.85,102.78,165.65,0.75,1.6667,4104.06,56.52,298.77,0.014678,0
APDA-NEG-01373,2013-09-07,27.15,88.8,Sikkim,Background_Sampling,Copernicus_NASA_Background,negative,12.73,56.12,123.62,216.02,386.1,0.92,2.8,1594.02,19.03,313.44,-0.001078,0
APDA-NEG-01374,2010-04-17,27.15,88.8,Sikkim,Background_Sampling,Copernicus_NASA_Background,negative,1.42,4.12,9.66,9.91,12.16,0.37,-0.8667,1594.02,19.03,313.44,-0.001078,0
APDA-NEG-01375,2013-09-08,27.5,88.125,Sikkim,Background_Sampling,Copernicus_NASA_Background,negative,2.65,24.89,73.85,139.39,245.2,0.92,2.8,4104.06,56.52,298.77,0.014678,0
APDA-NEG-01376,2009-07-01,27.15,88.7632,Sikkim,Background_Sampling,Copernicus_NASA_Background,negative,46.72,59.13,89.2,106.89,147.7,0.72,1.4667,2635.98,24.27,20.83,-0.003513,0
APDA-NEG-01377,2015-05-24,27.15,88.1,Sikkim,Background_Sampling,Copernicus_NASA_Background,negative,2.37,14.25,57.64,101.02,158.65,0.58,0.5333,2395.93,26.81,256.33,0.013169,0
APDA-NEG-01378,2013-09-07,27.15,88.8,Sikkim,Background_Sampling,Copernicus_NASA_Background,negative,12.73,56.12,123.62,216.02,386.1,0.92,2.8,1594.02,19.03,313.44,-0.001078,0
APDA-NEG-01379,2016-01-14,28.0,88.75,Sikkim,Background_Sampling,Copernicus_NASA_Background,negative,0.05,0.3,0.99,1.58,1.66,0.58,0.5333,5096.07,0.2,324.18,-0.000309,0
APDA-NEG-01380,2010-07-21,27.15,88.7632,Sikkim,Background_Sampling,Copernicus_NASA_Background,negative,16.76,82.21,174.28,305.23,545.35,0.92,2.8,2635.98,24.27,20.83,-0.003513,0
APDA-NEG-01381,2016-08-16,27.5,88.75,Sikkim,Background_Sampling,Copernicus_NASA_Background,negative,12.74,20.88,45.13,101.33,319.6,0.93,2.8667,3955.2,32.18,303.05,-0.003542,0
APDA-NEG-01382,2007-04-11,27.15,88.1,Sikkim,Background_Sampling,Copernicus_NASA_Background,negative,0.03,5.9,7.21,7.4,11.44,0.36,-0.9333,2395.93,26.81,256.33,0.013169,0
APDA-NEG-01383,2016-10-12,28.0,88.75,Sikkim,Background_Sampling,Copernicus_NASA_Background,negative,7.05,17.97,24.05,37.01,113.52,0.89,2.6,5096.07,0.2,324.18,-0.000309,0
APDA-NEG-01384,2010-07-21,27.15,88.8,Sikkim,Background_Sampling,Copernicus_NASA_Background,negative,16.76,82.21,174.28,305.23,545.35,0.92,2.8,1594.02,19.03,313.44,-0.001078,0
APDA-NEG-01385,2016-10-15,27.15,88.1,Sikkim,Background_Sampling,Copernicus_NASA_Background,negative,0.71,17.25,66.59,113.48,294.32,0.91,2.7333,2395.93,26.81,256.33,0.013169,0
APDA-NEG-01386,2015-05-24,28.0,88.75,Sikkim,Background_Sampling,Copernicus_NASA_Background,negative,0.05,5.27,13.26,28.73,43.02,0.55,0.3333,5096.07,0.2,324.18,-0.000309,0
APDA-NEG-01387,2017-05-26,27.15,88.7632,Sikkim,Background_Sampling,Copernicus_NASA_Background,negative,10.45,23.05,66.97,156.4,245.79,0.73,1.5333,2635.98,24.27,20.83,-0.003513,0
APDA-NEG-01388,2009-08-20,27.15,88.7632,Sikkim,Background_Sampling,Copernicus_NASA_Background,negative,47.06,120.65,200.19,274.7,501.12,0.93,2.8667,2635.98,24.27,20.83,-0.003513,0
APDA-NEG-01389,2017-07-10,27.15,88.7632,Sikkim,Background_Sampling,Copernicus_NASA_Background,negative,50.14,132.12,191.79,307.39,471.83,0.93,2.8667,2635.98,24.27,20.83,-0.003513,0
APDA-NEG-01390,2017-07-10,28.0,88.75,Sikkim,Background_Sampling,Copernicus_NASA_Background,negative,15.52,44.28,65.64,112.01,173.51,0.83,2.2,5096.07,0.2,324.18,-0.000309,0
APDA-NEG-01391,2018-05-26,27.15,88.1,Sikkim,Background_Sampling,Copernicus_NASA_Background,negative,7.99,43.0,57.4,98.37,183.01,0.64,0.9333,2395.93,26.81,256.33,0.013169,0
APDA-NEG-01392,2016-10-15,27.15,88.1,Sikkim,Background_Sampling,Copernicus_NASA_Background,negative,0.71,17.25,66.59,113.48,294.32,0.91,2.7333,2395.93,26.81,256.33,0.013169,0
APDA-NEG-01393,2018-09-14,27.15,88.8,Sikkim,Background_Sampling,Copernicus_NASA_Background,negative,28.26,78.5,188.89,286.45,523.3,0.95,3.0,1594.02,19.03,313.44,-0.001078,0
APDA-NEG-01394,2010-07-21,27.15,88.1,Sikkim,Background_Sampling,Copernicus_NASA_Background,negative,17.74,87.19,185.76,322.88,555.74,0.94,2.9333,2395.93,26.81,256.33,0.013169,0
APDA-NEG-01395,2018-09-14,27.5,88.125,Sikkim,Background_Sampling,Copernicus_NASA_Background,negative,8.38,21.73,69.71,149.31,313.1,0.94,2.9333,4104.06,56.52,298.77,0.014678,0
APDA-NEG-01396,2007-05-23,27.15,88.8,Sikkim,Background_Sampling,Copernicus_NASA_Background,negative,0.26,4.04,46.69,107.95,154.12,0.49,-0.0667,1594.02,19.03,313.44,-0.001078,0
APDA-NEG-01397,2018-09-14,28.0,88.75,Sikkim,Background_Sampling,Copernicus_NASA_Background,negative,3.27,11.34,37.03,82.9,214.1,0.92,2.8,5096.07,0.2,324.18,-0.000309,0
APDA-NEG-01398,2010-07-21,27.15,88.7632,Sikkim,Background_Sampling,Copernicus_NASA_Background,negative,16.76,82.21,174.28,305.23,545.35,0.92,2.8,2635.98,24.27,20.83,-0.003513,0
APDA-NEG-01399,2018-09-15,27.5,88.125,Sikkim,Background_Sampling,Copernicus_NASA_Background,negative,4.68,19.03,71.84,151.27,313.7,0.94,2.9333,4104.06,56.52,298.77,0.014678,0
APDA-NEG-01400,2007-04-11,27.15,88.7632,Sikkim,Background_Sampling,Copernicus_NASA_Background,negative,0.03,7.52,9.19,9.4,13.9,0.38,-0.8,2635.98,24.27,20.83,-0.003513,0
APDA-NEG-01401,2018-09-15,27.5,88.75,Sikkim,Background_Sampling,Copernicus_NASA_Background,negative,7.19,23.91,92.8,173.28,368.51,0.94,2.9333,3955.2,32.18,303.05,-0.003542,0
APDA-NEG-01402,2012-09-19,27.15,88.8,Sikkim,Background_Sampling,Copernicus_NASA_Background,negative,16.27,44.53,179.88,206.83,385.26,0.91,2.7333,1594.02,19.03,313.44,-0.001078,0
APDA-NEG-01403,2018-09-17,27.15,88.7632,Sikkim,Background_Sampling,Copernicus_NASA_Background,negative,0.0,16.12,123.5,260.16,520.23,0.93,2.8667,2635.98,24.27,20.83,-0.003513,0
APDA-NEG-01404,2007-09-09,27.5,88.75,Sikkim,Background_Sampling,Copernicus_NASA_Background,negative,4.57,31.94,86.85,121.17,226.12,0.88,2.5333,3955.2,32.18,303.05,-0.003542,0
APDA-NEG-01405,2010-06-03,23.5,91.875,Tripura,Background_Sampling,Copernicus_NASA_Background,negative,39.68,85.81,214.46,427.11,476.97,0.88,2.5333,98.63,5.69,26.51,-0.003608,0
APDA-NEG-01406,2014-08-15,23.5,91.875,Tripura,Background_Sampling,Copernicus_NASA_Background,negative,30.26,160.56,202.89,248.11,355.06,0.91,2.7333,98.63,5.69,26.51,-0.003608,0
APDA-NEG-01407,2013-05-08,24.0,91.25,Tripura,Background_Sampling,Copernicus_NASA_Background,negative,45.59,126.29,207.05,260.08,294.94,0.76,1.7333,3.19,0.83,143.25,-0.001048,0
APDA-NEG-01408,2013-05-08,24.0,91.875,Tripura,Background_Sampling,Copernicus_NASA_Background,negative,50.09,144.31,244.95,301.19,343.93,0.86,2.4,109.66,7.56,76.82,-0.012958,0
APDA-NEG-01409,2014-08-15,24.0,91.875,Tripura,Background_Sampling,Copernicus_NASA_Background,negative,24.29,149.66,171.16,216.3,318.18,0.89,2.6,109.66,7.56,76.82,-0.012958,0
APDA-NEG-01410,2013-05-08,23.5,91.875,Tripura,Background_Sampling,Copernicus_NASA_Background,negative,33.36,130.11,233.84,266.33,298.85,0.8,2.0,98.63,5.69,26.51,-0.003608,0
APDA-NEG-01411,2017-06-04,24.0,91.875,Tripura,Background_Sampling,Copernicus_NASA_Background,negative,50.75,129.18,307.73,345.82,558.51,0.96,3.0667,109.66,7.56,76.82,-0.012958,0
APDA-NEG-01412,2014-08-15,23.0,91.875,Tripura,Background_Sampling,Copernicus_NASA_Background,negative,50.82,197.86,255.39,312.35,471.59,0.96,3.0667,40.97,1.52,238.91,-0.000285,0
APDA-NEG-01413,2017-06-04,24.0,91.25,Tripura,Background_Sampling,Copernicus_NASA_Background,negative,50.83,130.71,310.19,349.91,563.84,0.96,3.0667,3.19,0.83,143.25,-0.001048,0
APDA-NEG-01414,2010-06-03,24.0,91.25,Tripura,Background_Sampling,Copernicus_NASA_Background,negative,34.98,67.6,174.44,368.46,447.02,0.87,2.4667,3.19,0.83,143.25,-0.001048,0
APDA-NEG-01415,2018-05-18,24.0,91.25,Tripura,Background_Sampling,Copernicus_NASA_Background,negative,57.59,150.03,200.91,424.96,737.87,0.94,2.9333,3.19,0.83,143.25,-0.001048,0
APDA-NEG-01416,2010-06-03,23.5,91.875,Tripura,Background_Sampling,Copernicus_NASA_Background,negative,39.68,85.81,214.46,427.11,476.97,0.88,2.5333,98.63,5.69,26.51,-0.003608,0
APDA-NEG-01417,2018-05-20,23.0,91.875,Tripura,Background_Sampling,Copernicus_NASA_Background,negative,23.09,84.35,183.5,319.09,593.58,0.91,2.7333,40.97,1.52,238.91,-0.000285,0
APDA-NEG-01418,2018-05-20,23.0,91.875,Tripura,Background_Sampling,Copernicus_NASA_Background,negative,23.09,84.35,183.5,319.09,593.58,0.91,2.7333,40.97,1.52,238.91,-0.000285,0
APDA-NEG-01419,2018-05-20,23.0,91.875,Tripura,Background_Sampling,Copernicus_NASA_Background,negative,23.09,84.35,183.5,319.09,593.58,0.91,2.7333,40.97,1.52,238.91,-0.000285,0
APDA-NEG-01420,2013-05-08,23.0,91.875,Tripura,Background_Sampling,Copernicus_NASA_Background,negative,17.81,119.04,243.52,253.87,292.63,0.77,1.8,40.97,1.52,238.91,-0.000285,0
APDA-NEG-01421,1990-01-29,30.5,80.0,Uttarakhand,Background_Sampling,Copernicus_NASA_Background,negative,0.0,0.15,0.15,0.15,2.51,0.31,-1.2667,5403.64,16.29,342.16,0.008133,0
APDA-NEG-01422,2011-12-10,30.5,77.5,Uttarakhand,Background_Sampling,Copernicus_NASA_Background,negative,0.0,4.78,6.57,6.57,6.57,0.57,0.4667,425.48,0.38,300.89,0.001817,0
APDA-NEG-01423,2007-07-30,30.5,77.5,Uttarakhand,Background_Sampling,Copernicus_NASA_Background,negative,53.78,73.54,103.01,186.08,415.1,0.86,2.4,425.48,0.38,300.89,0.001817,0
APDA-NEG-01424,2010-09-19,31.0,79.375,Uttarakhand,Background_Sampling,Copernicus_NASA_Background,negative,29.35,64.94,93.64,145.48,286.26,0.9,2.6667,5085.99,17.29,81.7,0.00088,0
APDA-NEG-01425,2007-07-30,29.5,80.625,Uttarakhand,Background_Sampling,Copernicus_NASA_Background,negative,32.67,66.51,187.11,256.98,383.62,0.87,2.4667,2217.17,32.44,5.59,0.001258,0
APDA-NEG-01426,2013-07-25,29.5,80.625,Uttarakhand,Background_Sampling,Copernicus_NASA_Background,negative,19.75,38.78,147.1,221.9,434.99,0.92,2.8,2217.17,32.44,5.59,0.001258,0
APDA-NEG-01427,2007-07-30,29.5,80.625,Uttarakhand,Background_Sampling,Copernicus_NASA_Background,negative,32.67,66.51,187.11,256.98,383.62,0.87,2.4667,2217.17,32.44,5.59,0.001258,0
APDA-NEG-01428,2013-07-26,31.0,79.375,Uttarakhand,Background_Sampling,Copernicus_NASA_Background,negative,0.48,10.42,39.16,86.69,158.05,0.84,2.2667,5085.99,17.29,81.7,0.00088,0
APDA-NEG-01429,2007-08-11,31.0,79.375,Uttarakhand,Background_Sampling,Copernicus_NASA_Background,negative,5.58,10.99,33.91,126.56,179.81,0.75,1.6667,5085.99,17.29,81.7,0.00088,0
APDA-NEG-01430,2007-08-11,30.5,77.5,Uttarakhand,Background_Sampling,Copernicus_NASA_Background,negative,4.28,22.29,83.07,330.73,462.8,0.87,2.4667,425.48,0.38,300.89,0.001817,0
APDA-NEG-01431,2007-09-06,30.5,77.5,Uttarakhand,Background_Sampling,Copernicus_NASA_Background,negative,3.42,58.43,109.29,207.66,469.24,0.91,2.7333,425.48,0.38,300.89,0.001817,0
APDA-NEG-01432,2016-08-29,29.5,80.625,Uttarakhand,Background_Sampling,Copernicus_NASA_Background,negative,0.93,3.59,12.92,49.21,157.18,0.73,1.5333,2217.17,32.44,5.59,0.001258,0
APDA-NEG-01433,2008-07-18,29.5,80.625,Uttarakhand,Background_Sampling,Copernicus_NASA_Background,negative,27.26,70.82,120.06,181.31,274.33,0.84,2.2667,2217.17,32.44,5.59,0.001258,0
APDA-NEG-01434,2017-06-06,29.0,79.375,Uttarakhand,Background_Sampling,Copernicus_NASA_Background,negative,4.19,4.2,9.07,28.57,51.96,0.24,-1.7333,215.32,0.43,292.55,0.001399,0
APDA-NEG-01435,2009-08-08,30.5,77.5,Uttarakhand,Background_Sampling,Copernicus_NASA_Background,negative,4.9,88.62,98.07,236.19,350.74,0.75,1.6667,425.48,0.38,300.89,0.001817,0
APDA-NEG-01436,2018-04-27,29.5,80.625,Uttarakhand,Background_Sampling,Copernicus_NASA_Background,negative,1.19,1.41,3.18,8.55,57.87,0.4,-0.6667,2217.17,32.44,5.59,0.001258,0
APDA-NEG-01437,2009-08-17,29.5,78.75,Uttarakhand,Background_Sampling,Copernicus_NASA_Background,negative,31.14,76.65,115.16,183.67,351.93,0.74,1.6,285.78,7.49,11.54,0.004111,0
APDA-NEG-01438,2013-08-05,29.5,80.625,Uttarakhand,Background_Sampling,Copernicus_NASA_Background,negative,9.38,21.01,44.2,145.29,394.77,0.9,2.6667,2217.17,32.44,5.59,0.001258,0
APDA-NEG-01439,2009-09-01,29.5,78.75,Uttarakhand,Background_Sampling,Copernicus_NASA_Background,negative,5.41,29.14,51.23,106.57,290.24,0.73,1.5333,285.78,7.49,11.54,0.004111,0
APDA-NEG-01440,2018-08-30,30.5,80.0,Uttarakhand,Background_Sampling,Copernicus_NASA_Background,negative,1.81,11.83,48.35,70.29,144.27,0.75,1.6667,5403.64,16.29,342.16,0.008133,0
APDA-NEG-01441,2010-02-23,29.5,78.75,Uttarakhand,Background_Sampling,Copernicus_NASA_Background,negative,4.12,4.23,4.23,22.98,33.13,0.43,-0.4667,285.78,7.49,11.54,0.004111,0
APDA-NEG-01442,2017-04-06,30.5,77.5,Uttarakhand,Background_Sampling,Copernicus_NASA_Background,negative,10.33,40.0,40.0,40.0,69.97,0.55,0.3333,425.48,0.38,300.89,0.001817,0
APDA-NEG-01443,2010-07-06,29.5,78.75,Uttarakhand,Background_Sampling,Copernicus_NASA_Background,negative,21.72,94.94,121.1,155.87,173.02,0.58,0.5333,285.78,7.49,11.54,0.004111,0
APDA-NEG-01444,2013-10-16,29.5,78.75,Uttarakhand,Background_Sampling,Copernicus_NASA_Background,negative,0.03,0.03,24.5,42.84,119.05,0.75,1.6667,285.78,7.49,11.54,0.004111,0
APDA-NEG-01445,2010-07-06,30.5,77.5,Uttarakhand,Background_Sampling,Copernicus_NASA_Background,negative,31.46,105.54,157.22,221.81,270.98,0.74,1.6,425.48,0.38,300.89,0.001817,0
APDA-NEG-01446,2010-09-19,31.0,79.375,Uttarakhand,Background_Sampling,Copernicus_NASA_Background,negative,29.35,64.94,93.64,145.48,286.26,0.9,2.6667,5085.99,17.29,81.7,0.00088,0
APDA-NEG-01447,2010-07-20,31.0,79.375,Uttarakhand,Background_Sampling,Copernicus_NASA_Background,negative,12.06,28.89,39.36,66.64,118.88,0.68,1.2,5085.99,17.29,81.7,0.00088,0
APDA-NEG-01448,2012-08-17,29.5,78.75,Uttarakhand,Background_Sampling,Copernicus_NASA_Background,negative,15.88,42.31,91.76,211.13,346.74,0.76,1.7333,285.78,7.49,11.54,0.004111,0
APDA-NEG-01449,2010-07-20,30.5,77.5,Uttarakhand,Background_Sampling,Copernicus_NASA_Background,negative,29.95,67.82,92.14,184.07,375.42,0.8,2.0,425.48,0.38,300.89,0.001817,0
APDA-NEG-01450,2016-09-11,30.5,80.0,Uttarakhand,Background_Sampling,Copernicus_NASA_Background,negative,0.78,0.83,1.95,8.89,33.1,0.64,0.9333,5403.64,16.29,342.16,0.008133,0
APDA-NEG-01451,2010-07-20,29.5,80.625,Uttarakhand,Background_Sampling,Copernicus_NASA_Background,negative,32.11,131.69,162.5,190.2,329.66,0.84,2.2667,2217.17,32.44,5.59,0.001258,0
APDA-NEG-01452,2011-06-29,30.5,77.5,Uttarakhand,Background_Sampling,Copernicus_NASA_Background,negative,18.3,28.42,133.85,185.42,287.62,0.71,1.4,425.48,0.38,300.89,0.001817,0
APDA-NEG-01453,2010-07-22,29.5,78.75,Uttarakhand,Background_Sampling,Copernicus_NASA_Background,negative,16.55,68.96,121.24,178.72,351.9,0.72,1.4667,285.78,7.49,11.54,0.004111,0
APDA-NEG-01454,2015-07-24,29.5,78.75,Uttarakhand,Background_Sampling,Copernicus_NASA_Background,negative,4.46,12.89,23.65,199.89,427.15,0.73,1.5333,285.78,7.49,11.54,0.004111,0
APDA-NEG-01455,2010-07-29,29.5,78.75,Uttarakhand,Background_Sampling,Copernicus_NASA_Background,negative,24.65,41.42,57.73,187.44,376.42,0.73,1.5333,285.78,7.49,11.54,0.004111,0
APDA-NEG-01456,2011-07-10,31.0,79.375,Uttarakhand,Background_Sampling,Copernicus_NASA_Background,negative,7.0,11.63,41.51,80.61,129.72,0.75,1.6667,5085.99,17.29,81.7,0.00088,0
APDA-NEG-01457,2010-07-29,31.0,79.375,Uttarakhand,Background_Sampling,Copernicus_NASA_Background,negative,7.78,20.55,31.19,83.24,139.59,0.7,1.3333,5085.99,17.29,81.7,0.00088,0
APDA-NEG-01458,2015-06-21,31.0,79.375,Uttarakhand,Background_Sampling,Copernicus_NASA_Background,negative,0.83,6.42,8.92,13.7,14.9,0.64,0.9333,5085.99,17.29,81.7,0.00088,0
APDA-NEG-01459,2010-08-05,29.5,78.75,Uttarakhand,Background_Sampling,Copernicus_NASA_Background,negative,17.25,30.01,196.7,270.98,452.02,0.84,2.2667,285.78,7.49,11.54,0.004111,0
APDA-NEG-01460,2011-07-08,29.0,79.375,Uttarakhand,Background_Sampling,Copernicus_NASA_Background,negative,2.21,13.11,22.21,317.5,382.23,0.68,1.2,215.32,0.43,292.55,0.001399,0
APDA-NEG-01461,2010-08-09,29.5,80.625,Uttarakhand,Background_Sampling,Copernicus_NASA_Background,negative,12.1,18.02,37.31,190.96,371.99,0.81,2.0667,2217.17,32.44,5.59,0.001258,0
APDA-NEG-01462,2013-06-18,31.0,79.375,Uttarakhand,Background_Sampling,Copernicus_NASA_Background,negative,2.12,124.07,193.99,215.35,220.82,0.88,2.5333,5085.99,17.29,81.7,0.00088,0
APDA-NEG-01463,2010-08-09,30.5,77.5,Uttarakhand,Background_Sampling,Copernicus_NASA_Background,negative,25.16,64.55,107.14,352.28,541.14,0.91,2.7333,425.48,0.38,300.89,0.001817,0
APDA-NEG-01464,2013-06-18,30.5,80.0,Uttarakhand,Background_Sampling,Copernicus_NASA_Background,negative,3.21,83.26,121.88,145.39,150.84,0.78,1.8667,5403.64,16.29,342.16,0.008133,0
APDA-NEG-01465,2010-08-09,29.0,79.375,Uttarakhand,Background_Sampling,Copernicus_NASA_Background,negative,5.46,14.64,50.85,268.95,487.82,0.81,2.0667,215.32,0.43,292.55,0.001399,0
APDA-NEG-01466,2011-08-12,30.5,77.5,Uttarakhand,Background_Sampling,Copernicus_NASA_Background,negative,11.79,22.02,44.33,144.92,449.7,0.89,2.6,425.48,0.38,300.89,0.001817,0
APDA-NEG-01467,2010-08-13,31.0,79.375,Uttarakhand,Background_Sampling,Copernicus_NASA_Background,negative,11.73,16.11,45.77,151.41,234.65,0.78,1.8667,5085.99,17.29,81.7,0.00088,0
APDA-NEG-01468,2010-08-09,29.5,78.75,Uttarakhand,Background_Sampling,Copernicus_NASA_Background,negative,9.12,32.23,64.99,276.52,453.54,0.83,2.2,285.78,7.49,11.54,0.004111,0
APDA-NEG-01469,2010-08-16,29.0,79.375,Uttarakhand,Background_Sampling,Copernicus_NASA_Background,negative,1.87,22.45,66.63,125.27,505.4,0.81,2.0667,215.32,0.43,292.55,0.001399,0
APDA-NEG-01470,2011-07-21,31.0,79.375,Uttarakhand,Background_Sampling,Copernicus_NASA_Background,negative,1.75,26.87,58.37,83.01,173.69,0.78,1.8667,5085.99,17.29,81.7,0.00088,0
APDA-NEG-01471,2010-08-18,29.5,78.75,Uttarakhand,Background_Sampling,Copernicus_NASA_Background,negative,32.7,39.94,89.65,182.96,480.71,0.88,2.5333,285.78,7.49,11.54,0.004111,0
APDA-NEG-01472,2010-09-20,30.5,77.5,Uttarakhand,Background_Sampling,Copernicus_NASA_Background,negative,1.53,121.67,202.73,357.09,687.11,0.98,3.2,425.48,0.38,300.89,0.001817,0
APDA-NEG-01473,2010-08-20,29.5,78.75,Uttarakhand,Background_Sampling,Copernicus_NASA_Background,negative,21.37,101.66,143.74,226.28,497.26,0.9,2.6667,285.78,7.49,11.54,0.004111,0
APDA-NEG-01474,2013-08-18,31.0,79.375,Uttarakhand,Background_Sampling,Copernicus_NASA_Background,negative,1.71,14.28,39.88,98.71,186.22,0.86,2.4,5085.99,17.29,81.7,0.00088,0
APDA-NEG-01475,2010-08-20,29.5,78.75,Uttarakhand,Background_Sampling,Copernicus_NASA_Background,negative,21.37,101.66,143.74,226.28,497.26,0.9,2.6667,285.78,7.49,11.54,0.004111,0
APDA-NEG-01476,2017-04-06,30.5,80.0,Uttarakhand,Background_Sampling,Copernicus_NASA_Background,negative,14.5,28.33,28.47,29.79,51.3,0.55,0.3333,5403.64,16.29,342.16,0.008133,0
APDA-NEG-01477,2010-08-20,31.0,79.375,Uttarakhand,Background_Sampling,Copernicus_NASA_Background,negative,3.99,32.86,41.04,91.31,235.6,0.79,1.9333,5085.99,17.29,81.7,0.00088,0
APDA-NEG-01478,2011-06-29,29.0,79.375,Uttarakhand,Background_Sampling,Copernicus_NASA_Background,negative,31.28,65.83,95.75,120.02,174.31,0.6,0.6667,215.32,0.43,292.55,0.001399,0
APDA-NEG-01479,2010-08-20,31.0,79.375,Uttarakhand,Background_Sampling,Copernicus_NASA_Background,negative,3.99,32.86,41.04,91.31,235.6,0.79,1.9333,5085.99,17.29,81.7,0.00088,0
APDA-NEG-01480,2015-07-06,29.5,78.75,Uttarakhand,Background_Sampling,Copernicus_NASA_Background,negative,44.24,63.05,93.88,203.72,232.95,0.68,1.2,285.78,7.49,11.54,0.004111,0
APDA-NEG-01481,2010-08-20,29.5,78.75,Uttarakhand,Background_Sampling,Copernicus_NASA_Background,negative,21.37,101.66,143.74,226.28,497.26,0.9,2.6667,285.78,7.49,11.54,0.004111,0
APDA-NEG-01482,2010-09-03,29.5,78.75,Uttarakhand,Background_Sampling,Copernicus_NASA_Background,negative,26.3,91.17,129.8,316.63,538.79,0.94,2.9333,285.78,7.49,11.54,0.004111,0
APDA-NEG-01483,2010-08-22,30.5,80.0,Uttarakhand,Background_Sampling,Copernicus_NASA_Background,negative,9.3,30.02,62.98,107.0,250.44,0.81,2.0667,5403.64,16.29,342.16,0.008133,0
APDA-NEG-01484,2018-08-29,30.5,77.5,Uttarakhand,Background_Sampling,Copernicus_NASA_Background,negative,18.37,39.78,100.38,161.66,430.84,0.91,2.7333,425.48,0.38,300.89,0.001817,0
APDA-NEG-01485,2010-08-26,29.0,79.375,Uttarakhand,Background_Sampling,Copernicus_NASA_Background,negative,14.43,43.53,163.48,248.18,543.93,0.9,2.6667,215.32,0.43,292.55,0.001399,0
APDA-NEG-01486,2017-05-20,29.0,79.375,Uttarakhand,Background_Sampling,Copernicus_NASA_Background,negative,1.43,8.59,17.02,19.89,26.44,0.32,-1.2,215.32,0.43,292.55,0.001399,0
APDA-NEG-01487,2010-09-03,30.5,77.5,Uttarakhand,Background_Sampling,Copernicus_NASA_Background,negative,20.01,76.27,133.14,332.42,591.78,0.96,3.0667,425.48,0.38,300.89,0.001817,0
APDA-NEG-01488,2011-07-11,30.5,77.5,Uttarakhand,Background_Sampling,Copernicus_NASA_Background,negative,1.69,32.33,111.36,163.71,335.11,0.75,1.6667,425.48,0.38,300.89,0.001817,0
APDA-NEG-01489,2010-09-03,29.5,80.625,Uttarakhand,Background_Sampling,Copernicus_NASA_Background,negative,14.44,82.76,99.18,208.65,310.1,0.89,2.6,2217.17,32.44,5.59,0.001258,0
APDA-NEG-01490,2009-08-17,30.5,77.5,Uttarakhand,Background_Sampling,Copernicus_NASA_Background,negative,1.41,12.72,42.28,154.44,357.24,0.73,1.5333,425.48,0.38,300.89,0.001817,0
APDA-NEG-01491,2010-09-03,29.0,79.375,Uttarakhand,Background_Sampling,Copernicus_NASA_Background,negative,28.6,144.07,168.08,360.81,507.38,0.94,2.9333,215.32,0.43,292.55,0.001399,0
APDA-NEG-01492,2010-08-18,31.0,79.375,Uttarakhand,Background_Sampling,Copernicus_NASA_Background,negative,19.93,24.42,43.17,93.36,236.75,0.8,2.0,5085.99,17.29,81.7,0.00088,0
APDA-NEG-01493,2010-09-04,29.5,80.625,Uttarakhand,Background_Sampling,Copernicus_NASA_Background,negative,22.77,77.41,118.49,221.57,328.39,0.9,2.6667,2217.17,32.44,5.59,0.001258,0
APDA-NEG-01494,2015-03-31,30.5,77.5,Uttarakhand,Background_Sampling,Copernicus_NASA_Background,negative,0.0,13.81,13.83,13.93,96.52,0.51,0.0667,425.48,0.38,300.89,0.001817,0
APDA-NEG-01495,2010-09-04,31.0,79.375,Uttarakhand,Background_Sampling,Copernicus_NASA_Background,negative,6.24,24.87,60.2,140.78,232.09,0.86,2.4,5085.99,17.29,81.7,0.00088,0
APDA-NEG-01496,2014-08-18,31.0,79.375,Uttarakhand,Background_Sampling,Copernicus_NASA_Background,negative,1.57,6.09,55.69,107.72,175.75,0.8,2.0,5085.99,17.29,81.7,0.00088,0
APDA-NEG-01497,2010-09-04,29.5,78.75,Uttarakhand,Background_Sampling,Copernicus_NASA_Background,negative,24.62,83.13,142.45,319.88,546.16,0.94,2.9333,285.78,7.49,11.54,0.004111,0
APDA-NEG-01498,2013-07-28,30.5,80.0,Uttarakhand,Background_Sampling,Copernicus_NASA_Background,negative,10.7,13.52,37.86,113.23,197.38,0.83,2.2,5403.64,16.29,342.16,0.008133,0
APDA-NEG-01499,2010-09-12,29.5,80.625,Uttarakhand,Background_Sampling,Copernicus_NASA_Background,negative,9.65,55.14,75.71,200.83,366.21,0.9,2.6667,2217.17,32.44,5.59,0.001258,0
APDA-NEG-01500,2017-07-13,31.0,79.375,Uttarakhand,Background_Sampling,Copernicus_NASA_Background,negative,2.77,21.36,37.28,77.41,121.96,0.71,1.4,5085.99,17.29,81.7,0.00088,0
APDA-NEG-01501,2010-09-17,30.5,80.0,Uttarakhand,Background_Sampling,Copernicus_NASA_Background,negative,14.32,33.15,57.71,111.85,247.57,0.87,2.4667,5403.64,16.29,342.16,0.008133,0
APDA-NEG-01502,2010-07-20,30.5,80.0,Uttarakhand,Background_Sampling,Copernicus_NASA_Background,negative,18.32,45.37,56.63,83.06,140.12,0.72,1.4667,5403.64,16.29,342.16,0.008133,0
APDA-NEG-01503,2010-09-18,29.0,79.375,Uttarakhand,Background_Sampling,Copernicus_NASA_Background,negative,56.01,129.98,182.55,305.51,666.32,0.96,3.0667,215.32,0.43,292.55,0.001399,0
APDA-NEG-01504,2010-09-19,30.5,77.5,Uttarakhand,Background_Sampling,Copernicus_NASA_Background,negative,76.25,149.22,217.19,380.15,731.67,0.99,3.2667,425.48,0.38,300.89,0.001817,0
APDA-NEG-01505,2010-09-18,29.5,80.625,Uttarakhand,Background_Sampling,Copernicus_NASA_Background,negative,58.24,117.01,156.98,252.44,461.09,0.95,3.0,2217.17,32.44,5.59,0.001258,0
APDA-NEG-01506,2013-07-24,30.5,80.0,Uttarakhand,Background_Sampling,Copernicus_NASA_Background,negative,7.72,17.62,60.91,105.52,226.67,0.83,2.2,5403.64,16.29,342.16,0.008133,0
APDA-NEG-01507,2010-09-18,29.0,79.375,Uttarakhand,Background_Sampling,Copernicus_NASA_Background,negative,56.01,129.98,182.55,305.51,666.32,0.96,3.0667,215.32,0.43,292.55,0.001399,0
APDA-NEG-01508,2010-08-09,31.0,79.375,Uttarakhand,Background_Sampling,Copernicus_NASA_Background,negative,9.63,23.39,46.77,155.2,219.89,0.77,1.8,5085.99,17.29,81.7,0.00088,0
APDA-NEG-01509,2010-09-19,29.0,79.375,Uttarakhand,Background_Sampling,Copernicus_NASA_Background,negative,48.66,150.95,210.24,324.79,682.55,0.97,3.1333,215.32,0.43,292.55,0.001399,0
APDA-NEG-01510,2013-07-25,31.0,79.375,Uttarakhand,Background_Sampling,Copernicus_NASA_Background,negative,2.26,10.63,49.78,88.78,161.2,0.84,2.2667,5085.99,17.29,81.7,0.00088,0
APDA-NEG-01511,2010-09-19,29.5,78.75,Uttarakhand,Background_Sampling,Copernicus_NASA_Background,negative,80.26,139.47,197.75,318.23,638.11,0.97,3.1333,285.78,7.49,11.54,0.004111,0
APDA-NEG-01512,2017-07-05,30.5,80.0,Uttarakhand,Background_Sampling,Copernicus_NASA_Background,negative,6.29,12.7,30.59,54.76,90.41,0.65,1.0,5403.64,16.29,342.16,0.008133,0
APDA-NEG-01513,2010-09-19,29.0,79.375,Uttarakhand,Background_Sampling,Copernicus_NASA_Background,negative,48.66,150.95,210.24,324.79,682.55,0.97,3.1333,215.32,0.43,292.55,0.001399,0
APDA-NEG-01514,2010-08-09,30.5,80.0,Uttarakhand,Background_Sampling,Copernicus_NASA_Background,negative,7.89,19.15,43.29,157.18,235.84,0.79,1.9333,5403.64,16.29,342.16,0.008133,0
APDA-NEG-01515,2010-09-19,31.0,79.375,Uttarakhand,Background_Sampling,Copernicus_NASA_Background,negative,29.35,64.94,93.64,145.48,286.26,0.9,2.6667,5085.99,17.29,81.7,0.00088,0
APDA-NEG-01516,2010-07-29,30.5,77.5,Uttarakhand,Background_Sampling,Copernicus_NASA_Background,negative,15.09,33.51,57.42,195.39,416.26,0.8,2.0,425.48,0.38,300.89,0.001817,0
APDA-NEG-01517,2010-09-19,29.5,80.625,Uttarakhand,Background_Sampling,Copernicus_NASA_Background,negative,11.12,102.37,158.45,240.79,462.36,0.94,2.9333,2217.17,32.44,5.59,0.001258,0
APDA-NEG-01518,2013-07-25,30.5,77.5,Uttarakhand,Background_Sampling,Copernicus_NASA_Background,negative,4.96,23.56,111.7,252.93,451.61,0.92,2.8,425.48,0.38,300.89,0.001817,0
APDA-NEG-01519,2010-09-19,30.5,80.0,Uttarakhand,Background_Sampling,Copernicus_NASA_Background,negative,24.51,67.3,95.69,146.45,289.31,0.9,2.6667,5403.64,16.29,342.16,0.008133,0
APDA-NEG-01520,2010-09-19,31.0,79.375,Uttarakhand,Background_Sampling,Copernicus_NASA_Background,negative,29.35,64.94,93.64,145.48,286.26,0.9,2.6667,5085.99,17.29,81.7,0.00088,0
APDA-NEG-01521,2010-09-19,30.5,77.5,Uttarakhand,Background_Sampling,Copernicus_NASA_Background,negative,76.25,149.22,217.19,380.15,731.67,0.99,3.2667,425.48,0.38,300.89,0.001817,0
APDA-NEG-01522,2015-04-28,29.0,79.375,Uttarakhand,Background_Sampling,Copernicus_NASA_Background,negative,1.18,9.93,10.11,15.27,57.16,0.39,-0.7333,215.32,0.43,292.55,0.001399,0
APDA-NEG-01523,2010-09-19,30.5,80.0,Uttarakhand,Background_Sampling,Copernicus_NASA_Background,negative,24.51,67.3,95.69,146.45,289.31,0.9,2.6667,5403.64,16.29,342.16,0.008133,0
APDA-NEG-01524,2013-08-05,29.0,79.375,Uttarakhand,Background_Sampling,Copernicus_NASA_Background,negative,20.16,41.46,79.01,210.92,539.26,0.89,2.6,215.32,0.43,292.55,0.001399,0
APDA-NEG-01525,2010-09-20,29.5,80.625,Uttarakhand,Background_Sampling,Copernicus_NASA_Background,negative,4.25,73.61,157.7,238.41,444.08,0.93,2.8667,2217.17,32.44,5.59,0.001258,0
APDA-NEG-01526,2015-04-30,30.5,80.0,Uttarakhand,Background_Sampling,Copernicus_NASA_Background,negative,0.73,2.86,4.27,11.59,43.1,0.69,1.2667,5403.64,16.29,342.16,0.008133,0
APDA-NEG-01527,2010-09-20,29.5,80.625,Uttarakhand,Background_Sampling,Copernicus_NASA_Background,negative,4.25,73.61,157.7,238.41,444.08,0.93,2.8667,2217.17,32.44,5.59,0.001258,0
APDA-NEG-01528,2015-08-15,29.5,80.625,Uttarakhand,Background_Sampling,Copernicus_NASA_Background,negative,4.55,10.65,23.97,55.79,130.14,0.71,1.4,2217.17,32.44,5.59,0.001258,0
APDA-NEG-01529,2011-02-23,31.0,79.375,Uttarakhand,Background_Sampling,Copernicus_NASA_Background,negative,0.0,0.0,0.22,13.91,19.85,0.73,1.5333,5085.99,17.29,81.7,0.00088,0
APDA-NEG-01530,2012-08-17,30.5,80.0,Uttarakhand,Background_Sampling,Copernicus_NASA_Background,negative,8.34,17.57,40.57,97.29,164.81,0.74,1.6,5403.64,16.29,342.16,0.008133,0
APDA-NEG-01531,2011-05-31,29.5,78.75,Uttarakhand,Background_Sampling,Copernicus_NASA_Background,negative,2.04,18.78,41.12,52.67,63.34,0.38,-0.8,285.78,7.49,11.54,0.004111,0
APDA-NEG-01532,2017-07-05,30.5,77.5,Uttarakhand,Background_Sampling,Copernicus_NASA_Background,negative,19.28,28.21,91.38,195.57,309.08,0.71,1.4,425.48,0.38,300.89,0.001817,0
APDA-NEG-01533,2011-05-31,30.5,80.0,Uttarakhand,Background_Sampling,Copernicus_NASA_Background,negative,5.43,19.3,37.14,43.14,50.59,0.62,0.8,5403.64,16.29,342.16,0.008133,0
APDA-NEG-01534,2010-09-04,29.5,80.625,Uttarakhand,Background_Sampling,Copernicus_NASA_Background,negative,22.77,77.41,118.49,221.57,328.39,0.9,2.6667,2217.17,32.44,5.59,0.001258,0
APDA-NEG-01535,2011-06-07,31.0,79.375,Uttarakhand,Background_Sampling,Copernicus_NASA_Background,negative,1.77,10.19,19.87,59.24,65.31,0.7,1.3333,5085.99,17.29,81.7,0.00088,0
APDA-NEG-01536,2015-07-24,29.5,78.75,Uttarakhand,Background_Sampling,Copernicus_NASA_Background,negative,4.46,12.89,23.65,199.89,427.15,0.73,1.5333,285.78,7.49,11.54,0.004111,0
APDA-NEG-01537,2011-06-07,31.0,79.375,Uttarakhand,Background_Sampling,Copernicus_NASA_Background,negative,1.77,10.19,19.87,59.24,65.31,0.7,1.3333,5085.99,17.29,81.7,0.00088,0
APDA-NEG-01538,2016-07-17,29.5,80.625,Uttarakhand,Background_Sampling,Copernicus_NASA_Background,negative,11.71,42.36,76.24,129.29,210.34,0.71,1.4,2217.17,32.44,5.59,0.001258,0
APDA-NEG-01539,2011-06-29,30.5,80.0,Uttarakhand,Background_Sampling,Copernicus_NASA_Background,negative,15.36,23.15,47.21,60.86,108.92,0.71,1.4,5403.64,16.29,342.16,0.008133,0
APDA-NEG-01540,2017-04-06,30.5,80.0,Uttarakhand,Background_Sampling,Copernicus_NASA_Background,negative,14.5,28.33,28.47,29.79,51.3,0.55,0.3333,5403.64,16.29,342.16,0.008133,0
APDA-NEG-01541,2011-06-29,30.5,77.5,Uttarakhand,Background_Sampling,Copernicus_NASA_Background,negative,18.3,28.42,133.85,185.42,287.62,0.71,1.4,425.48,0.38,300.89,0.001817,0
APDA-NEG-01542,2013-07-26,30.5,77.5,Uttarakhand,Background_Sampling,Copernicus_NASA_Background,negative,0.73,23.53,92.78,248.64,448.38,0.9,2.6667,425.48,0.38,300.89,0.001817,0
APDA-NEG-01543,2011-06-29,30.5,80.0,Uttarakhand,Background_Sampling,Copernicus_NASA_Background,negative,15.36,23.15,47.21,60.86,108.92,0.71,1.4,5403.64,16.29,342.16,0.008133,0
APDA-NEG-01544,2013-06-25,31.0,79.375,Uttarakhand,Background_Sampling,Copernicus_NASA_Background,negative,9.74,40.91,51.61,249.74,272.43,0.87,2.4667,5085.99,17.29,81.7,0.00088,0
APDA-NEG-01545,2011-06-29,29.0,79.375,Uttarakhand,Background_Sampling,Copernicus_NASA_Background,negative,31.28,65.83,95.75,120.02,174.31,0.6,0.6667,215.32,0.43,292.55,0.001399,0
APDA-NEG-01546,2013-07-24,31.0,79.375,Uttarakhand,Background_Sampling,Copernicus_NASA_Background,negative,7.68,11.2,51.04,87.31,168.68,0.85,2.3333,5085.99,17.29,81.7,0.00088,0
APDA-NEG-01547,2011-06-29,30.5,77.5,Uttarakhand,Background_Sampling,Copernicus_NASA_Background,negative,18.3,28.42,133.85,185.42,287.62,0.71,1.4,425.48,0.38,300.89,0.001817,0
APDA-NEG-01548,2010-08-09,30.5,77.5,Uttarakhand,Background_Sampling,Copernicus_NASA_Background,negative,25.16,64.55,107.14,352.28,541.14,0.91,2.7333,425.48,0.38,300.89,0.001817,0
APDA-NEG-01549,2011-06-29,30.5,77.5,Uttarakhand,Background_Sampling,Copernicus_NASA_Background,negative,18.3,28.42,133.85,185.42,287.62,0.71,1.4,425.48,0.38,300.89,0.001817,0
APDA-NEG-01550,2013-08-13,30.5,80.0,Uttarakhand,Background_Sampling,Copernicus_NASA_Background,negative,15.73,26.25,39.3,93.01,207.84,0.86,2.4,5403.64,16.29,342.16,0.008133,0
APDA-NEG-01551,2011-06-30,29.5,80.625,Uttarakhand,Background_Sampling,Copernicus_NASA_Background,negative,108.58,249.46,290.26,303.79,353.81,0.94,2.9333,2217.17,32.44,5.59,0.001258,0
APDA-NEG-01552,2010-07-20,29.5,78.75,Uttarakhand,Background_Sampling,Copernicus_NASA_Background,negative,40.53,83.18,102.9,190.88,325.87,0.74,1.6,285.78,7.49,11.54,0.004111,0
APDA-NEG-01553,2011-07-06,29.5,80.625,Uttarakhand,Background_Sampling,Copernicus_NASA_Background,negative,4.15,12.09,137.99,321.87,378.45,0.76,1.7333,2217.17,32.44,5.59,0.001258,0
APDA-NEG-01554,2013-07-24,29.5,80.625,Uttarakhand,Background_Sampling,Copernicus_NASA_Background,negative,17.35,52.97,137.85,218.63,530.94,0.91,2.7333,2217.17,32.44,5.59,0.001258,0
APDA-NEG-01555,2011-07-08,31.0,79.375,Uttarakhand,Background_Sampling,Copernicus_NASA_Background,negative,0.77,14.92,30.72,86.94,136.95,0.74,1.6,5085.99,17.29,81.7,0.00088,0
APDA-NEG-01556,2011-07-09,29.5,80.625,Uttarakhand,Background_Sampling,Copernicus_NASA_Background,negative,8.45,11.21,23.68,328.33,364.34,0.76,1.7333,2217.17,32.44,5.59,0.001258,0
APDA-NEG-01557,2011-07-09,29.5,78.75,Uttarakhand,Background_Sampling,Copernicus_NASA_Background,negative,8.08,23.12,59.4,196.06,286.85,0.65,1.0,285.78,7.49,11.54,0.004111,0
APDA-NEG-01558,2012-09-14,29.5,80.625,Uttarakhand,Background_Sampling,Copernicus_NASA_Background,negative,6.26,19.59,32.2,71.84,214.05,0.78,1.8667,2217.17,32.44,5.59,0.001258,0
APDA-NEG-01559,2011-07-09,31.0,79.375,Uttarakhand,Background_Sampling,Copernicus_NASA_Background,negative,3.86,6.6,34.51,79.9,128.64,0.74,1.6,5085.99,17.29,81.7,0.00088,0
APDA-NEG-01560,2010-09-19,30.5,80.0,Uttarakhand,Background_Sampling,Copernicus_NASA_Background,negative,24.51,67.3,95.69,146.45,289.31,0.9,2.6667,5403.64,16.29,342.16,0.008133,0
APDA-NEG-01561,2011-07-09,29.0,79.375,Uttarakhand,Background_Sampling,Copernicus_NASA_Background,negative,7.42,17.47,28.9,319.1,367.76,0.68,1.2,215.32,0.43,292.55,0.001399,0
APDA-NEG-01562,2011-06-29,30.5,80.0,Uttarakhand,Background_Sampling,Copernicus_NASA_Background,negative,15.36,23.15,47.21,60.86,108.92,0.71,1.4,5403.64,16.29,342.16,0.008133,0
APDA-NEG-01563,2011-07-09,29.5,80.625,Uttarakhand,Background_Sampling,Copernicus_NASA_Background,negative,8.45,11.21,23.68,328.33,364.34,0.76,1.7333,2217.17,32.44,5.59,0.001258,0
APDA-NEG-01564,2013-09-30,29.5,78.75,Uttarakhand,Background_Sampling,Copernicus_NASA_Background,negative,7.84,18.84,47.23,76.53,131.2,0.83,2.2,285.78,7.49,11.54,0.004111,0
APDA-NEG-01565,2011-07-10,29.0,79.375,Uttarakhand,Background_Sampling,Copernicus_NASA_Background,negative,45.72,55.35,74.56,362.25,401.65,0.79,1.9333,215.32,0.43,292.55,0.001399,0
APDA-NEG-01566,2017-06-06,30.5,80.0,Uttarakhand,Background_Sampling,Copernicus_NASA_Background,negative,7.82,7.99,15.55,41.29,71.47,0.59,0.6,5403.64,16.29,342.16,0.008133,0
APDA-NEG-01567,2011-07-11,29.5,78.75,Uttarakhand,Background_Sampling,Copernicus_NASA_Background,negative,9.89,38.2,89.34,195.58,306.27,0.68,1.2,285.78,7.49,11.54,0.004111,0
APDA-NEG-01568,2011-07-09,29.5,80.625,Uttarakhand,Background_Sampling,Copernicus_NASA_Background,negative,8.45,11.21,23.68,328.33,364.34,0.76,1.7333,2217.17,32.44,5.59,0.001258,0
APDA-NEG-01569,2011-07-21,29.5,78.75,Uttarakhand,Background_Sampling,Copernicus_NASA_Background,negative,6.09,45.86,129.22,198.38,398.94,0.79,1.9333,285.78,7.49,11.54,0.004111,0
APDA-NEG-01570,2013-07-04,29.0,79.375,Uttarakhand,Background_Sampling,Copernicus_NASA_Background,negative,0.34,7.67,25.02,236.62,454.06,0.71,1.4,215.32,0.43,292.55,0.001399,0
APDA-NEG-01571,2011-07-21,29.5,80.625,Uttarakhand,Background_Sampling,Copernicus_NASA_Background,negative,5.66,26.59,104.82,193.86,515.73,0.85,2.3333,2217.17,32.44,5.59,0.001258,0
APDA-NEG-01572,2013-07-24,29.5,78.75,Uttarakhand,Background_Sampling,Copernicus_NASA_Background,negative,18.0,39.85,136.26,247.3,474.84,0.89,2.6,285.78,7.49,11.54,0.004111,0
APDA-NEG-01573,2011-07-21,31.0,79.375,Uttarakhand,Background_Sampling,Copernicus_NASA_Background,negative,1.75,26.87,58.37,83.01,173.69,0.78,1.8667,5085.99,17.29,81.7,0.00088,0
APDA-NEG-01574,2014-07-20,29.5,78.75,Uttarakhand,Background_Sampling,Copernicus_NASA_Background,negative,16.02,60.35,119.25,165.63,212.21,0.6,0.6667,285.78,7.49,11.54,0.004111,0
APDA-NEG-01575,2011-07-29,31.0,79.375,Uttarakhand,Background_Sampling,Copernicus_NASA_Background,negative,2.26,31.59,52.29,114.45,183.37,0.81,2.0667,5085.99,17.29,81.7,0.00088,0
APDA-NEG-01576,2018-09-03,29.0,79.375,Uttarakhand,Background_Sampling,Copernicus_NASA_Background,negative,16.39,24.43,82.1,278.3,453.32,0.9,2.6667,215.32,0.43,292.55,0.001399,0
APDA-NEG-01577,2011-08-08,29.0,79.375,Uttarakhand,Background_Sampling,Copernicus_NASA_Background,negative,1.72,14.63,76.0,139.6,373.46,0.82,2.1333,215.32,0.43,292.55,0.001399,0
APDA-NEG-01578,2017-05-20,29.5,80.625,Uttarakhand,Background_Sampling,Copernicus_NASA_Background,negative,0.81,8.25,17.89,25.97,34.65,0.45,-0.3333,2217.17,32.44,5.59,0.001258,0
APDA-NEG-01579,2011-08-08,30.5,77.5,Uttarakhand,Background_Sampling,Copernicus_NASA_Background,negative,1.81,15.67,57.59,197.44,442.18,0.89,2.6,425.48,0.38,300.89,0.001817,0
APDA-NEG-01580,2016-07-17,31.0,79.375,Uttarakhand,Background_Sampling,Copernicus_NASA_Background,negative,25.85,44.67,56.93,65.6,90.55,0.72,1.4667,5085.99,17.29,81.7,0.00088,0
APDA-NEG-01581,2011-08-10,30.5,77.5,Uttarakhand,Background_Sampling,Copernicus_NASA_Background,negative,4.93,13.38,60.53,204.16,435.24,0.88,2.5333,425.48,0.38,300.89,0.001817,0
APDA-NEG-01582,2007-07-30,29.5,78.75,Uttarakhand,Background_Sampling,Copernicus_NASA_Background,negative,39.18,70.63,136.82,193.22,388.88,0.79,1.9333,285.78,7.49,11.54,0.004111,0
APDA-NEG-01583,2011-08-12,29.0,79.375,Uttarakhand,Background_Sampling,Copernicus_NASA_Background,negative,16.85,31.87,47.64,128.72,319.64,0.83,2.2,215.32,0.43,292.55,0.001399,0
APDA-NEG-01584,2013-09-30,31.0,79.375,Uttarakhand,Background_Sampling,Copernicus_NASA_Background,negative,2.87,6.28,13.37,20.95,53.98,0.79,1.9333,5085.99,17.29,81.7,0.00088,0
APDA-NEG-01585,2011-08-12,29.0,79.375,Uttarakhand,Background_Sampling,Copernicus_NASA_Background,negative,16.85,31.87,47.64,128.72,319.64,0.83,2.2,215.32,0.43,292.55,0.001399,0
APDA-NEG-01586,2013-07-24,29.5,80.625,Uttarakhand,Background_Sampling,Copernicus_NASA_Background,negative,17.35,52.97,137.85,218.63,530.94,0.91,2.7333,2217.17,32.44,5.59,0.001258,0
APDA-NEG-01587,2011-12-10,31.0,79.375,Uttarakhand,Background_Sampling,Copernicus_NASA_Background,negative,0.0,3.39,3.71,3.71,3.71,0.68,1.2,5085.99,17.29,81.7,0.00088,0
APDA-NEG-01588,2017-07-05,29.5,78.75,Uttarakhand,Background_Sampling,Copernicus_NASA_Background,negative,7.76,14.64,65.65,116.01,169.44,0.49,-0.0667,285.78,7.49,11.54,0.004111,0
APDA-NEG-01589,2012-03-04,30.5,80.0,Uttarakhand,Background_Sampling,Copernicus_NASA_Background,negative,0.23,0.23,0.23,0.27,1.44,0.61,0.7333,5403.64,16.29,342.16,0.008133,0
APDA-NEG-01590,2010-07-29,30.5,77.5,Uttarakhand,Background_Sampling,Copernicus_NASA_Background,negative,15.09,33.51,57.42,195.39,416.26,0.8,2.0,425.48,0.38,300.89,0.001817,0
APDA-NEG-01591,2012-07-05,30.5,80.0,Uttarakhand,Background_Sampling,Copernicus_NASA_Background,negative,0.13,4.86,20.16,33.25,36.28,0.51,0.0667,5403.64,16.29,342.16,0.008133,0
APDA-NEG-01592,2013-06-18,29.5,80.625,Uttarakhand,Background_Sampling,Copernicus_NASA_Background,negative,4.37,59.99,75.77,129.61,141.19,0.64,0.9333,2217.17,32.44,5.59,0.001258,0
APDA-NEG-01593,2012-08-06,29.5,80.625,Uttarakhand,Background_Sampling,Copernicus_NASA_Background,negative,2.18,9.45,48.24,125.19,200.01,0.65,1.0,2217.17,32.44,5.59,0.001258,0
APDA-NEG-01594,2010-09-03,31.0,79.375,Uttarakhand,Background_Sampling,Copernicus_NASA_Background,negative,11.09,38.03,60.49,138.53,230.98,0.86,2.4,5085.99,17.29,81.7,0.00088,0
APDA-NEG-01595,2012-08-14,31.0,79.375,Uttarakhand,Background_Sampling,Copernicus_NASA_Background,negative,10.24,18.33,38.16,94.1,151.74,0.74,1.6,5085.99,17.29,81.7,0.00088,0
APDA-NEG-01596,2015-07-11,29.5,78.75,Uttarakhand,Background_Sampling,Copernicus_NASA_Background,negative,87.96,134.88,209.93,296.47,386.81,0.86,2.4,285.78,7.49,11.54,0.004111,0
APDA-NEG-01597,2012-08-17,29.0,79.375,Uttarakhand,Background_Sampling,Copernicus_NASA_Background,negative,6.36,14.2,43.67,140.27,289.87,0.67,1.1333,215.32,0.43,292.55,0.001399,0
APDA-NEG-01598,2013-08-05,29.5,78.75,Uttarakhand,Background_Sampling,Copernicus_NASA_Background,negative,12.01,58.4,100.32,194.2,497.55,0.89,2.6,285.78,7.49,11.54,0.004111,0
APDA-NEG-01599,2012-08-17,29.5,78.75,Uttarakhand,Background_Sampling,Copernicus_NASA_Background,negative,15.88,42.31,91.76,211.13,346.74,0.76,1.7333,285.78,7.49,11.54,0.004111,0
APDA-NEG-01600,2011-07-09,29.0,79.375,Uttarakhand,Background_Sampling,Copernicus_NASA_Background,negative,7.42,17.47,28.9,319.1,367.76,0.68,1.2,215.32,0.43,292.55,0.001399,0
APDA-NEG-01601,2012-09-14,29.5,78.75,Uttarakhand,Background_Sampling,Copernicus_NASA_Background,negative,19.79,50.38,75.22,107.3,381.04,0.88,2.5333,285.78,7.49,11.54,0.004111,0
APDA-NEG-01602,2010-07-06,30.5,80.0,Uttarakhand,Background_Sampling,Copernicus_NASA_Background,negative,11.53,40.83,50.16,68.18,74.12,0.63,0.8667,5403.64,16.29,342.16,0.008133,0
APDA-NEG-01603,2012-09-14,29.5,78.75,Uttarakhand,Background_Sampling,Copernicus_NASA_Background,negative,19.79,50.38,75.22,107.3,381.04,0.88,2.5333,285.78,7.49,11.54,0.004111,0
APDA-NEG-01604,2013-07-26,30.5,80.0,Uttarakhand,Background_Sampling,Copernicus_NASA_Background,negative,1.05,15.49,54.13,106.59,195.31,0.82,2.1333,5403.64,16.29,342.16,0.008133,0
APDA-NEG-01605,2013-06-13,30.5,80.0,Uttarakhand,Background_Sampling,Copernicus_NASA_Background,negative,17.25,26.55,37.75,47.23,48.14,0.63,0.8667,5403.64,16.29,342.16,0.008133,0
APDA-NEG-01606,2015-07-28,31.0,79.375,Uttarakhand,Background_Sampling,Copernicus_NASA_Background,negative,0.93,7.62,21.74,35.15,134.09,0.73,1.5333,5085.99,17.29,81.7,0.00088,0
APDA-NEG-01607,2013-06-16,29.0,79.375,Uttarakhand,Background_Sampling,Copernicus_NASA_Background,negative,62.79,83.12,137.16,162.92,181.4,0.68,1.2,215.32,0.43,292.55,0.001399,0
APDA-NEG-01608,2009-08-08,31.0,79.375,Uttarakhand,Background_Sampling,Copernicus_NASA_Background,negative,3.02,34.55,38.21,81.62,122.67,0.68,1.2,5085.99,17.29,81.7,0.00088,0
APDA-NEG-01609,2013-06-16,30.5,77.5,Uttarakhand,Background_Sampling,Copernicus_NASA_Background,negative,153.7,286.17,391.94,401.2,409.24,0.94,2.9333,425.48,0.38,300.89,0.001817,0
APDA-NEG-01610,2011-07-06,29.5,80.625,Uttarakhand,Background_Sampling,Copernicus_NASA_Background,negative,4.15,12.09,137.99,321.87,378.45,0.76,1.7333,2217.17,32.44,5.59,0.001258,0
APDA-NEG-01611,2013-06-16,30.5,77.5,Uttarakhand,Background_Sampling,Copernicus_NASA_Background,negative,153.7,286.17,391.94,401.2,409.24,0.94,2.9333,425.48,0.38,300.89,0.001817,0
APDA-NEG-01612,2013-07-25,30.5,80.0,Uttarakhand,Background_Sampling,Copernicus_NASA_Background,negative,6.72,15.73,63.56,108.41,198.9,0.83,2.2,5403.64,16.29,342.16,0.008133,0
APDA-NEG-01613,2013-06-16,29.5,80.625,Uttarakhand,Background_Sampling,Copernicus_NASA_Background,negative,29.07,35.85,67.63,99.87,110.38,0.66,1.0667,2217.17,32.44,5.59,0.001258,0
APDA-NEG-01614,2012-07-05,29.0,79.375,Uttarakhand,Background_Sampling,Copernicus_NASA_Background,negative,1.87,6.65,14.8,22.88,40.96,0.35,-1.0,215.32,0.43,292.55,0.001399,0
APDA-NEG-01615,2013-06-17,30.5,77.5,Uttarakhand,Background_Sampling,Copernicus_NASA_Background,negative,85.1,345.23,468.07,486.3,494.34,0.92,2.8,425.48,0.38,300.89,0.001817,0
APDA-NEG-01616,2018-08-11,29.5,80.625,Uttarakhand,Background_Sampling,Copernicus_NASA_Background,negative,4.31,8.77,50.44,151.57,299.59,0.78,1.8667,2217.17,32.44,5.59,0.001258,0
APDA-NEG-01617,2013-06-17,30.5,80.0,Uttarakhand,Background_Sampling,Copernicus_NASA_Background,negative,25.24,92.46,126.04,142.72,147.63,0.8,2.0,5403.64,16.29,342.16,0.008133,0
APDA-NEG-01618,2013-06-18,29.5,80.625,Uttarakhand,Background_Sampling,Copernicus_NASA_Background,negative,4.37,59.99,75.77,129.61,141.19,0.64,0.9333,2217.17,32.44,5.59,0.001258,0
APDA-NEG-01619,2013-06-17,29.5,78.75,Uttarakhand,Background_Sampling,Copernicus_NASA_Background,negative,63.16,240.74,300.2,327.14,336.92,0.87,2.4667,285.78,7.49,11.54,0.004111,0
APDA-NEG-01620,2013-06-17,29.0,79.375,Uttarakhand,Background_Sampling,Copernicus_NASA_Background,negative,49.93,127.64,169.59,212.84,231.33,0.77,1.8,215.32,0.43,292.55,0.001399,0
APDA-NEG-01621,2013-06-17,30.5,77.5,Uttarakhand,Background_Sampling,Copernicus_NASA_Background,negative,85.1,345.23,468.07,486.3,494.34,0.92,2.8,425.48,0.38,300.89,0.001817,0
APDA-NEG-01622,2009-08-08,30.5,80.0,Uttarakhand,Background_Sampling,Copernicus_NASA_Background,negative,1.71,27.29,30.07,77.09,126.57,0.67,1.1333,5403.64,16.29,342.16,0.008133,0
APDA-NEG-01623,2013-06-18,30.5,77.5,Uttarakhand,Background_Sampling,Copernicus_NASA_Background,negative,1.01,239.81,443.18,487.15,495.35,0.84,2.2667,425.48,0.38,300.89,0.001817,0
APDA-NEG-01624,2016-07-18,30.5,80.0,Uttarakhand,Background_Sampling,Copernicus_NASA_Background,negative,6.97,51.1,71.68,83.29,127.44,0.74,1.6,5403.64,16.29,342.16,0.008133,0
APDA-NEG-01625,2013-06-19,30.5,80.0,Uttarakhand,Background_Sampling,Copernicus_NASA_Background,negative,0.5,28.95,120.45,145.86,151.29,0.76,1.7333,5403.64,16.29,342.16,0.008133,0
APDA-NEG-01626,2011-07-21,31.0,79.375,Uttarakhand,Background_Sampling,Copernicus_NASA_Background,negative,1.75,26.87,58.37,83.01,173.69,0.78,1.8667,5085.99,17.29,81.7,0.00088,0
APDA-NEG-01627,2013-06-24,31.0,79.375,Uttarakhand,Background_Sampling,Copernicus_NASA_Background,negative,24.39,41.8,43.99,252.01,262.69,0.86,2.4,5085.99,17.29,81.7,0.00088,0
APDA-NEG-01628,2011-02-23,29.5,78.75,Uttarakhand,Background_Sampling,Copernicus_NASA_Background,negative,0.0,4.15,5.44,30.13,36.26,0.47,-0.2,285.78,7.49,11.54,0.004111,0
APDA-NEG-01629,2013-06-24,29.5,80.625,Uttarakhand,Background_Sampling,Copernicus_NASA_Background,negative,76.65,87.46,94.37,188.55,228.34,0.77,1.8,2217.17,32.44,5.59,0.001258,0
APDA-NEG-01630,2015-04-30,30.5,77.5,Uttarakhand,Background_Sampling,Copernicus_NASA_Background,negative,4.95,5.66,7.03,10.01,55.61,0.46,-0.2667,425.48,0.38,300.89,0.001817,0
APDA-NEG-01631,2013-06-25,29.5,78.75,Uttarakhand,Background_Sampling,Copernicus_NASA_Background,negative,62.52,102.77,108.95,411.15,447.87,0.86,2.4,285.78,7.49,11.54,0.004111,0
APDA-NEG-01632,2013-08-28,30.5,80.0,Uttarakhand,Background_Sampling,Copernicus_NASA_Background,negative,2.08,7.78,15.69,50.03,143.04,0.83,2.2,5403.64,16.29,342.16,0.008133,0
APDA-NEG-01633,2013-07-04,30.5,80.0,Uttarakhand,Background_Sampling,Copernicus_NASA_Background,negative,0.45,7.42,19.24,95.76,241.62,0.77,1.8,5403.64,16.29,342.16,0.008133,0
APDA-NEG-01634,2007-07-30,30.5,80.0,Uttarakhand,Background_Sampling,Copernicus_NASA_Background,negative,18.72,36.89,69.66,104.65,195.55,0.77,1.8,5403.64,16.29,342.16,0.008133,0
APDA-NEG-01635,2013-07-04,30.5,77.5,Uttarakhand,Background_Sampling,Copernicus_NASA_Background,negative,0.75,22.22,47.87,169.05,655.29,0.82,2.1333,425.48,0.38,300.89,0.001817,0
APDA-NEG-01636,2010-08-09,31.0,79.375,Uttarakhand,Background_Sampling,Copernicus_NASA_Background,negative,9.63,23.39,46.77,155.2,219.89,0.77,1.8,5085.99,17.29,81.7,0.00088,0
APDA-NEG-01637,2013-07-04,30.5,80.0,Uttarakhand,Background_Sampling,Copernicus_NASA_Background,negative,0.45,7.42,19.24,95.76,241.62,0.77,1.8,5403.64,16.29,342.16,0.008133,0
APDA-NEG-01638,2013-06-24,29.0,79.375,Uttarakhand,Background_Sampling,Copernicus_NASA_Background,negative,29.02,35.31,40.35,227.44,271.68,0.63,0.8667,215.32,0.43,292.55,0.001399,0
APDA-NEG-01639,2013-07-10,30.5,77.5,Uttarakhand,Background_Sampling,Copernicus_NASA_Background,negative,1.41,61.76,133.64,198.68,771.11,0.88,2.5333,425.48,0.38,300.89,0.001817,0
APDA-NEG-01640,2018-06-01,31.0,79.375,Uttarakhand,Background_Sampling,Copernicus_NASA_Background,negative,3.02,3.75,4.39,6.26,19.48,0.49,-0.0667,5085.99,17.29,81.7,0.00088,0
APDA-NEG-01641,2013-07-12,30.5,80.0,Uttarakhand,Background_Sampling,Copernicus_NASA_Background,negative,1.42,8.12,62.21,85.38,282.35,0.79,1.9333,5403.64,16.29,342.16,0.008133,0
APDA-NEG-01642,2013-07-24,29.5,78.75,Uttarakhand,Background_Sampling,Copernicus_NASA_Background,negative,18.0,39.85,136.26,247.3,474.84,0.89,2.6,285.78,7.49,11.54,0.004111,0
APDA-NEG-01643,2013-07-12,30.5,77.5,Uttarakhand,Background_Sampling,Copernicus_NASA_Background,negative,2.87,9.3,133.23,188.65,750.5,0.87,2.4667,425.48,0.38,300.89,0.001817,0
APDA-NEG-01644,2011-12-10,31.0,79.375,Uttarakhand,Background_Sampling,Copernicus_NASA_Background,negative,0.0,3.39,3.71,3.71,3.71,0.68,1.2,5085.99,17.29,81.7,0.00088,0
APDA-NEG-01645,2013-07-18,30.5,77.5,Uttarakhand,Background_Sampling,Copernicus_NASA_Background,negative,7.16,74.13,136.21,274.87,443.26,0.91,2.7333,425.48,0.38,300.89,0.001817,0
APDA-NEG-01646,2018-04-27,30.5,77.5,Uttarakhand,Background_Sampling,Copernicus_NASA_Background,negative,0.02,0.02,0.02,4.55,39.95,0.31,-1.2667,425.48,0.38,300.89,0.001817,0
APDA-NEG-01647,2013-07-18,29.5,78.75,Uttarakhand,Background_Sampling,Copernicus_NASA_Background,negative,10.6,74.02,105.62,236.7,395.61,0.86,2.4,285.78,7.49,11.54,0.004111,0
APDA-NEG-01648,2010-07-20,31.0,79.375,Uttarakhand,Background_Sampling,Copernicus_NASA_Background,negative,12.06,28.89,39.36,66.64,118.88,0.68,1.2,5085.99,17.29,81.7,0.00088,0
APDA-NEG-01649,2013-07-19,30.5,80.0,Uttarakhand,Background_Sampling,Copernicus_NASA_Background,negative,10.48,27.95,51.04,117.18,212.94,0.81,2.0667,5403.64,16.29,342.16,0.008133,0
APDA-NEG-01650,2013-08-18,30.5,77.5,Uttarakhand,Background_Sampling,Copernicus_NASA_Background,negative,3.91,46.35,119.51,305.17,529.98,0.96,3.0667,425.48,0.38,300.89,0.001817,0
APDA-NEG-01651,2013-07-23,30.5,80.0,Uttarakhand,Background_Sampling,Copernicus_NASA_Background,negative,1.29,26.51,66.59,105.01,238.14,0.82,2.1333,5403.64,16.29,342.16,0.008133,0
APDA-NEG-01652,2014-07-24,29.5,78.75,Uttarakhand,Background_Sampling,Copernicus_NASA_Background,negative,3.98,20.01,81.33,171.14,227.94,0.55,0.3333,285.78,7.49,11.54,0.004111,0
APDA-NEG-01653,2013-07-23,29.5,80.625,Uttarakhand,Background_Sampling,Copernicus_NASA_Background,negative,1.68,69.68,147.28,224.14,590.24,0.9,2.6667,2217.17,32.44,5.59,0.001258,0
APDA-NEG-01654,2011-06-30,31.0,79.375,Uttarakhand,Background_Sampling,Copernicus_NASA_Background,negative,14.01,26.15,53.93,77.48,125.47,0.76,1.7333,5085.99,17.29,81.7,0.00088,0
APDA-NEG-01655,2013-07-24,29.5,78.75,Uttarakhand,Background_Sampling,Copernicus_NASA_Background,negative,18.0,39.85,136.26,247.3,474.84,0.89,2.6,285.78,7.49,11.54,0.004111,0
APDA-NEG-01656,2007-07-30,31.0,79.375,Uttarakhand,Background_Sampling,Copernicus_NASA_Background,negative,15.81,31.27,44.03,80.8,174.03,0.73,1.5333,5085.99,17.29,81.7,0.00088,0
APDA-NEG-01657,2013-07-24,29.0,79.375,Uttarakhand,Background_Sampling,Copernicus_NASA_Background,negative,15.16,67.29,140.63,280.16,633.8,0.89,2.6,215.32,0.43,292.55,0.001399,0
APDA-NEG-01658,2017-05-20,29.5,78.75,Uttarakhand,Background_Sampling,Copernicus_NASA_Background,negative,1.25,6.22,11.26,14.32,20.86,0.3,-1.3333,285.78,7.49,11.54,0.004111,0
APDA-NEG-01659,2013-07-24,29.5,78.75,Uttarakhand,Background_Sampling,Copernicus_NASA_Background,negative,18.0,39.85,136.26,247.3,474.84,0.89,2.6,285.78,7.49,11.54,0.004111,0
APDA-NEG-01660,2011-07-06,29.0,79.375,Uttarakhand,Background_Sampling,Copernicus_NASA_Background,negative,3.06,11.37,214.22,310.04,373.57,0.67,1.1333,215.32,0.43,292.55,0.001399,0
APDA-NEG-01661,2013-07-24,30.5,80.0,Uttarakhand,Background_Sampling,Copernicus_NASA_Background,negative,7.72,17.62,60.91,105.52,226.67,0.83,2.2,5403.64,16.29,342.16,0.008133,0
APDA-NEG-01662,2014-07-24,30.5,77.5,Uttarakhand,Background_Sampling,Copernicus_NASA_Background,negative,8.41,32.87,73.62,183.15,233.13,0.62,0.8,425.48,0.38,300.89,0.001817,0
APDA-NEG-01663,2013-07-24,29.5,80.625,Uttarakhand,Background_Sampling,Copernicus_NASA_Background,negative,17.35,52.97,137.85,218.63,530.94,0.91,2.7333,2217.17,32.44,5.59,0.001258,0
APDA-NEG-01664,2018-04-27,30.5,80.0,Uttarakhand,Background_Sampling,Copernicus_NASA_Background,negative,0.42,0.43,2.69,5.09,42.5,0.55,0.3333,5403.64,16.29,342.16,0.008133,0
APDA-NEG-01665,2013-07-24,30.5,77.5,Uttarakhand,Background_Sampling,Copernicus_NASA_Background,negative,17.84,34.06,113.9,249.38,485.52,0.93,2.8667,425.48,0.38,300.89,0.001817,0
APDA-NEG-01666,2014-07-20,29.0,79.375,Uttarakhand,Background_Sampling,Copernicus_NASA_Background,negative,44.92,128.37,173.38,206.04,268.21,0.73,1.5333,215.32,0.43,292.55,0.001399,0
APDA-NEG-01667,2013-07-25,29.0,79.375,Uttarakhand,Background_Sampling,Copernicus_NASA_Background,negative,34.4,49.79,164.62,292.74,540.37,0.91,2.7333,215.32,0.43,292.55,0.001399,0
APDA-NEG-01668,2011-06-29,30.5,77.5,Uttarakhand,Background_Sampling,Copernicus_NASA_Background,negative,18.3,28.42,133.85,185.42,287.62,0.71,1.4,425.48,0.38,300.89,0.001817,0
APDA-NEG-01669,2013-07-25,31.0,79.375,Uttarakhand,Background_Sampling,Copernicus_NASA_Background,negative,2.26,10.63,49.78,88.78,161.2,0.84,2.2667,5085.99,17.29,81.7,0.00088,0
APDA-NEG-01670,2010-07-06,30.5,80.0,Uttarakhand,Background_Sampling,Copernicus_NASA_Background,negative,11.53,40.83,50.16,68.18,74.12,0.63,0.8667,5403.64,16.29,342.16,0.008133,0
APDA-NEG-01671,2013-07-25,29.5,78.75,Uttarakhand,Background_Sampling,Copernicus_NASA_Background,negative,14.25,32.64,139.91,249.82,426.57,0.89,2.6,285.78,7.49,11.54,0.004111,0
APDA-NEG-01672,2015-07-19,29.5,80.625,Uttarakhand,Background_Sampling,Copernicus_NASA_Background,negative,1.89,5.68,18.13,107.68,293.25,0.69,1.2667,2217.17,32.44,5.59,0.001258,0
APDA-NEG-01673,2013-07-25,29.5,80.625,Uttarakhand,Background_Sampling,Copernicus_NASA_Background,negative,19.75,38.78,147.1,221.9,434.99,0.92,2.8,2217.17,32.44,5.59,0.001258,0
APDA-NEG-01674,2010-09-03,31.0,79.375,Uttarakhand,Background_Sampling,Copernicus_NASA_Background,negative,11.09,38.03,60.49,138.53,230.98,0.86,2.4,5085.99,17.29,81.7,0.00088,0
APDA-NEG-01675,2013-07-25,30.5,77.5,Uttarakhand,Background_Sampling,Copernicus_NASA_Background,negative,4.96,23.56,111.7,252.93,451.61,0.92,2.8,425.48,0.38,300.89,0.001817,0
APDA-NEG-01676,2015-04-30,29.5,80.625,Uttarakhand,Background_Sampling,Copernicus_NASA_Background,negative,0.84,4.83,9.07,17.58,55.1,0.58,0.5333,2217.17,32.44,5.59,0.001258,0
APDA-NEG-01677,2013-07-26,30.5,77.5,Uttarakhand,Background_Sampling,Copernicus_NASA_Background,negative,0.73,23.53,92.78,248.64,448.38,0.9,2.6667,425.48,0.38,300.89,0.001817,0
APDA-NEG-01678,2011-07-06,30.5,77.5,Uttarakhand,Background_Sampling,Copernicus_NASA_Background,negative,31.97,67.11,91.03,224.96,320.65,0.8,2.0,425.48,0.38,300.89,0.001817,0
APDA-NEG-01679,2013-07-26,30.5,80.0,Uttarakhand,Background_Sampling,Copernicus_NASA_Background,negative,1.05,15.49,54.13,106.59,195.31,0.82,2.1333,5403.64,16.29,342.16,0.008133,0
APDA-NEG-01680,2011-07-10,30.5,77.5,Uttarakhand,Background_Sampling,Copernicus_NASA_Background,negative,16.82,33.98,109.68,195.28,336.87,0.79,1.9333,425.48,0.38,300.89,0.001817,0
APDA-NEG-01681,2013-07-27,31.0,79.375,Uttarakhand,Background_Sampling,Copernicus_NASA_Background,negative,0.9,3.64,31.63,86.9,153.66,0.83,2.2,5085.99,17.29,81.7,0.00088,0
APDA-NEG-01682,2011-06-30,29.0,79.375,Uttarakhand,Background_Sampling,Copernicus_NASA_Background,negative,121.08,180.55,214.31,231.64,292.91,0.82,2.1333,215.32,0.43,292.55,0.001399,0
APDA-NEG-01683,2013-07-28,29.0,79.375,Uttarakhand,Background_Sampling,Copernicus_NASA_Background,negative,9.51,24.13,125.82,303.22,507.92,0.89,2.6,215.32,0.43,292.55,0.001399,0
APDA-NEG-01684,2015-07-11,29.5,80.625,Uttarakhand,Background_Sampling,Copernicus_NASA_Background,negative,17.91,43.16,83.78,141.9,298.04,0.77,1.8,2217.17,32.44,5.59,0.001258,0
APDA-NEG-01685,2013-07-28,29.5,80.625,Uttarakhand,Background_Sampling,Copernicus_NASA_Background,negative,17.2,26.83,99.55,241.47,430.49,0.91,2.7333,2217.17,32.44,5.59,0.001258,0
APDA-NEG-01686,2010-08-05,30.5,77.5,Uttarakhand,Background_Sampling,Copernicus_NASA_Background,negative,19.21,33.0,236.53,330.08,495.57,0.9,2.6667,425.48,0.38,300.89,0.001817,0
APDA-NEG-01687,2013-07-31,29.5,80.625,Uttarakhand,Background_Sampling,Copernicus_NASA_Background,negative,5.92,11.21,57.79,222.42,430.75,0.9,2.6667,2217.17,32.44,5.59,0.001258,0
APDA-NEG-01688,2010-08-16,29.5,80.625,Uttarakhand,Background_Sampling,Copernicus_NASA_Background,negative,1.98,7.26,32.14,73.45,362.74,0.79,1.9333,2217.17,32.44,5.59,0.001258,0
APDA-NEG-01689,2013-07-31,29.5,80.625,Uttarakhand,Background_Sampling,Copernicus_NASA_Background,negative,5.92,11.21,57.79,222.42,430.75,0.9,2.6667,2217.17,32.44,5.59,0.001258,0
APDA-NEG-01690,2010-09-20,29.5,78.75,Uttarakhand,Background_Sampling,Copernicus_NASA_Background,negative,9.81,116.04,190.53,305.18,605.8,0.96,3.0667,285.78,7.49,11.54,0.004111,0
APDA-NEG-01691,2013-08-05,29.5,78.75,Uttarakhand,Background_Sampling,Copernicus_NASA_Background,negative,12.01,58.4,100.32,194.2,497.55,0.89,2.6,285.78,7.49,11.54,0.004111,0
APDA-NEG-01692,2013-06-16,30.5,80.0,Uttarakhand,Background_Sampling,Copernicus_NASA_Background,negative,54.81,74.25,107.54,117.48,122.39,0.77,1.8,5403.64,16.29,342.16,0.008133,0
APDA-NEG-01693,2013-08-13,30.5,77.5,Uttarakhand,Background_Sampling,Copernicus_NASA_Background,negative,21.42,50.51,103.16,309.42,576.09,0.96,3.0667,425.48,0.38,300.89,0.001817,0
APDA-NEG-01694,2013-07-10,29.5,78.75,Uttarakhand,Background_Sampling,Copernicus_NASA_Background,negative,11.73,59.69,126.79,176.75,587.9,0.84,2.2667,285.78,7.49,11.54,0.004111,0
APDA-NEG-01695,2013-08-17,30.5,77.5,Uttarakhand,Background_Sampling,Copernicus_NASA_Background,negative,30.14,66.48,134.33,338.49,545.72,0.97,3.1333,425.48,0.38,300.89,0.001817,0
APDA-NEG-01696,2013-07-25,30.5,77.5,Uttarakhand,Background_Sampling,Copernicus_NASA_Background,negative,4.96,23.56,111.7,252.93,451.61,0.92,2.8,425.48,0.38,300.89,0.001817,0
APDA-NEG-01697,2013-08-17,30.5,80.0,Uttarakhand,Background_Sampling,Copernicus_NASA_Background,negative,4.79,15.61,45.36,92.93,192.24,0.85,2.3333,5403.64,16.29,342.16,0.008133,0
APDA-NEG-01698,2015-07-24,29.0,79.375,Uttarakhand,Background_Sampling,Copernicus_NASA_Background,negative,8.12,15.32,21.19,195.91,534.27,0.76,1.7333,215.32,0.43,292.55,0.001399,0
APDA-NEG-01699,2013-08-18,30.5,77.5,Uttarakhand,Background_Sampling,Copernicus_NASA_Background,negative,3.91,46.35,119.51,305.17,529.98,0.96,3.0667,425.48,0.38,300.89,0.001817,0
APDA-NEG-01700,2013-08-18,29.5,78.75,Uttarakhand,Background_Sampling,Copernicus_NASA_Background,negative,3.79,61.41,115.6,246.79,470.03,0.92,2.8,285.78,7.49,11.54,0.004111,0
APDA-NEG-01701,2013-08-18,31.0,79.375,Uttarakhand,Background_Sampling,Copernicus_NASA_Background,negative,1.71,14.28,39.88,98.71,186.22,0.86,2.4,5085.99,17.29,81.7,0.00088,0
APDA-NEG-01702,2013-08-05,29.5,80.625,Uttarakhand,Background_Sampling,Copernicus_NASA_Background,negative,9.38,21.01,44.2,145.29,394.77,0.9,2.6667,2217.17,32.44,5.59,0.001258,0
APDA-NEG-01703,2013-08-18,31.0,79.375,Uttarakhand,Background_Sampling,Copernicus_NASA_Background,negative,1.71,14.28,39.88,98.71,186.22,0.86,2.4,5085.99,17.29,81.7,0.00088,0
APDA-NEG-01704,2017-04-06,29.5,80.625,Uttarakhand,Background_Sampling,Copernicus_NASA_Background,negative,25.84,35.3,36.13,38.77,61.73,0.57,0.4667,2217.17,32.44,5.59,0.001258,0
APDA-NEG-01705,2013-08-18,29.5,78.75,Uttarakhand,Background_Sampling,Copernicus_NASA_Background,negative,3.79,61.41,115.6,246.79,470.03,0.92,2.8,285.78,7.49,11.54,0.004111,0
APDA-NEG-01706,2015-08-01,30.5,80.0,Uttarakhand,Background_Sampling,Copernicus_NASA_Background,negative,8.71,16.22,22.28,50.0,138.97,0.76,1.7333,5403.64,16.29,342.16,0.008133,0
APDA-NEG-01707,2013-08-20,30.5,80.0,Uttarakhand,Background_Sampling,Copernicus_NASA_Background,negative,4.37,13.37,32.48,83.57,166.39,0.85,2.3333,5403.64,16.29,342.16,0.008133,0
APDA-NEG-01708,2010-08-22,30.5,80.0,Uttarakhand,Background_Sampling,Copernicus_NASA_Background,negative,9.3,30.02,62.98,107.0,250.44,0.81,2.0667,5403.64,16.29,342.16,0.008133,0
APDA-NEG-01709,2013-08-28,30.5,80.0,Uttarakhand,Background_Sampling,Copernicus_NASA_Background,negative,2.08,7.78,15.69,50.03,143.04,0.83,2.2,5403.64,16.29,342.16,0.008133,0
APDA-NEG-01710,2010-08-20,31.0,79.375,Uttarakhand,Background_Sampling,Copernicus_NASA_Background,negative,3.99,32.86,41.04,91.31,235.6,0.79,1.9333,5085.99,17.29,81.7,0.00088,0
APDA-NEG-01711,2013-09-30,30.5,77.5,Uttarakhand,Background_Sampling,Copernicus_NASA_Background,negative,6.98,16.02,29.66,47.81,140.07,0.84,2.2667,425.48,0.38,300.89,0.001817,0
APDA-NEG-01712,2013-09-30,30.5,80.0,Uttarakhand,Background_Sampling,Copernicus_NASA_Background,negative,1.62,5.4,14.33,23.79,45.0,0.79,1.9333,5403.64,16.29,342.16,0.008133,0
APDA-NEG-01713,2013-10-16,31.0,79.375,Uttarakhand,Background_Sampling,Copernicus_NASA_Background,negative,0.25,0.25,2.01,9.05,30.24,0.76,1.7333,5085.99,17.29,81.7,0.00088,0
APDA-NEG-01714,2016-08-16,30.5,80.0,Uttarakhand,Background_Sampling,Copernicus_NASA_Background,negative,7.2,9.92,22.24,61.99,148.03,0.76,1.7333,5403.64,16.29,342.16,0.008133,0
APDA-NEG-01715,2013-10-18,30.5,77.5,Uttarakhand,Background_Sampling,Copernicus_NASA_Background,negative,0.0,0.51,0.77,15.24,67.73,0.77,1.8,425.48,0.38,300.89,0.001817,0
APDA-NEG-01716,2010-09-18,31.0,79.375,Uttarakhand,Background_Sampling,Copernicus_NASA_Background,negative,25.01,53.13,70.5,122.37,260.9,0.88,2.5333,5085.99,17.29,81.7,0.00088,0
APDA-NEG-01717,2014-07-19,30.5,77.5,Uttarakhand,Background_Sampling,Copernicus_NASA_Background,negative,18.54,49.79,135.69,163.73,199.3,0.66,1.0667,425.48,0.38,300.89,0.001817,0
APDA-NEG-01718,2011-06-29,29.5,80.625,Uttarakhand,Background_Sampling,Copernicus_NASA_Background,negative,92.74,154.63,183.43,195.8,249.11,0.85,2.3333,2217.17,32.44,5.59,0.001258,0
APDA-NEG-01719,2014-07-20,29.0,79.375,Uttarakhand,Background_Sampling,Copernicus_NASA_Background,negative,44.92,128.37,173.38,206.04,268.21,0.73,1.5333,215.32,0.43,292.55,0.001399,0
APDA-NEG-01720,2007-08-11,29.0,79.375,Uttarakhand,Background_Sampling,Copernicus_NASA_Background,negative,9.31,22.4,28.93,295.22,506.15,0.84,2.2667,215.32,0.43,292.55,0.001399,0
APDA-NEG-01721,2014-07-24,29.0,79.375,Uttarakhand,Background_Sampling,Copernicus_NASA_Background,negative,3.88,15.39,144.47,200.83,275.95,0.6,0.6667,215.32,0.43,292.55,0.001399,0
APDA-NEG-01722,2009-09-01,29.5,80.625,Uttarakhand,Background_Sampling,Copernicus_NASA_Background,negative,0.59,2.8,12.7,57.23,261.68,0.73,1.5333,2217.17,32.44,5.59,0.001258,0
APDA-NEG-01723,2014-07-28,29.5,78.75,Uttarakhand,Background_Sampling,Copernicus_NASA_Background,negative,8.87,23.77,52.04,172.26,252.29,0.6,0.6667,285.78,7.49,11.54,0.004111,0
APDA-NEG-01724,2013-07-25,29.5,80.625,Uttarakhand,Background_Sampling,Copernicus_NASA_Background,negative,19.75,38.78,147.1,221.9,434.99,0.92,2.8,2217.17,32.44,5.59,0.001258,0
APDA-NEG-01725,2014-08-15,29.0,79.375,Uttarakhand,Background_Sampling,Copernicus_NASA_Background,negative,35.3,49.96,69.53,129.77,351.73,0.72,1.4667,215.32,0.43,292.55,0.001399,0
APDA-NEG-01726,2015-06-21,29.5,80.625,Uttarakhand,Background_Sampling,Copernicus_NASA_Background,negative,2.02,15.57,37.52,38.42,50.57,0.5,0.0,2217.17,32.44,5.59,0.001258,0
APDA-NEG-01727,2014-08-18,29.5,78.75,Uttarakhand,Background_Sampling,Copernicus_NASA_Background,negative,0.02,18.99,93.77,203.72,322.86,0.72,1.4667,285.78,7.49,11.54,0.004111,0
APDA-NEG-01728,2013-08-13,29.0,79.375,Uttarakhand,Background_Sampling,Copernicus_NASA_Background,negative,20.76,31.46,54.73,159.66,466.9,0.9,2.6667,215.32,0.43,292.55,0.001399,0
APDA-NEG-01729,2014-09-11,29.0,79.375,Uttarakhand,Background_Sampling,Copernicus_NASA_Background,negative,7.35,10.45,69.37,105.22,166.19,0.61,0.7333,215.32,0.43,292.55,0.001399,0
APDA-NEG-01730,2011-07-10,31.0,79.375,Uttarakhand,Background_Sampling,Copernicus_NASA_Background,negative,7.0,11.63,41.51,80.61,129.72,0.75,1.6667,5085.99,17.29,81.7,0.00088,0
APDA-NEG-01731,2015-03-31,30.5,80.0,Uttarakhand,Background_Sampling,Copernicus_NASA_Background,negative,0.39,32.27,33.11,33.2,105.95,0.73,1.5333,5403.64,16.29,342.16,0.008133,0
APDA-NEG-01732,2013-07-19,30.5,77.5,Uttarakhand,Background_Sampling,Copernicus_NASA_Background,negative,19.65,55.45,152.99,293.77,462.82,0.92,2.8,425.48,0.38,300.89,0.001817,0
APDA-NEG-01733,2015-04-28,30.5,80.0,Uttarakhand,Background_Sampling,Copernicus_NASA_Background,negative,1.94,2.92,3.36,13.96,71.18,0.7,1.3333,5403.64,16.29,342.16,0.008133,0
APDA-NEG-01734,2007-07-30,29.5,78.75,Uttarakhand,Background_Sampling,Copernicus_NASA_Background,negative,39.18,70.63,136.82,193.22,388.88,0.79,1.9333,285.78,7.49,11.54,0.004111,0
APDA-NEG-01735,2015-04-30,30.5,80.0,Uttarakhand,Background_Sampling,Copernicus_NASA_Background,negative,0.73,2.86,4.27,11.59,43.1,0.69,1.2667,5403.64,16.29,342.16,0.008133,0
APDA-NEG-01736,2013-06-17,29.5,78.75,Uttarakhand,Background_Sampling,Copernicus_NASA_Background,negative,63.16,240.74,300.2,327.14,336.92,0.87,2.4667,285.78,7.49,11.54,0.004111,0
APDA-NEG-01737,2015-06-21,30.5,80.0,Uttarakhand,Background_Sampling,Copernicus_NASA_Background,negative,1.19,8.47,14.4,17.14,21.43,0.57,0.4667,5403.64,16.29,342.16,0.008133,0
APDA-NEG-01738,2018-09-13,30.5,80.0,Uttarakhand,Background_Sampling,Copernicus_NASA_Background,negative,1.95,3.35,5.36,17.84,89.59,0.73,1.5333,5403.64,16.29,342.16,0.008133,0
APDA-NEG-01739,2015-06-25,30.5,80.0,Uttarakhand,Background_Sampling,Copernicus_NASA_Background,negative,13.35,16.39,26.02,32.61,38.6,0.62,0.8,5403.64,16.29,342.16,0.008133,0
APDA-NEG-01740,2013-07-25,30.5,80.0,Uttarakhand,Background_Sampling,Copernicus_NASA_Background,negative,6.72,15.73,63.56,108.41,198.9,0.83,2.2,5403.64,16.29,342.16,0.008133,0
APDA-NEG-01741,2015-07-06,30.5,77.5,Uttarakhand,Background_Sampling,Copernicus_NASA_Background,negative,43.9,81.25,93.57,167.02,198.9,0.71,1.4,425.48,0.38,300.89,0.001817,0
APDA-NEG-01742,2011-06-29,29.5,80.625,Uttarakhand,Background_Sampling,Copernicus_NASA_Background,negative,92.74,154.63,183.43,195.8,249.11,0.85,2.3333,2217.17,32.44,5.59,0.001258,0
APDA-NEG-01743,2015-07-10,31.0,79.375,Uttarakhand,Background_Sampling,Copernicus_NASA_Background,negative,15.71,23.57,56.77,86.28,108.93,0.74,1.6,5085.99,17.29,81.7,0.00088,0
APDA-NEG-01744,2016-08-16,30.5,80.0,Uttarakhand,Background_Sampling,Copernicus_NASA_Background,negative,7.2,9.92,22.24,61.99,148.03,0.76,1.7333,5403.64,16.29,342.16,0.008133,0
APDA-NEG-01745,2015-07-11,30.5,77.5,Uttarakhand,Background_Sampling,Copernicus_NASA_Background,negative,47.6,92.62,174.83,249.57,310.61,0.83,2.2,425.48,0.38,300.89,0.001817,0
APDA-NEG-01746,2008-07-18,31.0,79.375,Uttarakhand,Background_Sampling,Copernicus_NASA_Background,negative,16.74,41.49,57.88,80.44,137.25,0.77,1.8,5085.99,17.29,81.7,0.00088,0
APDA-NEG-01747,2015-07-11,29.0,79.375,Uttarakhand,Background_Sampling,Copernicus_NASA_Background,negative,91.09,158.36,230.87,358.71,510.33,0.9,2.6667,215.32,0.43,292.55,0.001399,0
APDA-NEG-01748,2018-08-10,30.5,80.0,Uttarakhand,Background_Sampling,Copernicus_NASA_Background,negative,0.15,3.0,46.2,83.59,142.48,0.74,1.6,5403.64,16.29,342.16,0.008133,0
APDA-NEG-01749,2015-07-19,30.5,77.5,Uttarakhand,Background_Sampling,Copernicus_NASA_Background,negative,1.15,20.49,78.61,276.66,395.3,0.76,1.7333,425.48,0.38,300.89,0.001817,0
APDA-NEG-01750,2012-07-05,31.0,79.375,Uttarakhand,Background_Sampling,Copernicus_NASA_Background,negative,0.01,6.84,26.34,43.3,44.1,0.61,0.7333,5085.99,17.29,81.7,0.00088,0
APDA-NEG-01751,2015-07-19,31.0,79.375,Uttarakhand,Background_Sampling,Copernicus_NASA_Background,negative,0.18,3.25,16.02,89.68,140.03,0.73,1.5333,5085.99,17.29,81.7,0.00088,0
APDA-NEG-01752,2016-07-16,30.5,77.5,Uttarakhand,Background_Sampling,Copernicus_NASA_Background,negative,56.79,80.52,93.61,150.67,209.53,0.75,1.6667,425.48,0.38,300.89,0.001817,0
APDA-NEG-01753,2015-07-24,29.5,80.625,Uttarakhand,Background_Sampling,Copernicus_NASA_Background,negative,14.07,42.9,50.08,104.28,322.35,0.78,1.8667,2217.17,32.44,5.59,0.001258,0
APDA-NEG-01754,2018-08-30,30.5,77.5,Uttarakhand,Background_Sampling,Copernicus_NASA_Background,negative,14.72,46.42,100.74,175.57,442.79,0.91,2.7333,425.48,0.38,300.89,0.001817,0
APDA-NEG-01755,2015-07-24,31.0,79.375,Uttarakhand,Background_Sampling,Copernicus_NASA_Background,negative,3.18,5.96,11.11,64.33,144.63,0.73,1.5333,5085.99,17.29,81.7,0.00088,0
APDA-NEG-01756,2011-08-08,30.5,77.5,Uttarakhand,Background_Sampling,Copernicus_NASA_Background,negative,1.81,15.67,57.59,197.44,442.18,0.89,2.6,425.48,0.38,300.89,0.001817,0
APDA-NEG-01757,2015-07-24,31.0,79.375,Uttarakhand,Background_Sampling,Copernicus_NASA_Background,negative,3.18,5.96,11.11,64.33,144.63,0.73,1.5333,5085.99,17.29,81.7,0.00088,0
APDA-NEG-01758,2018-08-11,29.5,80.625,Uttarakhand,Background_Sampling,Copernicus_NASA_Background,negative,4.31,8.77,50.44,151.57,299.59,0.78,1.8667,2217.17,32.44,5.59,0.001258,0
APDA-NEG-01759,2015-07-24,29.5,80.625,Uttarakhand,Background_Sampling,Copernicus_NASA_Background,negative,14.07,42.9,50.08,104.28,322.35,0.78,1.8667,2217.17,32.44,5.59,0.001258,0
APDA-NEG-01760,2011-06-29,31.0,79.375,Uttarakhand,Background_Sampling,Copernicus_NASA_Background,negative,8.68,14.13,46.36,63.58,117.49,0.73,1.5333,5085.99,17.29,81.7,0.00088,0
APDA-NEG-01761,2015-07-26,31.0,79.375,Uttarakhand,Background_Sampling,Copernicus_NASA_Background,negative,3.54,14.88,22.0,44.87,139.7,0.74,1.6,5085.99,17.29,81.7,0.00088,0
APDA-NEG-01762,2018-08-29,31.0,79.375,Uttarakhand,Background_Sampling,Copernicus_NASA_Background,negative,2.03,9.22,31.25,52.92,121.94,0.73,1.5333,5085.99,17.29,81.7,0.00088,0
APDA-NEG-01763,2015-07-28,29.5,80.625,Uttarakhand,Background_Sampling,Copernicus_NASA_Background,negative,0.11,2.88,55.23,76.91,211.34,0.7,1.3333,2217.17,32.44,5.59,0.001258,0
APDA-NEG-01764,2018-08-09,31.0,79.375,Uttarakhand,Background_Sampling,Copernicus_NASA_Background,negative,0.84,10.42,43.11,88.31,129.22,0.71,1.4,5085.99,17.29,81.7,0.00088,0
APDA-NEG-01765,2015-08-01,31.0,79.375,Uttarakhand,Background_Sampling,Copernicus_NASA_Background,negative,9.07,19.72,27.35,46.62,141.2,0.76,1.7333,5085.99,17.29,81.7,0.00088,0
APDA-NEG-01766,2015-08-01,29.5,80.625,Uttarakhand,Background_Sampling,Copernicus_NASA_Background,negative,8.45,17.26,20.16,79.69,188.75,0.74,1.6,2217.17,32.44,5.59,0.001258,0
APDA-NEG-01767,2015-08-15,30.5,80.0,Uttarakhand,Background_Sampling,Copernicus_NASA_Background,negative,3.32,6.85,17.43,52.18,95.93,0.74,1.6,5403.64,16.29,342.16,0.008133,0
APDA-NEG-01768,2016-08-04,29.5,78.75,Uttarakhand,Background_Sampling,Copernicus_NASA_Background,negative,0.13,0.77,71.25,190.04,371.53,0.75,1.6667,285.78,7.49,11.54,0.004111,0
APDA-NEG-01769,2015-08-15,29.0,79.375,Uttarakhand,Background_Sampling,Copernicus_NASA_Background,negative,18.8,25.88,58.82,121.16,171.79,0.77,1.8,215.32,0.43,292.55,0.001399,0
APDA-NEG-01770,2010-09-19,31.0,79.375,Uttarakhand,Background_Sampling,Copernicus_NASA_Background,negative,29.35,64.94,93.64,145.48,286.26,0.9,2.6667,5085.99,17.29,81.7,0.00088,0
APDA-NEG-01771,2015-08-15,31.0,79.375,Uttarakhand,Background_Sampling,Copernicus_NASA_Background,negative,4.22,7.56,17.23,61.73,101.72,0.76,1.7333,5085.99,17.29,81.7,0.00088,0
APDA-NEG-01772,2017-04-06,29.5,80.625,Uttarakhand,Background_Sampling,Copernicus_NASA_Background,negative,25.84,35.3,36.13,38.77,61.73,0.57,0.4667,2217.17,32.44,5.59,0.001258,0
APDA-NEG-01773,2015-08-15,29.5,80.625,Uttarakhand,Background_Sampling,Copernicus_NASA_Background,negative,4.55,10.65,23.97,55.79,130.14,0.71,1.4,2217.17,32.44,5.59,0.001258,0
APDA-NEG-01774,2013-07-12,30.5,80.0,Uttarakhand,Background_Sampling,Copernicus_NASA_Background,negative,1.42,8.12,62.21,85.38,282.35,0.79,1.9333,5403.64,16.29,342.16,0.008133,0
APDA-NEG-01775,2016-05-22,30.5,80.0,Uttarakhand,Background_Sampling,Copernicus_NASA_Background,negative,0.11,3.29,3.41,25.77,43.22,0.53,0.2,5403.64,16.29,342.16,0.008133,0
APDA-NEG-01776,2018-09-13,29.5,80.625,Uttarakhand,Background_Sampling,Copernicus_NASA_Background,negative,0.56,4.61,8.48,40.56,190.75,0.8,2.0,2217.17,32.44,5.59,0.001258,0
APDA-NEG-01777,2016-05-23,30.5,80.0,Uttarakhand,Background_Sampling,Copernicus_NASA_Background,negative,1.13,1.89,4.51,14.11,43.92,0.53,0.2,5403.64,16.29,342.16,0.008133,0
APDA-NEG-01778,2015-07-19,31.0,79.375,Uttarakhand,Background_Sampling,Copernicus_NASA_Background,negative,0.18,3.25,16.02,89.68,140.03,0.73,1.5333,5085.99,17.29,81.7,0.00088,0
APDA-NEG-01779,2016-06-29,29.5,80.625,Uttarakhand,Background_Sampling,Copernicus_NASA_Background,negative,2.45,3.38,10.39,65.38,90.63,0.5,0.0,2217.17,32.44,5.59,0.001258,0
APDA-NEG-01780,2010-09-18,31.0,79.375,Uttarakhand,Background_Sampling,Copernicus_NASA_Background,negative,25.01,53.13,70.5,122.37,260.9,0.88,2.5333,5085.99,17.29,81.7,0.00088,0
APDA-NEG-01781,2016-07-01,31.0,79.375,Uttarakhand,Background_Sampling,Copernicus_NASA_Background,negative,2.62,5.2,5.94,10.59,37.41,0.58,0.5333,5085.99,17.29,81.7,0.00088,0
APDA-NEG-01782,2013-06-24,29.5,78.75,Uttarakhand,Background_Sampling,Copernicus_NASA_Background,negative,30.07,45.08,48.43,361.35,385.35,0.75,1.6667,285.78,7.49,11.54,0.004111,0
APDA-NEG-01783,2016-07-16,29.5,78.75,Uttarakhand,Background_Sampling,Copernicus_NASA_Background,negative,30.21,42.98,50.1,114.02,155.24,0.6,0.6667,285.78,7.49,11.54,0.004111,0
APDA-NEG-01784,2015-07-24,29.5,78.75,Uttarakhand,Background_Sampling,Copernicus_NASA_Background,negative,4.46,12.89,23.65,199.89,427.15,0.73,1.5333,285.78,7.49,11.54,0.004111,0
APDA-NEG-01785,2016-07-16,29.5,78.75,Uttarakhand,Background_Sampling,Copernicus_NASA_Background,negative,30.21,42.98,50.1,114.02,155.24,0.6,0.6667,285.78,7.49,11.54,0.004111,0
APDA-NEG-01786,2011-06-29,29.5,80.625,Uttarakhand,Background_Sampling,Copernicus_NASA_Background,negative,92.74,154.63,183.43,195.8,249.11,0.85,2.3333,2217.17,32.44,5.59,0.001258,0
APDA-NEG-01787,2016-07-17,31.0,79.375,Uttarakhand,Background_Sampling,Copernicus_NASA_Background,negative,25.85,44.67,56.93,65.6,90.55,0.72,1.4667,5085.99,17.29,81.7,0.00088,0
APDA-NEG-01788,2009-09-01,29.5,78.75,Uttarakhand,Background_Sampling,Copernicus_NASA_Background,negative,5.41,29.14,51.23,106.57,290.24,0.73,1.5333,285.78,7.49,11.54,0.004111,0
APDA-NEG-01789,2016-07-17,29.5,80.625,Uttarakhand,Background_Sampling,Copernicus_NASA_Background,negative,11.71,42.36,76.24,129.29,210.34,0.71,1.4,2217.17,32.44,5.59,0.001258,0
APDA-NEG-01790,2016-08-04,29.5,80.625,Uttarakhand,Background_Sampling,Copernicus_NASA_Background,negative,3.26,11.06,40.42,131.98,251.42,0.74,1.6,2217.17,32.44,5.59,0.001258,0
APDA-NEG-01791,2016-07-18,31.0,79.375,Uttarakhand,Background_Sampling,Copernicus_NASA_Background,negative,5.43,45.69,61.23,67.36,95.63,0.71,1.4,5085.99,17.29,81.7,0.00088,0
APDA-NEG-01792,2017-07-05,30.5,80.0,Uttarakhand,Background_Sampling,Copernicus_NASA_Background,negative,6.29,12.7,30.59,54.76,90.41,0.65,1.0,5403.64,16.29,342.16,0.008133,0
APDA-NEG-01793,2016-07-31,29.5,80.625,Uttarakhand,Background_Sampling,Copernicus_NASA_Background,negative,10.94,20.94,60.12,137.25,277.44,0.75,1.6667,2217.17,32.44,5.59,0.001258,0
APDA-NEG-01794,2018-08-10,29.0,79.375,Uttarakhand,Background_Sampling,Copernicus_NASA_Background,negative,7.95,9.55,90.43,263.45,465.47,0.81,2.0667,215.32,0.43,292.55,0.001399,0
APDA-NEG-01795,2016-08-04,29.5,78.75,Uttarakhand,Background_Sampling,Copernicus_NASA_Background,negative,0.13,0.77,71.25,190.04,371.53,0.75,1.6667,285.78,7.49,11.54,0.004111,0
APDA-NEG-01796,2016-08-04,29.5,78.75,Uttarakhand,Background_Sampling,Copernicus_NASA_Background,negative,0.13,0.77,71.25,190.04,371.53,0.75,1.6667,285.78,7.49,11.54,0.004111,0
APDA-NEG-01797,2016-08-06,31.0,79.375,Uttarakhand,Background_Sampling,Copernicus_NASA_Background,negative,2.24,15.85,25.34,89.23,165.34,0.73,1.5333,5085.99,17.29,81.7,0.00088,0
APDA-NEG-01798,2011-07-09,29.0,79.375,Uttarakhand,Background_Sampling,Copernicus_NASA_Background,negative,7.42,17.47,28.9,319.1,367.76,0.68,1.2,215.32,0.43,292.55,0.001399,0
APDA-NEG-01799,2016-08-11,30.5,80.0,Uttarakhand,Background_Sampling,Copernicus_NASA_Background,negative,5.78,25.1,45.54,75.02,197.59,0.76,1.7333,5403.64,16.29,342.16,0.008133,0
APDA-NEG-01800,2012-08-06,29.5,78.75,Uttarakhand,Background_Sampling,Copernicus_NASA_Background,negative,0.56,59.48,92.02,181.18,294.77,0.65,1.0,285.78,7.49,11.54,0.004111,0
APDA-NEG-01801,2016-08-16,31.0,79.375,Uttarakhand,Background_Sampling,Copernicus_NASA_Background,negative,3.15,6.28,19.17,54.83,144.57,0.73,1.5333,5085.99,17.29,81.7,0.00088,0
APDA-NEG-01802,2017-05-20,31.0,79.375,Uttarakhand,Background_Sampling,Copernicus_NASA_Background,negative,3.77,13.72,19.01,21.37,30.37,0.6,0.6667,5085.99,17.29,81.7,0.00088,0
APDA-NEG-01803,2016-08-28,29.5,78.75,Uttarakhand,Background_Sampling,Copernicus_NASA_Background,negative,0.04,1.79,7.1,38.72,165.33,0.67,1.1333,285.78,7.49,11.54,0.004111,0
APDA-NEG-01804,2013-07-26,29.0,79.375,Uttarakhand,Background_Sampling,Copernicus_NASA_Background,negative,12.77,62.33,159.78,299.61,510.05,0.9,2.6667,215.32,0.43,292.55,0.001399,0
APDA-NEG-01805,2016-08-29,31.0,79.375,Uttarakhand,Background_Sampling,Copernicus_NASA_Background,negative,0.44,0.88,4.35,19.86,77.09,0.7,1.3333,5085.99,17.29,81.7,0.00088,0
APDA-NEG-01806,2014-07-28,29.0,79.375,Uttarakhand,Background_Sampling,Copernicus_NASA_Background,negative,13.55,41.18,63.77,237.86,319.27,0.67,1.1333,215.32,0.43,292.55,0.001399,0
APDA-NEG-01807,2016-09-11,29.0,79.375,Uttarakhand,Background_Sampling,Copernicus_NASA_Background,negative,0.5,0.55,2.57,46.14,127.91,0.66,1.0667,215.32,0.43,292.55,0.001399,0
APDA-NEG-01808,2013-07-28,29.5,78.75,Uttarakhand,Background_Sampling,Copernicus_NASA_Background,negative,21.47,27.93,82.03,257.89,431.32,0.89,2.6,285.78,7.49,11.54,0.004111,0
APDA-NEG-01809,2016-10-04,30.5,80.0,Uttarakhand,Background_Sampling,Copernicus_NASA_Background,negative,0.06,0.2,0.41,8.73,28.68,0.58,0.5333,5403.64,16.29,342.16,0.008133,0
APDA-NEG-01810,2011-06-07,31.0,79.375,Uttarakhand,Background_Sampling,Copernicus_NASA_Background,negative,1.77,10.19,19.87,59.24,65.31,0.7,1.3333,5085.99,17.29,81.7,0.00088,0
APDA-NEG-01811,2017-04-06,30.5,77.5,Uttarakhand,Background_Sampling,Copernicus_NASA_Background,negative,10.33,40.0,40.0,40.0,69.97,0.55,0.3333,425.48,0.38,300.89,0.001817,0
APDA-NEG-01812,2013-08-17,30.5,80.0,Uttarakhand,Background_Sampling,Copernicus_NASA_Background,negative,4.79,15.61,45.36,92.93,192.24,0.85,2.3333,5403.64,16.29,342.16,0.008133,0
APDA-NEG-01813,2017-04-06,30.5,80.0,Uttarakhand,Background_Sampling,Copernicus_NASA_Background,negative,14.5,28.33,28.47,29.79,51.3,0.55,0.3333,5403.64,16.29,342.16,0.008133,0
APDA-NEG-01814,2013-07-31,29.0,79.375,Uttarakhand,Background_Sampling,Copernicus_NASA_Background,negative,10.56,35.23,93.76,297.07,533.97,0.89,2.6,215.32,0.43,292.55,0.001399,0
APDA-NEG-01815,2017-04-06,29.0,79.375,Uttarakhand,Background_Sampling,Copernicus_NASA_Background,negative,6.8,11.34,11.35,11.66,23.3,0.34,-1.0667,215.32,0.43,292.55,0.001399,0
APDA-NEG-01816,2010-09-19,30.5,80.0,Uttarakhand,Background_Sampling,Copernicus_NASA_Background,negative,24.51,67.3,95.69,146.45,289.31,0.9,2.6667,5403.64,16.29,342.16,0.008133,0
APDA-NEG-01817,2017-04-06,29.0,79.375,Uttarakhand,Background_Sampling,Copernicus_NASA_Background,negative,6.8,11.34,11.35,11.66,23.3,0.34,-1.0667,215.32,0.43,292.55,0.001399,0
APDA-NEG-01818,2007-08-11,29.5,80.625,Uttarakhand,Background_Sampling,Copernicus_NASA_Background,negative,6.0,30.3,40.13,187.5,402.8,0.84,2.2667,2217.17,32.44,5.59,0.001258,0
APDA-NEG-01819,2017-05-20,31.0,79.375,Uttarakhand,Background_Sampling,Copernicus_NASA_Background,negative,3.77,13.72,19.01,21.37,30.37,0.6,0.6667,5085.99,17.29,81.7,0.00088,0
APDA-NEG-01820,2013-06-16,30.5,77.5,Uttarakhand,Background_Sampling,Copernicus_NASA_Background,negative,153.7,286.17,391.94,401.2,409.24,0.94,2.9333,425.48,0.38,300.89,0.001817,0
APDA-NEG-01821,2017-05-20,29.5,80.625,Uttarakhand,Background_Sampling,Copernicus_NASA_Background,negative,0.81,8.25,17.89,25.97,34.65,0.45,-0.3333,2217.17,32.44,5.59,0.001258,0
APDA-NEG-01822,2013-07-12,30.5,77.5,Uttarakhand,Background_Sampling,Copernicus_NASA_Background,negative,2.87,9.3,133.23,188.65,750.5,0.87,2.4667,425.48,0.38,300.89,0.001817,0
APDA-NEG-01823,2017-06-06,30.5,80.0,Uttarakhand,Background_Sampling,Copernicus_NASA_Background,negative,7.82,7.99,15.55,41.29,71.47,0.59,0.6,5403.64,16.29,342.16,0.008133,0
APDA-NEG-01824,2013-08-05,29.5,78.75,Uttarakhand,Background_Sampling,Copernicus_NASA_Background,negative,12.01,58.4,100.32,194.2,497.55,0.89,2.6,285.78,7.49,11.54,0.004111,0
APDA-NEG-01825,2017-07-05,29.5,78.75,Uttarakhand,Background_Sampling,Copernicus_NASA_Background,negative,7.76,14.64,65.65,116.01,169.44,0.49,-0.0667,285.78,7.49,11.54,0.004111,0
APDA-NEG-01826,2016-09-11,29.5,78.75,Uttarakhand,Background_Sampling,Copernicus_NASA_Background,negative,0.89,1.58,5.72,45.09,85.75,0.59,0.6,285.78,7.49,11.54,0.004111,0
APDA-NEG-01827,2017-07-07,29.5,80.625,Uttarakhand,Background_Sampling,Copernicus_NASA_Background,negative,22.63,108.39,168.83,190.85,236.68,0.8,2.0,2217.17,32.44,5.59,0.001258,0
APDA-NEG-01828,2010-09-19,29.0,79.375,Uttarakhand,Background_Sampling,Copernicus_NASA_Background,negative,48.66,150.95,210.24,324.79,682.55,0.97,3.1333,215.32,0.43,292.55,0.001399,0
APDA-NEG-01829,2017-07-11,30.5,80.0,Uttarakhand,Background_Sampling,Copernicus_NASA_Background,negative,13.85,28.91,77.31,104.8,137.33,0.77,1.8,5403.64,16.29,342.16,0.008133,0
APDA-NEG-01830,2011-07-08,30.5,77.5,Uttarakhand,Background_Sampling,Copernicus_NASA_Background,negative,3.34,43.9,79.56,224.84,327.32,0.74,1.6,425.48,0.38,300.89,0.001817,0
APDA-NEG-01831,2017-07-11,30.5,77.5,Uttarakhand,Background_Sampling,Copernicus_NASA_Background,negative,27.72,42.76,96.98,186.43,342.4,0.78,1.8667,425.48,0.38,300.89,0.001817,0
APDA-NEG-01832,2015-07-24,29.5,78.75,Uttarakhand,Background_Sampling,Copernicus_NASA_Background,negative,4.46,12.89,23.65,199.89,427.15,0.73,1.5333,285.78,7.49,11.54,0.004111,0
APDA-NEG-01833,2017-07-13,29.5,78.75,Uttarakhand,Background_Sampling,Copernicus_NASA_Background,negative,2.17,51.08,82.09,170.33,245.4,0.57,0.4667,285.78,7.49,11.54,0.004111,0
APDA-NEG-01834,2013-07-24,29.5,80.625,Uttarakhand,Background_Sampling,Copernicus_NASA_Background,negative,17.35,52.97,137.85,218.63,530.94,0.91,2.7333,2217.17,32.44,5.59,0.001258,0
APDA-NEG-01835,2017-09-03,30.5,77.5,Uttarakhand,Background_Sampling,Copernicus_NASA_Background,negative,3.26,82.83,140.12,222.29,337.28,0.87,2.4667,425.48,0.38,300.89,0.001817,0
APDA-NEG-01836,2009-09-01,29.5,80.625,Uttarakhand,Background_Sampling,Copernicus_NASA_Background,negative,0.59,2.8,12.7,57.23,261.68,0.73,1.5333,2217.17,32.44,5.59,0.001258,0
APDA-NEG-01837,2017-12-14,31.0,79.375,Uttarakhand,Background_Sampling,Copernicus_NASA_Background,negative,0.03,14.45,18.04,18.28,19.47,0.56,0.4,5085.99,17.29,81.7,0.00088,0
APDA-NEG-01838,2013-08-18,30.5,80.0,Uttarakhand,Background_Sampling,Copernicus_NASA_Background,negative,1.94,11.12,42.4,86.81,183.7,0.84,2.2667,5403.64,16.29,342.16,0.008133,0
APDA-NEG-01839,2018-04-27,29.0,79.375,Uttarakhand,Background_Sampling,Copernicus_NASA_Background,negative,0.14,0.14,0.43,2.2,29.81,0.17,-2.2,215.32,0.43,292.55,0.001399,0
APDA-NEG-01840,2013-07-24,29.5,80.625,Uttarakhand,Background_Sampling,Copernicus_NASA_Background,negative,17.35,52.97,137.85,218.63,530.94,0.91,2.7333,2217.17,32.44,5.59,0.001258,0
APDA-NEG-01841,2018-05-08,31.0,79.375,Uttarakhand,Background_Sampling,Copernicus_NASA_Background,negative,5.79,9.75,14.35,16.82,39.1,0.56,0.4,5085.99,17.29,81.7,0.00088,0
APDA-NEG-01842,2015-06-25,31.0,79.375,Uttarakhand,Background_Sampling,Copernicus_NASA_Background,negative,9.73,12.4,19.25,22.65,27.66,0.66,1.0667,5085.99,17.29,81.7,0.00088,0
APDA-NEG-01843,2018-06-01,30.5,80.0,Uttarakhand,Background_Sampling,Copernicus_NASA_Background,negative,2.8,4.62,4.98,7.86,22.9,0.51,0.0667,5403.64,16.29,342.16,0.008133,0
APDA-NEG-01844,2010-02-23,29.5,80.625,Uttarakhand,Background_Sampling,Copernicus_NASA_Background,negative,0.71,1.18,1.18,14.93,26.12,0.52,0.1333,2217.17,32.44,5.59,0.001258,0
APDA-NEG-01845,2018-08-09,29.5,80.625,Uttarakhand,Background_Sampling,Copernicus_NASA_Background,negative,0.52,7.01,72.43,175.42,332.93,0.77,1.8,2217.17,32.44,5.59,0.001258,0
APDA-NEG-01846,2015-07-24,29.5,78.75,Uttarakhand,Background_Sampling,Copernicus_NASA_Background,negative,4.46,12.89,23.65,199.89,427.15,0.73,1.5333,285.78,7.49,11.54,0.004111,0
APDA-NEG-01847,2018-08-10,29.5,80.625,Uttarakhand,Background_Sampling,Copernicus_NASA_Background,negative,3.94,4.82,63.41,167.11,318.96,0.78,1.8667,2217.17,32.44,5.59,0.001258,0
APDA-NEG-01848,2014-08-15,29.5,78.75,Uttarakhand,Background_Sampling,Copernicus_NASA_Background,negative,42.28,73.56,116.26,229.07,372.77,0.78,1.8667,285.78,7.49,11.54,0.004111,0
APDA-NEG-01849,2018-08-11,29.0,79.375,Uttarakhand,Background_Sampling,Copernicus_NASA_Background,negative,21.4,29.86,97.89,270.07,462.24,0.83,2.2,215.32,0.43,292.55,0.001399,0
APDA-NEG-01850,2013-07-25,30.5,77.5,Uttarakhand,Background_Sampling,Copernicus_NASA_Background,negative,4.96,23.56,111.7,252.93,451.61,0.92,2.8,425.48,0.38,300.89,0.001817,0
APDA-NEG-01851,2018-08-18,29.5,80.625,Uttarakhand,Background_Sampling,Copernicus_NASA_Background,negative,1.77,4.29,37.3,105.02,273.83,0.77,1.8,2217.17,32.44,5.59,0.001258,0
APDA-NEG-01852,2013-07-18,29.5,78.75,Uttarakhand,Background_Sampling,Copernicus_NASA_Background,negative,10.6,74.02,105.62,236.7,395.61,0.86,2.4,285.78,7.49,11.54,0.004111,0
APDA-NEG-01853,2018-08-25,30.5,77.5,Uttarakhand,Background_Sampling,Copernicus_NASA_Background,negative,11.25,50.98,98.81,200.81,509.41,0.9,2.6667,425.48,0.38,300.89,0.001817,0
APDA-NEG-01854,2015-04-30,30.5,80.0,Uttarakhand,Background_Sampling,Copernicus_NASA_Background,negative,0.73,2.86,4.27,11.59,43.1,0.69,1.2667,5403.64,16.29,342.16,0.008133,0
APDA-NEG-01855,2018-08-29,30.5,80.0,Uttarakhand,Background_Sampling,Copernicus_NASA_Background,negative,4.11,13.4,51.61,71.75,144.35,0.76,1.7333,5403.64,16.29,342.16,0.008133,0
APDA-NEG-01856,2015-07-28,31.0,79.375,Uttarakhand,Background_Sampling,Copernicus_NASA_Background,negative,0.93,7.62,21.74,35.15,134.09,0.73,1.5333,5085.99,17.29,81.7,0.00088,0
APDA-NEG-01857,2018-08-30,29.0,79.375,Uttarakhand,Background_Sampling,Copernicus_NASA_Background,negative,19.85,43.9,209.88,249.66,500.13,0.9,2.6667,215.32,0.43,292.55,0.001399,0
APDA-NEG-01858,2013-07-18,30.5,77.5,Uttarakhand,Background_Sampling,Copernicus_NASA_Background,negative,7.16,74.13,136.21,274.87,443.26,0.91,2.7333,425.48,0.38,300.89,0.001817,0
APDA-NEG-01859,2018-09-03,31.0,79.375,Uttarakhand,Background_Sampling,Copernicus_NASA_Background,negative,2.76,6.44,14.82,55.21,119.99,0.72,1.4667,5085.99,17.29,81.7,0.00088,0
APDA-NEG-01860,2013-07-24,29.0,79.375,Uttarakhand,Background_Sampling,Copernicus_NASA_Background,negative,15.16,67.29,140.63,280.16,633.8,0.89,2.6,215.32,0.43,292.55,0.001399,0
APDA-NEG-01861,2018-09-13,30.5,77.5,Uttarakhand,Background_Sampling,Copernicus_NASA_Background,negative,17.5,49.19,70.55,143.5,305.16,0.91,2.7333,425.48,0.38,300.89,0.001817,0
APDA-NEG-01862,2010-07-06,29.5,78.75,Uttarakhand,Background_Sampling,Copernicus_NASA_Background,negative,21.72,94.94,121.1,155.87,173.02,0.58,0.5333,285.78,7.49,11.54,0.004111,0
APDA-NEG-01863,2018-12-21,29.5,78.75,Uttarakhand,Background_Sampling,Copernicus_NASA_Background,negative,0.0,0.0,0.0,1.12,1.13,0.42,-0.5333,285.78,7.49,11.54,0.004111,0
APDA-NEG-01864,2014-07-19,29.5,80.625,Uttarakhand,Background_Sampling,Copernicus_NASA_Background,negative,84.8,130.97,150.49,192.69,230.22,0.85,2.3333,2217.17,32.44,5.59,0.001258,0
