event_id,date_std,timestamp_utc,year,state,latitude,longitude,event_title,location_description,location_accuracy,landslide_category,landslide_trigger,landslide_size,landslide_setting,fatality_count,injury_count,source_name,source_catalog,source_record_id,source_dataset,source_link,verification_basis,data_quality_flag,elevation,slope,aspect,curvature,landslide
APDA-NEG-00001,2003-10-28,2003-10-28 12:00:00,2003,Himachal Pradesh,30.3939,77.5958,Absence Control: Paonta Sahib Yamuna Basin,Paonta Sahib Yamuna Basin,Point verified absence,None,None,None,Low-slope plain / valley basin,0,0,Apda_Mitra_Spatial_Buffer_Sampling,Absence_Control,NEG-00001,Spatial_Absence_Control,https://apdamitra.in/data/absence,Buffered >= 0.1 deg from positive slides,VALID_NEGATIVE_ABSENCE,395,4.1,133.3,-0.0097,0
APDA-NEG-00002,2001-11-12,2001-11-12 12:00:00,2001,Himachal Pradesh,30.4212,77.5858,Absence Control: Paonta Sahib Yamuna Basin,Paonta Sahib Yamuna Basin,Point verified absence,None,None,None,Low-slope plain / valley basin,0,0,Apda_Mitra_Spatial_Buffer_Sampling,Absence_Control,NEG-00002,Spatial_Absence_Control,https://apdamitra.in/data/absence,Buffered >= 0.1 deg from positive slides,VALID_NEGATIVE_ABSENCE,418,6.5,100.1,-0.0025,0
APDA-NEG-00003,2008-12-24,2008-12-24 12:00:00,2008,Himachal Pradesh,30.4707,77.588,Absence Control: Paonta Sahib Yamuna Basin,Paonta Sahib Yamuna Basin,Point verified absence,None,None,None,Low-slope plain / valley basin,0,0,Apda_Mitra_Spatial_Buffer_Sampling,Absence_Control,NEG-00003,Spatial_Absence_Control,https://apdamitra.in/data/absence,Buffered >= 0.1 deg from positive slides,VALID_NEGATIVE_ABSENCE,411,5.5,237.2,0.0154,0
APDA-NEG-00004,2020-06-16,2020-06-16 12:00:00,2020,Himachal Pradesh,30.3978,77.6082,Absence Control: Paonta Sahib Yamuna Basin,Paonta Sahib Yamuna Basin,Point verified absence,None,None,None,Low-slope plain / valley basin,0,0,Apda_Mitra_Spatial_Buffer_Sampling,Absence_Control,NEG-00004,Spatial_Absence_Control,https://apdamitra.in/data/absence,Buffered >= 0.1 deg from positive slides,VALID_NEGATIVE_ABSENCE,415,5.0,67.5,-0.0006,0
APDA-NEG-00005,2007-04-03,2007-04-03 12:00:00,2007,Himachal Pradesh,30.3784,77.5924,Absence Control: Paonta Sahib Yamuna Basin,Paonta Sahib Yamuna Basin,Point verified absence,None,None,None,Low-slope plain / valley basin,0,0,Apda_Mitra_Spatial_Buffer_Sampling,Absence_Control,NEG-00005,Spatial_Absence_Control,https://apdamitra.in/data/absence,Buffered >= 0.1 deg from positive slides,VALID_NEGATIVE_ABSENCE,395,6.4,25.0,-0.0075,0
APDA-NEG-00006,2006-03-03,2006-03-03 12:00:00,2006,Himachal Pradesh,30.4191,77.5806,Absence Control: Paonta Sahib Yamuna Basin,Paonta Sahib Yamuna Basin,Point verified absence,None,None,None,Low-slope plain / valley basin,0,0,Apda_Mitra_Spatial_Buffer_Sampling,Absence_Control,NEG-00006,Spatial_Absence_Control,https://apdamitra.in/data/absence,Buffered >= 0.1 deg from positive slides,VALID_NEGATIVE_ABSENCE,380,6.5,152.2,-0.0007,0
APDA-NEG-00007,1999-01-27,1999-01-27 12:00:00,1999,Himachal Pradesh,30.3968,77.6292,Absence Control: Paonta Sahib Yamuna Basin,Paonta Sahib Yamuna Basin,Point verified absence,None,None,None,Low-slope plain / valley basin,0,0,Apda_Mitra_Spatial_Buffer_Sampling,Absence_Control,NEG-00007,Spatial_Absence_Control,https://apdamitra.in/data/absence,Buffered >= 0.1 deg from positive slides,VALID_NEGATIVE_ABSENCE,397,4.5,2.3,-0.0159,0
APDA-NEG-00008,2019-01-09,2019-01-09 12:00:00,2019,Himachal Pradesh,30.44,77.6682,Absence Control: Paonta Sahib Yamuna Basin,Paonta Sahib Yamuna Basin,Point verified absence,None,None,None,Low-slope plain / valley basin,0,0,Apda_Mitra_Spatial_Buffer_Sampling,Absence_Control,NEG-00008,Spatial_Absence_Control,https://apdamitra.in/data/absence,Buffered >= 0.1 deg from positive slides,VALID_NEGATIVE_ABSENCE,379,6.4,171.9,-0.0102,0
APDA-NEG-00009,2000-07-07,2000-07-07 12:00:00,2000,Himachal Pradesh,30.4141,77.6095,Absence Control: Paonta Sahib Yamuna Basin,Paonta Sahib Yamuna Basin,Point verified absence,None,None,None,Low-slope plain / valley basin,0,0,Apda_Mitra_Spatial_Buffer_Sampling,Absence_Control,NEG-00009,Spatial_Absence_Control,https://apdamitra.in/data/absence,Buffered >= 0.1 deg from positive slides,VALID_NEGATIVE_ABSENCE,424,4.3,35.2,0.012,0
APDA-NEG-00010,2009-11-04,2009-11-04 12:00:00,2009,Himachal Pradesh,30.435,77.6661,Absence Control: Paonta Sahib Yamuna Basin,Paonta Sahib Yamuna Basin,Point verified absence,None,None,None,Low-slope plain / valley basin,0,0,Apda_Mitra_Spatial_Buffer_Sampling,Absence_Control,NEG-00010,Spatial_Absence_Control,https://apdamitra.in/data/absence,Buffered >= 0.1 deg from positive slides,VALID_NEGATIVE_ABSENCE,405,5.3,230.8,0.0036,0
APDA-NEG-00011,2018-02-06,2018-02-06 12:00:00,2018,Himachal Pradesh,30.4818,77.5851,Absence Control: Paonta Sahib Yamuna Basin,Paonta Sahib Yamuna Basin,Point verified absence,None,None,None,Low-slope plain / valley basin,0,0,Apda_Mitra_Spatial_Buffer_Sampling,Absence_Control,NEG-00011,Spatial_Absence_Control,https://apdamitra.in/data/absence,Buffered >= 0.1 deg from positive slides,VALID_NEGATIVE_ABSENCE,394,5.2,331.7,-0.0195,0
APDA-NEG-00012,2003-09-05,2003-09-05 12:00:00,2003,Himachal Pradesh,30.4489,77.6826,Absence Control: Paonta Sahib Yamuna Basin,Paonta Sahib Yamuna Basin,Point verified absence,None,None,None,Low-slope plain / valley basin,0,0,Apda_Mitra_Spatial_Buffer_Sampling,Absence_Control,NEG-00012,Spatial_Absence_Control,https://apdamitra.in/data/absence,Buffered >= 0.1 deg from positive slides,VALID_NEGATIVE_ABSENCE,421,5.4,280.8,-0.0189,0
APDA-NEG-00013,1995-08-01,1995-08-01 12:00:00,1995,Himachal Pradesh,30.4426,77.6188,Absence Control: Paonta Sahib Yamuna Basin,Paonta Sahib Yamuna Basin,Point verified absence,None,None,None,Low-slope plain / valley basin,0,0,Apda_Mitra_Spatial_Buffer_Sampling,Absence_Control,NEG-00013,Spatial_Absence_Control,https://apdamitra.in/data/absence,Buffered >= 0.1 deg from positive slides,VALID_NEGATIVE_ABSENCE,396,4.3,85.9,0.001,0
APDA-NEG-00014,1995-05-12,1995-05-12 12:00:00,1995,Himachal Pradesh,30.3842,77.6417,Absence Control: Paonta Sahib Yamuna Basin,Paonta Sahib Yamuna Basin,Point verified absence,None,None,None,Low-slope plain / valley basin,0,0,Apda_Mitra_Spatial_Buffer_Sampling,Absence_Control,NEG-00014,Spatial_Absence_Control,https://apdamitra.in/data/absence,Buffered >= 0.1 deg from positive slides,VALID_NEGATIVE_ABSENCE,400,4.3,26.0,0.0073,0
APDA-NEG-00015,1997-01-20,1997-01-20 12:00:00,1997,Himachal Pradesh,30.4475,77.5952,Absence Control: Paonta Sahib Yamuna Basin,Paonta Sahib Yamuna Basin,Point verified absence,None,None,None,Low-slope plain / valley basin,0,0,Apda_Mitra_Spatial_Buffer_Sampling,Absence_Control,NEG-00015,Spatial_Absence_Control,https://apdamitra.in/data/absence,Buffered >= 0.1 deg from positive slides,VALID_NEGATIVE_ABSENCE,414,6.2,80.1,0.0125,0
APDA-NEG-00016,1995-01-20,1995-01-20 12:00:00,1995,Himachal Pradesh,30.4127,77.5857,Absence Control: Paonta Sahib Yamuna Basin,Paonta Sahib Yamuna Basin,Point verified absence,None,None,None,Low-slope plain / valley basin,0,0,Apda_Mitra_Spatial_Buffer_Sampling,Absence_Control,NEG-00016,Spatial_Absence_Control,https://apdamitra.in/data/absence,Buffered >= 0.1 deg from positive slides,VALID_NEGATIVE_ABSENCE,395,6.4,145.8,-0.0171,0
APDA-NEG-00017,2007-07-21,2007-07-21 12:00:00,2007,Himachal Pradesh,30.4823,77.5656,Absence Control: Paonta Sahib Yamuna Basin,Paonta Sahib Yamuna Basin,Point verified absence,None,None,None,Low-slope plain / valley basin,0,0,Apda_Mitra_Spatial_Buffer_Sampling,Absence_Control,NEG-00017,Spatial_Absence_Control,https://apdamitra.in/data/absence,Buffered >= 0.1 deg from positive slides,VALID_NEGATIVE_ABSENCE,418,6.0,98.3,-0.016,0
APDA-NEG-00018,2017-08-22,2017-08-22 12:00:00,2017,Himachal Pradesh,30.4783,77.5878,Absence Control: Paonta Sahib Yamuna Basin,Paonta Sahib Yamuna Basin,Point verified absence,None,None,None,Low-slope plain / valley basin,0,0,Apda_Mitra_Spatial_Buffer_Sampling,Absence_Control,NEG-00018,Spatial_Absence_Control,https://apdamitra.in/data/absence,Buffered >= 0.1 deg from positive slides,VALID_NEGATIVE_ABSENCE,385,4.9,31.6,-0.0071,0
APDA-NEG-00019,2007-04-24,2007-04-24 12:00:00,2007,Himachal Pradesh,30.4078,77.6053,Absence Control: Paonta Sahib Yamuna Basin,Paonta Sahib Yamuna Basin,Point verified absence,None,None,None,Low-slope plain / valley basin,0,0,Apda_Mitra_Spatial_Buffer_Sampling,Absence_Control,NEG-00019,Spatial_Absence_Control,https://apdamitra.in/data/absence,Buffered >= 0.1 deg from positive slides,VALID_NEGATIVE_ABSENCE,398,5.6,242.2,-0.0008,0
APDA-NEG-00020,2014-07-18,2014-07-18 12:00:00,2014,Himachal Pradesh,30.4151,77.6093,Absence Control: Paonta Sahib Yamuna Basin,Paonta Sahib Yamuna Basin,Point verified absence,None,None,None,Low-slope plain / valley basin,0,0,Apda_Mitra_Spatial_Buffer_Sampling,Absence_Control,NEG-00020,Spatial_Absence_Control,https://apdamitra.in/data/absence,Buffered >= 0.1 deg from positive slides,VALID_NEGATIVE_ABSENCE,394,5.4,252.9,-0.0085,0
APDA-NEG-00021,2015-06-14,2015-06-14 12:00:00,2015,Himachal Pradesh,30.4959,77.5724,Absence Control: Paonta Sahib Yamuna Basin,Paonta Sahib Yamuna Basin,Point verified absence,None,None,None,Low-slope plain / valley basin,0,0,Apda_Mitra_Spatial_Buffer_Sampling,Absence_Control,NEG-00021,Spatial_Absence_Control,https://apdamitra.in/data/absence,Buffered >= 0.1 deg from positive slides,VALID_NEGATIVE_ABSENCE,426,4.4,304.6,-0.0086,0
APDA-NEG-00022,1995-06-17,1995-06-17 12:00:00,1995,Himachal Pradesh,30.3977,77.6499,Absence Control: Paonta Sahib Yamuna Basin,Paonta Sahib Yamuna Basin,Point verified absence,None,None,None,Low-slope plain / valley basin,0,0,Apda_Mitra_Spatial_Buffer_Sampling,Absence_Control,NEG-00022,Spatial_Absence_Control,https://apdamitra.in/data/absence,Buffered >= 0.1 deg from positive slides,VALID_NEGATIVE_ABSENCE,403,5.8,358.6,-0.0136,0
APDA-NEG-00023,2011-03-04,2011-03-04 12:00:00,2011,Himachal Pradesh,30.4132,77.577,Absence Control: Paonta Sahib Yamuna Basin,Paonta Sahib Yamuna Basin,Point verified absence,None,None,None,Low-slope plain / valley basin,0,0,Apda_Mitra_Spatial_Buffer_Sampling,Absence_Control,NEG-00023,Spatial_Absence_Control,https://apdamitra.in/data/absence,Buffered >= 0.1 deg from positive slides,VALID_NEGATIVE_ABSENCE,424,5.4,44.8,0.0144,0
APDA-NEG-00024,2000-05-23,2000-05-23 12:00:00,2000,Himachal Pradesh,30.4698,77.6129,Absence Control: Paonta Sahib Yamuna Basin,Paonta Sahib Yamuna Basin,Point verified absence,None,None,None,Low-slope plain / valley basin,0,0,Apda_Mitra_Spatial_Buffer_Sampling,Absence_Control,NEG-00024,Spatial_Absence_Control,https://apdamitra.in/data/absence,Buffered >= 0.1 deg from positive slides,VALID_NEGATIVE_ABSENCE,409,5.6,299.4,-0.0101,0
APDA-NEG-00025,2017-11-28,2017-11-28 12:00:00,2017,Himachal Pradesh,30.3901,77.6016,Absence Control: Paonta Sahib Yamuna Basin,Paonta Sahib Yamuna Basin,Point verified absence,None,None,None,Low-slope plain / valley basin,0,0,Apda_Mitra_Spatial_Buffer_Sampling,Absence_Control,NEG-00025,Spatial_Absence_Control,https://apdamitra.in/data/absence,Buffered >= 0.1 deg from positive slides,VALID_NEGATIVE_ABSENCE,403,6.4,158.2,-0.0087,0
APDA-NEG-00026,2004-08-12,2004-08-12 12:00:00,2004,Himachal Pradesh,30.4389,77.6699,Absence Control: Paonta Sahib Yamuna Basin,Paonta Sahib Yamuna Basin,Point verified absence,None,None,None,Low-slope plain / valley basin,0,0,Apda_Mitra_Spatial_Buffer_Sampling,Absence_Control,NEG-00026,Spatial_Absence_Control,https://apdamitra.in/data/absence,Buffered >= 0.1 deg from positive slides,VALID_NEGATIVE_ABSENCE,381,6.3,142.0,0.0129,0
APDA-NEG-00027,2004-08-01,2004-08-01 12:00:00,2004,Himachal Pradesh,30.463,77.6159,Absence Control: Paonta Sahib Yamuna Basin,Paonta Sahib Yamuna Basin,Point verified absence,None,None,None,Low-slope plain / valley basin,0,0,Apda_Mitra_Spatial_Buffer_Sampling,Absence_Control,NEG-00027,Spatial_Absence_Control,https://apdamitra.in/data/absence,Buffered >= 0.1 deg from positive slides,VALID_NEGATIVE_ABSENCE,404,4.3,216.3,0.0106,0
APDA-NEG-00028,2001-05-04,2001-05-04 12:00:00,2001,Himachal Pradesh,30.4374,77.6311,Absence Control: Paonta Sahib Yamuna Basin,Paonta Sahib Yamuna Basin,Point verified absence,None,None,None,Low-slope plain / valley basin,0,0,Apda_Mitra_Spatial_Buffer_Sampling,Absence_Control,NEG-00028,Spatial_Absence_Control,https://apdamitra.in/data/absence,Buffered >= 0.1 deg from positive slides,VALID_NEGATIVE_ABSENCE,378,4.7,128.0,-0.0146,0
APDA-NEG-00029,2017-04-16,2017-04-16 12:00:00,2017,Himachal Pradesh,30.4154,77.565,Absence Control: Paonta Sahib Yamuna Basin,Paonta Sahib Yamuna Basin,Point verified absence,None,None,None,Low-slope plain / valley basin,0,0,Apda_Mitra_Spatial_Buffer_Sampling,Absence_Control,NEG-00029,Spatial_Absence_Control,https://apdamitra.in/data/absence,Buffered >= 0.1 deg from positive slides,VALID_NEGATIVE_ABSENCE,400,4.7,151.5,0.0199,0
APDA-NEG-00030,2010-12-09,2010-12-09 12:00:00,2010,Himachal Pradesh,30.4524,77.5861,Absence Control: Paonta Sahib Yamuna Basin,Paonta Sahib Yamuna Basin,Point verified absence,None,None,None,Low-slope plain / valley basin,0,0,Apda_Mitra_Spatial_Buffer_Sampling,Absence_Control,NEG-00030,Spatial_Absence_Control,https://apdamitra.in/data/absence,Buffered >= 0.1 deg from positive slides,VALID_NEGATIVE_ABSENCE,387,4.8,352.2,0.0194,0
APDA-NEG-00031,2000-09-19,2000-09-19 12:00:00,2000,Himachal Pradesh,30.4053,77.5663,Absence Control: Paonta Sahib Yamuna Basin,Paonta Sahib Yamuna Basin,Point verified absence,None,None,None,Low-slope plain / valley basin,0,0,Apda_Mitra_Spatial_Buffer_Sampling,Absence_Control,NEG-00031,Spatial_Absence_Control,https://apdamitra.in/data/absence,Buffered >= 0.1 deg from positive slides,VALID_NEGATIVE_ABSENCE,425,5.9,291.7,-0.0022,0
APDA-NEG-00032,2004-12-23,2004-12-23 12:00:00,2004,Himachal Pradesh,30.4453,77.5968,Absence Control: Paonta Sahib Yamuna Basin,Paonta Sahib Yamuna Basin,Point verified absence,None,None,None,Low-slope plain / valley basin,0,0,Apda_Mitra_Spatial_Buffer_Sampling,Absence_Control,NEG-00032,Spatial_Absence_Control,https://apdamitra.in/data/absence,Buffered >= 0.1 deg from positive slides,VALID_NEGATIVE_ABSENCE,397,6.0,314.6,0.0092,0
APDA-NEG-00033,2018-09-09,2018-09-09 12:00:00,2018,Himachal Pradesh,30.4099,77.6245,Absence Control: Paonta Sahib Yamuna Basin,Paonta Sahib Yamuna Basin,Point verified absence,None,None,None,Low-slope plain / valley basin,0,0,Apda_Mitra_Spatial_Buffer_Sampling,Absence_Control,NEG-00033,Spatial_Absence_Control,https://apdamitra.in/data/absence,Buffered >= 0.1 deg from positive slides,VALID_NEGATIVE_ABSENCE,411,4.3,121.4,-0.0133,0
APDA-NEG-00034,2007-10-14,2007-10-14 12:00:00,2007,Himachal Pradesh,30.4133,77.5925,Absence Control: Paonta Sahib Yamuna Basin,Paonta Sahib Yamuna Basin,Point verified absence,None,None,None,Low-slope plain / valley basin,0,0,Apda_Mitra_Spatial_Buffer_Sampling,Absence_Control,NEG-00034,Spatial_Absence_Control,https://apdamitra.in/data/absence,Buffered >= 0.1 deg from positive slides,VALID_NEGATIVE_ABSENCE,388,5.4,53.3,-0.0187,0
APDA-NEG-00035,2021-12-20,2021-12-20 12:00:00,2021,Himachal Pradesh,30.388,77.6345,Absence Control: Paonta Sahib Yamuna Basin,Paonta Sahib Yamuna Basin,Point verified absence,None,None,None,Low-slope plain / valley basin,0,0,Apda_Mitra_Spatial_Buffer_Sampling,Absence_Control,NEG-00035,Spatial_Absence_Control,https://apdamitra.in/data/absence,Buffered >= 0.1 deg from positive slides,VALID_NEGATIVE_ABSENCE,404,6.0,356.1,0.0023,0
APDA-NEG-00036,2011-01-03,2011-01-03 12:00:00,2011,Himachal Pradesh,30.3792,77.673,Absence Control: Paonta Sahib Yamuna Basin,Paonta Sahib Yamuna Basin,Point verified absence,None,None,None,Low-slope plain / valley basin,0,0,Apda_Mitra_Spatial_Buffer_Sampling,Absence_Control,NEG-00036,Spatial_Absence_Control,https://apdamitra.in/data/absence,Buffered >= 0.1 deg from positive slides,VALID_NEGATIVE_ABSENCE,396,5.0,129.1,0.0148,0
APDA-NEG-00037,2016-07-16,2016-07-16 12:00:00,2016,Himachal Pradesh,30.3814,77.5652,Absence Control: Paonta Sahib Yamuna Basin,Paonta Sahib Yamuna Basin,Point verified absence,None,None,None,Low-slope plain / valley basin,0,0,Apda_Mitra_Spatial_Buffer_Sampling,Absence_Control,NEG-00037,Spatial_Absence_Control,https://apdamitra.in/data/absence,Buffered >= 0.1 deg from positive slides,VALID_NEGATIVE_ABSENCE,398,4.8,285.0,-0.0096,0
APDA-NEG-00038,2014-11-17,2014-11-17 12:00:00,2014,Himachal Pradesh,30.473,77.5697,Absence Control: Paonta Sahib Yamuna Basin,Paonta Sahib Yamuna Basin,Point verified absence,None,None,None,Low-slope plain / valley basin,0,0,Apda_Mitra_Spatial_Buffer_Sampling,Absence_Control,NEG-00038,Spatial_Absence_Control,https://apdamitra.in/data/absence,Buffered >= 0.1 deg from positive slides,VALID_NEGATIVE_ABSENCE,398,6.3,146.6,0.0094,0
APDA-NEG-00039,2013-10-02,2013-10-02 12:00:00,2013,Himachal Pradesh,30.4267,77.6787,Absence Control: Paonta Sahib Yamuna Basin,Paonta Sahib Yamuna Basin,Point verified absence,None,None,None,Low-slope plain / valley basin,0,0,Apda_Mitra_Spatial_Buffer_Sampling,Absence_Control,NEG-00039,Spatial_Absence_Control,https://apdamitra.in/data/absence,Buffered >= 0.1 deg from positive slides,VALID_NEGATIVE_ABSENCE,411,4.6,121.4,0.002,0
APDA-NEG-00040,2009-11-06,2009-11-06 12:00:00,2009,Himachal Pradesh,30.4847,77.5653,Absence Control: Paonta Sahib Yamuna Basin,Paonta Sahib Yamuna Basin,Point verified absence,None,None,None,Low-slope plain / valley basin,0,0,Apda_Mitra_Spatial_Buffer_Sampling,Absence_Control,NEG-00040,Spatial_Absence_Control,https://apdamitra.in/data/absence,Buffered >= 0.1 deg from positive slides,VALID_NEGATIVE_ABSENCE,398,4.3,140.5,-0.0044,0
APDA-NEG-00041,2012-07-19,2012-07-19 12:00:00,2012,Himachal Pradesh,30.4026,77.6552,Absence Control: Paonta Sahib Yamuna Basin,Paonta Sahib Yamuna Basin,Point verified absence,None,None,None,Low-slope plain / valley basin,0,0,Apda_Mitra_Spatial_Buffer_Sampling,Absence_Control,NEG-00041,Spatial_Absence_Control,https://apdamitra.in/data/absence,Buffered >= 0.1 deg from positive slides,VALID_NEGATIVE_ABSENCE,406,5.7,105.7,-0.0134,0
APDA-NEG-00042,2019-04-23,2019-04-23 12:00:00,2019,Himachal Pradesh,30.4875,77.5842,Absence Control: Paonta Sahib Yamuna Basin,Paonta Sahib Yamuna Basin,Point verified absence,None,None,None,Low-slope plain / valley basin,0,0,Apda_Mitra_Spatial_Buffer_Sampling,Absence_Control,NEG-00042,Spatial_Absence_Control,https://apdamitra.in/data/absence,Buffered >= 0.1 deg from positive slides,VALID_NEGATIVE_ABSENCE,419,6.4,124.4,-0.0174,0
APDA-NEG-00043,2009-05-18,2009-05-18 12:00:00,2009,Himachal Pradesh,30.3943,77.6054,Absence Control: Paonta Sahib Yamuna Basin,Paonta Sahib Yamuna Basin,Point verified absence,None,None,None,Low-slope plain / valley basin,0,0,Apda_Mitra_Spatial_Buffer_Sampling,Absence_Control,NEG-00043,Spatial_Absence_Control,https://apdamitra.in/data/absence,Buffered >= 0.1 deg from positive slides,VALID_NEGATIVE_ABSENCE,378,5.7,224.9,0.0191,0
APDA-NEG-00044,1995-05-14,1995-05-14 12:00:00,1995,Himachal Pradesh,30.4547,77.6079,Absence Control: Paonta Sahib Yamuna Basin,Paonta Sahib Yamuna Basin,Point verified absence,None,None,None,Low-slope plain / valley basin,0,0,Apda_Mitra_Spatial_Buffer_Sampling,Absence_Control,NEG-00044,Spatial_Absence_Control,https://apdamitra.in/data/absence,Buffered >= 0.1 deg from positive slides,VALID_NEGATIVE_ABSENCE,386,5.2,131.5,-0.0095,0
APDA-NEG-00045,1998-05-26,1998-05-26 12:00:00,1998,Himachal Pradesh,30.4556,77.6633,Absence Control: Paonta Sahib Yamuna Basin,Paonta Sahib Yamuna Basin,Point verified absence,None,None,None,Low-slope plain / valley basin,0,0,Apda_Mitra_Spatial_Buffer_Sampling,Absence_Control,NEG-00045,Spatial_Absence_Control,https://apdamitra.in/data/absence,Buffered >= 0.1 deg from positive slides,VALID_NEGATIVE_ABSENCE,387,5.4,25.2,-0.0031,0
APDA-NEG-00046,1995-01-01,1995-01-01 12:00:00,1995,Himachal Pradesh,30.4263,77.6394,Absence Control: Paonta Sahib Yamuna Basin,Paonta Sahib Yamuna Basin,Point verified absence,None,None,None,Low-slope plain / valley basin,0,0,Apda_Mitra_Spatial_Buffer_Sampling,Absence_Control,NEG-00046,Spatial_Absence_Control,https://apdamitra.in/data/absence,Buffered >= 0.1 deg from positive slides,VALID_NEGATIVE_ABSENCE,401,5.6,275.9,-0.0139,0
APDA-NEG-00047,2013-10-03,2013-10-03 12:00:00,2013,Himachal Pradesh,30.4057,77.5781,Absence Control: Paonta Sahib Yamuna Basin,Paonta Sahib Yamuna Basin,Point verified absence,None,None,None,Low-slope plain / valley basin,0,0,Apda_Mitra_Spatial_Buffer_Sampling,Absence_Control,NEG-00047,Spatial_Absence_Control,https://apdamitra.in/data/absence,Buffered >= 0.1 deg from positive slides,VALID_NEGATIVE_ABSENCE,390,4.5,336.2,0.0128,0
APDA-NEG-00048,2008-06-09,2008-06-09 12:00:00,2008,Himachal Pradesh,30.4595,77.6442,Absence Control: Paonta Sahib Yamuna Basin,Paonta Sahib Yamuna Basin,Point verified absence,None,None,None,Low-slope plain / valley basin,0,0,Apda_Mitra_Spatial_Buffer_Sampling,Absence_Control,NEG-00048,Spatial_Absence_Control,https://apdamitra.in/data/absence,Buffered >= 0.1 deg from positive slides,VALID_NEGATIVE_ABSENCE,426,6.1,332.4,-0.009,0
APDA-NEG-00049,1999-03-17,1999-03-17 12:00:00,1999,Himachal Pradesh,30.4878,77.5661,Absence Control: Paonta Sahib Yamuna Basin,Paonta Sahib Yamuna Basin,Point verified absence,None,None,None,Low-slope plain / valley basin,0,0,Apda_Mitra_Spatial_Buffer_Sampling,Absence_Control,NEG-00049,Spatial_Absence_Control,https://apdamitra.in/data/absence,Buffered >= 0.1 deg from positive slides,VALID_NEGATIVE_ABSENCE,409,4.8,97.4,-0.0135,0
APDA-NEG-00050,2007-12-28,2007-12-28 12:00:00,2007,Himachal Pradesh,30.3874,77.577,Absence Control: Paonta Sahib Yamuna Basin,Paonta Sahib Yamuna Basin,Point verified absence,None,None,None,Low-slope plain / valley basin,0,0,Apda_Mitra_Spatial_Buffer_Sampling,Absence_Control,NEG-00050,Spatial_Absence_Control,https://apdamitra.in/data/absence,Buffered >= 0.1 deg from positive slides,VALID_NEGATIVE_ABSENCE,386,6.1,250.0,-0.012,0
APDA-NEG-00051,2020-06-05,2020-06-05 12:00:00,2020,Himachal Pradesh,30.4105,77.6319,Absence Control: Paonta Sahib Yamuna Basin,Paonta Sahib Yamuna Basin,Point verified absence,None,None,None,Low-slope plain / valley basin,0,0,Apda_Mitra_Spatial_Buffer_Sampling,Absence_Control,NEG-00051,Spatial_Absence_Control,https://apdamitra.in/data/absence,Buffered >= 0.1 deg from positive slides,VALID_NEGATIVE_ABSENCE,416,5.1,245.2,-0.0106,0
APDA-NEG-00052,1995-01-12,1995-01-12 12:00:00,1995,Himachal Pradesh,30.4797,77.5806,Absence Control: Paonta Sahib Yamuna Basin,Paonta Sahib Yamuna Basin,Point verified absence,None,None,None,Low-slope plain / valley basin,0,0,Apda_Mitra_Spatial_Buffer_Sampling,Absence_Control,NEG-00052,Spatial_Absence_Control,https://apdamitra.in/data/absence,Buffered >= 0.1 deg from positive slides,VALID_NEGATIVE_ABSENCE,415,5.2,227.0,-0.0106,0
APDA-NEG-00053,2014-06-17,2014-06-17 12:00:00,2014,Himachal Pradesh,30.4949,77.5724,Absence Control: Paonta Sahib Yamuna Basin,Paonta Sahib Yamuna Basin,Point verified absence,None,None,None,Low-slope plain / valley basin,0,0,Apda_Mitra_Spatial_Buffer_Sampling,Absence_Control,NEG-00053,Spatial_Absence_Control,https://apdamitra.in/data/absence,Buffered >= 0.1 deg from positive slides,VALID_NEGATIVE_ABSENCE,378,5.8,342.5,-0.0193,0
APDA-NEG-00054,1998-11-17,1998-11-17 12:00:00,1998,Himachal Pradesh,30.3888,77.6248,Absence Control: Paonta Sahib Yamuna Basin,Paonta Sahib Yamuna Basin,Point verified absence,None,None,None,Low-slope plain / valley basin,0,0,Apda_Mitra_Spatial_Buffer_Sampling,Absence_Control,NEG-00054,Spatial_Absence_Control,https://apdamitra.in/data/absence,Buffered >= 0.1 deg from positive slides,VALID_NEGATIVE_ABSENCE,413,5.7,203.3,-0.0078,0
APDA-NEG-00055,2003-04-11,2003-04-11 12:00:00,2003,Himachal Pradesh,30.4121,77.6715,Absence Control: Paonta Sahib Yamuna Basin,Paonta Sahib Yamuna Basin,Point verified absence,None,None,None,Low-slope plain / valley basin,0,0,Apda_Mitra_Spatial_Buffer_Sampling,Absence_Control,NEG-00055,Spatial_Absence_Control,https://apdamitra.in/data/absence,Buffered >= 0.1 deg from positive slides,VALID_NEGATIVE_ABSENCE,397,5.9,308.2,-0.0135,0
APDA-NEG-00056,2017-07-15,2017-07-15 12:00:00,2017,Himachal Pradesh,30.4223,77.5781,Absence Control: Paonta Sahib Yamuna Basin,Paonta Sahib Yamuna Basin,Point verified absence,None,None,None,Low-slope plain / valley basin,0,0,Apda_Mitra_Spatial_Buffer_Sampling,Absence_Control,NEG-00056,Spatial_Absence_Control,https://apdamitra.in/data/absence,Buffered >= 0.1 deg from positive slides,VALID_NEGATIVE_ABSENCE,400,6.0,269.6,0.0075,0
APDA-NEG-00057,2013-05-10,2013-05-10 12:00:00,2013,Himachal Pradesh,30.4036,77.6298,Absence Control: Paonta Sahib Yamuna Basin,Paonta Sahib Yamuna Basin,Point verified absence,None,None,None,Low-slope plain / valley basin,0,0,Apda_Mitra_Spatial_Buffer_Sampling,Absence_Control,NEG-00057,Spatial_Absence_Control,https://apdamitra.in/data/absence,Buffered >= 0.1 deg from positive slides,VALID_NEGATIVE_ABSENCE,416,4.1,209.5,-0.0174,0
APDA-NEG-00058,2016-11-06,2016-11-06 12:00:00,2016,Himachal Pradesh,30.3812,77.6426,Absence Control: Paonta Sahib Yamuna Basin,Paonta Sahib Yamuna Basin,Point verified absence,None,None,None,Low-slope plain / valley basin,0,0,Apda_Mitra_Spatial_Buffer_Sampling,Absence_Control,NEG-00058,Spatial_Absence_Control,https://apdamitra.in/data/absence,Buffered >= 0.1 deg from positive slides,VALID_NEGATIVE_ABSENCE,420,5.6,72.7,-0.0074,0
APDA-NEG-00059,2008-09-10,2008-09-10 12:00:00,2008,Himachal Pradesh,30.4289,77.6345,Absence Control: Paonta Sahib Yamuna Basin,Paonta Sahib Yamuna Basin,Point verified absence,None,None,None,Low-slope plain / valley basin,0,0,Apda_Mitra_Spatial_Buffer_Sampling,Absence_Control,NEG-00059,Spatial_Absence_Control,https://apdamitra.in/data/absence,Buffered >= 0.1 deg from positive slides,VALID_NEGATIVE_ABSENCE,396,5.9,142.4,-0.0075,0
APDA-NEG-00060,2018-02-04,2018-02-04 12:00:00,2018,Himachal Pradesh,30.4776,77.5745,Absence Control: Paonta Sahib Yamuna Basin,Paonta Sahib Yamuna Basin,Point verified absence,None,None,None,Low-slope plain / valley basin,0,0,Apda_Mitra_Spatial_Buffer_Sampling,Absence_Control,NEG-00060,Spatial_Absence_Control,https://apdamitra.in/data/absence,Buffered >= 0.1 deg from positive slides,VALID_NEGATIVE_ABSENCE,412,4.1,23.0,0.0045,0
APDA-NEG-00061,2009-10-17,2009-10-17 12:00:00,2009,Himachal Pradesh,30.4452,77.6096,Absence Control: Paonta Sahib Yamuna Basin,Paonta Sahib Yamuna Basin,Point verified absence,None,None,None,Low-slope plain / valley basin,0,0,Apda_Mitra_Spatial_Buffer_Sampling,Absence_Control,NEG-00061,Spatial_Absence_Control,https://apdamitra.in/data/absence,Buffered >= 0.1 deg from positive slides,VALID_NEGATIVE_ABSENCE,427,4.5,122.7,-0.0017,0
APDA-NEG-00062,2019-03-07,2019-03-07 12:00:00,2019,Himachal Pradesh,30.4279,77.6329,Absence Control: Paonta Sahib Yamuna Basin,Paonta Sahib Yamuna Basin,Point verified absence,None,None,None,Low-slope plain / valley basin,0,0,Apda_Mitra_Spatial_Buffer_Sampling,Absence_Control,NEG-00062,Spatial_Absence_Control,https://apdamitra.in/data/absence,Buffered >= 0.1 deg from positive slides,VALID_NEGATIVE_ABSENCE,392,6.2,195.5,-0.019,0
APDA-NEG-00063,2021-02-27,2021-02-27 12:00:00,2021,Himachal Pradesh,30.3877,77.6761,Absence Control: Paonta Sahib Yamuna Basin,Paonta Sahib Yamuna Basin,Point verified absence,None,None,None,Low-slope plain / valley basin,0,0,Apda_Mitra_Spatial_Buffer_Sampling,Absence_Control,NEG-00063,Spatial_Absence_Control,https://apdamitra.in/data/absence,Buffered >= 0.1 deg from positive slides,VALID_NEGATIVE_ABSENCE,390,4.0,190.9,-0.0084,0
APDA-NEG-00064,2017-01-22,2017-01-22 12:00:00,2017,Himachal Pradesh,30.4453,77.6416,Absence Control: Paonta Sahib Yamuna Basin,Paonta Sahib Yamuna Basin,Point verified absence,None,None,None,Low-slope plain / valley basin,0,0,Apda_Mitra_Spatial_Buffer_Sampling,Absence_Control,NEG-00064,Spatial_Absence_Control,https://apdamitra.in/data/absence,Buffered >= 0.1 deg from positive slides,VALID_NEGATIVE_ABSENCE,419,6.4,179.0,0.0165,0
APDA-NEG-00065,2013-05-27,2013-05-27 12:00:00,2013,Himachal Pradesh,30.4153,77.5918,Absence Control: Paonta Sahib Yamuna Basin,Paonta Sahib Yamuna Basin,Point verified absence,None,None,None,Low-slope plain / valley basin,0,0,Apda_Mitra_Spatial_Buffer_Sampling,Absence_Control,NEG-00065,Spatial_Absence_Control,https://apdamitra.in/data/absence,Buffered >= 0.1 deg from positive slides,VALID_NEGATIVE_ABSENCE,410,5.8,325.6,0.0058,0
APDA-NEG-00066,2000-09-15,2000-09-15 12:00:00,2000,Himachal Pradesh,30.4615,77.5977,Absence Control: Paonta Sahib Yamuna Basin,Paonta Sahib Yamuna Basin,Point verified absence,None,None,None,Low-slope plain / valley basin,0,0,Apda_Mitra_Spatial_Buffer_Sampling,Absence_Control,NEG-00066,Spatial_Absence_Control,https://apdamitra.in/data/absence,Buffered >= 0.1 deg from positive slides,VALID_NEGATIVE_ABSENCE,381,4.2,162.2,-0.0191,0
APDA-NEG-00067,2019-10-06,2019-10-06 12:00:00,2019,Himachal Pradesh,30.3957,77.6747,Absence Control: Paonta Sahib Yamuna Basin,Paonta Sahib Yamuna Basin,Point verified absence,None,None,None,Low-slope plain / valley basin,0,0,Apda_Mitra_Spatial_Buffer_Sampling,Absence_Control,NEG-00067,Spatial_Absence_Control,https://apdamitra.in/data/absence,Buffered >= 0.1 deg from positive slides,VALID_NEGATIVE_ABSENCE,421,4.5,199.2,-0.0025,0
APDA-NEG-00068,2016-01-10,2016-01-10 12:00:00,2016,Himachal Pradesh,30.4466,77.649,Absence Control: Paonta Sahib Yamuna Basin,Paonta Sahib Yamuna Basin,Point verified absence,None,None,None,Low-slope plain / valley basin,0,0,Apda_Mitra_Spatial_Buffer_Sampling,Absence_Control,NEG-00068,Spatial_Absence_Control,https://apdamitra.in/data/absence,Buffered >= 0.1 deg from positive slides,VALID_NEGATIVE_ABSENCE,396,6.0,31.1,0.0073,0
APDA-NEG-00069,2007-07-12,2007-07-12 12:00:00,2007,Himachal Pradesh,30.3774,77.5716,Absence Control: Paonta Sahib Yamuna Basin,Paonta Sahib Yamuna Basin,Point verified absence,None,None,None,Low-slope plain / valley basin,0,0,Apda_Mitra_Spatial_Buffer_Sampling,Absence_Control,NEG-00069,Spatial_Absence_Control,https://apdamitra.in/data/absence,Buffered >= 0.1 deg from positive slides,VALID_NEGATIVE_ABSENCE,384,4.2,345.7,0.0062,0
APDA-NEG-00070,2002-04-25,2002-04-25 12:00:00,2002,Himachal Pradesh,30.413,77.6761,Absence Control: Paonta Sahib Yamuna Basin,Paonta Sahib Yamuna Basin,Point verified absence,None,None,None,Low-slope plain / valley basin,0,0,Apda_Mitra_Spatial_Buffer_Sampling,Absence_Control,NEG-00070,Spatial_Absence_Control,https://apdamitra.in/data/absence,Buffered >= 0.1 deg from positive slides,VALID_NEGATIVE_ABSENCE,397,4.3,106.3,0.0043,0
APDA-NEG-00071,2005-04-27,2005-04-27 12:00:00,2005,Himachal Pradesh,30.4697,77.5806,Absence Control: Paonta Sahib Yamuna Basin,Paonta Sahib Yamuna Basin,Point verified absence,None,None,None,Low-slope plain / valley basin,0,0,Apda_Mitra_Spatial_Buffer_Sampling,Absence_Control,NEG-00071,Spatial_Absence_Control,https://apdamitra.in/data/absence,Buffered >= 0.1 deg from positive slides,VALID_NEGATIVE_ABSENCE,416,5.8,299.8,0.0164,0
APDA-NEG-00072,2004-02-11,2004-02-11 12:00:00,2004,Himachal Pradesh,30.3807,77.5752,Absence Control: Paonta Sahib Yamuna Basin,Paonta Sahib Yamuna Basin,Point verified absence,None,None,None,Low-slope plain / valley basin,0,0,Apda_Mitra_Spatial_Buffer_Sampling,Absence_Control,NEG-00072,Spatial_Absence_Control,https://apdamitra.in/data/absence,Buffered >= 0.1 deg from positive slides,VALID_NEGATIVE_ABSENCE,420,4.9,229.8,0.0185,0
APDA-NEG-00073,2005-10-24,2005-10-24 12:00:00,2005,Himachal Pradesh,30.4598,77.677,Absence Control: Paonta Sahib Yamuna Basin,Paonta Sahib Yamuna Basin,Point verified absence,None,None,None,Low-slope plain / valley basin,0,0,Apda_Mitra_Spatial_Buffer_Sampling,Absence_Control,NEG-00073,Spatial_Absence_Control,https://apdamitra.in/data/absence,Buffered >= 0.1 deg from positive slides,VALID_NEGATIVE_ABSENCE,397,6.4,133.5,0.0011,0
APDA-NEG-00074,1997-07-23,1997-07-23 12:00:00,1997,Himachal Pradesh,30.4303,77.5766,Absence Control: Paonta Sahib Yamuna Basin,Paonta Sahib Yamuna Basin,Point verified absence,None,None,None,Low-slope plain / valley basin,0,0,Apda_Mitra_Spatial_Buffer_Sampling,Absence_Control,NEG-00074,Spatial_Absence_Control,https://apdamitra.in/data/absence,Buffered >= 0.1 deg from positive slides,VALID_NEGATIVE_ABSENCE,388,4.5,210.8,-0.0086,0
APDA-NEG-00075,2008-08-01,2008-08-01 12:00:00,2008,Himachal Pradesh,30.4547,77.6203,Absence Control: Paonta Sahib Yamuna Basin,Paonta Sahib Yamuna Basin,Point verified absence,None,None,None,Low-slope plain / valley basin,0,0,Apda_Mitra_Spatial_Buffer_Sampling,Absence_Control,NEG-00075,Spatial_Absence_Control,https://apdamitra.in/data/absence,Buffered >= 0.1 deg from positive slides,VALID_NEGATIVE_ABSENCE,411,4.6,277.1,-0.0046,0
APDA-NEG-00076,2015-08-27,2015-08-27 12:00:00,2015,Himachal Pradesh,30.3815,77.6592,Absence Control: Paonta Sahib Yamuna Basin,Paonta Sahib Yamuna Basin,Point verified absence,None,None,None,Low-slope plain / valley basin,0,0,Apda_Mitra_Spatial_Buffer_Sampling,Absence_Control,NEG-00076,Spatial_Absence_Control,https://apdamitra.in/data/absence,Buffered >= 0.1 deg from positive slides,VALID_NEGATIVE_ABSENCE,406,6.4,325.8,-0.0048,0
APDA-NEG-00077,2013-10-04,2013-10-04 12:00:00,2013,Himachal Pradesh,30.4408,77.5876,Absence Control: Paonta Sahib Yamuna Basin,Paonta Sahib Yamuna Basin,Point verified absence,None,None,None,Low-slope plain / valley basin,0,0,Apda_Mitra_Spatial_Buffer_Sampling,Absence_Control,NEG-00077,Spatial_Absence_Control,https://apdamitra.in/data/absence,Buffered >= 0.1 deg from positive slides,VALID_NEGATIVE_ABSENCE,392,5.8,299.3,-0.015,0
APDA-NEG-00078,2009-01-11,2009-01-11 12:00:00,2009,Himachal Pradesh,30.3858,77.684,Absence Control: Paonta Sahib Yamuna Basin,Paonta Sahib Yamuna Basin,Point verified absence,None,None,None,Low-slope plain / valley basin,0,0,Apda_Mitra_Spatial_Buffer_Sampling,Absence_Control,NEG-00078,Spatial_Absence_Control,https://apdamitra.in/data/absence,Buffered >= 0.1 deg from positive slides,VALID_NEGATIVE_ABSENCE,427,4.1,45.1,-0.005,0
APDA-NEG-00079,2009-01-01,2009-01-01 12:00:00,2009,Himachal Pradesh,30.3867,77.648,Absence Control: Paonta Sahib Yamuna Basin,Paonta Sahib Yamuna Basin,Point verified absence,None,None,None,Low-slope plain / valley basin,0,0,Apda_Mitra_Spatial_Buffer_Sampling,Absence_Control,NEG-00079,Spatial_Absence_Control,https://apdamitra.in/data/absence,Buffered >= 0.1 deg from positive slides,VALID_NEGATIVE_ABSENCE,386,5.5,152.9,-0.0181,0
APDA-NEG-00080,2015-05-13,2015-05-13 12:00:00,2015,Himachal Pradesh,30.4686,77.6616,Absence Control: Paonta Sahib Yamuna Basin,Paonta Sahib Yamuna Basin,Point verified absence,None,None,None,Low-slope plain / valley basin,0,0,Apda_Mitra_Spatial_Buffer_Sampling,Absence_Control,NEG-00080,Spatial_Absence_Control,https://apdamitra.in/data/absence,Buffered >= 0.1 deg from positive slides,VALID_NEGATIVE_ABSENCE,420,4.1,285.2,0.0064,0
APDA-NEG-00081,2017-10-20,2017-10-20 12:00:00,2017,Himachal Pradesh,30.4188,77.5739,Absence Control: Paonta Sahib Yamuna Basin,Paonta Sahib Yamuna Basin,Point verified absence,None,None,None,Low-slope plain / valley basin,0,0,Apda_Mitra_Spatial_Buffer_Sampling,Absence_Control,NEG-00081,Spatial_Absence_Control,https://apdamitra.in/data/absence,Buffered >= 0.1 deg from positive slides,VALID_NEGATIVE_ABSENCE,381,5.7,203.7,0.0135,0
APDA-NEG-00082,1995-01-03,1995-01-03 12:00:00,1995,Himachal Pradesh,30.4412,77.5765,Absence Control: Paonta Sahib Yamuna Basin,Paonta Sahib Yamuna Basin,Point verified absence,None,None,None,Low-slope plain / valley basin,0,0,Apda_Mitra_Spatial_Buffer_Sampling,Absence_Control,NEG-00082,Spatial_Absence_Control,https://apdamitra.in/data/absence,Buffered >= 0.1 deg from positive slides,VALID_NEGATIVE_ABSENCE,391,6.0,28.4,0.0182,0
APDA-NEG-00083,2017-07-26,2017-07-26 12:00:00,2017,Himachal Pradesh,30.421,77.6143,Absence Control: Paonta Sahib Yamuna Basin,Paonta Sahib Yamuna Basin,Point verified absence,None,None,None,Low-slope plain / valley basin,0,0,Apda_Mitra_Spatial_Buffer_Sampling,Absence_Control,NEG-00083,Spatial_Absence_Control,https://apdamitra.in/data/absence,Buffered >= 0.1 deg from positive slides,VALID_NEGATIVE_ABSENCE,395,4.2,120.6,-0.0055,0
APDA-NEG-00084,1999-12-03,1999-12-03 12:00:00,1999,Himachal Pradesh,30.4707,77.6603,Absence Control: Paonta Sahib Yamuna Basin,Paonta Sahib Yamuna Basin,Point verified absence,None,None,None,Low-slope plain / valley basin,0,0,Apda_Mitra_Spatial_Buffer_Sampling,Absence_Control,NEG-00084,Spatial_Absence_Control,https://apdamitra.in/data/absence,Buffered >= 0.1 deg from positive slides,VALID_NEGATIVE_ABSENCE,387,5.5,180.9,-0.0001,0
APDA-NEG-00085,2009-08-21,2009-08-21 12:00:00,2009,Himachal Pradesh,30.3943,77.6331,Absence Control: Paonta Sahib Yamuna Basin,Paonta Sahib Yamuna Basin,Point verified absence,None,None,None,Low-slope plain / valley basin,0,0,Apda_Mitra_Spatial_Buffer_Sampling,Absence_Control,NEG-00085,Spatial_Absence_Control,https://apdamitra.in/data/absence,Buffered >= 0.1 deg from positive slides,VALID_NEGATIVE_ABSENCE,426,4.9,3.2,-0.0127,0
APDA-NEG-00086,2001-08-25,2001-08-25 12:00:00,2001,Himachal Pradesh,30.457,77.6409,Absence Control: Paonta Sahib Yamuna Basin,Paonta Sahib Yamuna Basin,Point verified absence,None,None,None,Low-slope plain / valley basin,0,0,Apda_Mitra_Spatial_Buffer_Sampling,Absence_Control,NEG-00086,Spatial_Absence_Control,https://apdamitra.in/data/absence,Buffered >= 0.1 deg from positive slides,VALID_NEGATIVE_ABSENCE,415,4.4,144.7,-0.0149,0
APDA-NEG-00087,2016-03-04,2016-03-04 12:00:00,2016,Himachal Pradesh,30.4869,77.5661,Absence Control: Paonta Sahib Yamuna Basin,Paonta Sahib Yamuna Basin,Point verified absence,None,None,None,Low-slope plain / valley basin,0,0,Apda_Mitra_Spatial_Buffer_Sampling,Absence_Control,NEG-00087,Spatial_Absence_Control,https://apdamitra.in/data/absence,Buffered >= 0.1 deg from positive slides,VALID_NEGATIVE_ABSENCE,407,4.2,253.2,-0.0185,0
APDA-NEG-00088,2015-07-23,2015-07-23 12:00:00,2015,Himachal Pradesh,30.4089,77.6624,Absence Control: Paonta Sahib Yamuna Basin,Paonta Sahib Yamuna Basin,Point verified absence,None,None,None,Low-slope plain / valley basin,0,0,Apda_Mitra_Spatial_Buffer_Sampling,Absence_Control,NEG-00088,Spatial_Absence_Control,https://apdamitra.in/data/absence,Buffered >= 0.1 deg from positive slides,VALID_NEGATIVE_ABSENCE,416,4.2,304.6,-0.0044,0
APDA-NEG-00089,1998-03-19,1998-03-19 12:00:00,1998,Himachal Pradesh,30.4514,77.6056,Absence Control: Paonta Sahib Yamuna Basin,Paonta Sahib Yamuna Basin,Point verified absence,None,None,None,Low-slope plain / valley basin,0,0,Apda_Mitra_Spatial_Buffer_Sampling,Absence_Control,NEG-00089,Spatial_Absence_Control,https://apdamitra.in/data/absence,Buffered >= 0.1 deg from positive slides,VALID_NEGATIVE_ABSENCE,422,4.8,347.3,0.0124,0
APDA-NEG-00090,2015-05-04,2015-05-04 12:00:00,2015,Himachal Pradesh,30.3867,77.5984,Absence Control: Paonta Sahib Yamuna Basin,Paonta Sahib Yamuna Basin,Point verified absence,None,None,None,Low-slope plain / valley basin,0,0,Apda_Mitra_Spatial_Buffer_Sampling,Absence_Control,NEG-00090,Spatial_Absence_Control,https://apdamitra.in/data/absence,Buffered >= 0.1 deg from positive slides,VALID_NEGATIVE_ABSENCE,378,4.6,121.7,-0.0011,0
APDA-NEG-00091,2013-01-25,2013-01-25 12:00:00,2013,Himachal Pradesh,30.472,77.6778,Absence Control: Paonta Sahib Yamuna Basin,Paonta Sahib Yamuna Basin,Point verified absence,None,None,None,Low-slope plain / valley basin,0,0,Apda_Mitra_Spatial_Buffer_Sampling,Absence_Control,NEG-00091,Spatial_Absence_Control,https://apdamitra.in/data/absence,Buffered >= 0.1 deg from positive slides,VALID_NEGATIVE_ABSENCE,421,4.4,356.6,-0.0118,0
APDA-NEG-00092,2021-02-20,2021-02-20 12:00:00,2021,Himachal Pradesh,30.4643,77.6137,Absence Control: Paonta Sahib Yamuna Basin,Paonta Sahib Yamuna Basin,Point verified absence,None,None,None,Low-slope plain / valley basin,0,0,Apda_Mitra_Spatial_Buffer_Sampling,Absence_Control,NEG-00092,Spatial_Absence_Control,https://apdamitra.in/data/absence,Buffered >= 0.1 deg from positive slides,VALID_NEGATIVE_ABSENCE,418,4.2,171.6,0.0136,0
APDA-NEG-00093,2001-08-20,2001-08-20 12:00:00,2001,Himachal Pradesh,30.4645,77.5782,Absence Control: Paonta Sahib Yamuna Basin,Paonta Sahib Yamuna Basin,Point verified absence,None,None,None,Low-slope plain / valley basin,0,0,Apda_Mitra_Spatial_Buffer_Sampling,Absence_Control,NEG-00093,Spatial_Absence_Control,https://apdamitra.in/data/absence,Buffered >= 0.1 deg from positive slides,VALID_NEGATIVE_ABSENCE,401,5.3,355.9,0.0112,0
APDA-NEG-00094,1998-09-20,1998-09-20 12:00:00,1998,Himachal Pradesh,30.4606,77.6554,Absence Control: Paonta Sahib Yamuna Basin,Paonta Sahib Yamuna Basin,Point verified absence,None,None,None,Low-slope plain / valley basin,0,0,Apda_Mitra_Spatial_Buffer_Sampling,Absence_Control,NEG-00094,Spatial_Absence_Control,https://apdamitra.in/data/absence,Buffered >= 0.1 deg from positive slides,VALID_NEGATIVE_ABSENCE,399,5.2,112.4,-0.0148,0
APDA-NEG-00095,2004-05-21,2004-05-21 12:00:00,2004,Himachal Pradesh,30.4178,77.5678,Absence Control: Paonta Sahib Yamuna Basin,Paonta Sahib Yamuna Basin,Point verified absence,None,None,None,Low-slope plain / valley basin,0,0,Apda_Mitra_Spatial_Buffer_Sampling,Absence_Control,NEG-00095,Spatial_Absence_Control,https://apdamitra.in/data/absence,Buffered >= 0.1 deg from positive slides,VALID_NEGATIVE_ABSENCE,422,4.1,265.0,0.0142,0
APDA-NEG-00096,1995-10-24,1995-10-24 12:00:00,1995,Himachal Pradesh,30.4139,77.5821,Absence Control: Paonta Sahib Yamuna Basin,Paonta Sahib Yamuna Basin,Point verified absence,None,None,None,Low-slope plain / valley basin,0,0,Apda_Mitra_Spatial_Buffer_Sampling,Absence_Control,NEG-00096,Spatial_Absence_Control,https://apdamitra.in/data/absence,Buffered >= 0.1 deg from positive slides,VALID_NEGATIVE_ABSENCE,410,4.9,74.5,0.0083,0
APDA-NEG-00097,2004-04-17,2004-04-17 12:00:00,2004,Himachal Pradesh,30.4175,77.6083,Absence Control: Paonta Sahib Yamuna Basin,Paonta Sahib Yamuna Basin,Point verified absence,None,None,None,Low-slope plain / valley basin,0,0,Apda_Mitra_Spatial_Buffer_Sampling,Absence_Control,NEG-00097,Spatial_Absence_Control,https://apdamitra.in/data/absence,Buffered >= 0.1 deg from positive slides,VALID_NEGATIVE_ABSENCE,417,5.8,356.5,-0.0076,0
APDA-NEG-00098,2012-02-18,2012-02-18 12:00:00,2012,Himachal Pradesh,30.4012,77.6419,Absence Control: Paonta Sahib Yamuna Basin,Paonta Sahib Yamuna Basin,Point verified absence,None,None,None,Low-slope plain / valley basin,0,0,Apda_Mitra_Spatial_Buffer_Sampling,Absence_Control,NEG-00098,Spatial_Absence_Control,https://apdamitra.in/data/absence,Buffered >= 0.1 deg from positive slides,VALID_NEGATIVE_ABSENCE,409,5.4,108.6,-0.0027,0
APDA-NEG-00099,2002-07-05,2002-07-05 12:00:00,2002,Himachal Pradesh,30.387,77.6671,Absence Control: Paonta Sahib Yamuna Basin,Paonta Sahib Yamuna Basin,Point verified absence,None,None,None,Low-slope plain / valley basin,0,0,Apda_Mitra_Spatial_Buffer_Sampling,Absence_Control,NEG-00099,Spatial_Absence_Control,https://apdamitra.in/data/absence,Buffered >= 0.1 deg from positive slides,VALID_NEGATIVE_ABSENCE,390,6.1,261.8,0.0025,0
APDA-NEG-00100,2020-11-06,2020-11-06 12:00:00,2020,Himachal Pradesh,30.441,77.5818,Absence Control: Paonta Sahib Yamuna Basin,Paonta Sahib Yamuna Basin,Point verified absence,None,None,None,Low-slope plain / valley basin,0,0,Apda_Mitra_Spatial_Buffer_Sampling,Absence_Control,NEG-00100,Spatial_Absence_Control,https://apdamitra.in/data/absence,Buffered >= 0.1 deg from positive slides,VALID_NEGATIVE_ABSENCE,423,5.5,160.4,-0.007,0
APDA-NEG-00101,2021-11-16,2021-11-16 12:00:00,2021,Himachal Pradesh,30.4071,77.6074,Absence Control: Paonta Sahib Yamuna Basin,Paonta Sahib Yamuna Basin,Point verified absence,None,None,None,Low-slope plain / valley basin,0,0,Apda_Mitra_Spatial_Buffer_Sampling,Absence_Control,NEG-00101,Spatial_Absence_Control,https://apdamitra.in/data/absence,Buffered >= 0.1 deg from positive slides,VALID_NEGATIVE_ABSENCE,378,6.0,350.4,-0.0161,0
APDA-NEG-00102,2004-10-13,2004-10-13 12:00:00,2004,Himachal Pradesh,30.4635,77.5826,Absence Control: Paonta Sahib Yamuna Basin,Paonta Sahib Yamuna Basin,Point verified absence,None,None,None,Low-slope plain / valley basin,0,0,Apda_Mitra_Spatial_Buffer_Sampling,Absence_Control,NEG-00102,Spatial_Absence_Control,https://apdamitra.in/data/absence,Buffered >= 0.1 deg from positive slides,VALID_NEGATIVE_ABSENCE,380,5.1,0.7,-0.0018,0
APDA-NEG-00103,2009-07-24,2009-07-24 12:00:00,2009,Himachal Pradesh,30.4783,77.6845,Absence Control: Paonta Sahib Yamuna Basin,Paonta Sahib Yamuna Basin,Point verified absence,None,None,None,Low-slope plain / valley basin,0,0,Apda_Mitra_Spatial_Buffer_Sampling,Absence_Control,NEG-00103,Spatial_Absence_Control,https://apdamitra.in/data/absence,Buffered >= 0.1 deg from positive slides,VALID_NEGATIVE_ABSENCE,425,4.1,35.1,-0.0097,0
APDA-NEG-00104,2014-07-03,2014-07-03 12:00:00,2014,Himachal Pradesh,30.4372,77.606,Absence Control: Paonta Sahib Yamuna Basin,Paonta Sahib Yamuna Basin,Point verified absence,None,None,None,Low-slope plain / valley basin,0,0,Apda_Mitra_Spatial_Buffer_Sampling,Absence_Control,NEG-00104,Spatial_Absence_Control,https://apdamitra.in/data/absence,Buffered >= 0.1 deg from positive slides,VALID_NEGATIVE_ABSENCE,427,4.3,179.1,-0.0106,0
APDA-NEG-00105,2000-02-25,2000-02-25 12:00:00,2000,Himachal Pradesh,30.4815,77.5827,Absence Control: Paonta Sahib Yamuna Basin,Paonta Sahib Yamuna Basin,Point verified absence,None,None,None,Low-slope plain / valley basin,0,0,Apda_Mitra_Spatial_Buffer_Sampling,Absence_Control,NEG-00105,Spatial_Absence_Control,https://apdamitra.in/data/absence,Buffered >= 0.1 deg from positive slides,VALID_NEGATIVE_ABSENCE,396,5.7,130.3,0.0171,0
APDA-NEG-00106,2015-10-18,2015-10-18 12:00:00,2015,Himachal Pradesh,30.4597,77.6749,Absence Control: Paonta Sahib Yamuna Basin,Paonta Sahib Yamuna Basin,Point verified absence,None,None,None,Low-slope plain / valley basin,0,0,Apda_Mitra_Spatial_Buffer_Sampling,Absence_Control,NEG-00106,Spatial_Absence_Control,https://apdamitra.in/data/absence,Buffered >= 0.1 deg from positive slides,VALID_NEGATIVE_ABSENCE,394,4.5,39.5,-0.0057,0
APDA-NEG-00107,2017-07-04,2017-07-04 12:00:00,2017,Himachal Pradesh,30.3866,77.6619,Absence Control: Paonta Sahib Yamuna Basin,Paonta Sahib Yamuna Basin,Point verified absence,None,None,None,Low-slope plain / valley basin,0,0,Apda_Mitra_Spatial_Buffer_Sampling,Absence_Control,NEG-00107,Spatial_Absence_Control,https://apdamitra.in/data/absence,Buffered >= 0.1 deg from positive slides,VALID_NEGATIVE_ABSENCE,423,5.1,357.9,0.0032,0
APDA-NEG-00108,2008-12-20,2008-12-20 12:00:00,2008,Himachal Pradesh,30.4589,77.6683,Absence Control: Paonta Sahib Yamuna Basin,Paonta Sahib Yamuna Basin,Point verified absence,None,None,None,Low-slope plain / valley basin,0,0,Apda_Mitra_Spatial_Buffer_Sampling,Absence_Control,NEG-00108,Spatial_Absence_Control,https://apdamitra.in/data/absence,Buffered >= 0.1 deg from positive slides,VALID_NEGATIVE_ABSENCE,420,4.0,291.6,0.0028,0
APDA-NEG-00109,2000-12-02,2000-12-02 12:00:00,2000,Himachal Pradesh,30.4052,77.5946,Absence Control: Paonta Sahib Yamuna Basin,Paonta Sahib Yamuna Basin,Point verified absence,None,None,None,Low-slope plain / valley basin,0,0,Apda_Mitra_Spatial_Buffer_Sampling,Absence_Control,NEG-00109,Spatial_Absence_Control,https://apdamitra.in/data/absence,Buffered >= 0.1 deg from positive slides,VALID_NEGATIVE_ABSENCE,421,5.3,50.6,-0.0189,0
APDA-NEG-00110,2006-02-21,2006-02-21 12:00:00,2006,Himachal Pradesh,30.4731,77.6421,Absence Control: Paonta Sahib Yamuna Basin,Paonta Sahib Yamuna Basin,Point verified absence,None,None,None,Low-slope plain / valley basin,0,0,Apda_Mitra_Spatial_Buffer_Sampling,Absence_Control,NEG-00110,Spatial_Absence_Control,https://apdamitra.in/data/absence,Buffered >= 0.1 deg from positive slides,VALID_NEGATIVE_ABSENCE,386,4.1,331.2,0.0086,0
APDA-NEG-00111,2004-06-27,2004-06-27 12:00:00,2004,Himachal Pradesh,30.4758,77.5878,Absence Control: Paonta Sahib Yamuna Basin,Paonta Sahib Yamuna Basin,Point verified absence,None,None,None,Low-slope plain / valley basin,0,0,Apda_Mitra_Spatial_Buffer_Sampling,Absence_Control,NEG-00111,Spatial_Absence_Control,https://apdamitra.in/data/absence,Buffered >= 0.1 deg from positive slides,VALID_NEGATIVE_ABSENCE,418,5.3,140.7,-0.0159,0
APDA-NEG-00112,2011-01-09,2011-01-09 12:00:00,2011,Himachal Pradesh,30.3951,77.6453,Absence Control: Paonta Sahib Yamuna Basin,Paonta Sahib Yamuna Basin,Point verified absence,None,None,None,Low-slope plain / valley basin,0,0,Apda_Mitra_Spatial_Buffer_Sampling,Absence_Control,NEG-00112,Spatial_Absence_Control,https://apdamitra.in/data/absence,Buffered >= 0.1 deg from positive slides,VALID_NEGATIVE_ABSENCE,422,4.2,125.4,0.0177,0
APDA-NEG-00113,2013-08-01,2013-08-01 12:00:00,2013,Himachal Pradesh,30.4671,77.6715,Absence Control: Paonta Sahib Yamuna Basin,Paonta Sahib Yamuna Basin,Point verified absence,None,None,None,Low-slope plain / valley basin,0,0,Apda_Mitra_Spatial_Buffer_Sampling,Absence_Control,NEG-00113,Spatial_Absence_Control,https://apdamitra.in/data/absence,Buffered >= 0.1 deg from positive slides,VALID_NEGATIVE_ABSENCE,420,5.7,133.1,-0.0141,0
APDA-NEG-00114,2014-08-12,2014-08-12 12:00:00,2014,Himachal Pradesh,30.4112,77.6336,Absence Control: Paonta Sahib Yamuna Basin,Paonta Sahib Yamuna Basin,Point verified absence,None,None,None,Low-slope plain / valley basin,0,0,Apda_Mitra_Spatial_Buffer_Sampling,Absence_Control,NEG-00114,Spatial_Absence_Control,https://apdamitra.in/data/absence,Buffered >= 0.1 deg from positive slides,VALID_NEGATIVE_ABSENCE,407,4.7,29.4,0.0088,0
APDA-NEG-00115,2011-04-18,2011-04-18 12:00:00,2011,Himachal Pradesh,30.4066,77.5854,Absence Control: Paonta Sahib Yamuna Basin,Paonta Sahib Yamuna Basin,Point verified absence,None,None,None,Low-slope plain / valley basin,0,0,Apda_Mitra_Spatial_Buffer_Sampling,Absence_Control,NEG-00115,Spatial_Absence_Control,https://apdamitra.in/data/absence,Buffered >= 0.1 deg from positive slides,VALID_NEGATIVE_ABSENCE,390,5.9,44.3,-0.0075,0
APDA-NEG-00116,2020-01-16,2020-01-16 12:00:00,2020,Himachal Pradesh,30.4283,77.6027,Absence Control: Paonta Sahib Yamuna Basin,Paonta Sahib Yamuna Basin,Point verified absence,None,None,None,Low-slope plain / valley basin,0,0,Apda_Mitra_Spatial_Buffer_Sampling,Absence_Control,NEG-00116,Spatial_Absence_Control,https://apdamitra.in/data/absence,Buffered >= 0.1 deg from positive slides,VALID_NEGATIVE_ABSENCE,416,6.1,103.7,0.0162,0
APDA-NEG-00117,2021-03-17,2021-03-17 12:00:00,2021,Himachal Pradesh,30.4715,77.6402,Absence Control: Paonta Sahib Yamuna Basin,Paonta Sahib Yamuna Basin,Point verified absence,None,None,None,Low-slope plain / valley basin,0,0,Apda_Mitra_Spatial_Buffer_Sampling,Absence_Control,NEG-00117,Spatial_Absence_Control,https://apdamitra.in/data/absence,Buffered >= 0.1 deg from positive slides,VALID_NEGATIVE_ABSENCE,405,4.5,27.3,-0.0193,0
APDA-NEG-00118,2003-03-09,2003-03-09 12:00:00,2003,Himachal Pradesh,30.4638,77.6678,Absence Control: Paonta Sahib Yamuna Basin,Paonta Sahib Yamuna Basin,Point verified absence,None,None,None,Low-slope plain / valley basin,0,0,Apda_Mitra_Spatial_Buffer_Sampling,Absence_Control,NEG-00118,Spatial_Absence_Control,https://apdamitra.in/data/absence,Buffered >= 0.1 deg from positive slides,VALID_NEGATIVE_ABSENCE,408,4.4,194.0,0.0125,0
APDA-NEG-00119,1996-12-12,1996-12-12 12:00:00,1996,Himachal Pradesh,30.4597,77.5916,Absence Control: Paonta Sahib Yamuna Basin,Paonta Sahib Yamuna Basin,Point verified absence,None,None,None,Low-slope plain / valley basin,0,0,Apda_Mitra_Spatial_Buffer_Sampling,Absence_Control,NEG-00119,Spatial_Absence_Control,https://apdamitra.in/data/absence,Buffered >= 0.1 deg from positive slides,VALID_NEGATIVE_ABSENCE,410,4.9,319.3,0.0118,0
APDA-NEG-00120,2007-07-17,2007-07-17 12:00:00,2007,Himachal Pradesh,30.4226,77.6461,Absence Control: Paonta Sahib Yamuna Basin,Paonta Sahib Yamuna Basin,Point verified absence,None,None,None,Low-slope plain / valley basin,0,0,Apda_Mitra_Spatial_Buffer_Sampling,Absence_Control,NEG-00120,Spatial_Absence_Control,https://apdamitra.in/data/absence,Buffered >= 0.1 deg from positive slides,VALID_NEGATIVE_ABSENCE,381,4.5,160.6,0.0089,0
APDA-NEG-00121,2021-06-06,2021-06-06 12:00:00,2021,Himachal Pradesh,30.468,77.6805,Absence Control: Paonta Sahib Yamuna Basin,Paonta Sahib Yamuna Basin,Point verified absence,None,None,None,Low-slope plain / valley basin,0,0,Apda_Mitra_Spatial_Buffer_Sampling,Absence_Control,NEG-00121,Spatial_Absence_Control,https://apdamitra.in/data/absence,Buffered >= 0.1 deg from positive slides,VALID_NEGATIVE_ABSENCE,383,4.7,227.9,-0.0064,0
APDA-NEG-00122,2013-04-13,2013-04-13 12:00:00,2013,Himachal Pradesh,30.4556,77.5987,Absence Control: Paonta Sahib Yamuna Basin,Paonta Sahib Yamuna Basin,Point verified absence,None,None,None,Low-slope plain / valley basin,0,0,Apda_Mitra_Spatial_Buffer_Sampling,Absence_Control,NEG-00122,Spatial_Absence_Control,https://apdamitra.in/data/absence,Buffered >= 0.1 deg from positive slides,VALID_NEGATIVE_ABSENCE,408,4.5,233.5,-0.0145,0
APDA-NEG-00123,2010-04-11,2010-04-11 12:00:00,2010,Himachal Pradesh,30.4632,77.6397,Absence Control: Paonta Sahib Yamuna Basin,Paonta Sahib Yamuna Basin,Point verified absence,None,None,None,Low-slope plain / valley basin,0,0,Apda_Mitra_Spatial_Buffer_Sampling,Absence_Control,NEG-00123,Spatial_Absence_Control,https://apdamitra.in/data/absence,Buffered >= 0.1 deg from positive slides,VALID_NEGATIVE_ABSENCE,385,6.3,154.4,-0.0079,0
APDA-NEG-00124,2020-12-03,2020-12-03 12:00:00,2020,Himachal Pradesh,30.4637,77.5966,Absence Control: Paonta Sahib Yamuna Basin,Paonta Sahib Yamuna Basin,Point verified absence,None,None,None,Low-slope plain / valley basin,0,0,Apda_Mitra_Spatial_Buffer_Sampling,Absence_Control,NEG-00124,Spatial_Absence_Control,https://apdamitra.in/data/absence,Buffered >= 0.1 deg from positive slides,VALID_NEGATIVE_ABSENCE,418,6.5,250.8,-0.009,0
APDA-NEG-00125,2007-02-22,2007-02-22 12:00:00,2007,Himachal Pradesh,30.3961,77.5725,Absence Control: Paonta Sahib Yamuna Basin,Paonta Sahib Yamuna Basin,Point verified absence,None,None,None,Low-slope plain / valley basin,0,0,Apda_Mitra_Spatial_Buffer_Sampling,Absence_Control,NEG-00125,Spatial_Absence_Control,https://apdamitra.in/data/absence,Buffered >= 0.1 deg from positive slides,VALID_NEGATIVE_ABSENCE,391,5.0,92.1,-0.0018,0
APDA-NEG-00126,1996-04-24,1996-04-24 12:00:00,1996,Himachal Pradesh,30.4638,77.6443,Absence Control: Paonta Sahib Yamuna Basin,Paonta Sahib Yamuna Basin,Point verified absence,None,None,None,Low-slope plain / valley basin,0,0,Apda_Mitra_Spatial_Buffer_Sampling,Absence_Control,NEG-00126,Spatial_Absence_Control,https://apdamitra.in/data/absence,Buffered >= 0.1 deg from positive slides,VALID_NEGATIVE_ABSENCE,380,4.1,182.3,-0.0146,0
APDA-NEG-00127,2020-09-03,2020-09-03 12:00:00,2020,Himachal Pradesh,30.4327,77.6119,Absence Control: Paonta Sahib Yamuna Basin,Paonta Sahib Yamuna Basin,Point verified absence,None,None,None,Low-slope plain / valley basin,0,0,Apda_Mitra_Spatial_Buffer_Sampling,Absence_Control,NEG-00127,Spatial_Absence_Control,https://apdamitra.in/data/absence,Buffered >= 0.1 deg from positive slides,VALID_NEGATIVE_ABSENCE,404,6.3,177.7,0.0033,0
APDA-NEG-00128,2021-09-18,2021-09-18 12:00:00,2021,Himachal Pradesh,30.4452,77.5989,Absence Control: Paonta Sahib Yamuna Basin,Paonta Sahib Yamuna Basin,Point verified absence,None,None,None,Low-slope plain / valley basin,0,0,Apda_Mitra_Spatial_Buffer_Sampling,Absence_Control,NEG-00128,Spatial_Absence_Control,https://apdamitra.in/data/absence,Buffered >= 0.1 deg from positive slides,VALID_NEGATIVE_ABSENCE,392,4.4,22.2,-0.0083,0
APDA-NEG-00129,2009-05-24,2009-05-24 12:00:00,2009,Himachal Pradesh,30.4577,77.6515,Absence Control: Paonta Sahib Yamuna Basin,Paonta Sahib Yamuna Basin,Point verified absence,None,None,None,Low-slope plain / valley basin,0,0,Apda_Mitra_Spatial_Buffer_Sampling,Absence_Control,NEG-00129,Spatial_Absence_Control,https://apdamitra.in/data/absence,Buffered >= 0.1 deg from positive slides,VALID_NEGATIVE_ABSENCE,390,4.2,296.3,-0.0184,0
APDA-NEG-00130,2003-12-04,2003-12-04 12:00:00,2003,Himachal Pradesh,30.3994,77.6331,Absence Control: Paonta Sahib Yamuna Basin,Paonta Sahib Yamuna Basin,Point verified absence,None,None,None,Low-slope plain / valley basin,0,0,Apda_Mitra_Spatial_Buffer_Sampling,Absence_Control,NEG-00130,Spatial_Absence_Control,https://apdamitra.in/data/absence,Buffered >= 0.1 deg from positive slides,VALID_NEGATIVE_ABSENCE,414,6.2,293.1,0.009,0
APDA-NEG-00131,2021-05-20,2021-05-20 12:00:00,2021,Himachal Pradesh,30.4135,77.6486,Absence Control: Paonta Sahib Yamuna Basin,Paonta Sahib Yamuna Basin,Point verified absence,None,None,None,Low-slope plain / valley basin,0,0,Apda_Mitra_Spatial_Buffer_Sampling,Absence_Control,NEG-00131,Spatial_Absence_Control,https://apdamitra.in/data/absence,Buffered >= 0.1 deg from positive slides,VALID_NEGATIVE_ABSENCE,422,5.1,349.7,-0.0,0
APDA-NEG-00132,2004-03-08,2004-03-08 12:00:00,2004,Himachal Pradesh,30.4151,77.6271,Absence Control: Paonta Sahib Yamuna Basin,Paonta Sahib Yamuna Basin,Point verified absence,None,None,None,Low-slope plain / valley basin,0,0,Apda_Mitra_Spatial_Buffer_Sampling,Absence_Control,NEG-00132,Spatial_Absence_Control,https://apdamitra.in/data/absence,Buffered >= 0.1 deg from positive slides,VALID_NEGATIVE_ABSENCE,426,5.3,230.3,0.0185,0
APDA-NEG-00133,2011-06-13,2011-06-13 12:00:00,2011,Himachal Pradesh,30.3827,77.5661,Absence Control: Paonta Sahib Yamuna Basin,Paonta Sahib Yamuna Basin,Point verified absence,None,None,None,Low-slope plain / valley basin,0,0,Apda_Mitra_Spatial_Buffer_Sampling,Absence_Control,NEG-00133,Spatial_Absence_Control,https://apdamitra.in/data/absence,Buffered >= 0.1 deg from positive slides,VALID_NEGATIVE_ABSENCE,408,4.5,343.6,-0.011,0
APDA-NEG-00134,2007-11-13,2007-11-13 12:00:00,2007,Himachal Pradesh,30.4714,77.6331,Absence Control: Paonta Sahib Yamuna Basin,Paonta Sahib Yamuna Basin,Point verified absence,None,None,None,Low-slope plain / valley basin,0,0,Apda_Mitra_Spatial_Buffer_Sampling,Absence_Control,NEG-00134,Spatial_Absence_Control,https://apdamitra.in/data/absence,Buffered >= 0.1 deg from positive slides,VALID_NEGATIVE_ABSENCE,425,4.5,50.1,-0.0153,0
APDA-NEG-00135,2015-01-27,2015-01-27 12:00:00,2015,Himachal Pradesh,30.3775,77.6201,Absence Control: Paonta Sahib Yamuna Basin,Paonta Sahib Yamuna Basin,Point verified absence,None,None,None,Low-slope plain / valley basin,0,0,Apda_Mitra_Spatial_Buffer_Sampling,Absence_Control,NEG-00135,Spatial_Absence_Control,https://apdamitra.in/data/absence,Buffered >= 0.1 deg from positive slides,VALID_NEGATIVE_ABSENCE,398,5.8,217.6,-0.0027,0
APDA-NEG-00136,1998-01-08,1998-01-08 12:00:00,1998,Himachal Pradesh,30.4885,77.5934,Absence Control: Paonta Sahib Yamuna Basin,Paonta Sahib Yamuna Basin,Point verified absence,None,None,None,Low-slope plain / valley basin,0,0,Apda_Mitra_Spatial_Buffer_Sampling,Absence_Control,NEG-00136,Spatial_Absence_Control,https://apdamitra.in/data/absence,Buffered >= 0.1 deg from positive slides,VALID_NEGATIVE_ABSENCE,412,5.9,228.2,0.0096,0
APDA-NEG-00137,2004-02-16,2004-02-16 12:00:00,2004,Himachal Pradesh,30.4663,77.6429,Absence Control: Paonta Sahib Yamuna Basin,Paonta Sahib Yamuna Basin,Point verified absence,None,None,None,Low-slope plain / valley basin,0,0,Apda_Mitra_Spatial_Buffer_Sampling,Absence_Control,NEG-00137,Spatial_Absence_Control,https://apdamitra.in/data/absence,Buffered >= 0.1 deg from positive slides,VALID_NEGATIVE_ABSENCE,416,4.5,264.3,-0.0184,0
APDA-NEG-00138,2008-08-23,2008-08-23 12:00:00,2008,Himachal Pradesh,30.452,77.5788,Absence Control: Paonta Sahib Yamuna Basin,Paonta Sahib Yamuna Basin,Point verified absence,None,None,None,Low-slope plain / valley basin,0,0,Apda_Mitra_Spatial_Buffer_Sampling,Absence_Control,NEG-00138,Spatial_Absence_Control,https://apdamitra.in/data/absence,Buffered >= 0.1 deg from positive slides,VALID_NEGATIVE_ABSENCE,391,5.7,257.6,-0.0055,0
APDA-NEG-00139,2011-04-14,2011-04-14 12:00:00,2011,Himachal Pradesh,30.4851,77.59,Absence Control: Paonta Sahib Yamuna Basin,Paonta Sahib Yamuna Basin,Point verified absence,None,None,None,Low-slope plain / valley basin,0,0,Apda_Mitra_Spatial_Buffer_Sampling,Absence_Control,NEG-00139,Spatial_Absence_Control,https://apdamitra.in/data/absence,Buffered >= 0.1 deg from positive slides,VALID_NEGATIVE_ABSENCE,380,4.8,127.0,0.0032,0
APDA-NEG-00140,2021-10-06,2021-10-06 12:00:00,2021,Himachal Pradesh,30.4247,77.5727,Absence Control: Paonta Sahib Yamuna Basin,Paonta Sahib Yamuna Basin,Point verified absence,None,None,None,Low-slope plain / valley basin,0,0,Apda_Mitra_Spatial_Buffer_Sampling,Absence_Control,NEG-00140,Spatial_Absence_Control,https://apdamitra.in/data/absence,Buffered >= 0.1 deg from positive slides,VALID_NEGATIVE_ABSENCE,403,4.4,193.2,0.0061,0
APDA-NEG-00141,2007-04-01,2007-04-01 12:00:00,2007,Uttarakhand,29.8513,77.8798,Absence Control: Roorkee Plain,Roorkee Plain,Point verified absence,None,None,None,Low-slope plain / valley basin,0,0,Apda_Mitra_Spatial_Buffer_Sampling,Absence_Control,NEG-00141,Spatial_Absence_Control,https://apdamitra.in/data/absence,Buffered >= 0.1 deg from positive slides,VALID_NEGATIVE_ABSENCE,260,1.8,189.6,-0.0068,0
APDA-NEG-00142,2004-08-02,2004-08-02 12:00:00,2004,Uttarakhand,29.2636,78.9993,Absence Control: Kashipur Plain,Kashipur Plain,Point verified absence,None,None,None,Low-slope plain / valley basin,0,0,Apda_Mitra_Spatial_Buffer_Sampling,Absence_Control,NEG-00142,Spatial_Absence_Control,https://apdamitra.in/data/absence,Buffered >= 0.1 deg from positive slides,VALID_NEGATIVE_ABSENCE,222,1.6,200.9,0.0149,0
APDA-NEG-00143,2020-04-07,2020-04-07 12:00:00,2020,Uttarakhand,29.7946,77.8541,Absence Control: Roorkee Plain,Roorkee Plain,Point verified absence,None,None,None,Low-slope plain / valley basin,0,0,Apda_Mitra_Spatial_Buffer_Sampling,Absence_Control,NEG-00143,Spatial_Absence_Control,https://apdamitra.in/data/absence,Buffered >= 0.1 deg from positive slides,VALID_NEGATIVE_ABSENCE,287,2.7,335.8,-0.0171,0
APDA-NEG-00144,2002-06-15,2002-06-15 12:00:00,2002,Uttarakhand,29.8098,77.9346,Absence Control: Roorkee Plain,Roorkee Plain,Point verified absence,None,None,None,Low-slope plain / valley basin,0,0,Apda_Mitra_Spatial_Buffer_Sampling,Absence_Control,NEG-00144,Spatial_Absence_Control,https://apdamitra.in/data/absence,Buffered >= 0.1 deg from positive slides,VALID_NEGATIVE_ABSENCE,275,1.6,146.4,-0.0037,0
APDA-NEG-00145,2003-10-20,2003-10-20 12:00:00,2003,Uttarakhand,29.8286,77.8798,Absence Control: Roorkee Plain,Roorkee Plain,Point verified absence,None,None,None,Low-slope plain / valley basin,0,0,Apda_Mitra_Spatial_Buffer_Sampling,Absence_Control,NEG-00145,Spatial_Absence_Control,https://apdamitra.in/data/absence,Buffered >= 0.1 deg from positive slides,VALID_NEGATIVE_ABSENCE,271,3.2,80.3,0.0195,0
APDA-NEG-00146,2002-11-05,2002-11-05 12:00:00,2002,Uttarakhand,29.812,77.94,Absence Control: Roorkee Plain,Roorkee Plain,Point verified absence,None,None,None,Low-slope plain / valley basin,0,0,Apda_Mitra_Spatial_Buffer_Sampling,Absence_Control,NEG-00146,Spatial_Absence_Control,https://apdamitra.in/data/absence,Buffered >= 0.1 deg from positive slides,VALID_NEGATIVE_ABSENCE,291,1.7,358.9,0.0038,0
APDA-NEG-00147,2016-01-07,2016-01-07 12:00:00,2016,Uttarakhand,29.1844,79.4758,Absence Control: Haldwani Foothills,Haldwani Foothills,Point verified absence,None,None,None,Low-slope plain / valley basin,0,0,Apda_Mitra_Spatial_Buffer_Sampling,Absence_Control,NEG-00147,Spatial_Absence_Control,https://apdamitra.in/data/absence,Buffered >= 0.1 deg from positive slides,VALID_NEGATIVE_ABSENCE,419,7.3,153.8,0.0045,0
APDA-NEG-00148,2008-08-18,2008-08-18 12:00:00,2008,Uttarakhand,29.8438,77.9105,Absence Control: Roorkee Plain,Roorkee Plain,Point verified absence,None,None,None,Low-slope plain / valley basin,0,0,Apda_Mitra_Spatial_Buffer_Sampling,Absence_Control,NEG-00148,Spatial_Absence_Control,https://apdamitra.in/data/absence,Buffered >= 0.1 deg from positive slides,VALID_NEGATIVE_ABSENCE,287,2.4,55.6,0.0005,0
APDA-NEG-00149,1998-10-22,1998-10-22 12:00:00,1998,Uttarakhand,29.1949,78.9409,Absence Control: Kashipur Plain,Kashipur Plain,Point verified absence,None,None,None,Low-slope plain / valley basin,0,0,Apda_Mitra_Spatial_Buffer_Sampling,Absence_Control,NEG-00149,Spatial_Absence_Control,https://apdamitra.in/data/absence,Buffered >= 0.1 deg from positive slides,VALID_NEGATIVE_ABSENCE,206,1.5,45.5,-0.007,0
APDA-NEG-00150,2011-11-12,2011-11-12 12:00:00,2011,Uttarakhand,29.8474,77.925,Absence Control: Roorkee Plain,Roorkee Plain,Point verified absence,None,None,None,Low-slope plain / valley basin,0,0,Apda_Mitra_Spatial_Buffer_Sampling,Absence_Control,NEG-00150,Spatial_Absence_Control,https://apdamitra.in/data/absence,Buffered >= 0.1 deg from positive slides,VALID_NEGATIVE_ABSENCE,259,1.9,66.5,0.0053,0
APDA-NEG-00151,2019-05-18,2019-05-18 12:00:00,2019,Uttarakhand,29.8584,77.8906,Absence Control: Roorkee Plain,Roorkee Plain,Point verified absence,None,None,None,Low-slope plain / valley basin,0,0,Apda_Mitra_Spatial_Buffer_Sampling,Absence_Control,NEG-00151,Spatial_Absence_Control,https://apdamitra.in/data/absence,Buffered >= 0.1 deg from positive slides,VALID_NEGATIVE_ABSENCE,271,1.6,1.5,0.0059,0
APDA-NEG-00152,2001-06-23,2001-06-23 12:00:00,2001,Uttarakhand,29.1683,79.4665,Absence Control: Haldwani Foothills,Haldwani Foothills,Point verified absence,None,None,None,Low-slope plain / valley basin,0,0,Apda_Mitra_Spatial_Buffer_Sampling,Absence_Control,NEG-00152,Spatial_Absence_Control,https://apdamitra.in/data/absence,Buffered >= 0.1 deg from positive slides,VALID_NEGATIVE_ABSENCE,419,6.9,70.3,-0.0046,0
APDA-NEG-00153,2014-01-06,2014-01-06 12:00:00,2014,Uttarakhand,29.2417,78.9484,Absence Control: Kashipur Plain,Kashipur Plain,Point verified absence,None,None,None,Low-slope plain / valley basin,0,0,Apda_Mitra_Spatial_Buffer_Sampling,Absence_Control,NEG-00153,Spatial_Absence_Control,https://apdamitra.in/data/absence,Buffered >= 0.1 deg from positive slides,VALID_NEGATIVE_ABSENCE,224,2.8,105.9,-0.0196,0
APDA-NEG-00154,2008-04-10,2008-04-10 12:00:00,2008,Uttarakhand,29.1774,79.5088,Absence Control: Haldwani Foothills,Haldwani Foothills,Point verified absence,None,None,None,Low-slope plain / valley basin,0,0,Apda_Mitra_Spatial_Buffer_Sampling,Absence_Control,NEG-00154,Spatial_Absence_Control,https://apdamitra.in/data/absence,Buffered >= 0.1 deg from positive slides,VALID_NEGATIVE_ABSENCE,449,6.9,252.9,0.0043,0
APDA-NEG-00155,2002-02-25,2002-02-25 12:00:00,2002,Uttarakhand,29.1718,79.5532,Absence Control: Haldwani Foothills,Haldwani Foothills,Point verified absence,None,None,None,Low-slope plain / valley basin,0,0,Apda_Mitra_Spatial_Buffer_Sampling,Absence_Control,NEG-00155,Spatial_Absence_Control,https://apdamitra.in/data/absence,Buffered >= 0.1 deg from positive slides,VALID_NEGATIVE_ABSENCE,411,5.1,349.2,-0.0179,0
APDA-NEG-00156,2010-12-07,2010-12-07 12:00:00,2010,Uttarakhand,29.2024,79.465,Absence Control: Haldwani Foothills,Haldwani Foothills,Point verified absence,None,None,None,Low-slope plain / valley basin,0,0,Apda_Mitra_Spatial_Buffer_Sampling,Absence_Control,NEG-00156,Spatial_Absence_Control,https://apdamitra.in/data/absence,Buffered >= 0.1 deg from positive slides,VALID_NEGATIVE_ABSENCE,431,6.3,38.6,-0.0176,0
APDA-NEG-00157,2000-10-23,2000-10-23 12:00:00,2000,Uttarakhand,29.8441,77.8811,Absence Control: Roorkee Plain,Roorkee Plain,Point verified absence,None,None,None,Low-slope plain / valley basin,0,0,Apda_Mitra_Spatial_Buffer_Sampling,Absence_Control,NEG-00157,Spatial_Absence_Control,https://apdamitra.in/data/absence,Buffered >= 0.1 deg from positive slides,VALID_NEGATIVE_ABSENCE,293,2.0,332.1,-0.0093,0
APDA-NEG-00158,2010-12-11,2010-12-11 12:00:00,2010,Uttarakhand,29.1834,78.9246,Absence Control: Kashipur Plain,Kashipur Plain,Point verified absence,None,None,None,Low-slope plain / valley basin,0,0,Apda_Mitra_Spatial_Buffer_Sampling,Absence_Control,NEG-00158,Spatial_Absence_Control,https://apdamitra.in/data/absence,Buffered >= 0.1 deg from positive slides,VALID_NEGATIVE_ABSENCE,209,3.3,317.8,-0.0196,0
APDA-NEG-00159,2009-07-07,2009-07-07 12:00:00,2009,Uttarakhand,29.9012,77.8759,Absence Control: Roorkee Plain,Roorkee Plain,Point verified absence,None,None,None,Low-slope plain / valley basin,0,0,Apda_Mitra_Spatial_Buffer_Sampling,Absence_Control,NEG-00159,Spatial_Absence_Control,https://apdamitra.in/data/absence,Buffered >= 0.1 deg from positive slides,VALID_NEGATIVE_ABSENCE,260,3.1,336.4,0.0079,0
APDA-NEG-00160,1995-08-28,1995-08-28 12:00:00,1995,Uttarakhand,29.8299,77.9421,Absence Control: Roorkee Plain,Roorkee Plain,Point verified absence,None,None,None,Low-slope plain / valley basin,0,0,Apda_Mitra_Spatial_Buffer_Sampling,Absence_Control,NEG-00160,Spatial_Absence_Control,https://apdamitra.in/data/absence,Buffered >= 0.1 deg from positive slides,VALID_NEGATIVE_ABSENCE,284,1.2,93.0,0.02,0
APDA-NEG-00161,2018-07-09,2018-07-09 12:00:00,2018,Uttarakhand,29.8203,77.8574,Absence Control: Roorkee Plain,Roorkee Plain,Point verified absence,None,None,None,Low-slope plain / valley basin,0,0,Apda_Mitra_Spatial_Buffer_Sampling,Absence_Control,NEG-00161,Spatial_Absence_Control,https://apdamitra.in/data/absence,Buffered >= 0.1 deg from positive slides,VALID_NEGATIVE_ABSENCE,296,2.0,277.4,-0.0181,0
APDA-NEG-00162,2002-12-14,2002-12-14 12:00:00,2002,Uttarakhand,29.1622,78.9645,Absence Control: Kashipur Plain,Kashipur Plain,Point verified absence,None,None,None,Low-slope plain / valley basin,0,0,Apda_Mitra_Spatial_Buffer_Sampling,Absence_Control,NEG-00162,Spatial_Absence_Control,https://apdamitra.in/data/absence,Buffered >= 0.1 deg from positive slides,VALID_NEGATIVE_ABSENCE,221,2.8,83.3,-0.0198,0
APDA-NEG-00163,2001-05-03,2001-05-03 12:00:00,2001,Uttarakhand,29.2224,78.9493,Absence Control: Kashipur Plain,Kashipur Plain,Point verified absence,None,None,None,Low-slope plain / valley basin,0,0,Apda_Mitra_Spatial_Buffer_Sampling,Absence_Control,NEG-00163,Spatial_Absence_Control,https://apdamitra.in/data/absence,Buffered >= 0.1 deg from positive slides,VALID_NEGATIVE_ABSENCE,201,1.6,265.7,0.018,0
APDA-NEG-00164,2021-10-17,2021-10-17 12:00:00,2021,Uttarakhand,29.877,77.8286,Absence Control: Roorkee Plain,Roorkee Plain,Point verified absence,None,None,None,Low-slope plain / valley basin,0,0,Apda_Mitra_Spatial_Buffer_Sampling,Absence_Control,NEG-00164,Spatial_Absence_Control,https://apdamitra.in/data/absence,Buffered >= 0.1 deg from positive slides,VALID_NEGATIVE_ABSENCE,269,1.3,270.9,0.0076,0
APDA-NEG-00165,2018-12-22,2018-12-22 12:00:00,2018,Uttarakhand,29.8127,77.8355,Absence Control: Roorkee Plain,Roorkee Plain,Point verified absence,None,None,None,Low-slope plain / valley basin,0,0,Apda_Mitra_Spatial_Buffer_Sampling,Absence_Control,NEG-00165,Spatial_Absence_Control,https://apdamitra.in/data/absence,Buffered >= 0.1 deg from positive slides,VALID_NEGATIVE_ABSENCE,250,3.6,346.0,-0.0199,0
APDA-NEG-00166,2008-01-11,2008-01-11 12:00:00,2008,Uttarakhand,29.1659,79.5058,Absence Control: Haldwani Foothills,Haldwani Foothills,Point verified absence,None,None,None,Low-slope plain / valley basin,0,0,Apda_Mitra_Spatial_Buffer_Sampling,Absence_Control,NEG-00166,Spatial_Absence_Control,https://apdamitra.in/data/absence,Buffered >= 0.1 deg from positive slides,VALID_NEGATIVE_ABSENCE,447,6.4,140.6,0.0146,0
APDA-NEG-00167,2013-08-11,2013-08-11 12:00:00,2013,Uttarakhand,29.2519,78.9832,Absence Control: Kashipur Plain,Kashipur Plain,Point verified absence,None,None,None,Low-slope plain / valley basin,0,0,Apda_Mitra_Spatial_Buffer_Sampling,Absence_Control,NEG-00167,Spatial_Absence_Control,https://apdamitra.in/data/absence,Buffered >= 0.1 deg from positive slides,VALID_NEGATIVE_ABSENCE,227,2.9,71.2,0.0024,0
APDA-NEG-00168,2003-12-20,2003-12-20 12:00:00,2003,Uttarakhand,29.2661,78.9656,Absence Control: Kashipur Plain,Kashipur Plain,Point verified absence,None,None,None,Low-slope plain / valley basin,0,0,Apda_Mitra_Spatial_Buffer_Sampling,Absence_Control,NEG-00168,Spatial_Absence_Control,https://apdamitra.in/data/absence,Buffered >= 0.1 deg from positive slides,VALID_NEGATIVE_ABSENCE,237,3.1,331.7,-0.0069,0
APDA-NEG-00169,1996-01-02,1996-01-02 12:00:00,1996,Uttarakhand,29.1966,79.473,Absence Control: Haldwani Foothills,Haldwani Foothills,Point verified absence,None,None,None,Low-slope plain / valley basin,0,0,Apda_Mitra_Spatial_Buffer_Sampling,Absence_Control,NEG-00169,Spatial_Absence_Control,https://apdamitra.in/data/absence,Buffered >= 0.1 deg from positive slides,VALID_NEGATIVE_ABSENCE,444,6.6,59.8,-0.0077,0
APDA-NEG-00170,1996-03-19,1996-03-19 12:00:00,1996,Uttarakhand,29.2122,79.0064,Absence Control: Kashipur Plain,Kashipur Plain,Point verified absence,None,None,None,Low-slope plain / valley basin,0,0,Apda_Mitra_Spatial_Buffer_Sampling,Absence_Control,NEG-00170,Spatial_Absence_Control,https://apdamitra.in/data/absence,Buffered >= 0.1 deg from positive slides,VALID_NEGATIVE_ABSENCE,235,2.2,51.8,0.0132,0
APDA-NEG-00171,1997-04-14,1997-04-14 12:00:00,1997,Uttarakhand,29.1787,79.5124,Absence Control: Haldwani Foothills,Haldwani Foothills,Point verified absence,None,None,None,Low-slope plain / valley basin,0,0,Apda_Mitra_Spatial_Buffer_Sampling,Absence_Control,NEG-00171,Spatial_Absence_Control,https://apdamitra.in/data/absence,Buffered >= 0.1 deg from positive slides,VALID_NEGATIVE_ABSENCE,423,6.6,206.9,0.0044,0
APDA-NEG-00172,2005-09-17,2005-09-17 12:00:00,2005,Uttarakhand,29.8665,77.9066,Absence Control: Roorkee Plain,Roorkee Plain,Point verified absence,None,None,None,Low-slope plain / valley basin,0,0,Apda_Mitra_Spatial_Buffer_Sampling,Absence_Control,NEG-00172,Spatial_Absence_Control,https://apdamitra.in/data/absence,Buffered >= 0.1 deg from positive slides,VALID_NEGATIVE_ABSENCE,258,3.5,83.9,-0.0115,0
APDA-NEG-00173,2005-12-25,2005-12-25 12:00:00,2005,Uttarakhand,29.1988,79.4962,Absence Control: Haldwani Foothills,Haldwani Foothills,Point verified absence,None,None,None,Low-slope plain / valley basin,0,0,Apda_Mitra_Spatial_Buffer_Sampling,Absence_Control,NEG-00173,Spatial_Absence_Control,https://apdamitra.in/data/absence,Buffered >= 0.1 deg from positive slides,VALID_NEGATIVE_ABSENCE,407,7.3,36.1,0.0193,0
APDA-NEG-00174,2020-10-19,2020-10-19 12:00:00,2020,Uttarakhand,29.1575,78.9076,Absence Control: Kashipur Plain,Kashipur Plain,Point verified absence,None,None,None,Low-slope plain / valley basin,0,0,Apda_Mitra_Spatial_Buffer_Sampling,Absence_Control,NEG-00174,Spatial_Absence_Control,https://apdamitra.in/data/absence,Buffered >= 0.1 deg from positive slides,VALID_NEGATIVE_ABSENCE,206,1.9,16.8,0.0029,0
APDA-NEG-00175,2008-09-03,2008-09-03 12:00:00,2008,Uttarakhand,29.8388,77.9443,Absence Control: Roorkee Plain,Roorkee Plain,Point verified absence,None,None,None,Low-slope plain / valley basin,0,0,Apda_Mitra_Spatial_Buffer_Sampling,Absence_Control,NEG-00175,Spatial_Absence_Control,https://apdamitra.in/data/absence,Buffered >= 0.1 deg from positive slides,VALID_NEGATIVE_ABSENCE,266,3.4,215.5,-0.0053,0
APDA-NEG-00176,1995-10-16,1995-10-16 12:00:00,1995,Uttarakhand,29.1701,79.5563,Absence Control: Haldwani Foothills,Haldwani Foothills,Point verified absence,None,None,None,Low-slope plain / valley basin,0,0,Apda_Mitra_Spatial_Buffer_Sampling,Absence_Control,NEG-00176,Spatial_Absence_Control,https://apdamitra.in/data/absence,Buffered >= 0.1 deg from positive slides,VALID_NEGATIVE_ABSENCE,412,6.8,14.4,-0.0182,0
APDA-NEG-00177,2014-01-25,2014-01-25 12:00:00,2014,Uttarakhand,29.8096,77.8796,Absence Control: Roorkee Plain,Roorkee Plain,Point verified absence,None,None,None,Low-slope plain / valley basin,0,0,Apda_Mitra_Spatial_Buffer_Sampling,Absence_Control,NEG-00177,Spatial_Absence_Control,https://apdamitra.in/data/absence,Buffered >= 0.1 deg from positive slides,VALID_NEGATIVE_ABSENCE,248,2.3,283.7,-0.0087,0
APDA-NEG-00178,2003-09-02,2003-09-02 12:00:00,2003,Uttarakhand,29.2019,78.9301,Absence Control: Kashipur Plain,Kashipur Plain,Point verified absence,None,None,None,Low-slope plain / valley basin,0,0,Apda_Mitra_Spatial_Buffer_Sampling,Absence_Control,NEG-00178,Spatial_Absence_Control,https://apdamitra.in/data/absence,Buffered >= 0.1 deg from positive slides,VALID_NEGATIVE_ABSENCE,215,2.5,249.6,-0.0102,0
APDA-NEG-00179,2006-11-03,2006-11-03 12:00:00,2006,Uttarakhand,29.1883,79.4524,Absence Control: Haldwani Foothills,Haldwani Foothills,Point verified absence,None,None,None,Low-slope plain / valley basin,0,0,Apda_Mitra_Spatial_Buffer_Sampling,Absence_Control,NEG-00179,Spatial_Absence_Control,https://apdamitra.in/data/absence,Buffered >= 0.1 deg from positive slides,VALID_NEGATIVE_ABSENCE,426,6.5,267.5,-0.0021,0
APDA-NEG-00180,2017-06-26,2017-06-26 12:00:00,2017,Uttarakhand,29.1845,78.9592,Absence Control: Kashipur Plain,Kashipur Plain,Point verified absence,None,None,None,Low-slope plain / valley basin,0,0,Apda_Mitra_Spatial_Buffer_Sampling,Absence_Control,NEG-00180,Spatial_Absence_Control,https://apdamitra.in/data/absence,Buffered >= 0.1 deg from positive slides,VALID_NEGATIVE_ABSENCE,200,3.8,117.2,0.0067,0
APDA-NEG-00181,2007-03-12,2007-03-12 12:00:00,2007,Uttarakhand,29.1822,79.465,Absence Control: Haldwani Foothills,Haldwani Foothills,Point verified absence,None,None,None,Low-slope plain / valley basin,0,0,Apda_Mitra_Spatial_Buffer_Sampling,Absence_Control,NEG-00181,Spatial_Absence_Control,https://apdamitra.in/data/absence,Buffered >= 0.1 deg from positive slides,VALID_NEGATIVE_ABSENCE,407,5.5,102.4,0.0006,0
APDA-NEG-00182,2012-11-27,2012-11-27 12:00:00,2012,Uttarakhand,29.908,77.8402,Absence Control: Roorkee Plain,Roorkee Plain,Point verified absence,None,None,None,Low-slope plain / valley basin,0,0,Apda_Mitra_Spatial_Buffer_Sampling,Absence_Control,NEG-00182,Spatial_Absence_Control,https://apdamitra.in/data/absence,Buffered >= 0.1 deg from positive slides,VALID_NEGATIVE_ABSENCE,297,1.3,75.2,-0.0065,0
APDA-NEG-00183,2004-04-12,2004-04-12 12:00:00,2004,Uttarakhand,29.8693,77.8848,Absence Control: Roorkee Plain,Roorkee Plain,Point verified absence,None,None,None,Low-slope plain / valley basin,0,0,Apda_Mitra_Spatial_Buffer_Sampling,Absence_Control,NEG-00183,Spatial_Absence_Control,https://apdamitra.in/data/absence,Buffered >= 0.1 deg from positive slides,VALID_NEGATIVE_ABSENCE,284,1.2,274.7,-0.0068,0
APDA-NEG-00184,1998-09-06,1998-09-06 12:00:00,1998,Uttarakhand,29.9,77.8798,Absence Control: Roorkee Plain,Roorkee Plain,Point verified absence,None,None,None,Low-slope plain / valley basin,0,0,Apda_Mitra_Spatial_Buffer_Sampling,Absence_Control,NEG-00184,Spatial_Absence_Control,https://apdamitra.in/data/absence,Buffered >= 0.1 deg from positive slides,VALID_NEGATIVE_ABSENCE,279,3.5,295.0,0.0001,0
APDA-NEG-00185,2016-04-09,2016-04-09 12:00:00,2016,Uttarakhand,29.1755,78.9917,Absence Control: Kashipur Plain,Kashipur Plain,Point verified absence,None,None,None,Low-slope plain / valley basin,0,0,Apda_Mitra_Spatial_Buffer_Sampling,Absence_Control,NEG-00185,Spatial_Absence_Control,https://apdamitra.in/data/absence,Buffered >= 0.1 deg from positive slides,VALID_NEGATIVE_ABSENCE,228,2.8,352.5,0.0191,0
APDA-NEG-00186,2001-08-16,2001-08-16 12:00:00,2001,Uttarakhand,29.891,77.9251,Absence Control: Roorkee Plain,Roorkee Plain,Point verified absence,None,None,None,Low-slope plain / valley basin,0,0,Apda_Mitra_Spatial_Buffer_Sampling,Absence_Control,NEG-00186,Spatial_Absence_Control,https://apdamitra.in/data/absence,Buffered >= 0.1 deg from positive slides,VALID_NEGATIVE_ABSENCE,275,2.2,283.6,0.0136,0
APDA-NEG-00187,2020-05-11,2020-05-11 12:00:00,2020,Uttarakhand,29.2564,78.9395,Absence Control: Kashipur Plain,Kashipur Plain,Point verified absence,None,None,None,Low-slope plain / valley basin,0,0,Apda_Mitra_Spatial_Buffer_Sampling,Absence_Control,NEG-00187,Spatial_Absence_Control,https://apdamitra.in/data/absence,Buffered >= 0.1 deg from positive slides,VALID_NEGATIVE_ABSENCE,226,2.3,29.4,-0.0014,0
APDA-NEG-00188,1995-06-23,1995-06-23 12:00:00,1995,Uttarakhand,29.8581,77.8789,Absence Control: Roorkee Plain,Roorkee Plain,Point verified absence,None,None,None,Low-slope plain / valley basin,0,0,Apda_Mitra_Spatial_Buffer_Sampling,Absence_Control,NEG-00188,Spatial_Absence_Control,https://apdamitra.in/data/absence,Buffered >= 0.1 deg from positive slides,VALID_NEGATIVE_ABSENCE,259,2.2,90.4,0.01,0
APDA-NEG-00189,2007-05-04,2007-05-04 12:00:00,2007,Uttarakhand,29.1503,78.9496,Absence Control: Kashipur Plain,Kashipur Plain,Point verified absence,None,None,None,Low-slope plain / valley basin,0,0,Apda_Mitra_Spatial_Buffer_Sampling,Absence_Control,NEG-00189,Spatial_Absence_Control,https://apdamitra.in/data/absence,Buffered >= 0.1 deg from positive slides,VALID_NEGATIVE_ABSENCE,240,3.5,20.5,0.0181,0
APDA-NEG-00190,1998-08-08,1998-08-08 12:00:00,1998,Uttarakhand,29.8511,77.8494,Absence Control: Roorkee Plain,Roorkee Plain,Point verified absence,None,None,None,Low-slope plain / valley basin,0,0,Apda_Mitra_Spatial_Buffer_Sampling,Absence_Control,NEG-00190,Spatial_Absence_Control,https://apdamitra.in/data/absence,Buffered >= 0.1 deg from positive slides,VALID_NEGATIVE_ABSENCE,259,3.2,338.0,0.0198,0
APDA-NEG-00191,2018-09-05,2018-09-05 12:00:00,2018,Uttarakhand,29.8537,77.91,Absence Control: Roorkee Plain,Roorkee Plain,Point verified absence,None,None,None,Low-slope plain / valley basin,0,0,Apda_Mitra_Spatial_Buffer_Sampling,Absence_Control,NEG-00191,Spatial_Absence_Control,https://apdamitra.in/data/absence,Buffered >= 0.1 deg from positive slides,VALID_NEGATIVE_ABSENCE,251,2.0,102.1,0.0001,0
APDA-NEG-00192,2005-11-15,2005-11-15 12:00:00,2005,Uttarakhand,29.1613,79.0076,Absence Control: Kashipur Plain,Kashipur Plain,Point verified absence,None,None,None,Low-slope plain / valley basin,0,0,Apda_Mitra_Spatial_Buffer_Sampling,Absence_Control,NEG-00192,Spatial_Absence_Control,https://apdamitra.in/data/absence,Buffered >= 0.1 deg from positive slides,VALID_NEGATIVE_ABSENCE,235,3.1,54.1,0.0189,0
APDA-NEG-00193,1999-12-05,1999-12-05 12:00:00,1999,Uttarakhand,29.2447,78.9203,Absence Control: Kashipur Plain,Kashipur Plain,Point verified absence,None,None,None,Low-slope plain / valley basin,0,0,Apda_Mitra_Spatial_Buffer_Sampling,Absence_Control,NEG-00193,Spatial_Absence_Control,https://apdamitra.in/data/absence,Buffered >= 0.1 deg from positive slides,VALID_NEGATIVE_ABSENCE,206,2.8,257.4,-0.0191,0
APDA-NEG-00194,2010-06-23,2010-06-23 12:00:00,2010,Uttarakhand,29.2251,79.0102,Absence Control: Kashipur Plain,Kashipur Plain,Point verified absence,None,None,None,Low-slope plain / valley basin,0,0,Apda_Mitra_Spatial_Buffer_Sampling,Absence_Control,NEG-00194,Spatial_Absence_Control,https://apdamitra.in/data/absence,Buffered >= 0.1 deg from positive slides,VALID_NEGATIVE_ABSENCE,210,3.4,140.7,0.017,0
APDA-NEG-00195,2013-05-23,2013-05-23 12:00:00,2013,Uttarakhand,29.2115,78.9695,Absence Control: Kashipur Plain,Kashipur Plain,Point verified absence,None,None,None,Low-slope plain / valley basin,0,0,Apda_Mitra_Spatial_Buffer_Sampling,Absence_Control,NEG-00195,Spatial_Absence_Control,https://apdamitra.in/data/absence,Buffered >= 0.1 deg from positive slides,VALID_NEGATIVE_ABSENCE,199,1.9,111.1,0.0184,0
APDA-NEG-00196,2002-09-14,2002-09-14 12:00:00,2002,Uttarakhand,29.237,78.9234,Absence Control: Kashipur Plain,Kashipur Plain,Point verified absence,None,None,None,Low-slope plain / valley basin,0,0,Apda_Mitra_Spatial_Buffer_Sampling,Absence_Control,NEG-00196,Spatial_Absence_Control,https://apdamitra.in/data/absence,Buffered >= 0.1 deg from positive slides,VALID_NEGATIVE_ABSENCE,230,2.6,214.9,-0.0099,0
APDA-NEG-00197,2012-04-27,2012-04-27 12:00:00,2012,Uttarakhand,29.2074,78.9985,Absence Control: Kashipur Plain,Kashipur Plain,Point verified absence,None,None,None,Low-slope plain / valley basin,0,0,Apda_Mitra_Spatial_Buffer_Sampling,Absence_Control,NEG-00197,Spatial_Absence_Control,https://apdamitra.in/data/absence,Buffered >= 0.1 deg from positive slides,VALID_NEGATIVE_ABSENCE,218,2.2,92.4,0.0086,0
APDA-NEG-00198,2006-06-13,2006-06-13 12:00:00,2006,Uttarakhand,29.8284,77.8575,Absence Control: Roorkee Plain,Roorkee Plain,Point verified absence,None,None,None,Low-slope plain / valley basin,0,0,Apda_Mitra_Spatial_Buffer_Sampling,Absence_Control,NEG-00198,Spatial_Absence_Control,https://apdamitra.in/data/absence,Buffered >= 0.1 deg from positive slides,VALID_NEGATIVE_ABSENCE,296,3.5,269.5,0.0092,0
APDA-NEG-00199,2006-10-10,2006-10-10 12:00:00,2006,Uttarakhand,29.8287,77.837,Absence Control: Roorkee Plain,Roorkee Plain,Point verified absence,None,None,None,Low-slope plain / valley basin,0,0,Apda_Mitra_Spatial_Buffer_Sampling,Absence_Control,NEG-00199,Spatial_Absence_Control,https://apdamitra.in/data/absence,Buffered >= 0.1 deg from positive slides,VALID_NEGATIVE_ABSENCE,272,1.4,339.5,-0.013,0
APDA-NEG-00200,2002-06-08,2002-06-08 12:00:00,2002,Uttarakhand,29.2266,78.9172,Absence Control: Kashipur Plain,Kashipur Plain,Point verified absence,None,None,None,Low-slope plain / valley basin,0,0,Apda_Mitra_Spatial_Buffer_Sampling,Absence_Control,NEG-00200,Spatial_Absence_Control,https://apdamitra.in/data/absence,Buffered >= 0.1 deg from positive slides,VALID_NEGATIVE_ABSENCE,209,3.5,192.8,0.0013,0
APDA-NEG-00201,1997-12-26,1997-12-26 12:00:00,1997,Uttarakhand,29.8457,77.9067,Absence Control: Roorkee Plain,Roorkee Plain,Point verified absence,None,None,None,Low-slope plain / valley basin,0,0,Apda_Mitra_Spatial_Buffer_Sampling,Absence_Control,NEG-00201,Spatial_Absence_Control,https://apdamitra.in/data/absence,Buffered >= 0.1 deg from positive slides,VALID_NEGATIVE_ABSENCE,251,3.3,273.7,-0.0185,0
APDA-NEG-00202,2002-07-25,2002-07-25 12:00:00,2002,Uttarakhand,29.2475,79.0168,Absence Control: Kashipur Plain,Kashipur Plain,Point verified absence,None,None,None,Low-slope plain / valley basin,0,0,Apda_Mitra_Spatial_Buffer_Sampling,Absence_Control,NEG-00202,Spatial_Absence_Control,https://apdamitra.in/data/absence,Buffered >= 0.1 deg from positive slides,VALID_NEGATIVE_ABSENCE,216,3.5,256.7,0.0166,0
APDA-NEG-00203,2006-10-18,2006-10-18 12:00:00,2006,Uttarakhand,29.7996,77.9373,Absence Control: Roorkee Plain,Roorkee Plain,Point verified absence,None,None,None,Low-slope plain / valley basin,0,0,Apda_Mitra_Spatial_Buffer_Sampling,Absence_Control,NEG-00203,Spatial_Absence_Control,https://apdamitra.in/data/absence,Buffered >= 0.1 deg from positive slides,VALID_NEGATIVE_ABSENCE,272,2.6,101.8,-0.0087,0
APDA-NEG-00204,2003-07-10,2003-07-10 12:00:00,2003,Uttarakhand,29.1708,79.5415,Absence Control: Haldwani Foothills,Haldwani Foothills,Point verified absence,None,None,None,Low-slope plain / valley basin,0,0,Apda_Mitra_Spatial_Buffer_Sampling,Absence_Control,NEG-00204,Spatial_Absence_Control,https://apdamitra.in/data/absence,Buffered >= 0.1 deg from positive slides,VALID_NEGATIVE_ABSENCE,416,6.8,201.6,0.0028,0
APDA-NEG-00205,2017-03-04,2017-03-04 12:00:00,2017,Uttarakhand,29.2328,79.0036,Absence Control: Kashipur Plain,Kashipur Plain,Point verified absence,None,None,None,Low-slope plain / valley basin,0,0,Apda_Mitra_Spatial_Buffer_Sampling,Absence_Control,NEG-00205,Spatial_Absence_Control,https://apdamitra.in/data/absence,Buffered >= 0.1 deg from positive slides,VALID_NEGATIVE_ABSENCE,240,3.1,205.0,-0.0098,0
APDA-NEG-00206,2012-05-12,2012-05-12 12:00:00,2012,Uttarakhand,29.1595,79.4791,Absence Control: Haldwani Foothills,Haldwani Foothills,Point verified absence,None,None,None,Low-slope plain / valley basin,0,0,Apda_Mitra_Spatial_Buffer_Sampling,Absence_Control,NEG-00206,Spatial_Absence_Control,https://apdamitra.in/data/absence,Buffered >= 0.1 deg from positive slides,VALID_NEGATIVE_ABSENCE,419,6.0,160.9,0.0023,0
APDA-NEG-00207,1995-10-10,1995-10-10 12:00:00,1995,Uttarakhand,29.2578,78.9227,Absence Control: Kashipur Plain,Kashipur Plain,Point verified absence,None,None,None,Low-slope plain / valley basin,0,0,Apda_Mitra_Spatial_Buffer_Sampling,Absence_Control,NEG-00207,Spatial_Absence_Control,https://apdamitra.in/data/absence,Buffered >= 0.1 deg from positive slides,VALID_NEGATIVE_ABSENCE,243,3.5,23.4,0.0193,0
APDA-NEG-00208,2015-02-03,2015-02-03 12:00:00,2015,Uttarakhand,29.8489,77.8954,Absence Control: Roorkee Plain,Roorkee Plain,Point verified absence,None,None,None,Low-slope plain / valley basin,0,0,Apda_Mitra_Spatial_Buffer_Sampling,Absence_Control,NEG-00208,Spatial_Absence_Control,https://apdamitra.in/data/absence,Buffered >= 0.1 deg from positive slides,VALID_NEGATIVE_ABSENCE,270,2.6,226.6,0.0185,0
APDA-NEG-00209,2010-11-13,2010-11-13 12:00:00,2010,Uttarakhand,29.8307,77.9116,Absence Control: Roorkee Plain,Roorkee Plain,Point verified absence,None,None,None,Low-slope plain / valley basin,0,0,Apda_Mitra_Spatial_Buffer_Sampling,Absence_Control,NEG-00209,Spatial_Absence_Control,https://apdamitra.in/data/absence,Buffered >= 0.1 deg from positive slides,VALID_NEGATIVE_ABSENCE,269,1.9,212.7,-0.0003,0
APDA-NEG-00210,2013-04-04,2013-04-04 12:00:00,2013,Uttarakhand,29.2496,78.9229,Absence Control: Kashipur Plain,Kashipur Plain,Point verified absence,None,None,None,Low-slope plain / valley basin,0,0,Apda_Mitra_Spatial_Buffer_Sampling,Absence_Control,NEG-00210,Spatial_Absence_Control,https://apdamitra.in/data/absence,Buffered >= 0.1 deg from positive slides,VALID_NEGATIVE_ABSENCE,207,2.5,254.5,0.0115,0
APDA-NEG-00211,2003-09-18,2003-09-18 12:00:00,2003,Uttarakhand,29.2216,78.9195,Absence Control: Kashipur Plain,Kashipur Plain,Point verified absence,None,None,None,Low-slope plain / valley basin,0,0,Apda_Mitra_Spatial_Buffer_Sampling,Absence_Control,NEG-00211,Spatial_Absence_Control,https://apdamitra.in/data/absence,Buffered >= 0.1 deg from positive slides,VALID_NEGATIVE_ABSENCE,212,2.0,10.8,-0.014,0
APDA-NEG-00212,2010-06-10,2010-06-10 12:00:00,2010,Uttarakhand,29.2514,78.9096,Absence Control: Kashipur Plain,Kashipur Plain,Point verified absence,None,None,None,Low-slope plain / valley basin,0,0,Apda_Mitra_Spatial_Buffer_Sampling,Absence_Control,NEG-00212,Spatial_Absence_Control,https://apdamitra.in/data/absence,Buffered >= 0.1 deg from positive slides,VALID_NEGATIVE_ABSENCE,235,3.1,264.9,-0.0027,0
APDA-NEG-00213,2005-02-13,2005-02-13 12:00:00,2005,Uttarakhand,29.2289,78.9191,Absence Control: Kashipur Plain,Kashipur Plain,Point verified absence,None,None,None,Low-slope plain / valley basin,0,0,Apda_Mitra_Spatial_Buffer_Sampling,Absence_Control,NEG-00213,Spatial_Absence_Control,https://apdamitra.in/data/absence,Buffered >= 0.1 deg from positive slides,VALID_NEGATIVE_ABSENCE,243,2.8,47.0,0.0005,0
APDA-NEG-00214,2010-01-19,2010-01-19 12:00:00,2010,Uttarakhand,29.2061,79.4597,Absence Control: Haldwani Foothills,Haldwani Foothills,Point verified absence,None,None,None,Low-slope plain / valley basin,0,0,Apda_Mitra_Spatial_Buffer_Sampling,Absence_Control,NEG-00214,Spatial_Absence_Control,https://apdamitra.in/data/absence,Buffered >= 0.1 deg from positive slides,VALID_NEGATIVE_ABSENCE,417,5.0,2.2,0.0197,0
APDA-NEG-00215,2004-03-13,2004-03-13 12:00:00,2004,Uttarakhand,29.2216,79.0052,Absence Control: Kashipur Plain,Kashipur Plain,Point verified absence,None,None,None,Low-slope plain / valley basin,0,0,Apda_Mitra_Spatial_Buffer_Sampling,Absence_Control,NEG-00215,Spatial_Absence_Control,https://apdamitra.in/data/absence,Buffered >= 0.1 deg from positive slides,VALID_NEGATIVE_ABSENCE,245,3.4,165.8,-0.016,0
APDA-NEG-00216,2012-07-01,2012-07-01 12:00:00,2012,Uttarakhand,29.215,79.457,Absence Control: Haldwani Foothills,Haldwani Foothills,Point verified absence,None,None,None,Low-slope plain / valley basin,0,0,Apda_Mitra_Spatial_Buffer_Sampling,Absence_Control,NEG-00216,Spatial_Absence_Control,https://apdamitra.in/data/absence,Buffered >= 0.1 deg from positive slides,VALID_NEGATIVE_ABSENCE,441,6.4,357.2,-0.0046,0
APDA-NEG-00217,2015-06-09,2015-06-09 12:00:00,2015,Uttarakhand,29.1959,79.5601,Absence Control: Haldwani Foothills,Haldwani Foothills,Point verified absence,None,None,None,Low-slope plain / valley basin,0,0,Apda_Mitra_Spatial_Buffer_Sampling,Absence_Control,NEG-00217,Spatial_Absence_Control,https://apdamitra.in/data/absence,Buffered >= 0.1 deg from positive slides,VALID_NEGATIVE_ABSENCE,427,7.2,135.1,0.0107,0
APDA-NEG-00218,2017-07-27,2017-07-27 12:00:00,2017,Uttarakhand,29.1734,79.5529,Absence Control: Haldwani Foothills,Haldwani Foothills,Point verified absence,None,None,None,Low-slope plain / valley basin,0,0,Apda_Mitra_Spatial_Buffer_Sampling,Absence_Control,NEG-00218,Spatial_Absence_Control,https://apdamitra.in/data/absence,Buffered >= 0.1 deg from positive slides,VALID_NEGATIVE_ABSENCE,428,5.9,207.9,-0.0053,0
APDA-NEG-00219,2007-12-10,2007-12-10 12:00:00,2007,Uttarakhand,29.18,78.9213,Absence Control: Kashipur Plain,Kashipur Plain,Point verified absence,None,None,None,Low-slope plain / valley basin,0,0,Apda_Mitra_Spatial_Buffer_Sampling,Absence_Control,NEG-00219,Spatial_Absence_Control,https://apdamitra.in/data/absence,Buffered >= 0.1 deg from positive slides,VALID_NEGATIVE_ABSENCE,246,2.3,334.8,-0.0174,0
APDA-NEG-00220,2021-07-24,2021-07-24 12:00:00,2021,Uttarakhand,29.19,79.4867,Absence Control: Haldwani Foothills,Haldwani Foothills,Point verified absence,None,None,None,Low-slope plain / valley basin,0,0,Apda_Mitra_Spatial_Buffer_Sampling,Absence_Control,NEG-00220,Spatial_Absence_Control,https://apdamitra.in/data/absence,Buffered >= 0.1 deg from positive slides,VALID_NEGATIVE_ABSENCE,424,7.2,138.1,-0.0131,0
APDA-NEG-00221,2004-08-07,2004-08-07 12:00:00,2004,Uttarakhand,29.8639,77.8649,Absence Control: Roorkee Plain,Roorkee Plain,Point verified absence,None,None,None,Low-slope plain / valley basin,0,0,Apda_Mitra_Spatial_Buffer_Sampling,Absence_Control,NEG-00221,Spatial_Absence_Control,https://apdamitra.in/data/absence,Buffered >= 0.1 deg from positive slides,VALID_NEGATIVE_ABSENCE,262,1.4,68.9,-0.0173,0
APDA-NEG-00222,2012-04-01,2012-04-01 12:00:00,2012,Uttarakhand,29.9111,77.9022,Absence Control: Roorkee Plain,Roorkee Plain,Point verified absence,None,None,None,Low-slope plain / valley basin,0,0,Apda_Mitra_Spatial_Buffer_Sampling,Absence_Control,NEG-00222,Spatial_Absence_Control,https://apdamitra.in/data/absence,Buffered >= 0.1 deg from positive slides,VALID_NEGATIVE_ABSENCE,256,2.1,176.2,0.0091,0
APDA-NEG-00223,2008-06-16,2008-06-16 12:00:00,2008,Uttarakhand,29.1606,79.5083,Absence Control: Haldwani Foothills,Haldwani Foothills,Point verified absence,None,None,None,Low-slope plain / valley basin,0,0,Apda_Mitra_Spatial_Buffer_Sampling,Absence_Control,NEG-00223,Spatial_Absence_Control,https://apdamitra.in/data/absence,Buffered >= 0.1 deg from positive slides,VALID_NEGATIVE_ABSENCE,443,5.9,12.7,0.0071,0
APDA-NEG-00224,2016-02-01,2016-02-01 12:00:00,2016,Uttarakhand,29.8201,77.9075,Absence Control: Roorkee Plain,Roorkee Plain,Point verified absence,None,None,None,Low-slope plain / valley basin,0,0,Apda_Mitra_Spatial_Buffer_Sampling,Absence_Control,NEG-00224,Spatial_Absence_Control,https://apdamitra.in/data/absence,Buffered >= 0.1 deg from positive slides,VALID_NEGATIVE_ABSENCE,258,2.2,47.6,-0.0013,0
APDA-NEG-00225,2008-06-08,2008-06-08 12:00:00,2008,Uttarakhand,29.8252,77.8768,Absence Control: Roorkee Plain,Roorkee Plain,Point verified absence,None,None,None,Low-slope plain / valley basin,0,0,Apda_Mitra_Spatial_Buffer_Sampling,Absence_Control,NEG-00225,Spatial_Absence_Control,https://apdamitra.in/data/absence,Buffered >= 0.1 deg from positive slides,VALID_NEGATIVE_ABSENCE,254,2.4,16.7,-0.0176,0
APDA-NEG-00226,2004-08-07,2004-08-07 12:00:00,2004,Uttarakhand,29.8793,77.8749,Absence Control: Roorkee Plain,Roorkee Plain,Point verified absence,None,None,None,Low-slope plain / valley basin,0,0,Apda_Mitra_Spatial_Buffer_Sampling,Absence_Control,NEG-00226,Spatial_Absence_Control,https://apdamitra.in/data/absence,Buffered >= 0.1 deg from positive slides,VALID_NEGATIVE_ABSENCE,268,2.7,263.8,-0.0151,0
APDA-NEG-00227,2011-05-24,2011-05-24 12:00:00,2011,Uttarakhand,29.2354,78.9395,Absence Control: Kashipur Plain,Kashipur Plain,Point verified absence,None,None,None,Low-slope plain / valley basin,0,0,Apda_Mitra_Spatial_Buffer_Sampling,Absence_Control,NEG-00227,Spatial_Absence_Control,https://apdamitra.in/data/absence,Buffered >= 0.1 deg from positive slides,VALID_NEGATIVE_ABSENCE,215,1.9,334.3,-0.0081,0
APDA-NEG-00228,1999-02-14,1999-02-14 12:00:00,1999,Uttarakhand,29.203,78.9193,Absence Control: Kashipur Plain,Kashipur Plain,Point verified absence,None,None,None,Low-slope plain / valley basin,0,0,Apda_Mitra_Spatial_Buffer_Sampling,Absence_Control,NEG-00228,Spatial_Absence_Control,https://apdamitra.in/data/absence,Buffered >= 0.1 deg from positive slides,VALID_NEGATIVE_ABSENCE,224,3.3,172.5,0.0038,0
APDA-NEG-00229,2006-05-26,2006-05-26 12:00:00,2006,Uttarakhand,29.1991,78.9081,Absence Control: Kashipur Plain,Kashipur Plain,Point verified absence,None,None,None,Low-slope plain / valley basin,0,0,Apda_Mitra_Spatial_Buffer_Sampling,Absence_Control,NEG-00229,Spatial_Absence_Control,https://apdamitra.in/data/absence,Buffered >= 0.1 deg from positive slides,VALID_NEGATIVE_ABSENCE,205,2.3,226.3,0.0065,0
APDA-NEG-00230,2005-12-28,2005-12-28 12:00:00,2005,Uttarakhand,29.8329,77.8291,Absence Control: Roorkee Plain,Roorkee Plain,Point verified absence,None,None,None,Low-slope plain / valley basin,0,0,Apda_Mitra_Spatial_Buffer_Sampling,Absence_Control,NEG-00230,Spatial_Absence_Control,https://apdamitra.in/data/absence,Buffered >= 0.1 deg from positive slides,VALID_NEGATIVE_ABSENCE,251,2.9,19.4,-0.0039,0
APDA-NEG-00231,1995-06-08,1995-06-08 12:00:00,1995,Uttarakhand,29.1703,79.4564,Absence Control: Haldwani Foothills,Haldwani Foothills,Point verified absence,None,None,None,Low-slope plain / valley basin,0,0,Apda_Mitra_Spatial_Buffer_Sampling,Absence_Control,NEG-00231,Spatial_Absence_Control,https://apdamitra.in/data/absence,Buffered >= 0.1 deg from positive slides,VALID_NEGATIVE_ABSENCE,445,5.2,134.1,0.0059,0
APDA-NEG-00232,2003-07-21,2003-07-21 12:00:00,2003,Uttarakhand,29.9091,77.9049,Absence Control: Roorkee Plain,Roorkee Plain,Point verified absence,None,None,None,Low-slope plain / valley basin,0,0,Apda_Mitra_Spatial_Buffer_Sampling,Absence_Control,NEG-00232,Spatial_Absence_Control,https://apdamitra.in/data/absence,Buffered >= 0.1 deg from positive slides,VALID_NEGATIVE_ABSENCE,291,2.4,137.5,0.0064,0
APDA-NEG-00233,2003-12-17,2003-12-17 12:00:00,2003,Uttarakhand,29.7968,77.8914,Absence Control: Roorkee Plain,Roorkee Plain,Point verified absence,None,None,None,Low-slope plain / valley basin,0,0,Apda_Mitra_Spatial_Buffer_Sampling,Absence_Control,NEG-00233,Spatial_Absence_Control,https://apdamitra.in/data/absence,Buffered >= 0.1 deg from positive slides,VALID_NEGATIVE_ABSENCE,262,1.3,78.0,-0.0158,0
APDA-NEG-00234,2018-08-14,2018-08-14 12:00:00,2018,Uttarakhand,29.8489,77.9448,Absence Control: Roorkee Plain,Roorkee Plain,Point verified absence,None,None,None,Low-slope plain / valley basin,0,0,Apda_Mitra_Spatial_Buffer_Sampling,Absence_Control,NEG-00234,Spatial_Absence_Control,https://apdamitra.in/data/absence,Buffered >= 0.1 deg from positive slides,VALID_NEGATIVE_ABSENCE,286,1.3,261.9,-0.0018,0
APDA-NEG-00235,2001-05-07,2001-05-07 12:00:00,2001,Uttarakhand,29.2662,78.9061,Absence Control: Kashipur Plain,Kashipur Plain,Point verified absence,None,None,None,Low-slope plain / valley basin,0,0,Apda_Mitra_Spatial_Buffer_Sampling,Absence_Control,NEG-00235,Spatial_Absence_Control,https://apdamitra.in/data/absence,Buffered >= 0.1 deg from positive slides,VALID_NEGATIVE_ABSENCE,228,1.4,227.7,-0.0191,0
APDA-NEG-00236,2018-01-26,2018-01-26 12:00:00,2018,Uttarakhand,29.217,78.9898,Absence Control: Kashipur Plain,Kashipur Plain,Point verified absence,None,None,None,Low-slope plain / valley basin,0,0,Apda_Mitra_Spatial_Buffer_Sampling,Absence_Control,NEG-00236,Spatial_Absence_Control,https://apdamitra.in/data/absence,Buffered >= 0.1 deg from positive slides,VALID_NEGATIVE_ABSENCE,234,3.0,41.8,0.0173,0
APDA-NEG-00237,2017-03-23,2017-03-23 12:00:00,2017,Uttarakhand,29.25,78.9634,Absence Control: Kashipur Plain,Kashipur Plain,Point verified absence,None,None,None,Low-slope plain / valley basin,0,0,Apda_Mitra_Spatial_Buffer_Sampling,Absence_Control,NEG-00237,Spatial_Absence_Control,https://apdamitra.in/data/absence,Buffered >= 0.1 deg from positive slides,VALID_NEGATIVE_ABSENCE,240,3.8,297.2,0.0123,0
APDA-NEG-00238,2000-11-17,2000-11-17 12:00:00,2000,Uttarakhand,29.8425,77.8999,Absence Control: Roorkee Plain,Roorkee Plain,Point verified absence,None,None,None,Low-slope plain / valley basin,0,0,Apda_Mitra_Spatial_Buffer_Sampling,Absence_Control,NEG-00238,Spatial_Absence_Control,https://apdamitra.in/data/absence,Buffered >= 0.1 deg from positive slides,VALID_NEGATIVE_ABSENCE,297,2.4,78.1,-0.0148,0
APDA-NEG-00239,2012-11-26,2012-11-26 12:00:00,2012,Uttarakhand,29.1949,79.5075,Absence Control: Haldwani Foothills,Haldwani Foothills,Point verified absence,None,None,None,Low-slope plain / valley basin,0,0,Apda_Mitra_Spatial_Buffer_Sampling,Absence_Control,NEG-00239,Spatial_Absence_Control,https://apdamitra.in/data/absence,Buffered >= 0.1 deg from positive slides,VALID_NEGATIVE_ABSENCE,446,5.1,148.5,0.0041,0
APDA-NEG-00240,2000-10-26,2000-10-26 12:00:00,2000,Uttarakhand,29.8268,77.9355,Absence Control: Roorkee Plain,Roorkee Plain,Point verified absence,None,None,None,Low-slope plain / valley basin,0,0,Apda_Mitra_Spatial_Buffer_Sampling,Absence_Control,NEG-00240,Spatial_Absence_Control,https://apdamitra.in/data/absence,Buffered >= 0.1 deg from positive slides,VALID_NEGATIVE_ABSENCE,260,3.6,169.7,0.0117,0
APDA-NEG-00241,2017-02-11,2017-02-11 12:00:00,2017,Uttarakhand,29.2414,78.9285,Absence Control: Kashipur Plain,Kashipur Plain,Point verified absence,None,None,None,Low-slope plain / valley basin,0,0,Apda_Mitra_Spatial_Buffer_Sampling,Absence_Control,NEG-00241,Spatial_Absence_Control,https://apdamitra.in/data/absence,Buffered >= 0.1 deg from positive slides,VALID_NEGATIVE_ABSENCE,228,2.1,125.0,-0.0149,0
APDA-NEG-00242,2010-11-08,2010-11-08 12:00:00,2010,Uttarakhand,29.1724,79.0091,Absence Control: Kashipur Plain,Kashipur Plain,Point verified absence,None,None,None,Low-slope plain / valley basin,0,0,Apda_Mitra_Spatial_Buffer_Sampling,Absence_Control,NEG-00242,Spatial_Absence_Control,https://apdamitra.in/data/absence,Buffered >= 0.1 deg from positive slides,VALID_NEGATIVE_ABSENCE,242,2.7,123.8,0.0179,0
APDA-NEG-00243,2012-04-24,2012-04-24 12:00:00,2012,Uttarakhand,29.2533,78.9521,Absence Control: Kashipur Plain,Kashipur Plain,Point verified absence,None,None,None,Low-slope plain / valley basin,0,0,Apda_Mitra_Spatial_Buffer_Sampling,Absence_Control,NEG-00243,Spatial_Absence_Control,https://apdamitra.in/data/absence,Buffered >= 0.1 deg from positive slides,VALID_NEGATIVE_ABSENCE,202,1.6,322.2,-0.0009,0
APDA-NEG-00244,2015-10-21,2015-10-21 12:00:00,2015,Uttarakhand,29.1629,78.9021,Absence Control: Kashipur Plain,Kashipur Plain,Point verified absence,None,None,None,Low-slope plain / valley basin,0,0,Apda_Mitra_Spatial_Buffer_Sampling,Absence_Control,NEG-00244,Spatial_Absence_Control,https://apdamitra.in/data/absence,Buffered >= 0.1 deg from positive slides,VALID_NEGATIVE_ABSENCE,202,1.8,234.0,-0.0184,0
APDA-NEG-00245,1997-12-07,1997-12-07 12:00:00,1997,Uttarakhand,29.2341,78.9189,Absence Control: Kashipur Plain,Kashipur Plain,Point verified absence,None,None,None,Low-slope plain / valley basin,0,0,Apda_Mitra_Spatial_Buffer_Sampling,Absence_Control,NEG-00245,Spatial_Absence_Control,https://apdamitra.in/data/absence,Buffered >= 0.1 deg from positive slides,VALID_NEGATIVE_ABSENCE,245,3.5,55.5,-0.0071,0
APDA-NEG-00246,2012-05-09,2012-05-09 12:00:00,2012,Uttarakhand,29.2553,78.963,Absence Control: Kashipur Plain,Kashipur Plain,Point verified absence,None,None,None,Low-slope plain / valley basin,0,0,Apda_Mitra_Spatial_Buffer_Sampling,Absence_Control,NEG-00246,Spatial_Absence_Control,https://apdamitra.in/data/absence,Buffered >= 0.1 deg from positive slides,VALID_NEGATIVE_ABSENCE,228,1.6,84.3,-0.0046,0
APDA-NEG-00247,2012-11-04,2012-11-04 12:00:00,2012,Uttarakhand,29.8535,77.9234,Absence Control: Roorkee Plain,Roorkee Plain,Point verified absence,None,None,None,Low-slope plain / valley basin,0,0,Apda_Mitra_Spatial_Buffer_Sampling,Absence_Control,NEG-00247,Spatial_Absence_Control,https://apdamitra.in/data/absence,Buffered >= 0.1 deg from positive slides,VALID_NEGATIVE_ABSENCE,267,1.4,22.9,0.0132,0
APDA-NEG-00248,2011-05-25,2011-05-25 12:00:00,2011,Uttarakhand,29.8149,77.8782,Absence Control: Roorkee Plain,Roorkee Plain,Point verified absence,None,None,None,Low-slope plain / valley basin,0,0,Apda_Mitra_Spatial_Buffer_Sampling,Absence_Control,NEG-00248,Spatial_Absence_Control,https://apdamitra.in/data/absence,Buffered >= 0.1 deg from positive slides,VALID_NEGATIVE_ABSENCE,292,1.7,58.1,0.0074,0
APDA-NEG-00249,2017-04-01,2017-04-01 12:00:00,2017,Uttarakhand,29.2572,78.9788,Absence Control: Kashipur Plain,Kashipur Plain,Point verified absence,None,None,None,Low-slope plain / valley basin,0,0,Apda_Mitra_Spatial_Buffer_Sampling,Absence_Control,NEG-00249,Spatial_Absence_Control,https://apdamitra.in/data/absence,Buffered >= 0.1 deg from positive slides,VALID_NEGATIVE_ABSENCE,210,3.8,47.1,-0.0138,0
APDA-NEG-00250,2016-05-27,2016-05-27 12:00:00,2016,Uttarakhand,29.1766,78.9996,Absence Control: Kashipur Plain,Kashipur Plain,Point verified absence,None,None,None,Low-slope plain / valley basin,0,0,Apda_Mitra_Spatial_Buffer_Sampling,Absence_Control,NEG-00250,Spatial_Absence_Control,https://apdamitra.in/data/absence,Buffered >= 0.1 deg from positive slides,VALID_NEGATIVE_ABSENCE,233,1.5,150.8,-0.0078,0
APDA-NEG-00251,2005-10-14,2005-10-14 12:00:00,2005,Uttarakhand,29.1919,78.9089,Absence Control: Kashipur Plain,Kashipur Plain,Point verified absence,None,None,None,Low-slope plain / valley basin,0,0,Apda_Mitra_Spatial_Buffer_Sampling,Absence_Control,NEG-00251,Spatial_Absence_Control,https://apdamitra.in/data/absence,Buffered >= 0.1 deg from positive slides,VALID_NEGATIVE_ABSENCE,224,3.8,75.5,0.0186,0
APDA-NEG-00252,1998-03-19,1998-03-19 12:00:00,1998,Uttarakhand,29.7944,77.8913,Absence Control: Roorkee Plain,Roorkee Plain,Point verified absence,None,None,None,Low-slope plain / valley basin,0,0,Apda_Mitra_Spatial_Buffer_Sampling,Absence_Control,NEG-00252,Spatial_Absence_Control,https://apdamitra.in/data/absence,Buffered >= 0.1 deg from positive slides,VALID_NEGATIVE_ABSENCE,281,2.6,268.5,-0.0053,0
APDA-NEG-00253,2009-06-27,2009-06-27 12:00:00,2009,Uttarakhand,29.2272,78.9885,Absence Control: Kashipur Plain,Kashipur Plain,Point verified absence,None,None,None,Low-slope plain / valley basin,0,0,Apda_Mitra_Spatial_Buffer_Sampling,Absence_Control,NEG-00253,Spatial_Absence_Control,https://apdamitra.in/data/absence,Buffered >= 0.1 deg from positive slides,VALID_NEGATIVE_ABSENCE,199,3.8,175.1,-0.0198,0
APDA-NEG-00254,2016-03-20,2016-03-20 12:00:00,2016,Uttarakhand,29.9107,77.9396,Absence Control: Roorkee Plain,Roorkee Plain,Point verified absence,None,None,None,Low-slope plain / valley basin,0,0,Apda_Mitra_Spatial_Buffer_Sampling,Absence_Control,NEG-00254,Spatial_Absence_Control,https://apdamitra.in/data/absence,Buffered >= 0.1 deg from positive slides,VALID_NEGATIVE_ABSENCE,263,3.1,64.7,-0.0139,0
APDA-NEG-00255,2002-10-27,2002-10-27 12:00:00,2002,Uttarakhand,29.9133,77.87,Absence Control: Roorkee Plain,Roorkee Plain,Point verified absence,None,None,None,Low-slope plain / valley basin,0,0,Apda_Mitra_Spatial_Buffer_Sampling,Absence_Control,NEG-00255,Spatial_Absence_Control,https://apdamitra.in/data/absence,Buffered >= 0.1 deg from positive slides,VALID_NEGATIVE_ABSENCE,248,1.8,237.8,0.0083,0
APDA-NEG-00256,2017-10-27,2017-10-27 12:00:00,2017,Uttarakhand,29.7951,77.8678,Absence Control: Roorkee Plain,Roorkee Plain,Point verified absence,None,None,None,Low-slope plain / valley basin,0,0,Apda_Mitra_Spatial_Buffer_Sampling,Absence_Control,NEG-00256,Spatial_Absence_Control,https://apdamitra.in/data/absence,Buffered >= 0.1 deg from positive slides,VALID_NEGATIVE_ABSENCE,292,2.5,304.7,0.0054,0
APDA-NEG-00257,2010-08-05,2010-08-05 12:00:00,2010,Uttarakhand,29.2478,78.9509,Absence Control: Kashipur Plain,Kashipur Plain,Point verified absence,None,None,None,Low-slope plain / valley basin,0,0,Apda_Mitra_Spatial_Buffer_Sampling,Absence_Control,NEG-00257,Spatial_Absence_Control,https://apdamitra.in/data/absence,Buffered >= 0.1 deg from positive slides,VALID_NEGATIVE_ABSENCE,207,2.1,213.6,0.002,0
APDA-NEG-00258,2007-04-27,2007-04-27 12:00:00,2007,Uttarakhand,29.1793,78.9883,Absence Control: Kashipur Plain,Kashipur Plain,Point verified absence,None,None,None,Low-slope plain / valley basin,0,0,Apda_Mitra_Spatial_Buffer_Sampling,Absence_Control,NEG-00258,Spatial_Absence_Control,https://apdamitra.in/data/absence,Buffered >= 0.1 deg from positive slides,VALID_NEGATIVE_ABSENCE,202,2.9,217.6,-0.0031,0
APDA-NEG-00259,1996-04-22,1996-04-22 12:00:00,1996,Uttarakhand,29.1518,78.9954,Absence Control: Kashipur Plain,Kashipur Plain,Point verified absence,None,None,None,Low-slope plain / valley basin,0,0,Apda_Mitra_Spatial_Buffer_Sampling,Absence_Control,NEG-00259,Spatial_Absence_Control,https://apdamitra.in/data/absence,Buffered >= 0.1 deg from positive slides,VALID_NEGATIVE_ABSENCE,226,1.7,225.1,0.0166,0
APDA-NEG-00260,2005-10-10,2005-10-10 12:00:00,2005,Uttarakhand,29.1652,79.5706,Absence Control: Haldwani Foothills,Haldwani Foothills,Point verified absence,None,None,None,Low-slope plain / valley basin,0,0,Apda_Mitra_Spatial_Buffer_Sampling,Absence_Control,NEG-00260,Spatial_Absence_Control,https://apdamitra.in/data/absence,Buffered >= 0.1 deg from positive slides,VALID_NEGATIVE_ABSENCE,404,7.2,314.0,-0.0006,0
APDA-NEG-00261,2017-11-10,2017-11-10 12:00:00,2017,Uttarakhand,29.2283,78.9003,Absence Control: Kashipur Plain,Kashipur Plain,Point verified absence,None,None,None,Low-slope plain / valley basin,0,0,Apda_Mitra_Spatial_Buffer_Sampling,Absence_Control,NEG-00261,Spatial_Absence_Control,https://apdamitra.in/data/absence,Buffered >= 0.1 deg from positive slides,VALID_NEGATIVE_ABSENCE,239,3.3,54.8,-0.0107,0
APDA-NEG-00262,2013-10-15,2013-10-15 12:00:00,2013,Uttarakhand,29.8063,77.8712,Absence Control: Roorkee Plain,Roorkee Plain,Point verified absence,None,None,None,Low-slope plain / valley basin,0,0,Apda_Mitra_Spatial_Buffer_Sampling,Absence_Control,NEG-00262,Spatial_Absence_Control,https://apdamitra.in/data/absence,Buffered >= 0.1 deg from positive slides,VALID_NEGATIVE_ABSENCE,263,1.4,189.4,0.0148,0
APDA-NEG-00263,2003-11-07,2003-11-07 12:00:00,2003,Uttarakhand,29.2324,78.9352,Absence Control: Kashipur Plain,Kashipur Plain,Point verified absence,None,None,None,Low-slope plain / valley basin,0,0,Apda_Mitra_Spatial_Buffer_Sampling,Absence_Control,NEG-00263,Spatial_Absence_Control,https://apdamitra.in/data/absence,Buffered >= 0.1 deg from positive slides,VALID_NEGATIVE_ABSENCE,199,2.2,154.9,-0.0074,0
APDA-NEG-00264,2009-12-21,2009-12-21 12:00:00,2009,Uttarakhand,29.9021,77.9158,Absence Control: Roorkee Plain,Roorkee Plain,Point verified absence,None,None,None,Low-slope plain / valley basin,0,0,Apda_Mitra_Spatial_Buffer_Sampling,Absence_Control,NEG-00264,Spatial_Absence_Control,https://apdamitra.in/data/absence,Buffered >= 0.1 deg from positive slides,VALID_NEGATIVE_ABSENCE,262,2.5,119.7,0.0123,0
APDA-NEG-00265,2002-03-11,2002-03-11 12:00:00,2002,Uttarakhand,29.8606,77.8297,Absence Control: Roorkee Plain,Roorkee Plain,Point verified absence,None,None,None,Low-slope plain / valley basin,0,0,Apda_Mitra_Spatial_Buffer_Sampling,Absence_Control,NEG-00265,Spatial_Absence_Control,https://apdamitra.in/data/absence,Buffered >= 0.1 deg from positive slides,VALID_NEGATIVE_ABSENCE,257,3.0,159.6,0.0039,0
APDA-NEG-00266,2013-04-28,2013-04-28 12:00:00,2013,Uttarakhand,29.7965,77.9406,Absence Control: Roorkee Plain,Roorkee Plain,Point verified absence,None,None,None,Low-slope plain / valley basin,0,0,Apda_Mitra_Spatial_Buffer_Sampling,Absence_Control,NEG-00266,Spatial_Absence_Control,https://apdamitra.in/data/absence,Buffered >= 0.1 deg from positive slides,VALID_NEGATIVE_ABSENCE,268,1.6,194.0,0.0042,0
APDA-NEG-00267,2014-02-24,2014-02-24 12:00:00,2014,Uttarakhand,29.2456,78.9423,Absence Control: Kashipur Plain,Kashipur Plain,Point verified absence,None,None,None,Low-slope plain / valley basin,0,0,Apda_Mitra_Spatial_Buffer_Sampling,Absence_Control,NEG-00267,Spatial_Absence_Control,https://apdamitra.in/data/absence,Buffered >= 0.1 deg from positive slides,VALID_NEGATIVE_ABSENCE,235,3.0,207.0,0.0024,0
APDA-NEG-00268,2005-02-13,2005-02-13 12:00:00,2005,Uttarakhand,29.2201,78.9936,Absence Control: Kashipur Plain,Kashipur Plain,Point verified absence,None,None,None,Low-slope plain / valley basin,0,0,Apda_Mitra_Spatial_Buffer_Sampling,Absence_Control,NEG-00268,Spatial_Absence_Control,https://apdamitra.in/data/absence,Buffered >= 0.1 deg from positive slides,VALID_NEGATIVE_ABSENCE,205,3.5,352.8,0.012,0
APDA-NEG-00269,2006-11-25,2006-11-25 12:00:00,2006,Uttarakhand,29.1678,78.98,Absence Control: Kashipur Plain,Kashipur Plain,Point verified absence,None,None,None,Low-slope plain / valley basin,0,0,Apda_Mitra_Spatial_Buffer_Sampling,Absence_Control,NEG-00269,Spatial_Absence_Control,https://apdamitra.in/data/absence,Buffered >= 0.1 deg from positive slides,VALID_NEGATIVE_ABSENCE,246,3.1,235.2,0.015,0
APDA-NEG-00270,2010-04-21,2010-04-21 12:00:00,2010,Uttarakhand,29.8624,77.9169,Absence Control: Roorkee Plain,Roorkee Plain,Point verified absence,None,None,None,Low-slope plain / valley basin,0,0,Apda_Mitra_Spatial_Buffer_Sampling,Absence_Control,NEG-00270,Spatial_Absence_Control,https://apdamitra.in/data/absence,Buffered >= 0.1 deg from positive slides,VALID_NEGATIVE_ABSENCE,261,1.4,140.5,-0.0195,0
APDA-NEG-00271,2006-11-28,2006-11-28 12:00:00,2006,Uttarakhand,29.2482,78.9101,Absence Control: Kashipur Plain,Kashipur Plain,Point verified absence,None,None,None,Low-slope plain / valley basin,0,0,Apda_Mitra_Spatial_Buffer_Sampling,Absence_Control,NEG-00271,Spatial_Absence_Control,https://apdamitra.in/data/absence,Buffered >= 0.1 deg from positive slides,VALID_NEGATIVE_ABSENCE,205,2.2,305.2,0.0155,0
APDA-NEG-00272,2015-10-11,2015-10-11 12:00:00,2015,Uttarakhand,29.8167,77.8307,Absence Control: Roorkee Plain,Roorkee Plain,Point verified absence,None,None,None,Low-slope plain / valley basin,0,0,Apda_Mitra_Spatial_Buffer_Sampling,Absence_Control,NEG-00272,Spatial_Absence_Control,https://apdamitra.in/data/absence,Buffered >= 0.1 deg from positive slides,VALID_NEGATIVE_ABSENCE,271,3.2,327.8,-0.0012,0
APDA-NEG-00273,2006-12-12,2006-12-12 12:00:00,2006,Uttarakhand,29.171,79.5386,Absence Control: Haldwani Foothills,Haldwani Foothills,Point verified absence,None,None,None,Low-slope plain / valley basin,0,0,Apda_Mitra_Spatial_Buffer_Sampling,Absence_Control,NEG-00273,Spatial_Absence_Control,https://apdamitra.in/data/absence,Buffered >= 0.1 deg from positive slides,VALID_NEGATIVE_ABSENCE,429,5.9,351.7,-0.0094,0
APDA-NEG-00274,1998-01-07,1998-01-07 12:00:00,1998,Uttarakhand,29.8787,77.8553,Absence Control: Roorkee Plain,Roorkee Plain,Point verified absence,None,None,None,Low-slope plain / valley basin,0,0,Apda_Mitra_Spatial_Buffer_Sampling,Absence_Control,NEG-00274,Spatial_Absence_Control,https://apdamitra.in/data/absence,Buffered >= 0.1 deg from positive slides,VALID_NEGATIVE_ABSENCE,250,3.1,340.0,0.0019,0
APDA-NEG-00275,2019-03-14,2019-03-14 12:00:00,2019,Uttarakhand,29.8984,77.9473,Absence Control: Roorkee Plain,Roorkee Plain,Point verified absence,None,None,None,Low-slope plain / valley basin,0,0,Apda_Mitra_Spatial_Buffer_Sampling,Absence_Control,NEG-00275,Spatial_Absence_Control,https://apdamitra.in/data/absence,Buffered >= 0.1 deg from positive slides,VALID_NEGATIVE_ABSENCE,287,3.4,177.3,0.0192,0
APDA-NEG-00276,2006-02-10,2006-02-10 12:00:00,2006,Uttarakhand,29.8628,77.8413,Absence Control: Roorkee Plain,Roorkee Plain,Point verified absence,None,None,None,Low-slope plain / valley basin,0,0,Apda_Mitra_Spatial_Buffer_Sampling,Absence_Control,NEG-00276,Spatial_Absence_Control,https://apdamitra.in/data/absence,Buffered >= 0.1 deg from positive slides,VALID_NEGATIVE_ABSENCE,293,1.9,0.3,-0.0072,0
APDA-NEG-00277,2014-10-12,2014-10-12 12:00:00,2014,Uttarakhand,29.2422,78.9817,Absence Control: Kashipur Plain,Kashipur Plain,Point verified absence,None,None,None,Low-slope plain / valley basin,0,0,Apda_Mitra_Spatial_Buffer_Sampling,Absence_Control,NEG-00277,Spatial_Absence_Control,https://apdamitra.in/data/absence,Buffered >= 0.1 deg from positive slides,VALID_NEGATIVE_ABSENCE,227,3.0,132.0,0.0187,0
APDA-NEG-00278,1996-05-20,1996-05-20 12:00:00,1996,Uttarakhand,29.1534,78.9029,Absence Control: Kashipur Plain,Kashipur Plain,Point verified absence,None,None,None,Low-slope plain / valley basin,0,0,Apda_Mitra_Spatial_Buffer_Sampling,Absence_Control,NEG-00278,Spatial_Absence_Control,https://apdamitra.in/data/absence,Buffered >= 0.1 deg from positive slides,VALID_NEGATIVE_ABSENCE,226,1.7,76.4,-0.0052,0
APDA-NEG-00279,2006-02-21,2006-02-21 12:00:00,2006,Uttarakhand,29.897,77.9074,Absence Control: Roorkee Plain,Roorkee Plain,Point verified absence,None,None,None,Low-slope plain / valley basin,0,0,Apda_Mitra_Spatial_Buffer_Sampling,Absence_Control,NEG-00279,Spatial_Absence_Control,https://apdamitra.in/data/absence,Buffered >= 0.1 deg from positive slides,VALID_NEGATIVE_ABSENCE,279,3.1,213.5,-0.012,0
APDA-NEG-00280,1996-01-21,1996-01-21 12:00:00,1996,Uttarakhand,29.8107,77.9187,Absence Control: Roorkee Plain,Roorkee Plain,Point verified absence,None,None,None,Low-slope plain / valley basin,0,0,Apda_Mitra_Spatial_Buffer_Sampling,Absence_Control,NEG-00280,Spatial_Absence_Control,https://apdamitra.in/data/absence,Buffered >= 0.1 deg from positive slides,VALID_NEGATIVE_ABSENCE,256,2.7,200.1,0.0017,0
APDA-NEG-00281,2010-02-10,2010-02-10 12:00:00,2010,Sikkim,27.0674,88.3125,Absence Control: Jorethang Teesta Bench,Jorethang Teesta Bench,Point verified absence,None,None,None,Low-slope plain / valley basin,0,0,Apda_Mitra_Spatial_Buffer_Sampling,Absence_Control,NEG-00281,Spatial_Absence_Control,https://apdamitra.in/data/absence,Buffered >= 0.1 deg from positive slides,VALID_NEGATIVE_ABSENCE,346,11.0,298.3,-0.0062,0
APDA-NEG-00282,1999-12-15,1999-12-15 12:00:00,1999,Sikkim,27.0682,88.3164,Absence Control: Jorethang Teesta Bench,Jorethang Teesta Bench,Point verified absence,None,None,None,Low-slope plain / valley basin,0,0,Apda_Mitra_Spatial_Buffer_Sampling,Absence_Control,NEG-00282,Spatial_Absence_Control,https://apdamitra.in/data/absence,Buffered >= 0.1 deg from positive slides,VALID_NEGATIVE_ABSENCE,345,12.0,174.8,0.0095,0
APDA-NEG-00283,2001-02-02,2001-02-02 12:00:00,2001,Sikkim,27.0764,88.304,Absence Control: Jorethang Teesta Bench,Jorethang Teesta Bench,Point verified absence,None,None,None,Low-slope plain / valley basin,0,0,Apda_Mitra_Spatial_Buffer_Sampling,Absence_Control,NEG-00283,Spatial_Absence_Control,https://apdamitra.in/data/absence,Buffered >= 0.1 deg from positive slides,VALID_NEGATIVE_ABSENCE,354,13.0,217.2,0.0045,0
APDA-NEG-00284,2008-12-23,2008-12-23 12:00:00,2008,Sikkim,27.0686,88.3062,Absence Control: Jorethang Teesta Bench,Jorethang Teesta Bench,Point verified absence,None,None,None,Low-slope plain / valley basin,0,0,Apda_Mitra_Spatial_Buffer_Sampling,Absence_Control,NEG-00284,Spatial_Absence_Control,https://apdamitra.in/data/absence,Buffered >= 0.1 deg from positive slides,VALID_NEGATIVE_ABSENCE,376,13.2,89.8,0.0031,0
APDA-NEG-00285,2006-01-22,2006-01-22 12:00:00,2006,Sikkim,27.0681,88.3121,Absence Control: Jorethang Teesta Bench,Jorethang Teesta Bench,Point verified absence,None,None,None,Low-slope plain / valley basin,0,0,Apda_Mitra_Spatial_Buffer_Sampling,Absence_Control,NEG-00285,Spatial_Absence_Control,https://apdamitra.in/data/absence,Buffered >= 0.1 deg from positive slides,VALID_NEGATIVE_ABSENCE,360,11.1,287.2,0.0026,0
APDA-NEG-00286,2007-11-20,2007-11-20 12:00:00,2007,Sikkim,27.0656,88.2951,Absence Control: Jorethang Teesta Bench,Jorethang Teesta Bench,Point verified absence,None,None,None,Low-slope plain / valley basin,0,0,Apda_Mitra_Spatial_Buffer_Sampling,Absence_Control,NEG-00286,Spatial_Absence_Control,https://apdamitra.in/data/absence,Buffered >= 0.1 deg from positive slides,VALID_NEGATIVE_ABSENCE,355,13.3,156.1,-0.0188,0
APDA-NEG-00287,2014-02-07,2014-02-07 12:00:00,2014,Sikkim,27.0695,88.3138,Absence Control: Jorethang Teesta Bench,Jorethang Teesta Bench,Point verified absence,None,None,None,Low-slope plain / valley basin,0,0,Apda_Mitra_Spatial_Buffer_Sampling,Absence_Control,NEG-00287,Spatial_Absence_Control,https://apdamitra.in/data/absence,Buffered >= 0.1 deg from positive slides,VALID_NEGATIVE_ABSENCE,343,12.0,143.0,0.0052,0
APDA-NEG-00288,2008-06-05,2008-06-05 12:00:00,2008,Sikkim,27.0671,88.3184,Absence Control: Jorethang Teesta Bench,Jorethang Teesta Bench,Point verified absence,None,None,None,Low-slope plain / valley basin,0,0,Apda_Mitra_Spatial_Buffer_Sampling,Absence_Control,NEG-00288,Spatial_Absence_Control,https://apdamitra.in/data/absence,Buffered >= 0.1 deg from positive slides,VALID_NEGATIVE_ABSENCE,377,13.1,79.5,-0.0008,0
APDA-NEG-00289,2008-04-05,2008-04-05 12:00:00,2008,Sikkim,27.0707,88.3035,Absence Control: Jorethang Teesta Bench,Jorethang Teesta Bench,Point verified absence,None,None,None,Low-slope plain / valley basin,0,0,Apda_Mitra_Spatial_Buffer_Sampling,Absence_Control,NEG-00289,Spatial_Absence_Control,https://apdamitra.in/data/absence,Buffered >= 0.1 deg from positive slides,VALID_NEGATIVE_ABSENCE,351,12.3,349.0,0.002,0
APDA-NEG-00290,2012-08-08,2012-08-08 12:00:00,2012,Sikkim,27.0736,88.3024,Absence Control: Jorethang Teesta Bench,Jorethang Teesta Bench,Point verified absence,None,None,None,Low-slope plain / valley basin,0,0,Apda_Mitra_Spatial_Buffer_Sampling,Absence_Control,NEG-00290,Spatial_Absence_Control,https://apdamitra.in/data/absence,Buffered >= 0.1 deg from positive slides,VALID_NEGATIVE_ABSENCE,353,13.5,227.0,0.0177,0
APDA-NEG-00291,2000-08-06,2000-08-06 12:00:00,2000,Arunachal Pradesh,28.0547,95.3291,Absence Control: Pasighat Foothill Plain,Pasighat Foothill Plain,Point verified absence,None,None,None,Low-slope plain / valley basin,0,0,Apda_Mitra_Spatial_Buffer_Sampling,Absence_Control,NEG-00291,Spatial_Absence_Control,https://apdamitra.in/data/absence,Buffered >= 0.1 deg from positive slides,VALID_NEGATIVE_ABSENCE,156,6.9,60.5,0.0088,0
APDA-NEG-00292,2004-09-09,2004-09-09 12:00:00,2004,Arunachal Pradesh,28.0815,95.3411,Absence Control: Pasighat Foothill Plain,Pasighat Foothill Plain,Point verified absence,None,None,None,Low-slope plain / valley basin,0,0,Apda_Mitra_Spatial_Buffer_Sampling,Absence_Control,NEG-00292,Spatial_Absence_Control,https://apdamitra.in/data/absence,Buffered >= 0.1 deg from positive slides,VALID_NEGATIVE_ABSENCE,138,7.3,274.1,-0.0121,0
APDA-NEG-00293,2020-01-05,2020-01-05 12:00:00,2020,Arunachal Pradesh,28.0484,95.3668,Absence Control: Pasighat Foothill Plain,Pasighat Foothill Plain,Point verified absence,None,None,None,Low-slope plain / valley basin,0,0,Apda_Mitra_Spatial_Buffer_Sampling,Absence_Control,NEG-00293,Spatial_Absence_Control,https://apdamitra.in/data/absence,Buffered >= 0.1 deg from positive slides,VALID_NEGATIVE_ABSENCE,147,6.4,337.5,0.0017,0
APDA-NEG-00294,2006-02-14,2006-02-14 12:00:00,2006,Arunachal Pradesh,28.0356,95.291,Absence Control: Pasighat Foothill Plain,Pasighat Foothill Plain,Point verified absence,None,None,None,Low-slope plain / valley basin,0,0,Apda_Mitra_Spatial_Buffer_Sampling,Absence_Control,NEG-00294,Spatial_Absence_Control,https://apdamitra.in/data/absence,Buffered >= 0.1 deg from positive slides,VALID_NEGATIVE_ABSENCE,140,5.7,341.0,-0.0193,0
APDA-NEG-00295,2019-04-05,2019-04-05 12:00:00,2019,Arunachal Pradesh,28.0783,95.312,Absence Control: Pasighat Foothill Plain,Pasighat Foothill Plain,Point verified absence,None,None,None,Low-slope plain / valley basin,0,0,Apda_Mitra_Spatial_Buffer_Sampling,Absence_Control,NEG-00295,Spatial_Absence_Control,https://apdamitra.in/data/absence,Buffered >= 0.1 deg from positive slides,VALID_NEGATIVE_ABSENCE,150,6.1,245.9,-0.0017,0
APDA-NEG-00296,2008-08-04,2008-08-04 12:00:00,2008,Arunachal Pradesh,27.842,95.0924,Absence Control: Ruksin Plain,Ruksin Plain,Point verified absence,None,None,None,Low-slope plain / valley basin,0,0,Apda_Mitra_Spatial_Buffer_Sampling,Absence_Control,NEG-00296,Spatial_Absence_Control,https://apdamitra.in/data/absence,Buffered >= 0.1 deg from positive slides,VALID_NEGATIVE_ABSENCE,114,4.1,9.9,-0.0153,0
APDA-NEG-00297,2002-12-12,2002-12-12 12:00:00,2002,Arunachal Pradesh,27.7097,95.883,Absence Control: Namsai Lowland,Namsai Lowland,Point verified absence,None,None,None,Low-slope plain / valley basin,0,0,Apda_Mitra_Spatial_Buffer_Sampling,Absence_Control,NEG-00297,Spatial_Absence_Control,https://apdamitra.in/data/absence,Buffered >= 0.1 deg from positive slides,VALID_NEGATIVE_ABSENCE,168,3.2,254.5,0.0105,0
APDA-NEG-00298,2019-12-10,2019-12-10 12:00:00,2019,Arunachal Pradesh,28.073,95.3357,Absence Control: Pasighat Foothill Plain,Pasighat Foothill Plain,Point verified absence,None,None,None,Low-slope plain / valley basin,0,0,Apda_Mitra_Spatial_Buffer_Sampling,Absence_Control,NEG-00298,Spatial_Absence_Control,https://apdamitra.in/data/absence,Buffered >= 0.1 deg from positive slides,VALID_NEGATIVE_ABSENCE,144,7.3,140.4,0.0189,0
APDA-NEG-00299,1998-03-03,1998-03-03 12:00:00,1998,Arunachal Pradesh,27.6606,95.8255,Absence Control: Namsai Lowland,Namsai Lowland,Point verified absence,None,None,None,Low-slope plain / valley basin,0,0,Apda_Mitra_Spatial_Buffer_Sampling,Absence_Control,NEG-00299,Spatial_Absence_Control,https://apdamitra.in/data/absence,Buffered >= 0.1 deg from positive slides,VALID_NEGATIVE_ABSENCE,145,4.4,236.0,-0.0049,0
APDA-NEG-00300,2006-01-02,2006-01-02 12:00:00,2006,Arunachal Pradesh,27.8272,95.1235,Absence Control: Ruksin Plain,Ruksin Plain,Point verified absence,None,None,None,Low-slope plain / valley basin,0,0,Apda_Mitra_Spatial_Buffer_Sampling,Absence_Control,NEG-00300,Spatial_Absence_Control,https://apdamitra.in/data/absence,Buffered >= 0.1 deg from positive slides,VALID_NEGATIVE_ABSENCE,125,2.9,110.2,0.0066,0
APDA-NEG-00301,2016-09-14,2016-09-14 12:00:00,2016,Arunachal Pradesh,27.6162,95.8339,Absence Control: Namsai Lowland,Namsai Lowland,Point verified absence,None,None,None,Low-slope plain / valley basin,0,0,Apda_Mitra_Spatial_Buffer_Sampling,Absence_Control,NEG-00301,Spatial_Absence_Control,https://apdamitra.in/data/absence,Buffered >= 0.1 deg from positive slides,VALID_NEGATIVE_ABSENCE,158,2.5,8.2,-0.0001,0
APDA-NEG-00302,2004-09-01,2004-09-01 12:00:00,2004,Arunachal Pradesh,27.8741,95.1241,Absence Control: Ruksin Plain,Ruksin Plain,Point verified absence,None,None,None,Low-slope plain / valley basin,0,0,Apda_Mitra_Spatial_Buffer_Sampling,Absence_Control,NEG-00302,Spatial_Absence_Control,https://apdamitra.in/data/absence,Buffered >= 0.1 deg from positive slides,VALID_NEGATIVE_ABSENCE,133,4.2,186.1,0.0096,0
APDA-NEG-00303,1996-05-09,1996-05-09 12:00:00,1996,Arunachal Pradesh,27.6597,95.8727,Absence Control: Namsai Lowland,Namsai Lowland,Point verified absence,None,None,None,Low-slope plain / valley basin,0,0,Apda_Mitra_Spatial_Buffer_Sampling,Absence_Control,NEG-00303,Spatial_Absence_Control,https://apdamitra.in/data/absence,Buffered >= 0.1 deg from positive slides,VALID_NEGATIVE_ABSENCE,158,3.6,87.4,-0.0141,0
APDA-NEG-00304,2018-02-20,2018-02-20 12:00:00,2018,Arunachal Pradesh,27.7134,95.913,Absence Control: Namsai Lowland,Namsai Lowland,Point verified absence,None,None,None,Low-slope plain / valley basin,0,0,Apda_Mitra_Spatial_Buffer_Sampling,Absence_Control,NEG-00304,Spatial_Absence_Control,https://apdamitra.in/data/absence,Buffered >= 0.1 deg from positive slides,VALID_NEGATIVE_ABSENCE,144,2.8,221.3,0.0057,0
APDA-NEG-00305,2012-12-23,2012-12-23 12:00:00,2012,Arunachal Pradesh,28.0374,95.2982,Absence Control: Pasighat Foothill Plain,Pasighat Foothill Plain,Point verified absence,None,None,None,Low-slope plain / valley basin,0,0,Apda_Mitra_Spatial_Buffer_Sampling,Absence_Control,NEG-00305,Spatial_Absence_Control,https://apdamitra.in/data/absence,Buffered >= 0.1 deg from positive slides,VALID_NEGATIVE_ABSENCE,142,7.1,321.1,0.0148,0
APDA-NEG-00306,2011-03-07,2011-03-07 12:00:00,2011,Arunachal Pradesh,27.6147,95.9139,Absence Control: Namsai Lowland,Namsai Lowland,Point verified absence,None,None,None,Low-slope plain / valley basin,0,0,Apda_Mitra_Spatial_Buffer_Sampling,Absence_Control,NEG-00306,Spatial_Absence_Control,https://apdamitra.in/data/absence,Buffered >= 0.1 deg from positive slides,VALID_NEGATIVE_ABSENCE,130,3.9,85.7,-0.0106,0
APDA-NEG-00307,2018-02-05,2018-02-05 12:00:00,2018,Arunachal Pradesh,27.7827,95.1221,Absence Control: Ruksin Plain,Ruksin Plain,Point verified absence,None,None,None,Low-slope plain / valley basin,0,0,Apda_Mitra_Spatial_Buffer_Sampling,Absence_Control,NEG-00307,Spatial_Absence_Control,https://apdamitra.in/data/absence,Buffered >= 0.1 deg from positive slides,VALID_NEGATIVE_ABSENCE,126,3.8,289.3,-0.0122,0
APDA-NEG-00308,2000-06-11,2000-06-11 12:00:00,2000,Arunachal Pradesh,27.6394,95.8334,Absence Control: Namsai Lowland,Namsai Lowland,Point verified absence,None,None,None,Low-slope plain / valley basin,0,0,Apda_Mitra_Spatial_Buffer_Sampling,Absence_Control,NEG-00308,Spatial_Absence_Control,https://apdamitra.in/data/absence,Buffered >= 0.1 deg from positive slides,VALID_NEGATIVE_ABSENCE,135,4.0,72.7,-0.0062,0
APDA-NEG-00309,2015-07-08,2015-07-08 12:00:00,2015,Arunachal Pradesh,27.6846,95.8327,Absence Control: Namsai Lowland,Namsai Lowland,Point verified absence,None,None,None,Low-slope plain / valley basin,0,0,Apda_Mitra_Spatial_Buffer_Sampling,Absence_Control,NEG-00309,Spatial_Absence_Control,https://apdamitra.in/data/absence,Buffered >= 0.1 deg from positive slides,VALID_NEGATIVE_ABSENCE,156,2.5,0.2,0.0023,0
APDA-NEG-00310,2012-02-24,2012-02-24 12:00:00,2012,Arunachal Pradesh,28.0705,95.3362,Absence Control: Pasighat Foothill Plain,Pasighat Foothill Plain,Point verified absence,None,None,None,Low-slope plain / valley basin,0,0,Apda_Mitra_Spatial_Buffer_Sampling,Absence_Control,NEG-00310,Spatial_Absence_Control,https://apdamitra.in/data/absence,Buffered >= 0.1 deg from positive slides,VALID_NEGATIVE_ABSENCE,159,7.1,106.5,0.0047,0
APDA-NEG-00311,2014-03-20,2014-03-20 12:00:00,2014,Arunachal Pradesh,28.0202,95.2768,Absence Control: Pasighat Foothill Plain,Pasighat Foothill Plain,Point verified absence,None,None,None,Low-slope plain / valley basin,0,0,Apda_Mitra_Spatial_Buffer_Sampling,Absence_Control,NEG-00311,Spatial_Absence_Control,https://apdamitra.in/data/absence,Buffered >= 0.1 deg from positive slides,VALID_NEGATIVE_ABSENCE,175,6.4,115.7,0.018,0
APDA-NEG-00312,2021-07-28,2021-07-28 12:00:00,2021,Arunachal Pradesh,27.6822,95.9247,Absence Control: Namsai Lowland,Namsai Lowland,Point verified absence,None,None,None,Low-slope plain / valley basin,0,0,Apda_Mitra_Spatial_Buffer_Sampling,Absence_Control,NEG-00312,Spatial_Absence_Control,https://apdamitra.in/data/absence,Buffered >= 0.1 deg from positive slides,VALID_NEGATIVE_ABSENCE,127,3.2,216.7,0.0176,0
APDA-NEG-00313,2006-12-02,2006-12-02 12:00:00,2006,Arunachal Pradesh,27.6552,95.812,Absence Control: Namsai Lowland,Namsai Lowland,Point verified absence,None,None,None,Low-slope plain / valley basin,0,0,Apda_Mitra_Spatial_Buffer_Sampling,Absence_Control,NEG-00313,Spatial_Absence_Control,https://apdamitra.in/data/absence,Buffered >= 0.1 deg from positive slides,VALID_NEGATIVE_ABSENCE,123,3.2,194.7,0.0102,0
APDA-NEG-00314,1999-03-01,1999-03-01 12:00:00,1999,Arunachal Pradesh,27.7152,95.9177,Absence Control: Namsai Lowland,Namsai Lowland,Point verified absence,None,None,None,Low-slope plain / valley basin,0,0,Apda_Mitra_Spatial_Buffer_Sampling,Absence_Control,NEG-00314,Spatial_Absence_Control,https://apdamitra.in/data/absence,Buffered >= 0.1 deg from positive slides,VALID_NEGATIVE_ABSENCE,152,2.3,241.1,0.0022,0
APDA-NEG-00315,2003-06-18,2003-06-18 12:00:00,2003,Arunachal Pradesh,28.0967,95.344,Absence Control: Pasighat Foothill Plain,Pasighat Foothill Plain,Point verified absence,None,None,None,Low-slope plain / valley basin,0,0,Apda_Mitra_Spatial_Buffer_Sampling,Absence_Control,NEG-00315,Spatial_Absence_Control,https://apdamitra.in/data/absence,Buffered >= 0.1 deg from positive slides,VALID_NEGATIVE_ABSENCE,149,6.0,331.6,0.0084,0
APDA-NEG-00316,2020-10-14,2020-10-14 12:00:00,2020,Arunachal Pradesh,27.7279,95.8196,Absence Control: Namsai Lowland,Namsai Lowland,Point verified absence,None,None,None,Low-slope plain / valley basin,0,0,Apda_Mitra_Spatial_Buffer_Sampling,Absence_Control,NEG-00316,Spatial_Absence_Control,https://apdamitra.in/data/absence,Buffered >= 0.1 deg from positive slides,VALID_NEGATIVE_ABSENCE,151,3.7,35.9,0.0162,0
APDA-NEG-00317,2020-09-20,2020-09-20 12:00:00,2020,Arunachal Pradesh,27.8149,95.0794,Absence Control: Ruksin Plain,Ruksin Plain,Point verified absence,None,None,None,Low-slope plain / valley basin,0,0,Apda_Mitra_Spatial_Buffer_Sampling,Absence_Control,NEG-00317,Spatial_Absence_Control,https://apdamitra.in/data/absence,Buffered >= 0.1 deg from positive slides,VALID_NEGATIVE_ABSENCE,136,3.6,285.7,0.017,0
APDA-NEG-00318,2015-01-15,2015-01-15 12:00:00,2015,Arunachal Pradesh,27.7252,95.8401,Absence Control: Namsai Lowland,Namsai Lowland,Point verified absence,None,None,None,Low-slope plain / valley basin,0,0,Apda_Mitra_Spatial_Buffer_Sampling,Absence_Control,NEG-00318,Spatial_Absence_Control,https://apdamitra.in/data/absence,Buffered >= 0.1 deg from positive slides,VALID_NEGATIVE_ABSENCE,137,2.8,32.8,-0.0081,0
APDA-NEG-00319,1998-03-26,1998-03-26 12:00:00,1998,Arunachal Pradesh,27.8365,95.0692,Absence Control: Ruksin Plain,Ruksin Plain,Point verified absence,None,None,None,Low-slope plain / valley basin,0,0,Apda_Mitra_Spatial_Buffer_Sampling,Absence_Control,NEG-00319,Spatial_Absence_Control,https://apdamitra.in/data/absence,Buffered >= 0.1 deg from positive slides,VALID_NEGATIVE_ABSENCE,118,3.7,139.7,-0.0028,0
APDA-NEG-00320,1996-03-10,1996-03-10 12:00:00,1996,Arunachal Pradesh,27.696,95.8903,Absence Control: Namsai Lowland,Namsai Lowland,Point verified absence,None,None,None,Low-slope plain / valley basin,0,0,Apda_Mitra_Spatial_Buffer_Sampling,Absence_Control,NEG-00320,Spatial_Absence_Control,https://apdamitra.in/data/absence,Buffered >= 0.1 deg from positive slides,VALID_NEGATIVE_ABSENCE,156,4.1,210.9,-0.0077,0
APDA-NEG-00321,1998-10-04,1998-10-04 12:00:00,1998,Arunachal Pradesh,27.6139,95.8174,Absence Control: Namsai Lowland,Namsai Lowland,Point verified absence,None,None,None,Low-slope plain / valley basin,0,0,Apda_Mitra_Spatial_Buffer_Sampling,Absence_Control,NEG-00321,Spatial_Absence_Control,https://apdamitra.in/data/absence,Buffered >= 0.1 deg from positive slides,VALID_NEGATIVE_ABSENCE,161,2.7,169.2,-0.0039,0
APDA-NEG-00322,2012-05-18,2012-05-18 12:00:00,2012,Arunachal Pradesh,27.6605,95.8289,Absence Control: Namsai Lowland,Namsai Lowland,Point verified absence,None,None,None,Low-slope plain / valley basin,0,0,Apda_Mitra_Spatial_Buffer_Sampling,Absence_Control,NEG-00322,Spatial_Absence_Control,https://apdamitra.in/data/absence,Buffered >= 0.1 deg from positive slides,VALID_NEGATIVE_ABSENCE,165,4.4,54.5,0.018,0
APDA-NEG-00323,2016-06-22,2016-06-22 12:00:00,2016,Arunachal Pradesh,28.0081,95.2787,Absence Control: Pasighat Foothill Plain,Pasighat Foothill Plain,Point verified absence,None,None,None,Low-slope plain / valley basin,0,0,Apda_Mitra_Spatial_Buffer_Sampling,Absence_Control,NEG-00323,Spatial_Absence_Control,https://apdamitra.in/data/absence,Buffered >= 0.1 deg from positive slides,VALID_NEGATIVE_ABSENCE,161,7.1,68.1,-0.0052,0
APDA-NEG-00324,2010-06-14,2010-06-14 12:00:00,2010,Arunachal Pradesh,28.0705,95.3022,Absence Control: Pasighat Foothill Plain,Pasighat Foothill Plain,Point verified absence,None,None,None,Low-slope plain / valley basin,0,0,Apda_Mitra_Spatial_Buffer_Sampling,Absence_Control,NEG-00324,Spatial_Absence_Control,https://apdamitra.in/data/absence,Buffered >= 0.1 deg from positive slides,VALID_NEGATIVE_ABSENCE,159,6.6,94.5,0.0127,0
APDA-NEG-00325,2016-04-05,2016-04-05 12:00:00,2016,Arunachal Pradesh,27.6547,95.8529,Absence Control: Namsai Lowland,Namsai Lowland,Point verified absence,None,None,None,Low-slope plain / valley basin,0,0,Apda_Mitra_Spatial_Buffer_Sampling,Absence_Control,NEG-00325,Spatial_Absence_Control,https://apdamitra.in/data/absence,Buffered >= 0.1 deg from positive slides,VALID_NEGATIVE_ABSENCE,138,3.3,304.9,0.0109,0
APDA-NEG-00326,2008-07-24,2008-07-24 12:00:00,2008,Arunachal Pradesh,28.112,95.378,Absence Control: Pasighat Foothill Plain,Pasighat Foothill Plain,Point verified absence,None,None,None,Low-slope plain / valley basin,0,0,Apda_Mitra_Spatial_Buffer_Sampling,Absence_Control,NEG-00326,Spatial_Absence_Control,https://apdamitra.in/data/absence,Buffered >= 0.1 deg from positive slides,VALID_NEGATIVE_ABSENCE,175,5.6,290.5,-0.0048,0
APDA-NEG-00327,2001-02-04,2001-02-04 12:00:00,2001,Arunachal Pradesh,28.1174,95.3401,Absence Control: Pasighat Foothill Plain,Pasighat Foothill Plain,Point verified absence,None,None,None,Low-slope plain / valley basin,0,0,Apda_Mitra_Spatial_Buffer_Sampling,Absence_Control,NEG-00327,Spatial_Absence_Control,https://apdamitra.in/data/absence,Buffered >= 0.1 deg from positive slides,VALID_NEGATIVE_ABSENCE,154,7.3,346.7,0.0131,0
APDA-NEG-00328,2007-04-21,2007-04-21 12:00:00,2007,Arunachal Pradesh,27.8704,95.0816,Absence Control: Ruksin Plain,Ruksin Plain,Point verified absence,None,None,None,Low-slope plain / valley basin,0,0,Apda_Mitra_Spatial_Buffer_Sampling,Absence_Control,NEG-00328,Spatial_Absence_Control,https://apdamitra.in/data/absence,Buffered >= 0.1 deg from positive slides,VALID_NEGATIVE_ABSENCE,111,3.6,183.6,-0.0121,0
APDA-NEG-00329,2013-05-03,2013-05-03 12:00:00,2013,Arunachal Pradesh,28.0441,95.3443,Absence Control: Pasighat Foothill Plain,Pasighat Foothill Plain,Point verified absence,None,None,None,Low-slope plain / valley basin,0,0,Apda_Mitra_Spatial_Buffer_Sampling,Absence_Control,NEG-00329,Spatial_Absence_Control,https://apdamitra.in/data/absence,Buffered >= 0.1 deg from positive slides,VALID_NEGATIVE_ABSENCE,158,5.5,244.9,-0.017,0
APDA-NEG-00330,2004-01-08,2004-01-08 12:00:00,2004,Arunachal Pradesh,27.6171,95.8884,Absence Control: Namsai Lowland,Namsai Lowland,Point verified absence,None,None,None,Low-slope plain / valley basin,0,0,Apda_Mitra_Spatial_Buffer_Sampling,Absence_Control,NEG-00330,Spatial_Absence_Control,https://apdamitra.in/data/absence,Buffered >= 0.1 deg from positive slides,VALID_NEGATIVE_ABSENCE,144,2.3,141.9,-0.0129,0
APDA-NEG-00331,2011-09-28,2011-09-28 12:00:00,2011,Arunachal Pradesh,27.7917,95.0858,Absence Control: Ruksin Plain,Ruksin Plain,Point verified absence,None,None,None,Low-slope plain / valley basin,0,0,Apda_Mitra_Spatial_Buffer_Sampling,Absence_Control,NEG-00331,Spatial_Absence_Control,https://apdamitra.in/data/absence,Buffered >= 0.1 deg from positive slides,VALID_NEGATIVE_ABSENCE,136,3.9,340.1,-0.0009,0
APDA-NEG-00332,2020-07-22,2020-07-22 12:00:00,2020,Arunachal Pradesh,27.6583,95.8179,Absence Control: Namsai Lowland,Namsai Lowland,Point verified absence,None,None,None,Low-slope plain / valley basin,0,0,Apda_Mitra_Spatial_Buffer_Sampling,Absence_Control,NEG-00332,Spatial_Absence_Control,https://apdamitra.in/data/absence,Buffered >= 0.1 deg from positive slides,VALID_NEGATIVE_ABSENCE,123,2.7,89.4,0.0166,0
APDA-NEG-00333,2002-11-17,2002-11-17 12:00:00,2002,Arunachal Pradesh,27.8859,95.0677,Absence Control: Ruksin Plain,Ruksin Plain,Point verified absence,None,None,None,Low-slope plain / valley basin,0,0,Apda_Mitra_Spatial_Buffer_Sampling,Absence_Control,NEG-00333,Spatial_Absence_Control,https://apdamitra.in/data/absence,Buffered >= 0.1 deg from positive slides,VALID_NEGATIVE_ABSENCE,154,3.7,12.9,-0.0099,0
APDA-NEG-00334,2003-08-05,2003-08-05 12:00:00,2003,Arunachal Pradesh,27.6574,95.8587,Absence Control: Namsai Lowland,Namsai Lowland,Point verified absence,None,None,None,Low-slope plain / valley basin,0,0,Apda_Mitra_Spatial_Buffer_Sampling,Absence_Control,NEG-00334,Spatial_Absence_Control,https://apdamitra.in/data/absence,Buffered >= 0.1 deg from positive slides,VALID_NEGATIVE_ABSENCE,157,3.7,272.3,-0.0149,0
APDA-NEG-00335,2013-06-03,2013-06-03 12:00:00,2013,Arunachal Pradesh,27.8397,95.1246,Absence Control: Ruksin Plain,Ruksin Plain,Point verified absence,None,None,None,Low-slope plain / valley basin,0,0,Apda_Mitra_Spatial_Buffer_Sampling,Absence_Control,NEG-00335,Spatial_Absence_Control,https://apdamitra.in/data/absence,Buffered >= 0.1 deg from positive slides,VALID_NEGATIVE_ABSENCE,149,3.8,149.3,0.0196,0
APDA-NEG-00336,2012-07-10,2012-07-10 12:00:00,2012,Arunachal Pradesh,27.6629,95.9039,Absence Control: Namsai Lowland,Namsai Lowland,Point verified absence,None,None,None,Low-slope plain / valley basin,0,0,Apda_Mitra_Spatial_Buffer_Sampling,Absence_Control,NEG-00336,Spatial_Absence_Control,https://apdamitra.in/data/absence,Buffered >= 0.1 deg from positive slides,VALID_NEGATIVE_ABSENCE,148,4.6,206.6,-0.0182,0
APDA-NEG-00337,1999-08-15,1999-08-15 12:00:00,1999,Arunachal Pradesh,28.1204,95.2765,Absence Control: Pasighat Foothill Plain,Pasighat Foothill Plain,Point verified absence,None,None,None,Low-slope plain / valley basin,0,0,Apda_Mitra_Spatial_Buffer_Sampling,Absence_Control,NEG-00337,Spatial_Absence_Control,https://apdamitra.in/data/absence,Buffered >= 0.1 deg from positive slides,VALID_NEGATIVE_ABSENCE,170,6.9,58.4,-0.0183,0
APDA-NEG-00338,2013-10-12,2013-10-12 12:00:00,2013,Arunachal Pradesh,27.6657,95.8841,Absence Control: Namsai Lowland,Namsai Lowland,Point verified absence,None,None,None,Low-slope plain / valley basin,0,0,Apda_Mitra_Spatial_Buffer_Sampling,Absence_Control,NEG-00338,Spatial_Absence_Control,https://apdamitra.in/data/absence,Buffered >= 0.1 deg from positive slides,VALID_NEGATIVE_ABSENCE,137,4.6,117.1,-0.0036,0
APDA-NEG-00339,2005-09-24,2005-09-24 12:00:00,2005,Arunachal Pradesh,27.6736,95.9199,Absence Control: Namsai Lowland,Namsai Lowland,Point verified absence,None,None,None,Low-slope plain / valley basin,0,0,Apda_Mitra_Spatial_Buffer_Sampling,Absence_Control,NEG-00339,Spatial_Absence_Control,https://apdamitra.in/data/absence,Buffered >= 0.1 deg from positive slides,VALID_NEGATIVE_ABSENCE,157,3.7,169.2,-0.0172,0
APDA-NEG-00340,1997-01-24,1997-01-24 12:00:00,1997,Arunachal Pradesh,27.7113,95.8129,Absence Control: Namsai Lowland,Namsai Lowland,Point verified absence,None,None,None,Low-slope plain / valley basin,0,0,Apda_Mitra_Spatial_Buffer_Sampling,Absence_Control,NEG-00340,Spatial_Absence_Control,https://apdamitra.in/data/absence,Buffered >= 0.1 deg from positive slides,VALID_NEGATIVE_ABSENCE,153,2.6,66.2,0.0172,0
APDA-NEG-00341,2020-05-08,2020-05-08 12:00:00,2020,Arunachal Pradesh,28.0467,95.3606,Absence Control: Pasighat Foothill Plain,Pasighat Foothill Plain,Point verified absence,None,None,None,Low-slope plain / valley basin,0,0,Apda_Mitra_Spatial_Buffer_Sampling,Absence_Control,NEG-00341,Spatial_Absence_Control,https://apdamitra.in/data/absence,Buffered >= 0.1 deg from positive slides,VALID_NEGATIVE_ABSENCE,162,6.4,262.6,-0.0165,0
APDA-NEG-00342,2004-04-02,2004-04-02 12:00:00,2004,Arunachal Pradesh,27.6727,95.8584,Absence Control: Namsai Lowland,Namsai Lowland,Point verified absence,None,None,None,Low-slope plain / valley basin,0,0,Apda_Mitra_Spatial_Buffer_Sampling,Absence_Control,NEG-00342,Spatial_Absence_Control,https://apdamitra.in/data/absence,Buffered >= 0.1 deg from positive slides,VALID_NEGATIVE_ABSENCE,133,3.3,98.9,-0.0046,0
APDA-NEG-00343,2008-02-09,2008-02-09 12:00:00,2008,Arunachal Pradesh,28.0702,95.315,Absence Control: Pasighat Foothill Plain,Pasighat Foothill Plain,Point verified absence,None,None,None,Low-slope plain / valley basin,0,0,Apda_Mitra_Spatial_Buffer_Sampling,Absence_Control,NEG-00343,Spatial_Absence_Control,https://apdamitra.in/data/absence,Buffered >= 0.1 deg from positive slides,VALID_NEGATIVE_ABSENCE,146,5.4,284.6,-0.0052,0
APDA-NEG-00344,2019-05-19,2019-05-19 12:00:00,2019,Arunachal Pradesh,28.0397,95.2803,Absence Control: Pasighat Foothill Plain,Pasighat Foothill Plain,Point verified absence,None,None,None,Low-slope plain / valley basin,0,0,Apda_Mitra_Spatial_Buffer_Sampling,Absence_Control,NEG-00344,Spatial_Absence_Control,https://apdamitra.in/data/absence,Buffered >= 0.1 deg from positive slides,VALID_NEGATIVE_ABSENCE,142,5.7,177.2,-0.0144,0
APDA-NEG-00345,2021-08-05,2021-08-05 12:00:00,2021,Arunachal Pradesh,27.8642,95.1021,Absence Control: Ruksin Plain,Ruksin Plain,Point verified absence,None,None,None,Low-slope plain / valley basin,0,0,Apda_Mitra_Spatial_Buffer_Sampling,Absence_Control,NEG-00345,Spatial_Absence_Control,https://apdamitra.in/data/absence,Buffered >= 0.1 deg from positive slides,VALID_NEGATIVE_ABSENCE,147,4.1,291.2,-0.0035,0
APDA-NEG-00346,1999-12-16,1999-12-16 12:00:00,1999,Arunachal Pradesh,28.0435,95.3149,Absence Control: Pasighat Foothill Plain,Pasighat Foothill Plain,Point verified absence,None,None,None,Low-slope plain / valley basin,0,0,Apda_Mitra_Spatial_Buffer_Sampling,Absence_Control,NEG-00346,Spatial_Absence_Control,https://apdamitra.in/data/absence,Buffered >= 0.1 deg from positive slides,VALID_NEGATIVE_ABSENCE,159,6.3,26.3,0.0093,0
APDA-NEG-00347,2001-05-28,2001-05-28 12:00:00,2001,Arunachal Pradesh,28.0865,95.3808,Absence Control: Pasighat Foothill Plain,Pasighat Foothill Plain,Point verified absence,None,None,None,Low-slope plain / valley basin,0,0,Apda_Mitra_Spatial_Buffer_Sampling,Absence_Control,NEG-00347,Spatial_Absence_Control,https://apdamitra.in/data/absence,Buffered >= 0.1 deg from positive slides,VALID_NEGATIVE_ABSENCE,150,5.2,229.5,0.002,0
APDA-NEG-00348,2007-11-01,2007-11-01 12:00:00,2007,Arunachal Pradesh,27.7934,95.1146,Absence Control: Ruksin Plain,Ruksin Plain,Point verified absence,None,None,None,Low-slope plain / valley basin,0,0,Apda_Mitra_Spatial_Buffer_Sampling,Absence_Control,NEG-00348,Spatial_Absence_Control,https://apdamitra.in/data/absence,Buffered >= 0.1 deg from positive slides,VALID_NEGATIVE_ABSENCE,125,4.2,100.8,0.0006,0
APDA-NEG-00349,2019-02-04,2019-02-04 12:00:00,2019,Arunachal Pradesh,28.0203,95.3202,Absence Control: Pasighat Foothill Plain,Pasighat Foothill Plain,Point verified absence,None,None,None,Low-slope plain / valley basin,0,0,Apda_Mitra_Spatial_Buffer_Sampling,Absence_Control,NEG-00349,Spatial_Absence_Control,https://apdamitra.in/data/absence,Buffered >= 0.1 deg from positive slides,VALID_NEGATIVE_ABSENCE,165,6.1,187.8,-0.0125,0
APDA-NEG-00350,2010-06-14,2010-06-14 12:00:00,2010,Arunachal Pradesh,28.045,95.3559,Absence Control: Pasighat Foothill Plain,Pasighat Foothill Plain,Point verified absence,None,None,None,Low-slope plain / valley basin,0,0,Apda_Mitra_Spatial_Buffer_Sampling,Absence_Control,NEG-00350,Spatial_Absence_Control,https://apdamitra.in/data/absence,Buffered >= 0.1 deg from positive slides,VALID_NEGATIVE_ABSENCE,173,4.8,37.7,-0.0166,0
APDA-NEG-00351,2010-07-22,2010-07-22 12:00:00,2010,Arunachal Pradesh,28.0605,95.3707,Absence Control: Pasighat Foothill Plain,Pasighat Foothill Plain,Point verified absence,None,None,None,Low-slope plain / valley basin,0,0,Apda_Mitra_Spatial_Buffer_Sampling,Absence_Control,NEG-00351,Spatial_Absence_Control,https://apdamitra.in/data/absence,Buffered >= 0.1 deg from positive slides,VALID_NEGATIVE_ABSENCE,176,6.2,151.4,0.0168,0
APDA-NEG-00352,2006-01-14,2006-01-14 12:00:00,2006,Arunachal Pradesh,28.1135,95.2717,Absence Control: Pasighat Foothill Plain,Pasighat Foothill Plain,Point verified absence,None,None,None,Low-slope plain / valley basin,0,0,Apda_Mitra_Spatial_Buffer_Sampling,Absence_Control,NEG-00352,Spatial_Absence_Control,https://apdamitra.in/data/absence,Buffered >= 0.1 deg from positive slides,VALID_NEGATIVE_ABSENCE,148,7.1,166.1,-0.0171,0
APDA-NEG-00353,2000-11-12,2000-11-12 12:00:00,2000,Arunachal Pradesh,28.0522,95.3184,Absence Control: Pasighat Foothill Plain,Pasighat Foothill Plain,Point verified absence,None,None,None,Low-slope plain / valley basin,0,0,Apda_Mitra_Spatial_Buffer_Sampling,Absence_Control,NEG-00353,Spatial_Absence_Control,https://apdamitra.in/data/absence,Buffered >= 0.1 deg from positive slides,VALID_NEGATIVE_ABSENCE,143,7.2,82.7,0.0165,0
APDA-NEG-00354,1997-10-28,1997-10-28 12:00:00,1997,Arunachal Pradesh,27.8013,95.1109,Absence Control: Ruksin Plain,Ruksin Plain,Point verified absence,None,None,None,Low-slope plain / valley basin,0,0,Apda_Mitra_Spatial_Buffer_Sampling,Absence_Control,NEG-00354,Spatial_Absence_Control,https://apdamitra.in/data/absence,Buffered >= 0.1 deg from positive slides,VALID_NEGATIVE_ABSENCE,141,2.8,341.3,-0.0167,0
APDA-NEG-00355,2017-11-09,2017-11-09 12:00:00,2017,Arunachal Pradesh,28.1219,95.3145,Absence Control: Pasighat Foothill Plain,Pasighat Foothill Plain,Point verified absence,None,None,None,Low-slope plain / valley basin,0,0,Apda_Mitra_Spatial_Buffer_Sampling,Absence_Control,NEG-00355,Spatial_Absence_Control,https://apdamitra.in/data/absence,Buffered >= 0.1 deg from positive slides,VALID_NEGATIVE_ABSENCE,178,6.0,179.4,0.0004,0
APDA-NEG-00356,2009-04-02,2009-04-02 12:00:00,2009,Arunachal Pradesh,27.7864,95.1131,Absence Control: Ruksin Plain,Ruksin Plain,Point verified absence,None,None,None,Low-slope plain / valley basin,0,0,Apda_Mitra_Spatial_Buffer_Sampling,Absence_Control,NEG-00356,Spatial_Absence_Control,https://apdamitra.in/data/absence,Buffered >= 0.1 deg from positive slides,VALID_NEGATIVE_ABSENCE,133,3.1,309.6,-0.0149,0
APDA-NEG-00357,2002-06-21,2002-06-21 12:00:00,2002,Arunachal Pradesh,28.0822,95.3581,Absence Control: Pasighat Foothill Plain,Pasighat Foothill Plain,Point verified absence,None,None,None,Low-slope plain / valley basin,0,0,Apda_Mitra_Spatial_Buffer_Sampling,Absence_Control,NEG-00357,Spatial_Absence_Control,https://apdamitra.in/data/absence,Buffered >= 0.1 deg from positive slides,VALID_NEGATIVE_ABSENCE,151,6.3,235.2,-0.0021,0
APDA-NEG-00358,2000-04-14,2000-04-14 12:00:00,2000,Arunachal Pradesh,28.023,95.374,Absence Control: Pasighat Foothill Plain,Pasighat Foothill Plain,Point verified absence,None,None,None,Low-slope plain / valley basin,0,0,Apda_Mitra_Spatial_Buffer_Sampling,Absence_Control,NEG-00358,Spatial_Absence_Control,https://apdamitra.in/data/absence,Buffered >= 0.1 deg from positive slides,VALID_NEGATIVE_ABSENCE,165,5.6,359.9,0.014,0
APDA-NEG-00359,2008-10-26,2008-10-26 12:00:00,2008,Arunachal Pradesh,27.6925,95.9016,Absence Control: Namsai Lowland,Namsai Lowland,Point verified absence,None,None,None,Low-slope plain / valley basin,0,0,Apda_Mitra_Spatial_Buffer_Sampling,Absence_Control,NEG-00359,Spatial_Absence_Control,https://apdamitra.in/data/absence,Buffered >= 0.1 deg from positive slides,VALID_NEGATIVE_ABSENCE,154,3.6,267.9,-0.0162,0
APDA-NEG-00360,2009-07-21,2009-07-21 12:00:00,2009,Arunachal Pradesh,28.0469,95.3206,Absence Control: Pasighat Foothill Plain,Pasighat Foothill Plain,Point verified absence,None,None,None,Low-slope plain / valley basin,0,0,Apda_Mitra_Spatial_Buffer_Sampling,Absence_Control,NEG-00360,Spatial_Absence_Control,https://apdamitra.in/data/absence,Buffered >= 0.1 deg from positive slides,VALID_NEGATIVE_ABSENCE,184,5.0,80.3,-0.0088,0
APDA-NEG-00361,2012-01-01,2012-01-01 12:00:00,2012,Arunachal Pradesh,27.8625,95.0706,Absence Control: Ruksin Plain,Ruksin Plain,Point verified absence,None,None,None,Low-slope plain / valley basin,0,0,Apda_Mitra_Spatial_Buffer_Sampling,Absence_Control,NEG-00361,Spatial_Absence_Control,https://apdamitra.in/data/absence,Buffered >= 0.1 deg from positive slides,VALID_NEGATIVE_ABSENCE,157,3.0,349.6,-0.001,0
APDA-NEG-00362,1996-06-23,1996-06-23 12:00:00,1996,Arunachal Pradesh,27.6202,95.8585,Absence Control: Namsai Lowland,Namsai Lowland,Point verified absence,None,None,None,Low-slope plain / valley basin,0,0,Apda_Mitra_Spatial_Buffer_Sampling,Absence_Control,NEG-00362,Spatial_Absence_Control,https://apdamitra.in/data/absence,Buffered >= 0.1 deg from positive slides,VALID_NEGATIVE_ABSENCE,121,4.6,141.7,-0.0004,0
APDA-NEG-00363,2010-10-03,2010-10-03 12:00:00,2010,Arunachal Pradesh,27.7997,95.1297,Absence Control: Ruksin Plain,Ruksin Plain,Point verified absence,None,None,None,Low-slope plain / valley basin,0,0,Apda_Mitra_Spatial_Buffer_Sampling,Absence_Control,NEG-00363,Spatial_Absence_Control,https://apdamitra.in/data/absence,Buffered >= 0.1 deg from positive slides,VALID_NEGATIVE_ABSENCE,158,3.3,154.4,0.015,0
APDA-NEG-00364,2004-11-01,2004-11-01 12:00:00,2004,Arunachal Pradesh,27.8505,95.1014,Absence Control: Ruksin Plain,Ruksin Plain,Point verified absence,None,None,None,Low-slope plain / valley basin,0,0,Apda_Mitra_Spatial_Buffer_Sampling,Absence_Control,NEG-00364,Spatial_Absence_Control,https://apdamitra.in/data/absence,Buffered >= 0.1 deg from positive slides,VALID_NEGATIVE_ABSENCE,139,4.2,214.0,-0.0007,0
APDA-NEG-00365,2005-02-01,2005-02-01 12:00:00,2005,Arunachal Pradesh,27.6985,95.849,Absence Control: Namsai Lowland,Namsai Lowland,Point verified absence,None,None,None,Low-slope plain / valley basin,0,0,Apda_Mitra_Spatial_Buffer_Sampling,Absence_Control,NEG-00365,Spatial_Absence_Control,https://apdamitra.in/data/absence,Buffered >= 0.1 deg from positive slides,VALID_NEGATIVE_ABSENCE,135,3.2,64.9,-0.0032,0
APDA-NEG-00366,2011-05-11,2011-05-11 12:00:00,2011,Arunachal Pradesh,27.6673,95.8703,Absence Control: Namsai Lowland,Namsai Lowland,Point verified absence,None,None,None,Low-slope plain / valley basin,0,0,Apda_Mitra_Spatial_Buffer_Sampling,Absence_Control,NEG-00366,Spatial_Absence_Control,https://apdamitra.in/data/absence,Buffered >= 0.1 deg from positive slides,VALID_NEGATIVE_ABSENCE,154,3.8,248.0,-0.0155,0
APDA-NEG-00367,2003-11-04,2003-11-04 12:00:00,2003,Arunachal Pradesh,27.6423,95.8373,Absence Control: Namsai Lowland,Namsai Lowland,Point verified absence,None,None,None,Low-slope plain / valley basin,0,0,Apda_Mitra_Spatial_Buffer_Sampling,Absence_Control,NEG-00367,Spatial_Absence_Control,https://apdamitra.in/data/absence,Buffered >= 0.1 deg from positive slides,VALID_NEGATIVE_ABSENCE,147,4.5,212.4,-0.0073,0
APDA-NEG-00368,2006-04-14,2006-04-14 12:00:00,2006,Arunachal Pradesh,28.0744,95.2896,Absence Control: Pasighat Foothill Plain,Pasighat Foothill Plain,Point verified absence,None,None,None,Low-slope plain / valley basin,0,0,Apda_Mitra_Spatial_Buffer_Sampling,Absence_Control,NEG-00368,Spatial_Absence_Control,https://apdamitra.in/data/absence,Buffered >= 0.1 deg from positive slides,VALID_NEGATIVE_ABSENCE,167,5.1,220.0,-0.0192,0
APDA-NEG-00369,2012-12-14,2012-12-14 12:00:00,2012,Arunachal Pradesh,28.0968,95.3081,Absence Control: Pasighat Foothill Plain,Pasighat Foothill Plain,Point verified absence,None,None,None,Low-slope plain / valley basin,0,0,Apda_Mitra_Spatial_Buffer_Sampling,Absence_Control,NEG-00369,Spatial_Absence_Control,https://apdamitra.in/data/absence,Buffered >= 0.1 deg from positive slides,VALID_NEGATIVE_ABSENCE,136,7.0,174.6,0.007,0
APDA-NEG-00370,1997-09-14,1997-09-14 12:00:00,1997,Arunachal Pradesh,27.6722,95.8381,Absence Control: Namsai Lowland,Namsai Lowland,Point verified absence,None,None,None,Low-slope plain / valley basin,0,0,Apda_Mitra_Spatial_Buffer_Sampling,Absence_Control,NEG-00370,Spatial_Absence_Control,https://apdamitra.in/data/absence,Buffered >= 0.1 deg from positive slides,VALID_NEGATIVE_ABSENCE,150,4.0,22.3,-0.0104,0
APDA-NEG-00371,2016-02-21,2016-02-21 12:00:00,2016,Arunachal Pradesh,27.6161,95.8243,Absence Control: Namsai Lowland,Namsai Lowland,Point verified absence,None,None,None,Low-slope plain / valley basin,0,0,Apda_Mitra_Spatial_Buffer_Sampling,Absence_Control,NEG-00371,Spatial_Absence_Control,https://apdamitra.in/data/absence,Buffered >= 0.1 deg from positive slides,VALID_NEGATIVE_ABSENCE,121,2.4,176.6,-0.016,0
APDA-NEG-00372,2017-08-07,2017-08-07 12:00:00,2017,Arunachal Pradesh,27.6146,95.8259,Absence Control: Namsai Lowland,Namsai Lowland,Point verified absence,None,None,None,Low-slope plain / valley basin,0,0,Apda_Mitra_Spatial_Buffer_Sampling,Absence_Control,NEG-00372,Spatial_Absence_Control,https://apdamitra.in/data/absence,Buffered >= 0.1 deg from positive slides,VALID_NEGATIVE_ABSENCE,150,2.6,188.0,0.0194,0
APDA-NEG-00373,2012-04-03,2012-04-03 12:00:00,2012,Arunachal Pradesh,28.0231,95.3814,Absence Control: Pasighat Foothill Plain,Pasighat Foothill Plain,Point verified absence,None,None,None,Low-slope plain / valley basin,0,0,Apda_Mitra_Spatial_Buffer_Sampling,Absence_Control,NEG-00373,Spatial_Absence_Control,https://apdamitra.in/data/absence,Buffered >= 0.1 deg from positive slides,VALID_NEGATIVE_ABSENCE,135,7.0,70.8,-0.0128,0
APDA-NEG-00374,2010-03-19,2010-03-19 12:00:00,2010,Arunachal Pradesh,28.0516,95.3198,Absence Control: Pasighat Foothill Plain,Pasighat Foothill Plain,Point verified absence,None,None,None,Low-slope plain / valley basin,0,0,Apda_Mitra_Spatial_Buffer_Sampling,Absence_Control,NEG-00374,Spatial_Absence_Control,https://apdamitra.in/data/absence,Buffered >= 0.1 deg from positive slides,VALID_NEGATIVE_ABSENCE,154,5.8,16.5,0.0017,0
APDA-NEG-00375,2006-01-24,2006-01-24 12:00:00,2006,Arunachal Pradesh,27.7223,95.8076,Absence Control: Namsai Lowland,Namsai Lowland,Point verified absence,None,None,None,Low-slope plain / valley basin,0,0,Apda_Mitra_Spatial_Buffer_Sampling,Absence_Control,NEG-00375,Spatial_Absence_Control,https://apdamitra.in/data/absence,Buffered >= 0.1 deg from positive slides,VALID_NEGATIVE_ABSENCE,144,4.4,250.9,0.02,0
APDA-NEG-00376,1999-06-03,1999-06-03 12:00:00,1999,Arunachal Pradesh,27.6897,95.9176,Absence Control: Namsai Lowland,Namsai Lowland,Point verified absence,None,None,None,Low-slope plain / valley basin,0,0,Apda_Mitra_Spatial_Buffer_Sampling,Absence_Control,NEG-00376,Spatial_Absence_Control,https://apdamitra.in/data/absence,Buffered >= 0.1 deg from positive slides,VALID_NEGATIVE_ABSENCE,169,3.9,175.8,-0.0138,0
APDA-NEG-00377,1995-01-28,1995-01-28 12:00:00,1995,Arunachal Pradesh,27.623,95.9105,Absence Control: Namsai Lowland,Namsai Lowland,Point verified absence,None,None,None,Low-slope plain / valley basin,0,0,Apda_Mitra_Spatial_Buffer_Sampling,Absence_Control,NEG-00377,Spatial_Absence_Control,https://apdamitra.in/data/absence,Buffered >= 0.1 deg from positive slides,VALID_NEGATIVE_ABSENCE,146,4.2,331.7,0.0031,0
APDA-NEG-00378,2006-03-07,2006-03-07 12:00:00,2006,Arunachal Pradesh,27.8294,95.1078,Absence Control: Ruksin Plain,Ruksin Plain,Point verified absence,None,None,None,Low-slope plain / valley basin,0,0,Apda_Mitra_Spatial_Buffer_Sampling,Absence_Control,NEG-00378,Spatial_Absence_Control,https://apdamitra.in/data/absence,Buffered >= 0.1 deg from positive slides,VALID_NEGATIVE_ABSENCE,152,2.6,11.3,-0.0137,0
APDA-NEG-00379,1999-12-07,1999-12-07 12:00:00,1999,Arunachal Pradesh,27.7178,95.8113,Absence Control: Namsai Lowland,Namsai Lowland,Point verified absence,None,None,None,Low-slope plain / valley basin,0,0,Apda_Mitra_Spatial_Buffer_Sampling,Absence_Control,NEG-00379,Spatial_Absence_Control,https://apdamitra.in/data/absence,Buffered >= 0.1 deg from positive slides,VALID_NEGATIVE_ABSENCE,150,3.4,327.4,-0.0086,0
APDA-NEG-00380,2001-08-07,2001-08-07 12:00:00,2001,Arunachal Pradesh,28.121,95.3856,Absence Control: Pasighat Foothill Plain,Pasighat Foothill Plain,Point verified absence,None,None,None,Low-slope plain / valley basin,0,0,Apda_Mitra_Spatial_Buffer_Sampling,Absence_Control,NEG-00380,Spatial_Absence_Control,https://apdamitra.in/data/absence,Buffered >= 0.1 deg from positive slides,VALID_NEGATIVE_ABSENCE,165,6.2,328.4,0.02,0
APDA-NEG-00381,1995-08-24,1995-08-24 12:00:00,1995,Arunachal Pradesh,27.7828,95.082,Absence Control: Ruksin Plain,Ruksin Plain,Point verified absence,None,None,None,Low-slope plain / valley basin,0,0,Apda_Mitra_Spatial_Buffer_Sampling,Absence_Control,NEG-00381,Spatial_Absence_Control,https://apdamitra.in/data/absence,Buffered >= 0.1 deg from positive slides,VALID_NEGATIVE_ABSENCE,117,3.0,102.0,0.0042,0
APDA-NEG-00382,2020-12-23,2020-12-23 12:00:00,2020,Arunachal Pradesh,28.0072,95.2823,Absence Control: Pasighat Foothill Plain,Pasighat Foothill Plain,Point verified absence,None,None,None,Low-slope plain / valley basin,0,0,Apda_Mitra_Spatial_Buffer_Sampling,Absence_Control,NEG-00382,Spatial_Absence_Control,https://apdamitra.in/data/absence,Buffered >= 0.1 deg from positive slides,VALID_NEGATIVE_ABSENCE,153,6.7,86.2,-0.0071,0
APDA-NEG-00383,2013-09-27,2013-09-27 12:00:00,2013,Arunachal Pradesh,27.886,95.1217,Absence Control: Ruksin Plain,Ruksin Plain,Point verified absence,None,None,None,Low-slope plain / valley basin,0,0,Apda_Mitra_Spatial_Buffer_Sampling,Absence_Control,NEG-00383,Spatial_Absence_Control,https://apdamitra.in/data/absence,Buffered >= 0.1 deg from positive slides,VALID_NEGATIVE_ABSENCE,150,2.2,158.3,0.0037,0
APDA-NEG-00384,2015-10-13,2015-10-13 12:00:00,2015,Arunachal Pradesh,27.7192,95.8236,Absence Control: Namsai Lowland,Namsai Lowland,Point verified absence,None,None,None,Low-slope plain / valley basin,0,0,Apda_Mitra_Spatial_Buffer_Sampling,Absence_Control,NEG-00384,Spatial_Absence_Control,https://apdamitra.in/data/absence,Buffered >= 0.1 deg from positive slides,VALID_NEGATIVE_ABSENCE,147,2.3,158.4,-0.0064,0
APDA-NEG-00385,1996-05-13,1996-05-13 12:00:00,1996,Arunachal Pradesh,28.0933,95.2804,Absence Control: Pasighat Foothill Plain,Pasighat Foothill Plain,Point verified absence,None,None,None,Low-slope plain / valley basin,0,0,Apda_Mitra_Spatial_Buffer_Sampling,Absence_Control,NEG-00385,Spatial_Absence_Control,https://apdamitra.in/data/absence,Buffered >= 0.1 deg from positive slides,VALID_NEGATIVE_ABSENCE,154,6.7,299.1,-0.0139,0
APDA-NEG-00386,1995-11-13,1995-11-13 12:00:00,1995,Arunachal Pradesh,28.022,95.3195,Absence Control: Pasighat Foothill Plain,Pasighat Foothill Plain,Point verified absence,None,None,None,Low-slope plain / valley basin,0,0,Apda_Mitra_Spatial_Buffer_Sampling,Absence_Control,NEG-00386,Spatial_Absence_Control,https://apdamitra.in/data/absence,Buffered >= 0.1 deg from positive slides,VALID_NEGATIVE_ABSENCE,168,6.9,195.9,-0.0029,0
APDA-NEG-00387,1995-09-27,1995-09-27 12:00:00,1995,Arunachal Pradesh,27.8649,95.1219,Absence Control: Ruksin Plain,Ruksin Plain,Point verified absence,None,None,None,Low-slope plain / valley basin,0,0,Apda_Mitra_Spatial_Buffer_Sampling,Absence_Control,NEG-00387,Spatial_Absence_Control,https://apdamitra.in/data/absence,Buffered >= 0.1 deg from positive slides,VALID_NEGATIVE_ABSENCE,121,4.2,332.6,0.0146,0
APDA-NEG-00388,1996-12-02,1996-12-02 12:00:00,1996,Arunachal Pradesh,27.7287,95.8123,Absence Control: Namsai Lowland,Namsai Lowland,Point verified absence,None,None,None,Low-slope plain / valley basin,0,0,Apda_Mitra_Spatial_Buffer_Sampling,Absence_Control,NEG-00388,Spatial_Absence_Control,https://apdamitra.in/data/absence,Buffered >= 0.1 deg from positive slides,VALID_NEGATIVE_ABSENCE,143,4.5,270.1,0.0136,0
APDA-NEG-00389,2011-01-17,2011-01-17 12:00:00,2011,Arunachal Pradesh,27.6194,95.9142,Absence Control: Namsai Lowland,Namsai Lowland,Point verified absence,None,None,None,Low-slope plain / valley basin,0,0,Apda_Mitra_Spatial_Buffer_Sampling,Absence_Control,NEG-00389,Spatial_Absence_Control,https://apdamitra.in/data/absence,Buffered >= 0.1 deg from positive slides,VALID_NEGATIVE_ABSENCE,121,2.3,10.2,-0.0046,0
APDA-NEG-00390,2002-02-16,2002-02-16 12:00:00,2002,Arunachal Pradesh,27.7032,95.8929,Absence Control: Namsai Lowland,Namsai Lowland,Point verified absence,None,None,None,Low-slope plain / valley basin,0,0,Apda_Mitra_Spatial_Buffer_Sampling,Absence_Control,NEG-00390,Spatial_Absence_Control,https://apdamitra.in/data/absence,Buffered >= 0.1 deg from positive slides,VALID_NEGATIVE_ABSENCE,162,2.3,38.1,-0.0142,0
APDA-NEG-00391,2007-09-20,2007-09-20 12:00:00,2007,Arunachal Pradesh,28.1126,95.3014,Absence Control: Pasighat Foothill Plain,Pasighat Foothill Plain,Point verified absence,None,None,None,Low-slope plain / valley basin,0,0,Apda_Mitra_Spatial_Buffer_Sampling,Absence_Control,NEG-00391,Spatial_Absence_Control,https://apdamitra.in/data/absence,Buffered >= 0.1 deg from positive slides,VALID_NEGATIVE_ABSENCE,164,4.8,67.4,0.0166,0
APDA-NEG-00392,2003-05-28,2003-05-28 12:00:00,2003,Arunachal Pradesh,28.1171,95.3381,Absence Control: Pasighat Foothill Plain,Pasighat Foothill Plain,Point verified absence,None,None,None,Low-slope plain / valley basin,0,0,Apda_Mitra_Spatial_Buffer_Sampling,Absence_Control,NEG-00392,Spatial_Absence_Control,https://apdamitra.in/data/absence,Buffered >= 0.1 deg from positive slides,VALID_NEGATIVE_ABSENCE,168,6.3,222.5,-0.0101,0
APDA-NEG-00393,1999-02-01,1999-02-01 12:00:00,1999,Arunachal Pradesh,28.0359,95.2911,Absence Control: Pasighat Foothill Plain,Pasighat Foothill Plain,Point verified absence,None,None,None,Low-slope plain / valley basin,0,0,Apda_Mitra_Spatial_Buffer_Sampling,Absence_Control,NEG-00393,Spatial_Absence_Control,https://apdamitra.in/data/absence,Buffered >= 0.1 deg from positive slides,VALID_NEGATIVE_ABSENCE,147,7.2,305.1,0.0024,0
APDA-NEG-00394,2012-09-05,2012-09-05 12:00:00,2012,Arunachal Pradesh,27.6217,95.8607,Absence Control: Namsai Lowland,Namsai Lowland,Point verified absence,None,None,None,Low-slope plain / valley basin,0,0,Apda_Mitra_Spatial_Buffer_Sampling,Absence_Control,NEG-00394,Spatial_Absence_Control,https://apdamitra.in/data/absence,Buffered >= 0.1 deg from positive slides,VALID_NEGATIVE_ABSENCE,162,4.3,196.5,0.0027,0
APDA-NEG-00395,2013-11-09,2013-11-09 12:00:00,2013,Arunachal Pradesh,27.621,95.9172,Absence Control: Namsai Lowland,Namsai Lowland,Point verified absence,None,None,None,Low-slope plain / valley basin,0,0,Apda_Mitra_Spatial_Buffer_Sampling,Absence_Control,NEG-00395,Spatial_Absence_Control,https://apdamitra.in/data/absence,Buffered >= 0.1 deg from positive slides,VALID_NEGATIVE_ABSENCE,140,4.2,187.5,0.0069,0
APDA-NEG-00396,2018-07-28,2018-07-28 12:00:00,2018,Arunachal Pradesh,28.0626,95.3352,Absence Control: Pasighat Foothill Plain,Pasighat Foothill Plain,Point verified absence,None,None,None,Low-slope plain / valley basin,0,0,Apda_Mitra_Spatial_Buffer_Sampling,Absence_Control,NEG-00396,Spatial_Absence_Control,https://apdamitra.in/data/absence,Buffered >= 0.1 deg from positive slides,VALID_NEGATIVE_ABSENCE,139,5.9,199.2,0.0018,0
APDA-NEG-00397,2000-07-02,2000-07-02 12:00:00,2000,Arunachal Pradesh,27.8239,95.0887,Absence Control: Ruksin Plain,Ruksin Plain,Point verified absence,None,None,None,Low-slope plain / valley basin,0,0,Apda_Mitra_Spatial_Buffer_Sampling,Absence_Control,NEG-00397,Spatial_Absence_Control,https://apdamitra.in/data/absence,Buffered >= 0.1 deg from positive slides,VALID_NEGATIVE_ABSENCE,120,2.6,204.5,0.0003,0
APDA-NEG-00398,2019-06-25,2019-06-25 12:00:00,2019,Arunachal Pradesh,28.0328,95.3212,Absence Control: Pasighat Foothill Plain,Pasighat Foothill Plain,Point verified absence,None,None,None,Low-slope plain / valley basin,0,0,Apda_Mitra_Spatial_Buffer_Sampling,Absence_Control,NEG-00398,Spatial_Absence_Control,https://apdamitra.in/data/absence,Buffered >= 0.1 deg from positive slides,VALID_NEGATIVE_ABSENCE,171,7.0,135.6,0.019,0
APDA-NEG-00399,2017-08-27,2017-08-27 12:00:00,2017,Arunachal Pradesh,27.9012,95.1327,Absence Control: Ruksin Plain,Ruksin Plain,Point verified absence,None,None,None,Low-slope plain / valley basin,0,0,Apda_Mitra_Spatial_Buffer_Sampling,Absence_Control,NEG-00399,Spatial_Absence_Control,https://apdamitra.in/data/absence,Buffered >= 0.1 deg from positive slides,VALID_NEGATIVE_ABSENCE,138,3.0,276.8,-0.0023,0
APDA-NEG-00400,2013-04-26,2013-04-26 12:00:00,2013,Arunachal Pradesh,27.8128,95.1031,Absence Control: Ruksin Plain,Ruksin Plain,Point verified absence,None,None,None,Low-slope plain / valley basin,0,0,Apda_Mitra_Spatial_Buffer_Sampling,Absence_Control,NEG-00400,Spatial_Absence_Control,https://apdamitra.in/data/absence,Buffered >= 0.1 deg from positive slides,VALID_NEGATIVE_ABSENCE,137,2.3,256.2,0.0046,0
APDA-NEG-00401,2008-04-09,2008-04-09 12:00:00,2008,Arunachal Pradesh,27.8322,95.111,Absence Control: Ruksin Plain,Ruksin Plain,Point verified absence,None,None,None,Low-slope plain / valley basin,0,0,Apda_Mitra_Spatial_Buffer_Sampling,Absence_Control,NEG-00401,Spatial_Absence_Control,https://apdamitra.in/data/absence,Buffered >= 0.1 deg from positive slides,VALID_NEGATIVE_ABSENCE,156,3.9,155.2,-0.0009,0
APDA-NEG-00402,2002-01-14,2002-01-14 12:00:00,2002,Arunachal Pradesh,28.0597,95.3098,Absence Control: Pasighat Foothill Plain,Pasighat Foothill Plain,Point verified absence,None,None,None,Low-slope plain / valley basin,0,0,Apda_Mitra_Spatial_Buffer_Sampling,Absence_Control,NEG-00402,Spatial_Absence_Control,https://apdamitra.in/data/absence,Buffered >= 0.1 deg from positive slides,VALID_NEGATIVE_ABSENCE,140,5.1,31.3,0.0102,0
APDA-NEG-00403,2001-08-02,2001-08-02 12:00:00,2001,Arunachal Pradesh,27.6189,95.815,Absence Control: Namsai Lowland,Namsai Lowland,Point verified absence,None,None,None,Low-slope plain / valley basin,0,0,Apda_Mitra_Spatial_Buffer_Sampling,Absence_Control,NEG-00403,Spatial_Absence_Control,https://apdamitra.in/data/absence,Buffered >= 0.1 deg from positive slides,VALID_NEGATIVE_ABSENCE,146,3.8,171.3,-0.0148,0
APDA-NEG-00404,2018-12-12,2018-12-12 12:00:00,2018,Arunachal Pradesh,28.1082,95.3318,Absence Control: Pasighat Foothill Plain,Pasighat Foothill Plain,Point verified absence,None,None,None,Low-slope plain / valley basin,0,0,Apda_Mitra_Spatial_Buffer_Sampling,Absence_Control,NEG-00404,Spatial_Absence_Control,https://apdamitra.in/data/absence,Buffered >= 0.1 deg from positive slides,VALID_NEGATIVE_ABSENCE,137,7.0,290.0,0.0115,0
APDA-NEG-00405,2000-06-11,2000-06-11 12:00:00,2000,Arunachal Pradesh,27.7928,95.1379,Absence Control: Ruksin Plain,Ruksin Plain,Point verified absence,None,None,None,Low-slope plain / valley basin,0,0,Apda_Mitra_Spatial_Buffer_Sampling,Absence_Control,NEG-00405,Spatial_Absence_Control,https://apdamitra.in/data/absence,Buffered >= 0.1 deg from positive slides,VALID_NEGATIVE_ABSENCE,152,2.3,118.9,-0.0197,0
APDA-NEG-00406,2012-06-19,2012-06-19 12:00:00,2012,Arunachal Pradesh,27.8942,95.0972,Absence Control: Ruksin Plain,Ruksin Plain,Point verified absence,None,None,None,Low-slope plain / valley basin,0,0,Apda_Mitra_Spatial_Buffer_Sampling,Absence_Control,NEG-00406,Spatial_Absence_Control,https://apdamitra.in/data/absence,Buffered >= 0.1 deg from positive slides,VALID_NEGATIVE_ABSENCE,146,3.4,7.7,-0.003,0
APDA-NEG-00407,2017-08-24,2017-08-24 12:00:00,2017,Arunachal Pradesh,27.6725,95.8182,Absence Control: Namsai Lowland,Namsai Lowland,Point verified absence,None,None,None,Low-slope plain / valley basin,0,0,Apda_Mitra_Spatial_Buffer_Sampling,Absence_Control,NEG-00407,Spatial_Absence_Control,https://apdamitra.in/data/absence,Buffered >= 0.1 deg from positive slides,VALID_NEGATIVE_ABSENCE,158,3.4,318.2,-0.0167,0
APDA-NEG-00408,2008-02-13,2008-02-13 12:00:00,2008,Arunachal Pradesh,28.0799,95.3741,Absence Control: Pasighat Foothill Plain,Pasighat Foothill Plain,Point verified absence,None,None,None,Low-slope plain / valley basin,0,0,Apda_Mitra_Spatial_Buffer_Sampling,Absence_Control,NEG-00408,Spatial_Absence_Control,https://apdamitra.in/data/absence,Buffered >= 0.1 deg from positive slides,VALID_NEGATIVE_ABSENCE,175,5.1,10.7,-0.0172,0
APDA-NEG-00409,2021-08-12,2021-08-12 12:00:00,2021,Arunachal Pradesh,28.0167,95.2758,Absence Control: Pasighat Foothill Plain,Pasighat Foothill Plain,Point verified absence,None,None,None,Low-slope plain / valley basin,0,0,Apda_Mitra_Spatial_Buffer_Sampling,Absence_Control,NEG-00409,Spatial_Absence_Control,https://apdamitra.in/data/absence,Buffered >= 0.1 deg from positive slides,VALID_NEGATIVE_ABSENCE,183,5.8,91.2,0.0002,0
APDA-NEG-00410,2001-01-04,2001-01-04 12:00:00,2001,Arunachal Pradesh,28.0475,95.2968,Absence Control: Pasighat Foothill Plain,Pasighat Foothill Plain,Point verified absence,None,None,None,Low-slope plain / valley basin,0,0,Apda_Mitra_Spatial_Buffer_Sampling,Absence_Control,NEG-00410,Spatial_Absence_Control,https://apdamitra.in/data/absence,Buffered >= 0.1 deg from positive slides,VALID_NEGATIVE_ABSENCE,142,6.8,286.5,0.0006,0
APDA-NEG-00411,2005-03-15,2005-03-15 12:00:00,2005,Arunachal Pradesh,27.6147,95.857,Absence Control: Namsai Lowland,Namsai Lowland,Point verified absence,None,None,None,Low-slope plain / valley basin,0,0,Apda_Mitra_Spatial_Buffer_Sampling,Absence_Control,NEG-00411,Spatial_Absence_Control,https://apdamitra.in/data/absence,Buffered >= 0.1 deg from positive slides,VALID_NEGATIVE_ABSENCE,133,2.8,117.6,-0.0019,0
APDA-NEG-00412,2016-12-03,2016-12-03 12:00:00,2016,Arunachal Pradesh,27.6402,95.8754,Absence Control: Namsai Lowland,Namsai Lowland,Point verified absence,None,None,None,Low-slope plain / valley basin,0,0,Apda_Mitra_Spatial_Buffer_Sampling,Absence_Control,NEG-00412,Spatial_Absence_Control,https://apdamitra.in/data/absence,Buffered >= 0.1 deg from positive slides,VALID_NEGATIVE_ABSENCE,146,3.4,167.0,0.0106,0
APDA-NEG-00413,2005-08-04,2005-08-04 12:00:00,2005,Arunachal Pradesh,28.0539,95.3334,Absence Control: Pasighat Foothill Plain,Pasighat Foothill Plain,Point verified absence,None,None,None,Low-slope plain / valley basin,0,0,Apda_Mitra_Spatial_Buffer_Sampling,Absence_Control,NEG-00413,Spatial_Absence_Control,https://apdamitra.in/data/absence,Buffered >= 0.1 deg from positive slides,VALID_NEGATIVE_ABSENCE,166,6.1,239.7,-0.0053,0
APDA-NEG-00414,2011-12-06,2011-12-06 12:00:00,2011,Arunachal Pradesh,27.7168,95.9178,Absence Control: Namsai Lowland,Namsai Lowland,Point verified absence,None,None,None,Low-slope plain / valley basin,0,0,Apda_Mitra_Spatial_Buffer_Sampling,Absence_Control,NEG-00414,Spatial_Absence_Control,https://apdamitra.in/data/absence,Buffered >= 0.1 deg from positive slides,VALID_NEGATIVE_ABSENCE,130,2.5,230.6,0.0176,0
APDA-NEG-00415,2001-10-27,2001-10-27 12:00:00,2001,Arunachal Pradesh,28.0454,95.2965,Absence Control: Pasighat Foothill Plain,Pasighat Foothill Plain,Point verified absence,None,None,None,Low-slope plain / valley basin,0,0,Apda_Mitra_Spatial_Buffer_Sampling,Absence_Control,NEG-00415,Spatial_Absence_Control,https://apdamitra.in/data/absence,Buffered >= 0.1 deg from positive slides,VALID_NEGATIVE_ABSENCE,163,5.1,140.7,-0.0178,0
APDA-NEG-00416,2016-12-28,2016-12-28 12:00:00,2016,Arunachal Pradesh,27.6901,95.8945,Absence Control: Namsai Lowland,Namsai Lowland,Point verified absence,None,None,None,Low-slope plain / valley basin,0,0,Apda_Mitra_Spatial_Buffer_Sampling,Absence_Control,NEG-00416,Spatial_Absence_Control,https://apdamitra.in/data/absence,Buffered >= 0.1 deg from positive slides,VALID_NEGATIVE_ABSENCE,150,3.3,235.1,0.0082,0
APDA-NEG-00417,2013-06-28,2013-06-28 12:00:00,2013,Arunachal Pradesh,28.0303,95.3524,Absence Control: Pasighat Foothill Plain,Pasighat Foothill Plain,Point verified absence,None,None,None,Low-slope plain / valley basin,0,0,Apda_Mitra_Spatial_Buffer_Sampling,Absence_Control,NEG-00417,Spatial_Absence_Control,https://apdamitra.in/data/absence,Buffered >= 0.1 deg from positive slides,VALID_NEGATIVE_ABSENCE,171,7.1,292.2,0.0163,0
APDA-NEG-00418,2019-06-26,2019-06-26 12:00:00,2019,Arunachal Pradesh,27.6171,95.882,Absence Control: Namsai Lowland,Namsai Lowland,Point verified absence,None,None,None,Low-slope plain / valley basin,0,0,Apda_Mitra_Spatial_Buffer_Sampling,Absence_Control,NEG-00418,Spatial_Absence_Control,https://apdamitra.in/data/absence,Buffered >= 0.1 deg from positive slides,VALID_NEGATIVE_ABSENCE,146,4.4,180.7,0.0152,0
APDA-NEG-00419,1998-03-04,1998-03-04 12:00:00,1998,Arunachal Pradesh,27.6413,95.8866,Absence Control: Namsai Lowland,Namsai Lowland,Point verified absence,None,None,None,Low-slope plain / valley basin,0,0,Apda_Mitra_Spatial_Buffer_Sampling,Absence_Control,NEG-00419,Spatial_Absence_Control,https://apdamitra.in/data/absence,Buffered >= 0.1 deg from positive slides,VALID_NEGATIVE_ABSENCE,154,4.5,292.5,-0.0039,0
APDA-NEG-00420,2021-12-27,2021-12-27 12:00:00,2021,Arunachal Pradesh,28.0953,95.3421,Absence Control: Pasighat Foothill Plain,Pasighat Foothill Plain,Point verified absence,None,None,None,Low-slope plain / valley basin,0,0,Apda_Mitra_Spatial_Buffer_Sampling,Absence_Control,NEG-00420,Spatial_Absence_Control,https://apdamitra.in/data/absence,Buffered >= 0.1 deg from positive slides,VALID_NEGATIVE_ABSENCE,151,6.3,224.5,0.0198,0
APDA-NEG-00421,2005-01-06,2005-01-06 12:00:00,2005,Arunachal Pradesh,27.7262,95.8701,Absence Control: Namsai Lowland,Namsai Lowland,Point verified absence,None,None,None,Low-slope plain / valley basin,0,0,Apda_Mitra_Spatial_Buffer_Sampling,Absence_Control,NEG-00421,Spatial_Absence_Control,https://apdamitra.in/data/absence,Buffered >= 0.1 deg from positive slides,VALID_NEGATIVE_ABSENCE,161,4.2,47.6,0.015,0
APDA-NEG-00422,2013-03-28,2013-03-28 12:00:00,2013,Arunachal Pradesh,27.6472,95.9172,Absence Control: Namsai Lowland,Namsai Lowland,Point verified absence,None,None,None,Low-slope plain / valley basin,0,0,Apda_Mitra_Spatial_Buffer_Sampling,Absence_Control,NEG-00422,Spatial_Absence_Control,https://apdamitra.in/data/absence,Buffered >= 0.1 deg from positive slides,VALID_NEGATIVE_ABSENCE,168,4.4,299.5,-0.0077,0
APDA-NEG-00423,2009-10-23,2009-10-23 12:00:00,2009,Arunachal Pradesh,27.782,95.1063,Absence Control: Ruksin Plain,Ruksin Plain,Point verified absence,None,None,None,Low-slope plain / valley basin,0,0,Apda_Mitra_Spatial_Buffer_Sampling,Absence_Control,NEG-00423,Spatial_Absence_Control,https://apdamitra.in/data/absence,Buffered >= 0.1 deg from positive slides,VALID_NEGATIVE_ABSENCE,157,4.0,133.5,0.0146,0
APDA-NEG-00424,2019-12-20,2019-12-20 12:00:00,2019,Arunachal Pradesh,27.6969,95.9208,Absence Control: Namsai Lowland,Namsai Lowland,Point verified absence,None,None,None,Low-slope plain / valley basin,0,0,Apda_Mitra_Spatial_Buffer_Sampling,Absence_Control,NEG-00424,Spatial_Absence_Control,https://apdamitra.in/data/absence,Buffered >= 0.1 deg from positive slides,VALID_NEGATIVE_ABSENCE,166,3.9,57.8,-0.0163,0
APDA-NEG-00425,1999-03-19,1999-03-19 12:00:00,1999,Arunachal Pradesh,28.1176,95.3769,Absence Control: Pasighat Foothill Plain,Pasighat Foothill Plain,Point verified absence,None,None,None,Low-slope plain / valley basin,0,0,Apda_Mitra_Spatial_Buffer_Sampling,Absence_Control,NEG-00425,Spatial_Absence_Control,https://apdamitra.in/data/absence,Buffered >= 0.1 deg from positive slides,VALID_NEGATIVE_ABSENCE,174,6.2,166.4,-0.0156,0
APDA-NEG-00426,2011-11-27,2011-11-27 12:00:00,2011,Arunachal Pradesh,27.6474,95.8937,Absence Control: Namsai Lowland,Namsai Lowland,Point verified absence,None,None,None,Low-slope plain / valley basin,0,0,Apda_Mitra_Spatial_Buffer_Sampling,Absence_Control,NEG-00426,Spatial_Absence_Control,https://apdamitra.in/data/absence,Buffered >= 0.1 deg from positive slides,VALID_NEGATIVE_ABSENCE,143,3.9,6.4,0.0026,0
APDA-NEG-00427,2016-07-03,2016-07-03 12:00:00,2016,Arunachal Pradesh,28.1128,95.3177,Absence Control: Pasighat Foothill Plain,Pasighat Foothill Plain,Point verified absence,None,None,None,Low-slope plain / valley basin,0,0,Apda_Mitra_Spatial_Buffer_Sampling,Absence_Control,NEG-00427,Spatial_Absence_Control,https://apdamitra.in/data/absence,Buffered >= 0.1 deg from positive slides,VALID_NEGATIVE_ABSENCE,149,7.3,306.9,-0.007,0
APDA-NEG-00428,1995-11-24,1995-11-24 12:00:00,1995,Arunachal Pradesh,27.6898,95.8474,Absence Control: Namsai Lowland,Namsai Lowland,Point verified absence,None,None,None,Low-slope plain / valley basin,0,0,Apda_Mitra_Spatial_Buffer_Sampling,Absence_Control,NEG-00428,Spatial_Absence_Control,https://apdamitra.in/data/absence,Buffered >= 0.1 deg from positive slides,VALID_NEGATIVE_ABSENCE,159,2.9,5.0,0.0135,0
APDA-NEG-00429,2011-03-20,2011-03-20 12:00:00,2011,Arunachal Pradesh,27.6366,95.921,Absence Control: Namsai Lowland,Namsai Lowland,Point verified absence,None,None,None,Low-slope plain / valley basin,0,0,Apda_Mitra_Spatial_Buffer_Sampling,Absence_Control,NEG-00429,Spatial_Absence_Control,https://apdamitra.in/data/absence,Buffered >= 0.1 deg from positive slides,VALID_NEGATIVE_ABSENCE,163,3.9,48.4,-0.0152,0
APDA-NEG-00430,2009-01-04,2009-01-04 12:00:00,2009,Arunachal Pradesh,28.0975,95.3491,Absence Control: Pasighat Foothill Plain,Pasighat Foothill Plain,Point verified absence,None,None,None,Low-slope plain / valley basin,0,0,Apda_Mitra_Spatial_Buffer_Sampling,Absence_Control,NEG-00430,Spatial_Absence_Control,https://apdamitra.in/data/absence,Buffered >= 0.1 deg from positive slides,VALID_NEGATIVE_ABSENCE,136,6.7,199.5,-0.0128,0
APDA-NEG-00431,2015-04-20,2015-04-20 12:00:00,2015,Assam,26.6788,92.741,Absence Control: Tezpur Brahmaputra Bench,Tezpur Brahmaputra Bench,Point verified absence,None,None,None,Low-slope plain / valley basin,0,0,Apda_Mitra_Spatial_Buffer_Sampling,Absence_Control,NEG-00431,Spatial_Absence_Control,https://apdamitra.in/data/absence,Buffered >= 0.1 deg from positive slides,VALID_NEGATIVE_ABSENCE,71,3.0,99.4,0.0197,0
APDA-NEG-00432,2007-03-02,2007-03-02 12:00:00,2007,Assam,26.5846,92.8533,Absence Control: Tezpur Brahmaputra Bench,Tezpur Brahmaputra Bench,Point verified absence,None,None,None,Low-slope plain / valley basin,0,0,Apda_Mitra_Spatial_Buffer_Sampling,Absence_Control,NEG-00432,Spatial_Absence_Control,https://apdamitra.in/data/absence,Buffered >= 0.1 deg from positive slides,VALID_NEGATIVE_ABSENCE,80,3.0,21.3,0.0024,0
APDA-NEG-00433,2008-09-21,2008-09-21 12:00:00,2008,Assam,26.3071,92.6291,Absence Control: Kopili Valley Basin,Kopili Valley Basin,Point verified absence,None,None,None,Low-slope plain / valley basin,0,0,Apda_Mitra_Spatial_Buffer_Sampling,Absence_Control,NEG-00433,Spatial_Absence_Control,https://apdamitra.in/data/absence,Buffered >= 0.1 deg from positive slides,VALID_NEGATIVE_ABSENCE,56,2.8,359.1,-0.0097,0
APDA-NEG-00434,2001-02-12,2001-02-12 12:00:00,2001,Assam,26.3048,92.7311,Absence Control: Kopili Valley Basin,Kopili Valley Basin,Point verified absence,None,None,None,Low-slope plain / valley basin,0,0,Apda_Mitra_Spatial_Buffer_Sampling,Absence_Control,NEG-00434,Spatial_Absence_Control,https://apdamitra.in/data/absence,Buffered >= 0.1 deg from positive slides,VALID_NEGATIVE_ABSENCE,45,2.9,217.6,0.0051,0
APDA-NEG-00435,2015-11-07,2015-11-07 12:00:00,2015,Assam,26.691,92.8025,Absence Control: Tezpur Brahmaputra Bench,Tezpur Brahmaputra Bench,Point verified absence,None,None,None,Low-slope plain / valley basin,0,0,Apda_Mitra_Spatial_Buffer_Sampling,Absence_Control,NEG-00435,Spatial_Absence_Control,https://apdamitra.in/data/absence,Buffered >= 0.1 deg from positive slides,VALID_NEGATIVE_ABSENCE,64,3.2,69.3,-0.0011,0
APDA-NEG-00436,2001-01-23,2001-01-23 12:00:00,2001,Assam,26.6307,92.858,Absence Control: Tezpur Brahmaputra Bench,Tezpur Brahmaputra Bench,Point verified absence,None,None,None,Low-slope plain / valley basin,0,0,Apda_Mitra_Spatial_Buffer_Sampling,Absence_Control,NEG-00436,Spatial_Absence_Control,https://apdamitra.in/data/absence,Buffered >= 0.1 deg from positive slides,VALID_NEGATIVE_ABSENCE,66,2.1,237.0,-0.0026,0
APDA-NEG-00437,1999-10-05,1999-10-05 12:00:00,1999,Assam,26.3248,92.6864,Absence Control: Kopili Valley Basin,Kopili Valley Basin,Point verified absence,None,None,None,Low-slope plain / valley basin,0,0,Apda_Mitra_Spatial_Buffer_Sampling,Absence_Control,NEG-00437,Spatial_Absence_Control,https://apdamitra.in/data/absence,Buffered >= 0.1 deg from positive slides,VALID_NEGATIVE_ABSENCE,82,2.6,299.3,0.011,0
APDA-NEG-00438,2021-10-15,2021-10-15 12:00:00,2021,Assam,26.4038,92.6304,Absence Control: Kopili Valley Basin,Kopili Valley Basin,Point verified absence,None,None,None,Low-slope plain / valley basin,0,0,Apda_Mitra_Spatial_Buffer_Sampling,Absence_Control,NEG-00438,Spatial_Absence_Control,https://apdamitra.in/data/absence,Buffered >= 0.1 deg from positive slides,VALID_NEGATIVE_ABSENCE,71,2.7,155.1,0.0189,0
APDA-NEG-00439,2013-09-08,2013-09-08 12:00:00,2013,Assam,24.8659,92.7921,Absence Control: Silchar Barak Plain,Silchar Barak Plain,Point verified absence,None,None,None,Low-slope plain / valley basin,0,0,Apda_Mitra_Spatial_Buffer_Sampling,Absence_Control,NEG-00439,Spatial_Absence_Control,https://apdamitra.in/data/absence,Buffered >= 0.1 deg from positive slides,VALID_NEGATIVE_ABSENCE,40,1.7,256.2,-0.0173,0
APDA-NEG-00440,2003-04-02,2003-04-02 12:00:00,2003,Assam,24.8754,92.7889,Absence Control: Silchar Barak Plain,Silchar Barak Plain,Point verified absence,None,None,None,Low-slope plain / valley basin,0,0,Apda_Mitra_Spatial_Buffer_Sampling,Absence_Control,NEG-00440,Spatial_Absence_Control,https://apdamitra.in/data/absence,Buffered >= 0.1 deg from positive slides,VALID_NEGATIVE_ABSENCE,31,1.0,316.0,0.0172,0
APDA-NEG-00441,2006-12-10,2006-12-10 12:00:00,2006,Assam,26.6884,92.8396,Absence Control: Tezpur Brahmaputra Bench,Tezpur Brahmaputra Bench,Point verified absence,None,None,None,Low-slope plain / valley basin,0,0,Apda_Mitra_Spatial_Buffer_Sampling,Absence_Control,NEG-00441,Spatial_Absence_Control,https://apdamitra.in/data/absence,Buffered >= 0.1 deg from positive slides,VALID_NEGATIVE_ABSENCE,66,2.9,337.7,0.0034,0
APDA-NEG-00442,2008-02-10,2008-02-10 12:00:00,2008,Assam,26.6267,92.7764,Absence Control: Tezpur Brahmaputra Bench,Tezpur Brahmaputra Bench,Point verified absence,None,None,None,Low-slope plain / valley basin,0,0,Apda_Mitra_Spatial_Buffer_Sampling,Absence_Control,NEG-00442,Spatial_Absence_Control,https://apdamitra.in/data/absence,Buffered >= 0.1 deg from positive slides,VALID_NEGATIVE_ABSENCE,95,3.5,261.0,-0.0031,0
APDA-NEG-00443,2002-11-06,2002-11-06 12:00:00,2002,Assam,26.6501,92.8101,Absence Control: Tezpur Brahmaputra Bench,Tezpur Brahmaputra Bench,Point verified absence,None,None,None,Low-slope plain / valley basin,0,0,Apda_Mitra_Spatial_Buffer_Sampling,Absence_Control,NEG-00443,Spatial_Absence_Control,https://apdamitra.in/data/absence,Buffered >= 0.1 deg from positive slides,VALID_NEGATIVE_ABSENCE,63,1.9,30.8,-0.0162,0
APDA-NEG-00444,2005-08-06,2005-08-06 12:00:00,2005,Assam,26.328,92.7057,Absence Control: Kopili Valley Basin,Kopili Valley Basin,Point verified absence,None,None,None,Low-slope plain / valley basin,0,0,Apda_Mitra_Spatial_Buffer_Sampling,Absence_Control,NEG-00444,Spatial_Absence_Control,https://apdamitra.in/data/absence,Buffered >= 0.1 deg from positive slides,VALID_NEGATIVE_ABSENCE,72,3.5,314.7,0.003,0
APDA-NEG-00445,1998-05-20,1998-05-20 12:00:00,1998,Assam,26.293,92.6531,Absence Control: Kopili Valley Basin,Kopili Valley Basin,Point verified absence,None,None,None,Low-slope plain / valley basin,0,0,Apda_Mitra_Spatial_Buffer_Sampling,Absence_Control,NEG-00445,Spatial_Absence_Control,https://apdamitra.in/data/absence,Buffered >= 0.1 deg from positive slides,VALID_NEGATIVE_ABSENCE,45,1.4,323.5,0.0174,0
APDA-NEG-00446,2008-09-23,2008-09-23 12:00:00,2008,Assam,26.2977,92.6966,Absence Control: Kopili Valley Basin,Kopili Valley Basin,Point verified absence,None,None,None,Low-slope plain / valley basin,0,0,Apda_Mitra_Spatial_Buffer_Sampling,Absence_Control,NEG-00446,Spatial_Absence_Control,https://apdamitra.in/data/absence,Buffered >= 0.1 deg from positive slides,VALID_NEGATIVE_ABSENCE,42,1.1,347.1,0.0176,0
APDA-NEG-00447,2007-11-05,2007-11-05 12:00:00,2007,Assam,26.3976,92.7154,Absence Control: Kopili Valley Basin,Kopili Valley Basin,Point verified absence,None,None,None,Low-slope plain / valley basin,0,0,Apda_Mitra_Spatial_Buffer_Sampling,Absence_Control,NEG-00447,Spatial_Absence_Control,https://apdamitra.in/data/absence,Buffered >= 0.1 deg from positive slides,VALID_NEGATIVE_ABSENCE,42,1.9,107.0,0.0045,0
APDA-NEG-00448,2003-02-04,2003-02-04 12:00:00,2003,Assam,26.6296,92.8203,Absence Control: Tezpur Brahmaputra Bench,Tezpur Brahmaputra Bench,Point verified absence,None,None,None,Low-slope plain / valley basin,0,0,Apda_Mitra_Spatial_Buffer_Sampling,Absence_Control,NEG-00448,Spatial_Absence_Control,https://apdamitra.in/data/absence,Buffered >= 0.1 deg from positive slides,VALID_NEGATIVE_ABSENCE,56,1.7,77.9,-0.0133,0
APDA-NEG-00449,2002-09-12,2002-09-12 12:00:00,2002,Assam,24.872,92.7739,Absence Control: Silchar Barak Plain,Silchar Barak Plain,Point verified absence,None,None,None,Low-slope plain / valley basin,0,0,Apda_Mitra_Spatial_Buffer_Sampling,Absence_Control,NEG-00449,Spatial_Absence_Control,https://apdamitra.in/data/absence,Buffered >= 0.1 deg from positive slides,VALID_NEGATIVE_ABSENCE,46,1.7,87.5,0.01,0
APDA-NEG-00450,2009-07-18,2009-07-18 12:00:00,2009,Assam,26.6109,92.7969,Absence Control: Tezpur Brahmaputra Bench,Tezpur Brahmaputra Bench,Point verified absence,None,None,None,Low-slope plain / valley basin,0,0,Apda_Mitra_Spatial_Buffer_Sampling,Absence_Control,NEG-00450,Spatial_Absence_Control,https://apdamitra.in/data/absence,Buffered >= 0.1 deg from positive slides,VALID_NEGATIVE_ABSENCE,94,2.0,171.3,-0.0137,0
APDA-NEG-00451,2010-11-27,2010-11-27 12:00:00,2010,Assam,26.6673,92.7837,Absence Control: Tezpur Brahmaputra Bench,Tezpur Brahmaputra Bench,Point verified absence,None,None,None,Low-slope plain / valley basin,0,0,Apda_Mitra_Spatial_Buffer_Sampling,Absence_Control,NEG-00451,Spatial_Absence_Control,https://apdamitra.in/data/absence,Buffered >= 0.1 deg from positive slides,VALID_NEGATIVE_ABSENCE,77,2.4,178.5,0.0143,0
APDA-NEG-00452,2019-09-17,2019-09-17 12:00:00,2019,Assam,24.8838,92.8286,Absence Control: Silchar Barak Plain,Silchar Barak Plain,Point verified absence,None,None,None,Low-slope plain / valley basin,0,0,Apda_Mitra_Spatial_Buffer_Sampling,Absence_Control,NEG-00452,Spatial_Absence_Control,https://apdamitra.in/data/absence,Buffered >= 0.1 deg from positive slides,VALID_NEGATIVE_ABSENCE,37,1.4,314.6,0.0181,0
APDA-NEG-00453,2014-05-23,2014-05-23 12:00:00,2014,Assam,26.3045,92.7386,Absence Control: Kopili Valley Basin,Kopili Valley Basin,Point verified absence,None,None,None,Low-slope plain / valley basin,0,0,Apda_Mitra_Spatial_Buffer_Sampling,Absence_Control,NEG-00453,Spatial_Absence_Control,https://apdamitra.in/data/absence,Buffered >= 0.1 deg from positive slides,VALID_NEGATIVE_ABSENCE,66,1.2,301.3,0.0015,0
APDA-NEG-00454,2009-07-21,2009-07-21 12:00:00,2009,Assam,26.3729,92.6754,Absence Control: Kopili Valley Basin,Kopili Valley Basin,Point verified absence,None,None,None,Low-slope plain / valley basin,0,0,Apda_Mitra_Spatial_Buffer_Sampling,Absence_Control,NEG-00454,Spatial_Absence_Control,https://apdamitra.in/data/absence,Buffered >= 0.1 deg from positive slides,VALID_NEGATIVE_ABSENCE,50,1.1,142.6,0.001,0
APDA-NEG-00455,2006-10-13,2006-10-13 12:00:00,2006,Assam,24.8302,92.7407,Absence Control: Silchar Barak Plain,Silchar Barak Plain,Point verified absence,None,None,None,Low-slope plain / valley basin,0,0,Apda_Mitra_Spatial_Buffer_Sampling,Absence_Control,NEG-00455,Spatial_Absence_Control,https://apdamitra.in/data/absence,Buffered >= 0.1 deg from positive slides,VALID_NEGATIVE_ABSENCE,43,2.4,313.0,0.0188,0
APDA-NEG-00456,2019-06-24,2019-06-24 12:00:00,2019,Assam,26.6469,92.7642,Absence Control: Tezpur Brahmaputra Bench,Tezpur Brahmaputra Bench,Point verified absence,None,None,None,Low-slope plain / valley basin,0,0,Apda_Mitra_Spatial_Buffer_Sampling,Absence_Control,NEG-00456,Spatial_Absence_Control,https://apdamitra.in/data/absence,Buffered >= 0.1 deg from positive slides,VALID_NEGATIVE_ABSENCE,95,1.6,83.7,-0.0141,0
APDA-NEG-00457,2014-05-28,2014-05-28 12:00:00,2014,Assam,26.634,92.7535,Absence Control: Tezpur Brahmaputra Bench,Tezpur Brahmaputra Bench,Point verified absence,None,None,None,Low-slope plain / valley basin,0,0,Apda_Mitra_Spatial_Buffer_Sampling,Absence_Control,NEG-00457,Spatial_Absence_Control,https://apdamitra.in/data/absence,Buffered >= 0.1 deg from positive slides,VALID_NEGATIVE_ABSENCE,49,1.9,201.9,0.0156,0
APDA-NEG-00458,2014-07-16,2014-07-16 12:00:00,2014,Assam,26.6912,92.8271,Absence Control: Tezpur Brahmaputra Bench,Tezpur Brahmaputra Bench,Point verified absence,None,None,None,Low-slope plain / valley basin,0,0,Apda_Mitra_Spatial_Buffer_Sampling,Absence_Control,NEG-00458,Spatial_Absence_Control,https://apdamitra.in/data/absence,Buffered >= 0.1 deg from positive slides,VALID_NEGATIVE_ABSENCE,76,3.0,223.4,-0.0183,0
APDA-NEG-00459,2009-03-09,2009-03-09 12:00:00,2009,Assam,26.6657,92.8505,Absence Control: Tezpur Brahmaputra Bench,Tezpur Brahmaputra Bench,Point verified absence,None,None,None,Low-slope plain / valley basin,0,0,Apda_Mitra_Spatial_Buffer_Sampling,Absence_Control,NEG-00459,Spatial_Absence_Control,https://apdamitra.in/data/absence,Buffered >= 0.1 deg from positive slides,VALID_NEGATIVE_ABSENCE,51,3.5,299.3,0.0162,0
APDA-NEG-00460,2014-05-21,2014-05-21 12:00:00,2014,Assam,24.8831,92.7259,Absence Control: Silchar Barak Plain,Silchar Barak Plain,Point verified absence,None,None,None,Low-slope plain / valley basin,0,0,Apda_Mitra_Spatial_Buffer_Sampling,Absence_Control,NEG-00460,Spatial_Absence_Control,https://apdamitra.in/data/absence,Buffered >= 0.1 deg from positive slides,VALID_NEGATIVE_ABSENCE,55,1.0,233.1,-0.0137,0
APDA-NEG-00461,2018-01-12,2018-01-12 12:00:00,2018,Assam,26.5944,92.7587,Absence Control: Tezpur Brahmaputra Bench,Tezpur Brahmaputra Bench,Point verified absence,None,None,None,Low-slope plain / valley basin,0,0,Apda_Mitra_Spatial_Buffer_Sampling,Absence_Control,NEG-00461,Spatial_Absence_Control,https://apdamitra.in/data/absence,Buffered >= 0.1 deg from positive slides,VALID_NEGATIVE_ABSENCE,50,2.6,139.9,0.0181,0
APDA-NEG-00462,1999-09-08,1999-09-08 12:00:00,1999,Assam,24.7991,92.7204,Absence Control: Silchar Barak Plain,Silchar Barak Plain,Point verified absence,None,None,None,Low-slope plain / valley basin,0,0,Apda_Mitra_Spatial_Buffer_Sampling,Absence_Control,NEG-00462,Spatial_Absence_Control,https://apdamitra.in/data/absence,Buffered >= 0.1 deg from positive slides,VALID_NEGATIVE_ABSENCE,18,2.2,78.9,-0.0018,0
APDA-NEG-00463,2010-01-22,2010-01-22 12:00:00,2010,Assam,26.6455,92.7468,Absence Control: Tezpur Brahmaputra Bench,Tezpur Brahmaputra Bench,Point verified absence,None,None,None,Low-slope plain / valley basin,0,0,Apda_Mitra_Spatial_Buffer_Sampling,Absence_Control,NEG-00463,Spatial_Absence_Control,https://apdamitra.in/data/absence,Buffered >= 0.1 deg from positive slides,VALID_NEGATIVE_ABSENCE,89,2.9,313.3,0.0153,0
APDA-NEG-00464,2006-09-28,2006-09-28 12:00:00,2006,Assam,26.6631,92.8025,Absence Control: Tezpur Brahmaputra Bench,Tezpur Brahmaputra Bench,Point verified absence,None,None,None,Low-slope plain / valley basin,0,0,Apda_Mitra_Spatial_Buffer_Sampling,Absence_Control,NEG-00464,Spatial_Absence_Control,https://apdamitra.in/data/absence,Buffered >= 0.1 deg from positive slides,VALID_NEGATIVE_ABSENCE,90,3.4,220.9,-0.0057,0
APDA-NEG-00465,2018-08-04,2018-08-04 12:00:00,2018,Assam,26.5916,92.7429,Absence Control: Tezpur Brahmaputra Bench,Tezpur Brahmaputra Bench,Point verified absence,None,None,None,Low-slope plain / valley basin,0,0,Apda_Mitra_Spatial_Buffer_Sampling,Absence_Control,NEG-00465,Spatial_Absence_Control,https://apdamitra.in/data/absence,Buffered >= 0.1 deg from positive slides,VALID_NEGATIVE_ABSENCE,68,2.7,246.1,-0.0021,0
APDA-NEG-00466,2001-04-16,2001-04-16 12:00:00,2001,Assam,24.8774,92.7328,Absence Control: Silchar Barak Plain,Silchar Barak Plain,Point verified absence,None,None,None,Low-slope plain / valley basin,0,0,Apda_Mitra_Spatial_Buffer_Sampling,Absence_Control,NEG-00466,Spatial_Absence_Control,https://apdamitra.in/data/absence,Buffered >= 0.1 deg from positive slides,VALID_NEGATIVE_ABSENCE,48,1.7,127.3,-0.0112,0
APDA-NEG-00467,2021-10-01,2021-10-01 12:00:00,2021,Assam,26.5981,92.825,Absence Control: Tezpur Brahmaputra Bench,Tezpur Brahmaputra Bench,Point verified absence,None,None,None,Low-slope plain / valley basin,0,0,Apda_Mitra_Spatial_Buffer_Sampling,Absence_Control,NEG-00467,Spatial_Absence_Control,https://apdamitra.in/data/absence,Buffered >= 0.1 deg from positive slides,VALID_NEGATIVE_ABSENCE,57,1.9,191.3,0.0114,0
APDA-NEG-00468,2020-11-13,2020-11-13 12:00:00,2020,Assam,26.6459,92.7835,Absence Control: Tezpur Brahmaputra Bench,Tezpur Brahmaputra Bench,Point verified absence,None,None,None,Low-slope plain / valley basin,0,0,Apda_Mitra_Spatial_Buffer_Sampling,Absence_Control,NEG-00468,Spatial_Absence_Control,https://apdamitra.in/data/absence,Buffered >= 0.1 deg from positive slides,VALID_NEGATIVE_ABSENCE,67,2.0,235.2,0.017,0
APDA-NEG-00469,2016-09-19,2016-09-19 12:00:00,2016,Assam,26.6252,92.7986,Absence Control: Tezpur Brahmaputra Bench,Tezpur Brahmaputra Bench,Point verified absence,None,None,None,Low-slope plain / valley basin,0,0,Apda_Mitra_Spatial_Buffer_Sampling,Absence_Control,NEG-00469,Spatial_Absence_Control,https://apdamitra.in/data/absence,Buffered >= 0.1 deg from positive slides,VALID_NEGATIVE_ABSENCE,95,3.7,233.6,0.0061,0
APDA-NEG-00470,2013-10-22,2013-10-22 12:00:00,2013,Assam,26.3404,92.7031,Absence Control: Kopili Valley Basin,Kopili Valley Basin,Point verified absence,None,None,None,Low-slope plain / valley basin,0,0,Apda_Mitra_Spatial_Buffer_Sampling,Absence_Control,NEG-00470,Spatial_Absence_Control,https://apdamitra.in/data/absence,Buffered >= 0.1 deg from positive slides,VALID_NEGATIVE_ABSENCE,83,2.8,24.8,-0.0024,0
APDA-NEG-00471,2016-08-15,2016-08-15 12:00:00,2016,Assam,26.37,92.6312,Absence Control: Kopili Valley Basin,Kopili Valley Basin,Point verified absence,None,None,None,Low-slope plain / valley basin,0,0,Apda_Mitra_Spatial_Buffer_Sampling,Absence_Control,NEG-00471,Spatial_Absence_Control,https://apdamitra.in/data/absence,Buffered >= 0.1 deg from positive slides,VALID_NEGATIVE_ABSENCE,63,2.4,42.9,-0.0098,0
APDA-NEG-00472,2021-03-21,2021-03-21 12:00:00,2021,Assam,26.6626,92.7387,Absence Control: Tezpur Brahmaputra Bench,Tezpur Brahmaputra Bench,Point verified absence,None,None,None,Low-slope plain / valley basin,0,0,Apda_Mitra_Spatial_Buffer_Sampling,Absence_Control,NEG-00472,Spatial_Absence_Control,https://apdamitra.in/data/absence,Buffered >= 0.1 deg from positive slides,VALID_NEGATIVE_ABSENCE,48,1.7,101.5,-0.0084,0
APDA-NEG-00473,1996-02-26,1996-02-26 12:00:00,1996,Assam,26.6167,92.7546,Absence Control: Tezpur Brahmaputra Bench,Tezpur Brahmaputra Bench,Point verified absence,None,None,None,Low-slope plain / valley basin,0,0,Apda_Mitra_Spatial_Buffer_Sampling,Absence_Control,NEG-00473,Spatial_Absence_Control,https://apdamitra.in/data/absence,Buffered >= 0.1 deg from positive slides,VALID_NEGATIVE_ABSENCE,52,1.5,107.6,0.0046,0
APDA-NEG-00474,2007-12-20,2007-12-20 12:00:00,2007,Assam,26.6389,92.8251,Absence Control: Tezpur Brahmaputra Bench,Tezpur Brahmaputra Bench,Point verified absence,None,None,None,Low-slope plain / valley basin,0,0,Apda_Mitra_Spatial_Buffer_Sampling,Absence_Control,NEG-00474,Spatial_Absence_Control,https://apdamitra.in/data/absence,Buffered >= 0.1 deg from positive slides,VALID_NEGATIVE_ABSENCE,54,2.5,243.0,-0.0074,0
APDA-NEG-00475,2005-10-16,2005-10-16 12:00:00,2005,Assam,26.6677,92.798,Absence Control: Tezpur Brahmaputra Bench,Tezpur Brahmaputra Bench,Point verified absence,None,None,None,Low-slope plain / valley basin,0,0,Apda_Mitra_Spatial_Buffer_Sampling,Absence_Control,NEG-00475,Spatial_Absence_Control,https://apdamitra.in/data/absence,Buffered >= 0.1 deg from positive slides,VALID_NEGATIVE_ABSENCE,49,1.7,158.9,0.013,0
APDA-NEG-00476,2005-03-13,2005-03-13 12:00:00,2005,Assam,26.3626,92.6505,Absence Control: Kopili Valley Basin,Kopili Valley Basin,Point verified absence,None,None,None,Low-slope plain / valley basin,0,0,Apda_Mitra_Spatial_Buffer_Sampling,Absence_Control,NEG-00476,Spatial_Absence_Control,https://apdamitra.in/data/absence,Buffered >= 0.1 deg from positive slides,VALID_NEGATIVE_ABSENCE,79,1.8,89.1,0.017,0
APDA-NEG-00477,1996-07-15,1996-07-15 12:00:00,1996,Assam,26.3154,92.6673,Absence Control: Kopili Valley Basin,Kopili Valley Basin,Point verified absence,None,None,None,Low-slope plain / valley basin,0,0,Apda_Mitra_Spatial_Buffer_Sampling,Absence_Control,NEG-00477,Spatial_Absence_Control,https://apdamitra.in/data/absence,Buffered >= 0.1 deg from positive slides,VALID_NEGATIVE_ABSENCE,53,1.9,39.7,0.0109,0
APDA-NEG-00478,2011-08-27,2011-08-27 12:00:00,2011,Assam,26.3909,92.712,Absence Control: Kopili Valley Basin,Kopili Valley Basin,Point verified absence,None,None,None,Low-slope plain / valley basin,0,0,Apda_Mitra_Spatial_Buffer_Sampling,Absence_Control,NEG-00478,Spatial_Absence_Control,https://apdamitra.in/data/absence,Buffered >= 0.1 deg from positive slides,VALID_NEGATIVE_ABSENCE,73,1.4,234.9,-0.0027,0
APDA-NEG-00479,1996-08-11,1996-08-11 12:00:00,1996,Assam,24.8785,92.751,Absence Control: Silchar Barak Plain,Silchar Barak Plain,Point verified absence,None,None,None,Low-slope plain / valley basin,0,0,Apda_Mitra_Spatial_Buffer_Sampling,Absence_Control,NEG-00479,Spatial_Absence_Control,https://apdamitra.in/data/absence,Buffered >= 0.1 deg from positive slides,VALID_NEGATIVE_ABSENCE,40,2.0,126.3,0.0105,0
APDA-NEG-00480,1995-10-26,1995-10-26 12:00:00,1995,Assam,26.652,92.8441,Absence Control: Tezpur Brahmaputra Bench,Tezpur Brahmaputra Bench,Point verified absence,None,None,None,Low-slope plain / valley basin,0,0,Apda_Mitra_Spatial_Buffer_Sampling,Absence_Control,NEG-00480,Spatial_Absence_Control,https://apdamitra.in/data/absence,Buffered >= 0.1 deg from positive slides,VALID_NEGATIVE_ABSENCE,51,1.5,106.5,-0.0088,0
APDA-NEG-00481,1996-11-25,1996-11-25 12:00:00,1996,Assam,26.601,92.7873,Absence Control: Tezpur Brahmaputra Bench,Tezpur Brahmaputra Bench,Point verified absence,None,None,None,Low-slope plain / valley basin,0,0,Apda_Mitra_Spatial_Buffer_Sampling,Absence_Control,NEG-00481,Spatial_Absence_Control,https://apdamitra.in/data/absence,Buffered >= 0.1 deg from positive slides,VALID_NEGATIVE_ABSENCE,86,2.3,214.3,0.0141,0
APDA-NEG-00482,1998-03-20,1998-03-20 12:00:00,1998,Assam,24.8788,92.7284,Absence Control: Silchar Barak Plain,Silchar Barak Plain,Point verified absence,None,None,None,Low-slope plain / valley basin,0,0,Apda_Mitra_Spatial_Buffer_Sampling,Absence_Control,NEG-00482,Spatial_Absence_Control,https://apdamitra.in/data/absence,Buffered >= 0.1 deg from positive slides,VALID_NEGATIVE_ABSENCE,42,1.0,217.9,-0.0135,0
APDA-NEG-00483,2003-12-28,2003-12-28 12:00:00,2003,Assam,26.6252,92.7442,Absence Control: Tezpur Brahmaputra Bench,Tezpur Brahmaputra Bench,Point verified absence,None,None,None,Low-slope plain / valley basin,0,0,Apda_Mitra_Spatial_Buffer_Sampling,Absence_Control,NEG-00483,Spatial_Absence_Control,https://apdamitra.in/data/absence,Buffered >= 0.1 deg from positive slides,VALID_NEGATIVE_ABSENCE,74,2.4,347.4,-0.0071,0
APDA-NEG-00484,1999-06-22,1999-06-22 12:00:00,1999,Assam,26.3674,92.6597,Absence Control: Kopili Valley Basin,Kopili Valley Basin,Point verified absence,None,None,None,Low-slope plain / valley basin,0,0,Apda_Mitra_Spatial_Buffer_Sampling,Absence_Control,NEG-00484,Spatial_Absence_Control,https://apdamitra.in/data/absence,Buffered >= 0.1 deg from positive slides,VALID_NEGATIVE_ABSENCE,52,2.5,162.6,0.0151,0
APDA-NEG-00485,1995-10-26,1995-10-26 12:00:00,1995,Assam,26.6917,92.8129,Absence Control: Tezpur Brahmaputra Bench,Tezpur Brahmaputra Bench,Point verified absence,None,None,None,Low-slope plain / valley basin,0,0,Apda_Mitra_Spatial_Buffer_Sampling,Absence_Control,NEG-00485,Spatial_Absence_Control,https://apdamitra.in/data/absence,Buffered >= 0.1 deg from positive slides,VALID_NEGATIVE_ABSENCE,71,2.8,66.4,0.0092,0
APDA-NEG-00486,1998-04-20,1998-04-20 12:00:00,1998,Assam,26.33,92.6243,Absence Control: Kopili Valley Basin,Kopili Valley Basin,Point verified absence,None,None,None,Low-slope plain / valley basin,0,0,Apda_Mitra_Spatial_Buffer_Sampling,Absence_Control,NEG-00486,Spatial_Absence_Control,https://apdamitra.in/data/absence,Buffered >= 0.1 deg from positive slides,VALID_NEGATIVE_ABSENCE,51,2.8,130.3,-0.006,0
APDA-NEG-00487,2007-09-14,2007-09-14 12:00:00,2007,Assam,26.6825,92.7611,Absence Control: Tezpur Brahmaputra Bench,Tezpur Brahmaputra Bench,Point verified absence,None,None,None,Low-slope plain / valley basin,0,0,Apda_Mitra_Spatial_Buffer_Sampling,Absence_Control,NEG-00487,Spatial_Absence_Control,https://apdamitra.in/data/absence,Buffered >= 0.1 deg from positive slides,VALID_NEGATIVE_ABSENCE,80,2.1,72.0,-0.0161,0
APDA-NEG-00488,2015-08-24,2015-08-24 12:00:00,2015,Assam,26.3294,92.6977,Absence Control: Kopili Valley Basin,Kopili Valley Basin,Point verified absence,None,None,None,Low-slope plain / valley basin,0,0,Apda_Mitra_Spatial_Buffer_Sampling,Absence_Control,NEG-00488,Spatial_Absence_Control,https://apdamitra.in/data/absence,Buffered >= 0.1 deg from positive slides,VALID_NEGATIVE_ABSENCE,54,3.4,203.0,0.0142,0
APDA-NEG-00489,1996-11-13,1996-11-13 12:00:00,1996,Assam,26.614,92.7912,Absence Control: Tezpur Brahmaputra Bench,Tezpur Brahmaputra Bench,Point verified absence,None,None,None,Low-slope plain / valley basin,0,0,Apda_Mitra_Spatial_Buffer_Sampling,Absence_Control,NEG-00489,Spatial_Absence_Control,https://apdamitra.in/data/absence,Buffered >= 0.1 deg from positive slides,VALID_NEGATIVE_ABSENCE,67,2.0,289.7,0.0078,0
APDA-NEG-00490,2005-03-10,2005-03-10 12:00:00,2005,Assam,24.887,92.8176,Absence Control: Silchar Barak Plain,Silchar Barak Plain,Point verified absence,None,None,None,Low-slope plain / valley basin,0,0,Apda_Mitra_Spatial_Buffer_Sampling,Absence_Control,NEG-00490,Spatial_Absence_Control,https://apdamitra.in/data/absence,Buffered >= 0.1 deg from positive slides,VALID_NEGATIVE_ABSENCE,42,1.3,164.1,-0.0004,0
APDA-NEG-00491,2011-02-01,2011-02-01 12:00:00,2011,Assam,24.8655,92.7409,Absence Control: Silchar Barak Plain,Silchar Barak Plain,Point verified absence,None,None,None,Low-slope plain / valley basin,0,0,Apda_Mitra_Spatial_Buffer_Sampling,Absence_Control,NEG-00491,Spatial_Absence_Control,https://apdamitra.in/data/absence,Buffered >= 0.1 deg from positive slides,VALID_NEGATIVE_ABSENCE,60,1.4,248.6,-0.0142,0
APDA-NEG-00492,2014-05-14,2014-05-14 12:00:00,2014,Assam,26.4035,92.7005,Absence Control: Kopili Valley Basin,Kopili Valley Basin,Point verified absence,None,None,None,Low-slope plain / valley basin,0,0,Apda_Mitra_Spatial_Buffer_Sampling,Absence_Control,NEG-00492,Spatial_Absence_Control,https://apdamitra.in/data/absence,Buffered >= 0.1 deg from positive slides,VALID_NEGATIVE_ABSENCE,88,1.3,61.3,-0.0127,0
APDA-NEG-00493,2021-02-07,2021-02-07 12:00:00,2021,Assam,26.326,92.6999,Absence Control: Kopili Valley Basin,Kopili Valley Basin,Point verified absence,None,None,None,Low-slope plain / valley basin,0,0,Apda_Mitra_Spatial_Buffer_Sampling,Absence_Control,NEG-00493,Spatial_Absence_Control,https://apdamitra.in/data/absence,Buffered >= 0.1 deg from positive slides,VALID_NEGATIVE_ABSENCE,64,1.7,174.3,-0.0055,0
APDA-NEG-00494,2015-04-23,2015-04-23 12:00:00,2015,Assam,26.295,92.6705,Absence Control: Kopili Valley Basin,Kopili Valley Basin,Point verified absence,None,None,None,Low-slope plain / valley basin,0,0,Apda_Mitra_Spatial_Buffer_Sampling,Absence_Control,NEG-00494,Spatial_Absence_Control,https://apdamitra.in/data/absence,Buffered >= 0.1 deg from positive slides,VALID_NEGATIVE_ABSENCE,63,1.7,126.3,-0.0041,0
APDA-NEG-00495,2008-03-06,2008-03-06 12:00:00,2008,Assam,26.3304,92.6338,Absence Control: Kopili Valley Basin,Kopili Valley Basin,Point verified absence,None,None,None,Low-slope plain / valley basin,0,0,Apda_Mitra_Spatial_Buffer_Sampling,Absence_Control,NEG-00495,Spatial_Absence_Control,https://apdamitra.in/data/absence,Buffered >= 0.1 deg from positive slides,VALID_NEGATIVE_ABSENCE,60,3.5,114.2,-0.0171,0
APDA-NEG-00496,2017-07-26,2017-07-26 12:00:00,2017,Assam,26.3027,92.7185,Absence Control: Kopili Valley Basin,Kopili Valley Basin,Point verified absence,None,None,None,Low-slope plain / valley basin,0,0,Apda_Mitra_Spatial_Buffer_Sampling,Absence_Control,NEG-00496,Spatial_Absence_Control,https://apdamitra.in/data/absence,Buffered >= 0.1 deg from positive slides,VALID_NEGATIVE_ABSENCE,74,2.2,153.9,0.0157,0
APDA-NEG-00497,2021-08-19,2021-08-19 12:00:00,2021,Assam,26.3386,92.6839,Absence Control: Kopili Valley Basin,Kopili Valley Basin,Point verified absence,None,None,None,Low-slope plain / valley basin,0,0,Apda_Mitra_Spatial_Buffer_Sampling,Absence_Control,NEG-00497,Spatial_Absence_Control,https://apdamitra.in/data/absence,Buffered >= 0.1 deg from positive slides,VALID_NEGATIVE_ABSENCE,60,1.3,165.5,0.0152,0
APDA-NEG-00498,2015-05-10,2015-05-10 12:00:00,2015,Assam,26.3543,92.7422,Absence Control: Kopili Valley Basin,Kopili Valley Basin,Point verified absence,None,None,None,Low-slope plain / valley basin,0,0,Apda_Mitra_Spatial_Buffer_Sampling,Absence_Control,NEG-00498,Spatial_Absence_Control,https://apdamitra.in/data/absence,Buffered >= 0.1 deg from positive slides,VALID_NEGATIVE_ABSENCE,86,1.7,167.7,-0.0068,0
APDA-NEG-00499,1999-04-09,1999-04-09 12:00:00,1999,Assam,24.8681,92.7242,Absence Control: Silchar Barak Plain,Silchar Barak Plain,Point verified absence,None,None,None,Low-slope plain / valley basin,0,0,Apda_Mitra_Spatial_Buffer_Sampling,Absence_Control,NEG-00499,Spatial_Absence_Control,https://apdamitra.in/data/absence,Buffered >= 0.1 deg from positive slides,VALID_NEGATIVE_ABSENCE,50,2.0,195.4,-0.0142,0
APDA-NEG-00500,2011-09-15,2011-09-15 12:00:00,2011,Assam,26.5823,92.7465,Absence Control: Tezpur Brahmaputra Bench,Tezpur Brahmaputra Bench,Point verified absence,None,None,None,Low-slope plain / valley basin,0,0,Apda_Mitra_Spatial_Buffer_Sampling,Absence_Control,NEG-00500,Spatial_Absence_Control,https://apdamitra.in/data/absence,Buffered >= 0.1 deg from positive slides,VALID_NEGATIVE_ABSENCE,51,1.5,99.7,-0.0193,0
APDA-NEG-00501,2010-05-25,2010-05-25 12:00:00,2010,Assam,26.335,92.6587,Absence Control: Kopili Valley Basin,Kopili Valley Basin,Point verified absence,None,None,None,Low-slope plain / valley basin,0,0,Apda_Mitra_Spatial_Buffer_Sampling,Absence_Control,NEG-00501,Spatial_Absence_Control,https://apdamitra.in/data/absence,Buffered >= 0.1 deg from positive slides,VALID_NEGATIVE_ABSENCE,44,2.5,207.9,-0.0166,0
APDA-NEG-00502,1999-06-28,1999-06-28 12:00:00,1999,Assam,26.317,92.6602,Absence Control: Kopili Valley Basin,Kopili Valley Basin,Point verified absence,None,None,None,Low-slope plain / valley basin,0,0,Apda_Mitra_Spatial_Buffer_Sampling,Absence_Control,NEG-00502,Spatial_Absence_Control,https://apdamitra.in/data/absence,Buffered >= 0.1 deg from positive slides,VALID_NEGATIVE_ABSENCE,43,2.7,224.7,-0.0026,0
APDA-NEG-00503,2017-05-05,2017-05-05 12:00:00,2017,Assam,26.63,92.8066,Absence Control: Tezpur Brahmaputra Bench,Tezpur Brahmaputra Bench,Point verified absence,None,None,None,Low-slope plain / valley basin,0,0,Apda_Mitra_Spatial_Buffer_Sampling,Absence_Control,NEG-00503,Spatial_Absence_Control,https://apdamitra.in/data/absence,Buffered >= 0.1 deg from positive slides,VALID_NEGATIVE_ABSENCE,64,3.0,52.4,-0.0189,0
APDA-NEG-00504,1997-01-06,1997-01-06 12:00:00,1997,Assam,26.4025,92.6463,Absence Control: Kopili Valley Basin,Kopili Valley Basin,Point verified absence,None,None,None,Low-slope plain / valley basin,0,0,Apda_Mitra_Spatial_Buffer_Sampling,Absence_Control,NEG-00504,Spatial_Absence_Control,https://apdamitra.in/data/absence,Buffered >= 0.1 deg from positive slides,VALID_NEGATIVE_ABSENCE,46,2.6,357.3,-0.0059,0
APDA-NEG-00505,2005-03-17,2005-03-17 12:00:00,2005,Assam,26.3334,92.6759,Absence Control: Kopili Valley Basin,Kopili Valley Basin,Point verified absence,None,None,None,Low-slope plain / valley basin,0,0,Apda_Mitra_Spatial_Buffer_Sampling,Absence_Control,NEG-00505,Spatial_Absence_Control,https://apdamitra.in/data/absence,Buffered >= 0.1 deg from positive slides,VALID_NEGATIVE_ABSENCE,54,3.4,98.8,0.0057,0
APDA-NEG-00506,2002-05-03,2002-05-03 12:00:00,2002,Assam,26.6623,92.7812,Absence Control: Tezpur Brahmaputra Bench,Tezpur Brahmaputra Bench,Point verified absence,None,None,None,Low-slope plain / valley basin,0,0,Apda_Mitra_Spatial_Buffer_Sampling,Absence_Control,NEG-00506,Spatial_Absence_Control,https://apdamitra.in/data/absence,Buffered >= 0.1 deg from positive slides,VALID_NEGATIVE_ABSENCE,81,2.4,352.6,0.0056,0
APDA-NEG-00507,2008-02-05,2008-02-05 12:00:00,2008,Assam,26.338,92.6885,Absence Control: Kopili Valley Basin,Kopili Valley Basin,Point verified absence,None,None,None,Low-slope plain / valley basin,0,0,Apda_Mitra_Spatial_Buffer_Sampling,Absence_Control,NEG-00507,Spatial_Absence_Control,https://apdamitra.in/data/absence,Buffered >= 0.1 deg from positive slides,VALID_NEGATIVE_ABSENCE,84,2.6,341.6,0.018,0
APDA-NEG-00508,2010-08-01,2010-08-01 12:00:00,2010,Assam,26.3937,92.6532,Absence Control: Kopili Valley Basin,Kopili Valley Basin,Point verified absence,None,None,None,Low-slope plain / valley basin,0,0,Apda_Mitra_Spatial_Buffer_Sampling,Absence_Control,NEG-00508,Spatial_Absence_Control,https://apdamitra.in/data/absence,Buffered >= 0.1 deg from positive slides,VALID_NEGATIVE_ABSENCE,74,1.8,266.0,0.0028,0
APDA-NEG-00509,2015-08-24,2015-08-24 12:00:00,2015,Assam,26.3354,92.7407,Absence Control: Kopili Valley Basin,Kopili Valley Basin,Point verified absence,None,None,None,Low-slope plain / valley basin,0,0,Apda_Mitra_Spatial_Buffer_Sampling,Absence_Control,NEG-00509,Spatial_Absence_Control,https://apdamitra.in/data/absence,Buffered >= 0.1 deg from positive slides,VALID_NEGATIVE_ABSENCE,45,2.9,352.1,-0.012,0
APDA-NEG-00510,2010-06-07,2010-06-07 12:00:00,2010,Assam,26.6189,92.8112,Absence Control: Tezpur Brahmaputra Bench,Tezpur Brahmaputra Bench,Point verified absence,None,None,None,Low-slope plain / valley basin,0,0,Apda_Mitra_Spatial_Buffer_Sampling,Absence_Control,NEG-00510,Spatial_Absence_Control,https://apdamitra.in/data/absence,Buffered >= 0.1 deg from positive slides,VALID_NEGATIVE_ABSENCE,53,3.7,230.2,-0.0076,0
APDA-NEG-00511,2010-04-01,2010-04-01 12:00:00,2010,Assam,26.2886,92.7427,Absence Control: Kopili Valley Basin,Kopili Valley Basin,Point verified absence,None,None,None,Low-slope plain / valley basin,0,0,Apda_Mitra_Spatial_Buffer_Sampling,Absence_Control,NEG-00511,Spatial_Absence_Control,https://apdamitra.in/data/absence,Buffered >= 0.1 deg from positive slides,VALID_NEGATIVE_ABSENCE,59,2.8,4.8,-0.0042,0
APDA-NEG-00512,2008-05-22,2008-05-22 12:00:00,2008,Assam,26.3952,92.6344,Absence Control: Kopili Valley Basin,Kopili Valley Basin,Point verified absence,None,None,None,Low-slope plain / valley basin,0,0,Apda_Mitra_Spatial_Buffer_Sampling,Absence_Control,NEG-00512,Spatial_Absence_Control,https://apdamitra.in/data/absence,Buffered >= 0.1 deg from positive slides,VALID_NEGATIVE_ABSENCE,65,3.0,358.6,0.0186,0
APDA-NEG-00513,2017-03-13,2017-03-13 12:00:00,2017,Assam,26.6686,92.7393,Absence Control: Tezpur Brahmaputra Bench,Tezpur Brahmaputra Bench,Point verified absence,None,None,None,Low-slope plain / valley basin,0,0,Apda_Mitra_Spatial_Buffer_Sampling,Absence_Control,NEG-00513,Spatial_Absence_Control,https://apdamitra.in/data/absence,Buffered >= 0.1 deg from positive slides,VALID_NEGATIVE_ABSENCE,82,1.9,21.7,0.0114,0
APDA-NEG-00514,2019-05-22,2019-05-22 12:00:00,2019,Assam,26.59,92.7976,Absence Control: Tezpur Brahmaputra Bench,Tezpur Brahmaputra Bench,Point verified absence,None,None,None,Low-slope plain / valley basin,0,0,Apda_Mitra_Spatial_Buffer_Sampling,Absence_Control,NEG-00514,Spatial_Absence_Control,https://apdamitra.in/data/absence,Buffered >= 0.1 deg from positive slides,VALID_NEGATIVE_ABSENCE,87,1.9,205.4,-0.0121,0
APDA-NEG-00515,2003-12-23,2003-12-23 12:00:00,2003,Assam,26.6377,92.7417,Absence Control: Tezpur Brahmaputra Bench,Tezpur Brahmaputra Bench,Point verified absence,None,None,None,Low-slope plain / valley basin,0,0,Apda_Mitra_Spatial_Buffer_Sampling,Absence_Control,NEG-00515,Spatial_Absence_Control,https://apdamitra.in/data/absence,Buffered >= 0.1 deg from positive slides,VALID_NEGATIVE_ABSENCE,51,2.9,342.8,-0.0181,0
APDA-NEG-00516,2002-03-09,2002-03-09 12:00:00,2002,Assam,26.3582,92.7059,Absence Control: Kopili Valley Basin,Kopili Valley Basin,Point verified absence,None,None,None,Low-slope plain / valley basin,0,0,Apda_Mitra_Spatial_Buffer_Sampling,Absence_Control,NEG-00516,Spatial_Absence_Control,https://apdamitra.in/data/absence,Buffered >= 0.1 deg from positive slides,VALID_NEGATIVE_ABSENCE,65,3.2,257.0,0.001,0
APDA-NEG-00517,2007-04-17,2007-04-17 12:00:00,2007,Assam,24.8721,92.726,Absence Control: Silchar Barak Plain,Silchar Barak Plain,Point verified absence,None,None,None,Low-slope plain / valley basin,0,0,Apda_Mitra_Spatial_Buffer_Sampling,Absence_Control,NEG-00517,Spatial_Absence_Control,https://apdamitra.in/data/absence,Buffered >= 0.1 deg from positive slides,VALID_NEGATIVE_ABSENCE,47,2.0,339.9,-0.0096,0
APDA-NEG-00518,2005-06-15,2005-06-15 12:00:00,2005,Assam,26.6242,92.779,Absence Control: Tezpur Brahmaputra Bench,Tezpur Brahmaputra Bench,Point verified absence,None,None,None,Low-slope plain / valley basin,0,0,Apda_Mitra_Spatial_Buffer_Sampling,Absence_Control,NEG-00518,Spatial_Absence_Control,https://apdamitra.in/data/absence,Buffered >= 0.1 deg from positive slides,VALID_NEGATIVE_ABSENCE,49,2.0,43.2,-0.0057,0
APDA-NEG-00519,2020-01-16,2020-01-16 12:00:00,2020,Assam,26.3389,92.6972,Absence Control: Kopili Valley Basin,Kopili Valley Basin,Point verified absence,None,None,None,Low-slope plain / valley basin,0,0,Apda_Mitra_Spatial_Buffer_Sampling,Absence_Control,NEG-00519,Spatial_Absence_Control,https://apdamitra.in/data/absence,Buffered >= 0.1 deg from positive slides,VALID_NEGATIVE_ABSENCE,62,2.8,65.6,-0.013,0
APDA-NEG-00520,2017-10-19,2017-10-19 12:00:00,2017,Assam,26.6114,92.8362,Absence Control: Tezpur Brahmaputra Bench,Tezpur Brahmaputra Bench,Point verified absence,None,None,None,Low-slope plain / valley basin,0,0,Apda_Mitra_Spatial_Buffer_Sampling,Absence_Control,NEG-00520,Spatial_Absence_Control,https://apdamitra.in/data/absence,Buffered >= 0.1 deg from positive slides,VALID_NEGATIVE_ABSENCE,50,1.9,227.6,0.0012,0
APDA-NEG-00521,2001-07-18,2001-07-18 12:00:00,2001,Assam,26.2974,92.6437,Absence Control: Kopili Valley Basin,Kopili Valley Basin,Point verified absence,None,None,None,Low-slope plain / valley basin,0,0,Apda_Mitra_Spatial_Buffer_Sampling,Absence_Control,NEG-00521,Spatial_Absence_Control,https://apdamitra.in/data/absence,Buffered >= 0.1 deg from positive slides,VALID_NEGATIVE_ABSENCE,65,1.2,341.0,-0.0146,0
APDA-NEG-00522,2013-10-04,2013-10-04 12:00:00,2013,Assam,26.6836,92.8457,Absence Control: Tezpur Brahmaputra Bench,Tezpur Brahmaputra Bench,Point verified absence,None,None,None,Low-slope plain / valley basin,0,0,Apda_Mitra_Spatial_Buffer_Sampling,Absence_Control,NEG-00522,Spatial_Absence_Control,https://apdamitra.in/data/absence,Buffered >= 0.1 deg from positive slides,VALID_NEGATIVE_ABSENCE,51,1.7,201.8,-0.011,0
APDA-NEG-00523,2000-01-21,2000-01-21 12:00:00,2000,Assam,24.8897,92.7989,Absence Control: Silchar Barak Plain,Silchar Barak Plain,Point verified absence,None,None,None,Low-slope plain / valley basin,0,0,Apda_Mitra_Spatial_Buffer_Sampling,Absence_Control,NEG-00523,Spatial_Absence_Control,https://apdamitra.in/data/absence,Buffered >= 0.1 deg from positive slides,VALID_NEGATIVE_ABSENCE,30,1.2,132.8,-0.0192,0
APDA-NEG-00524,2016-01-28,2016-01-28 12:00:00,2016,Assam,26.3569,92.7104,Absence Control: Kopili Valley Basin,Kopili Valley Basin,Point verified absence,None,None,None,Low-slope plain / valley basin,0,0,Apda_Mitra_Spatial_Buffer_Sampling,Absence_Control,NEG-00524,Spatial_Absence_Control,https://apdamitra.in/data/absence,Buffered >= 0.1 deg from positive slides,VALID_NEGATIVE_ABSENCE,47,1.4,23.8,0.011,0
APDA-NEG-00525,2007-06-03,2007-06-03 12:00:00,2007,Assam,26.6712,92.7389,Absence Control: Tezpur Brahmaputra Bench,Tezpur Brahmaputra Bench,Point verified absence,None,None,None,Low-slope plain / valley basin,0,0,Apda_Mitra_Spatial_Buffer_Sampling,Absence_Control,NEG-00525,Spatial_Absence_Control,https://apdamitra.in/data/absence,Buffered >= 0.1 deg from positive slides,VALID_NEGATIVE_ABSENCE,97,2.2,260.2,-0.0011,0
APDA-NEG-00526,2015-02-23,2015-02-23 12:00:00,2015,Assam,26.5744,92.8152,Absence Control: Tezpur Brahmaputra Bench,Tezpur Brahmaputra Bench,Point verified absence,None,None,None,Low-slope plain / valley basin,0,0,Apda_Mitra_Spatial_Buffer_Sampling,Absence_Control,NEG-00526,Spatial_Absence_Control,https://apdamitra.in/data/absence,Buffered >= 0.1 deg from positive slides,VALID_NEGATIVE_ABSENCE,63,3.6,55.6,0.0072,0
APDA-NEG-00527,2007-09-07,2007-09-07 12:00:00,2007,Assam,26.5774,92.7767,Absence Control: Tezpur Brahmaputra Bench,Tezpur Brahmaputra Bench,Point verified absence,None,None,None,Low-slope plain / valley basin,0,0,Apda_Mitra_Spatial_Buffer_Sampling,Absence_Control,NEG-00527,Spatial_Absence_Control,https://apdamitra.in/data/absence,Buffered >= 0.1 deg from positive slides,VALID_NEGATIVE_ABSENCE,88,2.2,149.1,-0.0079,0
APDA-NEG-00528,2006-09-20,2006-09-20 12:00:00,2006,Assam,26.6802,92.7719,Absence Control: Tezpur Brahmaputra Bench,Tezpur Brahmaputra Bench,Point verified absence,None,None,None,Low-slope plain / valley basin,0,0,Apda_Mitra_Spatial_Buffer_Sampling,Absence_Control,NEG-00528,Spatial_Absence_Control,https://apdamitra.in/data/absence,Buffered >= 0.1 deg from positive slides,VALID_NEGATIVE_ABSENCE,88,3.1,106.1,0.0075,0
APDA-NEG-00529,2021-10-19,2021-10-19 12:00:00,2021,Assam,26.4034,92.6616,Absence Control: Kopili Valley Basin,Kopili Valley Basin,Point verified absence,None,None,None,Low-slope plain / valley basin,0,0,Apda_Mitra_Spatial_Buffer_Sampling,Absence_Control,NEG-00529,Spatial_Absence_Control,https://apdamitra.in/data/absence,Buffered >= 0.1 deg from positive slides,VALID_NEGATIVE_ABSENCE,42,3.4,26.5,-0.0066,0
APDA-NEG-00530,2003-12-18,2003-12-18 12:00:00,2003,Assam,26.298,92.6991,Absence Control: Kopili Valley Basin,Kopili Valley Basin,Point verified absence,None,None,None,Low-slope plain / valley basin,0,0,Apda_Mitra_Spatial_Buffer_Sampling,Absence_Control,NEG-00530,Spatial_Absence_Control,https://apdamitra.in/data/absence,Buffered >= 0.1 deg from positive slides,VALID_NEGATIVE_ABSENCE,87,2.2,15.0,0.0049,0
APDA-NEG-00531,2012-09-21,2012-09-21 12:00:00,2012,Assam,24.8827,92.7919,Absence Control: Silchar Barak Plain,Silchar Barak Plain,Point verified absence,None,None,None,Low-slope plain / valley basin,0,0,Apda_Mitra_Spatial_Buffer_Sampling,Absence_Control,NEG-00531,Spatial_Absence_Control,https://apdamitra.in/data/absence,Buffered >= 0.1 deg from positive slides,VALID_NEGATIVE_ABSENCE,57,2.4,17.3,-0.0177,0
APDA-NEG-00532,2000-03-13,2000-03-13 12:00:00,2000,Assam,26.6731,92.8356,Absence Control: Tezpur Brahmaputra Bench,Tezpur Brahmaputra Bench,Point verified absence,None,None,None,Low-slope plain / valley basin,0,0,Apda_Mitra_Spatial_Buffer_Sampling,Absence_Control,NEG-00532,Spatial_Absence_Control,https://apdamitra.in/data/absence,Buffered >= 0.1 deg from positive slides,VALID_NEGATIVE_ABSENCE,77,2.6,230.6,0.0014,0
APDA-NEG-00533,1999-05-22,1999-05-22 12:00:00,1999,Assam,26.398,92.6457,Absence Control: Kopili Valley Basin,Kopili Valley Basin,Point verified absence,None,None,None,Low-slope plain / valley basin,0,0,Apda_Mitra_Spatial_Buffer_Sampling,Absence_Control,NEG-00533,Spatial_Absence_Control,https://apdamitra.in/data/absence,Buffered >= 0.1 deg from positive slides,VALID_NEGATIVE_ABSENCE,70,2.1,205.5,0.0133,0
APDA-NEG-00534,1999-06-06,1999-06-06 12:00:00,1999,Assam,26.5895,92.7946,Absence Control: Tezpur Brahmaputra Bench,Tezpur Brahmaputra Bench,Point verified absence,None,None,None,Low-slope plain / valley basin,0,0,Apda_Mitra_Spatial_Buffer_Sampling,Absence_Control,NEG-00534,Spatial_Absence_Control,https://apdamitra.in/data/absence,Buffered >= 0.1 deg from positive slides,VALID_NEGATIVE_ABSENCE,94,3.7,202.5,-0.003,0
APDA-NEG-00535,2016-03-15,2016-03-15 12:00:00,2016,Assam,24.8778,92.802,Absence Control: Silchar Barak Plain,Silchar Barak Plain,Point verified absence,None,None,None,Low-slope plain / valley basin,0,0,Apda_Mitra_Spatial_Buffer_Sampling,Absence_Control,NEG-00535,Spatial_Absence_Control,https://apdamitra.in/data/absence,Buffered >= 0.1 deg from positive slides,VALID_NEGATIVE_ABSENCE,29,1.4,279.7,-0.0153,0
APDA-NEG-00536,2002-11-23,2002-11-23 12:00:00,2002,Assam,26.3608,92.6325,Absence Control: Kopili Valley Basin,Kopili Valley Basin,Point verified absence,None,None,None,Low-slope plain / valley basin,0,0,Apda_Mitra_Spatial_Buffer_Sampling,Absence_Control,NEG-00536,Spatial_Absence_Control,https://apdamitra.in/data/absence,Buffered >= 0.1 deg from positive slides,VALID_NEGATIVE_ABSENCE,72,3.2,142.2,-0.0169,0
APDA-NEG-00537,2020-08-22,2020-08-22 12:00:00,2020,Assam,26.311,92.738,Absence Control: Kopili Valley Basin,Kopili Valley Basin,Point verified absence,None,None,None,Low-slope plain / valley basin,0,0,Apda_Mitra_Spatial_Buffer_Sampling,Absence_Control,NEG-00537,Spatial_Absence_Control,https://apdamitra.in/data/absence,Buffered >= 0.1 deg from positive slides,VALID_NEGATIVE_ABSENCE,51,2.4,100.3,0.0015,0
APDA-NEG-00538,1998-09-11,1998-09-11 12:00:00,1998,Assam,26.5818,92.7751,Absence Control: Tezpur Brahmaputra Bench,Tezpur Brahmaputra Bench,Point verified absence,None,None,None,Low-slope plain / valley basin,0,0,Apda_Mitra_Spatial_Buffer_Sampling,Absence_Control,NEG-00538,Spatial_Absence_Control,https://apdamitra.in/data/absence,Buffered >= 0.1 deg from positive slides,VALID_NEGATIVE_ABSENCE,54,2.1,212.7,0.0082,0
APDA-NEG-00539,2007-11-01,2007-11-01 12:00:00,2007,Assam,26.6122,92.8156,Absence Control: Tezpur Brahmaputra Bench,Tezpur Brahmaputra Bench,Point verified absence,None,None,None,Low-slope plain / valley basin,0,0,Apda_Mitra_Spatial_Buffer_Sampling,Absence_Control,NEG-00539,Spatial_Absence_Control,https://apdamitra.in/data/absence,Buffered >= 0.1 deg from positive slides,VALID_NEGATIVE_ABSENCE,94,2.7,302.8,0.0028,0
APDA-NEG-00540,2021-08-01,2021-08-01 12:00:00,2021,Assam,26.5977,92.7477,Absence Control: Tezpur Brahmaputra Bench,Tezpur Brahmaputra Bench,Point verified absence,None,None,None,Low-slope plain / valley basin,0,0,Apda_Mitra_Spatial_Buffer_Sampling,Absence_Control,NEG-00540,Spatial_Absence_Control,https://apdamitra.in/data/absence,Buffered >= 0.1 deg from positive slides,VALID_NEGATIVE_ABSENCE,56,1.9,214.7,-0.0198,0
APDA-NEG-00541,1997-11-12,1997-11-12 12:00:00,1997,Assam,26.6272,92.7585,Absence Control: Tezpur Brahmaputra Bench,Tezpur Brahmaputra Bench,Point verified absence,None,None,None,Low-slope plain / valley basin,0,0,Apda_Mitra_Spatial_Buffer_Sampling,Absence_Control,NEG-00541,Spatial_Absence_Control,https://apdamitra.in/data/absence,Buffered >= 0.1 deg from positive slides,VALID_NEGATIVE_ABSENCE,82,2.4,183.1,0.002,0
APDA-NEG-00542,2007-11-04,2007-11-04 12:00:00,2007,Assam,24.8594,92.7344,Absence Control: Silchar Barak Plain,Silchar Barak Plain,Point verified absence,None,None,None,Low-slope plain / valley basin,0,0,Apda_Mitra_Spatial_Buffer_Sampling,Absence_Control,NEG-00542,Spatial_Absence_Control,https://apdamitra.in/data/absence,Buffered >= 0.1 deg from positive slides,VALID_NEGATIVE_ABSENCE,33,1.9,66.8,-0.0016,0
APDA-NEG-00543,2016-12-17,2016-12-17 12:00:00,2016,Assam,24.8925,92.7531,Absence Control: Silchar Barak Plain,Silchar Barak Plain,Point verified absence,None,None,None,Low-slope plain / valley basin,0,0,Apda_Mitra_Spatial_Buffer_Sampling,Absence_Control,NEG-00543,Spatial_Absence_Control,https://apdamitra.in/data/absence,Buffered >= 0.1 deg from positive slides,VALID_NEGATIVE_ABSENCE,56,1.7,353.4,0.018,0
APDA-NEG-00544,2017-05-19,2017-05-19 12:00:00,2017,Assam,26.3831,92.6952,Absence Control: Kopili Valley Basin,Kopili Valley Basin,Point verified absence,None,None,None,Low-slope plain / valley basin,0,0,Apda_Mitra_Spatial_Buffer_Sampling,Absence_Control,NEG-00544,Spatial_Absence_Control,https://apdamitra.in/data/absence,Buffered >= 0.1 deg from positive slides,VALID_NEGATIVE_ABSENCE,82,1.4,251.8,-0.0081,0
APDA-NEG-00545,2001-09-21,2001-09-21 12:00:00,2001,Assam,26.3267,92.7239,Absence Control: Kopili Valley Basin,Kopili Valley Basin,Point verified absence,None,None,None,Low-slope plain / valley basin,0,0,Apda_Mitra_Spatial_Buffer_Sampling,Absence_Control,NEG-00545,Spatial_Absence_Control,https://apdamitra.in/data/absence,Buffered >= 0.1 deg from positive slides,VALID_NEGATIVE_ABSENCE,53,2.7,70.0,0.014,0
APDA-NEG-00546,2002-05-19,2002-05-19 12:00:00,2002,Assam,26.3631,92.7394,Absence Control: Kopili Valley Basin,Kopili Valley Basin,Point verified absence,None,None,None,Low-slope plain / valley basin,0,0,Apda_Mitra_Spatial_Buffer_Sampling,Absence_Control,NEG-00546,Spatial_Absence_Control,https://apdamitra.in/data/absence,Buffered >= 0.1 deg from positive slides,VALID_NEGATIVE_ABSENCE,59,3.3,157.6,0.0026,0
APDA-NEG-00547,2006-03-27,2006-03-27 12:00:00,2006,Assam,26.5929,92.8124,Absence Control: Tezpur Brahmaputra Bench,Tezpur Brahmaputra Bench,Point verified absence,None,None,None,Low-slope plain / valley basin,0,0,Apda_Mitra_Spatial_Buffer_Sampling,Absence_Control,NEG-00547,Spatial_Absence_Control,https://apdamitra.in/data/absence,Buffered >= 0.1 deg from positive slides,VALID_NEGATIVE_ABSENCE,71,2.6,23.1,-0.0079,0
APDA-NEG-00548,1996-01-03,1996-01-03 12:00:00,1996,Assam,26.6569,92.7914,Absence Control: Tezpur Brahmaputra Bench,Tezpur Brahmaputra Bench,Point verified absence,None,None,None,Low-slope plain / valley basin,0,0,Apda_Mitra_Spatial_Buffer_Sampling,Absence_Control,NEG-00548,Spatial_Absence_Control,https://apdamitra.in/data/absence,Buffered >= 0.1 deg from positive slides,VALID_NEGATIVE_ABSENCE,66,2.0,198.1,-0.0162,0
APDA-NEG-00549,1997-11-07,1997-11-07 12:00:00,1997,Assam,24.8676,92.7653,Absence Control: Silchar Barak Plain,Silchar Barak Plain,Point verified absence,None,None,None,Low-slope plain / valley basin,0,0,Apda_Mitra_Spatial_Buffer_Sampling,Absence_Control,NEG-00549,Spatial_Absence_Control,https://apdamitra.in/data/absence,Buffered >= 0.1 deg from positive slides,VALID_NEGATIVE_ABSENCE,59,2.4,89.0,-0.0088,0
APDA-NEG-00550,2003-03-06,2003-03-06 12:00:00,2003,Assam,24.8713,92.728,Absence Control: Silchar Barak Plain,Silchar Barak Plain,Point verified absence,None,None,None,Low-slope plain / valley basin,0,0,Apda_Mitra_Spatial_Buffer_Sampling,Absence_Control,NEG-00550,Spatial_Absence_Control,https://apdamitra.in/data/absence,Buffered >= 0.1 deg from positive slides,VALID_NEGATIVE_ABSENCE,60,1.3,279.1,0.003,0
APDA-NEG-00551,2019-04-09,2019-04-09 12:00:00,2019,Assam,26.5874,92.8448,Absence Control: Tezpur Brahmaputra Bench,Tezpur Brahmaputra Bench,Point verified absence,None,None,None,Low-slope plain / valley basin,0,0,Apda_Mitra_Spatial_Buffer_Sampling,Absence_Control,NEG-00551,Spatial_Absence_Control,https://apdamitra.in/data/absence,Buffered >= 0.1 deg from positive slides,VALID_NEGATIVE_ABSENCE,88,2.2,162.7,0.0081,0
APDA-NEG-00552,1998-05-17,1998-05-17 12:00:00,1998,Assam,26.3292,92.7133,Absence Control: Kopili Valley Basin,Kopili Valley Basin,Point verified absence,None,None,None,Low-slope plain / valley basin,0,0,Apda_Mitra_Spatial_Buffer_Sampling,Absence_Control,NEG-00552,Spatial_Absence_Control,https://apdamitra.in/data/absence,Buffered >= 0.1 deg from positive slides,VALID_NEGATIVE_ABSENCE,85,1.4,261.4,-0.0158,0
APDA-NEG-00553,2006-06-05,2006-06-05 12:00:00,2006,Assam,24.8445,92.7262,Absence Control: Silchar Barak Plain,Silchar Barak Plain,Point verified absence,None,None,None,Low-slope plain / valley basin,0,0,Apda_Mitra_Spatial_Buffer_Sampling,Absence_Control,NEG-00553,Spatial_Absence_Control,https://apdamitra.in/data/absence,Buffered >= 0.1 deg from positive slides,VALID_NEGATIVE_ABSENCE,49,1.7,42.9,0.009,0
APDA-NEG-00554,2010-12-08,2010-12-08 12:00:00,2010,Assam,26.3573,92.682,Absence Control: Kopili Valley Basin,Kopili Valley Basin,Point verified absence,None,None,None,Low-slope plain / valley basin,0,0,Apda_Mitra_Spatial_Buffer_Sampling,Absence_Control,NEG-00554,Spatial_Absence_Control,https://apdamitra.in/data/absence,Buffered >= 0.1 deg from positive slides,VALID_NEGATIVE_ABSENCE,74,2.7,1.7,0.0064,0
APDA-NEG-00555,2018-06-07,2018-06-07 12:00:00,2018,Assam,26.286,92.6733,Absence Control: Kopili Valley Basin,Kopili Valley Basin,Point verified absence,None,None,None,Low-slope plain / valley basin,0,0,Apda_Mitra_Spatial_Buffer_Sampling,Absence_Control,NEG-00555,Spatial_Absence_Control,https://apdamitra.in/data/absence,Buffered >= 0.1 deg from positive slides,VALID_NEGATIVE_ABSENCE,83,2.9,60.2,-0.0092,0
APDA-NEG-00556,2017-04-19,2017-04-19 12:00:00,2017,Assam,26.6654,92.8556,Absence Control: Tezpur Brahmaputra Bench,Tezpur Brahmaputra Bench,Point verified absence,None,None,None,Low-slope plain / valley basin,0,0,Apda_Mitra_Spatial_Buffer_Sampling,Absence_Control,NEG-00556,Spatial_Absence_Control,https://apdamitra.in/data/absence,Buffered >= 0.1 deg from positive slides,VALID_NEGATIVE_ABSENCE,87,2.2,174.0,0.0118,0
APDA-NEG-00557,2011-04-20,2011-04-20 12:00:00,2011,Assam,26.6717,92.7624,Absence Control: Tezpur Brahmaputra Bench,Tezpur Brahmaputra Bench,Point verified absence,None,None,None,Low-slope plain / valley basin,0,0,Apda_Mitra_Spatial_Buffer_Sampling,Absence_Control,NEG-00557,Spatial_Absence_Control,https://apdamitra.in/data/absence,Buffered >= 0.1 deg from positive slides,VALID_NEGATIVE_ABSENCE,48,1.6,50.4,0.0097,0
APDA-NEG-00558,2013-11-15,2013-11-15 12:00:00,2013,Assam,26.404,92.6462,Absence Control: Kopili Valley Basin,Kopili Valley Basin,Point verified absence,None,None,None,Low-slope plain / valley basin,0,0,Apda_Mitra_Spatial_Buffer_Sampling,Absence_Control,NEG-00558,Spatial_Absence_Control,https://apdamitra.in/data/absence,Buffered >= 0.1 deg from positive slides,VALID_NEGATIVE_ABSENCE,50,2.2,203.4,-0.0183,0
APDA-NEG-00559,2016-06-12,2016-06-12 12:00:00,2016,Assam,26.633,92.8401,Absence Control: Tezpur Brahmaputra Bench,Tezpur Brahmaputra Bench,Point verified absence,None,None,None,Low-slope plain / valley basin,0,0,Apda_Mitra_Spatial_Buffer_Sampling,Absence_Control,NEG-00559,Spatial_Absence_Control,https://apdamitra.in/data/absence,Buffered >= 0.1 deg from positive slides,VALID_NEGATIVE_ABSENCE,72,2.3,179.7,0.0173,0
APDA-NEG-00560,1996-12-21,1996-12-21 12:00:00,1996,Assam,26.6141,92.8133,Absence Control: Tezpur Brahmaputra Bench,Tezpur Brahmaputra Bench,Point verified absence,None,None,None,Low-slope plain / valley basin,0,0,Apda_Mitra_Spatial_Buffer_Sampling,Absence_Control,NEG-00560,Spatial_Absence_Control,https://apdamitra.in/data/absence,Buffered >= 0.1 deg from positive slides,VALID_NEGATIVE_ABSENCE,80,2.6,230.8,0.0138,0
APDA-NEG-00561,2012-10-16,2012-10-16 12:00:00,2012,Assam,24.8922,92.7381,Absence Control: Silchar Barak Plain,Silchar Barak Plain,Point verified absence,None,None,None,Low-slope plain / valley basin,0,0,Apda_Mitra_Spatial_Buffer_Sampling,Absence_Control,NEG-00561,Spatial_Absence_Control,https://apdamitra.in/data/absence,Buffered >= 0.1 deg from positive slides,VALID_NEGATIVE_ABSENCE,52,1.0,248.5,-0.0151,0
APDA-NEG-00562,2009-11-06,2009-11-06 12:00:00,2009,Assam,24.837,92.7339,Absence Control: Silchar Barak Plain,Silchar Barak Plain,Point verified absence,None,None,None,Low-slope plain / valley basin,0,0,Apda_Mitra_Spatial_Buffer_Sampling,Absence_Control,NEG-00562,Spatial_Absence_Control,https://apdamitra.in/data/absence,Buffered >= 0.1 deg from positive slides,VALID_NEGATIVE_ABSENCE,55,2.3,57.4,0.0121,0
APDA-NEG-00563,2007-09-28,2007-09-28 12:00:00,2007,Assam,26.5929,92.8134,Absence Control: Tezpur Brahmaputra Bench,Tezpur Brahmaputra Bench,Point verified absence,None,None,None,Low-slope plain / valley basin,0,0,Apda_Mitra_Spatial_Buffer_Sampling,Absence_Control,NEG-00563,Spatial_Absence_Control,https://apdamitra.in/data/absence,Buffered >= 0.1 deg from positive slides,VALID_NEGATIVE_ABSENCE,61,2.0,282.2,0.0162,0
APDA-NEG-00564,2006-12-10,2006-12-10 12:00:00,2006,Assam,26.6938,92.8549,Absence Control: Tezpur Brahmaputra Bench,Tezpur Brahmaputra Bench,Point verified absence,None,None,None,Low-slope plain / valley basin,0,0,Apda_Mitra_Spatial_Buffer_Sampling,Absence_Control,NEG-00564,Spatial_Absence_Control,https://apdamitra.in/data/absence,Buffered >= 0.1 deg from positive slides,VALID_NEGATIVE_ABSENCE,96,2.6,345.8,-0.012,0
APDA-NEG-00565,2016-07-13,2016-07-13 12:00:00,2016,Assam,26.3821,92.6491,Absence Control: Kopili Valley Basin,Kopili Valley Basin,Point verified absence,None,None,None,Low-slope plain / valley basin,0,0,Apda_Mitra_Spatial_Buffer_Sampling,Absence_Control,NEG-00565,Spatial_Absence_Control,https://apdamitra.in/data/absence,Buffered >= 0.1 deg from positive slides,VALID_NEGATIVE_ABSENCE,83,2.9,81.7,0.0033,0
APDA-NEG-00566,2018-06-16,2018-06-16 12:00:00,2018,Assam,26.3969,92.6691,Absence Control: Kopili Valley Basin,Kopili Valley Basin,Point verified absence,None,None,None,Low-slope plain / valley basin,0,0,Apda_Mitra_Spatial_Buffer_Sampling,Absence_Control,NEG-00566,Spatial_Absence_Control,https://apdamitra.in/data/absence,Buffered >= 0.1 deg from positive slides,VALID_NEGATIVE_ABSENCE,82,2.0,16.0,-0.0189,0
APDA-NEG-00567,2015-04-12,2015-04-12 12:00:00,2015,Assam,26.6816,92.777,Absence Control: Tezpur Brahmaputra Bench,Tezpur Brahmaputra Bench,Point verified absence,None,None,None,Low-slope plain / valley basin,0,0,Apda_Mitra_Spatial_Buffer_Sampling,Absence_Control,NEG-00567,Spatial_Absence_Control,https://apdamitra.in/data/absence,Buffered >= 0.1 deg from positive slides,VALID_NEGATIVE_ABSENCE,95,3.8,141.8,0.0129,0
APDA-NEG-00568,2006-12-23,2006-12-23 12:00:00,2006,Assam,26.6597,92.794,Absence Control: Tezpur Brahmaputra Bench,Tezpur Brahmaputra Bench,Point verified absence,None,None,None,Low-slope plain / valley basin,0,0,Apda_Mitra_Spatial_Buffer_Sampling,Absence_Control,NEG-00568,Spatial_Absence_Control,https://apdamitra.in/data/absence,Buffered >= 0.1 deg from positive slides,VALID_NEGATIVE_ABSENCE,58,1.7,353.0,0.0085,0
APDA-NEG-00569,2003-01-26,2003-01-26 12:00:00,2003,Assam,26.6163,92.7915,Absence Control: Tezpur Brahmaputra Bench,Tezpur Brahmaputra Bench,Point verified absence,None,None,None,Low-slope plain / valley basin,0,0,Apda_Mitra_Spatial_Buffer_Sampling,Absence_Control,NEG-00569,Spatial_Absence_Control,https://apdamitra.in/data/absence,Buffered >= 0.1 deg from positive slides,VALID_NEGATIVE_ABSENCE,71,2.4,95.9,0.0141,0
APDA-NEG-00570,2013-06-28,2013-06-28 12:00:00,2013,Assam,26.2969,92.7416,Absence Control: Kopili Valley Basin,Kopili Valley Basin,Point verified absence,None,None,None,Low-slope plain / valley basin,0,0,Apda_Mitra_Spatial_Buffer_Sampling,Absence_Control,NEG-00570,Spatial_Absence_Control,https://apdamitra.in/data/absence,Buffered >= 0.1 deg from positive slides,VALID_NEGATIVE_ABSENCE,58,2.3,101.6,0.0032,0
APDA-NEG-00571,2014-09-03,2014-09-03 12:00:00,2014,Meghalaya,25.9463,89.9742,Absence Control: Phulbari River Plain,Phulbari River Plain,Point verified absence,None,None,None,Low-slope plain / valley basin,0,0,Apda_Mitra_Spatial_Buffer_Sampling,Absence_Control,NEG-00571,Spatial_Absence_Control,https://apdamitra.in/data/absence,Buffered >= 0.1 deg from positive slides,VALID_NEGATIVE_ABSENCE,33,2.2,74.7,-0.0105,0
APDA-NEG-00572,2016-09-09,2016-09-09 12:00:00,2016,Meghalaya,25.9577,89.9665,Absence Control: Phulbari River Plain,Phulbari River Plain,Point verified absence,None,None,None,Low-slope plain / valley basin,0,0,Apda_Mitra_Spatial_Buffer_Sampling,Absence_Control,NEG-00572,Spatial_Absence_Control,https://apdamitra.in/data/absence,Buffered >= 0.1 deg from positive slides,VALID_NEGATIVE_ABSENCE,55,3.6,251.7,-0.0042,0
APDA-NEG-00573,1998-09-18,1998-09-18 12:00:00,1998,Meghalaya,25.8382,90.1891,Absence Control: Tikrikilla Lowland Plain,Tikrikilla Lowland Plain,Point verified absence,None,None,None,Low-slope plain / valley basin,0,0,Apda_Mitra_Spatial_Buffer_Sampling,Absence_Control,NEG-00573,Spatial_Absence_Control,https://apdamitra.in/data/absence,Buffered >= 0.1 deg from positive slides,VALID_NEGATIVE_ABSENCE,113,6.4,66.3,-0.0076,0
APDA-NEG-00574,2020-07-13,2020-07-13 12:00:00,2020,Meghalaya,25.9266,90.0441,Absence Control: Phulbari River Plain,Phulbari River Plain,Point verified absence,None,None,None,Low-slope plain / valley basin,0,0,Apda_Mitra_Spatial_Buffer_Sampling,Absence_Control,NEG-00574,Spatial_Absence_Control,https://apdamitra.in/data/absence,Buffered >= 0.1 deg from positive slides,VALID_NEGATIVE_ABSENCE,56,2.5,77.4,-0.0077,0
APDA-NEG-00575,1998-06-13,1998-06-13 12:00:00,1998,Meghalaya,25.8717,90.0553,Absence Control: Phulbari River Plain,Phulbari River Plain,Point verified absence,None,None,None,Low-slope plain / valley basin,0,0,Apda_Mitra_Spatial_Buffer_Sampling,Absence_Control,NEG-00575,Spatial_Absence_Control,https://apdamitra.in/data/absence,Buffered >= 0.1 deg from positive slides,VALID_NEGATIVE_ABSENCE,58,3.3,85.3,0.0046,0
APDA-NEG-00576,2003-09-13,2003-09-13 12:00:00,2003,Meghalaya,25.9407,90.2111,Absence Control: Tikrikilla Lowland Plain,Tikrikilla Lowland Plain,Point verified absence,None,None,None,Low-slope plain / valley basin,0,0,Apda_Mitra_Spatial_Buffer_Sampling,Absence_Control,NEG-00576,Spatial_Absence_Control,https://apdamitra.in/data/absence,Buffered >= 0.1 deg from positive slides,VALID_NEGATIVE_ABSENCE,92,7.3,221.0,-0.0032,0
APDA-NEG-00577,2019-06-09,2019-06-09 12:00:00,2019,Meghalaya,25.8804,90.0071,Absence Control: Phulbari River Plain,Phulbari River Plain,Point verified absence,None,None,None,Low-slope plain / valley basin,0,0,Apda_Mitra_Spatial_Buffer_Sampling,Absence_Control,NEG-00577,Spatial_Absence_Control,https://apdamitra.in/data/absence,Buffered >= 0.1 deg from positive slides,VALID_NEGATIVE_ABSENCE,47,2.8,136.9,0.0043,0
APDA-NEG-00578,1997-10-20,1997-10-20 12:00:00,1997,Meghalaya,25.9257,90.0382,Absence Control: Phulbari River Plain,Phulbari River Plain,Point verified absence,None,None,None,Low-slope plain / valley basin,0,0,Apda_Mitra_Spatial_Buffer_Sampling,Absence_Control,NEG-00578,Spatial_Absence_Control,https://apdamitra.in/data/absence,Buffered >= 0.1 deg from positive slides,VALID_NEGATIVE_ABSENCE,33,1.8,41.1,-0.0139,0
APDA-NEG-00579,1999-09-17,1999-09-17 12:00:00,1999,Meghalaya,25.9176,90.1882,Absence Control: Tikrikilla Lowland Plain,Tikrikilla Lowland Plain,Point verified absence,None,None,None,Low-slope plain / valley basin,0,0,Apda_Mitra_Spatial_Buffer_Sampling,Absence_Control,NEG-00579,Spatial_Absence_Control,https://apdamitra.in/data/absence,Buffered >= 0.1 deg from positive slides,VALID_NEGATIVE_ABSENCE,110,5.7,302.6,-0.0101,0
APDA-NEG-00580,2008-04-11,2008-04-11 12:00:00,2008,Meghalaya,25.8901,90.0086,Absence Control: Phulbari River Plain,Phulbari River Plain,Point verified absence,None,None,None,Low-slope plain / valley basin,0,0,Apda_Mitra_Spatial_Buffer_Sampling,Absence_Control,NEG-00580,Spatial_Absence_Control,https://apdamitra.in/data/absence,Buffered >= 0.1 deg from positive slides,VALID_NEGATIVE_ABSENCE,65,1.8,345.2,0.0019,0
APDA-NEG-00581,2002-08-08,2002-08-08 12:00:00,2002,Meghalaya,25.9242,90.1044,Absence Control: Tikrikilla Lowland Plain,Tikrikilla Lowland Plain,Point verified absence,None,None,None,Low-slope plain / valley basin,0,0,Apda_Mitra_Spatial_Buffer_Sampling,Absence_Control,NEG-00581,Spatial_Absence_Control,https://apdamitra.in/data/absence,Buffered >= 0.1 deg from positive slides,VALID_NEGATIVE_ABSENCE,116,7.4,62.3,-0.0082,0
APDA-NEG-00582,2020-12-25,2020-12-25 12:00:00,2020,Meghalaya,25.9612,90.0602,Absence Control: Phulbari River Plain,Phulbari River Plain,Point verified absence,None,None,None,Low-slope plain / valley basin,0,0,Apda_Mitra_Spatial_Buffer_Sampling,Absence_Control,NEG-00582,Spatial_Absence_Control,https://apdamitra.in/data/absence,Buffered >= 0.1 deg from positive slides,VALID_NEGATIVE_ABSENCE,48,3.7,194.3,0.0135,0
APDA-NEG-00583,2021-10-15,2021-10-15 12:00:00,2021,Meghalaya,25.9439,90.1556,Absence Control: Tikrikilla Lowland Plain,Tikrikilla Lowland Plain,Point verified absence,None,None,None,Low-slope plain / valley basin,0,0,Apda_Mitra_Spatial_Buffer_Sampling,Absence_Control,NEG-00583,Spatial_Absence_Control,https://apdamitra.in/data/absence,Buffered >= 0.1 deg from positive slides,VALID_NEGATIVE_ABSENCE,85,5.5,201.6,0.0198,0
APDA-NEG-00584,1997-04-06,1997-04-06 12:00:00,1997,Meghalaya,25.9409,89.9759,Absence Control: Phulbari River Plain,Phulbari River Plain,Point verified absence,None,None,None,Low-slope plain / valley basin,0,0,Apda_Mitra_Spatial_Buffer_Sampling,Absence_Control,NEG-00584,Spatial_Absence_Control,https://apdamitra.in/data/absence,Buffered >= 0.1 deg from positive slides,VALID_NEGATIVE_ABSENCE,60,2.1,135.7,0.0032,0
APDA-NEG-00585,2002-08-28,2002-08-28 12:00:00,2002,Meghalaya,25.9507,89.9626,Absence Control: Phulbari River Plain,Phulbari River Plain,Point verified absence,None,None,None,Low-slope plain / valley basin,0,0,Apda_Mitra_Spatial_Buffer_Sampling,Absence_Control,NEG-00585,Spatial_Absence_Control,https://apdamitra.in/data/absence,Buffered >= 0.1 deg from positive slides,VALID_NEGATIVE_ABSENCE,59,2.7,254.4,-0.0137,0
APDA-NEG-00586,1997-06-18,1997-06-18 12:00:00,1997,Meghalaya,25.9349,90.1823,Absence Control: Tikrikilla Lowland Plain,Tikrikilla Lowland Plain,Point verified absence,None,None,None,Low-slope plain / valley basin,0,0,Apda_Mitra_Spatial_Buffer_Sampling,Absence_Control,NEG-00586,Spatial_Absence_Control,https://apdamitra.in/data/absence,Buffered >= 0.1 deg from positive slides,VALID_NEGATIVE_ABSENCE,105,5.2,45.9,0.015,0
APDA-NEG-00587,2020-08-25,2020-08-25 12:00:00,2020,Meghalaya,25.9511,90.2016,Absence Control: Tikrikilla Lowland Plain,Tikrikilla Lowland Plain,Point verified absence,None,None,None,Low-slope plain / valley basin,0,0,Apda_Mitra_Spatial_Buffer_Sampling,Absence_Control,NEG-00587,Spatial_Absence_Control,https://apdamitra.in/data/absence,Buffered >= 0.1 deg from positive slides,VALID_NEGATIVE_ABSENCE,114,7.4,198.9,0.011,0
APDA-NEG-00588,2003-11-04,2003-11-04 12:00:00,2003,Meghalaya,25.9177,89.99,Absence Control: Phulbari River Plain,Phulbari River Plain,Point verified absence,None,None,None,Low-slope plain / valley basin,0,0,Apda_Mitra_Spatial_Buffer_Sampling,Absence_Control,NEG-00588,Spatial_Absence_Control,https://apdamitra.in/data/absence,Buffered >= 0.1 deg from positive slides,VALID_NEGATIVE_ABSENCE,28,3.2,274.9,-0.004,0
APDA-NEG-00589,2015-03-06,2015-03-06 12:00:00,2015,Meghalaya,25.8759,90.1213,Absence Control: Tikrikilla Lowland Plain,Tikrikilla Lowland Plain,Point verified absence,None,None,None,Low-slope plain / valley basin,0,0,Apda_Mitra_Spatial_Buffer_Sampling,Absence_Control,NEG-00589,Spatial_Absence_Control,https://apdamitra.in/data/absence,Buffered >= 0.1 deg from positive slides,VALID_NEGATIVE_ABSENCE,89,6.3,244.6,0.0074,0
APDA-NEG-00590,2020-11-27,2020-11-27 12:00:00,2020,Meghalaya,25.8744,90.0969,Absence Control: Tikrikilla Lowland Plain,Tikrikilla Lowland Plain,Point verified absence,None,None,None,Low-slope plain / valley basin,0,0,Apda_Mitra_Spatial_Buffer_Sampling,Absence_Control,NEG-00590,Spatial_Absence_Control,https://apdamitra.in/data/absence,Buffered >= 0.1 deg from positive slides,VALID_NEGATIVE_ABSENCE,122,7.0,179.6,-0.0115,0
APDA-NEG-00591,2007-09-06,2007-09-06 12:00:00,2007,Meghalaya,25.8632,89.9769,Absence Control: Phulbari River Plain,Phulbari River Plain,Point verified absence,None,None,None,Low-slope plain / valley basin,0,0,Apda_Mitra_Spatial_Buffer_Sampling,Absence_Control,NEG-00591,Spatial_Absence_Control,https://apdamitra.in/data/absence,Buffered >= 0.1 deg from positive slides,VALID_NEGATIVE_ABSENCE,52,3.8,100.4,-0.0018,0
APDA-NEG-00592,2006-09-16,2006-09-16 12:00:00,2006,Meghalaya,25.9268,90.1464,Absence Control: Tikrikilla Lowland Plain,Tikrikilla Lowland Plain,Point verified absence,None,None,None,Low-slope plain / valley basin,0,0,Apda_Mitra_Spatial_Buffer_Sampling,Absence_Control,NEG-00592,Spatial_Absence_Control,https://apdamitra.in/data/absence,Buffered >= 0.1 deg from positive slides,VALID_NEGATIVE_ABSENCE,91,6.0,1.2,-0.0097,0
APDA-NEG-00593,2001-08-09,2001-08-09 12:00:00,2001,Meghalaya,25.8848,89.9956,Absence Control: Phulbari River Plain,Phulbari River Plain,Point verified absence,None,None,None,Low-slope plain / valley basin,0,0,Apda_Mitra_Spatial_Buffer_Sampling,Absence_Control,NEG-00593,Spatial_Absence_Control,https://apdamitra.in/data/absence,Buffered >= 0.1 deg from positive slides,VALID_NEGATIVE_ABSENCE,53,1.7,93.8,0.0004,0
APDA-NEG-00594,2006-05-01,2006-05-01 12:00:00,2006,Meghalaya,25.9161,90.1767,Absence Control: Tikrikilla Lowland Plain,Tikrikilla Lowland Plain,Point verified absence,None,None,None,Low-slope plain / valley basin,0,0,Apda_Mitra_Spatial_Buffer_Sampling,Absence_Control,NEG-00594,Spatial_Absence_Control,https://apdamitra.in/data/absence,Buffered >= 0.1 deg from positive slides,VALID_NEGATIVE_ABSENCE,102,6.7,316.5,0.0183,0
APDA-NEG-00595,2011-02-14,2011-02-14 12:00:00,2011,Meghalaya,25.8865,90.1451,Absence Control: Tikrikilla Lowland Plain,Tikrikilla Lowland Plain,Point verified absence,None,None,None,Low-slope plain / valley basin,0,0,Apda_Mitra_Spatial_Buffer_Sampling,Absence_Control,NEG-00595,Spatial_Absence_Control,https://apdamitra.in/data/absence,Buffered >= 0.1 deg from positive slides,VALID_NEGATIVE_ABSENCE,101,6.1,298.6,0.0035,0
APDA-NEG-00596,2017-01-20,2017-01-20 12:00:00,2017,Meghalaya,25.9058,90.1709,Absence Control: Tikrikilla Lowland Plain,Tikrikilla Lowland Plain,Point verified absence,None,None,None,Low-slope plain / valley basin,0,0,Apda_Mitra_Spatial_Buffer_Sampling,Absence_Control,NEG-00596,Spatial_Absence_Control,https://apdamitra.in/data/absence,Buffered >= 0.1 deg from positive slides,VALID_NEGATIVE_ABSENCE,75,6.3,281.5,0.0166,0
APDA-NEG-00597,2000-03-26,2000-03-26 12:00:00,2000,Meghalaya,25.9121,90.1971,Absence Control: Tikrikilla Lowland Plain,Tikrikilla Lowland Plain,Point verified absence,None,None,None,Low-slope plain / valley basin,0,0,Apda_Mitra_Spatial_Buffer_Sampling,Absence_Control,NEG-00597,Spatial_Absence_Control,https://apdamitra.in/data/absence,Buffered >= 0.1 deg from positive slides,VALID_NEGATIVE_ABSENCE,92,6.0,173.7,0.02,0
APDA-NEG-00598,2006-10-21,2006-10-21 12:00:00,2006,Meghalaya,25.8439,90.1721,Absence Control: Tikrikilla Lowland Plain,Tikrikilla Lowland Plain,Point verified absence,None,None,None,Low-slope plain / valley basin,0,0,Apda_Mitra_Spatial_Buffer_Sampling,Absence_Control,NEG-00598,Spatial_Absence_Control,https://apdamitra.in/data/absence,Buffered >= 0.1 deg from positive slides,VALID_NEGATIVE_ABSENCE,118,5.2,278.4,-0.0151,0
APDA-NEG-00599,2013-11-15,2013-11-15 12:00:00,2013,Meghalaya,25.9043,90.1188,Absence Control: Tikrikilla Lowland Plain,Tikrikilla Lowland Plain,Point verified absence,None,None,None,Low-slope plain / valley basin,0,0,Apda_Mitra_Spatial_Buffer_Sampling,Absence_Control,NEG-00599,Spatial_Absence_Control,https://apdamitra.in/data/absence,Buffered >= 0.1 deg from positive slides,VALID_NEGATIVE_ABSENCE,109,6.9,181.0,-0.0056,0
APDA-NEG-00600,2013-11-15,2013-11-15 12:00:00,2013,Meghalaya,25.8776,90.1792,Absence Control: Tikrikilla Lowland Plain,Tikrikilla Lowland Plain,Point verified absence,None,None,None,Low-slope plain / valley basin,0,0,Apda_Mitra_Spatial_Buffer_Sampling,Absence_Control,NEG-00600,Spatial_Absence_Control,https://apdamitra.in/data/absence,Buffered >= 0.1 deg from positive slides,VALID_NEGATIVE_ABSENCE,94,5.4,86.2,0.0119,0
APDA-NEG-00601,2016-06-24,2016-06-24 12:00:00,2016,Meghalaya,25.8611,90.0681,Absence Control: Phulbari River Plain,Phulbari River Plain,Point verified absence,None,None,None,Low-slope plain / valley basin,0,0,Apda_Mitra_Spatial_Buffer_Sampling,Absence_Control,NEG-00601,Spatial_Absence_Control,https://apdamitra.in/data/absence,Buffered >= 0.1 deg from positive slides,VALID_NEGATIVE_ABSENCE,65,2.7,65.2,0.0038,0
APDA-NEG-00602,2005-11-11,2005-11-11 12:00:00,2005,Meghalaya,25.8981,90.2004,Absence Control: Tikrikilla Lowland Plain,Tikrikilla Lowland Plain,Point verified absence,None,None,None,Low-slope plain / valley basin,0,0,Apda_Mitra_Spatial_Buffer_Sampling,Absence_Control,NEG-00602,Spatial_Absence_Control,https://apdamitra.in/data/absence,Buffered >= 0.1 deg from positive slides,VALID_NEGATIVE_ABSENCE,88,5.4,54.6,-0.0117,0
APDA-NEG-00603,2003-03-08,2003-03-08 12:00:00,2003,Meghalaya,25.869,90.1291,Absence Control: Tikrikilla Lowland Plain,Tikrikilla Lowland Plain,Point verified absence,None,None,None,Low-slope plain / valley basin,0,0,Apda_Mitra_Spatial_Buffer_Sampling,Absence_Control,NEG-00603,Spatial_Absence_Control,https://apdamitra.in/data/absence,Buffered >= 0.1 deg from positive slides,VALID_NEGATIVE_ABSENCE,85,5.3,201.9,-0.0156,0
APDA-NEG-00604,2007-12-20,2007-12-20 12:00:00,2007,Meghalaya,25.9168,89.9645,Absence Control: Phulbari River Plain,Phulbari River Plain,Point verified absence,None,None,None,Low-slope plain / valley basin,0,0,Apda_Mitra_Spatial_Buffer_Sampling,Absence_Control,NEG-00604,Spatial_Absence_Control,https://apdamitra.in/data/absence,Buffered >= 0.1 deg from positive slides,VALID_NEGATIVE_ABSENCE,56,1.8,95.0,-0.0103,0
APDA-NEG-00605,2006-03-12,2006-03-12 12:00:00,2006,Meghalaya,25.9097,90.0617,Absence Control: Phulbari River Plain,Phulbari River Plain,Point verified absence,None,None,None,Low-slope plain / valley basin,0,0,Apda_Mitra_Spatial_Buffer_Sampling,Absence_Control,NEG-00605,Spatial_Absence_Control,https://apdamitra.in/data/absence,Buffered >= 0.1 deg from positive slides,VALID_NEGATIVE_ABSENCE,70,3.0,127.8,-0.0099,0
APDA-NEG-00606,2006-10-28,2006-10-28 12:00:00,2006,Meghalaya,25.9592,90.0579,Absence Control: Phulbari River Plain,Phulbari River Plain,Point verified absence,None,None,None,Low-slope plain / valley basin,0,0,Apda_Mitra_Spatial_Buffer_Sampling,Absence_Control,NEG-00606,Spatial_Absence_Control,https://apdamitra.in/data/absence,Buffered >= 0.1 deg from positive slides,VALID_NEGATIVE_ABSENCE,39,1.5,130.4,0.0151,0
APDA-NEG-00607,2006-06-14,2006-06-14 12:00:00,2006,Meghalaya,25.9354,90.0128,Absence Control: Phulbari River Plain,Phulbari River Plain,Point verified absence,None,None,None,Low-slope plain / valley basin,0,0,Apda_Mitra_Spatial_Buffer_Sampling,Absence_Control,NEG-00607,Spatial_Absence_Control,https://apdamitra.in/data/absence,Buffered >= 0.1 deg from positive slides,VALID_NEGATIVE_ABSENCE,53,2.0,250.7,-0.0085,0
APDA-NEG-00608,2000-10-18,2000-10-18 12:00:00,2000,Meghalaya,25.867,90.0259,Absence Control: Phulbari River Plain,Phulbari River Plain,Point verified absence,None,None,None,Low-slope plain / valley basin,0,0,Apda_Mitra_Spatial_Buffer_Sampling,Absence_Control,NEG-00608,Spatial_Absence_Control,https://apdamitra.in/data/absence,Buffered >= 0.1 deg from positive slides,VALID_NEGATIVE_ABSENCE,54,3.1,74.5,0.0106,0
APDA-NEG-00609,2008-03-05,2008-03-05 12:00:00,2008,Meghalaya,25.8884,90.1514,Absence Control: Tikrikilla Lowland Plain,Tikrikilla Lowland Plain,Point verified absence,None,None,None,Low-slope plain / valley basin,0,0,Apda_Mitra_Spatial_Buffer_Sampling,Absence_Control,NEG-00609,Spatial_Absence_Control,https://apdamitra.in/data/absence,Buffered >= 0.1 deg from positive slides,VALID_NEGATIVE_ABSENCE,78,7.1,192.8,0.014,0
APDA-NEG-00610,2021-07-06,2021-07-06 12:00:00,2021,Meghalaya,25.9611,90.0247,Absence Control: Phulbari River Plain,Phulbari River Plain,Point verified absence,None,None,None,Low-slope plain / valley basin,0,0,Apda_Mitra_Spatial_Buffer_Sampling,Absence_Control,NEG-00610,Spatial_Absence_Control,https://apdamitra.in/data/absence,Buffered >= 0.1 deg from positive slides,VALID_NEGATIVE_ABSENCE,38,3.2,191.1,-0.009,0
APDA-NEG-00611,2016-11-22,2016-11-22 12:00:00,2016,Meghalaya,25.9322,90.0277,Absence Control: Phulbari River Plain,Phulbari River Plain,Point verified absence,None,None,None,Low-slope plain / valley basin,0,0,Apda_Mitra_Spatial_Buffer_Sampling,Absence_Control,NEG-00611,Spatial_Absence_Control,https://apdamitra.in/data/absence,Buffered >= 0.1 deg from positive slides,VALID_NEGATIVE_ABSENCE,61,3.9,164.5,-0.0084,0
APDA-NEG-00612,2019-07-26,2019-07-26 12:00:00,2019,Meghalaya,25.8564,90.0674,Absence Control: Phulbari River Plain,Phulbari River Plain,Point verified absence,None,None,None,Low-slope plain / valley basin,0,0,Apda_Mitra_Spatial_Buffer_Sampling,Absence_Control,NEG-00612,Spatial_Absence_Control,https://apdamitra.in/data/absence,Buffered >= 0.1 deg from positive slides,VALID_NEGATIVE_ABSENCE,47,3.2,271.1,0.0182,0
APDA-NEG-00613,1996-04-16,1996-04-16 12:00:00,1996,Meghalaya,25.9673,89.9908,Absence Control: Phulbari River Plain,Phulbari River Plain,Point verified absence,None,None,None,Low-slope plain / valley basin,0,0,Apda_Mitra_Spatial_Buffer_Sampling,Absence_Control,NEG-00613,Spatial_Absence_Control,https://apdamitra.in/data/absence,Buffered >= 0.1 deg from positive slides,VALID_NEGATIVE_ABSENCE,75,3.5,226.3,0.0174,0
APDA-NEG-00614,1999-04-11,1999-04-11 12:00:00,1999,Meghalaya,25.8814,90.1818,Absence Control: Tikrikilla Lowland Plain,Tikrikilla Lowland Plain,Point verified absence,None,None,None,Low-slope plain / valley basin,0,0,Apda_Mitra_Spatial_Buffer_Sampling,Absence_Control,NEG-00614,Spatial_Absence_Control,https://apdamitra.in/data/absence,Buffered >= 0.1 deg from positive slides,VALID_NEGATIVE_ABSENCE,115,6.6,55.4,-0.0101,0
APDA-NEG-00615,2001-02-25,2001-02-25 12:00:00,2001,Meghalaya,25.8811,90.0413,Absence Control: Phulbari River Plain,Phulbari River Plain,Point verified absence,None,None,None,Low-slope plain / valley basin,0,0,Apda_Mitra_Spatial_Buffer_Sampling,Absence_Control,NEG-00615,Spatial_Absence_Control,https://apdamitra.in/data/absence,Buffered >= 0.1 deg from positive slides,VALID_NEGATIVE_ABSENCE,46,3.6,4.2,-0.0185,0
APDA-NEG-00616,2009-11-20,2009-11-20 12:00:00,2009,Meghalaya,25.8927,89.9802,Absence Control: Phulbari River Plain,Phulbari River Plain,Point verified absence,None,None,None,Low-slope plain / valley basin,0,0,Apda_Mitra_Spatial_Buffer_Sampling,Absence_Control,NEG-00616,Spatial_Absence_Control,https://apdamitra.in/data/absence,Buffered >= 0.1 deg from positive slides,VALID_NEGATIVE_ABSENCE,59,2.2,347.9,-0.0022,0
APDA-NEG-00617,1996-08-24,1996-08-24 12:00:00,1996,Meghalaya,25.9397,90.1852,Absence Control: Tikrikilla Lowland Plain,Tikrikilla Lowland Plain,Point verified absence,None,None,None,Low-slope plain / valley basin,0,0,Apda_Mitra_Spatial_Buffer_Sampling,Absence_Control,NEG-00617,Spatial_Absence_Control,https://apdamitra.in/data/absence,Buffered >= 0.1 deg from positive slides,VALID_NEGATIVE_ABSENCE,92,5.4,169.5,-0.0148,0
APDA-NEG-00618,2010-12-07,2010-12-07 12:00:00,2010,Meghalaya,25.8637,90.2133,Absence Control: Tikrikilla Lowland Plain,Tikrikilla Lowland Plain,Point verified absence,None,None,None,Low-slope plain / valley basin,0,0,Apda_Mitra_Spatial_Buffer_Sampling,Absence_Control,NEG-00618,Spatial_Absence_Control,https://apdamitra.in/data/absence,Buffered >= 0.1 deg from positive slides,VALID_NEGATIVE_ABSENCE,83,6.8,276.7,-0.0174,0
APDA-NEG-00619,2003-05-10,2003-05-10 12:00:00,2003,Meghalaya,25.9295,90.1081,Absence Control: Tikrikilla Lowland Plain,Tikrikilla Lowland Plain,Point verified absence,None,None,None,Low-slope plain / valley basin,0,0,Apda_Mitra_Spatial_Buffer_Sampling,Absence_Control,NEG-00619,Spatial_Absence_Control,https://apdamitra.in/data/absence,Buffered >= 0.1 deg from positive slides,VALID_NEGATIVE_ABSENCE,124,7.3,212.1,-0.0168,0
APDA-NEG-00620,2006-05-27,2006-05-27 12:00:00,2006,Meghalaya,25.9162,90.165,Absence Control: Tikrikilla Lowland Plain,Tikrikilla Lowland Plain,Point verified absence,None,None,None,Low-slope plain / valley basin,0,0,Apda_Mitra_Spatial_Buffer_Sampling,Absence_Control,NEG-00620,Spatial_Absence_Control,https://apdamitra.in/data/absence,Buffered >= 0.1 deg from positive slides,VALID_NEGATIVE_ABSENCE,82,6.0,182.7,0.0142,0
APDA-NEG-00621,2013-06-03,2013-06-03 12:00:00,2013,Meghalaya,25.8529,90.0989,Absence Control: Tikrikilla Lowland Plain,Tikrikilla Lowland Plain,Point verified absence,None,None,None,Low-slope plain / valley basin,0,0,Apda_Mitra_Spatial_Buffer_Sampling,Absence_Control,NEG-00621,Spatial_Absence_Control,https://apdamitra.in/data/absence,Buffered >= 0.1 deg from positive slides,VALID_NEGATIVE_ABSENCE,99,6.4,297.2,-0.0095,0
APDA-NEG-00622,2011-09-24,2011-09-24 12:00:00,2011,Meghalaya,25.8664,89.9928,Absence Control: Phulbari River Plain,Phulbari River Plain,Point verified absence,None,None,None,Low-slope plain / valley basin,0,0,Apda_Mitra_Spatial_Buffer_Sampling,Absence_Control,NEG-00622,Spatial_Absence_Control,https://apdamitra.in/data/absence,Buffered >= 0.1 deg from positive slides,VALID_NEGATIVE_ABSENCE,77,1.8,270.9,0.0078,0
APDA-NEG-00623,2021-08-12,2021-08-12 12:00:00,2021,Meghalaya,25.9208,89.9683,Absence Control: Phulbari River Plain,Phulbari River Plain,Point verified absence,None,None,None,Low-slope plain / valley basin,0,0,Apda_Mitra_Spatial_Buffer_Sampling,Absence_Control,NEG-00623,Spatial_Absence_Control,https://apdamitra.in/data/absence,Buffered >= 0.1 deg from positive slides,VALID_NEGATIVE_ABSENCE,52,3.5,150.2,0.0011,0
APDA-NEG-00624,2015-10-04,2015-10-04 12:00:00,2015,Meghalaya,25.9298,90.0449,Absence Control: Phulbari River Plain,Phulbari River Plain,Point verified absence,None,None,None,Low-slope plain / valley basin,0,0,Apda_Mitra_Spatial_Buffer_Sampling,Absence_Control,NEG-00624,Spatial_Absence_Control,https://apdamitra.in/data/absence,Buffered >= 0.1 deg from positive slides,VALID_NEGATIVE_ABSENCE,46,3.1,95.6,-0.0122,0
APDA-NEG-00625,1997-04-09,1997-04-09 12:00:00,1997,Meghalaya,25.9476,90.0331,Absence Control: Phulbari River Plain,Phulbari River Plain,Point verified absence,None,None,None,Low-slope plain / valley basin,0,0,Apda_Mitra_Spatial_Buffer_Sampling,Absence_Control,NEG-00625,Spatial_Absence_Control,https://apdamitra.in/data/absence,Buffered >= 0.1 deg from positive slides,VALID_NEGATIVE_ABSENCE,44,3.1,345.4,-0.0096,0
APDA-NEG-00626,2003-06-19,2003-06-19 12:00:00,2003,Meghalaya,25.9001,90.0458,Absence Control: Phulbari River Plain,Phulbari River Plain,Point verified absence,None,None,None,Low-slope plain / valley basin,0,0,Apda_Mitra_Spatial_Buffer_Sampling,Absence_Control,NEG-00626,Spatial_Absence_Control,https://apdamitra.in/data/absence,Buffered >= 0.1 deg from positive slides,VALID_NEGATIVE_ABSENCE,52,3.9,241.1,-0.014,0
APDA-NEG-00627,1999-05-11,1999-05-11 12:00:00,1999,Meghalaya,25.9027,90.0794,Absence Control: Phulbari River Plain,Phulbari River Plain,Point verified absence,None,None,None,Low-slope plain / valley basin,0,0,Apda_Mitra_Spatial_Buffer_Sampling,Absence_Control,NEG-00627,Spatial_Absence_Control,https://apdamitra.in/data/absence,Buffered >= 0.1 deg from positive slides,VALID_NEGATIVE_ABSENCE,32,2.3,117.8,-0.0151,0
APDA-NEG-00628,2017-07-21,2017-07-21 12:00:00,2017,Meghalaya,25.8456,90.1929,Absence Control: Tikrikilla Lowland Plain,Tikrikilla Lowland Plain,Point verified absence,None,None,None,Low-slope plain / valley basin,0,0,Apda_Mitra_Spatial_Buffer_Sampling,Absence_Control,NEG-00628,Spatial_Absence_Control,https://apdamitra.in/data/absence,Buffered >= 0.1 deg from positive slides,VALID_NEGATIVE_ABSENCE,116,5.6,322.3,-0.0084,0
APDA-NEG-00629,2011-11-25,2011-11-25 12:00:00,2011,Meghalaya,25.918,90.0503,Absence Control: Phulbari River Plain,Phulbari River Plain,Point verified absence,None,None,None,Low-slope plain / valley basin,0,0,Apda_Mitra_Spatial_Buffer_Sampling,Absence_Control,NEG-00629,Spatial_Absence_Control,https://apdamitra.in/data/absence,Buffered >= 0.1 deg from positive slides,VALID_NEGATIVE_ABSENCE,48,2.5,53.9,-0.0131,0
APDA-NEG-00630,2015-05-11,2015-05-11 12:00:00,2015,Meghalaya,25.9357,89.9783,Absence Control: Phulbari River Plain,Phulbari River Plain,Point verified absence,None,None,None,Low-slope plain / valley basin,0,0,Apda_Mitra_Spatial_Buffer_Sampling,Absence_Control,NEG-00630,Spatial_Absence_Control,https://apdamitra.in/data/absence,Buffered >= 0.1 deg from positive slides,VALID_NEGATIVE_ABSENCE,75,3.1,235.9,-0.0171,0
APDA-NEG-00631,2018-08-14,2018-08-14 12:00:00,2018,Meghalaya,25.8508,90.1994,Absence Control: Tikrikilla Lowland Plain,Tikrikilla Lowland Plain,Point verified absence,None,None,None,Low-slope plain / valley basin,0,0,Apda_Mitra_Spatial_Buffer_Sampling,Absence_Control,NEG-00631,Spatial_Absence_Control,https://apdamitra.in/data/absence,Buffered >= 0.1 deg from positive slides,VALID_NEGATIVE_ABSENCE,87,7.0,89.8,0.002,0
APDA-NEG-00632,2016-10-11,2016-10-11 12:00:00,2016,Meghalaya,25.8577,90.0973,Absence Control: Tikrikilla Lowland Plain,Tikrikilla Lowland Plain,Point verified absence,None,None,None,Low-slope plain / valley basin,0,0,Apda_Mitra_Spatial_Buffer_Sampling,Absence_Control,NEG-00632,Spatial_Absence_Control,https://apdamitra.in/data/absence,Buffered >= 0.1 deg from positive slides,VALID_NEGATIVE_ABSENCE,101,6.7,227.4,-0.0083,0
APDA-NEG-00633,2013-01-06,2013-01-06 12:00:00,2013,Meghalaya,25.8603,90.0554,Absence Control: Phulbari River Plain,Phulbari River Plain,Point verified absence,None,None,None,Low-slope plain / valley basin,0,0,Apda_Mitra_Spatial_Buffer_Sampling,Absence_Control,NEG-00633,Spatial_Absence_Control,https://apdamitra.in/data/absence,Buffered >= 0.1 deg from positive slides,VALID_NEGATIVE_ABSENCE,65,3.4,186.9,-0.0037,0
APDA-NEG-00634,2006-04-09,2006-04-09 12:00:00,2006,Meghalaya,25.9567,90.0077,Absence Control: Phulbari River Plain,Phulbari River Plain,Point verified absence,None,None,None,Low-slope plain / valley basin,0,0,Apda_Mitra_Spatial_Buffer_Sampling,Absence_Control,NEG-00634,Spatial_Absence_Control,https://apdamitra.in/data/absence,Buffered >= 0.1 deg from positive slides,VALID_NEGATIVE_ABSENCE,67,2.8,158.3,0.0196,0
APDA-NEG-00635,2000-05-02,2000-05-02 12:00:00,2000,Meghalaya,25.8422,90.1534,Absence Control: Tikrikilla Lowland Plain,Tikrikilla Lowland Plain,Point verified absence,None,None,None,Low-slope plain / valley basin,0,0,Apda_Mitra_Spatial_Buffer_Sampling,Absence_Control,NEG-00635,Spatial_Absence_Control,https://apdamitra.in/data/absence,Buffered >= 0.1 deg from positive slides,VALID_NEGATIVE_ABSENCE,87,5.9,181.9,0.0187,0
APDA-NEG-00636,2014-10-16,2014-10-16 12:00:00,2014,Meghalaya,25.8427,90.11,Absence Control: Tikrikilla Lowland Plain,Tikrikilla Lowland Plain,Point verified absence,None,None,None,Low-slope plain / valley basin,0,0,Apda_Mitra_Spatial_Buffer_Sampling,Absence_Control,NEG-00636,Spatial_Absence_Control,https://apdamitra.in/data/absence,Buffered >= 0.1 deg from positive slides,VALID_NEGATIVE_ABSENCE,83,5.0,275.2,-0.0175,0
APDA-NEG-00637,2002-11-26,2002-11-26 12:00:00,2002,Meghalaya,25.9611,90.0509,Absence Control: Phulbari River Plain,Phulbari River Plain,Point verified absence,None,None,None,Low-slope plain / valley basin,0,0,Apda_Mitra_Spatial_Buffer_Sampling,Absence_Control,NEG-00637,Spatial_Absence_Control,https://apdamitra.in/data/absence,Buffered >= 0.1 deg from positive slides,VALID_NEGATIVE_ABSENCE,57,2.6,164.2,-0.0184,0
APDA-NEG-00638,2001-12-22,2001-12-22 12:00:00,2001,Meghalaya,25.9481,90.0794,Absence Control: Phulbari River Plain,Phulbari River Plain,Point verified absence,None,None,None,Low-slope plain / valley basin,0,0,Apda_Mitra_Spatial_Buffer_Sampling,Absence_Control,NEG-00638,Spatial_Absence_Control,https://apdamitra.in/data/absence,Buffered >= 0.1 deg from positive slides,VALID_NEGATIVE_ABSENCE,30,2.5,188.0,0.0137,0
APDA-NEG-00639,2020-08-19,2020-08-19 12:00:00,2020,Meghalaya,25.9334,90.0668,Absence Control: Phulbari River Plain,Phulbari River Plain,Point verified absence,None,None,None,Low-slope plain / valley basin,0,0,Apda_Mitra_Spatial_Buffer_Sampling,Absence_Control,NEG-00639,Spatial_Absence_Control,https://apdamitra.in/data/absence,Buffered >= 0.1 deg from positive slides,VALID_NEGATIVE_ABSENCE,29,3.5,263.7,0.0099,0
APDA-NEG-00640,2008-11-01,2008-11-01 12:00:00,2008,Meghalaya,25.8719,90.2033,Absence Control: Tikrikilla Lowland Plain,Tikrikilla Lowland Plain,Point verified absence,None,None,None,Low-slope plain / valley basin,0,0,Apda_Mitra_Spatial_Buffer_Sampling,Absence_Control,NEG-00640,Spatial_Absence_Control,https://apdamitra.in/data/absence,Buffered >= 0.1 deg from positive slides,VALID_NEGATIVE_ABSENCE,84,6.7,107.3,0.0062,0
APDA-NEG-00641,2017-09-19,2017-09-19 12:00:00,2017,Meghalaya,25.9299,89.991,Absence Control: Phulbari River Plain,Phulbari River Plain,Point verified absence,None,None,None,Low-slope plain / valley basin,0,0,Apda_Mitra_Spatial_Buffer_Sampling,Absence_Control,NEG-00641,Spatial_Absence_Control,https://apdamitra.in/data/absence,Buffered >= 0.1 deg from positive slides,VALID_NEGATIVE_ABSENCE,28,3.3,244.9,-0.006,0
APDA-NEG-00642,2020-02-19,2020-02-19 12:00:00,2020,Meghalaya,25.9173,90.145,Absence Control: Tikrikilla Lowland Plain,Tikrikilla Lowland Plain,Point verified absence,None,None,None,Low-slope plain / valley basin,0,0,Apda_Mitra_Spatial_Buffer_Sampling,Absence_Control,NEG-00642,Spatial_Absence_Control,https://apdamitra.in/data/absence,Buffered >= 0.1 deg from positive slides,VALID_NEGATIVE_ABSENCE,80,6.1,279.8,0.0098,0
APDA-NEG-00643,2004-03-02,2004-03-02 12:00:00,2004,Meghalaya,25.9535,90.0009,Absence Control: Phulbari River Plain,Phulbari River Plain,Point verified absence,None,None,None,Low-slope plain / valley basin,0,0,Apda_Mitra_Spatial_Buffer_Sampling,Absence_Control,NEG-00643,Spatial_Absence_Control,https://apdamitra.in/data/absence,Buffered >= 0.1 deg from positive slides,VALID_NEGATIVE_ABSENCE,61,1.7,86.2,-0.0019,0
APDA-NEG-00644,2006-05-28,2006-05-28 12:00:00,2006,Meghalaya,25.919,90.1746,Absence Control: Tikrikilla Lowland Plain,Tikrikilla Lowland Plain,Point verified absence,None,None,None,Low-slope plain / valley basin,0,0,Apda_Mitra_Spatial_Buffer_Sampling,Absence_Control,NEG-00644,Spatial_Absence_Control,https://apdamitra.in/data/absence,Buffered >= 0.1 deg from positive slides,VALID_NEGATIVE_ABSENCE,105,6.3,159.5,0.0126,0
APDA-NEG-00645,2006-08-01,2006-08-01 12:00:00,2006,Meghalaya,25.9301,90.0638,Absence Control: Phulbari River Plain,Phulbari River Plain,Point verified absence,None,None,None,Low-slope plain / valley basin,0,0,Apda_Mitra_Spatial_Buffer_Sampling,Absence_Control,NEG-00645,Spatial_Absence_Control,https://apdamitra.in/data/absence,Buffered >= 0.1 deg from positive slides,VALID_NEGATIVE_ABSENCE,37,2.6,329.7,0.0143,0
APDA-NEG-00646,2010-04-24,2010-04-24 12:00:00,2010,Meghalaya,25.8727,90.0297,Absence Control: Phulbari River Plain,Phulbari River Plain,Point verified absence,None,None,None,Low-slope plain / valley basin,0,0,Apda_Mitra_Spatial_Buffer_Sampling,Absence_Control,NEG-00646,Spatial_Absence_Control,https://apdamitra.in/data/absence,Buffered >= 0.1 deg from positive slides,VALID_NEGATIVE_ABSENCE,40,1.6,294.3,-0.0066,0
APDA-NEG-00647,2005-06-19,2005-06-19 12:00:00,2005,Meghalaya,25.904,89.9969,Absence Control: Phulbari River Plain,Phulbari River Plain,Point verified absence,None,None,None,Low-slope plain / valley basin,0,0,Apda_Mitra_Spatial_Buffer_Sampling,Absence_Control,NEG-00647,Spatial_Absence_Control,https://apdamitra.in/data/absence,Buffered >= 0.1 deg from positive slides,VALID_NEGATIVE_ABSENCE,73,3.9,24.8,-0.0009,0
APDA-NEG-00648,2019-07-03,2019-07-03 12:00:00,2019,Meghalaya,25.915,89.994,Absence Control: Phulbari River Plain,Phulbari River Plain,Point verified absence,None,None,None,Low-slope plain / valley basin,0,0,Apda_Mitra_Spatial_Buffer_Sampling,Absence_Control,NEG-00648,Spatial_Absence_Control,https://apdamitra.in/data/absence,Buffered >= 0.1 deg from positive slides,VALID_NEGATIVE_ABSENCE,29,1.7,269.2,0.019,0
APDA-NEG-00649,2007-07-14,2007-07-14 12:00:00,2007,Meghalaya,25.8348,90.2006,Absence Control: Tikrikilla Lowland Plain,Tikrikilla Lowland Plain,Point verified absence,None,None,None,Low-slope plain / valley basin,0,0,Apda_Mitra_Spatial_Buffer_Sampling,Absence_Control,NEG-00649,Spatial_Absence_Control,https://apdamitra.in/data/absence,Buffered >= 0.1 deg from positive slides,VALID_NEGATIVE_ABSENCE,79,6.3,172.1,0.0029,0
APDA-NEG-00650,2011-10-17,2011-10-17 12:00:00,2011,Meghalaya,25.9379,90.1796,Absence Control: Tikrikilla Lowland Plain,Tikrikilla Lowland Plain,Point verified absence,None,None,None,Low-slope plain / valley basin,0,0,Apda_Mitra_Spatial_Buffer_Sampling,Absence_Control,NEG-00650,Spatial_Absence_Control,https://apdamitra.in/data/absence,Buffered >= 0.1 deg from positive slides,VALID_NEGATIVE_ABSENCE,101,7.4,87.9,0.0183,0
APDA-NEG-00651,2008-09-06,2008-09-06 12:00:00,2008,Meghalaya,25.8646,90.1255,Absence Control: Tikrikilla Lowland Plain,Tikrikilla Lowland Plain,Point verified absence,None,None,None,Low-slope plain / valley basin,0,0,Apda_Mitra_Spatial_Buffer_Sampling,Absence_Control,NEG-00651,Spatial_Absence_Control,https://apdamitra.in/data/absence,Buffered >= 0.1 deg from positive slides,VALID_NEGATIVE_ABSENCE,110,6.5,315.5,0.0139,0
APDA-NEG-00652,2001-10-25,2001-10-25 12:00:00,2001,Meghalaya,25.8931,90.1432,Absence Control: Tikrikilla Lowland Plain,Tikrikilla Lowland Plain,Point verified absence,None,None,None,Low-slope plain / valley basin,0,0,Apda_Mitra_Spatial_Buffer_Sampling,Absence_Control,NEG-00652,Spatial_Absence_Control,https://apdamitra.in/data/absence,Buffered >= 0.1 deg from positive slides,VALID_NEGATIVE_ABSENCE,93,5.0,49.9,0.0031,0
APDA-NEG-00653,2010-02-02,2010-02-02 12:00:00,2010,Meghalaya,25.8961,89.9772,Absence Control: Phulbari River Plain,Phulbari River Plain,Point verified absence,None,None,None,Low-slope plain / valley basin,0,0,Apda_Mitra_Spatial_Buffer_Sampling,Absence_Control,NEG-00653,Spatial_Absence_Control,https://apdamitra.in/data/absence,Buffered >= 0.1 deg from positive slides,VALID_NEGATIVE_ABSENCE,61,3.2,200.2,-0.0101,0
APDA-NEG-00654,2009-11-09,2009-11-09 12:00:00,2009,Meghalaya,25.9057,90.0233,Absence Control: Phulbari River Plain,Phulbari River Plain,Point verified absence,None,None,None,Low-slope plain / valley basin,0,0,Apda_Mitra_Spatial_Buffer_Sampling,Absence_Control,NEG-00654,Spatial_Absence_Control,https://apdamitra.in/data/absence,Buffered >= 0.1 deg from positive slides,VALID_NEGATIVE_ABSENCE,43,4.0,348.6,-0.0132,0
APDA-NEG-00655,2014-05-18,2014-05-18 12:00:00,2014,Meghalaya,25.9412,90.0566,Absence Control: Phulbari River Plain,Phulbari River Plain,Point verified absence,None,None,None,Low-slope plain / valley basin,0,0,Apda_Mitra_Spatial_Buffer_Sampling,Absence_Control,NEG-00655,Spatial_Absence_Control,https://apdamitra.in/data/absence,Buffered >= 0.1 deg from positive slides,VALID_NEGATIVE_ABSENCE,58,3.4,327.2,0.0121,0
APDA-NEG-00656,2013-11-23,2013-11-23 12:00:00,2013,Meghalaya,25.8784,90.1723,Absence Control: Tikrikilla Lowland Plain,Tikrikilla Lowland Plain,Point verified absence,None,None,None,Low-slope plain / valley basin,0,0,Apda_Mitra_Spatial_Buffer_Sampling,Absence_Control,NEG-00656,Spatial_Absence_Control,https://apdamitra.in/data/absence,Buffered >= 0.1 deg from positive slides,VALID_NEGATIVE_ABSENCE,91,5.1,149.7,-0.0111,0
APDA-NEG-00657,1995-04-12,1995-04-12 12:00:00,1995,Meghalaya,25.93,90.1832,Absence Control: Tikrikilla Lowland Plain,Tikrikilla Lowland Plain,Point verified absence,None,None,None,Low-slope plain / valley basin,0,0,Apda_Mitra_Spatial_Buffer_Sampling,Absence_Control,NEG-00657,Spatial_Absence_Control,https://apdamitra.in/data/absence,Buffered >= 0.1 deg from positive slides,VALID_NEGATIVE_ABSENCE,124,7.2,225.5,0.02,0
APDA-NEG-00658,2013-01-16,2013-01-16 12:00:00,2013,Meghalaya,25.9377,89.9755,Absence Control: Phulbari River Plain,Phulbari River Plain,Point verified absence,None,None,None,Low-slope plain / valley basin,0,0,Apda_Mitra_Spatial_Buffer_Sampling,Absence_Control,NEG-00658,Spatial_Absence_Control,https://apdamitra.in/data/absence,Buffered >= 0.1 deg from positive slides,VALID_NEGATIVE_ABSENCE,63,2.8,37.8,0.0132,0
APDA-NEG-00659,2003-10-06,2003-10-06 12:00:00,2003,Meghalaya,25.9014,90.0135,Absence Control: Phulbari River Plain,Phulbari River Plain,Point verified absence,None,None,None,Low-slope plain / valley basin,0,0,Apda_Mitra_Spatial_Buffer_Sampling,Absence_Control,NEG-00659,Spatial_Absence_Control,https://apdamitra.in/data/absence,Buffered >= 0.1 deg from positive slides,VALID_NEGATIVE_ABSENCE,42,3.8,270.3,0.009,0
APDA-NEG-00660,2012-01-07,2012-01-07 12:00:00,2012,Meghalaya,25.9251,90.1074,Absence Control: Tikrikilla Lowland Plain,Tikrikilla Lowland Plain,Point verified absence,None,None,None,Low-slope plain / valley basin,0,0,Apda_Mitra_Spatial_Buffer_Sampling,Absence_Control,NEG-00660,Spatial_Absence_Control,https://apdamitra.in/data/absence,Buffered >= 0.1 deg from positive slides,VALID_NEGATIVE_ABSENCE,112,5.7,283.7,-0.0072,0
APDA-NEG-00661,2009-04-10,2009-04-10 12:00:00,2009,Meghalaya,25.8341,90.1505,Absence Control: Tikrikilla Lowland Plain,Tikrikilla Lowland Plain,Point verified absence,None,None,None,Low-slope plain / valley basin,0,0,Apda_Mitra_Spatial_Buffer_Sampling,Absence_Control,NEG-00661,Spatial_Absence_Control,https://apdamitra.in/data/absence,Buffered >= 0.1 deg from positive slides,VALID_NEGATIVE_ABSENCE,93,7.0,334.7,-0.0092,0
APDA-NEG-00662,1999-03-07,1999-03-07 12:00:00,1999,Meghalaya,25.8802,90.1882,Absence Control: Tikrikilla Lowland Plain,Tikrikilla Lowland Plain,Point verified absence,None,None,None,Low-slope plain / valley basin,0,0,Apda_Mitra_Spatial_Buffer_Sampling,Absence_Control,NEG-00662,Spatial_Absence_Control,https://apdamitra.in/data/absence,Buffered >= 0.1 deg from positive slides,VALID_NEGATIVE_ABSENCE,83,6.9,214.0,0.0026,0
APDA-NEG-00663,2015-06-13,2015-06-13 12:00:00,2015,Meghalaya,25.9286,89.9771,Absence Control: Phulbari River Plain,Phulbari River Plain,Point verified absence,None,None,None,Low-slope plain / valley basin,0,0,Apda_Mitra_Spatial_Buffer_Sampling,Absence_Control,NEG-00663,Spatial_Absence_Control,https://apdamitra.in/data/absence,Buffered >= 0.1 deg from positive slides,VALID_NEGATIVE_ABSENCE,63,3.8,85.5,-0.0115,0
APDA-NEG-00664,2009-03-01,2009-03-01 12:00:00,2009,Meghalaya,25.8789,90.0271,Absence Control: Phulbari River Plain,Phulbari River Plain,Point verified absence,None,None,None,Low-slope plain / valley basin,0,0,Apda_Mitra_Spatial_Buffer_Sampling,Absence_Control,NEG-00664,Spatial_Absence_Control,https://apdamitra.in/data/absence,Buffered >= 0.1 deg from positive slides,VALID_NEGATIVE_ABSENCE,29,4.0,70.1,-0.0155,0
APDA-NEG-00665,1995-08-18,1995-08-18 12:00:00,1995,Meghalaya,25.9141,90.1882,Absence Control: Tikrikilla Lowland Plain,Tikrikilla Lowland Plain,Point verified absence,None,None,None,Low-slope plain / valley basin,0,0,Apda_Mitra_Spatial_Buffer_Sampling,Absence_Control,NEG-00665,Spatial_Absence_Control,https://apdamitra.in/data/absence,Buffered >= 0.1 deg from positive slides,VALID_NEGATIVE_ABSENCE,79,6.2,324.7,0.0046,0
APDA-NEG-00666,2011-07-14,2011-07-14 12:00:00,2011,Meghalaya,25.8983,90.0252,Absence Control: Phulbari River Plain,Phulbari River Plain,Point verified absence,None,None,None,Low-slope plain / valley basin,0,0,Apda_Mitra_Spatial_Buffer_Sampling,Absence_Control,NEG-00666,Spatial_Absence_Control,https://apdamitra.in/data/absence,Buffered >= 0.1 deg from positive slides,VALID_NEGATIVE_ABSENCE,59,3.3,231.2,-0.0175,0
APDA-NEG-00667,2008-02-03,2008-02-03 12:00:00,2008,Meghalaya,25.9074,90.1171,Absence Control: Tikrikilla Lowland Plain,Tikrikilla Lowland Plain,Point verified absence,None,None,None,Low-slope plain / valley basin,0,0,Apda_Mitra_Spatial_Buffer_Sampling,Absence_Control,NEG-00667,Spatial_Absence_Control,https://apdamitra.in/data/absence,Buffered >= 0.1 deg from positive slides,VALID_NEGATIVE_ABSENCE,100,7.3,137.0,0.0125,0
APDA-NEG-00668,2020-09-11,2020-09-11 12:00:00,2020,Meghalaya,25.9399,89.9736,Absence Control: Phulbari River Plain,Phulbari River Plain,Point verified absence,None,None,None,Low-slope plain / valley basin,0,0,Apda_Mitra_Spatial_Buffer_Sampling,Absence_Control,NEG-00668,Spatial_Absence_Control,https://apdamitra.in/data/absence,Buffered >= 0.1 deg from positive slides,VALID_NEGATIVE_ABSENCE,41,1.8,348.2,0.0165,0
APDA-NEG-00669,2003-08-08,2003-08-08 12:00:00,2003,Meghalaya,25.9518,90.1997,Absence Control: Tikrikilla Lowland Plain,Tikrikilla Lowland Plain,Point verified absence,None,None,None,Low-slope plain / valley basin,0,0,Apda_Mitra_Spatial_Buffer_Sampling,Absence_Control,NEG-00669,Spatial_Absence_Control,https://apdamitra.in/data/absence,Buffered >= 0.1 deg from positive slides,VALID_NEGATIVE_ABSENCE,83,5.7,100.3,0.0167,0
APDA-NEG-00670,2007-04-10,2007-04-10 12:00:00,2007,Meghalaya,25.9091,90.1842,Absence Control: Tikrikilla Lowland Plain,Tikrikilla Lowland Plain,Point verified absence,None,None,None,Low-slope plain / valley basin,0,0,Apda_Mitra_Spatial_Buffer_Sampling,Absence_Control,NEG-00670,Spatial_Absence_Control,https://apdamitra.in/data/absence,Buffered >= 0.1 deg from positive slides,VALID_NEGATIVE_ABSENCE,123,7.2,289.3,0.0149,0
APDA-NEG-00671,1996-12-05,1996-12-05 12:00:00,1996,Meghalaya,25.9493,90.1601,Absence Control: Tikrikilla Lowland Plain,Tikrikilla Lowland Plain,Point verified absence,None,None,None,Low-slope plain / valley basin,0,0,Apda_Mitra_Spatial_Buffer_Sampling,Absence_Control,NEG-00671,Spatial_Absence_Control,https://apdamitra.in/data/absence,Buffered >= 0.1 deg from positive slides,VALID_NEGATIVE_ABSENCE,94,7.3,271.4,-0.017,0
APDA-NEG-00672,2000-07-08,2000-07-08 12:00:00,2000,Meghalaya,25.8568,90.0756,Absence Control: Phulbari River Plain,Phulbari River Plain,Point verified absence,None,None,None,Low-slope plain / valley basin,0,0,Apda_Mitra_Spatial_Buffer_Sampling,Absence_Control,NEG-00672,Spatial_Absence_Control,https://apdamitra.in/data/absence,Buffered >= 0.1 deg from positive slides,VALID_NEGATIVE_ABSENCE,33,2.0,39.8,-0.0179,0
APDA-NEG-00673,2017-06-26,2017-06-26 12:00:00,2017,Meghalaya,25.8816,90.0388,Absence Control: Phulbari River Plain,Phulbari River Plain,Point verified absence,None,None,None,Low-slope plain / valley basin,0,0,Apda_Mitra_Spatial_Buffer_Sampling,Absence_Control,NEG-00673,Spatial_Absence_Control,https://apdamitra.in/data/absence,Buffered >= 0.1 deg from positive slides,VALID_NEGATIVE_ABSENCE,40,3.8,238.0,-0.0163,0
APDA-NEG-00674,2006-06-24,2006-06-24 12:00:00,2006,Meghalaya,25.8657,90.2117,Absence Control: Tikrikilla Lowland Plain,Tikrikilla Lowland Plain,Point verified absence,None,None,None,Low-slope plain / valley basin,0,0,Apda_Mitra_Spatial_Buffer_Sampling,Absence_Control,NEG-00674,Spatial_Absence_Control,https://apdamitra.in/data/absence,Buffered >= 0.1 deg from positive slides,VALID_NEGATIVE_ABSENCE,79,5.1,104.7,-0.0143,0
APDA-NEG-00675,2006-06-05,2006-06-05 12:00:00,2006,Meghalaya,25.9571,90.0785,Absence Control: Phulbari River Plain,Phulbari River Plain,Point verified absence,None,None,None,Low-slope plain / valley basin,0,0,Apda_Mitra_Spatial_Buffer_Sampling,Absence_Control,NEG-00675,Spatial_Absence_Control,https://apdamitra.in/data/absence,Buffered >= 0.1 deg from positive slides,VALID_NEGATIVE_ABSENCE,66,2.6,341.7,-0.0157,0
APDA-NEG-00676,2004-07-14,2004-07-14 12:00:00,2004,Meghalaya,25.8727,90.1429,Absence Control: Tikrikilla Lowland Plain,Tikrikilla Lowland Plain,Point verified absence,None,None,None,Low-slope plain / valley basin,0,0,Apda_Mitra_Spatial_Buffer_Sampling,Absence_Control,NEG-00676,Spatial_Absence_Control,https://apdamitra.in/data/absence,Buffered >= 0.1 deg from positive slides,VALID_NEGATIVE_ABSENCE,89,6.3,346.1,0.0047,0
APDA-NEG-00677,1998-06-13,1998-06-13 12:00:00,1998,Meghalaya,25.9196,89.9996,Absence Control: Phulbari River Plain,Phulbari River Plain,Point verified absence,None,None,None,Low-slope plain / valley basin,0,0,Apda_Mitra_Spatial_Buffer_Sampling,Absence_Control,NEG-00677,Spatial_Absence_Control,https://apdamitra.in/data/absence,Buffered >= 0.1 deg from positive slides,VALID_NEGATIVE_ABSENCE,51,2.4,18.4,-0.0089,0
APDA-NEG-00678,1998-01-25,1998-01-25 12:00:00,1998,Meghalaya,25.944,90.2077,Absence Control: Tikrikilla Lowland Plain,Tikrikilla Lowland Plain,Point verified absence,None,None,None,Low-slope plain / valley basin,0,0,Apda_Mitra_Spatial_Buffer_Sampling,Absence_Control,NEG-00678,Spatial_Absence_Control,https://apdamitra.in/data/absence,Buffered >= 0.1 deg from positive slides,VALID_NEGATIVE_ABSENCE,90,5.6,290.9,-0.0112,0
APDA-NEG-00679,1999-08-08,1999-08-08 12:00:00,1999,Meghalaya,25.8904,90.013,Absence Control: Phulbari River Plain,Phulbari River Plain,Point verified absence,None,None,None,Low-slope plain / valley basin,0,0,Apda_Mitra_Spatial_Buffer_Sampling,Absence_Control,NEG-00679,Spatial_Absence_Control,https://apdamitra.in/data/absence,Buffered >= 0.1 deg from positive slides,VALID_NEGATIVE_ABSENCE,57,2.0,123.1,-0.0092,0
APDA-NEG-00680,1996-12-08,1996-12-08 12:00:00,1996,Meghalaya,25.853,90.1715,Absence Control: Tikrikilla Lowland Plain,Tikrikilla Lowland Plain,Point verified absence,None,None,None,Low-slope plain / valley basin,0,0,Apda_Mitra_Spatial_Buffer_Sampling,Absence_Control,NEG-00680,Spatial_Absence_Control,https://apdamitra.in/data/absence,Buffered >= 0.1 deg from positive slides,VALID_NEGATIVE_ABSENCE,90,6.9,28.3,0.0026,0
APDA-NEG-00681,1996-12-08,1996-12-08 12:00:00,1996,Meghalaya,25.9441,90.1618,Absence Control: Tikrikilla Lowland Plain,Tikrikilla Lowland Plain,Point verified absence,None,None,None,Low-slope plain / valley basin,0,0,Apda_Mitra_Spatial_Buffer_Sampling,Absence_Control,NEG-00681,Spatial_Absence_Control,https://apdamitra.in/data/absence,Buffered >= 0.1 deg from positive slides,VALID_NEGATIVE_ABSENCE,105,6.7,315.3,0.0028,0
APDA-NEG-00682,2003-10-25,2003-10-25 12:00:00,2003,Meghalaya,25.9459,90.144,Absence Control: Tikrikilla Lowland Plain,Tikrikilla Lowland Plain,Point verified absence,None,None,None,Low-slope plain / valley basin,0,0,Apda_Mitra_Spatial_Buffer_Sampling,Absence_Control,NEG-00682,Spatial_Absence_Control,https://apdamitra.in/data/absence,Buffered >= 0.1 deg from positive slides,VALID_NEGATIVE_ABSENCE,75,7.0,233.2,-0.013,0
APDA-NEG-00683,2000-05-03,2000-05-03 12:00:00,2000,Meghalaya,25.9219,90.0742,Absence Control: Phulbari River Plain,Phulbari River Plain,Point verified absence,None,None,None,Low-slope plain / valley basin,0,0,Apda_Mitra_Spatial_Buffer_Sampling,Absence_Control,NEG-00683,Spatial_Absence_Control,https://apdamitra.in/data/absence,Buffered >= 0.1 deg from positive slides,VALID_NEGATIVE_ABSENCE,74,2.7,305.0,-0.0038,0
APDA-NEG-00684,2011-11-14,2011-11-14 12:00:00,2011,Meghalaya,25.9334,90.072,Absence Control: Phulbari River Plain,Phulbari River Plain,Point verified absence,None,None,None,Low-slope plain / valley basin,0,0,Apda_Mitra_Spatial_Buffer_Sampling,Absence_Control,NEG-00684,Spatial_Absence_Control,https://apdamitra.in/data/absence,Buffered >= 0.1 deg from positive slides,VALID_NEGATIVE_ABSENCE,67,2.3,199.6,0.0101,0
APDA-NEG-00685,1996-07-18,1996-07-18 12:00:00,1996,Meghalaya,25.8579,90.1713,Absence Control: Tikrikilla Lowland Plain,Tikrikilla Lowland Plain,Point verified absence,None,None,None,Low-slope plain / valley basin,0,0,Apda_Mitra_Spatial_Buffer_Sampling,Absence_Control,NEG-00685,Spatial_Absence_Control,https://apdamitra.in/data/absence,Buffered >= 0.1 deg from positive slides,VALID_NEGATIVE_ABSENCE,86,5.3,159.6,0.0193,0
APDA-NEG-00686,2004-06-24,2004-06-24 12:00:00,2004,Meghalaya,25.9166,90.2005,Absence Control: Tikrikilla Lowland Plain,Tikrikilla Lowland Plain,Point verified absence,None,None,None,Low-slope plain / valley basin,0,0,Apda_Mitra_Spatial_Buffer_Sampling,Absence_Control,NEG-00686,Spatial_Absence_Control,https://apdamitra.in/data/absence,Buffered >= 0.1 deg from positive slides,VALID_NEGATIVE_ABSENCE,78,6.2,88.5,0.0043,0
APDA-NEG-00687,2010-04-18,2010-04-18 12:00:00,2010,Meghalaya,25.9297,90.002,Absence Control: Phulbari River Plain,Phulbari River Plain,Point verified absence,None,None,None,Low-slope plain / valley basin,0,0,Apda_Mitra_Spatial_Buffer_Sampling,Absence_Control,NEG-00687,Spatial_Absence_Control,https://apdamitra.in/data/absence,Buffered >= 0.1 deg from positive slides,VALID_NEGATIVE_ABSENCE,33,1.9,49.1,-0.0106,0
APDA-NEG-00688,2010-06-06,2010-06-06 12:00:00,2010,Meghalaya,25.8943,90.1783,Absence Control: Tikrikilla Lowland Plain,Tikrikilla Lowland Plain,Point verified absence,None,None,None,Low-slope plain / valley basin,0,0,Apda_Mitra_Spatial_Buffer_Sampling,Absence_Control,NEG-00688,Spatial_Absence_Control,https://apdamitra.in/data/absence,Buffered >= 0.1 deg from positive slides,VALID_NEGATIVE_ABSENCE,109,6.7,122.2,-0.0048,0
APDA-NEG-00689,2003-06-07,2003-06-07 12:00:00,2003,Meghalaya,25.8508,89.967,Absence Control: Phulbari River Plain,Phulbari River Plain,Point verified absence,None,None,None,Low-slope plain / valley basin,0,0,Apda_Mitra_Spatial_Buffer_Sampling,Absence_Control,NEG-00689,Spatial_Absence_Control,https://apdamitra.in/data/absence,Buffered >= 0.1 deg from positive slides,VALID_NEGATIVE_ABSENCE,65,1.9,311.0,0.0151,0
APDA-NEG-00690,2019-06-12,2019-06-12 12:00:00,2019,Meghalaya,25.9319,89.991,Absence Control: Phulbari River Plain,Phulbari River Plain,Point verified absence,None,None,None,Low-slope plain / valley basin,0,0,Apda_Mitra_Spatial_Buffer_Sampling,Absence_Control,NEG-00690,Spatial_Absence_Control,https://apdamitra.in/data/absence,Buffered >= 0.1 deg from positive slides,VALID_NEGATIVE_ABSENCE,33,2.5,40.2,0.0074,0
APDA-NEG-00691,2018-02-18,2018-02-18 12:00:00,2018,Meghalaya,25.9341,89.9985,Absence Control: Phulbari River Plain,Phulbari River Plain,Point verified absence,None,None,None,Low-slope plain / valley basin,0,0,Apda_Mitra_Spatial_Buffer_Sampling,Absence_Control,NEG-00691,Spatial_Absence_Control,https://apdamitra.in/data/absence,Buffered >= 0.1 deg from positive slides,VALID_NEGATIVE_ABSENCE,59,1.6,264.5,0.0189,0
APDA-NEG-00692,2001-06-01,2001-06-01 12:00:00,2001,Meghalaya,25.928,90.077,Absence Control: Phulbari River Plain,Phulbari River Plain,Point verified absence,None,None,None,Low-slope plain / valley basin,0,0,Apda_Mitra_Spatial_Buffer_Sampling,Absence_Control,NEG-00692,Spatial_Absence_Control,https://apdamitra.in/data/absence,Buffered >= 0.1 deg from positive slides,VALID_NEGATIVE_ABSENCE,37,3.7,353.2,-0.0139,0
APDA-NEG-00693,2018-03-15,2018-03-15 12:00:00,2018,Meghalaya,25.9398,90.0047,Absence Control: Phulbari River Plain,Phulbari River Plain,Point verified absence,None,None,None,Low-slope plain / valley basin,0,0,Apda_Mitra_Spatial_Buffer_Sampling,Absence_Control,NEG-00693,Spatial_Absence_Control,https://apdamitra.in/data/absence,Buffered >= 0.1 deg from positive slides,VALID_NEGATIVE_ABSENCE,63,2.2,146.9,-0.0133,0
APDA-NEG-00694,2003-04-06,2003-04-06 12:00:00,2003,Meghalaya,25.9039,90.005,Absence Control: Phulbari River Plain,Phulbari River Plain,Point verified absence,None,None,None,Low-slope plain / valley basin,0,0,Apda_Mitra_Spatial_Buffer_Sampling,Absence_Control,NEG-00694,Spatial_Absence_Control,https://apdamitra.in/data/absence,Buffered >= 0.1 deg from positive slides,VALID_NEGATIVE_ABSENCE,44,3.7,157.6,0.0026,0
APDA-NEG-00695,1997-09-12,1997-09-12 12:00:00,1997,Meghalaya,25.8642,90.1881,Absence Control: Tikrikilla Lowland Plain,Tikrikilla Lowland Plain,Point verified absence,None,None,None,Low-slope plain / valley basin,0,0,Apda_Mitra_Spatial_Buffer_Sampling,Absence_Control,NEG-00695,Spatial_Absence_Control,https://apdamitra.in/data/absence,Buffered >= 0.1 deg from positive slides,VALID_NEGATIVE_ABSENCE,87,7.1,203.5,0.0031,0
APDA-NEG-00696,2003-05-23,2003-05-23 12:00:00,2003,Meghalaya,25.8693,90.161,Absence Control: Tikrikilla Lowland Plain,Tikrikilla Lowland Plain,Point verified absence,None,None,None,Low-slope plain / valley basin,0,0,Apda_Mitra_Spatial_Buffer_Sampling,Absence_Control,NEG-00696,Spatial_Absence_Control,https://apdamitra.in/data/absence,Buffered >= 0.1 deg from positive slides,VALID_NEGATIVE_ABSENCE,94,5.2,142.8,-0.0166,0
APDA-NEG-00697,2019-07-13,2019-07-13 12:00:00,2019,Meghalaya,25.853,90.1196,Absence Control: Tikrikilla Lowland Plain,Tikrikilla Lowland Plain,Point verified absence,None,None,None,Low-slope plain / valley basin,0,0,Apda_Mitra_Spatial_Buffer_Sampling,Absence_Control,NEG-00697,Spatial_Absence_Control,https://apdamitra.in/data/absence,Buffered >= 0.1 deg from positive slides,VALID_NEGATIVE_ABSENCE,120,7.4,41.9,-0.0047,0
APDA-NEG-00698,2017-06-09,2017-06-09 12:00:00,2017,Meghalaya,25.8893,90.0767,Absence Control: Phulbari River Plain,Phulbari River Plain,Point verified absence,None,None,None,Low-slope plain / valley basin,0,0,Apda_Mitra_Spatial_Buffer_Sampling,Absence_Control,NEG-00698,Spatial_Absence_Control,https://apdamitra.in/data/absence,Buffered >= 0.1 deg from positive slides,VALID_NEGATIVE_ABSENCE,60,3.4,91.0,0.0147,0
APDA-NEG-00699,2006-03-25,2006-03-25 12:00:00,2006,Meghalaya,25.9095,90.0072,Absence Control: Phulbari River Plain,Phulbari River Plain,Point verified absence,None,None,None,Low-slope plain / valley basin,0,0,Apda_Mitra_Spatial_Buffer_Sampling,Absence_Control,NEG-00699,Spatial_Absence_Control,https://apdamitra.in/data/absence,Buffered >= 0.1 deg from positive slides,VALID_NEGATIVE_ABSENCE,32,3.9,299.1,0.0062,0
APDA-NEG-00700,2010-02-01,2010-02-01 12:00:00,2010,Meghalaya,25.9413,90.0687,Absence Control: Phulbari River Plain,Phulbari River Plain,Point verified absence,None,None,None,Low-slope plain / valley basin,0,0,Apda_Mitra_Spatial_Buffer_Sampling,Absence_Control,NEG-00700,Spatial_Absence_Control,https://apdamitra.in/data/absence,Buffered >= 0.1 deg from positive slides,VALID_NEGATIVE_ABSENCE,66,3.7,111.8,-0.0074,0
APDA-NEG-00701,1998-09-19,1998-09-19 12:00:00,1998,Meghalaya,25.8597,90.2035,Absence Control: Tikrikilla Lowland Plain,Tikrikilla Lowland Plain,Point verified absence,None,None,None,Low-slope plain / valley basin,0,0,Apda_Mitra_Spatial_Buffer_Sampling,Absence_Control,NEG-00701,Spatial_Absence_Control,https://apdamitra.in/data/absence,Buffered >= 0.1 deg from positive slides,VALID_NEGATIVE_ABSENCE,99,6.3,247.4,0.0032,0
APDA-NEG-00702,2012-06-07,2012-06-07 12:00:00,2012,Meghalaya,25.8509,90.0792,Absence Control: Phulbari River Plain,Phulbari River Plain,Point verified absence,None,None,None,Low-slope plain / valley basin,0,0,Apda_Mitra_Spatial_Buffer_Sampling,Absence_Control,NEG-00702,Spatial_Absence_Control,https://apdamitra.in/data/absence,Buffered >= 0.1 deg from positive slides,VALID_NEGATIVE_ABSENCE,49,2.3,356.1,-0.0052,0
APDA-NEG-00703,2017-08-18,2017-08-18 12:00:00,2017,Meghalaya,25.9663,90.0785,Absence Control: Phulbari River Plain,Phulbari River Plain,Point verified absence,None,None,None,Low-slope plain / valley basin,0,0,Apda_Mitra_Spatial_Buffer_Sampling,Absence_Control,NEG-00703,Spatial_Absence_Control,https://apdamitra.in/data/absence,Buffered >= 0.1 deg from positive slides,VALID_NEGATIVE_ABSENCE,30,1.8,73.2,0.0069,0
APDA-NEG-00704,1996-06-25,1996-06-25 12:00:00,1996,Meghalaya,25.9031,90.0347,Absence Control: Phulbari River Plain,Phulbari River Plain,Point verified absence,None,None,None,Low-slope plain / valley basin,0,0,Apda_Mitra_Spatial_Buffer_Sampling,Absence_Control,NEG-00704,Spatial_Absence_Control,https://apdamitra.in/data/absence,Buffered >= 0.1 deg from positive slides,VALID_NEGATIVE_ABSENCE,66,3.7,79.0,-0.009,0
APDA-NEG-00705,2010-01-16,2010-01-16 12:00:00,2010,Meghalaya,25.96,90.0426,Absence Control: Phulbari River Plain,Phulbari River Plain,Point verified absence,None,None,None,Low-slope plain / valley basin,0,0,Apda_Mitra_Spatial_Buffer_Sampling,Absence_Control,NEG-00705,Spatial_Absence_Control,https://apdamitra.in/data/absence,Buffered >= 0.1 deg from positive slides,VALID_NEGATIVE_ABSENCE,71,2.2,248.1,0.0091,0
APDA-NEG-00706,1996-05-17,1996-05-17 12:00:00,1996,Meghalaya,25.8481,90.1485,Absence Control: Tikrikilla Lowland Plain,Tikrikilla Lowland Plain,Point verified absence,None,None,None,Low-slope plain / valley basin,0,0,Apda_Mitra_Spatial_Buffer_Sampling,Absence_Control,NEG-00706,Spatial_Absence_Control,https://apdamitra.in/data/absence,Buffered >= 0.1 deg from positive slides,VALID_NEGATIVE_ABSENCE,94,6.0,147.0,-0.0154,0
APDA-NEG-00707,2011-02-17,2011-02-17 12:00:00,2011,Meghalaya,25.9404,90.1269,Absence Control: Tikrikilla Lowland Plain,Tikrikilla Lowland Plain,Point verified absence,None,None,None,Low-slope plain / valley basin,0,0,Apda_Mitra_Spatial_Buffer_Sampling,Absence_Control,NEG-00707,Spatial_Absence_Control,https://apdamitra.in/data/absence,Buffered >= 0.1 deg from positive slides,VALID_NEGATIVE_ABSENCE,118,5.1,64.9,0.0131,0
APDA-NEG-00708,2019-09-27,2019-09-27 12:00:00,2019,Meghalaya,25.9334,90.0691,Absence Control: Phulbari River Plain,Phulbari River Plain,Point verified absence,None,None,None,Low-slope plain / valley basin,0,0,Apda_Mitra_Spatial_Buffer_Sampling,Absence_Control,NEG-00708,Spatial_Absence_Control,https://apdamitra.in/data/absence,Buffered >= 0.1 deg from positive slides,VALID_NEGATIVE_ABSENCE,31,3.8,31.7,-0.0107,0
APDA-NEG-00709,2011-03-08,2011-03-08 12:00:00,2011,Meghalaya,25.9088,90.0173,Absence Control: Phulbari River Plain,Phulbari River Plain,Point verified absence,None,None,None,Low-slope plain / valley basin,0,0,Apda_Mitra_Spatial_Buffer_Sampling,Absence_Control,NEG-00709,Spatial_Absence_Control,https://apdamitra.in/data/absence,Buffered >= 0.1 deg from positive slides,VALID_NEGATIVE_ABSENCE,32,2.5,287.9,0.015,0
APDA-NEG-00710,2015-11-22,2015-11-22 12:00:00,2015,Meghalaya,25.8932,90.1407,Absence Control: Tikrikilla Lowland Plain,Tikrikilla Lowland Plain,Point verified absence,None,None,None,Low-slope plain / valley basin,0,0,Apda_Mitra_Spatial_Buffer_Sampling,Absence_Control,NEG-00710,Spatial_Absence_Control,https://apdamitra.in/data/absence,Buffered >= 0.1 deg from positive slides,VALID_NEGATIVE_ABSENCE,75,7.0,135.0,-0.0143,0
APDA-NEG-00711,1997-07-25,1997-07-25 12:00:00,1997,Nagaland,25.9601,93.7071,Absence Control: Dimapur Dhansiri Plain,Dimapur Dhansiri Plain,Point verified absence,None,None,None,Low-slope plain / valley basin,0,0,Apda_Mitra_Spatial_Buffer_Sampling,Absence_Control,NEG-00711,Spatial_Absence_Control,https://apdamitra.in/data/absence,Buffered >= 0.1 deg from positive slides,VALID_NEGATIVE_ABSENCE,139,3.2,240.9,0.0187,0
APDA-NEG-00712,2011-10-16,2011-10-16 12:00:00,2011,Nagaland,25.8557,93.6924,Absence Control: Dimapur Dhansiri Plain,Dimapur Dhansiri Plain,Point verified absence,None,None,None,Low-slope plain / valley basin,0,0,Apda_Mitra_Spatial_Buffer_Sampling,Absence_Control,NEG-00712,Spatial_Absence_Control,https://apdamitra.in/data/absence,Buffered >= 0.1 deg from positive slides,VALID_NEGATIVE_ABSENCE,126,2.7,75.3,0.0033,0
APDA-NEG-00713,2004-11-15,2004-11-15 12:00:00,2004,Nagaland,25.8835,93.7221,Absence Control: Dimapur Dhansiri Plain,Dimapur Dhansiri Plain,Point verified absence,None,None,None,Low-slope plain / valley basin,0,0,Apda_Mitra_Spatial_Buffer_Sampling,Absence_Control,NEG-00713,Spatial_Absence_Control,https://apdamitra.in/data/absence,Buffered >= 0.1 deg from positive slides,VALID_NEGATIVE_ABSENCE,164,3.7,74.6,0.0149,0
APDA-NEG-00714,2004-06-01,2004-06-01 12:00:00,2004,Nagaland,25.8675,93.6948,Absence Control: Dimapur Dhansiri Plain,Dimapur Dhansiri Plain,Point verified absence,None,None,None,Low-slope plain / valley basin,0,0,Apda_Mitra_Spatial_Buffer_Sampling,Absence_Control,NEG-00714,Spatial_Absence_Control,https://apdamitra.in/data/absence,Buffered >= 0.1 deg from positive slides,VALID_NEGATIVE_ABSENCE,143,4.2,294.6,0.0159,0
APDA-NEG-00715,2016-09-09,2016-09-09 12:00:00,2016,Nagaland,25.9361,93.6823,Absence Control: Dimapur Dhansiri Plain,Dimapur Dhansiri Plain,Point verified absence,None,None,None,Low-slope plain / valley basin,0,0,Apda_Mitra_Spatial_Buffer_Sampling,Absence_Control,NEG-00715,Spatial_Absence_Control,https://apdamitra.in/data/absence,Buffered >= 0.1 deg from positive slides,VALID_NEGATIVE_ABSENCE,173,4.5,226.6,0.0037,0
APDA-NEG-00716,2012-12-20,2012-12-20 12:00:00,2012,Nagaland,25.9535,93.6734,Absence Control: Dimapur Dhansiri Plain,Dimapur Dhansiri Plain,Point verified absence,None,None,None,Low-slope plain / valley basin,0,0,Apda_Mitra_Spatial_Buffer_Sampling,Absence_Control,NEG-00716,Spatial_Absence_Control,https://apdamitra.in/data/absence,Buffered >= 0.1 deg from positive slides,VALID_NEGATIVE_ABSENCE,143,3.9,68.8,0.0128,0
APDA-NEG-00717,2020-02-26,2020-02-26 12:00:00,2020,Nagaland,25.9614,93.6764,Absence Control: Dimapur Dhansiri Plain,Dimapur Dhansiri Plain,Point verified absence,None,None,None,Low-slope plain / valley basin,0,0,Apda_Mitra_Spatial_Buffer_Sampling,Absence_Control,NEG-00717,Spatial_Absence_Control,https://apdamitra.in/data/absence,Buffered >= 0.1 deg from positive slides,VALID_NEGATIVE_ABSENCE,137,3.3,356.8,-0.015,0
APDA-NEG-00718,2019-05-11,2019-05-11 12:00:00,2019,Nagaland,25.9257,93.7473,Absence Control: Dimapur Dhansiri Plain,Dimapur Dhansiri Plain,Point verified absence,None,None,None,Low-slope plain / valley basin,0,0,Apda_Mitra_Spatial_Buffer_Sampling,Absence_Control,NEG-00718,Spatial_Absence_Control,https://apdamitra.in/data/absence,Buffered >= 0.1 deg from positive slides,VALID_NEGATIVE_ABSENCE,133,3.8,56.8,0.0124,0
APDA-NEG-00719,1997-11-21,1997-11-21 12:00:00,1997,Nagaland,25.9007,93.6766,Absence Control: Dimapur Dhansiri Plain,Dimapur Dhansiri Plain,Point verified absence,None,None,None,Low-slope plain / valley basin,0,0,Apda_Mitra_Spatial_Buffer_Sampling,Absence_Control,NEG-00719,Spatial_Absence_Control,https://apdamitra.in/data/absence,Buffered >= 0.1 deg from positive slides,VALID_NEGATIVE_ABSENCE,128,4.9,152.0,-0.0094,0
APDA-NEG-00720,2021-07-01,2021-07-01 12:00:00,2021,Nagaland,25.9511,93.7455,Absence Control: Dimapur Dhansiri Plain,Dimapur Dhansiri Plain,Point verified absence,None,None,None,Low-slope plain / valley basin,0,0,Apda_Mitra_Spatial_Buffer_Sampling,Absence_Control,NEG-00720,Spatial_Absence_Control,https://apdamitra.in/data/absence,Buffered >= 0.1 deg from positive slides,VALID_NEGATIVE_ABSENCE,141,4.3,215.0,0.0107,0
APDA-NEG-00721,2013-09-17,2013-09-17 12:00:00,2013,Nagaland,25.9128,93.6768,Absence Control: Dimapur Dhansiri Plain,Dimapur Dhansiri Plain,Point verified absence,None,None,None,Low-slope plain / valley basin,0,0,Apda_Mitra_Spatial_Buffer_Sampling,Absence_Control,NEG-00721,Spatial_Absence_Control,https://apdamitra.in/data/absence,Buffered >= 0.1 deg from positive slides,VALID_NEGATIVE_ABSENCE,163,4.5,226.6,-0.0132,0
APDA-NEG-00722,2010-10-03,2010-10-03 12:00:00,2010,Nagaland,25.9462,93.7541,Absence Control: Dimapur Dhansiri Plain,Dimapur Dhansiri Plain,Point verified absence,None,None,None,Low-slope plain / valley basin,0,0,Apda_Mitra_Spatial_Buffer_Sampling,Absence_Control,NEG-00722,Spatial_Absence_Control,https://apdamitra.in/data/absence,Buffered >= 0.1 deg from positive slides,VALID_NEGATIVE_ABSENCE,166,4.2,310.4,0.0154,0
APDA-NEG-00723,2020-04-03,2020-04-03 12:00:00,2020,Nagaland,25.926,93.6942,Absence Control: Dimapur Dhansiri Plain,Dimapur Dhansiri Plain,Point verified absence,None,None,None,Low-slope plain / valley basin,0,0,Apda_Mitra_Spatial_Buffer_Sampling,Absence_Control,NEG-00723,Spatial_Absence_Control,https://apdamitra.in/data/absence,Buffered >= 0.1 deg from positive slides,VALID_NEGATIVE_ABSENCE,129,2.8,153.2,0.0077,0
APDA-NEG-00724,2017-06-26,2017-06-26 12:00:00,2017,Nagaland,25.9379,93.7204,Absence Control: Dimapur Dhansiri Plain,Dimapur Dhansiri Plain,Point verified absence,None,None,None,Low-slope plain / valley basin,0,0,Apda_Mitra_Spatial_Buffer_Sampling,Absence_Control,NEG-00724,Spatial_Absence_Control,https://apdamitra.in/data/absence,Buffered >= 0.1 deg from positive slides,VALID_NEGATIVE_ABSENCE,172,2.7,324.4,0.016,0
APDA-NEG-00725,2013-07-21,2013-07-21 12:00:00,2013,Nagaland,25.935,93.7409,Absence Control: Dimapur Dhansiri Plain,Dimapur Dhansiri Plain,Point verified absence,None,None,None,Low-slope plain / valley basin,0,0,Apda_Mitra_Spatial_Buffer_Sampling,Absence_Control,NEG-00725,Spatial_Absence_Control,https://apdamitra.in/data/absence,Buffered >= 0.1 deg from positive slides,VALID_NEGATIVE_ABSENCE,172,2.9,188.5,0.0006,0
APDA-NEG-00726,1995-03-18,1995-03-18 12:00:00,1995,Nagaland,25.9574,93.7803,Absence Control: Dimapur Dhansiri Plain,Dimapur Dhansiri Plain,Point verified absence,None,None,None,Low-slope plain / valley basin,0,0,Apda_Mitra_Spatial_Buffer_Sampling,Absence_Control,NEG-00726,Spatial_Absence_Control,https://apdamitra.in/data/absence,Buffered >= 0.1 deg from positive slides,VALID_NEGATIVE_ABSENCE,167,4.7,146.4,0.0059,0
APDA-NEG-00727,2020-11-16,2020-11-16 12:00:00,2020,Nagaland,25.8696,93.6726,Absence Control: Dimapur Dhansiri Plain,Dimapur Dhansiri Plain,Point verified absence,None,None,None,Low-slope plain / valley basin,0,0,Apda_Mitra_Spatial_Buffer_Sampling,Absence_Control,NEG-00727,Spatial_Absence_Control,https://apdamitra.in/data/absence,Buffered >= 0.1 deg from positive slides,VALID_NEGATIVE_ABSENCE,125,4.3,275.9,-0.0128,0
APDA-NEG-00728,2005-10-03,2005-10-03 12:00:00,2005,Nagaland,25.9516,93.6753,Absence Control: Dimapur Dhansiri Plain,Dimapur Dhansiri Plain,Point verified absence,None,None,None,Low-slope plain / valley basin,0,0,Apda_Mitra_Spatial_Buffer_Sampling,Absence_Control,NEG-00728,Spatial_Absence_Control,https://apdamitra.in/data/absence,Buffered >= 0.1 deg from positive slides,VALID_NEGATIVE_ABSENCE,173,4.1,288.6,0.019,0
APDA-NEG-00729,2009-01-22,2009-01-22 12:00:00,2009,Nagaland,25.8834,93.6927,Absence Control: Dimapur Dhansiri Plain,Dimapur Dhansiri Plain,Point verified absence,None,None,None,Low-slope plain / valley basin,0,0,Apda_Mitra_Spatial_Buffer_Sampling,Absence_Control,NEG-00729,Spatial_Absence_Control,https://apdamitra.in/data/absence,Buffered >= 0.1 deg from positive slides,VALID_NEGATIVE_ABSENCE,147,3.4,268.7,-0.004,0
APDA-NEG-00730,2009-04-28,2009-04-28 12:00:00,2009,Nagaland,25.9091,93.7299,Absence Control: Dimapur Dhansiri Plain,Dimapur Dhansiri Plain,Point verified absence,None,None,None,Low-slope plain / valley basin,0,0,Apda_Mitra_Spatial_Buffer_Sampling,Absence_Control,NEG-00730,Spatial_Absence_Control,https://apdamitra.in/data/absence,Buffered >= 0.1 deg from positive slides,VALID_NEGATIVE_ABSENCE,153,4.0,46.4,-0.0015,0
APDA-NEG-00731,2005-03-22,2005-03-22 12:00:00,2005,Nagaland,25.9607,93.6762,Absence Control: Dimapur Dhansiri Plain,Dimapur Dhansiri Plain,Point verified absence,None,None,None,Low-slope plain / valley basin,0,0,Apda_Mitra_Spatial_Buffer_Sampling,Absence_Control,NEG-00731,Spatial_Absence_Control,https://apdamitra.in/data/absence,Buffered >= 0.1 deg from positive slides,VALID_NEGATIVE_ABSENCE,160,4.9,17.5,-0.0188,0
APDA-NEG-00732,1996-08-03,1996-08-03 12:00:00,1996,Nagaland,25.9331,93.6931,Absence Control: Dimapur Dhansiri Plain,Dimapur Dhansiri Plain,Point verified absence,None,None,None,Low-slope plain / valley basin,0,0,Apda_Mitra_Spatial_Buffer_Sampling,Absence_Control,NEG-00732,Spatial_Absence_Control,https://apdamitra.in/data/absence,Buffered >= 0.1 deg from positive slides,VALID_NEGATIVE_ABSENCE,139,3.1,108.4,-0.001,0
APDA-NEG-00733,2007-06-23,2007-06-23 12:00:00,2007,Nagaland,25.8919,93.6947,Absence Control: Dimapur Dhansiri Plain,Dimapur Dhansiri Plain,Point verified absence,None,None,None,Low-slope plain / valley basin,0,0,Apda_Mitra_Spatial_Buffer_Sampling,Absence_Control,NEG-00733,Spatial_Absence_Control,https://apdamitra.in/data/absence,Buffered >= 0.1 deg from positive slides,VALID_NEGATIVE_ABSENCE,171,2.7,268.1,0.0114,0
APDA-NEG-00734,2012-05-11,2012-05-11 12:00:00,2012,Nagaland,25.962,93.7657,Absence Control: Dimapur Dhansiri Plain,Dimapur Dhansiri Plain,Point verified absence,None,None,None,Low-slope plain / valley basin,0,0,Apda_Mitra_Spatial_Buffer_Sampling,Absence_Control,NEG-00734,Spatial_Absence_Control,https://apdamitra.in/data/absence,Buffered >= 0.1 deg from positive slides,VALID_NEGATIVE_ABSENCE,127,4.0,186.9,0.0011,0
APDA-NEG-00735,2013-02-06,2013-02-06 12:00:00,2013,Nagaland,25.8734,93.6722,Absence Control: Dimapur Dhansiri Plain,Dimapur Dhansiri Plain,Point verified absence,None,None,None,Low-slope plain / valley basin,0,0,Apda_Mitra_Spatial_Buffer_Sampling,Absence_Control,NEG-00735,Spatial_Absence_Control,https://apdamitra.in/data/absence,Buffered >= 0.1 deg from positive slides,VALID_NEGATIVE_ABSENCE,153,4.5,3.6,0.0037,0
APDA-NEG-00736,2009-05-10,2009-05-10 12:00:00,2009,Nagaland,25.8807,93.675,Absence Control: Dimapur Dhansiri Plain,Dimapur Dhansiri Plain,Point verified absence,None,None,None,Low-slope plain / valley basin,0,0,Apda_Mitra_Spatial_Buffer_Sampling,Absence_Control,NEG-00736,Spatial_Absence_Control,https://apdamitra.in/data/absence,Buffered >= 0.1 deg from positive slides,VALID_NEGATIVE_ABSENCE,152,3.1,64.4,-0.0104,0
APDA-NEG-00737,2020-05-14,2020-05-14 12:00:00,2020,Nagaland,25.9089,93.675,Absence Control: Dimapur Dhansiri Plain,Dimapur Dhansiri Plain,Point verified absence,None,None,None,Low-slope plain / valley basin,0,0,Apda_Mitra_Spatial_Buffer_Sampling,Absence_Control,NEG-00737,Spatial_Absence_Control,https://apdamitra.in/data/absence,Buffered >= 0.1 deg from positive slides,VALID_NEGATIVE_ABSENCE,161,4.0,243.9,-0.0018,0
APDA-NEG-00738,2010-02-25,2010-02-25 12:00:00,2010,Nagaland,25.8978,93.7137,Absence Control: Dimapur Dhansiri Plain,Dimapur Dhansiri Plain,Point verified absence,None,None,None,Low-slope plain / valley basin,0,0,Apda_Mitra_Spatial_Buffer_Sampling,Absence_Control,NEG-00738,Spatial_Absence_Control,https://apdamitra.in/data/absence,Buffered >= 0.1 deg from positive slides,VALID_NEGATIVE_ABSENCE,127,3.2,234.1,0.0178,0
APDA-NEG-00739,1997-02-22,1997-02-22 12:00:00,1997,Nagaland,25.9531,93.6983,Absence Control: Dimapur Dhansiri Plain,Dimapur Dhansiri Plain,Point verified absence,None,None,None,Low-slope plain / valley basin,0,0,Apda_Mitra_Spatial_Buffer_Sampling,Absence_Control,NEG-00739,Spatial_Absence_Control,https://apdamitra.in/data/absence,Buffered >= 0.1 deg from positive slides,VALID_NEGATIVE_ABSENCE,151,3.9,244.9,-0.0048,0
APDA-NEG-00740,2013-07-25,2013-07-25 12:00:00,2013,Nagaland,25.9445,93.7157,Absence Control: Dimapur Dhansiri Plain,Dimapur Dhansiri Plain,Point verified absence,None,None,None,Low-slope plain / valley basin,0,0,Apda_Mitra_Spatial_Buffer_Sampling,Absence_Control,NEG-00740,Spatial_Absence_Control,https://apdamitra.in/data/absence,Buffered >= 0.1 deg from positive slides,VALID_NEGATIVE_ABSENCE,161,4.8,58.7,-0.0162,0
APDA-NEG-00741,1996-12-05,1996-12-05 12:00:00,1996,Nagaland,25.8978,93.6964,Absence Control: Dimapur Dhansiri Plain,Dimapur Dhansiri Plain,Point verified absence,None,None,None,Low-slope plain / valley basin,0,0,Apda_Mitra_Spatial_Buffer_Sampling,Absence_Control,NEG-00741,Spatial_Absence_Control,https://apdamitra.in/data/absence,Buffered >= 0.1 deg from positive slides,VALID_NEGATIVE_ABSENCE,136,4.4,128.6,0.0117,0
APDA-NEG-00742,2004-12-02,2004-12-02 12:00:00,2004,Nagaland,25.954,93.725,Absence Control: Dimapur Dhansiri Plain,Dimapur Dhansiri Plain,Point verified absence,None,None,None,Low-slope plain / valley basin,0,0,Apda_Mitra_Spatial_Buffer_Sampling,Absence_Control,NEG-00742,Spatial_Absence_Control,https://apdamitra.in/data/absence,Buffered >= 0.1 deg from positive slides,VALID_NEGATIVE_ABSENCE,172,3.2,182.4,-0.017,0
APDA-NEG-00743,2011-02-06,2011-02-06 12:00:00,2011,Nagaland,25.8788,93.682,Absence Control: Dimapur Dhansiri Plain,Dimapur Dhansiri Plain,Point verified absence,None,None,None,Low-slope plain / valley basin,0,0,Apda_Mitra_Spatial_Buffer_Sampling,Absence_Control,NEG-00743,Spatial_Absence_Control,https://apdamitra.in/data/absence,Buffered >= 0.1 deg from positive slides,VALID_NEGATIVE_ABSENCE,136,3.0,265.9,0.0075,0
APDA-NEG-00744,2009-07-06,2009-07-06 12:00:00,2009,Nagaland,25.9597,93.7772,Absence Control: Dimapur Dhansiri Plain,Dimapur Dhansiri Plain,Point verified absence,None,None,None,Low-slope plain / valley basin,0,0,Apda_Mitra_Spatial_Buffer_Sampling,Absence_Control,NEG-00744,Spatial_Absence_Control,https://apdamitra.in/data/absence,Buffered >= 0.1 deg from positive slides,VALID_NEGATIVE_ABSENCE,125,3.8,152.2,-0.0143,0
APDA-NEG-00745,2019-09-07,2019-09-07 12:00:00,2019,Nagaland,25.964,93.7501,Absence Control: Dimapur Dhansiri Plain,Dimapur Dhansiri Plain,Point verified absence,None,None,None,Low-slope plain / valley basin,0,0,Apda_Mitra_Spatial_Buffer_Sampling,Absence_Control,NEG-00745,Spatial_Absence_Control,https://apdamitra.in/data/absence,Buffered >= 0.1 deg from positive slides,VALID_NEGATIVE_ABSENCE,151,3.0,341.4,0.0057,0
APDA-NEG-00746,2018-10-17,2018-10-17 12:00:00,2018,Nagaland,25.9582,93.6756,Absence Control: Dimapur Dhansiri Plain,Dimapur Dhansiri Plain,Point verified absence,None,None,None,Low-slope plain / valley basin,0,0,Apda_Mitra_Spatial_Buffer_Sampling,Absence_Control,NEG-00746,Spatial_Absence_Control,https://apdamitra.in/data/absence,Buffered >= 0.1 deg from positive slides,VALID_NEGATIVE_ABSENCE,148,3.6,236.3,-0.01,0
APDA-NEG-00747,2012-08-20,2012-08-20 12:00:00,2012,Nagaland,25.896,93.6711,Absence Control: Dimapur Dhansiri Plain,Dimapur Dhansiri Plain,Point verified absence,None,None,None,Low-slope plain / valley basin,0,0,Apda_Mitra_Spatial_Buffer_Sampling,Absence_Control,NEG-00747,Spatial_Absence_Control,https://apdamitra.in/data/absence,Buffered >= 0.1 deg from positive slides,VALID_NEGATIVE_ABSENCE,171,3.6,197.7,-0.0062,0
APDA-NEG-00748,1998-10-18,1998-10-18 12:00:00,1998,Nagaland,25.9432,93.7792,Absence Control: Dimapur Dhansiri Plain,Dimapur Dhansiri Plain,Point verified absence,None,None,None,Low-slope plain / valley basin,0,0,Apda_Mitra_Spatial_Buffer_Sampling,Absence_Control,NEG-00748,Spatial_Absence_Control,https://apdamitra.in/data/absence,Buffered >= 0.1 deg from positive slides,VALID_NEGATIVE_ABSENCE,155,3.7,195.2,-0.0096,0
APDA-NEG-00749,1999-09-12,1999-09-12 12:00:00,1999,Nagaland,25.8702,93.6931,Absence Control: Dimapur Dhansiri Plain,Dimapur Dhansiri Plain,Point verified absence,None,None,None,Low-slope plain / valley basin,0,0,Apda_Mitra_Spatial_Buffer_Sampling,Absence_Control,NEG-00749,Spatial_Absence_Control,https://apdamitra.in/data/absence,Buffered >= 0.1 deg from positive slides,VALID_NEGATIVE_ABSENCE,130,4.8,0.3,0.0062,0
APDA-NEG-00750,1998-05-13,1998-05-13 12:00:00,1998,Nagaland,25.8854,93.713,Absence Control: Dimapur Dhansiri Plain,Dimapur Dhansiri Plain,Point verified absence,None,None,None,Low-slope plain / valley basin,0,0,Apda_Mitra_Spatial_Buffer_Sampling,Absence_Control,NEG-00750,Spatial_Absence_Control,https://apdamitra.in/data/absence,Buffered >= 0.1 deg from positive slides,VALID_NEGATIVE_ABSENCE,145,3.1,109.2,-0.0009,0
APDA-NEG-00751,2016-05-28,2016-05-28 12:00:00,2016,Nagaland,25.8742,93.676,Absence Control: Dimapur Dhansiri Plain,Dimapur Dhansiri Plain,Point verified absence,None,None,None,Low-slope plain / valley basin,0,0,Apda_Mitra_Spatial_Buffer_Sampling,Absence_Control,NEG-00751,Spatial_Absence_Control,https://apdamitra.in/data/absence,Buffered >= 0.1 deg from positive slides,VALID_NEGATIVE_ABSENCE,143,4.0,23.8,0.0073,0
APDA-NEG-00752,2001-10-07,2001-10-07 12:00:00,2001,Nagaland,25.8846,93.6787,Absence Control: Dimapur Dhansiri Plain,Dimapur Dhansiri Plain,Point verified absence,None,None,None,Low-slope plain / valley basin,0,0,Apda_Mitra_Spatial_Buffer_Sampling,Absence_Control,NEG-00752,Spatial_Absence_Control,https://apdamitra.in/data/absence,Buffered >= 0.1 deg from positive slides,VALID_NEGATIVE_ABSENCE,158,3.0,180.0,-0.0184,0
APDA-NEG-00753,2009-01-09,2009-01-09 12:00:00,2009,Nagaland,25.9057,93.6863,Absence Control: Dimapur Dhansiri Plain,Dimapur Dhansiri Plain,Point verified absence,None,None,None,Low-slope plain / valley basin,0,0,Apda_Mitra_Spatial_Buffer_Sampling,Absence_Control,NEG-00753,Spatial_Absence_Control,https://apdamitra.in/data/absence,Buffered >= 0.1 deg from positive slides,VALID_NEGATIVE_ABSENCE,155,2.8,279.1,0.0134,0
APDA-NEG-00754,2013-10-22,2013-10-22 12:00:00,2013,Nagaland,25.9503,93.6936,Absence Control: Dimapur Dhansiri Plain,Dimapur Dhansiri Plain,Point verified absence,None,None,None,Low-slope plain / valley basin,0,0,Apda_Mitra_Spatial_Buffer_Sampling,Absence_Control,NEG-00754,Spatial_Absence_Control,https://apdamitra.in/data/absence,Buffered >= 0.1 deg from positive slides,VALID_NEGATIVE_ABSENCE,152,3.1,241.1,0.0056,0
APDA-NEG-00755,1997-03-13,1997-03-13 12:00:00,1997,Nagaland,25.9158,93.6989,Absence Control: Dimapur Dhansiri Plain,Dimapur Dhansiri Plain,Point verified absence,None,None,None,Low-slope plain / valley basin,0,0,Apda_Mitra_Spatial_Buffer_Sampling,Absence_Control,NEG-00755,Spatial_Absence_Control,https://apdamitra.in/data/absence,Buffered >= 0.1 deg from positive slides,VALID_NEGATIVE_ABSENCE,162,3.0,278.8,-0.0065,0
APDA-NEG-00756,2014-02-23,2014-02-23 12:00:00,2014,Nagaland,25.9523,93.7579,Absence Control: Dimapur Dhansiri Plain,Dimapur Dhansiri Plain,Point verified absence,None,None,None,Low-slope plain / valley basin,0,0,Apda_Mitra_Spatial_Buffer_Sampling,Absence_Control,NEG-00756,Spatial_Absence_Control,https://apdamitra.in/data/absence,Buffered >= 0.1 deg from positive slides,VALID_NEGATIVE_ABSENCE,137,5.0,112.7,-0.0172,0
APDA-NEG-00757,2010-04-02,2010-04-02 12:00:00,2010,Nagaland,25.9064,93.7514,Absence Control: Dimapur Dhansiri Plain,Dimapur Dhansiri Plain,Point verified absence,None,None,None,Low-slope plain / valley basin,0,0,Apda_Mitra_Spatial_Buffer_Sampling,Absence_Control,NEG-00757,Spatial_Absence_Control,https://apdamitra.in/data/absence,Buffered >= 0.1 deg from positive slides,VALID_NEGATIVE_ABSENCE,128,3.2,61.1,0.0173,0
APDA-NEG-00758,2011-11-23,2011-11-23 12:00:00,2011,Nagaland,25.8765,93.706,Absence Control: Dimapur Dhansiri Plain,Dimapur Dhansiri Plain,Point verified absence,None,None,None,Low-slope plain / valley basin,0,0,Apda_Mitra_Spatial_Buffer_Sampling,Absence_Control,NEG-00758,Spatial_Absence_Control,https://apdamitra.in/data/absence,Buffered >= 0.1 deg from positive slides,VALID_NEGATIVE_ABSENCE,137,3.0,49.5,-0.0162,0
APDA-NEG-00759,2005-01-25,2005-01-25 12:00:00,2005,Nagaland,25.9386,93.7342,Absence Control: Dimapur Dhansiri Plain,Dimapur Dhansiri Plain,Point verified absence,None,None,None,Low-slope plain / valley basin,0,0,Apda_Mitra_Spatial_Buffer_Sampling,Absence_Control,NEG-00759,Spatial_Absence_Control,https://apdamitra.in/data/absence,Buffered >= 0.1 deg from positive slides,VALID_NEGATIVE_ABSENCE,137,3.4,93.3,-0.0037,0
APDA-NEG-00760,1995-04-19,1995-04-19 12:00:00,1995,Nagaland,25.8922,93.6698,Absence Control: Dimapur Dhansiri Plain,Dimapur Dhansiri Plain,Point verified absence,None,None,None,Low-slope plain / valley basin,0,0,Apda_Mitra_Spatial_Buffer_Sampling,Absence_Control,NEG-00760,Spatial_Absence_Control,https://apdamitra.in/data/absence,Buffered >= 0.1 deg from positive slides,VALID_NEGATIVE_ABSENCE,145,4.2,358.1,-0.0158,0
APDA-NEG-00761,2014-06-22,2014-06-22 12:00:00,2014,Nagaland,25.9562,93.7709,Absence Control: Dimapur Dhansiri Plain,Dimapur Dhansiri Plain,Point verified absence,None,None,None,Low-slope plain / valley basin,0,0,Apda_Mitra_Spatial_Buffer_Sampling,Absence_Control,NEG-00761,Spatial_Absence_Control,https://apdamitra.in/data/absence,Buffered >= 0.1 deg from positive slides,VALID_NEGATIVE_ABSENCE,128,4.8,245.4,0.0135,0
APDA-NEG-00762,1998-04-27,1998-04-27 12:00:00,1998,Nagaland,25.9575,93.7759,Absence Control: Dimapur Dhansiri Plain,Dimapur Dhansiri Plain,Point verified absence,None,None,None,Low-slope plain / valley basin,0,0,Apda_Mitra_Spatial_Buffer_Sampling,Absence_Control,NEG-00762,Spatial_Absence_Control,https://apdamitra.in/data/absence,Buffered >= 0.1 deg from positive slides,VALID_NEGATIVE_ABSENCE,170,4.2,329.1,0.0192,0
APDA-NEG-00763,1995-09-03,1995-09-03 12:00:00,1995,Nagaland,25.9233,93.6977,Absence Control: Dimapur Dhansiri Plain,Dimapur Dhansiri Plain,Point verified absence,None,None,None,Low-slope plain / valley basin,0,0,Apda_Mitra_Spatial_Buffer_Sampling,Absence_Control,NEG-00763,Spatial_Absence_Control,https://apdamitra.in/data/absence,Buffered >= 0.1 deg from positive slides,VALID_NEGATIVE_ABSENCE,153,3.4,303.3,0.008,0
APDA-NEG-00764,2012-05-28,2012-05-28 12:00:00,2012,Nagaland,25.9016,93.7133,Absence Control: Dimapur Dhansiri Plain,Dimapur Dhansiri Plain,Point verified absence,None,None,None,Low-slope plain / valley basin,0,0,Apda_Mitra_Spatial_Buffer_Sampling,Absence_Control,NEG-00764,Spatial_Absence_Control,https://apdamitra.in/data/absence,Buffered >= 0.1 deg from positive slides,VALID_NEGATIVE_ABSENCE,161,2.8,16.6,-0.0128,0
APDA-NEG-00765,2011-04-05,2011-04-05 12:00:00,2011,Nagaland,25.931,93.6988,Absence Control: Dimapur Dhansiri Plain,Dimapur Dhansiri Plain,Point verified absence,None,None,None,Low-slope plain / valley basin,0,0,Apda_Mitra_Spatial_Buffer_Sampling,Absence_Control,NEG-00765,Spatial_Absence_Control,https://apdamitra.in/data/absence,Buffered >= 0.1 deg from positive slides,VALID_NEGATIVE_ABSENCE,161,4.3,279.3,0.0118,0
APDA-NEG-00766,2013-07-17,2013-07-17 12:00:00,2013,Nagaland,25.8874,93.7124,Absence Control: Dimapur Dhansiri Plain,Dimapur Dhansiri Plain,Point verified absence,None,None,None,Low-slope plain / valley basin,0,0,Apda_Mitra_Spatial_Buffer_Sampling,Absence_Control,NEG-00766,Spatial_Absence_Control,https://apdamitra.in/data/absence,Buffered >= 0.1 deg from positive slides,VALID_NEGATIVE_ABSENCE,171,4.9,116.4,-0.0082,0
APDA-NEG-00767,2020-01-26,2020-01-26 12:00:00,2020,Nagaland,25.8585,93.6948,Absence Control: Dimapur Dhansiri Plain,Dimapur Dhansiri Plain,Point verified absence,None,None,None,Low-slope plain / valley basin,0,0,Apda_Mitra_Spatial_Buffer_Sampling,Absence_Control,NEG-00767,Spatial_Absence_Control,https://apdamitra.in/data/absence,Buffered >= 0.1 deg from positive slides,VALID_NEGATIVE_ABSENCE,133,3.0,112.9,-0.0163,0
APDA-NEG-00768,2002-05-11,2002-05-11 12:00:00,2002,Nagaland,25.8957,93.6813,Absence Control: Dimapur Dhansiri Plain,Dimapur Dhansiri Plain,Point verified absence,None,None,None,Low-slope plain / valley basin,0,0,Apda_Mitra_Spatial_Buffer_Sampling,Absence_Control,NEG-00768,Spatial_Absence_Control,https://apdamitra.in/data/absence,Buffered >= 0.1 deg from positive slides,VALID_NEGATIVE_ABSENCE,161,3.3,175.9,-0.016,0
APDA-NEG-00769,2017-03-02,2017-03-02 12:00:00,2017,Nagaland,25.8559,93.6984,Absence Control: Dimapur Dhansiri Plain,Dimapur Dhansiri Plain,Point verified absence,None,None,None,Low-slope plain / valley basin,0,0,Apda_Mitra_Spatial_Buffer_Sampling,Absence_Control,NEG-00769,Spatial_Absence_Control,https://apdamitra.in/data/absence,Buffered >= 0.1 deg from positive slides,VALID_NEGATIVE_ABSENCE,169,3.0,332.4,0.0166,0
APDA-NEG-00770,1995-08-18,1995-08-18 12:00:00,1995,Nagaland,25.9144,93.7487,Absence Control: Dimapur Dhansiri Plain,Dimapur Dhansiri Plain,Point verified absence,None,None,None,Low-slope plain / valley basin,0,0,Apda_Mitra_Spatial_Buffer_Sampling,Absence_Control,NEG-00770,Spatial_Absence_Control,https://apdamitra.in/data/absence,Buffered >= 0.1 deg from positive slides,VALID_NEGATIVE_ABSENCE,144,4.2,143.8,-0.0126,0
APDA-NEG-00771,2017-02-06,2017-02-06 12:00:00,2017,Nagaland,25.9458,93.6805,Absence Control: Dimapur Dhansiri Plain,Dimapur Dhansiri Plain,Point verified absence,None,None,None,Low-slope plain / valley basin,0,0,Apda_Mitra_Spatial_Buffer_Sampling,Absence_Control,NEG-00771,Spatial_Absence_Control,https://apdamitra.in/data/absence,Buffered >= 0.1 deg from positive slides,VALID_NEGATIVE_ABSENCE,170,2.9,231.0,-0.0188,0
APDA-NEG-00772,2018-12-09,2018-12-09 12:00:00,2018,Nagaland,25.911,93.7158,Absence Control: Dimapur Dhansiri Plain,Dimapur Dhansiri Plain,Point verified absence,None,None,None,Low-slope plain / valley basin,0,0,Apda_Mitra_Spatial_Buffer_Sampling,Absence_Control,NEG-00772,Spatial_Absence_Control,https://apdamitra.in/data/absence,Buffered >= 0.1 deg from positive slides,VALID_NEGATIVE_ABSENCE,146,4.8,343.1,-0.0181,0
APDA-NEG-00773,2008-06-04,2008-06-04 12:00:00,2008,Nagaland,25.9504,93.695,Absence Control: Dimapur Dhansiri Plain,Dimapur Dhansiri Plain,Point verified absence,None,None,None,Low-slope plain / valley basin,0,0,Apda_Mitra_Spatial_Buffer_Sampling,Absence_Control,NEG-00773,Spatial_Absence_Control,https://apdamitra.in/data/absence,Buffered >= 0.1 deg from positive slides,VALID_NEGATIVE_ABSENCE,174,4.2,70.9,-0.0053,0
APDA-NEG-00774,1995-03-12,1995-03-12 12:00:00,1995,Nagaland,25.8746,93.6678,Absence Control: Dimapur Dhansiri Plain,Dimapur Dhansiri Plain,Point verified absence,None,None,None,Low-slope plain / valley basin,0,0,Apda_Mitra_Spatial_Buffer_Sampling,Absence_Control,NEG-00774,Spatial_Absence_Control,https://apdamitra.in/data/absence,Buffered >= 0.1 deg from positive slides,VALID_NEGATIVE_ABSENCE,158,3.4,177.1,-0.0164,0
APDA-NEG-00775,2018-01-22,2018-01-22 12:00:00,2018,Nagaland,25.9081,93.7568,Absence Control: Dimapur Dhansiri Plain,Dimapur Dhansiri Plain,Point verified absence,None,None,None,Low-slope plain / valley basin,0,0,Apda_Mitra_Spatial_Buffer_Sampling,Absence_Control,NEG-00775,Spatial_Absence_Control,https://apdamitra.in/data/absence,Buffered >= 0.1 deg from positive slides,VALID_NEGATIVE_ABSENCE,153,3.8,122.2,0.0067,0
APDA-NEG-00776,2008-07-10,2008-07-10 12:00:00,2008,Nagaland,25.9416,93.6983,Absence Control: Dimapur Dhansiri Plain,Dimapur Dhansiri Plain,Point verified absence,None,None,None,Low-slope plain / valley basin,0,0,Apda_Mitra_Spatial_Buffer_Sampling,Absence_Control,NEG-00776,Spatial_Absence_Control,https://apdamitra.in/data/absence,Buffered >= 0.1 deg from positive slides,VALID_NEGATIVE_ABSENCE,160,4.4,80.9,-0.0159,0
APDA-NEG-00777,2006-04-05,2006-04-05 12:00:00,2006,Nagaland,25.9174,93.7846,Absence Control: Dimapur Dhansiri Plain,Dimapur Dhansiri Plain,Point verified absence,None,None,None,Low-slope plain / valley basin,0,0,Apda_Mitra_Spatial_Buffer_Sampling,Absence_Control,NEG-00777,Spatial_Absence_Control,https://apdamitra.in/data/absence,Buffered >= 0.1 deg from positive slides,VALID_NEGATIVE_ABSENCE,163,3.6,261.8,-0.0063,0
APDA-NEG-00778,2017-01-28,2017-01-28 12:00:00,2017,Nagaland,25.8576,93.6752,Absence Control: Dimapur Dhansiri Plain,Dimapur Dhansiri Plain,Point verified absence,None,None,None,Low-slope plain / valley basin,0,0,Apda_Mitra_Spatial_Buffer_Sampling,Absence_Control,NEG-00778,Spatial_Absence_Control,https://apdamitra.in/data/absence,Buffered >= 0.1 deg from positive slides,VALID_NEGATIVE_ABSENCE,162,3.7,226.1,-0.0016,0
APDA-NEG-00779,1997-06-24,1997-06-24 12:00:00,1997,Nagaland,25.8923,93.7021,Absence Control: Dimapur Dhansiri Plain,Dimapur Dhansiri Plain,Point verified absence,None,None,None,Low-slope plain / valley basin,0,0,Apda_Mitra_Spatial_Buffer_Sampling,Absence_Control,NEG-00779,Spatial_Absence_Control,https://apdamitra.in/data/absence,Buffered >= 0.1 deg from positive slides,VALID_NEGATIVE_ABSENCE,139,3.6,200.3,0.0044,0
APDA-NEG-00780,2012-09-19,2012-09-19 12:00:00,2012,Nagaland,25.9227,93.7291,Absence Control: Dimapur Dhansiri Plain,Dimapur Dhansiri Plain,Point verified absence,None,None,None,Low-slope plain / valley basin,0,0,Apda_Mitra_Spatial_Buffer_Sampling,Absence_Control,NEG-00780,Spatial_Absence_Control,https://apdamitra.in/data/absence,Buffered >= 0.1 deg from positive slides,VALID_NEGATIVE_ABSENCE,157,4.1,138.8,0.0199,0
APDA-NEG-00781,1997-02-19,1997-02-19 12:00:00,1997,Nagaland,25.9496,93.6968,Absence Control: Dimapur Dhansiri Plain,Dimapur Dhansiri Plain,Point verified absence,None,None,None,Low-slope plain / valley basin,0,0,Apda_Mitra_Spatial_Buffer_Sampling,Absence_Control,NEG-00781,Spatial_Absence_Control,https://apdamitra.in/data/absence,Buffered >= 0.1 deg from positive slides,VALID_NEGATIVE_ABSENCE,129,4.7,66.0,0.0189,0
APDA-NEG-00782,2008-05-17,2008-05-17 12:00:00,2008,Nagaland,25.8676,93.6719,Absence Control: Dimapur Dhansiri Plain,Dimapur Dhansiri Plain,Point verified absence,None,None,None,Low-slope plain / valley basin,0,0,Apda_Mitra_Spatial_Buffer_Sampling,Absence_Control,NEG-00782,Spatial_Absence_Control,https://apdamitra.in/data/absence,Buffered >= 0.1 deg from positive slides,VALID_NEGATIVE_ABSENCE,142,4.6,245.2,-0.0145,0
APDA-NEG-00783,2014-09-19,2014-09-19 12:00:00,2014,Nagaland,25.947,93.769,Absence Control: Dimapur Dhansiri Plain,Dimapur Dhansiri Plain,Point verified absence,None,None,None,Low-slope plain / valley basin,0,0,Apda_Mitra_Spatial_Buffer_Sampling,Absence_Control,NEG-00783,Spatial_Absence_Control,https://apdamitra.in/data/absence,Buffered >= 0.1 deg from positive slides,VALID_NEGATIVE_ABSENCE,130,4.4,74.7,0.0065,0
APDA-NEG-00784,2019-01-08,2019-01-08 12:00:00,2019,Nagaland,25.9552,93.7864,Absence Control: Dimapur Dhansiri Plain,Dimapur Dhansiri Plain,Point verified absence,None,None,None,Low-slope plain / valley basin,0,0,Apda_Mitra_Spatial_Buffer_Sampling,Absence_Control,NEG-00784,Spatial_Absence_Control,https://apdamitra.in/data/absence,Buffered >= 0.1 deg from positive slides,VALID_NEGATIVE_ABSENCE,145,3.4,297.3,0.0105,0
APDA-NEG-00785,2021-08-28,2021-08-28 12:00:00,2021,Nagaland,25.8773,93.6854,Absence Control: Dimapur Dhansiri Plain,Dimapur Dhansiri Plain,Point verified absence,None,None,None,Low-slope plain / valley basin,0,0,Apda_Mitra_Spatial_Buffer_Sampling,Absence_Control,NEG-00785,Spatial_Absence_Control,https://apdamitra.in/data/absence,Buffered >= 0.1 deg from positive slides,VALID_NEGATIVE_ABSENCE,151,2.9,206.3,-0.0142,0
APDA-NEG-00786,1998-07-23,1998-07-23 12:00:00,1998,Nagaland,25.8807,93.699,Absence Control: Dimapur Dhansiri Plain,Dimapur Dhansiri Plain,Point verified absence,None,None,None,Low-slope plain / valley basin,0,0,Apda_Mitra_Spatial_Buffer_Sampling,Absence_Control,NEG-00786,Spatial_Absence_Control,https://apdamitra.in/data/absence,Buffered >= 0.1 deg from positive slides,VALID_NEGATIVE_ABSENCE,129,2.8,233.5,-0.0192,0
APDA-NEG-00787,2020-04-27,2020-04-27 12:00:00,2020,Nagaland,25.9043,93.7609,Absence Control: Dimapur Dhansiri Plain,Dimapur Dhansiri Plain,Point verified absence,None,None,None,Low-slope plain / valley basin,0,0,Apda_Mitra_Spatial_Buffer_Sampling,Absence_Control,NEG-00787,Spatial_Absence_Control,https://apdamitra.in/data/absence,Buffered >= 0.1 deg from positive slides,VALID_NEGATIVE_ABSENCE,151,5.1,170.0,0.0121,0
APDA-NEG-00788,2018-11-07,2018-11-07 12:00:00,2018,Nagaland,25.9475,93.7543,Absence Control: Dimapur Dhansiri Plain,Dimapur Dhansiri Plain,Point verified absence,None,None,None,Low-slope plain / valley basin,0,0,Apda_Mitra_Spatial_Buffer_Sampling,Absence_Control,NEG-00788,Spatial_Absence_Control,https://apdamitra.in/data/absence,Buffered >= 0.1 deg from positive slides,VALID_NEGATIVE_ABSENCE,148,5.1,25.3,0.0185,0
APDA-NEG-00789,2017-10-26,2017-10-26 12:00:00,2017,Nagaland,25.9369,93.7589,Absence Control: Dimapur Dhansiri Plain,Dimapur Dhansiri Plain,Point verified absence,None,None,None,Low-slope plain / valley basin,0,0,Apda_Mitra_Spatial_Buffer_Sampling,Absence_Control,NEG-00789,Spatial_Absence_Control,https://apdamitra.in/data/absence,Buffered >= 0.1 deg from positive slides,VALID_NEGATIVE_ABSENCE,159,3.0,34.1,-0.0037,0
APDA-NEG-00790,1996-06-08,1996-06-08 12:00:00,1996,Nagaland,25.961,93.784,Absence Control: Dimapur Dhansiri Plain,Dimapur Dhansiri Plain,Point verified absence,None,None,None,Low-slope plain / valley basin,0,0,Apda_Mitra_Spatial_Buffer_Sampling,Absence_Control,NEG-00790,Spatial_Absence_Control,https://apdamitra.in/data/absence,Buffered >= 0.1 deg from positive slides,VALID_NEGATIVE_ABSENCE,159,2.9,179.0,-0.0085,0
APDA-NEG-00791,2014-03-25,2014-03-25 12:00:00,2014,Nagaland,25.8943,93.7389,Absence Control: Dimapur Dhansiri Plain,Dimapur Dhansiri Plain,Point verified absence,None,None,None,Low-slope plain / valley basin,0,0,Apda_Mitra_Spatial_Buffer_Sampling,Absence_Control,NEG-00791,Spatial_Absence_Control,https://apdamitra.in/data/absence,Buffered >= 0.1 deg from positive slides,VALID_NEGATIVE_ABSENCE,165,3.2,242.1,-0.0088,0
APDA-NEG-00792,2019-10-11,2019-10-11 12:00:00,2019,Nagaland,25.945,93.6947,Absence Control: Dimapur Dhansiri Plain,Dimapur Dhansiri Plain,Point verified absence,None,None,None,Low-slope plain / valley basin,0,0,Apda_Mitra_Spatial_Buffer_Sampling,Absence_Control,NEG-00792,Spatial_Absence_Control,https://apdamitra.in/data/absence,Buffered >= 0.1 deg from positive slides,VALID_NEGATIVE_ABSENCE,127,4.4,103.2,-0.0173,0
APDA-NEG-00793,1996-07-18,1996-07-18 12:00:00,1996,Nagaland,25.9547,93.7225,Absence Control: Dimapur Dhansiri Plain,Dimapur Dhansiri Plain,Point verified absence,None,None,None,Low-slope plain / valley basin,0,0,Apda_Mitra_Spatial_Buffer_Sampling,Absence_Control,NEG-00793,Spatial_Absence_Control,https://apdamitra.in/data/absence,Buffered >= 0.1 deg from positive slides,VALID_NEGATIVE_ABSENCE,133,4.6,118.8,-0.0055,0
APDA-NEG-00794,2012-08-20,2012-08-20 12:00:00,2012,Nagaland,25.9553,93.7128,Absence Control: Dimapur Dhansiri Plain,Dimapur Dhansiri Plain,Point verified absence,None,None,None,Low-slope plain / valley basin,0,0,Apda_Mitra_Spatial_Buffer_Sampling,Absence_Control,NEG-00794,Spatial_Absence_Control,https://apdamitra.in/data/absence,Buffered >= 0.1 deg from positive slides,VALID_NEGATIVE_ABSENCE,162,4.8,127.2,0.0052,0
APDA-NEG-00795,2009-01-15,2009-01-15 12:00:00,2009,Nagaland,25.9242,93.7215,Absence Control: Dimapur Dhansiri Plain,Dimapur Dhansiri Plain,Point verified absence,None,None,None,Low-slope plain / valley basin,0,0,Apda_Mitra_Spatial_Buffer_Sampling,Absence_Control,NEG-00795,Spatial_Absence_Control,https://apdamitra.in/data/absence,Buffered >= 0.1 deg from positive slides,VALID_NEGATIVE_ABSENCE,161,5.0,38.5,0.0136,0
APDA-NEG-00796,2013-03-13,2013-03-13 12:00:00,2013,Nagaland,25.9121,93.7607,Absence Control: Dimapur Dhansiri Plain,Dimapur Dhansiri Plain,Point verified absence,None,None,None,Low-slope plain / valley basin,0,0,Apda_Mitra_Spatial_Buffer_Sampling,Absence_Control,NEG-00796,Spatial_Absence_Control,https://apdamitra.in/data/absence,Buffered >= 0.1 deg from positive slides,VALID_NEGATIVE_ABSENCE,155,4.8,56.2,0.0071,0
APDA-NEG-00797,2020-04-06,2020-04-06 12:00:00,2020,Nagaland,25.9211,93.7023,Absence Control: Dimapur Dhansiri Plain,Dimapur Dhansiri Plain,Point verified absence,None,None,None,Low-slope plain / valley basin,0,0,Apda_Mitra_Spatial_Buffer_Sampling,Absence_Control,NEG-00797,Spatial_Absence_Control,https://apdamitra.in/data/absence,Buffered >= 0.1 deg from positive slides,VALID_NEGATIVE_ABSENCE,161,2.8,229.9,0.0102,0
APDA-NEG-00798,2005-09-03,2005-09-03 12:00:00,2005,Nagaland,25.9424,93.6806,Absence Control: Dimapur Dhansiri Plain,Dimapur Dhansiri Plain,Point verified absence,None,None,None,Low-slope plain / valley basin,0,0,Apda_Mitra_Spatial_Buffer_Sampling,Absence_Control,NEG-00798,Spatial_Absence_Control,https://apdamitra.in/data/absence,Buffered >= 0.1 deg from positive slides,VALID_NEGATIVE_ABSENCE,147,5.0,358.2,-0.0175,0
APDA-NEG-00799,1997-02-03,1997-02-03 12:00:00,1997,Nagaland,25.8734,93.7138,Absence Control: Dimapur Dhansiri Plain,Dimapur Dhansiri Plain,Point verified absence,None,None,None,Low-slope plain / valley basin,0,0,Apda_Mitra_Spatial_Buffer_Sampling,Absence_Control,NEG-00799,Spatial_Absence_Control,https://apdamitra.in/data/absence,Buffered >= 0.1 deg from positive slides,VALID_NEGATIVE_ABSENCE,166,3.5,306.2,-0.0171,0
APDA-NEG-00800,2000-08-11,2000-08-11 12:00:00,2000,Nagaland,25.9553,93.7823,Absence Control: Dimapur Dhansiri Plain,Dimapur Dhansiri Plain,Point verified absence,None,None,None,Low-slope plain / valley basin,0,0,Apda_Mitra_Spatial_Buffer_Sampling,Absence_Control,NEG-00800,Spatial_Absence_Control,https://apdamitra.in/data/absence,Buffered >= 0.1 deg from positive slides,VALID_NEGATIVE_ABSENCE,127,2.9,241.7,-0.0181,0
APDA-NEG-00801,2004-11-19,2004-11-19 12:00:00,2004,Nagaland,25.9517,93.7193,Absence Control: Dimapur Dhansiri Plain,Dimapur Dhansiri Plain,Point verified absence,None,None,None,Low-slope plain / valley basin,0,0,Apda_Mitra_Spatial_Buffer_Sampling,Absence_Control,NEG-00801,Spatial_Absence_Control,https://apdamitra.in/data/absence,Buffered >= 0.1 deg from positive slides,VALID_NEGATIVE_ABSENCE,125,3.1,213.7,-0.0198,0
APDA-NEG-00802,2005-11-14,2005-11-14 12:00:00,2005,Nagaland,25.9431,93.7672,Absence Control: Dimapur Dhansiri Plain,Dimapur Dhansiri Plain,Point verified absence,None,None,None,Low-slope plain / valley basin,0,0,Apda_Mitra_Spatial_Buffer_Sampling,Absence_Control,NEG-00802,Spatial_Absence_Control,https://apdamitra.in/data/absence,Buffered >= 0.1 deg from positive slides,VALID_NEGATIVE_ABSENCE,164,3.0,10.0,0.0145,0
APDA-NEG-00803,2008-10-10,2008-10-10 12:00:00,2008,Nagaland,25.8964,93.7085,Absence Control: Dimapur Dhansiri Plain,Dimapur Dhansiri Plain,Point verified absence,None,None,None,Low-slope plain / valley basin,0,0,Apda_Mitra_Spatial_Buffer_Sampling,Absence_Control,NEG-00803,Spatial_Absence_Control,https://apdamitra.in/data/absence,Buffered >= 0.1 deg from positive slides,VALID_NEGATIVE_ABSENCE,142,4.8,116.2,-0.0025,0
APDA-NEG-00804,2019-09-26,2019-09-26 12:00:00,2019,Nagaland,25.9468,93.6904,Absence Control: Dimapur Dhansiri Plain,Dimapur Dhansiri Plain,Point verified absence,None,None,None,Low-slope plain / valley basin,0,0,Apda_Mitra_Spatial_Buffer_Sampling,Absence_Control,NEG-00804,Spatial_Absence_Control,https://apdamitra.in/data/absence,Buffered >= 0.1 deg from positive slides,VALID_NEGATIVE_ABSENCE,171,3.4,88.3,-0.0036,0
APDA-NEG-00805,1999-09-27,1999-09-27 12:00:00,1999,Nagaland,25.9112,93.7213,Absence Control: Dimapur Dhansiri Plain,Dimapur Dhansiri Plain,Point verified absence,None,None,None,Low-slope plain / valley basin,0,0,Apda_Mitra_Spatial_Buffer_Sampling,Absence_Control,NEG-00805,Spatial_Absence_Control,https://apdamitra.in/data/absence,Buffered >= 0.1 deg from positive slides,VALID_NEGATIVE_ABSENCE,141,3.2,145.9,-0.0071,0
APDA-NEG-00806,2002-04-22,2002-04-22 12:00:00,2002,Nagaland,25.9292,93.691,Absence Control: Dimapur Dhansiri Plain,Dimapur Dhansiri Plain,Point verified absence,None,None,None,Low-slope plain / valley basin,0,0,Apda_Mitra_Spatial_Buffer_Sampling,Absence_Control,NEG-00806,Spatial_Absence_Control,https://apdamitra.in/data/absence,Buffered >= 0.1 deg from positive slides,VALID_NEGATIVE_ABSENCE,154,4.0,332.0,0.0046,0
APDA-NEG-00807,2008-11-05,2008-11-05 12:00:00,2008,Nagaland,25.9385,93.7394,Absence Control: Dimapur Dhansiri Plain,Dimapur Dhansiri Plain,Point verified absence,None,None,None,Low-slope plain / valley basin,0,0,Apda_Mitra_Spatial_Buffer_Sampling,Absence_Control,NEG-00807,Spatial_Absence_Control,https://apdamitra.in/data/absence,Buffered >= 0.1 deg from positive slides,VALID_NEGATIVE_ABSENCE,143,4.3,342.9,-0.0167,0
APDA-NEG-00808,1999-09-20,1999-09-20 12:00:00,1999,Nagaland,25.8857,93.6727,Absence Control: Dimapur Dhansiri Plain,Dimapur Dhansiri Plain,Point verified absence,None,None,None,Low-slope plain / valley basin,0,0,Apda_Mitra_Spatial_Buffer_Sampling,Absence_Control,NEG-00808,Spatial_Absence_Control,https://apdamitra.in/data/absence,Buffered >= 0.1 deg from positive slides,VALID_NEGATIVE_ABSENCE,164,4.9,217.2,-0.0182,0
APDA-NEG-00809,2006-02-01,2006-02-01 12:00:00,2006,Nagaland,25.9509,93.6986,Absence Control: Dimapur Dhansiri Plain,Dimapur Dhansiri Plain,Point verified absence,None,None,None,Low-slope plain / valley basin,0,0,Apda_Mitra_Spatial_Buffer_Sampling,Absence_Control,NEG-00809,Spatial_Absence_Control,https://apdamitra.in/data/absence,Buffered >= 0.1 deg from positive slides,VALID_NEGATIVE_ABSENCE,139,3.8,30.4,0.0194,0
APDA-NEG-00810,2016-12-15,2016-12-15 12:00:00,2016,Nagaland,25.8696,93.6886,Absence Control: Dimapur Dhansiri Plain,Dimapur Dhansiri Plain,Point verified absence,None,None,None,Low-slope plain / valley basin,0,0,Apda_Mitra_Spatial_Buffer_Sampling,Absence_Control,NEG-00810,Spatial_Absence_Control,https://apdamitra.in/data/absence,Buffered >= 0.1 deg from positive slides,VALID_NEGATIVE_ABSENCE,170,4.8,21.7,-0.0059,0
APDA-NEG-00811,1996-10-01,1996-10-01 12:00:00,1996,Nagaland,25.9155,93.7509,Absence Control: Dimapur Dhansiri Plain,Dimapur Dhansiri Plain,Point verified absence,None,None,None,Low-slope plain / valley basin,0,0,Apda_Mitra_Spatial_Buffer_Sampling,Absence_Control,NEG-00811,Spatial_Absence_Control,https://apdamitra.in/data/absence,Buffered >= 0.1 deg from positive slides,VALID_NEGATIVE_ABSENCE,149,4.6,334.2,0.0064,0
APDA-NEG-00812,2002-02-07,2002-02-07 12:00:00,2002,Nagaland,25.9612,93.7034,Absence Control: Dimapur Dhansiri Plain,Dimapur Dhansiri Plain,Point verified absence,None,None,None,Low-slope plain / valley basin,0,0,Apda_Mitra_Spatial_Buffer_Sampling,Absence_Control,NEG-00812,Spatial_Absence_Control,https://apdamitra.in/data/absence,Buffered >= 0.1 deg from positive slides,VALID_NEGATIVE_ABSENCE,163,4.0,324.8,0.0066,0
APDA-NEG-00813,2012-03-11,2012-03-11 12:00:00,2012,Nagaland,25.9449,93.7683,Absence Control: Dimapur Dhansiri Plain,Dimapur Dhansiri Plain,Point verified absence,None,None,None,Low-slope plain / valley basin,0,0,Apda_Mitra_Spatial_Buffer_Sampling,Absence_Control,NEG-00813,Spatial_Absence_Control,https://apdamitra.in/data/absence,Buffered >= 0.1 deg from positive slides,VALID_NEGATIVE_ABSENCE,169,4.0,23.4,0.0104,0
APDA-NEG-00814,2009-07-01,2009-07-01 12:00:00,2009,Nagaland,25.8545,93.6752,Absence Control: Dimapur Dhansiri Plain,Dimapur Dhansiri Plain,Point verified absence,None,None,None,Low-slope plain / valley basin,0,0,Apda_Mitra_Spatial_Buffer_Sampling,Absence_Control,NEG-00814,Spatial_Absence_Control,https://apdamitra.in/data/absence,Buffered >= 0.1 deg from positive slides,VALID_NEGATIVE_ABSENCE,158,2.8,175.9,0.0058,0
APDA-NEG-00815,2021-12-04,2021-12-04 12:00:00,2021,Nagaland,25.9164,93.7352,Absence Control: Dimapur Dhansiri Plain,Dimapur Dhansiri Plain,Point verified absence,None,None,None,Low-slope plain / valley basin,0,0,Apda_Mitra_Spatial_Buffer_Sampling,Absence_Control,NEG-00815,Spatial_Absence_Control,https://apdamitra.in/data/absence,Buffered >= 0.1 deg from positive slides,VALID_NEGATIVE_ABSENCE,138,4.1,212.2,-0.0,0
APDA-NEG-00816,1998-07-16,1998-07-16 12:00:00,1998,Nagaland,25.9266,93.7647,Absence Control: Dimapur Dhansiri Plain,Dimapur Dhansiri Plain,Point verified absence,None,None,None,Low-slope plain / valley basin,0,0,Apda_Mitra_Spatial_Buffer_Sampling,Absence_Control,NEG-00816,Spatial_Absence_Control,https://apdamitra.in/data/absence,Buffered >= 0.1 deg from positive slides,VALID_NEGATIVE_ABSENCE,128,4.7,0.3,0.0038,0
APDA-NEG-00817,2005-06-27,2005-06-27 12:00:00,2005,Nagaland,25.9628,93.7795,Absence Control: Dimapur Dhansiri Plain,Dimapur Dhansiri Plain,Point verified absence,None,None,None,Low-slope plain / valley basin,0,0,Apda_Mitra_Spatial_Buffer_Sampling,Absence_Control,NEG-00817,Spatial_Absence_Control,https://apdamitra.in/data/absence,Buffered >= 0.1 deg from positive slides,VALID_NEGATIVE_ABSENCE,152,5.1,120.5,0.0033,0
APDA-NEG-00818,2019-02-18,2019-02-18 12:00:00,2019,Nagaland,25.9464,93.7679,Absence Control: Dimapur Dhansiri Plain,Dimapur Dhansiri Plain,Point verified absence,None,None,None,Low-slope plain / valley basin,0,0,Apda_Mitra_Spatial_Buffer_Sampling,Absence_Control,NEG-00818,Spatial_Absence_Control,https://apdamitra.in/data/absence,Buffered >= 0.1 deg from positive slides,VALID_NEGATIVE_ABSENCE,144,2.9,217.5,-0.0178,0
APDA-NEG-00819,2013-09-11,2013-09-11 12:00:00,2013,Nagaland,25.9256,93.6941,Absence Control: Dimapur Dhansiri Plain,Dimapur Dhansiri Plain,Point verified absence,None,None,None,Low-slope plain / valley basin,0,0,Apda_Mitra_Spatial_Buffer_Sampling,Absence_Control,NEG-00819,Spatial_Absence_Control,https://apdamitra.in/data/absence,Buffered >= 0.1 deg from positive slides,VALID_NEGATIVE_ABSENCE,133,3.6,219.3,-0.006,0
APDA-NEG-00820,2001-06-12,2001-06-12 12:00:00,2001,Nagaland,25.9545,93.7199,Absence Control: Dimapur Dhansiri Plain,Dimapur Dhansiri Plain,Point verified absence,None,None,None,Low-slope plain / valley basin,0,0,Apda_Mitra_Spatial_Buffer_Sampling,Absence_Control,NEG-00820,Spatial_Absence_Control,https://apdamitra.in/data/absence,Buffered >= 0.1 deg from positive slides,VALID_NEGATIVE_ABSENCE,168,3.2,261.6,-0.0189,0
APDA-NEG-00821,2016-12-12,2016-12-12 12:00:00,2016,Nagaland,25.9357,93.719,Absence Control: Dimapur Dhansiri Plain,Dimapur Dhansiri Plain,Point verified absence,None,None,None,Low-slope plain / valley basin,0,0,Apda_Mitra_Spatial_Buffer_Sampling,Absence_Control,NEG-00821,Spatial_Absence_Control,https://apdamitra.in/data/absence,Buffered >= 0.1 deg from positive slides,VALID_NEGATIVE_ABSENCE,168,4.9,252.6,0.0063,0
APDA-NEG-00822,1998-06-28,1998-06-28 12:00:00,1998,Nagaland,25.9038,93.7347,Absence Control: Dimapur Dhansiri Plain,Dimapur Dhansiri Plain,Point verified absence,None,None,None,Low-slope plain / valley basin,0,0,Apda_Mitra_Spatial_Buffer_Sampling,Absence_Control,NEG-00822,Spatial_Absence_Control,https://apdamitra.in/data/absence,Buffered >= 0.1 deg from positive slides,VALID_NEGATIVE_ABSENCE,129,4.7,92.2,-0.0197,0
APDA-NEG-00823,1998-08-13,1998-08-13 12:00:00,1998,Nagaland,25.8977,93.6807,Absence Control: Dimapur Dhansiri Plain,Dimapur Dhansiri Plain,Point verified absence,None,None,None,Low-slope plain / valley basin,0,0,Apda_Mitra_Spatial_Buffer_Sampling,Absence_Control,NEG-00823,Spatial_Absence_Control,https://apdamitra.in/data/absence,Buffered >= 0.1 deg from positive slides,VALID_NEGATIVE_ABSENCE,169,3.8,89.4,-0.0136,0
APDA-NEG-00824,2009-09-23,2009-09-23 12:00:00,2009,Nagaland,25.8935,93.7259,Absence Control: Dimapur Dhansiri Plain,Dimapur Dhansiri Plain,Point verified absence,None,None,None,Low-slope plain / valley basin,0,0,Apda_Mitra_Spatial_Buffer_Sampling,Absence_Control,NEG-00824,Spatial_Absence_Control,https://apdamitra.in/data/absence,Buffered >= 0.1 deg from positive slides,VALID_NEGATIVE_ABSENCE,173,4.1,242.7,-0.0173,0
APDA-NEG-00825,1996-01-28,1996-01-28 12:00:00,1996,Nagaland,25.864,93.698,Absence Control: Dimapur Dhansiri Plain,Dimapur Dhansiri Plain,Point verified absence,None,None,None,Low-slope plain / valley basin,0,0,Apda_Mitra_Spatial_Buffer_Sampling,Absence_Control,NEG-00825,Spatial_Absence_Control,https://apdamitra.in/data/absence,Buffered >= 0.1 deg from positive slides,VALID_NEGATIVE_ABSENCE,164,4.6,179.0,0.0045,0
APDA-NEG-00826,2003-05-08,2003-05-08 12:00:00,2003,Nagaland,25.9073,93.7664,Absence Control: Dimapur Dhansiri Plain,Dimapur Dhansiri Plain,Point verified absence,None,None,None,Low-slope plain / valley basin,0,0,Apda_Mitra_Spatial_Buffer_Sampling,Absence_Control,NEG-00826,Spatial_Absence_Control,https://apdamitra.in/data/absence,Buffered >= 0.1 deg from positive slides,VALID_NEGATIVE_ABSENCE,134,3.8,127.2,0.0151,0
APDA-NEG-00827,2004-08-22,2004-08-22 12:00:00,2004,Nagaland,25.9212,93.7364,Absence Control: Dimapur Dhansiri Plain,Dimapur Dhansiri Plain,Point verified absence,None,None,None,Low-slope plain / valley basin,0,0,Apda_Mitra_Spatial_Buffer_Sampling,Absence_Control,NEG-00827,Spatial_Absence_Control,https://apdamitra.in/data/absence,Buffered >= 0.1 deg from positive slides,VALID_NEGATIVE_ABSENCE,156,3.6,26.3,-0.0098,0
APDA-NEG-00828,2018-03-22,2018-03-22 12:00:00,2018,Nagaland,25.9139,93.7448,Absence Control: Dimapur Dhansiri Plain,Dimapur Dhansiri Plain,Point verified absence,None,None,None,Low-slope plain / valley basin,0,0,Apda_Mitra_Spatial_Buffer_Sampling,Absence_Control,NEG-00828,Spatial_Absence_Control,https://apdamitra.in/data/absence,Buffered >= 0.1 deg from positive slides,VALID_NEGATIVE_ABSENCE,139,4.2,220.8,0.0155,0
APDA-NEG-00829,1998-06-26,1998-06-26 12:00:00,1998,Nagaland,25.9208,93.6993,Absence Control: Dimapur Dhansiri Plain,Dimapur Dhansiri Plain,Point verified absence,None,None,None,Low-slope plain / valley basin,0,0,Apda_Mitra_Spatial_Buffer_Sampling,Absence_Control,NEG-00829,Spatial_Absence_Control,https://apdamitra.in/data/absence,Buffered >= 0.1 deg from positive slides,VALID_NEGATIVE_ABSENCE,136,3.6,301.4,0.0072,0
APDA-NEG-00830,2000-10-01,2000-10-01 12:00:00,2000,Nagaland,25.9197,93.713,Absence Control: Dimapur Dhansiri Plain,Dimapur Dhansiri Plain,Point verified absence,None,None,None,Low-slope plain / valley basin,0,0,Apda_Mitra_Spatial_Buffer_Sampling,Absence_Control,NEG-00830,Spatial_Absence_Control,https://apdamitra.in/data/absence,Buffered >= 0.1 deg from positive slides,VALID_NEGATIVE_ABSENCE,135,3.7,257.6,0.0073,0
APDA-NEG-00831,2021-10-11,2021-10-11 12:00:00,2021,Nagaland,25.9604,93.7576,Absence Control: Dimapur Dhansiri Plain,Dimapur Dhansiri Plain,Point verified absence,None,None,None,Low-slope plain / valley basin,0,0,Apda_Mitra_Spatial_Buffer_Sampling,Absence_Control,NEG-00831,Spatial_Absence_Control,https://apdamitra.in/data/absence,Buffered >= 0.1 deg from positive slides,VALID_NEGATIVE_ABSENCE,160,3.7,40.4,0.0081,0
APDA-NEG-00832,2006-10-03,2006-10-03 12:00:00,2006,Nagaland,25.9596,93.7398,Absence Control: Dimapur Dhansiri Plain,Dimapur Dhansiri Plain,Point verified absence,None,None,None,Low-slope plain / valley basin,0,0,Apda_Mitra_Spatial_Buffer_Sampling,Absence_Control,NEG-00832,Spatial_Absence_Control,https://apdamitra.in/data/absence,Buffered >= 0.1 deg from positive slides,VALID_NEGATIVE_ABSENCE,134,3.0,210.5,-0.0009,0
APDA-NEG-00833,2016-04-06,2016-04-06 12:00:00,2016,Nagaland,25.911,93.6751,Absence Control: Dimapur Dhansiri Plain,Dimapur Dhansiri Plain,Point verified absence,None,None,None,Low-slope plain / valley basin,0,0,Apda_Mitra_Spatial_Buffer_Sampling,Absence_Control,NEG-00833,Spatial_Absence_Control,https://apdamitra.in/data/absence,Buffered >= 0.1 deg from positive slides,VALID_NEGATIVE_ABSENCE,137,3.4,15.1,-0.0037,0
APDA-NEG-00834,1999-04-05,1999-04-05 12:00:00,1999,Nagaland,25.8687,93.7013,Absence Control: Dimapur Dhansiri Plain,Dimapur Dhansiri Plain,Point verified absence,None,None,None,Low-slope plain / valley basin,0,0,Apda_Mitra_Spatial_Buffer_Sampling,Absence_Control,NEG-00834,Spatial_Absence_Control,https://apdamitra.in/data/absence,Buffered >= 0.1 deg from positive slides,VALID_NEGATIVE_ABSENCE,140,4.0,231.4,0.0197,0
APDA-NEG-00835,2019-03-27,2019-03-27 12:00:00,2019,Nagaland,25.9503,93.7805,Absence Control: Dimapur Dhansiri Plain,Dimapur Dhansiri Plain,Point verified absence,None,None,None,Low-slope plain / valley basin,0,0,Apda_Mitra_Spatial_Buffer_Sampling,Absence_Control,NEG-00835,Spatial_Absence_Control,https://apdamitra.in/data/absence,Buffered >= 0.1 deg from positive slides,VALID_NEGATIVE_ABSENCE,158,3.7,293.6,0.0055,0
APDA-NEG-00836,2001-12-21,2001-12-21 12:00:00,2001,Nagaland,25.898,93.7244,Absence Control: Dimapur Dhansiri Plain,Dimapur Dhansiri Plain,Point verified absence,None,None,None,Low-slope plain / valley basin,0,0,Apda_Mitra_Spatial_Buffer_Sampling,Absence_Control,NEG-00836,Spatial_Absence_Control,https://apdamitra.in/data/absence,Buffered >= 0.1 deg from positive slides,VALID_NEGATIVE_ABSENCE,162,4.9,128.7,0.012,0
APDA-NEG-00837,2010-06-17,2010-06-17 12:00:00,2010,Nagaland,25.9381,93.7583,Absence Control: Dimapur Dhansiri Plain,Dimapur Dhansiri Plain,Point verified absence,None,None,None,Low-slope plain / valley basin,0,0,Apda_Mitra_Spatial_Buffer_Sampling,Absence_Control,NEG-00837,Spatial_Absence_Control,https://apdamitra.in/data/absence,Buffered >= 0.1 deg from positive slides,VALID_NEGATIVE_ABSENCE,169,3.1,186.0,0.0038,0
APDA-NEG-00838,2008-01-20,2008-01-20 12:00:00,2008,Nagaland,25.8615,93.6986,Absence Control: Dimapur Dhansiri Plain,Dimapur Dhansiri Plain,Point verified absence,None,None,None,Low-slope plain / valley basin,0,0,Apda_Mitra_Spatial_Buffer_Sampling,Absence_Control,NEG-00838,Spatial_Absence_Control,https://apdamitra.in/data/absence,Buffered >= 0.1 deg from positive slides,VALID_NEGATIVE_ABSENCE,143,4.6,55.7,-0.0023,0
APDA-NEG-00839,2007-06-24,2007-06-24 12:00:00,2007,Nagaland,25.8726,93.6815,Absence Control: Dimapur Dhansiri Plain,Dimapur Dhansiri Plain,Point verified absence,None,None,None,Low-slope plain / valley basin,0,0,Apda_Mitra_Spatial_Buffer_Sampling,Absence_Control,NEG-00839,Spatial_Absence_Control,https://apdamitra.in/data/absence,Buffered >= 0.1 deg from positive slides,VALID_NEGATIVE_ABSENCE,174,4.0,209.1,0.003,0
APDA-NEG-00840,1998-05-09,1998-05-09 12:00:00,1998,Nagaland,25.9323,93.6747,Absence Control: Dimapur Dhansiri Plain,Dimapur Dhansiri Plain,Point verified absence,None,None,None,Low-slope plain / valley basin,0,0,Apda_Mitra_Spatial_Buffer_Sampling,Absence_Control,NEG-00840,Spatial_Absence_Control,https://apdamitra.in/data/absence,Buffered >= 0.1 deg from positive slides,VALID_NEGATIVE_ABSENCE,145,4.7,93.0,-0.0063,0
APDA-NEG-00841,2009-12-18,2009-12-18 12:00:00,2009,Nagaland,25.9245,93.7187,Absence Control: Dimapur Dhansiri Plain,Dimapur Dhansiri Plain,Point verified absence,None,None,None,Low-slope plain / valley basin,0,0,Apda_Mitra_Spatial_Buffer_Sampling,Absence_Control,NEG-00841,Spatial_Absence_Control,https://apdamitra.in/data/absence,Buffered >= 0.1 deg from positive slides,VALID_NEGATIVE_ABSENCE,167,4.1,159.8,0.0104,0
APDA-NEG-00842,2004-05-27,2004-05-27 12:00:00,2004,Nagaland,25.9597,93.6827,Absence Control: Dimapur Dhansiri Plain,Dimapur Dhansiri Plain,Point verified absence,None,None,None,Low-slope plain / valley basin,0,0,Apda_Mitra_Spatial_Buffer_Sampling,Absence_Control,NEG-00842,Spatial_Absence_Control,https://apdamitra.in/data/absence,Buffered >= 0.1 deg from positive slides,VALID_NEGATIVE_ABSENCE,131,4.8,225.7,-0.0116,0
APDA-NEG-00843,1995-10-07,1995-10-07 12:00:00,1995,Nagaland,25.9214,93.7234,Absence Control: Dimapur Dhansiri Plain,Dimapur Dhansiri Plain,Point verified absence,None,None,None,Low-slope plain / valley basin,0,0,Apda_Mitra_Spatial_Buffer_Sampling,Absence_Control,NEG-00843,Spatial_Absence_Control,https://apdamitra.in/data/absence,Buffered >= 0.1 deg from positive slides,VALID_NEGATIVE_ABSENCE,163,2.7,303.8,-0.0028,0
APDA-NEG-00844,2011-01-07,2011-01-07 12:00:00,2011,Nagaland,25.9014,93.7129,Absence Control: Dimapur Dhansiri Plain,Dimapur Dhansiri Plain,Point verified absence,None,None,None,Low-slope plain / valley basin,0,0,Apda_Mitra_Spatial_Buffer_Sampling,Absence_Control,NEG-00844,Spatial_Absence_Control,https://apdamitra.in/data/absence,Buffered >= 0.1 deg from positive slides,VALID_NEGATIVE_ABSENCE,152,3.7,312.1,-0.0028,0
APDA-NEG-00845,1998-12-20,1998-12-20 12:00:00,1998,Nagaland,25.9333,93.7207,Absence Control: Dimapur Dhansiri Plain,Dimapur Dhansiri Plain,Point verified absence,None,None,None,Low-slope plain / valley basin,0,0,Apda_Mitra_Spatial_Buffer_Sampling,Absence_Control,NEG-00845,Spatial_Absence_Control,https://apdamitra.in/data/absence,Buffered >= 0.1 deg from positive slides,VALID_NEGATIVE_ABSENCE,171,4.8,260.5,0.0026,0
APDA-NEG-00846,1997-11-06,1997-11-06 12:00:00,1997,Nagaland,25.9573,93.7734,Absence Control: Dimapur Dhansiri Plain,Dimapur Dhansiri Plain,Point verified absence,None,None,None,Low-slope plain / valley basin,0,0,Apda_Mitra_Spatial_Buffer_Sampling,Absence_Control,NEG-00846,Spatial_Absence_Control,https://apdamitra.in/data/absence,Buffered >= 0.1 deg from positive slides,VALID_NEGATIVE_ABSENCE,145,2.7,353.8,-0.0079,0
APDA-NEG-00847,2020-09-20,2020-09-20 12:00:00,2020,Nagaland,25.9464,93.7582,Absence Control: Dimapur Dhansiri Plain,Dimapur Dhansiri Plain,Point verified absence,None,None,None,Low-slope plain / valley basin,0,0,Apda_Mitra_Spatial_Buffer_Sampling,Absence_Control,NEG-00847,Spatial_Absence_Control,https://apdamitra.in/data/absence,Buffered >= 0.1 deg from positive slides,VALID_NEGATIVE_ABSENCE,160,2.8,9.0,-0.0075,0
APDA-NEG-00848,2020-11-15,2020-11-15 12:00:00,2020,Nagaland,25.8521,93.6834,Absence Control: Dimapur Dhansiri Plain,Dimapur Dhansiri Plain,Point verified absence,None,None,None,Low-slope plain / valley basin,0,0,Apda_Mitra_Spatial_Buffer_Sampling,Absence_Control,NEG-00848,Spatial_Absence_Control,https://apdamitra.in/data/absence,Buffered >= 0.1 deg from positive slides,VALID_NEGATIVE_ABSENCE,133,4.4,224.5,-0.0112,0
APDA-NEG-00849,1997-06-08,1997-06-08 12:00:00,1997,Nagaland,25.8759,93.7092,Absence Control: Dimapur Dhansiri Plain,Dimapur Dhansiri Plain,Point verified absence,None,None,None,Low-slope plain / valley basin,0,0,Apda_Mitra_Spatial_Buffer_Sampling,Absence_Control,NEG-00849,Spatial_Absence_Control,https://apdamitra.in/data/absence,Buffered >= 0.1 deg from positive slides,VALID_NEGATIVE_ABSENCE,164,4.4,45.0,0.017,0
APDA-NEG-00850,2013-07-16,2013-07-16 12:00:00,2013,Nagaland,25.923,93.741,Absence Control: Dimapur Dhansiri Plain,Dimapur Dhansiri Plain,Point verified absence,None,None,None,Low-slope plain / valley basin,0,0,Apda_Mitra_Spatial_Buffer_Sampling,Absence_Control,NEG-00850,Spatial_Absence_Control,https://apdamitra.in/data/absence,Buffered >= 0.1 deg from positive slides,VALID_NEGATIVE_ABSENCE,147,3.9,232.8,-0.0092,0
APDA-NEG-00851,2003-12-22,2003-12-22 12:00:00,2003,Manipur,24.5534,93.8661,Absence Control: Loktak Lake Basin,Loktak Lake Basin,Point verified absence,None,None,None,Low-slope plain / valley basin,0,0,Apda_Mitra_Spatial_Buffer_Sampling,Absence_Control,NEG-00851,Spatial_Absence_Control,https://apdamitra.in/data/absence,Buffered >= 0.1 deg from positive slides,VALID_NEGATIVE_ABSENCE,763,2.8,206.2,0.0046,0
APDA-NEG-00852,2001-08-06,2001-08-06 12:00:00,2001,Manipur,24.5471,93.8431,Absence Control: Loktak Lake Basin,Loktak Lake Basin,Point verified absence,None,None,None,Low-slope plain / valley basin,0,0,Apda_Mitra_Spatial_Buffer_Sampling,Absence_Control,NEG-00852,Spatial_Absence_Control,https://apdamitra.in/data/absence,Buffered >= 0.1 deg from positive slides,VALID_NEGATIVE_ABSENCE,751,2.4,98.1,0.0061,0
APDA-NEG-00853,2019-10-12,2019-10-12 12:00:00,2019,Manipur,24.612,93.805,Absence Control: Loktak Lake Basin,Loktak Lake Basin,Point verified absence,None,None,None,Low-slope plain / valley basin,0,0,Apda_Mitra_Spatial_Buffer_Sampling,Absence_Control,NEG-00853,Spatial_Absence_Control,https://apdamitra.in/data/absence,Buffered >= 0.1 deg from positive slides,VALID_NEGATIVE_ABSENCE,770,1.1,79.2,0.0165,0
APDA-NEG-00854,2002-02-14,2002-02-14 12:00:00,2002,Manipur,24.4547,93.9444,Absence Control: Kakching Plain,Kakching Plain,Point verified absence,None,None,None,Low-slope plain / valley basin,0,0,Apda_Mitra_Spatial_Buffer_Sampling,Absence_Control,NEG-00854,Spatial_Absence_Control,https://apdamitra.in/data/absence,Buffered >= 0.1 deg from positive slides,VALID_NEGATIVE_ABSENCE,787,2.1,36.0,-0.0159,0
APDA-NEG-00855,2018-11-13,2018-11-13 12:00:00,2018,Manipur,24.5447,93.7745,Absence Control: Loktak Lake Basin,Loktak Lake Basin,Point verified absence,None,None,None,Low-slope plain / valley basin,0,0,Apda_Mitra_Spatial_Buffer_Sampling,Absence_Control,NEG-00855,Spatial_Absence_Control,https://apdamitra.in/data/absence,Buffered >= 0.1 deg from positive slides,VALID_NEGATIVE_ABSENCE,769,2.4,161.4,0.0072,0
APDA-NEG-00856,2016-11-18,2016-11-18 12:00:00,2016,Manipur,24.5853,93.8024,Absence Control: Loktak Lake Basin,Loktak Lake Basin,Point verified absence,None,None,None,Low-slope plain / valley basin,0,0,Apda_Mitra_Spatial_Buffer_Sampling,Absence_Control,NEG-00856,Spatial_Absence_Control,https://apdamitra.in/data/absence,Buffered >= 0.1 deg from positive slides,VALID_NEGATIVE_ABSENCE,759,1.0,156.4,0.0165,0
APDA-NEG-00857,2013-06-07,2013-06-07 12:00:00,2013,Manipur,24.5172,93.9352,Absence Control: Kakching Plain,Kakching Plain,Point verified absence,None,None,None,Low-slope plain / valley basin,0,0,Apda_Mitra_Spatial_Buffer_Sampling,Absence_Control,NEG-00857,Spatial_Absence_Control,https://apdamitra.in/data/absence,Buffered >= 0.1 deg from positive slides,VALID_NEGATIVE_ABSENCE,776,2.3,173.2,0.0162,0
APDA-NEG-00858,2012-11-17,2012-11-17 12:00:00,2012,Manipur,24.5617,93.7572,Absence Control: Loktak Lake Basin,Loktak Lake Basin,Point verified absence,None,None,None,Low-slope plain / valley basin,0,0,Apda_Mitra_Spatial_Buffer_Sampling,Absence_Control,NEG-00858,Spatial_Absence_Control,https://apdamitra.in/data/absence,Buffered >= 0.1 deg from positive slides,VALID_NEGATIVE_ABSENCE,785,1.3,201.7,0.0046,0
APDA-NEG-00859,2005-06-22,2005-06-22 12:00:00,2005,Manipur,24.5079,93.8436,Absence Control: Loktak Lake Basin,Loktak Lake Basin,Point verified absence,None,None,None,Low-slope plain / valley basin,0,0,Apda_Mitra_Spatial_Buffer_Sampling,Absence_Control,NEG-00859,Spatial_Absence_Control,https://apdamitra.in/data/absence,Buffered >= 0.1 deg from positive slides,VALID_NEGATIVE_ABSENCE,758,1.6,139.2,-0.0137,0
APDA-NEG-00860,2019-03-12,2019-03-12 12:00:00,2019,Manipur,24.5435,93.9384,Absence Control: Kakching Plain,Kakching Plain,Point verified absence,None,None,None,Low-slope plain / valley basin,0,0,Apda_Mitra_Spatial_Buffer_Sampling,Absence_Control,NEG-00860,Spatial_Absence_Control,https://apdamitra.in/data/absence,Buffered >= 0.1 deg from positive slides,VALID_NEGATIVE_ABSENCE,794,1.5,217.7,-0.0093,0
APDA-NEG-00861,1998-12-24,1998-12-24 12:00:00,1998,Manipur,24.5748,93.8263,Absence Control: Loktak Lake Basin,Loktak Lake Basin,Point verified absence,None,None,None,Low-slope plain / valley basin,0,0,Apda_Mitra_Spatial_Buffer_Sampling,Absence_Control,NEG-00861,Spatial_Absence_Control,https://apdamitra.in/data/absence,Buffered >= 0.1 deg from positive slides,VALID_NEGATIVE_ABSENCE,785,1.8,137.0,0.0131,0
APDA-NEG-00862,2001-03-22,2001-03-22 12:00:00,2001,Manipur,24.5301,93.8252,Absence Control: Loktak Lake Basin,Loktak Lake Basin,Point verified absence,None,None,None,Low-slope plain / valley basin,0,0,Apda_Mitra_Spatial_Buffer_Sampling,Absence_Control,NEG-00862,Spatial_Absence_Control,https://apdamitra.in/data/absence,Buffered >= 0.1 deg from positive slides,VALID_NEGATIVE_ABSENCE,783,2.8,191.2,0.0129,0
APDA-NEG-00863,2019-06-02,2019-06-02 12:00:00,2019,Manipur,24.4368,93.9444,Absence Control: Kakching Plain,Kakching Plain,Point verified absence,None,None,None,Low-slope plain / valley basin,0,0,Apda_Mitra_Spatial_Buffer_Sampling,Absence_Control,NEG-00863,Spatial_Absence_Control,https://apdamitra.in/data/absence,Buffered >= 0.1 deg from positive slides,VALID_NEGATIVE_ABSENCE,799,3.7,269.9,-0.0136,0
APDA-NEG-00864,2009-03-07,2009-03-07 12:00:00,2009,Manipur,24.5481,93.7918,Absence Control: Loktak Lake Basin,Loktak Lake Basin,Point verified absence,None,None,None,Low-slope plain / valley basin,0,0,Apda_Mitra_Spatial_Buffer_Sampling,Absence_Control,NEG-00864,Spatial_Absence_Control,https://apdamitra.in/data/absence,Buffered >= 0.1 deg from positive slides,VALID_NEGATIVE_ABSENCE,787,1.0,279.3,-0.0159,0
APDA-NEG-00865,2017-11-10,2017-11-10 12:00:00,2017,Manipur,24.4989,93.9437,Absence Control: Kakching Plain,Kakching Plain,Point verified absence,None,None,None,Low-slope plain / valley basin,0,0,Apda_Mitra_Spatial_Buffer_Sampling,Absence_Control,NEG-00865,Spatial_Absence_Control,https://apdamitra.in/data/absence,Buffered >= 0.1 deg from positive slides,VALID_NEGATIVE_ABSENCE,761,3.1,90.8,0.006,0
APDA-NEG-00866,2002-07-24,2002-07-24 12:00:00,2002,Manipur,24.497,93.788,Absence Control: Loktak Lake Basin,Loktak Lake Basin,Point verified absence,None,None,None,Low-slope plain / valley basin,0,0,Apda_Mitra_Spatial_Buffer_Sampling,Absence_Control,NEG-00866,Spatial_Absence_Control,https://apdamitra.in/data/absence,Buffered >= 0.1 deg from positive slides,VALID_NEGATIVE_ABSENCE,750,1.0,163.5,-0.0026,0
APDA-NEG-00867,2017-12-28,2017-12-28 12:00:00,2017,Manipur,24.5902,93.8548,Absence Control: Loktak Lake Basin,Loktak Lake Basin,Point verified absence,None,None,None,Low-slope plain / valley basin,0,0,Apda_Mitra_Spatial_Buffer_Sampling,Absence_Control,NEG-00867,Spatial_Absence_Control,https://apdamitra.in/data/absence,Buffered >= 0.1 deg from positive slides,VALID_NEGATIVE_ABSENCE,768,1.1,261.4,0.0159,0
APDA-NEG-00868,2020-11-12,2020-11-12 12:00:00,2020,Manipur,24.5099,93.8514,Absence Control: Loktak Lake Basin,Loktak Lake Basin,Point verified absence,None,None,None,Low-slope plain / valley basin,0,0,Apda_Mitra_Spatial_Buffer_Sampling,Absence_Control,NEG-00868,Spatial_Absence_Control,https://apdamitra.in/data/absence,Buffered >= 0.1 deg from positive slides,VALID_NEGATIVE_ABSENCE,766,1.5,159.9,-0.0026,0
APDA-NEG-00869,2013-09-24,2013-09-24 12:00:00,2013,Manipur,24.6083,93.7734,Absence Control: Loktak Lake Basin,Loktak Lake Basin,Point verified absence,None,None,None,Low-slope plain / valley basin,0,0,Apda_Mitra_Spatial_Buffer_Sampling,Absence_Control,NEG-00869,Spatial_Absence_Control,https://apdamitra.in/data/absence,Buffered >= 0.1 deg from positive slides,VALID_NEGATIVE_ABSENCE,762,2.3,30.5,-0.0148,0
APDA-NEG-00870,2018-09-27,2018-09-27 12:00:00,2018,Manipur,24.4864,93.9267,Absence Control: Kakching Plain,Kakching Plain,Point verified absence,None,None,None,Low-slope plain / valley basin,0,0,Apda_Mitra_Spatial_Buffer_Sampling,Absence_Control,NEG-00870,Spatial_Absence_Control,https://apdamitra.in/data/absence,Buffered >= 0.1 deg from positive slides,VALID_NEGATIVE_ABSENCE,756,2.2,271.7,-0.0119,0
APDA-NEG-00871,2004-11-19,2004-11-19 12:00:00,2004,Manipur,24.4624,93.9376,Absence Control: Kakching Plain,Kakching Plain,Point verified absence,None,None,None,Low-slope plain / valley basin,0,0,Apda_Mitra_Spatial_Buffer_Sampling,Absence_Control,NEG-00871,Spatial_Absence_Control,https://apdamitra.in/data/absence,Buffered >= 0.1 deg from positive slides,VALID_NEGATIVE_ABSENCE,767,2.7,30.4,0.0163,0
APDA-NEG-00872,2000-01-05,2000-01-05 12:00:00,2000,Manipur,24.5588,93.8536,Absence Control: Loktak Lake Basin,Loktak Lake Basin,Point verified absence,None,None,None,Low-slope plain / valley basin,0,0,Apda_Mitra_Spatial_Buffer_Sampling,Absence_Control,NEG-00872,Spatial_Absence_Control,https://apdamitra.in/data/absence,Buffered >= 0.1 deg from positive slides,VALID_NEGATIVE_ABSENCE,760,2.9,268.9,0.0099,0
APDA-NEG-00873,2019-10-27,2019-10-27 12:00:00,2019,Manipur,24.516,94.0085,Absence Control: Kakching Plain,Kakching Plain,Point verified absence,None,None,None,Low-slope plain / valley basin,0,0,Apda_Mitra_Spatial_Buffer_Sampling,Absence_Control,NEG-00873,Spatial_Absence_Control,https://apdamitra.in/data/absence,Buffered >= 0.1 deg from positive slides,VALID_NEGATIVE_ABSENCE,803,2.5,132.1,0.0008,0
APDA-NEG-00874,1999-06-07,1999-06-07 12:00:00,1999,Manipur,24.5174,93.7703,Absence Control: Loktak Lake Basin,Loktak Lake Basin,Point verified absence,None,None,None,Low-slope plain / valley basin,0,0,Apda_Mitra_Spatial_Buffer_Sampling,Absence_Control,NEG-00874,Spatial_Absence_Control,https://apdamitra.in/data/absence,Buffered >= 0.1 deg from positive slides,VALID_NEGATIVE_ABSENCE,767,2.3,315.5,0.0075,0
APDA-NEG-00875,2018-10-08,2018-10-08 12:00:00,2018,Manipur,24.6112,93.7848,Absence Control: Loktak Lake Basin,Loktak Lake Basin,Point verified absence,None,None,None,Low-slope plain / valley basin,0,0,Apda_Mitra_Spatial_Buffer_Sampling,Absence_Control,NEG-00875,Spatial_Absence_Control,https://apdamitra.in/data/absence,Buffered >= 0.1 deg from positive slides,VALID_NEGATIVE_ABSENCE,754,1.0,207.6,0.0077,0
APDA-NEG-00876,2006-07-03,2006-07-03 12:00:00,2006,Manipur,24.5387,93.7633,Absence Control: Loktak Lake Basin,Loktak Lake Basin,Point verified absence,None,None,None,Low-slope plain / valley basin,0,0,Apda_Mitra_Spatial_Buffer_Sampling,Absence_Control,NEG-00876,Spatial_Absence_Control,https://apdamitra.in/data/absence,Buffered >= 0.1 deg from positive slides,VALID_NEGATIVE_ABSENCE,773,1.6,255.2,0.0082,0
APDA-NEG-00877,2009-12-01,2009-12-01 12:00:00,2009,Manipur,24.5316,93.8646,Absence Control: Loktak Lake Basin,Loktak Lake Basin,Point verified absence,None,None,None,Low-slope plain / valley basin,0,0,Apda_Mitra_Spatial_Buffer_Sampling,Absence_Control,NEG-00877,Spatial_Absence_Control,https://apdamitra.in/data/absence,Buffered >= 0.1 deg from positive slides,VALID_NEGATIVE_ABSENCE,797,1.0,69.5,-0.0041,0
APDA-NEG-00878,1995-01-19,1995-01-19 12:00:00,1995,Manipur,24.5062,93.9771,Absence Control: Kakching Plain,Kakching Plain,Point verified absence,None,None,None,Low-slope plain / valley basin,0,0,Apda_Mitra_Spatial_Buffer_Sampling,Absence_Control,NEG-00878,Spatial_Absence_Control,https://apdamitra.in/data/absence,Buffered >= 0.1 deg from positive slides,VALID_NEGATIVE_ABSENCE,763,3.0,6.0,0.0075,0
APDA-NEG-00879,1995-10-26,1995-10-26 12:00:00,1995,Manipur,24.592,93.7788,Absence Control: Loktak Lake Basin,Loktak Lake Basin,Point verified absence,None,None,None,Low-slope plain / valley basin,0,0,Apda_Mitra_Spatial_Buffer_Sampling,Absence_Control,NEG-00879,Spatial_Absence_Control,https://apdamitra.in/data/absence,Buffered >= 0.1 deg from positive slides,VALID_NEGATIVE_ABSENCE,756,1.9,37.0,0.0174,0
APDA-NEG-00880,2016-10-02,2016-10-02 12:00:00,2016,Manipur,24.5167,93.8574,Absence Control: Loktak Lake Basin,Loktak Lake Basin,Point verified absence,None,None,None,Low-slope plain / valley basin,0,0,Apda_Mitra_Spatial_Buffer_Sampling,Absence_Control,NEG-00880,Spatial_Absence_Control,https://apdamitra.in/data/absence,Buffered >= 0.1 deg from positive slides,VALID_NEGATIVE_ABSENCE,786,2.3,152.8,0.0092,0
APDA-NEG-00881,2000-07-05,2000-07-05 12:00:00,2000,Manipur,24.5609,93.7622,Absence Control: Loktak Lake Basin,Loktak Lake Basin,Point verified absence,None,None,None,Low-slope plain / valley basin,0,0,Apda_Mitra_Spatial_Buffer_Sampling,Absence_Control,NEG-00881,Spatial_Absence_Control,https://apdamitra.in/data/absence,Buffered >= 0.1 deg from positive slides,VALID_NEGATIVE_ABSENCE,750,1.0,234.4,0.0058,0
APDA-NEG-00882,2013-11-21,2013-11-21 12:00:00,2013,Manipur,24.541,93.8209,Absence Control: Loktak Lake Basin,Loktak Lake Basin,Point verified absence,None,None,None,Low-slope plain / valley basin,0,0,Apda_Mitra_Spatial_Buffer_Sampling,Absence_Control,NEG-00882,Spatial_Absence_Control,https://apdamitra.in/data/absence,Buffered >= 0.1 deg from positive slides,VALID_NEGATIVE_ABSENCE,787,2.3,259.2,-0.0187,0
APDA-NEG-00883,2003-04-26,2003-04-26 12:00:00,2003,Manipur,24.435,93.9518,Absence Control: Kakching Plain,Kakching Plain,Point verified absence,None,None,None,Low-slope plain / valley basin,0,0,Apda_Mitra_Spatial_Buffer_Sampling,Absence_Control,NEG-00883,Spatial_Absence_Control,https://apdamitra.in/data/absence,Buffered >= 0.1 deg from positive slides,VALID_NEGATIVE_ABSENCE,788,1.5,51.8,-0.0187,0
APDA-NEG-00884,1999-03-15,1999-03-15 12:00:00,1999,Manipur,24.428,93.9426,Absence Control: Kakching Plain,Kakching Plain,Point verified absence,None,None,None,Low-slope plain / valley basin,0,0,Apda_Mitra_Spatial_Buffer_Sampling,Absence_Control,NEG-00884,Spatial_Absence_Control,https://apdamitra.in/data/absence,Buffered >= 0.1 deg from positive slides,VALID_NEGATIVE_ABSENCE,779,1.6,245.4,0.0037,0
APDA-NEG-00885,2020-10-25,2020-10-25 12:00:00,2020,Manipur,24.5298,94.0074,Absence Control: Kakching Plain,Kakching Plain,Point verified absence,None,None,None,Low-slope plain / valley basin,0,0,Apda_Mitra_Spatial_Buffer_Sampling,Absence_Control,NEG-00885,Spatial_Absence_Control,https://apdamitra.in/data/absence,Buffered >= 0.1 deg from positive slides,VALID_NEGATIVE_ABSENCE,793,1.8,13.7,-0.0009,0
APDA-NEG-00886,2001-08-07,2001-08-07 12:00:00,2001,Manipur,24.4968,93.834,Absence Control: Loktak Lake Basin,Loktak Lake Basin,Point verified absence,None,None,None,Low-slope plain / valley basin,0,0,Apda_Mitra_Spatial_Buffer_Sampling,Absence_Control,NEG-00886,Spatial_Absence_Control,https://apdamitra.in/data/absence,Buffered >= 0.1 deg from positive slides,VALID_NEGATIVE_ABSENCE,752,2.2,225.1,-0.0153,0
APDA-NEG-00887,2019-07-18,2019-07-18 12:00:00,2019,Manipur,24.5537,93.8709,Absence Control: Loktak Lake Basin,Loktak Lake Basin,Point verified absence,None,None,None,Low-slope plain / valley basin,0,0,Apda_Mitra_Spatial_Buffer_Sampling,Absence_Control,NEG-00887,Spatial_Absence_Control,https://apdamitra.in/data/absence,Buffered >= 0.1 deg from positive slides,VALID_NEGATIVE_ABSENCE,782,2.6,73.8,0.0102,0
APDA-NEG-00888,2016-09-28,2016-09-28 12:00:00,2016,Manipur,24.55,93.8032,Absence Control: Loktak Lake Basin,Loktak Lake Basin,Point verified absence,None,None,None,Low-slope plain / valley basin,0,0,Apda_Mitra_Spatial_Buffer_Sampling,Absence_Control,NEG-00888,Spatial_Absence_Control,https://apdamitra.in/data/absence,Buffered >= 0.1 deg from positive slides,VALID_NEGATIVE_ABSENCE,771,2.5,151.2,-0.0003,0
APDA-NEG-00889,2000-09-16,2000-09-16 12:00:00,2000,Manipur,24.5682,93.813,Absence Control: Loktak Lake Basin,Loktak Lake Basin,Point verified absence,None,None,None,Low-slope plain / valley basin,0,0,Apda_Mitra_Spatial_Buffer_Sampling,Absence_Control,NEG-00889,Spatial_Absence_Control,https://apdamitra.in/data/absence,Buffered >= 0.1 deg from positive slides,VALID_NEGATIVE_ABSENCE,784,2.7,138.9,0.0141,0
APDA-NEG-00890,1997-03-13,1997-03-13 12:00:00,1997,Manipur,24.517,93.7924,Absence Control: Loktak Lake Basin,Loktak Lake Basin,Point verified absence,None,None,None,Low-slope plain / valley basin,0,0,Apda_Mitra_Spatial_Buffer_Sampling,Absence_Control,NEG-00890,Spatial_Absence_Control,https://apdamitra.in/data/absence,Buffered >= 0.1 deg from positive slides,VALID_NEGATIVE_ABSENCE,792,2.0,116.5,-0.0085,0
APDA-NEG-00891,1998-04-09,1998-04-09 12:00:00,1998,Manipur,24.5341,93.9805,Absence Control: Kakching Plain,Kakching Plain,Point verified absence,None,None,None,Low-slope plain / valley basin,0,0,Apda_Mitra_Spatial_Buffer_Sampling,Absence_Control,NEG-00891,Spatial_Absence_Control,https://apdamitra.in/data/absence,Buffered >= 0.1 deg from positive slides,VALID_NEGATIVE_ABSENCE,783,3.1,16.2,-0.0198,0
APDA-NEG-00892,2015-11-04,2015-11-04 12:00:00,2015,Manipur,24.5261,93.8246,Absence Control: Loktak Lake Basin,Loktak Lake Basin,Point verified absence,None,None,None,Low-slope plain / valley basin,0,0,Apda_Mitra_Spatial_Buffer_Sampling,Absence_Control,NEG-00892,Spatial_Absence_Control,https://apdamitra.in/data/absence,Buffered >= 0.1 deg from positive slides,VALID_NEGATIVE_ABSENCE,792,1.2,313.6,0.0071,0
APDA-NEG-00893,2007-05-10,2007-05-10 12:00:00,2007,Manipur,24.5577,93.7861,Absence Control: Loktak Lake Basin,Loktak Lake Basin,Point verified absence,None,None,None,Low-slope plain / valley basin,0,0,Apda_Mitra_Spatial_Buffer_Sampling,Absence_Control,NEG-00893,Spatial_Absence_Control,https://apdamitra.in/data/absence,Buffered >= 0.1 deg from positive slides,VALID_NEGATIVE_ABSENCE,755,1.0,19.3,0.0198,0
APDA-NEG-00894,2012-07-02,2012-07-02 12:00:00,2012,Manipur,24.5179,93.8466,Absence Control: Loktak Lake Basin,Loktak Lake Basin,Point verified absence,None,None,None,Low-slope plain / valley basin,0,0,Apda_Mitra_Spatial_Buffer_Sampling,Absence_Control,NEG-00894,Spatial_Absence_Control,https://apdamitra.in/data/absence,Buffered >= 0.1 deg from positive slides,VALID_NEGATIVE_ABSENCE,765,1.0,98.6,0.0164,0
APDA-NEG-00895,2015-05-14,2015-05-14 12:00:00,2015,Manipur,24.4974,93.949,Absence Control: Kakching Plain,Kakching Plain,Point verified absence,None,None,None,Low-slope plain / valley basin,0,0,Apda_Mitra_Spatial_Buffer_Sampling,Absence_Control,NEG-00895,Spatial_Absence_Control,https://apdamitra.in/data/absence,Buffered >= 0.1 deg from positive slides,VALID_NEGATIVE_ABSENCE,761,2.6,242.4,-0.0076,0
APDA-NEG-00896,1996-01-06,1996-01-06 12:00:00,1996,Manipur,24.6065,93.8198,Absence Control: Loktak Lake Basin,Loktak Lake Basin,Point verified absence,None,None,None,Low-slope plain / valley basin,0,0,Apda_Mitra_Spatial_Buffer_Sampling,Absence_Control,NEG-00896,Spatial_Absence_Control,https://apdamitra.in/data/absence,Buffered >= 0.1 deg from positive slides,VALID_NEGATIVE_ABSENCE,754,2.8,253.9,0.0016,0
APDA-NEG-00897,2001-05-24,2001-05-24 12:00:00,2001,Manipur,24.5113,94.0001,Absence Control: Kakching Plain,Kakching Plain,Point verified absence,None,None,None,Low-slope plain / valley basin,0,0,Apda_Mitra_Spatial_Buffer_Sampling,Absence_Control,NEG-00897,Spatial_Absence_Control,https://apdamitra.in/data/absence,Buffered >= 0.1 deg from positive slides,VALID_NEGATIVE_ABSENCE,763,1.2,240.5,-0.0144,0
APDA-NEG-00898,2012-04-01,2012-04-01 12:00:00,2012,Manipur,24.5186,93.7633,Absence Control: Loktak Lake Basin,Loktak Lake Basin,Point verified absence,None,None,None,Low-slope plain / valley basin,0,0,Apda_Mitra_Spatial_Buffer_Sampling,Absence_Control,NEG-00898,Spatial_Absence_Control,https://apdamitra.in/data/absence,Buffered >= 0.1 deg from positive slides,VALID_NEGATIVE_ABSENCE,765,1.0,45.4,-0.0168,0
APDA-NEG-00899,2009-01-04,2009-01-04 12:00:00,2009,Manipur,24.5936,93.8483,Absence Control: Loktak Lake Basin,Loktak Lake Basin,Point verified absence,None,None,None,Low-slope plain / valley basin,0,0,Apda_Mitra_Spatial_Buffer_Sampling,Absence_Control,NEG-00899,Spatial_Absence_Control,https://apdamitra.in/data/absence,Buffered >= 0.1 deg from positive slides,VALID_NEGATIVE_ABSENCE,785,2.5,9.7,-0.0111,0
APDA-NEG-00900,2002-04-10,2002-04-10 12:00:00,2002,Manipur,24.5215,94.0013,Absence Control: Kakching Plain,Kakching Plain,Point verified absence,None,None,None,Low-slope plain / valley basin,0,0,Apda_Mitra_Spatial_Buffer_Sampling,Absence_Control,NEG-00900,Spatial_Absence_Control,https://apdamitra.in/data/absence,Buffered >= 0.1 deg from positive slides,VALID_NEGATIVE_ABSENCE,782,2.1,76.4,0.0045,0
APDA-NEG-00901,2016-08-23,2016-08-23 12:00:00,2016,Manipur,24.532,93.8322,Absence Control: Loktak Lake Basin,Loktak Lake Basin,Point verified absence,None,None,None,Low-slope plain / valley basin,0,0,Apda_Mitra_Spatial_Buffer_Sampling,Absence_Control,NEG-00901,Spatial_Absence_Control,https://apdamitra.in/data/absence,Buffered >= 0.1 deg from positive slides,VALID_NEGATIVE_ABSENCE,751,1.2,337.3,0.0025,0
APDA-NEG-00902,2010-02-08,2010-02-08 12:00:00,2010,Manipur,24.5541,93.7852,Absence Control: Loktak Lake Basin,Loktak Lake Basin,Point verified absence,None,None,None,Low-slope plain / valley basin,0,0,Apda_Mitra_Spatial_Buffer_Sampling,Absence_Control,NEG-00902,Spatial_Absence_Control,https://apdamitra.in/data/absence,Buffered >= 0.1 deg from positive slides,VALID_NEGATIVE_ABSENCE,779,1.0,285.9,-0.0039,0
APDA-NEG-00903,2018-01-28,2018-01-28 12:00:00,2018,Manipur,24.5628,93.8696,Absence Control: Loktak Lake Basin,Loktak Lake Basin,Point verified absence,None,None,None,Low-slope plain / valley basin,0,0,Apda_Mitra_Spatial_Buffer_Sampling,Absence_Control,NEG-00903,Spatial_Absence_Control,https://apdamitra.in/data/absence,Buffered >= 0.1 deg from positive slides,VALID_NEGATIVE_ABSENCE,781,2.5,75.6,-0.0123,0
APDA-NEG-00904,2020-10-22,2020-10-22 12:00:00,2020,Manipur,24.4952,93.7635,Absence Control: Loktak Lake Basin,Loktak Lake Basin,Point verified absence,None,None,None,Low-slope plain / valley basin,0,0,Apda_Mitra_Spatial_Buffer_Sampling,Absence_Control,NEG-00904,Spatial_Absence_Control,https://apdamitra.in/data/absence,Buffered >= 0.1 deg from positive slides,VALID_NEGATIVE_ABSENCE,778,1.3,164.3,0.0125,0
APDA-NEG-00905,1995-04-26,1995-04-26 12:00:00,1995,Manipur,24.5627,93.8337,Absence Control: Loktak Lake Basin,Loktak Lake Basin,Point verified absence,None,None,None,Low-slope plain / valley basin,0,0,Apda_Mitra_Spatial_Buffer_Sampling,Absence_Control,NEG-00905,Spatial_Absence_Control,https://apdamitra.in/data/absence,Buffered >= 0.1 deg from positive slides,VALID_NEGATIVE_ABSENCE,796,2.1,185.3,-0.0077,0
APDA-NEG-00906,2001-02-10,2001-02-10 12:00:00,2001,Manipur,24.4928,93.9411,Absence Control: Kakching Plain,Kakching Plain,Point verified absence,None,None,None,Low-slope plain / valley basin,0,0,Apda_Mitra_Spatial_Buffer_Sampling,Absence_Control,NEG-00906,Spatial_Absence_Control,https://apdamitra.in/data/absence,Buffered >= 0.1 deg from positive slides,VALID_NEGATIVE_ABSENCE,766,2.2,216.7,-0.0156,0
APDA-NEG-00907,2004-02-20,2004-02-20 12:00:00,2004,Manipur,24.4706,93.9641,Absence Control: Kakching Plain,Kakching Plain,Point verified absence,None,None,None,Low-slope plain / valley basin,0,0,Apda_Mitra_Spatial_Buffer_Sampling,Absence_Control,NEG-00907,Spatial_Absence_Control,https://apdamitra.in/data/absence,Buffered >= 0.1 deg from positive slides,VALID_NEGATIVE_ABSENCE,795,3.6,56.4,-0.0112,0
APDA-NEG-00908,2006-01-13,2006-01-13 12:00:00,2006,Manipur,24.5191,93.7559,Absence Control: Loktak Lake Basin,Loktak Lake Basin,Point verified absence,None,None,None,Low-slope plain / valley basin,0,0,Apda_Mitra_Spatial_Buffer_Sampling,Absence_Control,NEG-00908,Spatial_Absence_Control,https://apdamitra.in/data/absence,Buffered >= 0.1 deg from positive slides,VALID_NEGATIVE_ABSENCE,757,1.0,320.5,-0.0156,0
APDA-NEG-00909,2011-09-18,2011-09-18 12:00:00,2011,Manipur,24.6126,93.793,Absence Control: Loktak Lake Basin,Loktak Lake Basin,Point verified absence,None,None,None,Low-slope plain / valley basin,0,0,Apda_Mitra_Spatial_Buffer_Sampling,Absence_Control,NEG-00909,Spatial_Absence_Control,https://apdamitra.in/data/absence,Buffered >= 0.1 deg from positive slides,VALID_NEGATIVE_ABSENCE,770,1.0,102.2,-0.014,0
APDA-NEG-00910,2021-09-01,2021-09-01 12:00:00,2021,Manipur,24.5319,93.8271,Absence Control: Loktak Lake Basin,Loktak Lake Basin,Point verified absence,None,None,None,Low-slope plain / valley basin,0,0,Apda_Mitra_Spatial_Buffer_Sampling,Absence_Control,NEG-00910,Spatial_Absence_Control,https://apdamitra.in/data/absence,Buffered >= 0.1 deg from positive slides,VALID_NEGATIVE_ABSENCE,781,1.9,259.7,0.0016,0
APDA-NEG-00911,2000-10-12,2000-10-12 12:00:00,2000,Manipur,24.5116,93.7896,Absence Control: Loktak Lake Basin,Loktak Lake Basin,Point verified absence,None,None,None,Low-slope plain / valley basin,0,0,Apda_Mitra_Spatial_Buffer_Sampling,Absence_Control,NEG-00911,Spatial_Absence_Control,https://apdamitra.in/data/absence,Buffered >= 0.1 deg from positive slides,VALID_NEGATIVE_ABSENCE,760,1.0,109.3,-0.0044,0
APDA-NEG-00912,2005-12-13,2005-12-13 12:00:00,2005,Manipur,24.5182,93.7715,Absence Control: Loktak Lake Basin,Loktak Lake Basin,Point verified absence,None,None,None,Low-slope plain / valley basin,0,0,Apda_Mitra_Spatial_Buffer_Sampling,Absence_Control,NEG-00912,Spatial_Absence_Control,https://apdamitra.in/data/absence,Buffered >= 0.1 deg from positive slides,VALID_NEGATIVE_ABSENCE,776,1.9,88.6,0.0153,0
APDA-NEG-00913,2015-09-10,2015-09-10 12:00:00,2015,Manipur,24.4717,93.9311,Absence Control: Kakching Plain,Kakching Plain,Point verified absence,None,None,None,Low-slope plain / valley basin,0,0,Apda_Mitra_Spatial_Buffer_Sampling,Absence_Control,NEG-00913,Spatial_Absence_Control,https://apdamitra.in/data/absence,Buffered >= 0.1 deg from positive slides,VALID_NEGATIVE_ABSENCE,771,3.4,141.8,-0.0077,0
APDA-NEG-00914,2019-09-03,2019-09-03 12:00:00,2019,Manipur,24.4647,93.9551,Absence Control: Kakching Plain,Kakching Plain,Point verified absence,None,None,None,Low-slope plain / valley basin,0,0,Apda_Mitra_Spatial_Buffer_Sampling,Absence_Control,NEG-00914,Spatial_Absence_Control,https://apdamitra.in/data/absence,Buffered >= 0.1 deg from positive slides,VALID_NEGATIVE_ABSENCE,757,1.5,146.3,0.0069,0
APDA-NEG-00915,2006-08-21,2006-08-21 12:00:00,2006,Manipur,24.5115,93.8603,Absence Control: Loktak Lake Basin,Loktak Lake Basin,Point verified absence,None,None,None,Low-slope plain / valley basin,0,0,Apda_Mitra_Spatial_Buffer_Sampling,Absence_Control,NEG-00915,Spatial_Absence_Control,https://apdamitra.in/data/absence,Buffered >= 0.1 deg from positive slides,VALID_NEGATIVE_ABSENCE,796,1.6,338.1,0.0052,0
APDA-NEG-00916,2003-06-16,2003-06-16 12:00:00,2003,Manipur,24.5929,93.8361,Absence Control: Loktak Lake Basin,Loktak Lake Basin,Point verified absence,None,None,None,Low-slope plain / valley basin,0,0,Apda_Mitra_Spatial_Buffer_Sampling,Absence_Control,NEG-00916,Spatial_Absence_Control,https://apdamitra.in/data/absence,Buffered >= 0.1 deg from positive slides,VALID_NEGATIVE_ABSENCE,756,1.9,9.7,0.0195,0
APDA-NEG-00917,1996-06-13,1996-06-13 12:00:00,1996,Manipur,24.5864,93.7641,Absence Control: Loktak Lake Basin,Loktak Lake Basin,Point verified absence,None,None,None,Low-slope plain / valley basin,0,0,Apda_Mitra_Spatial_Buffer_Sampling,Absence_Control,NEG-00917,Spatial_Absence_Control,https://apdamitra.in/data/absence,Buffered >= 0.1 deg from positive slides,VALID_NEGATIVE_ABSENCE,788,2.5,359.0,0.0175,0
APDA-NEG-00918,2002-04-25,2002-04-25 12:00:00,2002,Manipur,24.5103,93.7802,Absence Control: Loktak Lake Basin,Loktak Lake Basin,Point verified absence,None,None,None,Low-slope plain / valley basin,0,0,Apda_Mitra_Spatial_Buffer_Sampling,Absence_Control,NEG-00918,Spatial_Absence_Control,https://apdamitra.in/data/absence,Buffered >= 0.1 deg from positive slides,VALID_NEGATIVE_ABSENCE,771,2.2,250.3,0.0181,0
APDA-NEG-00919,2012-07-11,2012-07-11 12:00:00,2012,Manipur,24.5829,93.8595,Absence Control: Loktak Lake Basin,Loktak Lake Basin,Point verified absence,None,None,None,Low-slope plain / valley basin,0,0,Apda_Mitra_Spatial_Buffer_Sampling,Absence_Control,NEG-00919,Spatial_Absence_Control,https://apdamitra.in/data/absence,Buffered >= 0.1 deg from positive slides,VALID_NEGATIVE_ABSENCE,785,1.1,77.1,0.0049,0
APDA-NEG-00920,2007-02-17,2007-02-17 12:00:00,2007,Manipur,24.5675,93.8427,Absence Control: Loktak Lake Basin,Loktak Lake Basin,Point verified absence,None,None,None,Low-slope plain / valley basin,0,0,Apda_Mitra_Spatial_Buffer_Sampling,Absence_Control,NEG-00920,Spatial_Absence_Control,https://apdamitra.in/data/absence,Buffered >= 0.1 deg from positive slides,VALID_NEGATIVE_ABSENCE,794,2.1,42.1,0.0172,0
APDA-NEG-00921,2003-03-19,2003-03-19 12:00:00,2003,Manipur,24.5972,93.8138,Absence Control: Loktak Lake Basin,Loktak Lake Basin,Point verified absence,None,None,None,Low-slope plain / valley basin,0,0,Apda_Mitra_Spatial_Buffer_Sampling,Absence_Control,NEG-00921,Spatial_Absence_Control,https://apdamitra.in/data/absence,Buffered >= 0.1 deg from positive slides,VALID_NEGATIVE_ABSENCE,754,1.0,155.3,-0.0011,0
APDA-NEG-00922,2019-11-02,2019-11-02 12:00:00,2019,Manipur,24.4825,93.9315,Absence Control: Kakching Plain,Kakching Plain,Point verified absence,None,None,None,Low-slope plain / valley basin,0,0,Apda_Mitra_Spatial_Buffer_Sampling,Absence_Control,NEG-00922,Spatial_Absence_Control,https://apdamitra.in/data/absence,Buffered >= 0.1 deg from positive slides,VALID_NEGATIVE_ABSENCE,768,2.7,169.3,0.006,0
APDA-NEG-00923,2006-11-18,2006-11-18 12:00:00,2006,Manipur,24.5441,94.0038,Absence Control: Kakching Plain,Kakching Plain,Point verified absence,None,None,None,Low-slope plain / valley basin,0,0,Apda_Mitra_Spatial_Buffer_Sampling,Absence_Control,NEG-00923,Spatial_Absence_Control,https://apdamitra.in/data/absence,Buffered >= 0.1 deg from positive slides,VALID_NEGATIVE_ABSENCE,794,2.2,157.2,-0.0076,0
APDA-NEG-00924,2014-12-05,2014-12-05 12:00:00,2014,Manipur,24.5085,93.9783,Absence Control: Kakching Plain,Kakching Plain,Point verified absence,None,None,None,Low-slope plain / valley basin,0,0,Apda_Mitra_Spatial_Buffer_Sampling,Absence_Control,NEG-00924,Spatial_Absence_Control,https://apdamitra.in/data/absence,Buffered >= 0.1 deg from positive slides,VALID_NEGATIVE_ABSENCE,780,1.6,102.0,0.0176,0
APDA-NEG-00925,2005-01-22,2005-01-22 12:00:00,2005,Manipur,24.5618,93.7611,Absence Control: Loktak Lake Basin,Loktak Lake Basin,Point verified absence,None,None,None,Low-slope plain / valley basin,0,0,Apda_Mitra_Spatial_Buffer_Sampling,Absence_Control,NEG-00925,Spatial_Absence_Control,https://apdamitra.in/data/absence,Buffered >= 0.1 deg from positive slides,VALID_NEGATIVE_ABSENCE,777,1.0,307.6,-0.0173,0
APDA-NEG-00926,1998-11-06,1998-11-06 12:00:00,1998,Manipur,24.5175,93.8186,Absence Control: Loktak Lake Basin,Loktak Lake Basin,Point verified absence,None,None,None,Low-slope plain / valley basin,0,0,Apda_Mitra_Spatial_Buffer_Sampling,Absence_Control,NEG-00926,Spatial_Absence_Control,https://apdamitra.in/data/absence,Buffered >= 0.1 deg from positive slides,VALID_NEGATIVE_ABSENCE,768,1.0,148.2,0.0075,0
APDA-NEG-00927,2012-08-04,2012-08-04 12:00:00,2012,Manipur,24.5427,93.9613,Absence Control: Kakching Plain,Kakching Plain,Point verified absence,None,None,None,Low-slope plain / valley basin,0,0,Apda_Mitra_Spatial_Buffer_Sampling,Absence_Control,NEG-00927,Spatial_Absence_Control,https://apdamitra.in/data/absence,Buffered >= 0.1 deg from positive slides,VALID_NEGATIVE_ABSENCE,781,1.4,155.0,0.0153,0
APDA-NEG-00928,2006-10-14,2006-10-14 12:00:00,2006,Manipur,24.6109,93.8175,Absence Control: Loktak Lake Basin,Loktak Lake Basin,Point verified absence,None,None,None,Low-slope plain / valley basin,0,0,Apda_Mitra_Spatial_Buffer_Sampling,Absence_Control,NEG-00928,Spatial_Absence_Control,https://apdamitra.in/data/absence,Buffered >= 0.1 deg from positive slides,VALID_NEGATIVE_ABSENCE,755,1.5,72.9,0.0158,0
APDA-NEG-00929,2011-09-19,2011-09-19 12:00:00,2011,Manipur,24.5861,93.8461,Absence Control: Loktak Lake Basin,Loktak Lake Basin,Point verified absence,None,None,None,Low-slope plain / valley basin,0,0,Apda_Mitra_Spatial_Buffer_Sampling,Absence_Control,NEG-00929,Spatial_Absence_Control,https://apdamitra.in/data/absence,Buffered >= 0.1 deg from positive slides,VALID_NEGATIVE_ABSENCE,786,1.0,317.5,-0.0146,0
APDA-NEG-00930,2008-04-12,2008-04-12 12:00:00,2008,Manipur,24.585,93.8695,Absence Control: Loktak Lake Basin,Loktak Lake Basin,Point verified absence,None,None,None,Low-slope plain / valley basin,0,0,Apda_Mitra_Spatial_Buffer_Sampling,Absence_Control,NEG-00930,Spatial_Absence_Control,https://apdamitra.in/data/absence,Buffered >= 0.1 deg from positive slides,VALID_NEGATIVE_ABSENCE,776,2.7,309.5,-0.0019,0
APDA-NEG-00931,2018-07-03,2018-07-03 12:00:00,2018,Manipur,24.509,93.7823,Absence Control: Loktak Lake Basin,Loktak Lake Basin,Point verified absence,None,None,None,Low-slope plain / valley basin,0,0,Apda_Mitra_Spatial_Buffer_Sampling,Absence_Control,NEG-00931,Spatial_Absence_Control,https://apdamitra.in/data/absence,Buffered >= 0.1 deg from positive slides,VALID_NEGATIVE_ABSENCE,776,1.0,38.3,-0.0104,0
APDA-NEG-00932,1999-04-15,1999-04-15 12:00:00,1999,Manipur,24.5913,93.8407,Absence Control: Loktak Lake Basin,Loktak Lake Basin,Point verified absence,None,None,None,Low-slope plain / valley basin,0,0,Apda_Mitra_Spatial_Buffer_Sampling,Absence_Control,NEG-00932,Spatial_Absence_Control,https://apdamitra.in/data/absence,Buffered >= 0.1 deg from positive slides,VALID_NEGATIVE_ABSENCE,791,2.7,44.3,0.0118,0
APDA-NEG-00933,2001-11-09,2001-11-09 12:00:00,2001,Manipur,24.5018,93.9696,Absence Control: Kakching Plain,Kakching Plain,Point verified absence,None,None,None,Low-slope plain / valley basin,0,0,Apda_Mitra_Spatial_Buffer_Sampling,Absence_Control,NEG-00933,Spatial_Absence_Control,https://apdamitra.in/data/absence,Buffered >= 0.1 deg from positive slides,VALID_NEGATIVE_ABSENCE,756,1.7,13.3,0.009,0
APDA-NEG-00934,2014-05-13,2014-05-13 12:00:00,2014,Manipur,24.5675,93.8325,Absence Control: Loktak Lake Basin,Loktak Lake Basin,Point verified absence,None,None,None,Low-slope plain / valley basin,0,0,Apda_Mitra_Spatial_Buffer_Sampling,Absence_Control,NEG-00934,Spatial_Absence_Control,https://apdamitra.in/data/absence,Buffered >= 0.1 deg from positive slides,VALID_NEGATIVE_ABSENCE,797,1.2,336.3,-0.0093,0
APDA-NEG-00935,1995-12-24,1995-12-24 12:00:00,1995,Manipur,24.5006,93.968,Absence Control: Kakching Plain,Kakching Plain,Point verified absence,None,None,None,Low-slope plain / valley basin,0,0,Apda_Mitra_Spatial_Buffer_Sampling,Absence_Control,NEG-00935,Spatial_Absence_Control,https://apdamitra.in/data/absence,Buffered >= 0.1 deg from positive slides,VALID_NEGATIVE_ABSENCE,774,1.4,281.6,-0.0068,0
APDA-NEG-00936,1996-12-21,1996-12-21 12:00:00,1996,Manipur,24.5026,93.9596,Absence Control: Kakching Plain,Kakching Plain,Point verified absence,None,None,None,Low-slope plain / valley basin,0,0,Apda_Mitra_Spatial_Buffer_Sampling,Absence_Control,NEG-00936,Spatial_Absence_Control,https://apdamitra.in/data/absence,Buffered >= 0.1 deg from positive slides,VALID_NEGATIVE_ABSENCE,781,2.9,209.9,0.0087,0
APDA-NEG-00937,2013-10-10,2013-10-10 12:00:00,2013,Manipur,24.5684,93.7911,Absence Control: Loktak Lake Basin,Loktak Lake Basin,Point verified absence,None,None,None,Low-slope plain / valley basin,0,0,Apda_Mitra_Spatial_Buffer_Sampling,Absence_Control,NEG-00937,Spatial_Absence_Control,https://apdamitra.in/data/absence,Buffered >= 0.1 deg from positive slides,VALID_NEGATIVE_ABSENCE,760,2.8,62.7,-0.0133,0
APDA-NEG-00938,2008-01-26,2008-01-26 12:00:00,2008,Manipur,24.5067,93.7877,Absence Control: Loktak Lake Basin,Loktak Lake Basin,Point verified absence,None,None,None,Low-slope plain / valley basin,0,0,Apda_Mitra_Spatial_Buffer_Sampling,Absence_Control,NEG-00938,Spatial_Absence_Control,https://apdamitra.in/data/absence,Buffered >= 0.1 deg from positive slides,VALID_NEGATIVE_ABSENCE,774,2.9,206.3,0.0047,0
APDA-NEG-00939,2001-01-19,2001-01-19 12:00:00,2001,Manipur,24.5899,93.7929,Absence Control: Loktak Lake Basin,Loktak Lake Basin,Point verified absence,None,None,None,Low-slope plain / valley basin,0,0,Apda_Mitra_Spatial_Buffer_Sampling,Absence_Control,NEG-00939,Spatial_Absence_Control,https://apdamitra.in/data/absence,Buffered >= 0.1 deg from positive slides,VALID_NEGATIVE_ABSENCE,771,2.6,258.9,-0.0098,0
APDA-NEG-00940,2019-03-14,2019-03-14 12:00:00,2019,Manipur,24.5934,93.789,Absence Control: Loktak Lake Basin,Loktak Lake Basin,Point verified absence,None,None,None,Low-slope plain / valley basin,0,0,Apda_Mitra_Spatial_Buffer_Sampling,Absence_Control,NEG-00940,Spatial_Absence_Control,https://apdamitra.in/data/absence,Buffered >= 0.1 deg from positive slides,VALID_NEGATIVE_ABSENCE,757,1.0,23.2,0.0015,0
APDA-NEG-00941,2007-05-24,2007-05-24 12:00:00,2007,Manipur,24.5245,93.8071,Absence Control: Loktak Lake Basin,Loktak Lake Basin,Point verified absence,None,None,None,Low-slope plain / valley basin,0,0,Apda_Mitra_Spatial_Buffer_Sampling,Absence_Control,NEG-00941,Spatial_Absence_Control,https://apdamitra.in/data/absence,Buffered >= 0.1 deg from positive slides,VALID_NEGATIVE_ABSENCE,759,2.4,129.0,-0.0141,0
APDA-NEG-00942,2011-11-15,2011-11-15 12:00:00,2011,Manipur,24.5619,93.8273,Absence Control: Loktak Lake Basin,Loktak Lake Basin,Point verified absence,None,None,None,Low-slope plain / valley basin,0,0,Apda_Mitra_Spatial_Buffer_Sampling,Absence_Control,NEG-00942,Spatial_Absence_Control,https://apdamitra.in/data/absence,Buffered >= 0.1 deg from positive slides,VALID_NEGATIVE_ABSENCE,779,2.2,269.0,-0.0009,0
APDA-NEG-00943,2019-06-08,2019-06-08 12:00:00,2019,Manipur,24.5089,93.9859,Absence Control: Kakching Plain,Kakching Plain,Point verified absence,None,None,None,Low-slope plain / valley basin,0,0,Apda_Mitra_Spatial_Buffer_Sampling,Absence_Control,NEG-00943,Spatial_Absence_Control,https://apdamitra.in/data/absence,Buffered >= 0.1 deg from positive slides,VALID_NEGATIVE_ABSENCE,792,1.5,91.5,0.0128,0
APDA-NEG-00944,2017-04-21,2017-04-21 12:00:00,2017,Manipur,24.5181,93.8413,Absence Control: Loktak Lake Basin,Loktak Lake Basin,Point verified absence,None,None,None,Low-slope plain / valley basin,0,0,Apda_Mitra_Spatial_Buffer_Sampling,Absence_Control,NEG-00944,Spatial_Absence_Control,https://apdamitra.in/data/absence,Buffered >= 0.1 deg from positive slides,VALID_NEGATIVE_ABSENCE,781,1.0,152.7,0.018,0
APDA-NEG-00945,2011-09-22,2011-09-22 12:00:00,2011,Manipur,24.5225,94.0164,Absence Control: Kakching Plain,Kakching Plain,Point verified absence,None,None,None,Low-slope plain / valley basin,0,0,Apda_Mitra_Spatial_Buffer_Sampling,Absence_Control,NEG-00945,Spatial_Absence_Control,https://apdamitra.in/data/absence,Buffered >= 0.1 deg from positive slides,VALID_NEGATIVE_ABSENCE,804,2.3,80.3,-0.0133,0
APDA-NEG-00946,2015-06-10,2015-06-10 12:00:00,2015,Manipur,24.4957,93.7864,Absence Control: Loktak Lake Basin,Loktak Lake Basin,Point verified absence,None,None,None,Low-slope plain / valley basin,0,0,Apda_Mitra_Spatial_Buffer_Sampling,Absence_Control,NEG-00946,Spatial_Absence_Control,https://apdamitra.in/data/absence,Buffered >= 0.1 deg from positive slides,VALID_NEGATIVE_ABSENCE,765,1.0,86.1,-0.0104,0
APDA-NEG-00947,2011-10-04,2011-10-04 12:00:00,2011,Manipur,24.577,93.8538,Absence Control: Loktak Lake Basin,Loktak Lake Basin,Point verified absence,None,None,None,Low-slope plain / valley basin,0,0,Apda_Mitra_Spatial_Buffer_Sampling,Absence_Control,NEG-00947,Spatial_Absence_Control,https://apdamitra.in/data/absence,Buffered >= 0.1 deg from positive slides,VALID_NEGATIVE_ABSENCE,788,1.0,345.6,-0.0193,0
APDA-NEG-00948,2017-09-28,2017-09-28 12:00:00,2017,Manipur,24.5981,93.8432,Absence Control: Loktak Lake Basin,Loktak Lake Basin,Point verified absence,None,None,None,Low-slope plain / valley basin,0,0,Apda_Mitra_Spatial_Buffer_Sampling,Absence_Control,NEG-00948,Spatial_Absence_Control,https://apdamitra.in/data/absence,Buffered >= 0.1 deg from positive slides,VALID_NEGATIVE_ABSENCE,793,2.1,179.7,-0.0097,0
APDA-NEG-00949,1996-05-20,1996-05-20 12:00:00,1996,Manipur,24.495,93.9333,Absence Control: Kakching Plain,Kakching Plain,Point verified absence,None,None,None,Low-slope plain / valley basin,0,0,Apda_Mitra_Spatial_Buffer_Sampling,Absence_Control,NEG-00949,Spatial_Absence_Control,https://apdamitra.in/data/absence,Buffered >= 0.1 deg from positive slides,VALID_NEGATIVE_ABSENCE,776,1.6,163.4,-0.0111,0
APDA-NEG-00950,1997-08-05,1997-08-05 12:00:00,1997,Manipur,24.506,93.9271,Absence Control: Kakching Plain,Kakching Plain,Point verified absence,None,None,None,Low-slope plain / valley basin,0,0,Apda_Mitra_Spatial_Buffer_Sampling,Absence_Control,NEG-00950,Spatial_Absence_Control,https://apdamitra.in/data/absence,Buffered >= 0.1 deg from positive slides,VALID_NEGATIVE_ABSENCE,767,3.3,45.1,0.0028,0
APDA-NEG-00951,2018-02-09,2018-02-09 12:00:00,2018,Manipur,24.5923,93.846,Absence Control: Loktak Lake Basin,Loktak Lake Basin,Point verified absence,None,None,None,Low-slope plain / valley basin,0,0,Apda_Mitra_Spatial_Buffer_Sampling,Absence_Control,NEG-00951,Spatial_Absence_Control,https://apdamitra.in/data/absence,Buffered >= 0.1 deg from positive slides,VALID_NEGATIVE_ABSENCE,767,2.3,225.7,0.0067,0
APDA-NEG-00952,2012-09-10,2012-09-10 12:00:00,2012,Manipur,24.5736,93.7967,Absence Control: Loktak Lake Basin,Loktak Lake Basin,Point verified absence,None,None,None,Low-slope plain / valley basin,0,0,Apda_Mitra_Spatial_Buffer_Sampling,Absence_Control,NEG-00952,Spatial_Absence_Control,https://apdamitra.in/data/absence,Buffered >= 0.1 deg from positive slides,VALID_NEGATIVE_ABSENCE,755,1.0,27.6,0.0193,0
APDA-NEG-00953,1997-06-02,1997-06-02 12:00:00,1997,Manipur,24.5001,93.7761,Absence Control: Loktak Lake Basin,Loktak Lake Basin,Point verified absence,None,None,None,Low-slope plain / valley basin,0,0,Apda_Mitra_Spatial_Buffer_Sampling,Absence_Control,NEG-00953,Spatial_Absence_Control,https://apdamitra.in/data/absence,Buffered >= 0.1 deg from positive slides,VALID_NEGATIVE_ABSENCE,792,1.0,330.0,0.0193,0
APDA-NEG-00954,2017-02-24,2017-02-24 12:00:00,2017,Manipur,24.5501,93.8128,Absence Control: Loktak Lake Basin,Loktak Lake Basin,Point verified absence,None,None,None,Low-slope plain / valley basin,0,0,Apda_Mitra_Spatial_Buffer_Sampling,Absence_Control,NEG-00954,Spatial_Absence_Control,https://apdamitra.in/data/absence,Buffered >= 0.1 deg from positive slides,VALID_NEGATIVE_ABSENCE,776,1.8,297.9,-0.0149,0
APDA-NEG-00955,1999-01-26,1999-01-26 12:00:00,1999,Manipur,24.5869,93.8219,Absence Control: Loktak Lake Basin,Loktak Lake Basin,Point verified absence,None,None,None,Low-slope plain / valley basin,0,0,Apda_Mitra_Spatial_Buffer_Sampling,Absence_Control,NEG-00955,Spatial_Absence_Control,https://apdamitra.in/data/absence,Buffered >= 0.1 deg from positive slides,VALID_NEGATIVE_ABSENCE,754,1.7,297.0,-0.0112,0
APDA-NEG-00956,1998-04-17,1998-04-17 12:00:00,1998,Manipur,24.5089,93.9942,Absence Control: Kakching Plain,Kakching Plain,Point verified absence,None,None,None,Low-slope plain / valley basin,0,0,Apda_Mitra_Spatial_Buffer_Sampling,Absence_Control,NEG-00956,Spatial_Absence_Control,https://apdamitra.in/data/absence,Buffered >= 0.1 deg from positive slides,VALID_NEGATIVE_ABSENCE,765,3.4,18.0,0.0188,0
APDA-NEG-00957,2014-05-10,2014-05-10 12:00:00,2014,Manipur,24.4963,93.9429,Absence Control: Kakching Plain,Kakching Plain,Point verified absence,None,None,None,Low-slope plain / valley basin,0,0,Apda_Mitra_Spatial_Buffer_Sampling,Absence_Control,NEG-00957,Spatial_Absence_Control,https://apdamitra.in/data/absence,Buffered >= 0.1 deg from positive slides,VALID_NEGATIVE_ABSENCE,802,2.3,45.5,0.0143,0
APDA-NEG-00958,1999-03-18,1999-03-18 12:00:00,1999,Manipur,24.4991,93.9717,Absence Control: Kakching Plain,Kakching Plain,Point verified absence,None,None,None,Low-slope plain / valley basin,0,0,Apda_Mitra_Spatial_Buffer_Sampling,Absence_Control,NEG-00958,Spatial_Absence_Control,https://apdamitra.in/data/absence,Buffered >= 0.1 deg from positive slides,VALID_NEGATIVE_ABSENCE,785,3.4,226.5,-0.0176,0
APDA-NEG-00959,2015-06-28,2015-06-28 12:00:00,2015,Manipur,24.5161,93.7806,Absence Control: Loktak Lake Basin,Loktak Lake Basin,Point verified absence,None,None,None,Low-slope plain / valley basin,0,0,Apda_Mitra_Spatial_Buffer_Sampling,Absence_Control,NEG-00959,Spatial_Absence_Control,https://apdamitra.in/data/absence,Buffered >= 0.1 deg from positive slides,VALID_NEGATIVE_ABSENCE,796,2.5,30.0,-0.0034,0
APDA-NEG-00960,2000-09-02,2000-09-02 12:00:00,2000,Manipur,24.5186,93.7637,Absence Control: Loktak Lake Basin,Loktak Lake Basin,Point verified absence,None,None,None,Low-slope plain / valley basin,0,0,Apda_Mitra_Spatial_Buffer_Sampling,Absence_Control,NEG-00960,Spatial_Absence_Control,https://apdamitra.in/data/absence,Buffered >= 0.1 deg from positive slides,VALID_NEGATIVE_ABSENCE,771,1.8,214.1,-0.0094,0
APDA-NEG-00961,1996-03-25,1996-03-25 12:00:00,1996,Manipur,24.55,93.7664,Absence Control: Loktak Lake Basin,Loktak Lake Basin,Point verified absence,None,None,None,Low-slope plain / valley basin,0,0,Apda_Mitra_Spatial_Buffer_Sampling,Absence_Control,NEG-00961,Spatial_Absence_Control,https://apdamitra.in/data/absence,Buffered >= 0.1 deg from positive slides,VALID_NEGATIVE_ABSENCE,787,2.0,96.6,0.0089,0
APDA-NEG-00962,2010-07-18,2010-07-18 12:00:00,2010,Manipur,24.498,93.8202,Absence Control: Loktak Lake Basin,Loktak Lake Basin,Point verified absence,None,None,None,Low-slope plain / valley basin,0,0,Apda_Mitra_Spatial_Buffer_Sampling,Absence_Control,NEG-00962,Spatial_Absence_Control,https://apdamitra.in/data/absence,Buffered >= 0.1 deg from positive slides,VALID_NEGATIVE_ABSENCE,769,1.0,110.0,-0.0195,0
APDA-NEG-00963,1999-05-05,1999-05-05 12:00:00,1999,Manipur,24.5962,93.8271,Absence Control: Loktak Lake Basin,Loktak Lake Basin,Point verified absence,None,None,None,Low-slope plain / valley basin,0,0,Apda_Mitra_Spatial_Buffer_Sampling,Absence_Control,NEG-00963,Spatial_Absence_Control,https://apdamitra.in/data/absence,Buffered >= 0.1 deg from positive slides,VALID_NEGATIVE_ABSENCE,785,1.7,259.7,0.0078,0
APDA-NEG-00964,2009-03-28,2009-03-28 12:00:00,2009,Manipur,24.5867,93.7835,Absence Control: Loktak Lake Basin,Loktak Lake Basin,Point verified absence,None,None,None,Low-slope plain / valley basin,0,0,Apda_Mitra_Spatial_Buffer_Sampling,Absence_Control,NEG-00964,Spatial_Absence_Control,https://apdamitra.in/data/absence,Buffered >= 0.1 deg from positive slides,VALID_NEGATIVE_ABSENCE,768,2.6,212.5,-0.0077,0
APDA-NEG-00965,2015-02-11,2015-02-11 12:00:00,2015,Manipur,24.5205,94.0148,Absence Control: Kakching Plain,Kakching Plain,Point verified absence,None,None,None,Low-slope plain / valley basin,0,0,Apda_Mitra_Spatial_Buffer_Sampling,Absence_Control,NEG-00965,Spatial_Absence_Control,https://apdamitra.in/data/absence,Buffered >= 0.1 deg from positive slides,VALID_NEGATIVE_ABSENCE,760,2.1,84.1,-0.0052,0
APDA-NEG-00966,2003-11-06,2003-11-06 12:00:00,2003,Manipur,24.4661,93.9547,Absence Control: Kakching Plain,Kakching Plain,Point verified absence,None,None,None,Low-slope plain / valley basin,0,0,Apda_Mitra_Spatial_Buffer_Sampling,Absence_Control,NEG-00966,Spatial_Absence_Control,https://apdamitra.in/data/absence,Buffered >= 0.1 deg from positive slides,VALID_NEGATIVE_ABSENCE,761,3.0,89.7,-0.0106,0
APDA-NEG-00967,2009-03-14,2009-03-14 12:00:00,2009,Manipur,24.5253,93.8064,Absence Control: Loktak Lake Basin,Loktak Lake Basin,Point verified absence,None,None,None,Low-slope plain / valley basin,0,0,Apda_Mitra_Spatial_Buffer_Sampling,Absence_Control,NEG-00967,Spatial_Absence_Control,https://apdamitra.in/data/absence,Buffered >= 0.1 deg from positive slides,VALID_NEGATIVE_ABSENCE,788,1.0,354.0,0.0185,0
APDA-NEG-00968,2013-11-10,2013-11-10 12:00:00,2013,Manipur,24.5293,93.7981,Absence Control: Loktak Lake Basin,Loktak Lake Basin,Point verified absence,None,None,None,Low-slope plain / valley basin,0,0,Apda_Mitra_Spatial_Buffer_Sampling,Absence_Control,NEG-00968,Spatial_Absence_Control,https://apdamitra.in/data/absence,Buffered >= 0.1 deg from positive slides,VALID_NEGATIVE_ABSENCE,786,2.4,149.2,-0.0022,0
APDA-NEG-00969,2003-12-12,2003-12-12 12:00:00,2003,Manipur,24.6017,93.779,Absence Control: Loktak Lake Basin,Loktak Lake Basin,Point verified absence,None,None,None,Low-slope plain / valley basin,0,0,Apda_Mitra_Spatial_Buffer_Sampling,Absence_Control,NEG-00969,Spatial_Absence_Control,https://apdamitra.in/data/absence,Buffered >= 0.1 deg from positive slides,VALID_NEGATIVE_ABSENCE,758,1.0,358.4,0.0015,0
APDA-NEG-00970,2003-08-13,2003-08-13 12:00:00,2003,Manipur,24.5446,93.8102,Absence Control: Loktak Lake Basin,Loktak Lake Basin,Point verified absence,None,None,None,Low-slope plain / valley basin,0,0,Apda_Mitra_Spatial_Buffer_Sampling,Absence_Control,NEG-00970,Spatial_Absence_Control,https://apdamitra.in/data/absence,Buffered >= 0.1 deg from positive slides,VALID_NEGATIVE_ABSENCE,772,1.9,214.1,0.018,0
APDA-NEG-00971,2001-08-04,2001-08-04 12:00:00,2001,Manipur,24.5588,93.8203,Absence Control: Loktak Lake Basin,Loktak Lake Basin,Point verified absence,None,None,None,Low-slope plain / valley basin,0,0,Apda_Mitra_Spatial_Buffer_Sampling,Absence_Control,NEG-00971,Spatial_Absence_Control,https://apdamitra.in/data/absence,Buffered >= 0.1 deg from positive slides,VALID_NEGATIVE_ABSENCE,749,2.7,87.0,0.0156,0
APDA-NEG-00972,2020-10-06,2020-10-06 12:00:00,2020,Manipur,24.5271,93.7754,Absence Control: Loktak Lake Basin,Loktak Lake Basin,Point verified absence,None,None,None,Low-slope plain / valley basin,0,0,Apda_Mitra_Spatial_Buffer_Sampling,Absence_Control,NEG-00972,Spatial_Absence_Control,https://apdamitra.in/data/absence,Buffered >= 0.1 deg from positive slides,VALID_NEGATIVE_ABSENCE,756,2.3,324.8,-0.0014,0
APDA-NEG-00973,2019-09-24,2019-09-24 12:00:00,2019,Manipur,24.5361,93.7707,Absence Control: Loktak Lake Basin,Loktak Lake Basin,Point verified absence,None,None,None,Low-slope plain / valley basin,0,0,Apda_Mitra_Spatial_Buffer_Sampling,Absence_Control,NEG-00973,Spatial_Absence_Control,https://apdamitra.in/data/absence,Buffered >= 0.1 deg from positive slides,VALID_NEGATIVE_ABSENCE,749,1.5,212.3,0.0089,0
APDA-NEG-00974,2012-07-24,2012-07-24 12:00:00,2012,Manipur,24.491,93.9703,Absence Control: Kakching Plain,Kakching Plain,Point verified absence,None,None,None,Low-slope plain / valley basin,0,0,Apda_Mitra_Spatial_Buffer_Sampling,Absence_Control,NEG-00974,Spatial_Absence_Control,https://apdamitra.in/data/absence,Buffered >= 0.1 deg from positive slides,VALID_NEGATIVE_ABSENCE,770,2.9,351.8,0.0187,0
APDA-NEG-00975,2008-11-09,2008-11-09 12:00:00,2008,Manipur,24.499,93.9658,Absence Control: Kakching Plain,Kakching Plain,Point verified absence,None,None,None,Low-slope plain / valley basin,0,0,Apda_Mitra_Spatial_Buffer_Sampling,Absence_Control,NEG-00975,Spatial_Absence_Control,https://apdamitra.in/data/absence,Buffered >= 0.1 deg from positive slides,VALID_NEGATIVE_ABSENCE,785,1.4,70.8,-0.0089,0
APDA-NEG-00976,2021-02-16,2021-02-16 12:00:00,2021,Manipur,24.5893,93.7974,Absence Control: Loktak Lake Basin,Loktak Lake Basin,Point verified absence,None,None,None,Low-slope plain / valley basin,0,0,Apda_Mitra_Spatial_Buffer_Sampling,Absence_Control,NEG-00976,Spatial_Absence_Control,https://apdamitra.in/data/absence,Buffered >= 0.1 deg from positive slides,VALID_NEGATIVE_ABSENCE,765,1.5,184.3,-0.012,0
APDA-NEG-00977,2001-11-15,2001-11-15 12:00:00,2001,Manipur,24.5895,93.8257,Absence Control: Loktak Lake Basin,Loktak Lake Basin,Point verified absence,None,None,None,Low-slope plain / valley basin,0,0,Apda_Mitra_Spatial_Buffer_Sampling,Absence_Control,NEG-00977,Spatial_Absence_Control,https://apdamitra.in/data/absence,Buffered >= 0.1 deg from positive slides,VALID_NEGATIVE_ABSENCE,780,1.0,62.7,-0.0176,0
APDA-NEG-00978,2004-07-04,2004-07-04 12:00:00,2004,Manipur,24.5197,93.7745,Absence Control: Loktak Lake Basin,Loktak Lake Basin,Point verified absence,None,None,None,Low-slope plain / valley basin,0,0,Apda_Mitra_Spatial_Buffer_Sampling,Absence_Control,NEG-00978,Spatial_Absence_Control,https://apdamitra.in/data/absence,Buffered >= 0.1 deg from positive slides,VALID_NEGATIVE_ABSENCE,767,1.4,70.5,0.0195,0
APDA-NEG-00979,2009-01-11,2009-01-11 12:00:00,2009,Manipur,24.5407,93.8604,Absence Control: Loktak Lake Basin,Loktak Lake Basin,Point verified absence,None,None,None,Low-slope plain / valley basin,0,0,Apda_Mitra_Spatial_Buffer_Sampling,Absence_Control,NEG-00979,Spatial_Absence_Control,https://apdamitra.in/data/absence,Buffered >= 0.1 deg from positive slides,VALID_NEGATIVE_ABSENCE,777,1.0,164.7,0.0091,0
APDA-NEG-00980,2010-04-24,2010-04-24 12:00:00,2010,Manipur,24.5122,93.8463,Absence Control: Loktak Lake Basin,Loktak Lake Basin,Point verified absence,None,None,None,Low-slope plain / valley basin,0,0,Apda_Mitra_Spatial_Buffer_Sampling,Absence_Control,NEG-00980,Spatial_Absence_Control,https://apdamitra.in/data/absence,Buffered >= 0.1 deg from positive slides,VALID_NEGATIVE_ABSENCE,763,2.0,148.9,-0.0062,0
APDA-NEG-00981,1997-08-28,1997-08-28 12:00:00,1997,Manipur,24.5696,93.7838,Absence Control: Loktak Lake Basin,Loktak Lake Basin,Point verified absence,None,None,None,Low-slope plain / valley basin,0,0,Apda_Mitra_Spatial_Buffer_Sampling,Absence_Control,NEG-00981,Spatial_Absence_Control,https://apdamitra.in/data/absence,Buffered >= 0.1 deg from positive slides,VALID_NEGATIVE_ABSENCE,787,2.3,287.2,0.0091,0
APDA-NEG-00982,2007-04-25,2007-04-25 12:00:00,2007,Manipur,24.5126,93.8583,Absence Control: Loktak Lake Basin,Loktak Lake Basin,Point verified absence,None,None,None,Low-slope plain / valley basin,0,0,Apda_Mitra_Spatial_Buffer_Sampling,Absence_Control,NEG-00982,Spatial_Absence_Control,https://apdamitra.in/data/absence,Buffered >= 0.1 deg from positive slides,VALID_NEGATIVE_ABSENCE,762,2.6,209.1,-0.0021,0
APDA-NEG-00983,2008-08-17,2008-08-17 12:00:00,2008,Manipur,24.5473,93.7612,Absence Control: Loktak Lake Basin,Loktak Lake Basin,Point verified absence,None,None,None,Low-slope plain / valley basin,0,0,Apda_Mitra_Spatial_Buffer_Sampling,Absence_Control,NEG-00983,Spatial_Absence_Control,https://apdamitra.in/data/absence,Buffered >= 0.1 deg from positive slides,VALID_NEGATIVE_ABSENCE,792,2.9,25.6,0.0031,0
APDA-NEG-00984,2013-02-14,2013-02-14 12:00:00,2013,Manipur,24.5322,93.9288,Absence Control: Kakching Plain,Kakching Plain,Point verified absence,None,None,None,Low-slope plain / valley basin,0,0,Apda_Mitra_Spatial_Buffer_Sampling,Absence_Control,NEG-00984,Spatial_Absence_Control,https://apdamitra.in/data/absence,Buffered >= 0.1 deg from positive slides,VALID_NEGATIVE_ABSENCE,779,3.6,92.4,0.0146,0
APDA-NEG-00985,2001-03-03,2001-03-03 12:00:00,2001,Manipur,24.5102,93.7687,Absence Control: Loktak Lake Basin,Loktak Lake Basin,Point verified absence,None,None,None,Low-slope plain / valley basin,0,0,Apda_Mitra_Spatial_Buffer_Sampling,Absence_Control,NEG-00985,Spatial_Absence_Control,https://apdamitra.in/data/absence,Buffered >= 0.1 deg from positive slides,VALID_NEGATIVE_ABSENCE,773,2.1,193.4,0.0077,0
APDA-NEG-00986,2008-05-23,2008-05-23 12:00:00,2008,Manipur,24.5507,93.8052,Absence Control: Loktak Lake Basin,Loktak Lake Basin,Point verified absence,None,None,None,Low-slope plain / valley basin,0,0,Apda_Mitra_Spatial_Buffer_Sampling,Absence_Control,NEG-00986,Spatial_Absence_Control,https://apdamitra.in/data/absence,Buffered >= 0.1 deg from positive slides,VALID_NEGATIVE_ABSENCE,751,1.0,208.4,0.0086,0
APDA-NEG-00987,2007-01-03,2007-01-03 12:00:00,2007,Manipur,24.5424,93.9373,Absence Control: Kakching Plain,Kakching Plain,Point verified absence,None,None,None,Low-slope plain / valley basin,0,0,Apda_Mitra_Spatial_Buffer_Sampling,Absence_Control,NEG-00987,Spatial_Absence_Control,https://apdamitra.in/data/absence,Buffered >= 0.1 deg from positive slides,VALID_NEGATIVE_ABSENCE,781,1.7,358.8,0.0044,0
APDA-NEG-00988,2006-02-09,2006-02-09 12:00:00,2006,Manipur,24.5259,94.013,Absence Control: Kakching Plain,Kakching Plain,Point verified absence,None,None,None,Low-slope plain / valley basin,0,0,Apda_Mitra_Spatial_Buffer_Sampling,Absence_Control,NEG-00988,Spatial_Absence_Control,https://apdamitra.in/data/absence,Buffered >= 0.1 deg from positive slides,VALID_NEGATIVE_ABSENCE,780,1.9,271.7,-0.0145,0
APDA-NEG-00989,2019-08-10,2019-08-10 12:00:00,2019,Manipur,24.4968,93.8287,Absence Control: Loktak Lake Basin,Loktak Lake Basin,Point verified absence,None,None,None,Low-slope plain / valley basin,0,0,Apda_Mitra_Spatial_Buffer_Sampling,Absence_Control,NEG-00989,Spatial_Absence_Control,https://apdamitra.in/data/absence,Buffered >= 0.1 deg from positive slides,VALID_NEGATIVE_ABSENCE,766,1.9,24.7,0.0037,0
APDA-NEG-00990,2020-08-04,2020-08-04 12:00:00,2020,Manipur,24.5499,93.7583,Absence Control: Loktak Lake Basin,Loktak Lake Basin,Point verified absence,None,None,None,Low-slope plain / valley basin,0,0,Apda_Mitra_Spatial_Buffer_Sampling,Absence_Control,NEG-00990,Spatial_Absence_Control,https://apdamitra.in/data/absence,Buffered >= 0.1 deg from positive slides,VALID_NEGATIVE_ABSENCE,765,1.5,101.8,0.0064,0
APDA-NEG-00991,1995-12-18,1995-12-18 12:00:00,1995,Mizoram,24.2033,92.3363,Absence Control: Kanhmun Basin,Kanhmun Basin,Point verified absence,None,None,None,Low-slope plain / valley basin,0,0,Apda_Mitra_Spatial_Buffer_Sampling,Absence_Control,NEG-00991,Spatial_Absence_Control,https://apdamitra.in/data/absence,Buffered >= 0.1 deg from positive slides,VALID_NEGATIVE_ABSENCE,152,7.1,243.9,-0.0119,0
APDA-NEG-00992,2013-09-03,2013-09-03 12:00:00,2013,Mizoram,24.2671,92.7838,Absence Control: Vairengte Low Bench,Vairengte Low Bench,Point verified absence,None,None,None,Low-slope plain / valley basin,0,0,Apda_Mitra_Spatial_Buffer_Sampling,Absence_Control,NEG-00992,Spatial_Absence_Control,https://apdamitra.in/data/absence,Buffered >= 0.1 deg from positive slides,VALID_NEGATIVE_ABSENCE,234,8.8,45.4,0.0057,0
APDA-NEG-00993,2015-11-08,2015-11-08 12:00:00,2015,Mizoram,24.233,92.5602,Absence Control: Bairabi Tlawng River Basin,Bairabi Tlawng River Basin,Point verified absence,None,None,None,Low-slope plain / valley basin,0,0,Apda_Mitra_Spatial_Buffer_Sampling,Absence_Control,NEG-00993,Spatial_Absence_Control,https://apdamitra.in/data/absence,Buffered >= 0.1 deg from positive slides,VALID_NEGATIVE_ABSENCE,106,7.9,158.0,-0.0107,0
APDA-NEG-00994,2013-05-02,2013-05-02 12:00:00,2013,Mizoram,24.2691,92.2756,Absence Control: Kanhmun Basin,Kanhmun Basin,Point verified absence,None,None,None,Low-slope plain / valley basin,0,0,Apda_Mitra_Spatial_Buffer_Sampling,Absence_Control,NEG-00994,Spatial_Absence_Control,https://apdamitra.in/data/absence,Buffered >= 0.1 deg from positive slides,VALID_NEGATIVE_ABSENCE,135,9.1,88.2,0.0177,0
APDA-NEG-00995,1999-10-20,1999-10-20 12:00:00,1999,Mizoram,24.2077,92.2624,Absence Control: Kanhmun Basin,Kanhmun Basin,Point verified absence,None,None,None,Low-slope plain / valley basin,0,0,Apda_Mitra_Spatial_Buffer_Sampling,Absence_Control,NEG-00995,Spatial_Absence_Control,https://apdamitra.in/data/absence,Buffered >= 0.1 deg from positive slides,VALID_NEGATIVE_ABSENCE,176,8.2,198.1,0.0014,0
APDA-NEG-00996,2011-03-14,2011-03-14 12:00:00,2011,Mizoram,24.3469,92.7106,Absence Control: Vairengte Low Bench,Vairengte Low Bench,Point verified absence,None,None,None,Low-slope plain / valley basin,0,0,Apda_Mitra_Spatial_Buffer_Sampling,Absence_Control,NEG-00996,Spatial_Absence_Control,https://apdamitra.in/data/absence,Buffered >= 0.1 deg from positive slides,VALID_NEGATIVE_ABSENCE,224,10.3,115.0,-0.0038,0
APDA-NEG-00997,2021-10-20,2021-10-20 12:00:00,2021,Mizoram,24.1346,92.511,Absence Control: Bairabi Tlawng River Basin,Bairabi Tlawng River Basin,Point verified absence,None,None,None,Low-slope plain / valley basin,0,0,Apda_Mitra_Spatial_Buffer_Sampling,Absence_Control,NEG-00997,Spatial_Absence_Control,https://apdamitra.in/data/absence,Buffered >= 0.1 deg from positive slides,VALID_NEGATIVE_ABSENCE,133,7.9,325.6,-0.0186,0
APDA-NEG-00998,2020-03-14,2020-03-14 12:00:00,2020,Mizoram,24.2321,92.5492,Absence Control: Bairabi Tlawng River Basin,Bairabi Tlawng River Basin,Point verified absence,None,None,None,Low-slope plain / valley basin,0,0,Apda_Mitra_Spatial_Buffer_Sampling,Absence_Control,NEG-00998,Spatial_Absence_Control,https://apdamitra.in/data/absence,Buffered >= 0.1 deg from positive slides,VALID_NEGATIVE_ABSENCE,140,9.1,328.8,0.0117,0
APDA-NEG-00999,2007-05-01,2007-05-01 12:00:00,2007,Mizoram,24.1368,92.565,Absence Control: Bairabi Tlawng River Basin,Bairabi Tlawng River Basin,Point verified absence,None,None,None,Low-slope plain / valley basin,0,0,Apda_Mitra_Spatial_Buffer_Sampling,Absence_Control,NEG-00999,Spatial_Absence_Control,https://apdamitra.in/data/absence,Buffered >= 0.1 deg from positive slides,VALID_NEGATIVE_ABSENCE,112,7.8,83.3,-0.0076,0
APDA-NEG-01000,2021-12-04,2021-12-04 12:00:00,2021,Mizoram,24.168,92.5682,Absence Control: Bairabi Tlawng River Basin,Bairabi Tlawng River Basin,Point verified absence,None,None,None,Low-slope plain / valley basin,0,0,Apda_Mitra_Spatial_Buffer_Sampling,Absence_Control,NEG-01000,Spatial_Absence_Control,https://apdamitra.in/data/absence,Buffered >= 0.1 deg from positive slides,VALID_NEGATIVE_ABSENCE,107,8.4,84.8,0.0064,0
APDA-NEG-01001,2020-10-05,2020-10-05 12:00:00,2020,Mizoram,24.1434,92.533,Absence Control: Bairabi Tlawng River Basin,Bairabi Tlawng River Basin,Point verified absence,None,None,None,Low-slope plain / valley basin,0,0,Apda_Mitra_Spatial_Buffer_Sampling,Absence_Control,NEG-01001,Spatial_Absence_Control,https://apdamitra.in/data/absence,Buffered >= 0.1 deg from positive slides,VALID_NEGATIVE_ABSENCE,145,8.5,350.1,-0.0036,0
APDA-NEG-01002,2012-06-06,2012-06-06 12:00:00,2012,Mizoram,24.2071,92.4802,Absence Control: Bairabi Tlawng River Basin,Bairabi Tlawng River Basin,Point verified absence,None,None,None,Low-slope plain / valley basin,0,0,Apda_Mitra_Spatial_Buffer_Sampling,Absence_Control,NEG-01002,Spatial_Absence_Control,https://apdamitra.in/data/absence,Buffered >= 0.1 deg from positive slides,VALID_NEGATIVE_ABSENCE,124,7.6,183.6,-0.0102,0
APDA-NEG-01003,2018-10-27,2018-10-27 12:00:00,2018,Mizoram,24.1661,92.4962,Absence Control: Bairabi Tlawng River Basin,Bairabi Tlawng River Basin,Point verified absence,None,None,None,Low-slope plain / valley basin,0,0,Apda_Mitra_Spatial_Buffer_Sampling,Absence_Control,NEG-01003,Spatial_Absence_Control,https://apdamitra.in/data/absence,Buffered >= 0.1 deg from positive slides,VALID_NEGATIVE_ABSENCE,138,7.8,129.4,-0.0148,0
APDA-NEG-01004,2005-06-02,2005-06-02 12:00:00,2005,Mizoram,24.1865,92.482,Absence Control: Bairabi Tlawng River Basin,Bairabi Tlawng River Basin,Point verified absence,None,None,None,Low-slope plain / valley basin,0,0,Apda_Mitra_Spatial_Buffer_Sampling,Absence_Control,NEG-01004,Spatial_Absence_Control,https://apdamitra.in/data/absence,Buffered >= 0.1 deg from positive slides,VALID_NEGATIVE_ABSENCE,124,8.9,337.4,0.0173,0
APDA-NEG-01005,2017-11-17,2017-11-17 12:00:00,2017,Mizoram,24.2926,92.784,Absence Control: Vairengte Low Bench,Vairengte Low Bench,Point verified absence,None,None,None,Low-slope plain / valley basin,0,0,Apda_Mitra_Spatial_Buffer_Sampling,Absence_Control,NEG-01005,Spatial_Absence_Control,https://apdamitra.in/data/absence,Buffered >= 0.1 deg from positive slides,VALID_NEGATIVE_ABSENCE,252,8.6,104.1,0.0015,0
APDA-NEG-01006,1999-09-16,1999-09-16 12:00:00,1999,Mizoram,24.2188,92.2907,Absence Control: Kanhmun Basin,Kanhmun Basin,Point verified absence,None,None,None,Low-slope plain / valley basin,0,0,Apda_Mitra_Spatial_Buffer_Sampling,Absence_Control,NEG-01006,Spatial_Absence_Control,https://apdamitra.in/data/absence,Buffered >= 0.1 deg from positive slides,VALID_NEGATIVE_ABSENCE,168,7.4,322.5,-0.0086,0
APDA-NEG-01007,2020-08-20,2020-08-20 12:00:00,2020,Mizoram,24.361,92.7369,Absence Control: Vairengte Low Bench,Vairengte Low Bench,Point verified absence,None,None,None,Low-slope plain / valley basin,0,0,Apda_Mitra_Spatial_Buffer_Sampling,Absence_Control,NEG-01007,Spatial_Absence_Control,https://apdamitra.in/data/absence,Buffered >= 0.1 deg from positive slides,VALID_NEGATIVE_ABSENCE,226,10.4,5.7,-0.0111,0
APDA-NEG-01008,2018-09-16,2018-09-16 12:00:00,2018,Mizoram,24.2946,92.2693,Absence Control: Kanhmun Basin,Kanhmun Basin,Point verified absence,None,None,None,Low-slope plain / valley basin,0,0,Apda_Mitra_Spatial_Buffer_Sampling,Absence_Control,NEG-01008,Spatial_Absence_Control,https://apdamitra.in/data/absence,Buffered >= 0.1 deg from positive slides,VALID_NEGATIVE_ABSENCE,137,8.6,112.4,0.0105,0
APDA-NEG-01009,2013-09-06,2013-09-06 12:00:00,2013,Mizoram,24.2615,92.2418,Absence Control: Kanhmun Basin,Kanhmun Basin,Point verified absence,None,None,None,Low-slope plain / valley basin,0,0,Apda_Mitra_Spatial_Buffer_Sampling,Absence_Control,NEG-01009,Spatial_Absence_Control,https://apdamitra.in/data/absence,Buffered >= 0.1 deg from positive slides,VALID_NEGATIVE_ABSENCE,135,9.0,290.6,0.0181,0
APDA-NEG-01010,2014-03-17,2014-03-17 12:00:00,2014,Mizoram,24.1714,92.5727,Absence Control: Bairabi Tlawng River Basin,Bairabi Tlawng River Basin,Point verified absence,None,None,None,Low-slope plain / valley basin,0,0,Apda_Mitra_Spatial_Buffer_Sampling,Absence_Control,NEG-01010,Spatial_Absence_Control,https://apdamitra.in/data/absence,Buffered >= 0.1 deg from positive slides,VALID_NEGATIVE_ABSENCE,126,7.9,237.3,-0.0122,0
APDA-NEG-01011,1997-12-24,1997-12-24 12:00:00,1997,Mizoram,24.1968,92.3179,Absence Control: Kanhmun Basin,Kanhmun Basin,Point verified absence,None,None,None,Low-slope plain / valley basin,0,0,Apda_Mitra_Spatial_Buffer_Sampling,Absence_Control,NEG-01011,Spatial_Absence_Control,https://apdamitra.in/data/absence,Buffered >= 0.1 deg from positive slides,VALID_NEGATIVE_ABSENCE,140,7.5,290.4,-0.0187,0
APDA-NEG-01012,2005-12-03,2005-12-03 12:00:00,2005,Mizoram,24.2307,92.2927,Absence Control: Kanhmun Basin,Kanhmun Basin,Point verified absence,None,None,None,Low-slope plain / valley basin,0,0,Apda_Mitra_Spatial_Buffer_Sampling,Absence_Control,NEG-01012,Spatial_Absence_Control,https://apdamitra.in/data/absence,Buffered >= 0.1 deg from positive slides,VALID_NEGATIVE_ABSENCE,132,7.9,87.2,-0.018,0
APDA-NEG-01013,2020-08-21,2020-08-21 12:00:00,2020,Mizoram,24.2486,92.2325,Absence Control: Kanhmun Basin,Kanhmun Basin,Point verified absence,None,None,None,Low-slope plain / valley basin,0,0,Apda_Mitra_Spatial_Buffer_Sampling,Absence_Control,NEG-01013,Spatial_Absence_Control,https://apdamitra.in/data/absence,Buffered >= 0.1 deg from positive slides,VALID_NEGATIVE_ABSENCE,173,7.2,109.8,0.0066,0
APDA-NEG-01014,2021-12-01,2021-12-01 12:00:00,2021,Mizoram,24.1478,92.4791,Absence Control: Bairabi Tlawng River Basin,Bairabi Tlawng River Basin,Point verified absence,None,None,None,Low-slope plain / valley basin,0,0,Apda_Mitra_Spatial_Buffer_Sampling,Absence_Control,NEG-01014,Spatial_Absence_Control,https://apdamitra.in/data/absence,Buffered >= 0.1 deg from positive slides,VALID_NEGATIVE_ABSENCE,131,8.9,102.2,-0.0122,0
APDA-NEG-01015,1998-07-22,1998-07-22 12:00:00,1998,Mizoram,24.139,92.5639,Absence Control: Bairabi Tlawng River Basin,Bairabi Tlawng River Basin,Point verified absence,None,None,None,Low-slope plain / valley basin,0,0,Apda_Mitra_Spatial_Buffer_Sampling,Absence_Control,NEG-01015,Spatial_Absence_Control,https://apdamitra.in/data/absence,Buffered >= 0.1 deg from positive slides,VALID_NEGATIVE_ABSENCE,119,9.9,243.4,-0.0109,0
APDA-NEG-01016,2001-09-15,2001-09-15 12:00:00,2001,Mizoram,24.151,92.502,Absence Control: Bairabi Tlawng River Basin,Bairabi Tlawng River Basin,Point verified absence,None,None,None,Low-slope plain / valley basin,0,0,Apda_Mitra_Spatial_Buffer_Sampling,Absence_Control,NEG-01016,Spatial_Absence_Control,https://apdamitra.in/data/absence,Buffered >= 0.1 deg from positive slides,VALID_NEGATIVE_ABSENCE,104,9.0,74.3,-0.0017,0
APDA-NEG-01017,1999-08-09,1999-08-09 12:00:00,1999,Mizoram,24.2282,92.5035,Absence Control: Bairabi Tlawng River Basin,Bairabi Tlawng River Basin,Point verified absence,None,None,None,Low-slope plain / valley basin,0,0,Apda_Mitra_Spatial_Buffer_Sampling,Absence_Control,NEG-01017,Spatial_Absence_Control,https://apdamitra.in/data/absence,Buffered >= 0.1 deg from positive slides,VALID_NEGATIVE_ABSENCE,147,9.4,135.1,0.0117,0
APDA-NEG-01018,2017-12-24,2017-12-24 12:00:00,2017,Mizoram,24.2679,92.3385,Absence Control: Kanhmun Basin,Kanhmun Basin,Point verified absence,None,None,None,Low-slope plain / valley basin,0,0,Apda_Mitra_Spatial_Buffer_Sampling,Absence_Control,NEG-01018,Spatial_Absence_Control,https://apdamitra.in/data/absence,Buffered >= 0.1 deg from positive slides,VALID_NEGATIVE_ABSENCE,142,9.1,206.8,0.0077,0
APDA-NEG-01019,2017-04-03,2017-04-03 12:00:00,2017,Mizoram,24.295,92.282,Absence Control: Kanhmun Basin,Kanhmun Basin,Point verified absence,None,None,None,Low-slope plain / valley basin,0,0,Apda_Mitra_Spatial_Buffer_Sampling,Absence_Control,NEG-01019,Spatial_Absence_Control,https://apdamitra.in/data/absence,Buffered >= 0.1 deg from positive slides,VALID_NEGATIVE_ABSENCE,144,7.8,299.0,-0.0127,0
APDA-NEG-01020,1999-02-12,1999-02-12 12:00:00,1999,Mizoram,24.2595,92.3015,Absence Control: Kanhmun Basin,Kanhmun Basin,Point verified absence,None,None,None,Low-slope plain / valley basin,0,0,Apda_Mitra_Spatial_Buffer_Sampling,Absence_Control,NEG-01020,Spatial_Absence_Control,https://apdamitra.in/data/absence,Buffered >= 0.1 deg from positive slides,VALID_NEGATIVE_ABSENCE,140,7.9,147.0,-0.0166,0
APDA-NEG-01021,2007-12-17,2007-12-17 12:00:00,2007,Mizoram,24.2349,92.5727,Absence Control: Bairabi Tlawng River Basin,Bairabi Tlawng River Basin,Point verified absence,None,None,None,Low-slope plain / valley basin,0,0,Apda_Mitra_Spatial_Buffer_Sampling,Absence_Control,NEG-01021,Spatial_Absence_Control,https://apdamitra.in/data/absence,Buffered >= 0.1 deg from positive slides,VALID_NEGATIVE_ABSENCE,108,9.4,310.4,0.013,0
APDA-NEG-01022,2007-09-17,2007-09-17 12:00:00,2007,Mizoram,24.2493,92.2483,Absence Control: Kanhmun Basin,Kanhmun Basin,Point verified absence,None,None,None,Low-slope plain / valley basin,0,0,Apda_Mitra_Spatial_Buffer_Sampling,Absence_Control,NEG-01022,Spatial_Absence_Control,https://apdamitra.in/data/absence,Buffered >= 0.1 deg from positive slides,VALID_NEGATIVE_ABSENCE,134,7.0,354.9,-0.0107,0
APDA-NEG-01023,2013-01-19,2013-01-19 12:00:00,2013,Mizoram,24.156,92.589,Absence Control: Bairabi Tlawng River Basin,Bairabi Tlawng River Basin,Point verified absence,None,None,None,Low-slope plain / valley basin,0,0,Apda_Mitra_Spatial_Buffer_Sampling,Absence_Control,NEG-01023,Spatial_Absence_Control,https://apdamitra.in/data/absence,Buffered >= 0.1 deg from positive slides,VALID_NEGATIVE_ABSENCE,129,8.8,121.3,0.0089,0
APDA-NEG-01024,2010-09-17,2010-09-17 12:00:00,2010,Mizoram,24.3006,92.7634,Absence Control: Vairengte Low Bench,Vairengte Low Bench,Point verified absence,None,None,None,Low-slope plain / valley basin,0,0,Apda_Mitra_Spatial_Buffer_Sampling,Absence_Control,NEG-01024,Spatial_Absence_Control,https://apdamitra.in/data/absence,Buffered >= 0.1 deg from positive slides,VALID_NEGATIVE_ABSENCE,267,9.0,277.7,0.0119,0
APDA-NEG-01025,2007-10-27,2007-10-27 12:00:00,2007,Mizoram,24.1254,92.5843,Absence Control: Bairabi Tlawng River Basin,Bairabi Tlawng River Basin,Point verified absence,None,None,None,Low-slope plain / valley basin,0,0,Apda_Mitra_Spatial_Buffer_Sampling,Absence_Control,NEG-01025,Spatial_Absence_Control,https://apdamitra.in/data/absence,Buffered >= 0.1 deg from positive slides,VALID_NEGATIVE_ABSENCE,138,9.2,156.8,-0.0089,0
APDA-NEG-01026,2005-04-28,2005-04-28 12:00:00,2005,Mizoram,24.2051,92.2774,Absence Control: Kanhmun Basin,Kanhmun Basin,Point verified absence,None,None,None,Low-slope plain / valley basin,0,0,Apda_Mitra_Spatial_Buffer_Sampling,Absence_Control,NEG-01026,Spatial_Absence_Control,https://apdamitra.in/data/absence,Buffered >= 0.1 deg from positive slides,VALID_NEGATIVE_ABSENCE,132,6.8,222.2,0.0171,0
APDA-NEG-01027,2001-02-21,2001-02-21 12:00:00,2001,Mizoram,24.2269,92.5263,Absence Control: Bairabi Tlawng River Basin,Bairabi Tlawng River Basin,Point verified absence,None,None,None,Low-slope plain / valley basin,0,0,Apda_Mitra_Spatial_Buffer_Sampling,Absence_Control,NEG-01027,Spatial_Absence_Control,https://apdamitra.in/data/absence,Buffered >= 0.1 deg from positive slides,VALID_NEGATIVE_ABSENCE,123,8.6,165.7,0.0191,0
APDA-NEG-01028,2015-04-24,2015-04-24 12:00:00,2015,Mizoram,24.2687,92.7753,Absence Control: Vairengte Low Bench,Vairengte Low Bench,Point verified absence,None,None,None,Low-slope plain / valley basin,0,0,Apda_Mitra_Spatial_Buffer_Sampling,Absence_Control,NEG-01028,Spatial_Absence_Control,https://apdamitra.in/data/absence,Buffered >= 0.1 deg from positive slides,VALID_NEGATIVE_ABSENCE,226,8.9,204.8,-0.017,0
APDA-NEG-01029,2007-08-15,2007-08-15 12:00:00,2007,Mizoram,24.2287,92.5234,Absence Control: Bairabi Tlawng River Basin,Bairabi Tlawng River Basin,Point verified absence,None,None,None,Low-slope plain / valley basin,0,0,Apda_Mitra_Spatial_Buffer_Sampling,Absence_Control,NEG-01029,Spatial_Absence_Control,https://apdamitra.in/data/absence,Buffered >= 0.1 deg from positive slides,VALID_NEGATIVE_ABSENCE,127,8.4,53.5,0.0005,0
APDA-NEG-01030,2007-04-15,2007-04-15 12:00:00,2007,Mizoram,24.3116,92.7366,Absence Control: Vairengte Low Bench,Vairengte Low Bench,Point verified absence,None,None,None,Low-slope plain / valley basin,0,0,Apda_Mitra_Spatial_Buffer_Sampling,Absence_Control,NEG-01030,Spatial_Absence_Control,https://apdamitra.in/data/absence,Buffered >= 0.1 deg from positive slides,VALID_NEGATIVE_ABSENCE,253,10.7,279.2,0.0078,0
APDA-NEG-01031,2016-12-22,2016-12-22 12:00:00,2016,Mizoram,24.2124,92.2274,Absence Control: Kanhmun Basin,Kanhmun Basin,Point verified absence,None,None,None,Low-slope plain / valley basin,0,0,Apda_Mitra_Spatial_Buffer_Sampling,Absence_Control,NEG-01031,Spatial_Absence_Control,https://apdamitra.in/data/absence,Buffered >= 0.1 deg from positive slides,VALID_NEGATIVE_ABSENCE,173,9.0,152.4,0.0072,0
APDA-NEG-01032,2011-06-21,2011-06-21 12:00:00,2011,Mizoram,24.1879,92.5763,Absence Control: Bairabi Tlawng River Basin,Bairabi Tlawng River Basin,Point verified absence,None,None,None,Low-slope plain / valley basin,0,0,Apda_Mitra_Spatial_Buffer_Sampling,Absence_Control,NEG-01032,Spatial_Absence_Control,https://apdamitra.in/data/absence,Buffered >= 0.1 deg from positive slides,VALID_NEGATIVE_ABSENCE,124,8.7,172.0,0.0059,0
APDA-NEG-01033,2012-12-19,2012-12-19 12:00:00,2012,Mizoram,24.2596,92.7861,Absence Control: Vairengte Low Bench,Vairengte Low Bench,Point verified absence,None,None,None,Low-slope plain / valley basin,0,0,Apda_Mitra_Spatial_Buffer_Sampling,Absence_Control,NEG-01033,Spatial_Absence_Control,https://apdamitra.in/data/absence,Buffered >= 0.1 deg from positive slides,VALID_NEGATIVE_ABSENCE,243,10.2,69.0,-0.0069,0
APDA-NEG-01034,2020-04-18,2020-04-18 12:00:00,2020,Mizoram,24.1457,92.5553,Absence Control: Bairabi Tlawng River Basin,Bairabi Tlawng River Basin,Point verified absence,None,None,None,Low-slope plain / valley basin,0,0,Apda_Mitra_Spatial_Buffer_Sampling,Absence_Control,NEG-01034,Spatial_Absence_Control,https://apdamitra.in/data/absence,Buffered >= 0.1 deg from positive slides,VALID_NEGATIVE_ABSENCE,111,9.0,112.0,0.0192,0
APDA-NEG-01035,1995-09-02,1995-09-02 12:00:00,1995,Mizoram,24.155,92.576,Absence Control: Bairabi Tlawng River Basin,Bairabi Tlawng River Basin,Point verified absence,None,None,None,Low-slope plain / valley basin,0,0,Apda_Mitra_Spatial_Buffer_Sampling,Absence_Control,NEG-01035,Spatial_Absence_Control,https://apdamitra.in/data/absence,Buffered >= 0.1 deg from positive slides,VALID_NEGATIVE_ABSENCE,135,8.1,78.6,-0.0171,0
APDA-NEG-01036,2016-02-18,2016-02-18 12:00:00,2016,Mizoram,24.3656,92.7013,Absence Control: Vairengte Low Bench,Vairengte Low Bench,Point verified absence,None,None,None,Low-slope plain / valley basin,0,0,Apda_Mitra_Spatial_Buffer_Sampling,Absence_Control,NEG-01036,Spatial_Absence_Control,https://apdamitra.in/data/absence,Buffered >= 0.1 deg from positive slides,VALID_NEGATIVE_ABSENCE,258,8.8,174.8,-0.0125,0
APDA-NEG-01037,2020-01-28,2020-01-28 12:00:00,2020,Mizoram,24.2532,92.3289,Absence Control: Kanhmun Basin,Kanhmun Basin,Point verified absence,None,None,None,Low-slope plain / valley basin,0,0,Apda_Mitra_Spatial_Buffer_Sampling,Absence_Control,NEG-01037,Spatial_Absence_Control,https://apdamitra.in/data/absence,Buffered >= 0.1 deg from positive slides,VALID_NEGATIVE_ABSENCE,177,7.1,262.8,-0.0076,0
APDA-NEG-01038,2018-03-06,2018-03-06 12:00:00,2018,Mizoram,24.3111,92.2482,Absence Control: Kanhmun Basin,Kanhmun Basin,Point verified absence,None,None,None,Low-slope plain / valley basin,0,0,Apda_Mitra_Spatial_Buffer_Sampling,Absence_Control,NEG-01038,Spatial_Absence_Control,https://apdamitra.in/data/absence,Buffered >= 0.1 deg from positive slides,VALID_NEGATIVE_ABSENCE,163,7.7,133.0,-0.0101,0
APDA-NEG-01039,2016-07-05,2016-07-05 12:00:00,2016,Mizoram,24.2839,92.7866,Absence Control: Vairengte Low Bench,Vairengte Low Bench,Point verified absence,None,None,None,Low-slope plain / valley basin,0,0,Apda_Mitra_Spatial_Buffer_Sampling,Absence_Control,NEG-01039,Spatial_Absence_Control,https://apdamitra.in/data/absence,Buffered >= 0.1 deg from positive slides,VALID_NEGATIVE_ABSENCE,225,8.3,253.0,-0.0168,0
APDA-NEG-01040,2001-01-20,2001-01-20 12:00:00,2001,Mizoram,24.295,92.8074,Absence Control: Vairengte Low Bench,Vairengte Low Bench,Point verified absence,None,None,None,Low-slope plain / valley basin,0,0,Apda_Mitra_Spatial_Buffer_Sampling,Absence_Control,NEG-01040,Spatial_Absence_Control,https://apdamitra.in/data/absence,Buffered >= 0.1 deg from positive slides,VALID_NEGATIVE_ABSENCE,263,9.1,243.3,-0.0121,0
APDA-NEG-01041,1999-04-17,1999-04-17 12:00:00,1999,Mizoram,24.2898,92.7889,Absence Control: Vairengte Low Bench,Vairengte Low Bench,Point verified absence,None,None,None,Low-slope plain / valley basin,0,0,Apda_Mitra_Spatial_Buffer_Sampling,Absence_Control,NEG-01041,Spatial_Absence_Control,https://apdamitra.in/data/absence,Buffered >= 0.1 deg from positive slides,VALID_NEGATIVE_ABSENCE,233,10.3,301.6,-0.0074,0
APDA-NEG-01042,2003-10-01,2003-10-01 12:00:00,2003,Mizoram,24.2877,92.3337,Absence Control: Kanhmun Basin,Kanhmun Basin,Point verified absence,None,None,None,Low-slope plain / valley basin,0,0,Apda_Mitra_Spatial_Buffer_Sampling,Absence_Control,NEG-01042,Spatial_Absence_Control,https://apdamitra.in/data/absence,Buffered >= 0.1 deg from positive slides,VALID_NEGATIVE_ABSENCE,140,6.9,305.6,-0.0026,0
APDA-NEG-01043,2020-04-06,2020-04-06 12:00:00,2020,Mizoram,24.2568,92.269,Absence Control: Kanhmun Basin,Kanhmun Basin,Point verified absence,None,None,None,Low-slope plain / valley basin,0,0,Apda_Mitra_Spatial_Buffer_Sampling,Absence_Control,NEG-01043,Spatial_Absence_Control,https://apdamitra.in/data/absence,Buffered >= 0.1 deg from positive slides,VALID_NEGATIVE_ABSENCE,172,8.5,18.3,-0.0135,0
APDA-NEG-01044,2011-06-24,2011-06-24 12:00:00,2011,Mizoram,24.1379,92.495,Absence Control: Bairabi Tlawng River Basin,Bairabi Tlawng River Basin,Point verified absence,None,None,None,Low-slope plain / valley basin,0,0,Apda_Mitra_Spatial_Buffer_Sampling,Absence_Control,NEG-01044,Spatial_Absence_Control,https://apdamitra.in/data/absence,Buffered >= 0.1 deg from positive slides,VALID_NEGATIVE_ABSENCE,119,7.7,190.2,-0.0097,0
APDA-NEG-01045,2012-10-10,2012-10-10 12:00:00,2012,Mizoram,24.227,92.2381,Absence Control: Kanhmun Basin,Kanhmun Basin,Point verified absence,None,None,None,Low-slope plain / valley basin,0,0,Apda_Mitra_Spatial_Buffer_Sampling,Absence_Control,NEG-01045,Spatial_Absence_Control,https://apdamitra.in/data/absence,Buffered >= 0.1 deg from positive slides,VALID_NEGATIVE_ABSENCE,133,7.5,25.1,0.0099,0
APDA-NEG-01046,2018-11-02,2018-11-02 12:00:00,2018,Mizoram,24.2521,92.2777,Absence Control: Kanhmun Basin,Kanhmun Basin,Point verified absence,None,None,None,Low-slope plain / valley basin,0,0,Apda_Mitra_Spatial_Buffer_Sampling,Absence_Control,NEG-01046,Spatial_Absence_Control,https://apdamitra.in/data/absence,Buffered >= 0.1 deg from positive slides,VALID_NEGATIVE_ABSENCE,177,8.3,176.5,-0.0045,0
APDA-NEG-01047,2010-06-09,2010-06-09 12:00:00,2010,Mizoram,24.3352,92.7535,Absence Control: Vairengte Low Bench,Vairengte Low Bench,Point verified absence,None,None,None,Low-slope plain / valley basin,0,0,Apda_Mitra_Spatial_Buffer_Sampling,Absence_Control,NEG-01047,Spatial_Absence_Control,https://apdamitra.in/data/absence,Buffered >= 0.1 deg from positive slides,VALID_NEGATIVE_ABSENCE,222,9.4,90.7,-0.0146,0
APDA-NEG-01048,2009-11-19,2009-11-19 12:00:00,2009,Mizoram,24.2758,92.8136,Absence Control: Vairengte Low Bench,Vairengte Low Bench,Point verified absence,None,None,None,Low-slope plain / valley basin,0,0,Apda_Mitra_Spatial_Buffer_Sampling,Absence_Control,NEG-01048,Spatial_Absence_Control,https://apdamitra.in/data/absence,Buffered >= 0.1 deg from positive slides,VALID_NEGATIVE_ABSENCE,229,9.0,318.8,0.0018,0
APDA-NEG-01049,2003-04-08,2003-04-08 12:00:00,2003,Mizoram,24.1995,92.5034,Absence Control: Bairabi Tlawng River Basin,Bairabi Tlawng River Basin,Point verified absence,None,None,None,Low-slope plain / valley basin,0,0,Apda_Mitra_Spatial_Buffer_Sampling,Absence_Control,NEG-01049,Spatial_Absence_Control,https://apdamitra.in/data/absence,Buffered >= 0.1 deg from positive slides,VALID_NEGATIVE_ABSENCE,141,8.9,204.5,-0.0105,0
APDA-NEG-01050,2015-06-03,2015-06-03 12:00:00,2015,Mizoram,24.2509,92.2526,Absence Control: Kanhmun Basin,Kanhmun Basin,Point verified absence,None,None,None,Low-slope plain / valley basin,0,0,Apda_Mitra_Spatial_Buffer_Sampling,Absence_Control,NEG-01050,Spatial_Absence_Control,https://apdamitra.in/data/absence,Buffered >= 0.1 deg from positive slides,VALID_NEGATIVE_ABSENCE,151,8.6,37.7,0.0063,0
APDA-NEG-01051,2015-11-07,2015-11-07 12:00:00,2015,Mizoram,24.1454,92.4946,Absence Control: Bairabi Tlawng River Basin,Bairabi Tlawng River Basin,Point verified absence,None,None,None,Low-slope plain / valley basin,0,0,Apda_Mitra_Spatial_Buffer_Sampling,Absence_Control,NEG-01051,Spatial_Absence_Control,https://apdamitra.in/data/absence,Buffered >= 0.1 deg from positive slides,VALID_NEGATIVE_ABSENCE,112,9.7,313.8,0.0186,0
APDA-NEG-01052,1998-06-18,1998-06-18 12:00:00,1998,Mizoram,24.207,92.3384,Absence Control: Kanhmun Basin,Kanhmun Basin,Point verified absence,None,None,None,Low-slope plain / valley basin,0,0,Apda_Mitra_Spatial_Buffer_Sampling,Absence_Control,NEG-01052,Spatial_Absence_Control,https://apdamitra.in/data/absence,Buffered >= 0.1 deg from positive slides,VALID_NEGATIVE_ABSENCE,155,7.4,207.1,-0.0059,0
APDA-NEG-01053,1999-02-02,1999-02-02 12:00:00,1999,Mizoram,24.125,92.5603,Absence Control: Bairabi Tlawng River Basin,Bairabi Tlawng River Basin,Point verified absence,None,None,None,Low-slope plain / valley basin,0,0,Apda_Mitra_Spatial_Buffer_Sampling,Absence_Control,NEG-01053,Spatial_Absence_Control,https://apdamitra.in/data/absence,Buffered >= 0.1 deg from positive slides,VALID_NEGATIVE_ABSENCE,100,8.9,3.1,0.0062,0
APDA-NEG-01054,2016-05-23,2016-05-23 12:00:00,2016,Mizoram,24.2115,92.3412,Absence Control: Kanhmun Basin,Kanhmun Basin,Point verified absence,None,None,None,Low-slope plain / valley basin,0,0,Apda_Mitra_Spatial_Buffer_Sampling,Absence_Control,NEG-01054,Spatial_Absence_Control,https://apdamitra.in/data/absence,Buffered >= 0.1 deg from positive slides,VALID_NEGATIVE_ABSENCE,140,7.8,286.3,-0.0111,0
APDA-NEG-01055,1996-04-19,1996-04-19 12:00:00,1996,Mizoram,24.2635,92.8043,Absence Control: Vairengte Low Bench,Vairengte Low Bench,Point verified absence,None,None,None,Low-slope plain / valley basin,0,0,Apda_Mitra_Spatial_Buffer_Sampling,Absence_Control,NEG-01055,Spatial_Absence_Control,https://apdamitra.in/data/absence,Buffered >= 0.1 deg from positive slides,VALID_NEGATIVE_ABSENCE,269,8.3,317.7,0.0002,0
APDA-NEG-01056,2008-05-13,2008-05-13 12:00:00,2008,Mizoram,24.3689,92.7545,Absence Control: Vairengte Low Bench,Vairengte Low Bench,Point verified absence,None,None,None,Low-slope plain / valley basin,0,0,Apda_Mitra_Spatial_Buffer_Sampling,Absence_Control,NEG-01056,Spatial_Absence_Control,https://apdamitra.in/data/absence,Buffered >= 0.1 deg from positive slides,VALID_NEGATIVE_ABSENCE,243,9.1,97.3,-0.0136,0
APDA-NEG-01057,2005-08-23,2005-08-23 12:00:00,2005,Mizoram,24.222,92.3097,Absence Control: Kanhmun Basin,Kanhmun Basin,Point verified absence,None,None,None,Low-slope plain / valley basin,0,0,Apda_Mitra_Spatial_Buffer_Sampling,Absence_Control,NEG-01057,Spatial_Absence_Control,https://apdamitra.in/data/absence,Buffered >= 0.1 deg from positive slides,VALID_NEGATIVE_ABSENCE,178,9.3,215.4,-0.0062,0
APDA-NEG-01058,1996-02-19,1996-02-19 12:00:00,1996,Mizoram,24.1356,92.5123,Absence Control: Bairabi Tlawng River Basin,Bairabi Tlawng River Basin,Point verified absence,None,None,None,Low-slope plain / valley basin,0,0,Apda_Mitra_Spatial_Buffer_Sampling,Absence_Control,NEG-01058,Spatial_Absence_Control,https://apdamitra.in/data/absence,Buffered >= 0.1 deg from positive slides,VALID_NEGATIVE_ABSENCE,121,9.5,145.9,-0.0128,0
APDA-NEG-01059,1999-02-07,1999-02-07 12:00:00,1999,Mizoram,24.2234,92.489,Absence Control: Bairabi Tlawng River Basin,Bairabi Tlawng River Basin,Point verified absence,None,None,None,Low-slope plain / valley basin,0,0,Apda_Mitra_Spatial_Buffer_Sampling,Absence_Control,NEG-01059,Spatial_Absence_Control,https://apdamitra.in/data/absence,Buffered >= 0.1 deg from positive slides,VALID_NEGATIVE_ABSENCE,108,9.3,341.7,-0.0135,0
APDA-NEG-01060,2005-08-01,2005-08-01 12:00:00,2005,Mizoram,24.3524,92.7187,Absence Control: Vairengte Low Bench,Vairengte Low Bench,Point verified absence,None,None,None,Low-slope plain / valley basin,0,0,Apda_Mitra_Spatial_Buffer_Sampling,Absence_Control,NEG-01060,Spatial_Absence_Control,https://apdamitra.in/data/absence,Buffered >= 0.1 deg from positive slides,VALID_NEGATIVE_ABSENCE,240,9.0,205.0,0.0191,0
APDA-NEG-01061,1997-01-11,1997-01-11 12:00:00,1997,Mizoram,24.2189,92.2396,Absence Control: Kanhmun Basin,Kanhmun Basin,Point verified absence,None,None,None,Low-slope plain / valley basin,0,0,Apda_Mitra_Spatial_Buffer_Sampling,Absence_Control,NEG-01061,Spatial_Absence_Control,https://apdamitra.in/data/absence,Buffered >= 0.1 deg from positive slides,VALID_NEGATIVE_ABSENCE,133,7.3,186.1,0.0151,0
APDA-NEG-01062,1998-07-16,1998-07-16 12:00:00,1998,Mizoram,24.1962,92.2895,Absence Control: Kanhmun Basin,Kanhmun Basin,Point verified absence,None,None,None,Low-slope plain / valley basin,0,0,Apda_Mitra_Spatial_Buffer_Sampling,Absence_Control,NEG-01062,Spatial_Absence_Control,https://apdamitra.in/data/absence,Buffered >= 0.1 deg from positive slides,VALID_NEGATIVE_ABSENCE,168,7.5,71.8,0.0113,0
APDA-NEG-01063,1995-11-25,1995-11-25 12:00:00,1995,Mizoram,24.2071,92.4776,Absence Control: Bairabi Tlawng River Basin,Bairabi Tlawng River Basin,Point verified absence,None,None,None,Low-slope plain / valley basin,0,0,Apda_Mitra_Spatial_Buffer_Sampling,Absence_Control,NEG-01063,Spatial_Absence_Control,https://apdamitra.in/data/absence,Buffered >= 0.1 deg from positive slides,VALID_NEGATIVE_ABSENCE,122,9.5,306.2,-0.0198,0
APDA-NEG-01064,2017-12-24,2017-12-24 12:00:00,2017,Mizoram,24.2802,92.2473,Absence Control: Kanhmun Basin,Kanhmun Basin,Point verified absence,None,None,None,Low-slope plain / valley basin,0,0,Apda_Mitra_Spatial_Buffer_Sampling,Absence_Control,NEG-01064,Spatial_Absence_Control,https://apdamitra.in/data/absence,Buffered >= 0.1 deg from positive slides,VALID_NEGATIVE_ABSENCE,145,7.4,268.6,-0.0027,0
APDA-NEG-01065,2008-04-21,2008-04-21 12:00:00,2008,Mizoram,24.2416,92.5451,Absence Control: Bairabi Tlawng River Basin,Bairabi Tlawng River Basin,Point verified absence,None,None,None,Low-slope plain / valley basin,0,0,Apda_Mitra_Spatial_Buffer_Sampling,Absence_Control,NEG-01065,Spatial_Absence_Control,https://apdamitra.in/data/absence,Buffered >= 0.1 deg from positive slides,VALID_NEGATIVE_ABSENCE,136,7.5,138.6,-0.014,0
APDA-NEG-01066,2009-12-26,2009-12-26 12:00:00,2009,Mizoram,24.2197,92.3156,Absence Control: Kanhmun Basin,Kanhmun Basin,Point verified absence,None,None,None,Low-slope plain / valley basin,0,0,Apda_Mitra_Spatial_Buffer_Sampling,Absence_Control,NEG-01066,Spatial_Absence_Control,https://apdamitra.in/data/absence,Buffered >= 0.1 deg from positive slides,VALID_NEGATIVE_ABSENCE,154,8.5,206.8,-0.0064,0
APDA-NEG-01067,2000-11-27,2000-11-27 12:00:00,2000,Mizoram,24.3237,92.8026,Absence Control: Vairengte Low Bench,Vairengte Low Bench,Point verified absence,None,None,None,Low-slope plain / valley basin,0,0,Apda_Mitra_Spatial_Buffer_Sampling,Absence_Control,NEG-01067,Spatial_Absence_Control,https://apdamitra.in/data/absence,Buffered >= 0.1 deg from positive slides,VALID_NEGATIVE_ABSENCE,225,9.3,178.6,-0.0149,0
APDA-NEG-01068,2006-09-15,2006-09-15 12:00:00,2006,Mizoram,24.2766,92.809,Absence Control: Vairengte Low Bench,Vairengte Low Bench,Point verified absence,None,None,None,Low-slope plain / valley basin,0,0,Apda_Mitra_Spatial_Buffer_Sampling,Absence_Control,NEG-01068,Spatial_Absence_Control,https://apdamitra.in/data/absence,Buffered >= 0.1 deg from positive slides,VALID_NEGATIVE_ABSENCE,252,8.5,128.8,0.0159,0
APDA-NEG-01069,2017-12-12,2017-12-12 12:00:00,2017,Mizoram,24.2329,92.2915,Absence Control: Kanhmun Basin,Kanhmun Basin,Point verified absence,None,None,None,Low-slope plain / valley basin,0,0,Apda_Mitra_Spatial_Buffer_Sampling,Absence_Control,NEG-01069,Spatial_Absence_Control,https://apdamitra.in/data/absence,Buffered >= 0.1 deg from positive slides,VALID_NEGATIVE_ABSENCE,149,9.1,299.7,-0.018,0
APDA-NEG-01070,2014-04-28,2014-04-28 12:00:00,2014,Mizoram,24.2643,92.8113,Absence Control: Vairengte Low Bench,Vairengte Low Bench,Point verified absence,None,None,None,Low-slope plain / valley basin,0,0,Apda_Mitra_Spatial_Buffer_Sampling,Absence_Control,NEG-01070,Spatial_Absence_Control,https://apdamitra.in/data/absence,Buffered >= 0.1 deg from positive slides,VALID_NEGATIVE_ABSENCE,261,10.5,215.2,-0.0066,0
APDA-NEG-01071,2014-09-15,2014-09-15 12:00:00,2014,Mizoram,24.2818,92.283,Absence Control: Kanhmun Basin,Kanhmun Basin,Point verified absence,None,None,None,Low-slope plain / valley basin,0,0,Apda_Mitra_Spatial_Buffer_Sampling,Absence_Control,NEG-01071,Spatial_Absence_Control,https://apdamitra.in/data/absence,Buffered >= 0.1 deg from positive slides,VALID_NEGATIVE_ABSENCE,166,9.2,115.4,0.0087,0
APDA-NEG-01072,2014-10-04,2014-10-04 12:00:00,2014,Mizoram,24.1952,92.3188,Absence Control: Kanhmun Basin,Kanhmun Basin,Point verified absence,None,None,None,Low-slope plain / valley basin,0,0,Apda_Mitra_Spatial_Buffer_Sampling,Absence_Control,NEG-01072,Spatial_Absence_Control,https://apdamitra.in/data/absence,Buffered >= 0.1 deg from positive slides,VALID_NEGATIVE_ABSENCE,152,8.7,305.6,-0.0199,0
APDA-NEG-01073,2008-04-15,2008-04-15 12:00:00,2008,Mizoram,24.3062,92.2699,Absence Control: Kanhmun Basin,Kanhmun Basin,Point verified absence,None,None,None,Low-slope plain / valley basin,0,0,Apda_Mitra_Spatial_Buffer_Sampling,Absence_Control,NEG-01073,Spatial_Absence_Control,https://apdamitra.in/data/absence,Buffered >= 0.1 deg from positive slides,VALID_NEGATIVE_ABSENCE,173,7.1,222.0,-0.0077,0
APDA-NEG-01074,2012-09-15,2012-09-15 12:00:00,2012,Mizoram,24.321,92.7408,Absence Control: Vairengte Low Bench,Vairengte Low Bench,Point verified absence,None,None,None,Low-slope plain / valley basin,0,0,Apda_Mitra_Spatial_Buffer_Sampling,Absence_Control,NEG-01074,Spatial_Absence_Control,https://apdamitra.in/data/absence,Buffered >= 0.1 deg from positive slides,VALID_NEGATIVE_ABSENCE,223,10.3,206.6,0.0044,0
APDA-NEG-01075,2001-02-01,2001-02-01 12:00:00,2001,Mizoram,24.2633,92.3037,Absence Control: Kanhmun Basin,Kanhmun Basin,Point verified absence,None,None,None,Low-slope plain / valley basin,0,0,Apda_Mitra_Spatial_Buffer_Sampling,Absence_Control,NEG-01075,Spatial_Absence_Control,https://apdamitra.in/data/absence,Buffered >= 0.1 deg from positive slides,VALID_NEGATIVE_ABSENCE,149,7.6,334.5,-0.0143,0
APDA-NEG-01076,2009-07-03,2009-07-03 12:00:00,2009,Mizoram,24.2442,92.2579,Absence Control: Kanhmun Basin,Kanhmun Basin,Point verified absence,None,None,None,Low-slope plain / valley basin,0,0,Apda_Mitra_Spatial_Buffer_Sampling,Absence_Control,NEG-01076,Spatial_Absence_Control,https://apdamitra.in/data/absence,Buffered >= 0.1 deg from positive slides,VALID_NEGATIVE_ABSENCE,170,7.2,208.5,-0.0022,0
APDA-NEG-01077,2002-12-06,2002-12-06 12:00:00,2002,Mizoram,24.3545,92.7954,Absence Control: Vairengte Low Bench,Vairengte Low Bench,Point verified absence,None,None,None,Low-slope plain / valley basin,0,0,Apda_Mitra_Spatial_Buffer_Sampling,Absence_Control,NEG-01077,Spatial_Absence_Control,https://apdamitra.in/data/absence,Buffered >= 0.1 deg from positive slides,VALID_NEGATIVE_ABSENCE,267,9.8,296.2,-0.0059,0
APDA-NEG-01078,2003-11-13,2003-11-13 12:00:00,2003,Mizoram,24.2008,92.3119,Absence Control: Kanhmun Basin,Kanhmun Basin,Point verified absence,None,None,None,Low-slope plain / valley basin,0,0,Apda_Mitra_Spatial_Buffer_Sampling,Absence_Control,NEG-01078,Spatial_Absence_Control,https://apdamitra.in/data/absence,Buffered >= 0.1 deg from positive slides,VALID_NEGATIVE_ABSENCE,137,7.9,242.6,0.0011,0
APDA-NEG-01079,2005-12-28,2005-12-28 12:00:00,2005,Mizoram,24.1407,92.5921,Absence Control: Bairabi Tlawng River Basin,Bairabi Tlawng River Basin,Point verified absence,None,None,None,Low-slope plain / valley basin,0,0,Apda_Mitra_Spatial_Buffer_Sampling,Absence_Control,NEG-01079,Spatial_Absence_Control,https://apdamitra.in/data/absence,Buffered >= 0.1 deg from positive slides,VALID_NEGATIVE_ABSENCE,107,8.1,352.1,-0.0043,0
APDA-NEG-01080,2014-06-21,2014-06-21 12:00:00,2014,Mizoram,24.2169,92.5015,Absence Control: Bairabi Tlawng River Basin,Bairabi Tlawng River Basin,Point verified absence,None,None,None,Low-slope plain / valley basin,0,0,Apda_Mitra_Spatial_Buffer_Sampling,Absence_Control,NEG-01080,Spatial_Absence_Control,https://apdamitra.in/data/absence,Buffered >= 0.1 deg from positive slides,VALID_NEGATIVE_ABSENCE,149,9.9,95.5,-0.0005,0
APDA-NEG-01081,2004-08-07,2004-08-07 12:00:00,2004,Mizoram,24.2027,92.27,Absence Control: Kanhmun Basin,Kanhmun Basin,Point verified absence,None,None,None,Low-slope plain / valley basin,0,0,Apda_Mitra_Spatial_Buffer_Sampling,Absence_Control,NEG-01081,Spatial_Absence_Control,https://apdamitra.in/data/absence,Buffered >= 0.1 deg from positive slides,VALID_NEGATIVE_ABSENCE,136,8.9,311.0,0.0072,0
APDA-NEG-01082,2001-04-16,2001-04-16 12:00:00,2001,Mizoram,24.3695,92.7877,Absence Control: Vairengte Low Bench,Vairengte Low Bench,Point verified absence,None,None,None,Low-slope plain / valley basin,0,0,Apda_Mitra_Spatial_Buffer_Sampling,Absence_Control,NEG-01082,Spatial_Absence_Control,https://apdamitra.in/data/absence,Buffered >= 0.1 deg from positive slides,VALID_NEGATIVE_ABSENCE,238,8.8,9.6,0.019,0
APDA-NEG-01083,2006-09-10,2006-09-10 12:00:00,2006,Mizoram,24.2202,92.4861,Absence Control: Bairabi Tlawng River Basin,Bairabi Tlawng River Basin,Point verified absence,None,None,None,Low-slope plain / valley basin,0,0,Apda_Mitra_Spatial_Buffer_Sampling,Absence_Control,NEG-01083,Spatial_Absence_Control,https://apdamitra.in/data/absence,Buffered >= 0.1 deg from positive slides,VALID_NEGATIVE_ABSENCE,133,8.3,83.3,-0.0169,0
APDA-NEG-01084,2019-05-05,2019-05-05 12:00:00,2019,Mizoram,24.2731,92.2672,Absence Control: Kanhmun Basin,Kanhmun Basin,Point verified absence,None,None,None,Low-slope plain / valley basin,0,0,Apda_Mitra_Spatial_Buffer_Sampling,Absence_Control,NEG-01084,Spatial_Absence_Control,https://apdamitra.in/data/absence,Buffered >= 0.1 deg from positive slides,VALID_NEGATIVE_ABSENCE,177,8.3,78.0,-0.0015,0
APDA-NEG-01085,2006-03-22,2006-03-22 12:00:00,2006,Mizoram,24.3133,92.8071,Absence Control: Vairengte Low Bench,Vairengte Low Bench,Point verified absence,None,None,None,Low-slope plain / valley basin,0,0,Apda_Mitra_Spatial_Buffer_Sampling,Absence_Control,NEG-01085,Spatial_Absence_Control,https://apdamitra.in/data/absence,Buffered >= 0.1 deg from positive slides,VALID_NEGATIVE_ABSENCE,242,8.8,174.6,0.0071,0
APDA-NEG-01086,2006-12-24,2006-12-24 12:00:00,2006,Mizoram,24.151,92.537,Absence Control: Bairabi Tlawng River Basin,Bairabi Tlawng River Basin,Point verified absence,None,None,None,Low-slope plain / valley basin,0,0,Apda_Mitra_Spatial_Buffer_Sampling,Absence_Control,NEG-01086,Spatial_Absence_Control,https://apdamitra.in/data/absence,Buffered >= 0.1 deg from positive slides,VALID_NEGATIVE_ABSENCE,108,8.0,309.4,-0.0071,0
APDA-NEG-01087,2000-10-22,2000-10-22 12:00:00,2000,Mizoram,24.2593,92.7823,Absence Control: Vairengte Low Bench,Vairengte Low Bench,Point verified absence,None,None,None,Low-slope plain / valley basin,0,0,Apda_Mitra_Spatial_Buffer_Sampling,Absence_Control,NEG-01087,Spatial_Absence_Control,https://apdamitra.in/data/absence,Buffered >= 0.1 deg from positive slides,VALID_NEGATIVE_ABSENCE,225,9.4,172.8,-0.0175,0
APDA-NEG-01088,2004-04-14,2004-04-14 12:00:00,2004,Mizoram,24.3266,92.7251,Absence Control: Vairengte Low Bench,Vairengte Low Bench,Point verified absence,None,None,None,Low-slope plain / valley basin,0,0,Apda_Mitra_Spatial_Buffer_Sampling,Absence_Control,NEG-01088,Spatial_Absence_Control,https://apdamitra.in/data/absence,Buffered >= 0.1 deg from positive slides,VALID_NEGATIVE_ABSENCE,239,8.8,326.8,0.0181,0
APDA-NEG-01089,1997-07-09,1997-07-09 12:00:00,1997,Mizoram,24.2077,92.2993,Absence Control: Kanhmun Basin,Kanhmun Basin,Point verified absence,None,None,None,Low-slope plain / valley basin,0,0,Apda_Mitra_Spatial_Buffer_Sampling,Absence_Control,NEG-01089,Spatial_Absence_Control,https://apdamitra.in/data/absence,Buffered >= 0.1 deg from positive slides,VALID_NEGATIVE_ABSENCE,169,7.6,74.8,-0.0089,0
APDA-NEG-01090,1996-11-22,1996-11-22 12:00:00,1996,Mizoram,24.3715,92.7454,Absence Control: Vairengte Low Bench,Vairengte Low Bench,Point verified absence,None,None,None,Low-slope plain / valley basin,0,0,Apda_Mitra_Spatial_Buffer_Sampling,Absence_Control,NEG-01090,Spatial_Absence_Control,https://apdamitra.in/data/absence,Buffered >= 0.1 deg from positive slides,VALID_NEGATIVE_ABSENCE,268,8.9,98.3,-0.0009,0
APDA-NEG-01091,2014-12-16,2014-12-16 12:00:00,2014,Mizoram,24.188,92.5686,Absence Control: Bairabi Tlawng River Basin,Bairabi Tlawng River Basin,Point verified absence,None,None,None,Low-slope plain / valley basin,0,0,Apda_Mitra_Spatial_Buffer_Sampling,Absence_Control,NEG-01091,Spatial_Absence_Control,https://apdamitra.in/data/absence,Buffered >= 0.1 deg from positive slides,VALID_NEGATIVE_ABSENCE,130,9.1,193.0,0.0138,0
APDA-NEG-01092,2008-09-28,2008-09-28 12:00:00,2008,Mizoram,24.2317,92.5516,Absence Control: Bairabi Tlawng River Basin,Bairabi Tlawng River Basin,Point verified absence,None,None,None,Low-slope plain / valley basin,0,0,Apda_Mitra_Spatial_Buffer_Sampling,Absence_Control,NEG-01092,Spatial_Absence_Control,https://apdamitra.in/data/absence,Buffered >= 0.1 deg from positive slides,VALID_NEGATIVE_ABSENCE,136,8.6,252.7,0.0137,0
APDA-NEG-01093,2020-10-19,2020-10-19 12:00:00,2020,Mizoram,24.2213,92.2874,Absence Control: Kanhmun Basin,Kanhmun Basin,Point verified absence,None,None,None,Low-slope plain / valley basin,0,0,Apda_Mitra_Spatial_Buffer_Sampling,Absence_Control,NEG-01093,Spatial_Absence_Control,https://apdamitra.in/data/absence,Buffered >= 0.1 deg from positive slides,VALID_NEGATIVE_ABSENCE,168,8.4,58.0,0.0067,0
APDA-NEG-01094,2015-01-05,2015-01-05 12:00:00,2015,Mizoram,24.2345,92.5312,Absence Control: Bairabi Tlawng River Basin,Bairabi Tlawng River Basin,Point verified absence,None,None,None,Low-slope plain / valley basin,0,0,Apda_Mitra_Spatial_Buffer_Sampling,Absence_Control,NEG-01094,Spatial_Absence_Control,https://apdamitra.in/data/absence,Buffered >= 0.1 deg from positive slides,VALID_NEGATIVE_ABSENCE,134,8.1,322.8,-0.0136,0
APDA-NEG-01095,1997-04-27,1997-04-27 12:00:00,1997,Mizoram,24.2096,92.2461,Absence Control: Kanhmun Basin,Kanhmun Basin,Point verified absence,None,None,None,Low-slope plain / valley basin,0,0,Apda_Mitra_Spatial_Buffer_Sampling,Absence_Control,NEG-01095,Spatial_Absence_Control,https://apdamitra.in/data/absence,Buffered >= 0.1 deg from positive slides,VALID_NEGATIVE_ABSENCE,141,9.2,317.2,0.0004,0
APDA-NEG-01096,2003-02-22,2003-02-22 12:00:00,2003,Mizoram,24.2844,92.2806,Absence Control: Kanhmun Basin,Kanhmun Basin,Point verified absence,None,None,None,Low-slope plain / valley basin,0,0,Apda_Mitra_Spatial_Buffer_Sampling,Absence_Control,NEG-01096,Spatial_Absence_Control,https://apdamitra.in/data/absence,Buffered >= 0.1 deg from positive slides,VALID_NEGATIVE_ABSENCE,172,6.9,23.9,-0.006,0
APDA-NEG-01097,2004-05-11,2004-05-11 12:00:00,2004,Mizoram,24.3122,92.7874,Absence Control: Vairengte Low Bench,Vairengte Low Bench,Point verified absence,None,None,None,Low-slope plain / valley basin,0,0,Apda_Mitra_Spatial_Buffer_Sampling,Absence_Control,NEG-01097,Spatial_Absence_Control,https://apdamitra.in/data/absence,Buffered >= 0.1 deg from positive slides,VALID_NEGATIVE_ABSENCE,220,9.5,343.1,0.0104,0
APDA-NEG-01098,2020-08-08,2020-08-08 12:00:00,2020,Mizoram,24.2422,92.3064,Absence Control: Kanhmun Basin,Kanhmun Basin,Point verified absence,None,None,None,Low-slope plain / valley basin,0,0,Apda_Mitra_Spatial_Buffer_Sampling,Absence_Control,NEG-01098,Spatial_Absence_Control,https://apdamitra.in/data/absence,Buffered >= 0.1 deg from positive slides,VALID_NEGATIVE_ABSENCE,136,8.7,15.6,-0.0118,0
APDA-NEG-01099,2014-07-16,2014-07-16 12:00:00,2014,Mizoram,24.1968,92.236,Absence Control: Kanhmun Basin,Kanhmun Basin,Point verified absence,None,None,None,Low-slope plain / valley basin,0,0,Apda_Mitra_Spatial_Buffer_Sampling,Absence_Control,NEG-01099,Spatial_Absence_Control,https://apdamitra.in/data/absence,Buffered >= 0.1 deg from positive slides,VALID_NEGATIVE_ABSENCE,141,7.5,238.2,0.0143,0
APDA-NEG-01100,2016-11-14,2016-11-14 12:00:00,2016,Mizoram,24.2925,92.2816,Absence Control: Kanhmun Basin,Kanhmun Basin,Point verified absence,None,None,None,Low-slope plain / valley basin,0,0,Apda_Mitra_Spatial_Buffer_Sampling,Absence_Control,NEG-01100,Spatial_Absence_Control,https://apdamitra.in/data/absence,Buffered >= 0.1 deg from positive slides,VALID_NEGATIVE_ABSENCE,172,7.5,326.8,0.0119,0
APDA-NEG-01101,2016-05-16,2016-05-16 12:00:00,2016,Mizoram,24.2039,92.3338,Absence Control: Kanhmun Basin,Kanhmun Basin,Point verified absence,None,None,None,Low-slope plain / valley basin,0,0,Apda_Mitra_Spatial_Buffer_Sampling,Absence_Control,NEG-01101,Spatial_Absence_Control,https://apdamitra.in/data/absence,Buffered >= 0.1 deg from positive slides,VALID_NEGATIVE_ABSENCE,153,8.7,350.5,0.0147,0
APDA-NEG-01102,2003-04-01,2003-04-01 12:00:00,2003,Mizoram,24.2218,92.3026,Absence Control: Kanhmun Basin,Kanhmun Basin,Point verified absence,None,None,None,Low-slope plain / valley basin,0,0,Apda_Mitra_Spatial_Buffer_Sampling,Absence_Control,NEG-01102,Spatial_Absence_Control,https://apdamitra.in/data/absence,Buffered >= 0.1 deg from positive slides,VALID_NEGATIVE_ABSENCE,158,7.1,260.7,0.0193,0
APDA-NEG-01103,1997-01-05,1997-01-05 12:00:00,1997,Mizoram,24.2614,92.318,Absence Control: Kanhmun Basin,Kanhmun Basin,Point verified absence,None,None,None,Low-slope plain / valley basin,0,0,Apda_Mitra_Spatial_Buffer_Sampling,Absence_Control,NEG-01103,Spatial_Absence_Control,https://apdamitra.in/data/absence,Buffered >= 0.1 deg from positive slides,VALID_NEGATIVE_ABSENCE,155,7.0,222.3,0.0022,0
APDA-NEG-01104,2010-09-17,2010-09-17 12:00:00,2010,Mizoram,24.207,92.543,Absence Control: Bairabi Tlawng River Basin,Bairabi Tlawng River Basin,Point verified absence,None,None,None,Low-slope plain / valley basin,0,0,Apda_Mitra_Spatial_Buffer_Sampling,Absence_Control,NEG-01104,Spatial_Absence_Control,https://apdamitra.in/data/absence,Buffered >= 0.1 deg from positive slides,VALID_NEGATIVE_ABSENCE,120,10.0,207.9,0.0105,0
APDA-NEG-01105,2014-07-09,2014-07-09 12:00:00,2014,Mizoram,24.2096,92.4768,Absence Control: Bairabi Tlawng River Basin,Bairabi Tlawng River Basin,Point verified absence,None,None,None,Low-slope plain / valley basin,0,0,Apda_Mitra_Spatial_Buffer_Sampling,Absence_Control,NEG-01105,Spatial_Absence_Control,https://apdamitra.in/data/absence,Buffered >= 0.1 deg from positive slides,VALID_NEGATIVE_ABSENCE,117,7.7,140.4,-0.0186,0
APDA-NEG-01106,2017-12-11,2017-12-11 12:00:00,2017,Mizoram,24.3694,92.7108,Absence Control: Vairengte Low Bench,Vairengte Low Bench,Point verified absence,None,None,None,Low-slope plain / valley basin,0,0,Apda_Mitra_Spatial_Buffer_Sampling,Absence_Control,NEG-01106,Spatial_Absence_Control,https://apdamitra.in/data/absence,Buffered >= 0.1 deg from positive slides,VALID_NEGATIVE_ABSENCE,226,8.2,123.6,0.0002,0
APDA-NEG-01107,1996-07-06,1996-07-06 12:00:00,1996,Mizoram,24.3193,92.793,Absence Control: Vairengte Low Bench,Vairengte Low Bench,Point verified absence,None,None,None,Low-slope plain / valley basin,0,0,Apda_Mitra_Spatial_Buffer_Sampling,Absence_Control,NEG-01107,Spatial_Absence_Control,https://apdamitra.in/data/absence,Buffered >= 0.1 deg from positive slides,VALID_NEGATIVE_ABSENCE,249,8.8,55.6,0.0092,0
APDA-NEG-01108,2002-05-22,2002-05-22 12:00:00,2002,Mizoram,24.2278,92.5472,Absence Control: Bairabi Tlawng River Basin,Bairabi Tlawng River Basin,Point verified absence,None,None,None,Low-slope plain / valley basin,0,0,Apda_Mitra_Spatial_Buffer_Sampling,Absence_Control,NEG-01108,Spatial_Absence_Control,https://apdamitra.in/data/absence,Buffered >= 0.1 deg from positive slides,VALID_NEGATIVE_ABSENCE,143,8.8,235.6,-0.0169,0
APDA-NEG-01109,2020-02-07,2020-02-07 12:00:00,2020,Mizoram,24.2829,92.259,Absence Control: Kanhmun Basin,Kanhmun Basin,Point verified absence,None,None,None,Low-slope plain / valley basin,0,0,Apda_Mitra_Spatial_Buffer_Sampling,Absence_Control,NEG-01109,Spatial_Absence_Control,https://apdamitra.in/data/absence,Buffered >= 0.1 deg from positive slides,VALID_NEGATIVE_ABSENCE,163,6.8,262.1,-0.017,0
APDA-NEG-01110,2011-12-27,2011-12-27 12:00:00,2011,Mizoram,24.1809,92.5756,Absence Control: Bairabi Tlawng River Basin,Bairabi Tlawng River Basin,Point verified absence,None,None,None,Low-slope plain / valley basin,0,0,Apda_Mitra_Spatial_Buffer_Sampling,Absence_Control,NEG-01110,Spatial_Absence_Control,https://apdamitra.in/data/absence,Buffered >= 0.1 deg from positive slides,VALID_NEGATIVE_ABSENCE,125,9.0,196.7,-0.0186,0
APDA-NEG-01111,2012-04-12,2012-04-12 12:00:00,2012,Mizoram,24.1282,92.5715,Absence Control: Bairabi Tlawng River Basin,Bairabi Tlawng River Basin,Point verified absence,None,None,None,Low-slope plain / valley basin,0,0,Apda_Mitra_Spatial_Buffer_Sampling,Absence_Control,NEG-01111,Spatial_Absence_Control,https://apdamitra.in/data/absence,Buffered >= 0.1 deg from positive slides,VALID_NEGATIVE_ABSENCE,119,7.8,325.6,-0.0082,0
APDA-NEG-01112,2012-11-10,2012-11-10 12:00:00,2012,Mizoram,24.2298,92.3379,Absence Control: Kanhmun Basin,Kanhmun Basin,Point verified absence,None,None,None,Low-slope plain / valley basin,0,0,Apda_Mitra_Spatial_Buffer_Sampling,Absence_Control,NEG-01112,Spatial_Absence_Control,https://apdamitra.in/data/absence,Buffered >= 0.1 deg from positive slides,VALID_NEGATIVE_ABSENCE,138,8.2,27.5,-0.0199,0
APDA-NEG-01113,2020-05-03,2020-05-03 12:00:00,2020,Mizoram,24.3084,92.2893,Absence Control: Kanhmun Basin,Kanhmun Basin,Point verified absence,None,None,None,Low-slope plain / valley basin,0,0,Apda_Mitra_Spatial_Buffer_Sampling,Absence_Control,NEG-01113,Spatial_Absence_Control,https://apdamitra.in/data/absence,Buffered >= 0.1 deg from positive slides,VALID_NEGATIVE_ABSENCE,148,7.8,330.0,0.0166,0
APDA-NEG-01114,2014-09-25,2014-09-25 12:00:00,2014,Mizoram,24.2162,92.5584,Absence Control: Bairabi Tlawng River Basin,Bairabi Tlawng River Basin,Point verified absence,None,None,None,Low-slope plain / valley basin,0,0,Apda_Mitra_Spatial_Buffer_Sampling,Absence_Control,NEG-01114,Spatial_Absence_Control,https://apdamitra.in/data/absence,Buffered >= 0.1 deg from positive slides,VALID_NEGATIVE_ABSENCE,113,9.0,92.6,0.0144,0
APDA-NEG-01115,2000-07-06,2000-07-06 12:00:00,2000,Mizoram,24.3676,92.7412,Absence Control: Vairengte Low Bench,Vairengte Low Bench,Point verified absence,None,None,None,Low-slope plain / valley basin,0,0,Apda_Mitra_Spatial_Buffer_Sampling,Absence_Control,NEG-01115,Spatial_Absence_Control,https://apdamitra.in/data/absence,Buffered >= 0.1 deg from positive slides,VALID_NEGATIVE_ABSENCE,226,8.4,317.9,-0.0166,0
APDA-NEG-01116,2003-11-19,2003-11-19 12:00:00,2003,Mizoram,24.203,92.2496,Absence Control: Kanhmun Basin,Kanhmun Basin,Point verified absence,None,None,None,Low-slope plain / valley basin,0,0,Apda_Mitra_Spatial_Buffer_Sampling,Absence_Control,NEG-01116,Spatial_Absence_Control,https://apdamitra.in/data/absence,Buffered >= 0.1 deg from positive slides,VALID_NEGATIVE_ABSENCE,174,8.1,246.0,-0.0059,0
APDA-NEG-01117,1997-01-09,1997-01-09 12:00:00,1997,Mizoram,24.166,92.5112,Absence Control: Bairabi Tlawng River Basin,Bairabi Tlawng River Basin,Point verified absence,None,None,None,Low-slope plain / valley basin,0,0,Apda_Mitra_Spatial_Buffer_Sampling,Absence_Control,NEG-01117,Spatial_Absence_Control,https://apdamitra.in/data/absence,Buffered >= 0.1 deg from positive slides,VALID_NEGATIVE_ABSENCE,131,9.4,233.1,-0.0117,0
APDA-NEG-01118,1995-01-11,1995-01-11 12:00:00,1995,Mizoram,24.2347,92.3366,Absence Control: Kanhmun Basin,Kanhmun Basin,Point verified absence,None,None,None,Low-slope plain / valley basin,0,0,Apda_Mitra_Spatial_Buffer_Sampling,Absence_Control,NEG-01118,Spatial_Absence_Control,https://apdamitra.in/data/absence,Buffered >= 0.1 deg from positive slides,VALID_NEGATIVE_ABSENCE,173,8.5,7.8,-0.0105,0
APDA-NEG-01119,2001-08-16,2001-08-16 12:00:00,2001,Mizoram,24.2408,92.2776,Absence Control: Kanhmun Basin,Kanhmun Basin,Point verified absence,None,None,None,Low-slope plain / valley basin,0,0,Apda_Mitra_Spatial_Buffer_Sampling,Absence_Control,NEG-01119,Spatial_Absence_Control,https://apdamitra.in/data/absence,Buffered >= 0.1 deg from positive slides,VALID_NEGATIVE_ABSENCE,132,7.3,224.7,-0.018,0
APDA-NEG-01120,2003-06-08,2003-06-08 12:00:00,2003,Mizoram,24.192,92.5769,Absence Control: Bairabi Tlawng River Basin,Bairabi Tlawng River Basin,Point verified absence,None,None,None,Low-slope plain / valley basin,0,0,Apda_Mitra_Spatial_Buffer_Sampling,Absence_Control,NEG-01120,Spatial_Absence_Control,https://apdamitra.in/data/absence,Buffered >= 0.1 deg from positive slides,VALID_NEGATIVE_ABSENCE,135,9.0,22.6,0.0181,0
APDA-NEG-01121,2001-04-08,2001-04-08 12:00:00,2001,Mizoram,24.2522,92.7947,Absence Control: Vairengte Low Bench,Vairengte Low Bench,Point verified absence,None,None,None,Low-slope plain / valley basin,0,0,Apda_Mitra_Spatial_Buffer_Sampling,Absence_Control,NEG-01121,Spatial_Absence_Control,https://apdamitra.in/data/absence,Buffered >= 0.1 deg from positive slides,VALID_NEGATIVE_ABSENCE,263,8.6,339.6,-0.003,0
APDA-NEG-01122,2004-05-07,2004-05-07 12:00:00,2004,Mizoram,24.329,92.7881,Absence Control: Vairengte Low Bench,Vairengte Low Bench,Point verified absence,None,None,None,Low-slope plain / valley basin,0,0,Apda_Mitra_Spatial_Buffer_Sampling,Absence_Control,NEG-01122,Spatial_Absence_Control,https://apdamitra.in/data/absence,Buffered >= 0.1 deg from positive slides,VALID_NEGATIVE_ABSENCE,254,9.2,173.0,-0.0163,0
APDA-NEG-01123,2009-06-15,2009-06-15 12:00:00,2009,Mizoram,24.2103,92.3106,Absence Control: Kanhmun Basin,Kanhmun Basin,Point verified absence,None,None,None,Low-slope plain / valley basin,0,0,Apda_Mitra_Spatial_Buffer_Sampling,Absence_Control,NEG-01123,Spatial_Absence_Control,https://apdamitra.in/data/absence,Buffered >= 0.1 deg from positive slides,VALID_NEGATIVE_ABSENCE,149,8.2,336.5,0.0076,0
APDA-NEG-01124,2013-09-25,2013-09-25 12:00:00,2013,Mizoram,24.2464,92.2895,Absence Control: Kanhmun Basin,Kanhmun Basin,Point verified absence,None,None,None,Low-slope plain / valley basin,0,0,Apda_Mitra_Spatial_Buffer_Sampling,Absence_Control,NEG-01124,Spatial_Absence_Control,https://apdamitra.in/data/absence,Buffered >= 0.1 deg from positive slides,VALID_NEGATIVE_ABSENCE,179,8.8,239.1,-0.0075,0
APDA-NEG-01125,2018-05-04,2018-05-04 12:00:00,2018,Mizoram,24.2624,92.8071,Absence Control: Vairengte Low Bench,Vairengte Low Bench,Point verified absence,None,None,None,Low-slope plain / valley basin,0,0,Apda_Mitra_Spatial_Buffer_Sampling,Absence_Control,NEG-01125,Spatial_Absence_Control,https://apdamitra.in/data/absence,Buffered >= 0.1 deg from positive slides,VALID_NEGATIVE_ABSENCE,259,9.4,52.7,-0.0035,0
APDA-NEG-01126,2014-06-02,2014-06-02 12:00:00,2014,Mizoram,24.2273,92.2859,Absence Control: Kanhmun Basin,Kanhmun Basin,Point verified absence,None,None,None,Low-slope plain / valley basin,0,0,Apda_Mitra_Spatial_Buffer_Sampling,Absence_Control,NEG-01126,Spatial_Absence_Control,https://apdamitra.in/data/absence,Buffered >= 0.1 deg from positive slides,VALID_NEGATIVE_ABSENCE,176,7.7,285.9,0.016,0
APDA-NEG-01127,2012-12-04,2012-12-04 12:00:00,2012,Mizoram,24.3257,92.7887,Absence Control: Vairengte Low Bench,Vairengte Low Bench,Point verified absence,None,None,None,Low-slope plain / valley basin,0,0,Apda_Mitra_Spatial_Buffer_Sampling,Absence_Control,NEG-01127,Spatial_Absence_Control,https://apdamitra.in/data/absence,Buffered >= 0.1 deg from positive slides,VALID_NEGATIVE_ABSENCE,248,10.0,223.6,0.0035,0
APDA-NEG-01128,2004-02-24,2004-02-24 12:00:00,2004,Mizoram,24.1532,92.5605,Absence Control: Bairabi Tlawng River Basin,Bairabi Tlawng River Basin,Point verified absence,None,None,None,Low-slope plain / valley basin,0,0,Apda_Mitra_Spatial_Buffer_Sampling,Absence_Control,NEG-01128,Spatial_Absence_Control,https://apdamitra.in/data/absence,Buffered >= 0.1 deg from positive slides,VALID_NEGATIVE_ABSENCE,142,9.7,322.1,-0.0085,0
APDA-NEG-01129,2008-03-13,2008-03-13 12:00:00,2008,Mizoram,24.3221,92.802,Absence Control: Vairengte Low Bench,Vairengte Low Bench,Point verified absence,None,None,None,Low-slope plain / valley basin,0,0,Apda_Mitra_Spatial_Buffer_Sampling,Absence_Control,NEG-01129,Spatial_Absence_Control,https://apdamitra.in/data/absence,Buffered >= 0.1 deg from positive slides,VALID_NEGATIVE_ABSENCE,258,10.5,217.8,0.0101,0
APDA-NEG-01130,2009-10-06,2009-10-06 12:00:00,2009,Mizoram,24.147,92.5276,Absence Control: Bairabi Tlawng River Basin,Bairabi Tlawng River Basin,Point verified absence,None,None,None,Low-slope plain / valley basin,0,0,Apda_Mitra_Spatial_Buffer_Sampling,Absence_Control,NEG-01130,Spatial_Absence_Control,https://apdamitra.in/data/absence,Buffered >= 0.1 deg from positive slides,VALID_NEGATIVE_ABSENCE,143,9.1,230.9,-0.0186,0
APDA-NEG-01131,2012-12-06,2012-12-06 12:00:00,2012,Tripura,24.3237,92.1694,Absence Control: Dharmanagar Juri Valley,Dharmanagar Juri Valley,Point verified absence,None,None,None,Low-slope plain / valley basin,0,0,Apda_Mitra_Spatial_Buffer_Sampling,Absence_Control,NEG-01131,Spatial_Absence_Control,https://apdamitra.in/data/absence,Buffered >= 0.1 deg from positive slides,VALID_NEGATIVE_ABSENCE,76,4.2,338.5,0.0175,0
APDA-NEG-01132,2006-11-04,2006-11-04 12:00:00,2006,Tripura,23.4797,91.4453,Absence Control: Udaipur Gomati Basin,Udaipur Gomati Basin,Point verified absence,None,None,None,Low-slope plain / valley basin,0,0,Apda_Mitra_Spatial_Buffer_Sampling,Absence_Control,NEG-01132,Spatial_Absence_Control,https://apdamitra.in/data/absence,Buffered >= 0.1 deg from positive slides,VALID_NEGATIVE_ABSENCE,31,2.9,5.0,0.004,0
APDA-NEG-01133,2009-10-02,2009-10-02 12:00:00,2009,Tripura,24.3649,92.1427,Absence Control: Dharmanagar Juri Valley,Dharmanagar Juri Valley,Point verified absence,None,None,None,Low-slope plain / valley basin,0,0,Apda_Mitra_Spatial_Buffer_Sampling,Absence_Control,NEG-01133,Spatial_Absence_Control,https://apdamitra.in/data/absence,Buffered >= 0.1 deg from positive slides,VALID_NEGATIVE_ABSENCE,37,3.7,94.6,-0.0146,0
APDA-NEG-01134,2004-11-28,2004-11-28 12:00:00,2004,Tripura,23.4896,91.4975,Absence Control: Udaipur Gomati Basin,Udaipur Gomati Basin,Point verified absence,None,None,None,Low-slope plain / valley basin,0,0,Apda_Mitra_Spatial_Buffer_Sampling,Absence_Control,NEG-01134,Spatial_Absence_Control,https://apdamitra.in/data/absence,Buffered >= 0.1 deg from positive slides,VALID_NEGATIVE_ABSENCE,54,2.2,301.3,0.0198,0
APDA-NEG-01135,1996-08-14,1996-08-14 12:00:00,1996,Tripura,24.4011,92.1606,Absence Control: Dharmanagar Juri Valley,Dharmanagar Juri Valley,Point verified absence,None,None,None,Low-slope plain / valley basin,0,0,Apda_Mitra_Spatial_Buffer_Sampling,Absence_Control,NEG-01135,Spatial_Absence_Control,https://apdamitra.in/data/absence,Buffered >= 0.1 deg from positive slides,VALID_NEGATIVE_ABSENCE,47,2.5,241.6,0.0161,0
APDA-NEG-01136,1999-03-04,1999-03-04 12:00:00,1999,Tripura,23.3038,91.4037,Absence Control: Belonia Plain,Belonia Plain,Point verified absence,None,None,None,Low-slope plain / valley basin,0,0,Apda_Mitra_Spatial_Buffer_Sampling,Absence_Control,NEG-01136,Spatial_Absence_Control,https://apdamitra.in/data/absence,Buffered >= 0.1 deg from positive slides,VALID_NEGATIVE_ABSENCE,18,1.4,178.3,-0.0107,0
APDA-NEG-01137,2007-04-14,2007-04-14 12:00:00,2007,Tripura,23.8089,91.3076,Absence Control: Agartala Howrah Plain,Agartala Howrah Plain,Point verified absence,None,None,None,Low-slope plain / valley basin,0,0,Apda_Mitra_Spatial_Buffer_Sampling,Absence_Control,NEG-01137,Spatial_Absence_Control,https://apdamitra.in/data/absence,Buffered >= 0.1 deg from positive slides,VALID_NEGATIVE_ABSENCE,34,2.8,213.5,0.0097,0
APDA-NEG-01138,2018-04-10,2018-04-10 12:00:00,2018,Tripura,23.5494,91.5191,Absence Control: Udaipur Gomati Basin,Udaipur Gomati Basin,Point verified absence,None,None,None,Low-slope plain / valley basin,0,0,Apda_Mitra_Spatial_Buffer_Sampling,Absence_Control,NEG-01138,Spatial_Absence_Control,https://apdamitra.in/data/absence,Buffered >= 0.1 deg from positive slides,VALID_NEGATIVE_ABSENCE,49,1.2,246.8,-0.0132,0
APDA-NEG-01139,2009-06-23,2009-06-23 12:00:00,2009,Tripura,23.5445,91.5419,Absence Control: Udaipur Gomati Basin,Udaipur Gomati Basin,Point verified absence,None,None,None,Low-slope plain / valley basin,0,0,Apda_Mitra_Spatial_Buffer_Sampling,Absence_Control,NEG-01139,Spatial_Absence_Control,https://apdamitra.in/data/absence,Buffered >= 0.1 deg from positive slides,VALID_NEGATIVE_ABSENCE,58,3.3,101.5,0.0145,0
APDA-NEG-01140,1997-02-02,1997-02-02 12:00:00,1997,Tripura,24.3533,92.1331,Absence Control: Dharmanagar Juri Valley,Dharmanagar Juri Valley,Point verified absence,None,None,None,Low-slope plain / valley basin,0,0,Apda_Mitra_Spatial_Buffer_Sampling,Absence_Control,NEG-01140,Spatial_Absence_Control,https://apdamitra.in/data/absence,Buffered >= 0.1 deg from positive slides,VALID_NEGATIVE_ABSENCE,57,3.2,72.9,0.0079,0
APDA-NEG-01141,1999-09-26,1999-09-26 12:00:00,1999,Tripura,23.1949,91.4667,Absence Control: Belonia Plain,Belonia Plain,Point verified absence,None,None,None,Low-slope plain / valley basin,0,0,Apda_Mitra_Spatial_Buffer_Sampling,Absence_Control,NEG-01141,Spatial_Absence_Control,https://apdamitra.in/data/absence,Buffered >= 0.1 deg from positive slides,VALID_NEGATIVE_ABSENCE,51,2.6,349.6,-0.016,0
APDA-NEG-01142,2008-10-06,2008-10-06 12:00:00,2008,Tripura,23.5599,91.4536,Absence Control: Udaipur Gomati Basin,Udaipur Gomati Basin,Point verified absence,None,None,None,Low-slope plain / valley basin,0,0,Apda_Mitra_Spatial_Buffer_Sampling,Absence_Control,NEG-01142,Spatial_Absence_Control,https://apdamitra.in/data/absence,Buffered >= 0.1 deg from positive slides,VALID_NEGATIVE_ABSENCE,21,2.9,85.9,-0.0092,0
APDA-NEG-01143,1995-11-20,1995-11-20 12:00:00,1995,Tripura,24.3466,92.1062,Absence Control: Dharmanagar Juri Valley,Dharmanagar Juri Valley,Point verified absence,None,None,None,Low-slope plain / valley basin,0,0,Apda_Mitra_Spatial_Buffer_Sampling,Absence_Control,NEG-01143,Spatial_Absence_Control,https://apdamitra.in/data/absence,Buffered >= 0.1 deg from positive slides,VALID_NEGATIVE_ABSENCE,77,3.9,25.2,-0.0084,0
APDA-NEG-01144,2020-08-21,2020-08-21 12:00:00,2020,Tripura,23.8465,91.2418,Absence Control: Agartala Howrah Plain,Agartala Howrah Plain,Point verified absence,None,None,None,Low-slope plain / valley basin,0,0,Apda_Mitra_Spatial_Buffer_Sampling,Absence_Control,NEG-01144,Spatial_Absence_Control,https://apdamitra.in/data/absence,Buffered >= 0.1 deg from positive slides,VALID_NEGATIVE_ABSENCE,72,1.8,90.9,-0.0019,0
APDA-NEG-01145,2001-08-04,2001-08-04 12:00:00,2001,Tripura,24.4257,92.2056,Absence Control: Dharmanagar Juri Valley,Dharmanagar Juri Valley,Point verified absence,None,None,None,Low-slope plain / valley basin,0,0,Apda_Mitra_Spatial_Buffer_Sampling,Absence_Control,NEG-01145,Spatial_Absence_Control,https://apdamitra.in/data/absence,Buffered >= 0.1 deg from positive slides,VALID_NEGATIVE_ABSENCE,64,2.9,340.6,-0.0107,0
APDA-NEG-01146,2017-05-18,2017-05-18 12:00:00,2017,Tripura,23.5726,91.4997,Absence Control: Udaipur Gomati Basin,Udaipur Gomati Basin,Point verified absence,None,None,None,Low-slope plain / valley basin,0,0,Apda_Mitra_Spatial_Buffer_Sampling,Absence_Control,NEG-01146,Spatial_Absence_Control,https://apdamitra.in/data/absence,Buffered >= 0.1 deg from positive slides,VALID_NEGATIVE_ABSENCE,30,2.8,342.9,0.0197,0
APDA-NEG-01147,2009-10-15,2009-10-15 12:00:00,2009,Tripura,23.5944,91.5042,Absence Control: Udaipur Gomati Basin,Udaipur Gomati Basin,Point verified absence,None,None,None,Low-slope plain / valley basin,0,0,Apda_Mitra_Spatial_Buffer_Sampling,Absence_Control,NEG-01147,Spatial_Absence_Control,https://apdamitra.in/data/absence,Buffered >= 0.1 deg from positive slides,VALID_NEGATIVE_ABSENCE,54,1.7,319.1,0.011,0
APDA-NEG-01148,2008-01-28,2008-01-28 12:00:00,2008,Tripura,23.5753,91.5393,Absence Control: Udaipur Gomati Basin,Udaipur Gomati Basin,Point verified absence,None,None,None,Low-slope plain / valley basin,0,0,Apda_Mitra_Spatial_Buffer_Sampling,Absence_Control,NEG-01148,Spatial_Absence_Control,https://apdamitra.in/data/absence,Buffered >= 0.1 deg from positive slides,VALID_NEGATIVE_ABSENCE,32,2.2,6.7,-0.0069,0
APDA-NEG-01149,2009-08-24,2009-08-24 12:00:00,2009,Tripura,23.5116,91.5232,Absence Control: Udaipur Gomati Basin,Udaipur Gomati Basin,Point verified absence,None,None,None,Low-slope plain / valley basin,0,0,Apda_Mitra_Spatial_Buffer_Sampling,Absence_Control,NEG-01149,Spatial_Absence_Control,https://apdamitra.in/data/absence,Buffered >= 0.1 deg from positive slides,VALID_NEGATIVE_ABSENCE,41,3.0,156.7,0.011,0
APDA-NEG-01150,1998-10-21,1998-10-21 12:00:00,1998,Tripura,23.5534,91.5437,Absence Control: Udaipur Gomati Basin,Udaipur Gomati Basin,Point verified absence,None,None,None,Low-slope plain / valley basin,0,0,Apda_Mitra_Spatial_Buffer_Sampling,Absence_Control,NEG-01150,Spatial_Absence_Control,https://apdamitra.in/data/absence,Buffered >= 0.1 deg from positive slides,VALID_NEGATIVE_ABSENCE,23,1.1,260.1,0.0024,0
APDA-NEG-01151,2009-08-18,2009-08-18 12:00:00,2009,Tripura,23.5386,91.4837,Absence Control: Udaipur Gomati Basin,Udaipur Gomati Basin,Point verified absence,None,None,None,Low-slope plain / valley basin,0,0,Apda_Mitra_Spatial_Buffer_Sampling,Absence_Control,NEG-01151,Spatial_Absence_Control,https://apdamitra.in/data/absence,Buffered >= 0.1 deg from positive slides,VALID_NEGATIVE_ABSENCE,52,2.5,199.6,0.0034,0
APDA-NEG-01152,2002-01-02,2002-01-02 12:00:00,2002,Tripura,23.823,91.2722,Absence Control: Agartala Howrah Plain,Agartala Howrah Plain,Point verified absence,None,None,None,Low-slope plain / valley basin,0,0,Apda_Mitra_Spatial_Buffer_Sampling,Absence_Control,NEG-01152,Spatial_Absence_Control,https://apdamitra.in/data/absence,Buffered >= 0.1 deg from positive slides,VALID_NEGATIVE_ABSENCE,73,3.5,119.6,0.0111,0
APDA-NEG-01153,2001-08-16,2001-08-16 12:00:00,2001,Tripura,23.8004,91.2744,Absence Control: Agartala Howrah Plain,Agartala Howrah Plain,Point verified absence,None,None,None,Low-slope plain / valley basin,0,0,Apda_Mitra_Spatial_Buffer_Sampling,Absence_Control,NEG-01153,Spatial_Absence_Control,https://apdamitra.in/data/absence,Buffered >= 0.1 deg from positive slides,VALID_NEGATIVE_ABSENCE,54,2.3,210.4,0.0052,0
APDA-NEG-01154,2015-02-10,2015-02-10 12:00:00,2015,Tripura,23.2949,91.4572,Absence Control: Belonia Plain,Belonia Plain,Point verified absence,None,None,None,Low-slope plain / valley basin,0,0,Apda_Mitra_Spatial_Buffer_Sampling,Absence_Control,NEG-01154,Spatial_Absence_Control,https://apdamitra.in/data/absence,Buffered >= 0.1 deg from positive slides,VALID_NEGATIVE_ABSENCE,55,2.9,34.8,-0.0127,0
APDA-NEG-01155,2004-01-27,2004-01-27 12:00:00,2004,Tripura,23.8408,91.2735,Absence Control: Agartala Howrah Plain,Agartala Howrah Plain,Point verified absence,None,None,None,Low-slope plain / valley basin,0,0,Apda_Mitra_Spatial_Buffer_Sampling,Absence_Control,NEG-01155,Spatial_Absence_Control,https://apdamitra.in/data/absence,Buffered >= 0.1 deg from positive slides,VALID_NEGATIVE_ABSENCE,56,2.3,197.7,0.016,0
APDA-NEG-01156,2021-05-07,2021-05-07 12:00:00,2021,Tripura,23.572,91.521,Absence Control: Udaipur Gomati Basin,Udaipur Gomati Basin,Point verified absence,None,None,None,Low-slope plain / valley basin,0,0,Apda_Mitra_Spatial_Buffer_Sampling,Absence_Control,NEG-01156,Spatial_Absence_Control,https://apdamitra.in/data/absence,Buffered >= 0.1 deg from positive slides,VALID_NEGATIVE_ABSENCE,31,1.6,201.5,0.0115,0
APDA-NEG-01157,2013-01-22,2013-01-22 12:00:00,2013,Tripura,23.8614,91.2306,Absence Control: Agartala Howrah Plain,Agartala Howrah Plain,Point verified absence,None,None,None,Low-slope plain / valley basin,0,0,Apda_Mitra_Spatial_Buffer_Sampling,Absence_Control,NEG-01157,Spatial_Absence_Control,https://apdamitra.in/data/absence,Buffered >= 0.1 deg from positive slides,VALID_NEGATIVE_ABSENCE,70,2.7,76.2,-0.0156,0
APDA-NEG-01158,2008-02-01,2008-02-01 12:00:00,2008,Tripura,24.3595,92.1127,Absence Control: Dharmanagar Juri Valley,Dharmanagar Juri Valley,Point verified absence,None,None,None,Low-slope plain / valley basin,0,0,Apda_Mitra_Spatial_Buffer_Sampling,Absence_Control,NEG-01158,Spatial_Absence_Control,https://apdamitra.in/data/absence,Buffered >= 0.1 deg from positive slides,VALID_NEGATIVE_ABSENCE,37,2.5,275.8,-0.0068,0
APDA-NEG-01159,2017-09-02,2017-09-02 12:00:00,2017,Tripura,23.5682,91.5034,Absence Control: Udaipur Gomati Basin,Udaipur Gomati Basin,Point verified absence,None,None,None,Low-slope plain / valley basin,0,0,Apda_Mitra_Spatial_Buffer_Sampling,Absence_Control,NEG-01159,Spatial_Absence_Control,https://apdamitra.in/data/absence,Buffered >= 0.1 deg from positive slides,VALID_NEGATIVE_ABSENCE,64,1.3,25.7,-0.0032,0
APDA-NEG-01160,2011-04-22,2011-04-22 12:00:00,2011,Tripura,23.5661,91.4313,Absence Control: Udaipur Gomati Basin,Udaipur Gomati Basin,Point verified absence,None,None,None,Low-slope plain / valley basin,0,0,Apda_Mitra_Spatial_Buffer_Sampling,Absence_Control,NEG-01160,Spatial_Absence_Control,https://apdamitra.in/data/absence,Buffered >= 0.1 deg from positive slides,VALID_NEGATIVE_ABSENCE,31,2.8,112.8,-0.0186,0
APDA-NEG-01161,2014-07-27,2014-07-27 12:00:00,2014,Tripura,24.3315,92.1465,Absence Control: Dharmanagar Juri Valley,Dharmanagar Juri Valley,Point verified absence,None,None,None,Low-slope plain / valley basin,0,0,Apda_Mitra_Spatial_Buffer_Sampling,Absence_Control,NEG-01161,Spatial_Absence_Control,https://apdamitra.in/data/absence,Buffered >= 0.1 deg from positive slides,VALID_NEGATIVE_ABSENCE,79,4.3,250.8,-0.0076,0
APDA-NEG-01162,2006-09-02,2006-09-02 12:00:00,2006,Tripura,24.3858,92.1863,Absence Control: Dharmanagar Juri Valley,Dharmanagar Juri Valley,Point verified absence,None,None,None,Low-slope plain / valley basin,0,0,Apda_Mitra_Spatial_Buffer_Sampling,Absence_Control,NEG-01162,Spatial_Absence_Control,https://apdamitra.in/data/absence,Buffered >= 0.1 deg from positive slides,VALID_NEGATIVE_ABSENCE,57,2.2,91.7,0.0035,0
APDA-NEG-01163,1997-06-03,1997-06-03 12:00:00,1997,Tripura,23.5415,91.4692,Absence Control: Udaipur Gomati Basin,Udaipur Gomati Basin,Point verified absence,None,None,None,Low-slope plain / valley basin,0,0,Apda_Mitra_Spatial_Buffer_Sampling,Absence_Control,NEG-01163,Spatial_Absence_Control,https://apdamitra.in/data/absence,Buffered >= 0.1 deg from positive slides,VALID_NEGATIVE_ABSENCE,36,1.8,348.7,0.0161,0
APDA-NEG-01164,2002-11-22,2002-11-22 12:00:00,2002,Tripura,23.2071,91.4566,Absence Control: Belonia Plain,Belonia Plain,Point verified absence,None,None,None,Low-slope plain / valley basin,0,0,Apda_Mitra_Spatial_Buffer_Sampling,Absence_Control,NEG-01164,Spatial_Absence_Control,https://apdamitra.in/data/absence,Buffered >= 0.1 deg from positive slides,VALID_NEGATIVE_ABSENCE,21,1.0,257.2,0.0189,0
APDA-NEG-01165,1998-11-25,1998-11-25 12:00:00,1998,Tripura,23.8,91.3275,Absence Control: Agartala Howrah Plain,Agartala Howrah Plain,Point verified absence,None,None,None,Low-slope plain / valley basin,0,0,Apda_Mitra_Spatial_Buffer_Sampling,Absence_Control,NEG-01165,Spatial_Absence_Control,https://apdamitra.in/data/absence,Buffered >= 0.1 deg from positive slides,VALID_NEGATIVE_ABSENCE,66,2.1,285.5,-0.0088,0
APDA-NEG-01166,2003-03-18,2003-03-18 12:00:00,2003,Tripura,23.8241,91.2925,Absence Control: Agartala Howrah Plain,Agartala Howrah Plain,Point verified absence,None,None,None,Low-slope plain / valley basin,0,0,Apda_Mitra_Spatial_Buffer_Sampling,Absence_Control,NEG-01166,Spatial_Absence_Control,https://apdamitra.in/data/absence,Buffered >= 0.1 deg from positive slides,VALID_NEGATIVE_ABSENCE,36,1.9,355.1,0.0181,0
APDA-NEG-01167,1997-06-26,1997-06-26 12:00:00,1997,Tripura,23.2815,91.4086,Absence Control: Belonia Plain,Belonia Plain,Point verified absence,None,None,None,Low-slope plain / valley basin,0,0,Apda_Mitra_Spatial_Buffer_Sampling,Absence_Control,NEG-01167,Spatial_Absence_Control,https://apdamitra.in/data/absence,Buffered >= 0.1 deg from positive slides,VALID_NEGATIVE_ABSENCE,40,1.9,55.6,0.0044,0
APDA-NEG-01168,2004-07-10,2004-07-10 12:00:00,2004,Tripura,23.5069,91.5067,Absence Control: Udaipur Gomati Basin,Udaipur Gomati Basin,Point verified absence,None,None,None,Low-slope plain / valley basin,0,0,Apda_Mitra_Spatial_Buffer_Sampling,Absence_Control,NEG-01168,Spatial_Absence_Control,https://apdamitra.in/data/absence,Buffered >= 0.1 deg from positive slides,VALID_NEGATIVE_ABSENCE,19,2.9,281.5,-0.0088,0
APDA-NEG-01169,2019-03-22,2019-03-22 12:00:00,2019,Tripura,23.4825,91.4454,Absence Control: Udaipur Gomati Basin,Udaipur Gomati Basin,Point verified absence,None,None,None,Low-slope plain / valley basin,0,0,Apda_Mitra_Spatial_Buffer_Sampling,Absence_Control,NEG-01169,Spatial_Absence_Control,https://apdamitra.in/data/absence,Buffered >= 0.1 deg from positive slides,VALID_NEGATIVE_ABSENCE,60,2.0,218.2,0.0002,0
APDA-NEG-01170,1996-02-15,1996-02-15 12:00:00,1996,Tripura,23.8149,91.3249,Absence Control: Agartala Howrah Plain,Agartala Howrah Plain,Point verified absence,None,None,None,Low-slope plain / valley basin,0,0,Apda_Mitra_Spatial_Buffer_Sampling,Absence_Control,NEG-01170,Spatial_Absence_Control,https://apdamitra.in/data/absence,Buffered >= 0.1 deg from positive slides,VALID_NEGATIVE_ABSENCE,33,3.6,295.8,-0.0174,0
APDA-NEG-01171,2017-02-18,2017-02-18 12:00:00,2017,Tripura,24.3674,92.1064,Absence Control: Dharmanagar Juri Valley,Dharmanagar Juri Valley,Point verified absence,None,None,None,Low-slope plain / valley basin,0,0,Apda_Mitra_Spatial_Buffer_Sampling,Absence_Control,NEG-01171,Spatial_Absence_Control,https://apdamitra.in/data/absence,Buffered >= 0.1 deg from positive slides,VALID_NEGATIVE_ABSENCE,52,2.4,177.5,-0.0123,0
APDA-NEG-01172,2009-05-04,2009-05-04 12:00:00,2009,Tripura,23.5627,91.5386,Absence Control: Udaipur Gomati Basin,Udaipur Gomati Basin,Point verified absence,None,None,None,Low-slope plain / valley basin,0,0,Apda_Mitra_Spatial_Buffer_Sampling,Absence_Control,NEG-01172,Spatial_Absence_Control,https://apdamitra.in/data/absence,Buffered >= 0.1 deg from positive slides,VALID_NEGATIVE_ABSENCE,49,3.3,316.0,0.0172,0
APDA-NEG-01173,2019-02-17,2019-02-17 12:00:00,2019,Tripura,24.3405,92.1678,Absence Control: Dharmanagar Juri Valley,Dharmanagar Juri Valley,Point verified absence,None,None,None,Low-slope plain / valley basin,0,0,Apda_Mitra_Spatial_Buffer_Sampling,Absence_Control,NEG-01173,Spatial_Absence_Control,https://apdamitra.in/data/absence,Buffered >= 0.1 deg from positive slides,VALID_NEGATIVE_ABSENCE,40,2.2,55.2,0.0051,0
APDA-NEG-01174,2013-11-16,2013-11-16 12:00:00,2013,Tripura,23.2332,91.4978,Absence Control: Belonia Plain,Belonia Plain,Point verified absence,None,None,None,Low-slope plain / valley basin,0,0,Apda_Mitra_Spatial_Buffer_Sampling,Absence_Control,NEG-01174,Spatial_Absence_Control,https://apdamitra.in/data/absence,Buffered >= 0.1 deg from positive slides,VALID_NEGATIVE_ABSENCE,28,2.6,202.8,-0.0147,0
APDA-NEG-01175,2018-09-24,2018-09-24 12:00:00,2018,Tripura,23.5272,91.4576,Absence Control: Udaipur Gomati Basin,Udaipur Gomati Basin,Point verified absence,None,None,None,Low-slope plain / valley basin,0,0,Apda_Mitra_Spatial_Buffer_Sampling,Absence_Control,NEG-01175,Spatial_Absence_Control,https://apdamitra.in/data/absence,Buffered >= 0.1 deg from positive slides,VALID_NEGATIVE_ABSENCE,43,2.6,232.7,0.0162,0
APDA-NEG-01176,2000-10-19,2000-10-19 12:00:00,2000,Tripura,23.5607,91.4534,Absence Control: Udaipur Gomati Basin,Udaipur Gomati Basin,Point verified absence,None,None,None,Low-slope plain / valley basin,0,0,Apda_Mitra_Spatial_Buffer_Sampling,Absence_Control,NEG-01176,Spatial_Absence_Control,https://apdamitra.in/data/absence,Buffered >= 0.1 deg from positive slides,VALID_NEGATIVE_ABSENCE,26,2.1,208.0,-0.0152,0
APDA-NEG-01177,2013-04-20,2013-04-20 12:00:00,2013,Tripura,23.8651,91.3234,Absence Control: Agartala Howrah Plain,Agartala Howrah Plain,Point verified absence,None,None,None,Low-slope plain / valley basin,0,0,Apda_Mitra_Spatial_Buffer_Sampling,Absence_Control,NEG-01177,Spatial_Absence_Control,https://apdamitra.in/data/absence,Buffered >= 0.1 deg from positive slides,VALID_NEGATIVE_ABSENCE,48,3.2,147.5,-0.017,0
APDA-NEG-01178,2000-05-27,2000-05-27 12:00:00,2000,Tripura,23.7882,91.2784,Absence Control: Agartala Howrah Plain,Agartala Howrah Plain,Point verified absence,None,None,None,Low-slope plain / valley basin,0,0,Apda_Mitra_Spatial_Buffer_Sampling,Absence_Control,NEG-01178,Spatial_Absence_Control,https://apdamitra.in/data/absence,Buffered >= 0.1 deg from positive slides,VALID_NEGATIVE_ABSENCE,53,3.3,194.0,-0.0176,0
APDA-NEG-01179,2018-12-06,2018-12-06 12:00:00,2018,Tripura,23.3086,91.4223,Absence Control: Belonia Plain,Belonia Plain,Point verified absence,None,None,None,Low-slope plain / valley basin,0,0,Apda_Mitra_Spatial_Buffer_Sampling,Absence_Control,NEG-01179,Spatial_Absence_Control,https://apdamitra.in/data/absence,Buffered >= 0.1 deg from positive slides,VALID_NEGATIVE_ABSENCE,31,1.0,245.3,0.0172,0
APDA-NEG-01180,2011-06-18,2011-06-18 12:00:00,2011,Tripura,23.8708,91.2279,Absence Control: Agartala Howrah Plain,Agartala Howrah Plain,Point verified absence,None,None,None,Low-slope plain / valley basin,0,0,Apda_Mitra_Spatial_Buffer_Sampling,Absence_Control,NEG-01180,Spatial_Absence_Control,https://apdamitra.in/data/absence,Buffered >= 0.1 deg from positive slides,VALID_NEGATIVE_ABSENCE,71,3.3,59.3,0.0024,0
APDA-NEG-01181,2002-12-15,2002-12-15 12:00:00,2002,Tripura,24.3632,92.1929,Absence Control: Dharmanagar Juri Valley,Dharmanagar Juri Valley,Point verified absence,None,None,None,Low-slope plain / valley basin,0,0,Apda_Mitra_Spatial_Buffer_Sampling,Absence_Control,NEG-01181,Spatial_Absence_Control,https://apdamitra.in/data/absence,Buffered >= 0.1 deg from positive slides,VALID_NEGATIVE_ABSENCE,72,4.0,183.5,0.0117,0
APDA-NEG-01182,2021-02-04,2021-02-04 12:00:00,2021,Tripura,24.4017,92.1571,Absence Control: Dharmanagar Juri Valley,Dharmanagar Juri Valley,Point verified absence,None,None,None,Low-slope plain / valley basin,0,0,Apda_Mitra_Spatial_Buffer_Sampling,Absence_Control,NEG-01182,Spatial_Absence_Control,https://apdamitra.in/data/absence,Buffered >= 0.1 deg from positive slides,VALID_NEGATIVE_ABSENCE,42,4.2,225.8,0.0158,0
APDA-NEG-01183,2018-04-11,2018-04-11 12:00:00,2018,Tripura,23.8803,91.3252,Absence Control: Agartala Howrah Plain,Agartala Howrah Plain,Point verified absence,None,None,None,Low-slope plain / valley basin,0,0,Apda_Mitra_Spatial_Buffer_Sampling,Absence_Control,NEG-01183,Spatial_Absence_Control,https://apdamitra.in/data/absence,Buffered >= 0.1 deg from positive slides,VALID_NEGATIVE_ABSENCE,72,2.7,72.5,-0.0191,0
APDA-NEG-01184,2013-07-01,2013-07-01 12:00:00,2013,Tripura,24.3615,92.1986,Absence Control: Dharmanagar Juri Valley,Dharmanagar Juri Valley,Point verified absence,None,None,None,Low-slope plain / valley basin,0,0,Apda_Mitra_Spatial_Buffer_Sampling,Absence_Control,NEG-01184,Spatial_Absence_Control,https://apdamitra.in/data/absence,Buffered >= 0.1 deg from positive slides,VALID_NEGATIVE_ABSENCE,52,2.2,110.9,-0.0086,0
APDA-NEG-01185,2005-03-05,2005-03-05 12:00:00,2005,Tripura,23.5209,91.4984,Absence Control: Udaipur Gomati Basin,Udaipur Gomati Basin,Point verified absence,None,None,None,Low-slope plain / valley basin,0,0,Apda_Mitra_Spatial_Buffer_Sampling,Absence_Control,NEG-01185,Spatial_Absence_Control,https://apdamitra.in/data/absence,Buffered >= 0.1 deg from positive slides,VALID_NEGATIVE_ABSENCE,60,1.8,89.0,-0.016,0
APDA-NEG-01186,1999-06-19,1999-06-19 12:00:00,1999,Tripura,23.8012,91.2894,Absence Control: Agartala Howrah Plain,Agartala Howrah Plain,Point verified absence,None,None,None,Low-slope plain / valley basin,0,0,Apda_Mitra_Spatial_Buffer_Sampling,Absence_Control,NEG-01186,Spatial_Absence_Control,https://apdamitra.in/data/absence,Buffered >= 0.1 deg from positive slides,VALID_NEGATIVE_ABSENCE,66,3.4,272.5,0.0054,0
APDA-NEG-01187,2012-12-28,2012-12-28 12:00:00,2012,Tripura,23.5564,91.4351,Absence Control: Udaipur Gomati Basin,Udaipur Gomati Basin,Point verified absence,None,None,None,Low-slope plain / valley basin,0,0,Apda_Mitra_Spatial_Buffer_Sampling,Absence_Control,NEG-01187,Spatial_Absence_Control,https://apdamitra.in/data/absence,Buffered >= 0.1 deg from positive slides,VALID_NEGATIVE_ABSENCE,47,3.4,250.2,-0.0002,0
APDA-NEG-01188,2009-10-23,2009-10-23 12:00:00,2009,Tripura,23.8279,91.3262,Absence Control: Agartala Howrah Plain,Agartala Howrah Plain,Point verified absence,None,None,None,Low-slope plain / valley basin,0,0,Apda_Mitra_Spatial_Buffer_Sampling,Absence_Control,NEG-01188,Spatial_Absence_Control,https://apdamitra.in/data/absence,Buffered >= 0.1 deg from positive slides,VALID_NEGATIVE_ABSENCE,42,2.5,216.3,0.0013,0
APDA-NEG-01189,2009-11-17,2009-11-17 12:00:00,2009,Tripura,24.3843,92.1835,Absence Control: Dharmanagar Juri Valley,Dharmanagar Juri Valley,Point verified absence,None,None,None,Low-slope plain / valley basin,0,0,Apda_Mitra_Spatial_Buffer_Sampling,Absence_Control,NEG-01189,Spatial_Absence_Control,https://apdamitra.in/data/absence,Buffered >= 0.1 deg from positive slides,VALID_NEGATIVE_ABSENCE,66,2.7,118.2,-0.0023,0
APDA-NEG-01190,2021-07-07,2021-07-07 12:00:00,2021,Tripura,23.8681,91.236,Absence Control: Agartala Howrah Plain,Agartala Howrah Plain,Point verified absence,None,None,None,Low-slope plain / valley basin,0,0,Apda_Mitra_Spatial_Buffer_Sampling,Absence_Control,NEG-01190,Spatial_Absence_Control,https://apdamitra.in/data/absence,Buffered >= 0.1 deg from positive slides,VALID_NEGATIVE_ABSENCE,58,1.6,144.5,0.003,0
APDA-NEG-01191,2012-01-21,2012-01-21 12:00:00,2012,Tripura,23.5396,91.511,Absence Control: Udaipur Gomati Basin,Udaipur Gomati Basin,Point verified absence,None,None,None,Low-slope plain / valley basin,0,0,Apda_Mitra_Spatial_Buffer_Sampling,Absence_Control,NEG-01191,Spatial_Absence_Control,https://apdamitra.in/data/absence,Buffered >= 0.1 deg from positive slides,VALID_NEGATIVE_ABSENCE,38,3.0,177.6,0.0055,0
APDA-NEG-01192,2017-11-15,2017-11-15 12:00:00,2017,Tripura,24.3759,92.1373,Absence Control: Dharmanagar Juri Valley,Dharmanagar Juri Valley,Point verified absence,None,None,None,Low-slope plain / valley basin,0,0,Apda_Mitra_Spatial_Buffer_Sampling,Absence_Control,NEG-01192,Spatial_Absence_Control,https://apdamitra.in/data/absence,Buffered >= 0.1 deg from positive slides,VALID_NEGATIVE_ABSENCE,77,2.2,189.2,0.0115,0
APDA-NEG-01193,2005-10-08,2005-10-08 12:00:00,2005,Tripura,23.8545,91.3368,Absence Control: Agartala Howrah Plain,Agartala Howrah Plain,Point verified absence,None,None,None,Low-slope plain / valley basin,0,0,Apda_Mitra_Spatial_Buffer_Sampling,Absence_Control,NEG-01193,Spatial_Absence_Control,https://apdamitra.in/data/absence,Buffered >= 0.1 deg from positive slides,VALID_NEGATIVE_ABSENCE,28,3.6,183.2,0.0122,0
APDA-NEG-01194,2003-09-09,2003-09-09 12:00:00,2003,Tripura,23.2808,91.5035,Absence Control: Belonia Plain,Belonia Plain,Point verified absence,None,None,None,Low-slope plain / valley basin,0,0,Apda_Mitra_Spatial_Buffer_Sampling,Absence_Control,NEG-01194,Spatial_Absence_Control,https://apdamitra.in/data/absence,Buffered >= 0.1 deg from positive slides,VALID_NEGATIVE_ABSENCE,41,2.5,213.8,-0.003,0
APDA-NEG-01195,2008-10-12,2008-10-12 12:00:00,2008,Tripura,23.4878,91.4685,Absence Control: Udaipur Gomati Basin,Udaipur Gomati Basin,Point verified absence,None,None,None,Low-slope plain / valley basin,0,0,Apda_Mitra_Spatial_Buffer_Sampling,Absence_Control,NEG-01195,Spatial_Absence_Control,https://apdamitra.in/data/absence,Buffered >= 0.1 deg from positive slides,VALID_NEGATIVE_ABSENCE,61,1.7,115.1,0.0065,0
APDA-NEG-01196,2014-04-13,2014-04-13 12:00:00,2014,Tripura,23.5845,91.53,Absence Control: Udaipur Gomati Basin,Udaipur Gomati Basin,Point verified absence,None,None,None,Low-slope plain / valley basin,0,0,Apda_Mitra_Spatial_Buffer_Sampling,Absence_Control,NEG-01196,Spatial_Absence_Control,https://apdamitra.in/data/absence,Buffered >= 0.1 deg from positive slides,VALID_NEGATIVE_ABSENCE,51,1.7,34.1,0.0137,0
APDA-NEG-01197,2004-01-13,2004-01-13 12:00:00,2004,Tripura,23.2958,91.4913,Absence Control: Belonia Plain,Belonia Plain,Point verified absence,None,None,None,Low-slope plain / valley basin,0,0,Apda_Mitra_Spatial_Buffer_Sampling,Absence_Control,NEG-01197,Spatial_Absence_Control,https://apdamitra.in/data/absence,Buffered >= 0.1 deg from positive slides,VALID_NEGATIVE_ABSENCE,27,1.3,208.7,0.0042,0
APDA-NEG-01198,2015-08-20,2015-08-20 12:00:00,2015,Tripura,23.5724,91.5206,Absence Control: Udaipur Gomati Basin,Udaipur Gomati Basin,Point verified absence,None,None,None,Low-slope plain / valley basin,0,0,Apda_Mitra_Spatial_Buffer_Sampling,Absence_Control,NEG-01198,Spatial_Absence_Control,https://apdamitra.in/data/absence,Buffered >= 0.1 deg from positive slides,VALID_NEGATIVE_ABSENCE,26,2.2,348.7,0.0192,0
APDA-NEG-01199,2021-06-12,2021-06-12 12:00:00,2021,Tripura,23.2215,91.4954,Absence Control: Belonia Plain,Belonia Plain,Point verified absence,None,None,None,Low-slope plain / valley basin,0,0,Apda_Mitra_Spatial_Buffer_Sampling,Absence_Control,NEG-01199,Spatial_Absence_Control,https://apdamitra.in/data/absence,Buffered >= 0.1 deg from positive slides,VALID_NEGATIVE_ABSENCE,35,2.3,318.8,0.015,0
APDA-NEG-01200,2018-06-25,2018-06-25 12:00:00,2018,Tripura,24.3816,92.1058,Absence Control: Dharmanagar Juri Valley,Dharmanagar Juri Valley,Point verified absence,None,None,None,Low-slope plain / valley basin,0,0,Apda_Mitra_Spatial_Buffer_Sampling,Absence_Control,NEG-01200,Spatial_Absence_Control,https://apdamitra.in/data/absence,Buffered >= 0.1 deg from positive slides,VALID_NEGATIVE_ABSENCE,43,3.7,220.8,0.0089,0
APDA-NEG-01201,2003-11-24,2003-11-24 12:00:00,2003,Tripura,24.3305,92.165,Absence Control: Dharmanagar Juri Valley,Dharmanagar Juri Valley,Point verified absence,None,None,None,Low-slope plain / valley basin,0,0,Apda_Mitra_Spatial_Buffer_Sampling,Absence_Control,NEG-01201,Spatial_Absence_Control,https://apdamitra.in/data/absence,Buffered >= 0.1 deg from positive slides,VALID_NEGATIVE_ABSENCE,48,3.7,168.5,0.0078,0
APDA-NEG-01202,2021-12-02,2021-12-02 12:00:00,2021,Tripura,23.2882,91.4394,Absence Control: Belonia Plain,Belonia Plain,Point verified absence,None,None,None,Low-slope plain / valley basin,0,0,Apda_Mitra_Spatial_Buffer_Sampling,Absence_Control,NEG-01202,Spatial_Absence_Control,https://apdamitra.in/data/absence,Buffered >= 0.1 deg from positive slides,VALID_NEGATIVE_ABSENCE,28,2.2,223.1,-0.0083,0
APDA-NEG-01203,2005-11-07,2005-11-07 12:00:00,2005,Tripura,24.4169,92.1061,Absence Control: Dharmanagar Juri Valley,Dharmanagar Juri Valley,Point verified absence,None,None,None,Low-slope plain / valley basin,0,0,Apda_Mitra_Spatial_Buffer_Sampling,Absence_Control,NEG-01203,Spatial_Absence_Control,https://apdamitra.in/data/absence,Buffered >= 0.1 deg from positive slides,VALID_NEGATIVE_ABSENCE,69,2.8,226.6,-0.0052,0
APDA-NEG-01204,2014-06-18,2014-06-18 12:00:00,2014,Tripura,24.411,92.1509,Absence Control: Dharmanagar Juri Valley,Dharmanagar Juri Valley,Point verified absence,None,None,None,Low-slope plain / valley basin,0,0,Apda_Mitra_Spatial_Buffer_Sampling,Absence_Control,NEG-01204,Spatial_Absence_Control,https://apdamitra.in/data/absence,Buffered >= 0.1 deg from positive slides,VALID_NEGATIVE_ABSENCE,76,4.1,256.4,-0.0032,0
APDA-NEG-01205,1995-11-24,1995-11-24 12:00:00,1995,Tripura,23.2065,91.4844,Absence Control: Belonia Plain,Belonia Plain,Point verified absence,None,None,None,Low-slope plain / valley basin,0,0,Apda_Mitra_Spatial_Buffer_Sampling,Absence_Control,NEG-01205,Spatial_Absence_Control,https://apdamitra.in/data/absence,Buffered >= 0.1 deg from positive slides,VALID_NEGATIVE_ABSENCE,60,2.5,205.8,0.0114,0
APDA-NEG-01206,2006-09-20,2006-09-20 12:00:00,2006,Tripura,24.3542,92.1489,Absence Control: Dharmanagar Juri Valley,Dharmanagar Juri Valley,Point verified absence,None,None,None,Low-slope plain / valley basin,0,0,Apda_Mitra_Spatial_Buffer_Sampling,Absence_Control,NEG-01206,Spatial_Absence_Control,https://apdamitra.in/data/absence,Buffered >= 0.1 deg from positive slides,VALID_NEGATIVE_ABSENCE,68,4.4,72.4,0.0127,0
APDA-NEG-01207,2020-11-12,2020-11-12 12:00:00,2020,Tripura,23.5403,91.5403,Absence Control: Udaipur Gomati Basin,Udaipur Gomati Basin,Point verified absence,None,None,None,Low-slope plain / valley basin,0,0,Apda_Mitra_Spatial_Buffer_Sampling,Absence_Control,NEG-01207,Spatial_Absence_Control,https://apdamitra.in/data/absence,Buffered >= 0.1 deg from positive slides,VALID_NEGATIVE_ABSENCE,29,2.7,310.8,-0.0089,0
APDA-NEG-01208,2008-01-02,2008-01-02 12:00:00,2008,Tripura,23.2279,91.4071,Absence Control: Belonia Plain,Belonia Plain,Point verified absence,None,None,None,Low-slope plain / valley basin,0,0,Apda_Mitra_Spatial_Buffer_Sampling,Absence_Control,NEG-01208,Spatial_Absence_Control,https://apdamitra.in/data/absence,Buffered >= 0.1 deg from positive slides,VALID_NEGATIVE_ABSENCE,27,2.1,292.4,-0.0074,0
APDA-NEG-01209,2004-04-14,2004-04-14 12:00:00,2004,Tripura,23.2112,91.3937,Absence Control: Belonia Plain,Belonia Plain,Point verified absence,None,None,None,Low-slope plain / valley basin,0,0,Apda_Mitra_Spatial_Buffer_Sampling,Absence_Control,NEG-01209,Spatial_Absence_Control,https://apdamitra.in/data/absence,Buffered >= 0.1 deg from positive slides,VALID_NEGATIVE_ABSENCE,31,3.1,271.9,-0.005,0
APDA-NEG-01210,2011-10-01,2011-10-01 12:00:00,2011,Tripura,23.5458,91.5268,Absence Control: Udaipur Gomati Basin,Udaipur Gomati Basin,Point verified absence,None,None,None,Low-slope plain / valley basin,0,0,Apda_Mitra_Spatial_Buffer_Sampling,Absence_Control,NEG-01210,Spatial_Absence_Control,https://apdamitra.in/data/absence,Buffered >= 0.1 deg from positive slides,VALID_NEGATIVE_ABSENCE,61,1.9,221.4,-0.0137,0
APDA-NEG-01211,2010-08-16,2010-08-16 12:00:00,2010,Tripura,23.2444,91.4261,Absence Control: Belonia Plain,Belonia Plain,Point verified absence,None,None,None,Low-slope plain / valley basin,0,0,Apda_Mitra_Spatial_Buffer_Sampling,Absence_Control,NEG-01211,Spatial_Absence_Control,https://apdamitra.in/data/absence,Buffered >= 0.1 deg from positive slides,VALID_NEGATIVE_ABSENCE,55,1.4,96.8,-0.0021,0
APDA-NEG-01212,2009-04-01,2009-04-01 12:00:00,2009,Tripura,23.541,91.5124,Absence Control: Udaipur Gomati Basin,Udaipur Gomati Basin,Point verified absence,None,None,None,Low-slope plain / valley basin,0,0,Apda_Mitra_Spatial_Buffer_Sampling,Absence_Control,NEG-01212,Spatial_Absence_Control,https://apdamitra.in/data/absence,Buffered >= 0.1 deg from positive slides,VALID_NEGATIVE_ABSENCE,28,2.4,51.7,0.0034,0
APDA-NEG-01213,2021-11-15,2021-11-15 12:00:00,2021,Tripura,23.2192,91.416,Absence Control: Belonia Plain,Belonia Plain,Point verified absence,None,None,None,Low-slope plain / valley basin,0,0,Apda_Mitra_Spatial_Buffer_Sampling,Absence_Control,NEG-01213,Spatial_Absence_Control,https://apdamitra.in/data/absence,Buffered >= 0.1 deg from positive slides,VALID_NEGATIVE_ABSENCE,58,2.7,83.8,0.0069,0
APDA-NEG-01214,2007-10-14,2007-10-14 12:00:00,2007,Tripura,23.8307,91.3447,Absence Control: Agartala Howrah Plain,Agartala Howrah Plain,Point verified absence,None,None,None,Low-slope plain / valley basin,0,0,Apda_Mitra_Spatial_Buffer_Sampling,Absence_Control,NEG-01214,Spatial_Absence_Control,https://apdamitra.in/data/absence,Buffered >= 0.1 deg from positive slides,VALID_NEGATIVE_ABSENCE,59,2.0,309.0,-0.0002,0
APDA-NEG-01215,2020-06-26,2020-06-26 12:00:00,2020,Tripura,23.2093,91.3932,Absence Control: Belonia Plain,Belonia Plain,Point verified absence,None,None,None,Low-slope plain / valley basin,0,0,Apda_Mitra_Spatial_Buffer_Sampling,Absence_Control,NEG-01215,Spatial_Absence_Control,https://apdamitra.in/data/absence,Buffered >= 0.1 deg from positive slides,VALID_NEGATIVE_ABSENCE,14,2.7,288.2,-0.0123,0
APDA-NEG-01216,2005-11-27,2005-11-27 12:00:00,2005,Tripura,23.2617,91.4875,Absence Control: Belonia Plain,Belonia Plain,Point verified absence,None,None,None,Low-slope plain / valley basin,0,0,Apda_Mitra_Spatial_Buffer_Sampling,Absence_Control,NEG-01216,Spatial_Absence_Control,https://apdamitra.in/data/absence,Buffered >= 0.1 deg from positive slides,VALID_NEGATIVE_ABSENCE,14,2.0,111.9,-0.0154,0
APDA-NEG-01217,2005-06-13,2005-06-13 12:00:00,2005,Tripura,23.842,91.2925,Absence Control: Agartala Howrah Plain,Agartala Howrah Plain,Point verified absence,None,None,None,Low-slope plain / valley basin,0,0,Apda_Mitra_Spatial_Buffer_Sampling,Absence_Control,NEG-01217,Spatial_Absence_Control,https://apdamitra.in/data/absence,Buffered >= 0.1 deg from positive slides,VALID_NEGATIVE_ABSENCE,30,2.0,246.5,-0.0039,0
APDA-NEG-01218,2002-02-11,2002-02-11 12:00:00,2002,Tripura,24.4089,92.168,Absence Control: Dharmanagar Juri Valley,Dharmanagar Juri Valley,Point verified absence,None,None,None,Low-slope plain / valley basin,0,0,Apda_Mitra_Spatial_Buffer_Sampling,Absence_Control,NEG-01218,Spatial_Absence_Control,https://apdamitra.in/data/absence,Buffered >= 0.1 deg from positive slides,VALID_NEGATIVE_ABSENCE,56,3.3,211.1,-0.0199,0
APDA-NEG-01219,1999-01-24,1999-01-24 12:00:00,1999,Tripura,23.5935,91.5116,Absence Control: Udaipur Gomati Basin,Udaipur Gomati Basin,Point verified absence,None,None,None,Low-slope plain / valley basin,0,0,Apda_Mitra_Spatial_Buffer_Sampling,Absence_Control,NEG-01219,Spatial_Absence_Control,https://apdamitra.in/data/absence,Buffered >= 0.1 deg from positive slides,VALID_NEGATIVE_ABSENCE,31,2.5,346.5,0.0138,0
APDA-NEG-01220,2002-08-15,2002-08-15 12:00:00,2002,Tripura,23.812,91.2989,Absence Control: Agartala Howrah Plain,Agartala Howrah Plain,Point verified absence,None,None,None,Low-slope plain / valley basin,0,0,Apda_Mitra_Spatial_Buffer_Sampling,Absence_Control,NEG-01220,Spatial_Absence_Control,https://apdamitra.in/data/absence,Buffered >= 0.1 deg from positive slides,VALID_NEGATIVE_ABSENCE,38,3.4,284.0,-0.0097,0
APDA-NEG-01221,2000-05-24,2000-05-24 12:00:00,2000,Tripura,24.4222,92.1438,Absence Control: Dharmanagar Juri Valley,Dharmanagar Juri Valley,Point verified absence,None,None,None,Low-slope plain / valley basin,0,0,Apda_Mitra_Spatial_Buffer_Sampling,Absence_Control,NEG-01221,Spatial_Absence_Control,https://apdamitra.in/data/absence,Buffered >= 0.1 deg from positive slides,VALID_NEGATIVE_ABSENCE,75,2.5,294.1,-0.0002,0
APDA-NEG-01222,2001-05-27,2001-05-27 12:00:00,2001,Tripura,23.8115,91.3243,Absence Control: Agartala Howrah Plain,Agartala Howrah Plain,Point verified absence,None,None,None,Low-slope plain / valley basin,0,0,Apda_Mitra_Spatial_Buffer_Sampling,Absence_Control,NEG-01222,Spatial_Absence_Control,https://apdamitra.in/data/absence,Buffered >= 0.1 deg from positive slides,VALID_NEGATIVE_ABSENCE,60,1.9,105.0,-0.0168,0
APDA-NEG-01223,2005-06-23,2005-06-23 12:00:00,2005,Tripura,24.3864,92.1652,Absence Control: Dharmanagar Juri Valley,Dharmanagar Juri Valley,Point verified absence,None,None,None,Low-slope plain / valley basin,0,0,Apda_Mitra_Spatial_Buffer_Sampling,Absence_Control,NEG-01223,Spatial_Absence_Control,https://apdamitra.in/data/absence,Buffered >= 0.1 deg from positive slides,VALID_NEGATIVE_ABSENCE,54,4.0,298.0,-0.0124,0
APDA-NEG-01224,2000-05-21,2000-05-21 12:00:00,2000,Tripura,23.5901,91.482,Absence Control: Udaipur Gomati Basin,Udaipur Gomati Basin,Point verified absence,None,None,None,Low-slope plain / valley basin,0,0,Apda_Mitra_Spatial_Buffer_Sampling,Absence_Control,NEG-01224,Spatial_Absence_Control,https://apdamitra.in/data/absence,Buffered >= 0.1 deg from positive slides,VALID_NEGATIVE_ABSENCE,47,1.9,46.2,0.0031,0
APDA-NEG-01225,2015-09-04,2015-09-04 12:00:00,2015,Tripura,23.8719,91.2628,Absence Control: Agartala Howrah Plain,Agartala Howrah Plain,Point verified absence,None,None,None,Low-slope plain / valley basin,0,0,Apda_Mitra_Spatial_Buffer_Sampling,Absence_Control,NEG-01225,Spatial_Absence_Control,https://apdamitra.in/data/absence,Buffered >= 0.1 deg from positive slides,VALID_NEGATIVE_ABSENCE,46,2.6,131.7,0.0022,0
APDA-NEG-01226,2018-03-06,2018-03-06 12:00:00,2018,Tripura,23.5312,91.5132,Absence Control: Udaipur Gomati Basin,Udaipur Gomati Basin,Point verified absence,None,None,None,Low-slope plain / valley basin,0,0,Apda_Mitra_Spatial_Buffer_Sampling,Absence_Control,NEG-01226,Spatial_Absence_Control,https://apdamitra.in/data/absence,Buffered >= 0.1 deg from positive slides,VALID_NEGATIVE_ABSENCE,57,1.4,190.5,0.003,0
APDA-NEG-01227,2014-08-05,2014-08-05 12:00:00,2014,Tripura,23.5687,91.504,Absence Control: Udaipur Gomati Basin,Udaipur Gomati Basin,Point verified absence,None,None,None,Low-slope plain / valley basin,0,0,Apda_Mitra_Spatial_Buffer_Sampling,Absence_Control,NEG-01227,Spatial_Absence_Control,https://apdamitra.in/data/absence,Buffered >= 0.1 deg from positive slides,VALID_NEGATIVE_ABSENCE,39,2.2,127.1,-0.0153,0
APDA-NEG-01228,2011-11-01,2011-11-01 12:00:00,2011,Tripura,23.843,91.2718,Absence Control: Agartala Howrah Plain,Agartala Howrah Plain,Point verified absence,None,None,None,Low-slope plain / valley basin,0,0,Apda_Mitra_Spatial_Buffer_Sampling,Absence_Control,NEG-01228,Spatial_Absence_Control,https://apdamitra.in/data/absence,Buffered >= 0.1 deg from positive slides,VALID_NEGATIVE_ABSENCE,38,2.6,137.7,-0.0151,0
APDA-NEG-01229,2000-04-27,2000-04-27 12:00:00,2000,Tripura,23.5576,91.4729,Absence Control: Udaipur Gomati Basin,Udaipur Gomati Basin,Point verified absence,None,None,None,Low-slope plain / valley basin,0,0,Apda_Mitra_Spatial_Buffer_Sampling,Absence_Control,NEG-01229,Spatial_Absence_Control,https://apdamitra.in/data/absence,Buffered >= 0.1 deg from positive slides,VALID_NEGATIVE_ABSENCE,39,2.8,89.7,-0.0017,0
APDA-NEG-01230,2016-05-01,2016-05-01 12:00:00,2016,Tripura,24.4059,92.1947,Absence Control: Dharmanagar Juri Valley,Dharmanagar Juri Valley,Point verified absence,None,None,None,Low-slope plain / valley basin,0,0,Apda_Mitra_Spatial_Buffer_Sampling,Absence_Control,NEG-01230,Spatial_Absence_Control,https://apdamitra.in/data/absence,Buffered >= 0.1 deg from positive slides,VALID_NEGATIVE_ABSENCE,76,3.7,173.6,0.0142,0
APDA-NEG-01231,2008-04-05,2008-04-05 12:00:00,2008,Tripura,23.7883,91.2772,Absence Control: Agartala Howrah Plain,Agartala Howrah Plain,Point verified absence,None,None,None,Low-slope plain / valley basin,0,0,Apda_Mitra_Spatial_Buffer_Sampling,Absence_Control,NEG-01231,Spatial_Absence_Control,https://apdamitra.in/data/absence,Buffered >= 0.1 deg from positive slides,VALID_NEGATIVE_ABSENCE,74,2.7,156.2,-0.0169,0
APDA-NEG-01232,2021-04-10,2021-04-10 12:00:00,2021,Tripura,23.5318,91.5029,Absence Control: Udaipur Gomati Basin,Udaipur Gomati Basin,Point verified absence,None,None,None,Low-slope plain / valley basin,0,0,Apda_Mitra_Spatial_Buffer_Sampling,Absence_Control,NEG-01232,Spatial_Absence_Control,https://apdamitra.in/data/absence,Buffered >= 0.1 deg from positive slides,VALID_NEGATIVE_ABSENCE,25,1.5,164.0,0.0078,0
APDA-NEG-01233,2021-03-20,2021-03-20 12:00:00,2021,Tripura,23.7874,91.2418,Absence Control: Agartala Howrah Plain,Agartala Howrah Plain,Point verified absence,None,None,None,Low-slope plain / valley basin,0,0,Apda_Mitra_Spatial_Buffer_Sampling,Absence_Control,NEG-01233,Spatial_Absence_Control,https://apdamitra.in/data/absence,Buffered >= 0.1 deg from positive slides,VALID_NEGATIVE_ABSENCE,25,2.4,107.9,0.0114,0
APDA-NEG-01234,2020-09-06,2020-09-06 12:00:00,2020,Tripura,23.2145,91.4727,Absence Control: Belonia Plain,Belonia Plain,Point verified absence,None,None,None,Low-slope plain / valley basin,0,0,Apda_Mitra_Spatial_Buffer_Sampling,Absence_Control,NEG-01234,Spatial_Absence_Control,https://apdamitra.in/data/absence,Buffered >= 0.1 deg from positive slides,VALID_NEGATIVE_ABSENCE,53,2.1,30.9,-0.0092,0
APDA-NEG-01235,1996-08-19,1996-08-19 12:00:00,1996,Tripura,23.5492,91.5301,Absence Control: Udaipur Gomati Basin,Udaipur Gomati Basin,Point verified absence,None,None,None,Low-slope plain / valley basin,0,0,Apda_Mitra_Spatial_Buffer_Sampling,Absence_Control,NEG-01235,Spatial_Absence_Control,https://apdamitra.in/data/absence,Buffered >= 0.1 deg from positive slides,VALID_NEGATIVE_ABSENCE,40,3.0,65.3,-0.0124,0
APDA-NEG-01236,2013-12-04,2013-12-04 12:00:00,2013,Tripura,24.3909,92.2112,Absence Control: Dharmanagar Juri Valley,Dharmanagar Juri Valley,Point verified absence,None,None,None,Low-slope plain / valley basin,0,0,Apda_Mitra_Spatial_Buffer_Sampling,Absence_Control,NEG-01236,Spatial_Absence_Control,https://apdamitra.in/data/absence,Buffered >= 0.1 deg from positive slides,VALID_NEGATIVE_ABSENCE,36,4.0,33.1,0.0103,0
APDA-NEG-01237,2006-09-01,2006-09-01 12:00:00,2006,Tripura,23.2874,91.4353,Absence Control: Belonia Plain,Belonia Plain,Point verified absence,None,None,None,Low-slope plain / valley basin,0,0,Apda_Mitra_Spatial_Buffer_Sampling,Absence_Control,NEG-01237,Spatial_Absence_Control,https://apdamitra.in/data/absence,Buffered >= 0.1 deg from positive slides,VALID_NEGATIVE_ABSENCE,44,2.0,333.2,0.0189,0
APDA-NEG-01238,2002-04-04,2002-04-04 12:00:00,2002,Tripura,23.8314,91.2703,Absence Control: Agartala Howrah Plain,Agartala Howrah Plain,Point verified absence,None,None,None,Low-slope plain / valley basin,0,0,Apda_Mitra_Spatial_Buffer_Sampling,Absence_Control,NEG-01238,Spatial_Absence_Control,https://apdamitra.in/data/absence,Buffered >= 0.1 deg from positive slides,VALID_NEGATIVE_ABSENCE,34,2.8,152.4,0.019,0
APDA-NEG-01239,1996-12-18,1996-12-18 12:00:00,1996,Tripura,23.7785,91.2904,Absence Control: Agartala Howrah Plain,Agartala Howrah Plain,Point verified absence,None,None,None,Low-slope plain / valley basin,0,0,Apda_Mitra_Spatial_Buffer_Sampling,Absence_Control,NEG-01239,Spatial_Absence_Control,https://apdamitra.in/data/absence,Buffered >= 0.1 deg from positive slides,VALID_NEGATIVE_ABSENCE,62,3.3,213.1,0.0045,0
APDA-NEG-01240,2004-11-24,2004-11-24 12:00:00,2004,Tripura,23.5855,91.5005,Absence Control: Udaipur Gomati Basin,Udaipur Gomati Basin,Point verified absence,None,None,None,Low-slope plain / valley basin,0,0,Apda_Mitra_Spatial_Buffer_Sampling,Absence_Control,NEG-01240,Spatial_Absence_Control,https://apdamitra.in/data/absence,Buffered >= 0.1 deg from positive slides,VALID_NEGATIVE_ABSENCE,43,3.4,340.1,-0.0123,0
APDA-NEG-01241,1995-02-28,1995-02-28 12:00:00,1995,Tripura,23.886,91.2398,Absence Control: Agartala Howrah Plain,Agartala Howrah Plain,Point verified absence,None,None,None,Low-slope plain / valley basin,0,0,Apda_Mitra_Spatial_Buffer_Sampling,Absence_Control,NEG-01241,Spatial_Absence_Control,https://apdamitra.in/data/absence,Buffered >= 0.1 deg from positive slides,VALID_NEGATIVE_ABSENCE,74,4.0,133.1,-0.0108,0
APDA-NEG-01242,2004-12-04,2004-12-04 12:00:00,2004,Tripura,23.8704,91.3379,Absence Control: Agartala Howrah Plain,Agartala Howrah Plain,Point verified absence,None,None,None,Low-slope plain / valley basin,0,0,Apda_Mitra_Spatial_Buffer_Sampling,Absence_Control,NEG-01242,Spatial_Absence_Control,https://apdamitra.in/data/absence,Buffered >= 0.1 deg from positive slides,VALID_NEGATIVE_ABSENCE,56,3.1,220.8,-0.0079,0
APDA-NEG-01243,2018-01-14,2018-01-14 12:00:00,2018,Tripura,23.8521,91.2937,Absence Control: Agartala Howrah Plain,Agartala Howrah Plain,Point verified absence,None,None,None,Low-slope plain / valley basin,0,0,Apda_Mitra_Spatial_Buffer_Sampling,Absence_Control,NEG-01243,Spatial_Absence_Control,https://apdamitra.in/data/absence,Buffered >= 0.1 deg from positive slides,VALID_NEGATIVE_ABSENCE,66,2.9,109.3,0.017,0
APDA-NEG-01244,2013-04-20,2013-04-20 12:00:00,2013,Tripura,24.423,92.198,Absence Control: Dharmanagar Juri Valley,Dharmanagar Juri Valley,Point verified absence,None,None,None,Low-slope plain / valley basin,0,0,Apda_Mitra_Spatial_Buffer_Sampling,Absence_Control,NEG-01244,Spatial_Absence_Control,https://apdamitra.in/data/absence,Buffered >= 0.1 deg from positive slides,VALID_NEGATIVE_ABSENCE,70,2.3,283.4,-0.0083,0
APDA-NEG-01245,2011-11-14,2011-11-14 12:00:00,2011,Tripura,23.1953,91.4141,Absence Control: Belonia Plain,Belonia Plain,Point verified absence,None,None,None,Low-slope plain / valley basin,0,0,Apda_Mitra_Spatial_Buffer_Sampling,Absence_Control,NEG-01245,Spatial_Absence_Control,https://apdamitra.in/data/absence,Buffered >= 0.1 deg from positive slides,VALID_NEGATIVE_ABSENCE,47,1.0,37.2,0.0129,0
APDA-NEG-01246,2008-10-06,2008-10-06 12:00:00,2008,Tripura,23.2476,91.4878,Absence Control: Belonia Plain,Belonia Plain,Point verified absence,None,None,None,Low-slope plain / valley basin,0,0,Apda_Mitra_Spatial_Buffer_Sampling,Absence_Control,NEG-01246,Spatial_Absence_Control,https://apdamitra.in/data/absence,Buffered >= 0.1 deg from positive slides,VALID_NEGATIVE_ABSENCE,55,2.3,35.4,-0.0086,0
APDA-NEG-01247,2010-07-10,2010-07-10 12:00:00,2010,Tripura,23.798,91.2554,Absence Control: Agartala Howrah Plain,Agartala Howrah Plain,Point verified absence,None,None,None,Low-slope plain / valley basin,0,0,Apda_Mitra_Spatial_Buffer_Sampling,Absence_Control,NEG-01247,Spatial_Absence_Control,https://apdamitra.in/data/absence,Buffered >= 0.1 deg from positive slides,VALID_NEGATIVE_ABSENCE,67,1.6,62.2,0.0132,0
APDA-NEG-01248,2019-06-16,2019-06-16 12:00:00,2019,Tripura,23.5884,91.5419,Absence Control: Udaipur Gomati Basin,Udaipur Gomati Basin,Point verified absence,None,None,None,Low-slope plain / valley basin,0,0,Apda_Mitra_Spatial_Buffer_Sampling,Absence_Control,NEG-01248,Spatial_Absence_Control,https://apdamitra.in/data/absence,Buffered >= 0.1 deg from positive slides,VALID_NEGATIVE_ABSENCE,22,2.1,348.1,0.0102,0
APDA-NEG-01249,2010-08-19,2010-08-19 12:00:00,2010,Tripura,23.805,91.2289,Absence Control: Agartala Howrah Plain,Agartala Howrah Plain,Point verified absence,None,None,None,Low-slope plain / valley basin,0,0,Apda_Mitra_Spatial_Buffer_Sampling,Absence_Control,NEG-01249,Spatial_Absence_Control,https://apdamitra.in/data/absence,Buffered >= 0.1 deg from positive slides,VALID_NEGATIVE_ABSENCE,72,3.1,187.5,-0.0028,0
APDA-NEG-01250,2010-07-04,2010-07-04 12:00:00,2010,Tripura,23.2361,91.4215,Absence Control: Belonia Plain,Belonia Plain,Point verified absence,None,None,None,Low-slope plain / valley basin,0,0,Apda_Mitra_Spatial_Buffer_Sampling,Absence_Control,NEG-01250,Spatial_Absence_Control,https://apdamitra.in/data/absence,Buffered >= 0.1 deg from positive slides,VALID_NEGATIVE_ABSENCE,19,2.0,130.0,-0.0022,0
APDA-NEG-01251,2006-01-04,2006-01-04 12:00:00,2006,Tripura,23.5914,91.5133,Absence Control: Udaipur Gomati Basin,Udaipur Gomati Basin,Point verified absence,None,None,None,Low-slope plain / valley basin,0,0,Apda_Mitra_Spatial_Buffer_Sampling,Absence_Control,NEG-01251,Spatial_Absence_Control,https://apdamitra.in/data/absence,Buffered >= 0.1 deg from positive slides,VALID_NEGATIVE_ABSENCE,37,2.4,178.9,0.0091,0
APDA-NEG-01252,2010-11-18,2010-11-18 12:00:00,2010,Tripura,23.5186,91.5351,Absence Control: Udaipur Gomati Basin,Udaipur Gomati Basin,Point verified absence,None,None,None,Low-slope plain / valley basin,0,0,Apda_Mitra_Spatial_Buffer_Sampling,Absence_Control,NEG-01252,Spatial_Absence_Control,https://apdamitra.in/data/absence,Buffered >= 0.1 deg from positive slides,VALID_NEGATIVE_ABSENCE,30,2.0,39.1,0.008,0
APDA-NEG-01253,2007-12-16,2007-12-16 12:00:00,2007,Tripura,23.7838,91.2314,Absence Control: Agartala Howrah Plain,Agartala Howrah Plain,Point verified absence,None,None,None,Low-slope plain / valley basin,0,0,Apda_Mitra_Spatial_Buffer_Sampling,Absence_Control,NEG-01253,Spatial_Absence_Control,https://apdamitra.in/data/absence,Buffered >= 0.1 deg from positive slides,VALID_NEGATIVE_ABSENCE,73,1.6,4.3,-0.0046,0
APDA-NEG-01254,2020-10-27,2020-10-27 12:00:00,2020,Tripura,23.281,91.4668,Absence Control: Belonia Plain,Belonia Plain,Point verified absence,None,None,None,Low-slope plain / valley basin,0,0,Apda_Mitra_Spatial_Buffer_Sampling,Absence_Control,NEG-01254,Spatial_Absence_Control,https://apdamitra.in/data/absence,Buffered >= 0.1 deg from positive slides,VALID_NEGATIVE_ABSENCE,27,1.2,141.3,0.0163,0
APDA-NEG-01255,2019-03-14,2019-03-14 12:00:00,2019,Tripura,23.5666,91.5309,Absence Control: Udaipur Gomati Basin,Udaipur Gomati Basin,Point verified absence,None,None,None,Low-slope plain / valley basin,0,0,Apda_Mitra_Spatial_Buffer_Sampling,Absence_Control,NEG-01255,Spatial_Absence_Control,https://apdamitra.in/data/absence,Buffered >= 0.1 deg from positive slides,VALID_NEGATIVE_ABSENCE,52,2.7,203.3,-0.0168,0
APDA-NEG-01256,2002-01-21,2002-01-21 12:00:00,2002,Tripura,23.1977,91.4702,Absence Control: Belonia Plain,Belonia Plain,Point verified absence,None,None,None,Low-slope plain / valley basin,0,0,Apda_Mitra_Spatial_Buffer_Sampling,Absence_Control,NEG-01256,Spatial_Absence_Control,https://apdamitra.in/data/absence,Buffered >= 0.1 deg from positive slides,VALID_NEGATIVE_ABSENCE,13,2.8,54.1,-0.0174,0
APDA-NEG-01257,2017-03-13,2017-03-13 12:00:00,2017,Tripura,24.338,92.1211,Absence Control: Dharmanagar Juri Valley,Dharmanagar Juri Valley,Point verified absence,None,None,None,Low-slope plain / valley basin,0,0,Apda_Mitra_Spatial_Buffer_Sampling,Absence_Control,NEG-01257,Spatial_Absence_Control,https://apdamitra.in/data/absence,Buffered >= 0.1 deg from positive slides,VALID_NEGATIVE_ABSENCE,66,2.5,219.0,0.0165,0
APDA-NEG-01258,2005-01-01,2005-01-01 12:00:00,2005,Tripura,23.7836,91.2481,Absence Control: Agartala Howrah Plain,Agartala Howrah Plain,Point verified absence,None,None,None,Low-slope plain / valley basin,0,0,Apda_Mitra_Spatial_Buffer_Sampling,Absence_Control,NEG-01258,Spatial_Absence_Control,https://apdamitra.in/data/absence,Buffered >= 0.1 deg from positive slides,VALID_NEGATIVE_ABSENCE,25,1.9,176.3,-0.011,0
APDA-NEG-01259,2016-08-20,2016-08-20 12:00:00,2016,Tripura,24.3769,92.1528,Absence Control: Dharmanagar Juri Valley,Dharmanagar Juri Valley,Point verified absence,None,None,None,Low-slope plain / valley basin,0,0,Apda_Mitra_Spatial_Buffer_Sampling,Absence_Control,NEG-01259,Spatial_Absence_Control,https://apdamitra.in/data/absence,Buffered >= 0.1 deg from positive slides,VALID_NEGATIVE_ABSENCE,32,3.8,354.4,-0.0043,0
APDA-NEG-01260,2021-11-19,2021-11-19 12:00:00,2021,Tripura,23.5471,91.4652,Absence Control: Udaipur Gomati Basin,Udaipur Gomati Basin,Point verified absence,None,None,None,Low-slope plain / valley basin,0,0,Apda_Mitra_Spatial_Buffer_Sampling,Absence_Control,NEG-01260,Spatial_Absence_Control,https://apdamitra.in/data/absence,Buffered >= 0.1 deg from positive slides,VALID_NEGATIVE_ABSENCE,26,3.0,255.3,0.0117,0
APDA-NEG-01261,2015-02-20,2015-02-20 12:00:00,2015,Tripura,24.3793,92.1103,Absence Control: Dharmanagar Juri Valley,Dharmanagar Juri Valley,Point verified absence,None,None,None,Low-slope plain / valley basin,0,0,Apda_Mitra_Spatial_Buffer_Sampling,Absence_Control,NEG-01261,Spatial_Absence_Control,https://apdamitra.in/data/absence,Buffered >= 0.1 deg from positive slides,VALID_NEGATIVE_ABSENCE,81,2.8,168.7,0.0055,0
APDA-NEG-01262,2004-03-12,2004-03-12 12:00:00,2004,Tripura,24.3292,92.1059,Absence Control: Dharmanagar Juri Valley,Dharmanagar Juri Valley,Point verified absence,None,None,None,Low-slope plain / valley basin,0,0,Apda_Mitra_Spatial_Buffer_Sampling,Absence_Control,NEG-01262,Spatial_Absence_Control,https://apdamitra.in/data/absence,Buffered >= 0.1 deg from positive slides,VALID_NEGATIVE_ABSENCE,53,4.3,26.2,0.0189,0
APDA-NEG-01263,2008-06-06,2008-06-06 12:00:00,2008,Tripura,24.3736,92.2085,Absence Control: Dharmanagar Juri Valley,Dharmanagar Juri Valley,Point verified absence,None,None,None,Low-slope plain / valley basin,0,0,Apda_Mitra_Spatial_Buffer_Sampling,Absence_Control,NEG-01263,Spatial_Absence_Control,https://apdamitra.in/data/absence,Buffered >= 0.1 deg from positive slides,VALID_NEGATIVE_ABSENCE,38,3.8,341.6,-0.0189,0
APDA-NEG-01264,2014-06-21,2014-06-21 12:00:00,2014,Tripura,23.2203,91.487,Absence Control: Belonia Plain,Belonia Plain,Point verified absence,None,None,None,Low-slope plain / valley basin,0,0,Apda_Mitra_Spatial_Buffer_Sampling,Absence_Control,NEG-01264,Spatial_Absence_Control,https://apdamitra.in/data/absence,Buffered >= 0.1 deg from positive slides,VALID_NEGATIVE_ABSENCE,15,1.9,89.9,-0.0199,0
APDA-NEG-01265,2004-08-12,2004-08-12 12:00:00,2004,Tripura,23.8462,91.2656,Absence Control: Agartala Howrah Plain,Agartala Howrah Plain,Point verified absence,None,None,None,Low-slope plain / valley basin,0,0,Apda_Mitra_Spatial_Buffer_Sampling,Absence_Control,NEG-01265,Spatial_Absence_Control,https://apdamitra.in/data/absence,Buffered >= 0.1 deg from positive slides,VALID_NEGATIVE_ABSENCE,39,2.7,214.4,-0.012,0
APDA-NEG-01266,2011-11-11,2011-11-11 12:00:00,2011,Tripura,24.353,92.172,Absence Control: Dharmanagar Juri Valley,Dharmanagar Juri Valley,Point verified absence,None,None,None,Low-slope plain / valley basin,0,0,Apda_Mitra_Spatial_Buffer_Sampling,Absence_Control,NEG-01266,Spatial_Absence_Control,https://apdamitra.in/data/absence,Buffered >= 0.1 deg from positive slides,VALID_NEGATIVE_ABSENCE,33,2.1,291.5,-0.0115,0
APDA-NEG-01267,2017-12-10,2017-12-10 12:00:00,2017,Tripura,23.8177,91.287,Absence Control: Agartala Howrah Plain,Agartala Howrah Plain,Point verified absence,None,None,None,Low-slope plain / valley basin,0,0,Apda_Mitra_Spatial_Buffer_Sampling,Absence_Control,NEG-01267,Spatial_Absence_Control,https://apdamitra.in/data/absence,Buffered >= 0.1 deg from positive slides,VALID_NEGATIVE_ABSENCE,25,3.0,354.0,0.0199,0
APDA-NEG-01268,2014-01-09,2014-01-09 12:00:00,2014,Tripura,23.8655,91.3085,Absence Control: Agartala Howrah Plain,Agartala Howrah Plain,Point verified absence,None,None,None,Low-slope plain / valley basin,0,0,Apda_Mitra_Spatial_Buffer_Sampling,Absence_Control,NEG-01268,Spatial_Absence_Control,https://apdamitra.in/data/absence,Buffered >= 0.1 deg from positive slides,VALID_NEGATIVE_ABSENCE,66,3.5,110.4,-0.0081,0
APDA-NEG-01269,2002-10-14,2002-10-14 12:00:00,2002,Tripura,24.3395,92.1312,Absence Control: Dharmanagar Juri Valley,Dharmanagar Juri Valley,Point verified absence,None,None,None,Low-slope plain / valley basin,0,0,Apda_Mitra_Spatial_Buffer_Sampling,Absence_Control,NEG-01269,Spatial_Absence_Control,https://apdamitra.in/data/absence,Buffered >= 0.1 deg from positive slides,VALID_NEGATIVE_ABSENCE,33,4.3,275.7,-0.0071,0
APDA-NEG-01270,2004-05-10,2004-05-10 12:00:00,2004,Tripura,23.5347,91.4803,Absence Control: Udaipur Gomati Basin,Udaipur Gomati Basin,Point verified absence,None,None,None,Low-slope plain / valley basin,0,0,Apda_Mitra_Spatial_Buffer_Sampling,Absence_Control,NEG-01270,Spatial_Absence_Control,https://apdamitra.in/data/absence,Buffered >= 0.1 deg from positive slides,VALID_NEGATIVE_ABSENCE,21,2.6,345.1,-0.0068,0
