event_id,event_date,latitude,longitude,state,source_catalog,source_dataset,rainfall_1d,rainfall_3d,rainfall_7d,rainfall_15d,rainfall_30d,soil_moisture,soil_moisture_anomaly,elevation,slope,aspect,curvature,landslide
585,2008-06-14,27.1,93.629,Arunachal Pradesh,GLC,NASA COOLR,42.4,85.43,148.59,261.42,427.26,0.85,1.2112,405.82,5.4,275.31,-0.003886,1
870,2008-10-29,27.4,92.35,Arunachal Pradesh,GLC,NASA COOLR,0.0,24.16,33.78,33.8,64.78,0.81,0.3488,2632.03,27.75,254.93,-0.002004,1
1084,2009-08-12,27.7,92.8,Arunachal Pradesh,GLC,NASA COOLR,17.32,32.27,50.39,109.21,228.18,0.79,-1.1384,2449.61,15.58,316.69,0.005925,1
1613,2010-04-03,27.9,93.35,Arunachal Pradesh,GLC,NASA COOLR,4.73,15.67,41.33,81.63,85.35,0.68,0.2815,880.3,6.86,324.28,0.000483,1
1775,2010-04-21,27.897,96.178,Arunachal Pradesh,GLC,NASA COOLR,46.75,98.64,118.19,208.44,415.19,0.91,2.4306,201.88,2.25,262.81,-8.7e-05,1
1930,2010-05-31,28.43,95.878,Arunachal Pradesh,GLC,NASA COOLR,10.46,13.68,31.61,98.82,341.89,0.88,1.4141,521.73,12.9,215.56,-0.012348,1
2405,2010-09-10,28.304,95.411,Arunachal Pradesh,GLC,NASA COOLR,47.91,135.67,230.46,316.54,569.0,0.97,2.0178,1838.67,42.16,110.41,-0.022087,1
2411,2010-09-10,27.001,93.727,Arunachal Pradesh,GLC,NASA COOLR,15.17,73.01,134.58,273.57,530.59,0.95,1.3497,109.05,1.28,275.38,-0.000399,1
2539,2010-10-03,28.309,95.415,Arunachal Pradesh,GLC,NASA COOLR,2.35,13.64,31.43,119.95,426.52,0.9,0.5765,1855.45,48.67,283.53,0.017074,1
2743,2010-11-22,27.58,91.857,Arunachal Pradesh,GLC,NASA COOLR,0.0,1.5,2.56,2.56,3.26,0.74,0.5155,2770.8,20.34,290.99,-0.007307,1
3269,2011-03-22,28.079,96.524,Arunachal Pradesh,GLC,NASA COOLR,7.48,55.41,102.32,122.78,130.32,0.79,2.1494,540.76,25.09,16.84,0.000669,1
3776,2011-07-15,27.125,93.715,Arunachal Pradesh,GLC,NASA COOLR,22.61,108.87,132.86,269.57,416.47,0.88,0.6027,132.62,0.05,335.53,-0.000268,1
3789,2011-07-16,27.274,92.906,Arunachal Pradesh,GLC,NASA COOLR,2.2,79.4,131.24,223.79,399.8,0.88,0.0097,631.99,19.7,10.68,0.003399,1
3806,2011-07-19,27.103,93.688,Arunachal Pradesh,GLC,NASA COOLR,58.61,136.8,253.15,298.1,532.64,0.94,1.5079,150.77,3.37,208.94,0.000197,1
3881,2011-08-05,27.103,93.689,Arunachal Pradesh,GLC,NASA COOLR,21.34,48.21,57.1,226.79,521.8,0.91,0.859,149.55,3.02,126.32,-0.000848,1
3912,2011-08-12,27.44,92.283,Arunachal Pradesh,GLC,NASA COOLR,6.41,9.64,28.55,86.72,289.16,0.83,-0.1924,2627.1,11.97,216.12,-0.005517,1
3925,2011-08-15,27.489,93.015,Arunachal Pradesh,GLC,NASA COOLR,42.1,67.64,79.22,144.74,465.07,0.92,0.5949,539.04,31.9,221.61,-2.4e-05,1
4313,2012-04-08,28.466,95.86,Arunachal Pradesh,GLC,NASA COOLR,3.12,12.66,15.87,48.45,63.06,0.68,-0.6033,1044.75,36.99,146.35,-0.005245,1
4378,2012-06-02,28.825,96.152,Arunachal Pradesh,GLC,NASA COOLR,4.69,12.46,14.98,25.87,73.49,0.68,-0.2686,3580.52,18.65,100.5,-0.000928,1
4392,2012-06-06,29.241,95.976,Arunachal Pradesh,GLC,NASA COOLR,4.01,16.89,37.8,50.58,97.98,0.7,-0.05,4437.27,17.44,303.91,-0.011216,1
4435,2012-06-25,27.174,95.801,Arunachal Pradesh,GLC,NASA COOLR,36.02,76.5,135.79,249.31,403.09,0.96,1.4065,294.59,0.76,25.93,-0.000146,1
4436,2012-06-25,26.999,95.499,Arunachal Pradesh,GLC,NASA COOLR,36.02,76.5,135.79,249.31,403.09,0.96,1.4065,611.01,28.59,176.57,0.031089,1
4446,2012-07-05,28.999,94.889,Arunachal Pradesh,GLC,NASA COOLR,4.3,30.75,65.95,179.18,289.14,0.85,0.5101,595.37,17.56,13.3,0.005696,1
4570,2012-09-19,27.846,95.225,Arunachal Pradesh,GLC,NASA COOLR,62.91,108.4,203.85,348.6,632.71,0.98,2.1627,133.87,0.6,1.61,0.000668,1
4757,2013-02-18,28.119,95.165,Arunachal Pradesh,GLC,NASA COOLR,2.93,5.34,5.34,5.34,5.34,0.66,0.0827,789.92,37.14,299.88,-0.010289,1
4798,2013-04-07,28.825,96.151,Arunachal Pradesh,GLC,NASA COOLR,0.08,5.32,14.62,36.31,54.52,0.72,0.8176,3615.86,28.16,95.28,0.000874,1
4892,2013-06-01,27.878,94.25,Arunachal Pradesh,GLC,NASA COOLR,10.89,21.72,51.05,106.93,249.4,0.77,0.1194,984.28,35.96,43.24,-0.001097,1
5250,2013-08-01,27.884,93.052,Arunachal Pradesh,GLC,NASA COOLR,9.91,35.1,51.34,174.23,309.29,0.89,0.9219,1602.46,43.98,13.21,0.013711,1
5441,2013-09-02,28.611,94.983,Arunachal Pradesh,GLC,NASA COOLR,24.66,57.5,122.63,160.25,401.7,0.91,0.7202,1681.38,32.11,198.01,-0.009668,1
5442,2013-09-02,27.161,93.753,Arunachal Pradesh,GLC,NASA COOLR,40.7,70.95,160.05,214.7,439.7,0.95,1.3938,145.58,3.3,150.02,-0.001204,1
6015,2014-05-08,27.903,96.174,Arunachal Pradesh,GLC,NASA COOLR,33.77,55.08,62.54,77.05,98.57,0.73,0.4611,196.5,3.87,201.79,0.003916,1
6105,2014-06-27,28.921,95.343,Arunachal Pradesh,GLC,NASA COOLR,14.77,18.84,30.77,79.53,112.18,0.75,-0.2855,4085.62,8.5,309.75,-0.015365,1
6200,2014-08-17,27.087,93.609,Arunachal Pradesh,GLC,NASA COOLR,4.65,43.69,146.25,235.39,447.42,0.91,0.6013,315.83,3.23,285.01,0.00299,1
6222,2014-10-01,27.125,93.771,Arunachal Pradesh,GLC,NASA COOLR,0.0,0.01,81.07,271.83,424.95,0.93,1.1009,149.04,27.46,162.65,0.009015,1
6971,2015-06-09,27.099,93.816,Arunachal Pradesh,GLC,NASA COOLR,44.35,137.97,228.36,382.26,593.82,0.91,2.1061,211.55,16.91,124.87,0.007968,1
7214,2015-07-15,27.36,93.039,Arunachal Pradesh,GLC,NASA COOLR,40.53,70.31,77.28,155.47,381.05,0.91,0.6601,417.16,3.95,255.24,-0.004881,1
7887,2015-08-16,27.884,96.926,Arunachal Pradesh,GLC,NASA COOLR,7.42,24.99,52.36,124.4,204.67,0.89,0.1077,989.99,36.35,257.44,-0.011361,1
7334,2015-08-18,28.174,94.76,Arunachal Pradesh,GLC,NASA COOLR,25.29,66.26,138.52,279.66,443.59,0.94,0.8534,568.93,24.65,72.89,-0.004536,1
7655,2016-04-22,27.58,91.857,Arunachal Pradesh,GLC,NASA COOLR,11.02,58.47,118.9,142.62,207.29,0.78,2.7959,2770.8,20.34,290.99,-0.007307,1
9428,2016-04-23,27.552,91.752,Arunachal Pradesh,GLC,NASA COOLR,8.76,40.8,110.82,151.34,216.05,0.77,2.4813,2404.82,33.21,106.56,0.002952,1
9404,2016-05-01,28.082,96.532,Arunachal Pradesh,GLC,NASA COOLR,6.31,22.57,39.76,175.96,407.75,0.88,2.0087,601.36,18.57,314.49,-0.006154,1
9168,2016-06-13,27.644,93.871,Arunachal Pradesh,GLC,NASA COOLR,32.49,64.71,100.76,139.52,336.63,0.88,1.084,1708.81,37.85,241.99,-0.006909,1
8237,2016-07-01,27.014,92.635,Arunachal Pradesh,GLC,NASA COOLR,7.67,13.51,20.96,93.86,194.5,0.8,0.2292,229.59,2.67,56.71,0.000438,1
9010,2016-07-16,27.303,93.804,Arunachal Pradesh,GLC,NASA COOLR,39.81,124.73,205.07,334.37,556.02,0.97,1.5832,734.51,30.72,70.68,0.003837,1
9087,2016-07-19,28.235,94.961,Arunachal Pradesh,GLC,NASA COOLR,14.48,89.14,199.95,270.29,589.71,0.95,0.907,314.7,44.76,165.92,-0.001882,1
9252,2016-07-28,27.575,91.864,Arunachal Pradesh,GLC,NASA COOLR,14.04,27.35,78.71,151.69,240.45,0.87,1.7652,2698.92,13.02,104.21,0.004858,1
9464,2016-08-05,27.575,91.975,Arunachal Pradesh,GLC,NASA COOLR,0.23,10.25,20.27,105.99,202.47,0.84,1.1633,2424.03,27.94,186.95,-0.000311,1
9869,2016-08-16,26.882,95.4,Arunachal Pradesh,GLC,NASA COOLR,4.04,10.94,45.5,82.6,312.9,0.93,0.6038,724.37,10.18,300.8,-0.017936,1
11174,2017-04-22,27.68,93.626,Arunachal Pradesh,GLC,NASA COOLR,9.07,18.63,25.7,40.7,145.07,0.7,0.5872,1108.12,20.32,274.33,-0.005887,1
11173,2017-04-23,27.618,93.842,Arunachal Pradesh,GLC,NASA COOLR,12.37,24.85,37.69,49.21,154.75,0.72,0.8329,1675.89,21.05,247.25,-0.007178,1
11171,2017-04-26,27.104,93.612,Arunachal Pradesh,GLC,NASA COOLR,26.0,67.41,106.16,117.7,227.08,0.75,1.7915,308.87,28.06,327.92,0.004536,1
11175,2017-05-03,27.827,93.624,Arunachal Pradesh,GLC,NASA COOLR,2.17,7.36,64.28,172.14,195.86,0.75,1.074,984.34,11.79,16.48,0.000162,1
9797,2017-05-24,27.77,93.51,Arunachal Pradesh,GLC,NASA COOLR,26.83,45.0,131.17,186.13,341.15,0.84,1.6395,863.34,45.27,252.9,-0.009548,1
9743,2017-06-04,27.059,93.542,Arunachal Pradesh,GLC,NASA COOLR,8.18,72.54,142.86,253.53,382.3,0.82,1.2693,506.38,20.28,135.82,-0.007406,1
9829,2017-06-19,27.07,93.615,Arunachal Pradesh,GLC,NASA COOLR,11.97,65.43,129.02,172.09,425.62,0.85,1.0433,201.97,4.62,304.79,0.004102,1
11176,2017-06-20,28.108,94.183,Arunachal Pradesh,GLC,NASA COOLR,8.12,68.59,139.69,207.02,502.42,0.93,1.366,868.88,6.16,312.85,-0.006763,1
9834,2017-06-21,27.059,93.541,Arunachal Pradesh,GLC,NASA COOLR,12.83,32.21,97.89,191.78,410.6,0.84,0.8494,506.35,13.95,194.12,-0.008643,1
9933,2017-06-30,27.048,93.619,Arunachal Pradesh,GLC,NASA COOLR,32.95,59.68,142.67,254.05,433.2,0.9,1.3019,263.38,11.01,130.74,-0.00506,1
9934,2017-07-01,27.011,92.642,Arunachal Pradesh,GLC,NASA COOLR,21.91,34.02,58.89,152.15,291.07,0.79,0.1057,248.85,29.11,145.52,0.004688,1
9932,2017-07-01,27.106,93.66,Arunachal Pradesh,GLC,NASA COOLR,68.04,119.2,186.66,314.97,494.17,0.94,1.8258,267.52,24.06,170.95,-0.001049,1
9935,2017-07-01,27.082,93.608,Arunachal Pradesh,GLC,NASA COOLR,68.04,119.2,186.66,314.97,494.17,0.94,1.8258,273.24,12.74,115.18,-0.027158,1
9993,2017-07-05,27.979,94.263,Arunachal Pradesh,GLC,NASA COOLR,16.22,66.64,257.78,396.67,603.69,0.97,1.525,331.0,20.19,145.24,0.001714,1
9998,2017-07-05,27.985,94.213,Arunachal Pradesh,GLC,NASA COOLR,16.22,66.64,257.78,396.67,603.69,0.97,1.525,304.62,32.29,38.67,0.002286,1
11164,2017-07-09,27.107,93.652,Arunachal Pradesh,GLC,NASA COOLR,89.73,153.24,228.74,445.92,671.15,0.97,2.1188,333.11,18.21,251.5,-0.003809,1
11165,2017-07-09,27.093,93.619,Arunachal Pradesh,GLC,NASA COOLR,89.73,153.24,228.74,445.92,671.15,0.97,2.1188,361.84,9.69,236.77,-0.000647,1
11166,2017-07-09,27.077,93.598,Arunachal Pradesh,GLC,NASA COOLR,89.73,153.24,228.74,445.92,671.15,0.97,2.1188,222.67,3.51,88.38,-0.001755,1
11167,2017-07-09,27.116,93.796,Arunachal Pradesh,GLC,NASA COOLR,89.73,153.24,228.74,445.92,671.15,0.97,2.1188,174.11,22.21,252.95,-0.00234,1
11169,2017-07-09,27.06,93.501,Arunachal Pradesh,GLC,NASA COOLR,89.73,153.24,228.74,445.92,671.15,0.97,2.1188,265.68,29.76,15.58,-0.00224,1
11170,2017-07-09,27.142,93.665,Arunachal Pradesh,GLC,NASA COOLR,89.73,153.24,228.74,445.92,671.15,0.97,2.1188,995.87,11.85,119.27,-0.013658,1
11172,2017-07-09,27.084,93.605,Arunachal Pradesh,GLC,NASA COOLR,89.73,153.24,228.74,445.92,671.15,0.97,2.1188,292.08,10.98,254.12,0.003303,1
11177,2017-07-11,27.584,91.877,Arunachal Pradesh,GLC,NASA COOLR,7.9,54.3,93.48,159.09,283.61,0.81,0.9888,2739.16,22.45,17.5,-0.012273,1
11168,2017-07-11,27.209,93.615,Arunachal Pradesh,GLC,NASA COOLR,25.38,170.16,257.1,476.61,740.55,0.97,2.1004,653.6,31.19,327.49,-0.001912,1
13263,2017-09-30,27.304,92.408,Arunachal Pradesh,GLC,NASA COOLR,10.33,30.09,35.09,62.17,138.67,0.85,0.1851,2158.27,30.7,253.98,-0.003671,1
14520,2018-09-14,27.104,93.645,Arunachal Pradesh,GLC,NASA COOLR,9.23,51.23,122.39,200.94,432.66,0.94,1.1949,359.58,23.86,139.25,-0.002894,1
130,2007-07-19,26.17,91.799,Assam,GLC,NASA COOLR,24.86,59.05,102.7,150.47,266.38,0.87,0.2057,157.15,4.53,52.19,-0.007037,1
213,2007-08-26,25.295,92.834,Assam,GLC,NASA COOLR,13.28,16.62,43.01,112.83,165.03,0.8,0.1289,883.28,15.3,231.34,-0.000472,1
264,2007-09-13,26.183,91.8,Assam,GLC,NASA COOLR,2.25,9.52,143.47,300.49,391.61,0.92,0.7788,66.86,1.47,13.99,7.5e-05,1
545,2008-05-20,24.985,92.841,Assam,GLC,NASA COOLR,5.6,22.56,69.88,92.75,127.3,0.7,-0.1975,262.07,11.11,216.47,-0.006878,1
587,2008-06-15,27.23,94.099,Assam,GLC,NASA COOLR,1.5,64.37,149.51,252.6,433.44,0.79,0.4933,95.59,1.31,355.37,-0.000733,1
714,2008-08-14,27.163,94.0,Assam,GLC,NASA COOLR,10.32,32.41,71.73,177.3,334.23,0.88,0.1501,94.73,1.44,162.6,0.003422,1
868,2008-10-29,26.333,91.25,Assam,GLC,NASA COOLR,0.03,26.54,52.6,52.6,115.12,0.7,-0.3813,41.34,0.4,319.39,0.000291,1
869,2008-10-29,27.233,94.117,Assam,GLC,NASA COOLR,0.0,19.84,31.21,31.26,94.98,0.83,0.2319,90.61,0.28,229.81,0.000994,1
1109,2009-08-20,25.522,93.165,Assam,GLC,NASA COOLR,12.55,40.34,100.43,166.12,285.98,0.81,0.2275,265.85,11.42,100.29,0.005843,1
1127,2009-08-27,25.172,93.123,Assam,GLC,NASA COOLR,4.12,19.43,59.39,184.11,295.64,0.84,0.0727,724.41,15.13,232.17,-0.006036,1
1611,2010-04-01,25.155,93.028,Assam,GLC,NASA COOLR,40.47,104.47,158.73,163.85,176.46,0.86,2.8394,593.92,28.88,197.51,-0.001517,1
1770,2010-04-20,26.197,91.763,Assam,GLC,NASA COOLR,33.21,123.36,189.67,214.75,297.34,0.85,2.0092,91.86,11.8,201.42,-0.009228,1
1771,2010-04-20,26.198,91.767,Assam,GLC,NASA COOLR,33.21,123.36,189.67,214.75,297.34,0.85,2.0092,71.95,12.8,132.91,0.001924,1
1934,2010-06-03,24.601,92.381,Assam,GLC,NASA COOLR,54.42,121.7,190.57,371.99,565.7,0.93,1.3068,79.06,17.95,266.52,-0.004817,1
1961,2010-06-09,25.883,91.2,Assam,GLC,NASA COOLR,21.72,69.05,217.88,352.09,501.14,0.85,1.641,239.65,18.31,53.28,0.005628,1
1987,2010-06-15,25.227,93.166,Assam,GLC,NASA COOLR,23.82,45.04,129.3,266.81,444.31,0.92,1.724,392.72,4.76,220.21,0.000932,1
1994,2010-06-16,25.063,92.803,Assam,GLC,NASA COOLR,14.74,62.96,129.34,343.77,697.4,0.97,1.0568,85.24,8.97,39.25,-0.006314,1
2140,2010-07-25,25.048,92.801,Assam,GLC,NASA COOLR,3.43,18.78,96.12,174.7,400.27,0.94,0.213,165.34,24.33,98.11,0.006099,1
2573,2010-10-09,25.18,93.008,Assam,GLC,NASA COOLR,31.14,154.03,172.87,204.95,338.59,0.96,1.7486,686.95,8.35,137.6,0.003288,1
2574,2010-10-09,25.475,93.148,Assam,GLC,NASA COOLR,26.53,110.95,121.17,153.27,276.74,0.95,2.1076,152.3,3.98,184.35,-0.003305,1
2575,2010-10-09,25.524,92.991,Assam,GLC,NASA COOLR,26.53,110.95,121.17,153.27,276.74,0.95,2.1076,171.37,22.19,118.95,0.001054,1
3532,2011-05-24,25.089,92.855,Assam,GLC,NASA COOLR,15.2,50.01,141.96,173.93,276.17,0.85,1.3965,256.8,26.05,178.17,0.005929,1
3672,2011-06-29,25.513,93.361,Assam,GLC,NASA COOLR,20.83,75.23,123.36,179.46,266.14,0.85,1.409,314.56,15.25,310.04,0.01702,1
3837,2011-07-24,26.584,93.004,Assam,GLC,NASA COOLR,2.3,44.38,122.91,203.52,386.35,0.88,0.4479,67.2,0.39,51.21,0.00077,1
3965,2011-09-06,24.808,93.117,Assam,GLC,NASA COOLR,22.29,30.58,45.24,83.57,305.33,0.94,1.4432,37.32,1.58,27.43,0.001927,1
3983,2011-09-23,26.155,91.735,Assam,GLC,NASA COOLR,10.55,36.67,79.84,202.44,249.06,0.93,0.9441,56.08,2.61,65.52,-0.001415,1
4377,2012-06-02,26.148,91.736,Assam,GLC,NASA COOLR,12.72,43.71,113.79,140.23,184.34,0.79,0.4401,50.4,0.84,349.78,0.000362,1
4382,2012-06-03,25.118,92.857,Assam,GLC,NASA COOLR,27.34,76.45,112.95,141.29,189.89,0.84,1.1046,153.91,14.28,325.04,0.005915,1
4383,2012-06-03,25.306,93.127,Assam,GLC,NASA COOLR,26.59,84.45,114.11,144.31,192.91,0.84,1.8344,320.93,7.71,200.35,-0.002582,1
4384,2012-06-03,25.178,93.012,Assam,GLC,NASA COOLR,27.34,76.45,112.95,141.29,189.89,0.84,1.1046,644.59,7.31,70.89,0.004215,1
4424,2012-06-20,26.149,91.735,Assam,GLC,NASA COOLR,32.69,36.57,116.35,194.5,463.87,0.85,0.568,51.9,1.27,238.4,0.000284,1
4426,2012-06-22,26.123,91.716,Assam,GLC,NASA COOLR,43.46,79.73,89.48,225.09,503.09,0.88,0.863,95.36,28.46,27.47,0.006071,1
4434,2012-06-25,26.105,91.737,Assam,GLC,NASA COOLR,100.21,151.86,234.0,361.67,647.02,0.98,2.0932,163.62,17.69,68.06,-0.007826,1
4859,2013-05-11,26.177,91.76,Assam,GLC,NASA COOLR,38.98,109.25,235.03,337.59,409.56,0.88,2.3006,82.57,13.86,338.76,-0.004695,1
4860,2013-05-11,26.102,91.691,Assam,GLC,NASA COOLR,38.98,109.25,235.03,337.59,409.56,0.88,2.3006,65.5,28.17,169.66,0.017318,1
4858,2013-05-11,26.166,91.714,Assam,GLC,NASA COOLR,38.98,109.25,235.03,337.59,409.56,0.88,2.3006,138.12,22.19,83.95,0.005159,1
5584,2013-10-06,26.167,91.705,Assam,GLC,NASA COOLR,62.76,151.09,174.79,249.97,276.04,0.98,2.2878,243.88,8.17,64.57,0.000982,1
5582,2013-10-06,26.131,91.838,Assam,GLC,NASA COOLR,62.76,151.09,174.79,249.97,276.04,0.98,2.2878,114.95,10.14,97.9,-0.012331,1
6016,2014-05-10,24.867,92.358,Assam,GLC,NASA COOLR,19.55,108.23,176.72,235.2,238.06,0.89,1.0564,19.55,1.81,294.81,-0.001608,1
6106,2014-06-27,26.141,91.765,Assam,GLC,NASA COOLR,6.85,21.91,150.58,297.77,349.14,0.8,-0.2866,60.18,3.25,18.9,0.00049,1
6107,2014-06-27,26.184,91.79,Assam,GLC,NASA COOLR,6.85,21.91,150.58,297.77,349.14,0.8,-0.2866,58.3,0.38,316.37,0.00093,1
6110,2014-06-27,26.162,91.77,Assam,GLC,NASA COOLR,6.85,21.91,150.58,297.77,349.14,0.8,-0.2866,53.6,1.02,104.35,0.00343,1
6112,2014-06-28,26.196,91.765,Assam,GLC,NASA COOLR,10.84,31.92,109.1,284.5,354.92,0.8,-0.3286,99.87,5.72,150.67,-0.010505,1
6282,2014-09-22,26.11,91.775,Assam,GLC,NASA COOLR,126.76,191.59,231.7,267.93,354.68,0.97,1.8756,59.48,0.37,348.26,-0.001035,1
6283,2014-09-22,26.131,91.755,Assam,GLC,NASA COOLR,126.76,191.59,231.7,267.93,354.68,0.97,1.8756,78.58,8.14,255.72,6.8e-05,1
6284,2014-09-22,26.132,91.834,Assam,GLC,NASA COOLR,126.76,191.59,231.7,267.93,354.68,0.97,1.8756,75.67,9.05,164.55,0.0033,1
6285,2014-09-22,26.159,91.818,Assam,GLC,NASA COOLR,126.76,191.59,231.7,267.93,354.68,0.97,1.8756,60.84,5.97,40.86,-0.001948,1
6286,2014-09-22,26.104,91.708,Assam,GLC,NASA COOLR,126.76,191.59,231.7,267.93,354.68,0.97,1.8756,53.39,2.83,95.73,0.002008,1
6287,2014-09-22,26.13,91.706,Assam,GLC,NASA COOLR,126.76,191.59,231.7,267.93,354.68,0.97,1.8756,144.65,9.79,76.97,-0.009575,1
6288,2014-09-22,26.199,91.8,Assam,GLC,NASA COOLR,126.76,191.59,231.7,267.93,354.68,0.97,1.8756,95.98,22.6,359.57,0.002251,1
6289,2014-09-22,26.1,91.685,Assam,GLC,NASA COOLR,126.76,191.59,231.7,267.93,354.68,0.97,1.8756,72.83,22.86,148.03,0.007315,1
6292,2014-09-23,25.724,89.903,Assam,GLC,NASA COOLR,13.14,178.28,279.82,388.88,480.66,0.97,0.9734,30.15,7.02,285.13,0.007833,1
6775,2015-02-14,26.147,91.647,Assam,GLC,NASA COOLR,0.26,0.26,0.26,0.26,2.05,0.66,-0.6951,56.36,13.58,208.95,0.007168,1
6786,2015-02-20,24.611,92.562,Assam,GLC,NASA COOLR,0.0,10.95,11.17,11.17,11.21,0.48,0.0955,23.67,6.24,175.75,0.002341,1
7591,2015-03-19,25.032,92.458,Assam,GLC,NASA COOLR,0.01,0.01,0.01,0.08,31.16,0.6,-0.0137,78.61,14.87,311.24,0.008403,1
7253,2015-07-22,24.798,92.997,Assam,GLC,NASA COOLR,18.11,52.6,152.6,266.7,429.08,0.94,1.5379,24.3,0.44,233.1,0.000305,1
7276,2015-07-25,26.106,91.872,Assam,GLC,NASA COOLR,11.76,44.78,112.45,209.16,316.39,0.91,0.7235,259.01,1.56,124.15,-0.006021,1
7728,2015-08-22,26.103,91.881,Assam,GLC,NASA COOLR,4.42,70.45,153.53,205.28,285.17,0.91,0.526,112.87,12.46,16.42,0.007135,1
7923,2015-09-01,26.493,91.721,Assam,GLC,NASA COOLR,10.67,74.71,148.2,293.7,392.25,0.92,1.5328,55.02,1.22,24.84,0.000855,1
7933,2015-09-01,26.187,91.674,Assam,GLC,NASA COOLR,8.4,82.12,160.64,300.56,398.09,0.95,1.5451,48.64,0.75,245.76,0.00094,1
8339,2015-09-23,26.167,91.704,Assam,GLC,NASA COOLR,61.13,106.92,116.73,187.06,431.33,0.97,1.8795,231.39,9.26,326.01,-0.005507,1
9334,2016-05-18,24.52,92.726,Assam,GLC,NASA COOLR,75.63,179.71,267.55,323.56,559.2,0.95,1.8787,37.6,3.1,201.77,0.002354,1
9335,2016-05-18,24.52,92.724,Assam,GLC,NASA COOLR,75.63,179.71,267.55,323.56,559.2,0.95,1.8787,41.72,3.14,219.78,-0.000796,1
9336,2016-05-18,24.531,92.512,Assam,GLC,NASA COOLR,75.63,179.71,267.55,323.56,559.2,0.95,1.8787,48.87,11.91,154.53,0.019526,1
9338,2016-05-18,24.464,92.494,Assam,GLC,NASA COOLR,75.63,179.71,267.55,323.56,559.2,0.95,1.8787,85.19,15.45,254.53,0.004394,1
8222,2016-06-22,26.196,91.783,Assam,GLC,NASA COOLR,19.78,46.18,154.1,259.97,368.1,0.92,1.3579,111.61,12.53,63.55,0.007147,1
8684,2016-07-07,25.961,91.368,Assam,GLC,NASA COOLR,24.29,49.8,151.2,221.39,485.82,0.9,1.5361,178.23,3.84,230.89,0.002402,1
8995,2016-07-14,26.196,91.807,Assam,GLC,NASA COOLR,7.89,16.48,48.2,192.24,419.39,0.92,1.0398,189.19,22.67,57.6,-0.0015,1
8996,2016-07-14,26.177,91.77,Assam,GLC,NASA COOLR,7.89,16.48,48.2,192.24,419.39,0.92,1.0398,111.79,33.44,65.48,0.001931,1
9051,2016-07-19,26.097,91.874,Assam,GLC,NASA COOLR,19.72,128.07,204.59,287.44,491.25,0.97,1.6966,213.66,23.28,166.24,-0.004623,1
9122,2016-07-20,26.197,91.802,Assam,GLC,NASA COOLR,32.15,108.99,231.77,299.82,508.83,0.97,1.6802,99.89,22.29,173.91,0.00383,1
9917,2016-09-01,24.769,92.821,Assam,GLC,NASA COOLR,12.83,60.53,83.91,109.99,212.87,0.92,1.1789,21.4,2.48,32.29,0.001361,1
10972,2016-12-15,26.192,91.81,Assam,GLC,NASA COOLR,0.0,0.0,0.0,0.0,0.28,0.79,0.3566,98.77,6.95,312.42,0.002892,1
10973,2016-12-15,26.182,91.772,Assam,GLC,NASA COOLR,0.0,0.0,0.0,0.0,0.28,0.79,0.3566,54.82,1.73,257.59,0.001207,1
10976,2017-04-04,25.118,92.854,Assam,GLC,NASA COOLR,22.98,113.69,312.64,321.59,372.3,0.91,3.4222,148.57,8.32,59.85,0.006686,1
10977,2017-04-04,25.482,93.142,Assam,GLC,NASA COOLR,16.99,84.74,221.09,227.93,269.38,0.86,3.4122,161.9,4.33,321.09,1.9e-05,1
10978,2017-04-04,25.132,93.047,Assam,GLC,NASA COOLR,22.98,113.69,312.64,321.59,372.3,0.91,3.4222,721.98,8.56,247.15,0.007133,1
10979,2017-04-04,25.195,93.173,Assam,GLC,NASA COOLR,22.98,113.69,312.64,321.59,372.3,0.91,3.4222,675.03,14.31,211.98,-0.002033,1
10980,2017-04-04,25.181,93.118,Assam,GLC,NASA COOLR,22.98,113.69,312.64,321.59,372.3,0.91,3.4222,580.98,13.04,66.78,-0.005864,1
10974,2017-04-05,26.161,91.853,Assam,GLC,NASA COOLR,3.96,83.62,209.1,261.67,294.62,0.83,2.4793,94.75,6.65,281.41,0.0024,1
10975,2017-04-30,25.619,92.709,Assam,GLC,NASA COOLR,18.72,48.15,147.99,245.44,465.28,0.92,2.1497,601.6,16.4,86.06,-0.003362,1
9750,2017-06-04,25.152,92.947,Assam,GLC,NASA COOLR,15.23,94.58,222.87,267.44,373.42,0.92,2.0262,986.85,7.77,218.11,-0.004113,1
11178,2017-06-19,26.964,92.783,Assam,GLC,NASA COOLR,9.7,65.31,146.09,164.64,299.62,0.77,0.3682,175.6,4.84,140.17,-0.004603,1
9949,2017-07-03,26.1,91.874,Assam,GLC,NASA COOLR,24.58,72.73,109.15,190.58,497.79,0.93,1.4349,112.17,20.48,148.02,-0.012876,1
9951,2017-07-03,26.106,91.852,Assam,GLC,NASA COOLR,24.58,72.73,109.15,190.58,497.79,0.93,1.4349,187.18,31.4,137.34,0.002365,1
9952,2017-07-03,26.104,91.862,Assam,GLC,NASA COOLR,24.58,72.73,109.15,190.58,497.79,0.93,1.4349,171.16,16.03,283.44,0.000135,1
9972,2017-07-03,26.222,91.921,Assam,GLC,NASA COOLR,24.58,72.73,109.15,190.58,497.79,0.93,1.4349,114.09,21.11,327.54,-0.001931,1
9940,2017-07-03,26.205,91.872,Assam,GLC,NASA COOLR,24.58,72.73,109.15,190.58,497.79,0.93,1.4349,114.97,29.17,166.68,0.008864,1
10005,2017-07-06,26.11,91.803,Assam,GLC,NASA COOLR,11.94,79.49,169.43,245.24,564.28,0.95,1.7506,63.31,1.04,324.02,-2.7e-05,1
11162,2017-07-09,26.566,93.132,Assam,GLC,NASA COOLR,40.42,72.78,122.62,242.71,432.6,0.94,1.637,82.33,12.6,204.31,0.001304,1
10004,2017-07-10,26.145,91.794,Assam,GLC,NASA COOLR,26.77,73.83,159.66,273.75,636.17,0.96,1.8099,88.0,4.26,137.13,-0.000553,1
10007,2017-07-10,26.19,91.773,Assam,GLC,NASA COOLR,26.77,73.83,159.66,273.75,636.17,0.96,1.8099,81.49,14.64,44.89,0.007821,1
11163,2017-07-10,26.951,93.867,Assam,GLC,NASA COOLR,55.05,190.51,264.38,469.91,724.55,0.97,2.1063,89.15,0.82,142.68,-0.000864,1
14086,2018-12-18,25.196,93.134,Assam,GLC,NASA COOLR,37.32,40.49,40.55,40.63,40.63,0.85,2.3955,532.9,13.13,324.62,-0.00549,1
177,2007-08-12,32.733,77.591,Himachal Pradesh,GLC,NASA COOLR,12.5,22.24,43.86,119.56,163.9,0.73,0.1279,5750.13,24.15,221.33,-0.014669,1
178,2007-08-12,32.099,76.267,Himachal Pradesh,GLC,NASA COOLR,8.91,9.84,56.2,141.47,209.94,0.67,-0.3177,794.82,25.68,330.12,-0.004778,1
481,2008-03-17,32.286,77.161,Himachal Pradesh,GLC,NASA COOLR,0.0,0.0,0.7,0.74,2.1,0.61,-0.6957,2371.35,36.11,11.61,0.001903,1
568,2008-06-03,31.208,77.193,Himachal Pradesh,GLC,NASA COOLR,0.25,5.85,14.94,63.94,92.26,0.63,0.9824,879.94,35.19,314.05,0.006396,1
592,2008-06-18,32.371,77.247,Himachal Pradesh,GLC,NASA COOLR,5.16,12.36,79.16,101.84,136.17,0.66,0.803,3959.5,3.97,259.63,0.00914,1
697,2008-08-08,31.13,77.09,Himachal Pradesh,GLC,NASA COOLR,39.24,51.75,122.25,204.16,333.3,0.87,1.7415,1683.9,28.57,334.65,-0.002892,1
715,2008-08-14,31.0,77.12,Himachal Pradesh,GLC,NASA COOLR,28.03,111.29,208.01,328.56,422.73,0.92,2.0385,1442.23,17.88,115.72,0.001512,1
725,2008-08-17,31.1,77.16,Himachal Pradesh,GLC,NASA COOLR,7.29,41.42,182.94,320.47,432.56,0.91,1.8298,1959.45,14.05,22.19,-0.003983,1
796,2008-09-19,30.56,77.3,Himachal Pradesh,GLC,NASA COOLR,66.0,94.15,100.54,150.92,238.27,0.92,1.3727,899.57,8.8,159.36,-0.006194,1
797,2008-09-19,31.1,77.165,Himachal Pradesh,GLC,NASA COOLR,114.48,164.66,168.24,211.99,253.72,0.91,1.9607,1893.9,29.15,329.17,0.003031,1
798,2008-09-19,31.587,78.315,Himachal Pradesh,GLC,NASA COOLR,19.21,28.32,30.56,49.6,91.86,0.76,0.5671,2795.18,32.44,255.51,0.003555,1
942,2008-12-21,30.895,77.089,Himachal Pradesh,GLC,NASA COOLR,0.0,1.2,1.3,2.17,2.17,0.47,1.0562,1658.34,32.88,159.67,0.008642,1
1134,2009-09-03,32.351,77.223,Himachal Pradesh,GLC,NASA COOLR,8.86,14.38,48.24,57.82,113.47,0.65,-1.1194,3257.94,14.48,5.13,-0.009509,1
1149,2009-09-10,31.549,76.9,Himachal Pradesh,GLC,NASA COOLR,29.98,68.74,76.02,183.2,265.05,0.82,0.4289,863.96,0.52,237.86,-0.002811,1
1153,2009-09-10,31.883,78.617,Himachal Pradesh,GLC,NASA COOLR,13.7,42.13,46.97,72.2,94.65,0.65,0.4066,3310.87,22.85,190.64,-0.002753,1
1154,2009-09-10,32.404,77.58,Himachal Pradesh,GLC,NASA COOLR,13.6,49.11,54.22,103.74,142.55,0.72,-0.2704,4367.11,3.21,110.06,0.001678,1
1157,2009-09-13,31.103,77.163,Himachal Pradesh,GLC,NASA COOLR,0.0,48.21,124.02,222.3,285.94,0.73,0.2331,2021.9,28.34,8.8,-0.004233,1
1962,2010-06-09,31.099,77.172,Himachal Pradesh,GLC,NASA COOLR,2.39,91.58,101.28,103.01,107.44,0.48,1.3745,2043.4,26.52,311.48,0.003116,1
2046,2010-07-07,32.373,77.25,Himachal Pradesh,GLC,NASA COOLR,1.98,37.87,56.29,77.27,101.78,0.58,-0.1745,3944.41,10.63,200.6,0.000444,1
2047,2010-07-07,32.219,78.072,Himachal Pradesh,GLC,NASA COOLR,0.85,26.76,42.07,58.57,74.55,0.48,-0.3362,3594.49,1.47,349.19,0.001651,1
2048,2010-07-07,32.66,76.853,Himachal Pradesh,GLC,NASA COOLR,2.28,33.99,52.76,77.49,100.91,0.59,-0.478,3669.16,26.56,351.12,-0.000819,1
2049,2010-07-07,31.504,77.952,Himachal Pradesh,GLC,NASA COOLR,1.23,33.13,57.35,81.69,99.98,0.58,-0.1485,3517.93,51.62,272.92,-0.001936,1
2050,2010-07-07,31.645,78.435,Himachal Pradesh,GLC,NASA COOLR,1.23,33.13,57.35,81.69,99.98,0.58,-0.1485,2887.45,26.93,105.16,0.007812,1
2051,2010-07-07,31.101,77.179,Himachal Pradesh,GLC,NASA COOLR,4.11,107.82,183.05,228.05,300.24,0.71,1.7459,2257.21,31.57,223.18,-0.01487,1
2056,2010-07-11,32.304,77.211,Himachal Pradesh,GLC,NASA COOLR,11.24,15.23,54.14,76.6,97.33,0.59,-0.1956,3094.5,23.3,337.34,-0.003463,1
2091,2010-07-17,30.636,77.544,Himachal Pradesh,GLC,NASA COOLR,8.04,21.14,56.22,192.03,307.79,0.67,0.105,1637.06,40.51,241.06,0.003234,1
2135,2010-07-25,32.207,76.364,Himachal Pradesh,GLC,NASA COOLR,1.8,2.67,189.73,256.11,330.25,0.76,1.0141,1315.0,5.19,292.95,-0.005721,1
2136,2010-07-25,30.904,77.097,Himachal Pradesh,GLC,NASA COOLR,3.31,8.24,111.25,171.1,367.17,0.73,0.9395,1440.5,16.85,302.55,-0.00543,1
2137,2010-07-25,30.559,77.289,Himachal Pradesh,GLC,NASA COOLR,6.05,15.81,128.41,188.86,382.47,0.78,0.5698,887.77,10.08,298.15,-0.002344,1
2139,2010-07-25,31.105,77.173,Himachal Pradesh,GLC,NASA COOLR,3.31,8.24,111.25,171.1,367.17,0.73,0.9395,2202.87,11.34,163.99,-0.016993,1
2138,2010-07-25,31.093,77.168,Himachal Pradesh,GLC,NASA COOLR,3.31,8.24,111.25,171.1,367.17,0.73,0.9395,1916.38,30.73,0.09,-0.008718,1
2183,2010-07-31,31.066,77.133,Himachal Pradesh,GLC,NASA COOLR,48.47,82.52,115.52,228.41,435.92,0.85,1.6704,1859.15,43.03,209.9,0.011747,1
2198,2010-08-04,32.757,77.414,Himachal Pradesh,GLC,NASA COOLR,7.51,13.18,54.41,116.39,161.41,0.63,1.0004,4878.68,10.5,349.55,0.001657,1
2215,2010-08-06,32.371,77.247,Himachal Pradesh,GLC,NASA COOLR,12.31,33.47,83.37,165.18,269.02,0.8,1.0924,3959.5,3.97,259.63,0.00914,1
2234,2010-08-11,31.958,77.11,Himachal Pradesh,GLC,NASA COOLR,0.48,12.84,65.81,188.0,402.88,0.91,0.9123,1221.73,3.62,13.72,0.005983,1
2242,2010-08-13,30.852,76.991,Himachal Pradesh,GLC,NASA COOLR,22.11,24.15,62.26,176.31,333.2,0.81,1.0595,1244.78,26.46,36.72,-0.003037,1
2246,2010-08-14,30.901,77.096,Himachal Pradesh,GLC,NASA COOLR,5.36,28.25,61.27,154.05,334.65,0.8,0.938,1402.13,18.41,141.66,-0.002328,1
2305,2010-08-21,31.53,77.776,Himachal Pradesh,GLC,NASA COOLR,27.35,51.41,108.39,191.63,398.92,0.94,1.4133,1251.75,22.07,206.43,-0.001103,1
2340,2010-08-26,32.703,75.957,Himachal Pradesh,GLC,NASA COOLR,6.34,39.66,79.73,150.68,325.99,0.92,1.116,1970.93,40.73,65.37,0.001578,1
2397,2010-09-06,32.099,77.15,Himachal Pradesh,GLC,NASA COOLR,2.78,12.99,45.38,118.19,278.56,0.91,0.8816,1595.19,9.23,273.75,0.002277,1
2427,2010-09-14,32.311,77.22,Himachal Pradesh,GLC,NASA COOLR,3.09,34.59,48.2,99.9,218.95,0.86,1.7012,3392.42,30.01,226.41,-0.000374,1
2432,2010-09-15,31.414,77.895,Himachal Pradesh,GLC,NASA COOLR,0.99,11.34,37.1,117.9,256.97,0.86,1.5463,3747.12,60.4,183.82,0.006762,1
2457,2010-09-19,31.563,77.98,Himachal Pradesh,GLC,NASA COOLR,30.5,65.25,91.89,155.47,297.96,0.9,2.0742,1531.57,48.86,166.25,-0.007089,1
2460,2010-09-19,31.984,77.189,Himachal Pradesh,GLC,NASA COOLR,40.4,61.45,86.62,190.35,356.89,0.94,2.1581,2215.52,45.82,334.16,-0.008124,1
2461,2010-09-19,31.458,78.211,Himachal Pradesh,GLC,NASA COOLR,30.5,65.25,91.89,155.47,297.96,0.9,2.0742,3016.62,42.19,271.82,-0.003274,1
2462,2010-09-19,30.909,77.11,Himachal Pradesh,GLC,NASA COOLR,35.98,56.2,82.43,230.46,393.68,0.9,1.855,1568.63,21.3,187.35,-0.002381,1
2463,2010-09-19,31.119,77.509,Himachal Pradesh,GLC,NASA COOLR,61.51,118.73,171.84,316.03,594.7,1.0,2.1616,1547.67,35.7,347.34,0.000344,1
2464,2010-09-19,30.954,77.506,Himachal Pradesh,GLC,NASA COOLR,61.51,118.73,171.84,316.03,594.7,1.0,2.1616,2598.85,20.42,102.04,-0.00735,1
2465,2010-09-19,31.416,77.415,Himachal Pradesh,GLC,NASA COOLR,51.49,87.75,124.75,249.81,463.35,0.98,2.0596,1903.61,28.39,141.79,0.001278,1
2466,2010-09-19,30.874,76.958,Himachal Pradesh,GLC,NASA COOLR,35.98,56.2,82.43,230.46,393.68,0.9,1.855,1305.6,34.74,246.1,0.001665,1
2467,2010-09-19,30.72,77.17,Himachal Pradesh,GLC,NASA COOLR,35.55,58.52,89.49,233.55,402.17,0.9,1.884,1132.7,17.2,356.08,-0.000139,1
2468,2010-09-19,30.904,77.097,Himachal Pradesh,GLC,NASA COOLR,35.98,56.2,82.43,230.46,393.68,0.9,1.855,1440.5,16.85,302.55,-0.00543,1
2469,2010-09-19,30.901,77.467,Himachal Pradesh,GLC,NASA COOLR,61.51,118.73,171.84,316.03,594.7,1.0,2.1616,2442.42,40.39,214.82,-0.001532,1
2475,2010-09-20,31.158,77.716,Himachal Pradesh,GLC,NASA COOLR,0.55,95.19,160.69,297.25,557.66,0.98,1.8441,1725.11,34.04,73.28,-0.002909,1
2479,2010-09-20,31.57,78.284,Himachal Pradesh,GLC,NASA COOLR,0.39,52.08,87.36,145.27,280.34,0.88,1.8747,2287.7,32.88,220.67,-0.003105,1
2480,2010-09-20,31.944,77.118,Himachal Pradesh,GLC,NASA COOLR,1.53,29.71,48.36,165.56,292.61,0.92,1.347,1357.28,21.23,278.23,-0.000484,1
2477,2010-09-21,31.184,76.991,Himachal Pradesh,GLC,NASA COOLR,9.55,46.42,81.7,226.94,373.42,0.89,1.8097,1374.58,24.3,337.28,-0.021431,1
2488,2010-09-22,31.022,77.104,Himachal Pradesh,GLC,NASA COOLR,40.59,51.03,121.26,247.14,404.3,0.91,1.9961,1691.3,27.96,89.77,-0.00481,1
2538,2010-10-03,30.914,76.818,Himachal Pradesh,GLC,NASA COOLR,0.0,1.71,1.71,113.26,319.97,0.84,1.8155,431.73,0.79,12.21,-0.001098,1
2546,2010-10-04,30.955,77.179,Himachal Pradesh,GLC,NASA COOLR,0.0,1.47,1.71,77.28,307.74,0.84,1.8615,1829.8,36.19,192.31,0.010672,1
2596,2010-10-15,31.437,78.236,Himachal Pradesh,GLC,NASA COOLR,0.0,0.0,0.0,2.02,99.47,0.83,2.0945,2625.01,20.07,320.56,-0.011419,1
3146,2011-02-25,32.187,77.177,Himachal Pradesh,GLC,NASA COOLR,1.73,2.07,2.33,26.96,37.92,0.68,0.5306,2255.51,46.59,72.38,0.001306,1
3174,2011-03-05,32.1,77.159,Himachal Pradesh,GLC,NASA COOLR,0.0,2.65,5.7,12.55,48.09,0.68,0.517,1716.2,21.02,232.95,0.013009,1
3611,2011-06-14,32.361,77.231,Himachal Pradesh,GLC,NASA COOLR,4.71,4.72,25.89,56.02,77.07,0.66,0.8098,3830.87,33.4,30.82,0.002335,1
3618,2011-06-17,31.564,77.98,Himachal Pradesh,GLC,NASA COOLR,4.78,5.08,14.58,44.32,101.78,0.6,0.6976,1453.26,10.9,180.78,0.011332,1
3666,2011-06-29,32.432,77.215,Himachal Pradesh,GLC,NASA COOLR,5.91,18.59,55.28,71.44,127.46,0.69,0.987,3585.02,54.2,295.21,0.000928,1
3667,2011-06-29,32.228,77.19,Himachal Pradesh,GLC,NASA COOLR,7.89,23.08,87.81,112.54,193.25,0.74,1.6332,1823.87,34.26,264.08,0.012876,1
3745,2011-07-08,30.921,77.021,Himachal Pradesh,GLC,NASA COOLR,5.59,27.12,40.05,166.61,229.33,0.58,0.5944,1300.66,18.48,298.79,0.007172,1
3747,2011-07-08,32.324,77.194,Himachal Pradesh,GLC,NASA COOLR,1.96,15.71,26.09,83.58,128.05,0.68,0.7262,2597.81,27.22,285.37,0.002225,1
3756,2011-07-10,31.71,76.933,Himachal Pradesh,GLC,NASA COOLR,14.11,34.86,66.52,126.02,249.39,0.73,1.0783,770.19,2.37,94.03,-0.001707,1
3763,2011-07-12,31.106,77.178,Himachal Pradesh,GLC,NASA COOLR,0.18,13.58,58.16,93.53,241.7,0.57,0.2451,2208.3,31.02,224.42,0.003392,1
3777,2011-07-15,32.349,77.218,Himachal Pradesh,GLC,NASA COOLR,21.89,37.6,49.46,78.36,152.46,0.73,0.9815,3303.7,9.72,26.24,0.012165,1
3839,2011-07-25,32.19,77.187,Himachal Pradesh,GLC,NASA COOLR,2.78,24.24,47.52,143.12,260.25,0.82,0.5925,1738.33,40.91,92.65,-0.003906,1
3884,2011-08-07,31.691,77.132,Himachal Pradesh,GLC,NASA COOLR,6.55,31.34,52.03,131.32,305.55,0.81,0.5375,893.5,0.0,0.0,0.0,1
3890,2011-08-07,31.715,77.022,Himachal Pradesh,GLC,NASA COOLR,6.55,31.34,52.03,131.32,305.55,0.81,0.5375,869.88,21.45,130.89,-0.000529,1
3894,2011-08-07,31.077,77.392,Himachal Pradesh,GLC,NASA COOLR,0.65,31.23,56.82,171.45,380.55,0.93,0.724,1303.75,2.1,34.4,-0.000252,1
3895,2011-08-07,31.077,77.391,Himachal Pradesh,GLC,NASA COOLR,0.65,31.23,56.82,171.45,380.55,0.93,0.724,1305.34,0.83,320.07,-0.000595,1
3888,2011-08-07,31.24,77.926,Himachal Pradesh,GLC,NASA COOLR,0.14,23.85,45.03,148.93,310.76,0.9,0.7987,1937.07,6.82,270.09,-0.005741,1
3889,2011-08-07,31.708,76.932,Himachal Pradesh,GLC,NASA COOLR,6.55,31.34,52.03,131.32,305.55,0.81,0.5375,758.46,4.33,84.11,0.003138,1
3917,2011-08-13,31.708,76.931,Himachal Pradesh,GLC,NASA COOLR,14.49,56.36,96.04,152.97,343.64,0.86,0.9328,765.99,7.58,188.53,0.006465,1
4202,2012-02-16,32.566,76.12,Himachal Pradesh,GLC,NASA COOLR,0.0,0.97,14.97,22.32,23.91,0.66,0.2475,804.07,15.84,254.85,0.00876,1
4447,2012-07-05,31.107,77.209,Himachal Pradesh,GLC,NASA COOLR,0.39,16.4,51.6,88.04,90.96,0.65,-0.9005,2291.82,43.44,36.32,-0.009859,1
4497,2012-08-18,32.228,78.071,Himachal Pradesh,GLC,NASA COOLR,26.44,39.23,67.05,95.75,154.98,0.69,0.3072,3663.91,11.15,8.07,0.003026,1
4498,2012-08-18,32.18,77.195,Himachal Pradesh,GLC,NASA COOLR,41.28,61.51,108.54,163.36,267.05,0.83,0.6598,1866.38,8.67,206.61,-0.001497,1
4513,2012-08-24,32.1,76.27,Himachal Pradesh,GLC,NASA COOLR,9.32,43.62,67.2,119.52,182.38,0.68,-0.3262,769.13,16.95,189.93,0.002489,1
4514,2012-08-24,31.709,76.931,Himachal Pradesh,GLC,NASA COOLR,9.58,37.17,98.19,172.4,266.35,0.81,0.2579,766.52,3.18,316.08,-0.001531,1
4515,2012-08-24,30.74,77.285,Himachal Pradesh,GLC,NASA COOLR,23.86,41.38,178.99,336.5,552.97,0.92,0.958,1633.37,33.84,202.08,-0.009573,1
4516,2012-08-24,30.904,77.097,Himachal Pradesh,GLC,NASA COOLR,8.65,30.54,97.12,169.27,266.95,0.73,0.1447,1440.5,16.85,302.55,-0.00543,1
4565,2012-09-18,31.023,77.103,Himachal Pradesh,GLC,NASA COOLR,14.44,69.09,128.49,188.57,297.29,0.82,1.1639,1667.78,29.32,182.57,0.002963,1
4912,2013-06-12,31.49,76.704,Himachal Pradesh,GLC,NASA COOLR,12.41,37.0,39.53,42.97,43.72,0.57,1.1874,707.21,11.14,212.2,-0.002005,1
4913,2013-06-12,31.488,76.67,Himachal Pradesh,GLC,NASA COOLR,12.41,37.0,39.53,42.97,43.72,0.57,1.1874,687.05,11.63,341.07,-0.003558,1
4916,2013-06-12,32.211,76.283,Himachal Pradesh,GLC,NASA COOLR,17.95,39.74,40.03,41.61,43.54,0.54,1.8699,989.86,3.92,61.87,-0.00295,1
4917,2013-06-12,32.555,76.125,Himachal Pradesh,GLC,NASA COOLR,10.27,28.96,29.03,31.97,37.8,0.59,1.0594,921.75,5.93,297.23,0.005478,1
4920,2013-06-15,31.517,78.098,Himachal Pradesh,GLC,NASA COOLR,46.03,90.81,112.13,115.54,120.23,0.69,1.4038,1721.5,17.26,345.6,-0.003721,1
4925,2013-06-16,31.455,78.2,Himachal Pradesh,GLC,NASA COOLR,84.99,152.11,195.97,200.53,205.22,0.84,2.4855,2019.78,9.63,98.59,0.019255,1
4926,2013-06-16,30.674,77.354,Himachal Pradesh,GLC,NASA COOLR,153.7,286.17,391.94,401.2,409.24,0.94,3.4099,1514.34,23.48,30.64,-0.008659,1
4927,2013-06-16,30.573,77.652,Himachal Pradesh,GLC,NASA COOLR,153.7,286.17,391.94,401.2,409.24,0.94,3.4099,878.63,37.69,330.24,-0.010738,1
4932,2013-06-16,31.348,77.461,Himachal Pradesh,GLC,NASA COOLR,129.03,220.07,291.17,296.92,302.59,0.96,3.0699,885.37,14.17,168.96,-0.006291,1
4933,2013-06-16,31.599,78.438,Himachal Pradesh,GLC,NASA COOLR,102.57,166.77,212.94,217.8,222.73,0.86,2.8413,2309.48,55.71,127.71,0.016922,1
4946,2013-06-17,31.622,78.019,Himachal Pradesh,GLC,NASA COOLR,45.33,176.35,228.39,245.86,250.55,0.88,2.7735,2460.37,9.58,50.65,0.001577,1
5013,2013-07-03,31.072,77.14,Himachal Pradesh,GLC,NASA COOLR,2.37,13.91,33.62,75.99,355.58,0.62,1.289,1978.85,28.19,23.56,-0.009827,1
5043,2013-07-06,31.991,76.791,Himachal Pradesh,GLC,NASA COOLR,3.04,20.0,29.14,76.07,317.9,0.77,1.1688,1221.14,18.15,272.02,-0.003442,1
5044,2013-07-06,31.163,77.724,Himachal Pradesh,GLC,NASA COOLR,7.01,14.36,37.34,153.51,576.01,0.88,1.5253,1464.94,28.56,125.89,0.011584,1
5049,2013-07-07,31.56,77.168,Himachal Pradesh,GLC,NASA COOLR,21.83,35.69,48.29,99.65,383.16,0.74,1.4238,1867.61,25.24,26.11,0.007038,1
5050,2013-07-07,31.703,76.936,Himachal Pradesh,GLC,NASA COOLR,21.83,35.69,48.29,99.65,383.16,0.74,1.4238,765.76,41.43,293.98,0.029715,1
5051,2013-07-07,31.702,76.973,Himachal Pradesh,GLC,NASA COOLR,21.83,35.69,48.29,99.65,383.16,0.74,1.4238,775.53,31.14,188.58,0.016894,1
5052,2013-07-07,31.709,76.93,Himachal Pradesh,GLC,NASA COOLR,21.83,35.69,48.29,99.65,383.16,0.74,1.4238,756.37,1.73,277.45,0.00287,1
5053,2013-07-07,31.967,76.852,Himachal Pradesh,GLC,NASA COOLR,17.96,37.72,46.97,88.81,335.76,0.8,1.3861,1477.19,26.35,283.61,0.005524,1
5054,2013-07-07,31.702,76.942,Himachal Pradesh,GLC,NASA COOLR,21.83,35.69,48.29,99.65,383.16,0.74,1.4238,770.49,8.37,125.36,-0.00139,1
5047,2013-07-07,31.88,76.916,Himachal Pradesh,GLC,NASA COOLR,17.96,37.72,46.97,88.81,335.76,0.8,1.3861,1283.39,9.87,297.48,-0.001306,1
5097,2013-07-14,31.471,77.675,Himachal Pradesh,GLC,NASA COOLR,4.74,12.69,83.61,143.73,477.82,0.88,1.76,1048.87,46.97,53.34,-0.004415,1
5098,2013-07-14,32.17,77.179,Himachal Pradesh,GLC,NASA COOLR,4.28,7.78,113.59,160.69,346.95,0.84,1.2324,1614.32,10.24,38.99,-0.000224,1
5099,2013-07-14,30.674,77.354,Himachal Pradesh,GLC,NASA COOLR,5.66,22.02,88.8,188.41,675.31,0.88,1.8749,1514.34,23.48,30.64,-0.008659,1
5100,2013-07-14,31.673,76.534,Himachal Pradesh,GLC,NASA COOLR,3.21,4.16,109.38,148.56,240.69,0.58,0.648,749.76,3.03,346.64,0.001201,1
5214,2013-07-27,31.893,78.63,Himachal Pradesh,GLC,NASA COOLR,0.26,1.65,17.97,73.42,123.57,0.73,2.1145,3633.51,16.93,269.76,-0.003738,1
5290,2013-08-07,32.232,76.304,Himachal Pradesh,GLC,NASA COOLR,11.97,129.07,184.92,212.08,387.86,0.87,1.2394,1633.15,10.95,79.15,-0.000613,1
5334,2013-08-16,32.361,77.304,Himachal Pradesh,GLC,NASA COOLR,12.67,48.84,75.22,171.3,254.54,0.89,1.9692,3360.48,29.06,69.93,-0.001876,1
5382,2013-08-21,31.538,77.374,Himachal Pradesh,GLC,NASA COOLR,15.31,31.84,93.45,187.01,375.42,0.96,1.6964,3080.16,37.19,168.47,-0.002164,1
5598,2013-10-11,32.367,77.086,Himachal Pradesh,GLC,NASA COOLR,14.39,14.39,15.33,28.01,44.5,0.85,1.0724,3690.23,27.37,321.15,0.001023,1
5864,2014-02-12,31.825,77.47,Himachal Pradesh,GLC,NASA COOLR,0.0,0.05,14.98,15.76,70.21,0.77,1.6114,3712.76,33.64,340.93,-0.00021,1
7367,2014-08-08,32.224,76.337,Himachal Pradesh,GLC,NASA COOLR,14.31,26.99,34.99,107.56,206.23,0.64,-0.4138,1571.15,15.29,265.93,-0.004836,1
6538,2014-08-21,31.522,78.135,Himachal Pradesh,GLC,NASA COOLR,0.17,0.24,37.97,85.29,166.33,0.71,-0.2938,1912.22,47.75,19.93,-0.003371,1
6552,2014-08-26,31.559,77.928,Himachal Pradesh,GLC,NASA COOLR,0.88,0.88,1.2,61.29,149.95,0.66,-0.7863,1617.98,41.91,270.6,0.003583,1
6337,2014-09-10,31.777,76.983,Himachal Pradesh,GLC,NASA COOLR,0.97,1.4,218.46,306.74,364.65,0.9,0.8124,970.13,18.79,248.21,0.011405,1
6247,2014-10-15,31.016,77.099,Himachal Pradesh,GLC,NASA COOLR,0.09,8.4,8.4,17.82,26.72,0.54,-0.0234,1694.3,13.07,237.95,-0.015143,1
6851,2015-03-10,32.561,76.124,Himachal Pradesh,GLC,NASA COOLR,0.0,16.83,27.92,145.62,191.59,0.83,1.4307,926.38,35.71,343.2,0.003463,1
7185,2015-04-03,32.293,77.18,Himachal Pradesh,GLC,NASA COOLR,8.72,16.68,52.09,52.93,94.17,0.85,1.3464,2138.36,7.49,299.6,0.001555,1
14202,2015-04-16,31.499,78.224,Himachal Pradesh,GLC,NASA COOLR,5.21,18.68,18.68,41.02,55.72,0.76,1.6732,1839.79,42.97,229.85,0.006752,1
7249,2015-07-13,31.085,77.167,Himachal Pradesh,GLC,NASA COOLR,36.99,144.96,198.09,288.73,361.27,0.82,2.0988,1830.25,42.76,227.44,-0.004878,1
7215,2015-07-14,32.247,78.037,Himachal Pradesh,GLC,NASA COOLR,0.51,54.34,134.46,199.81,263.48,0.79,1.7914,3654.21,1.8,158.05,-0.000328,1
7226,2015-07-18,32.224,76.323,Himachal Pradesh,GLC,NASA COOLR,32.47,106.08,170.29,279.82,362.12,0.84,1.8715,1476.51,14.47,4.81,-0.00121,1
7285,2015-07-26,31.126,77.353,Himachal Pradesh,GLC,NASA COOLR,11.81,31.21,47.27,147.65,344.79,0.9,0.7618,2278.69,3.57,259.16,0.006486,1
7286,2015-07-26,31.1,77.175,Himachal Pradesh,GLC,NASA COOLR,9.91,22.71,34.19,218.7,410.92,0.79,1.3611,2116.96,25.35,272.91,0.016045,1
7287,2015-07-26,32.561,76.121,Himachal Pradesh,GLC,NASA COOLR,20.79,35.84,71.81,182.37,293.06,0.9,1.4618,869.45,29.36,215.48,0.006731,1
7288,2015-07-26,31.956,77.114,Himachal Pradesh,GLC,NASA COOLR,16.3,27.11,43.52,213.62,398.7,0.92,1.46,1190.86,15.7,91.74,0.001852,1
7289,2015-07-26,31.709,76.93,Himachal Pradesh,GLC,NASA COOLR,13.68,24.55,36.6,228.68,424.06,0.86,1.4097,756.37,1.73,277.45,0.00287,1
7366,2015-07-31,32.224,76.337,Himachal Pradesh,GLC,NASA COOLR,2.98,3.13,32.57,154.28,344.43,0.78,0.8669,1571.15,15.29,265.93,-0.004836,1
7614,2015-08-08,31.803,76.757,Himachal Pradesh,GLC,NASA COOLR,11.06,43.88,60.77,119.39,377.32,0.92,1.0658,719.64,11.24,107.53,-0.003896,1
7628,2015-08-09,31.692,76.51,Himachal Pradesh,GLC,NASA COOLR,2.81,18.91,39.86,68.89,344.1,0.69,0.5032,848.56,23.92,358.95,-0.007507,1
7649,2015-08-11,31.324,76.762,Himachal Pradesh,GLC,NASA COOLR,4.56,13.3,66.39,103.23,271.37,0.83,0.6399,576.18,12.89,213.63,-0.010871,1
7678,2015-08-12,32.197,76.319,Himachal Pradesh,GLC,NASA COOLR,16.56,24.51,54.39,81.14,248.86,0.81,0.6999,1119.35,9.53,322.69,0.009923,1
7676,2015-08-12,32.176,76.308,Himachal Pradesh,GLC,NASA COOLR,16.56,24.51,54.39,81.14,248.86,0.81,0.6999,960.41,16.01,279.12,-0.004855,1
7685,2015-08-13,31.776,76.988,Himachal Pradesh,GLC,NASA COOLR,8.49,24.21,59.02,122.96,262.81,0.91,0.8842,988.63,12.61,254.8,-0.004533,1
7329,2015-08-18,32.028,77.345,Himachal Pradesh,GLC,NASA COOLR,9.1,18.79,35.94,96.0,186.12,0.84,0.8217,1737.39,37.94,11.51,0.010608,1
7726,2015-08-22,31.037,77.121,Himachal Pradesh,GLC,NASA COOLR,23.44,70.77,112.07,163.73,260.61,0.83,1.0091,1792.54,18.59,294.56,0.003751,1
9037,2015-12-07,31.682,77.121,Himachal Pradesh,GLC,NASA COOLR,0.0,0.0,0.0,1.48,1.53,0.49,0.0921,1069.9,35.33,89.54,0.003144,1
9144,2015-12-29,31.466,76.869,Himachal Pradesh,GLC,NASA COOLR,0.0,0.0,0.29,0.97,27.73,0.5,0.4316,821.73,36.47,253.44,0.003575,1
8860,2016-06-17,31.512,78.118,Himachal Pradesh,GLC,NASA COOLR,0.0,21.05,24.87,44.6,62.75,0.66,1.1182,1819.91,40.9,164.49,-0.006379,1
8482,2016-07-02,30.892,77.09,Himachal Pradesh,GLC,NASA COOLR,19.85,34.17,62.34,97.9,153.83,0.54,0.6079,1554.58,37.56,5.41,-0.000284,1
9048,2016-07-17,31.501,78.176,Himachal Pradesh,GLC,NASA COOLR,14.38,45.31,70.6,101.41,168.11,0.8,1.4365,1792.41,29.04,120.47,0.013138,1
9216,2016-07-27,30.694,77.427,Himachal Pradesh,GLC,NASA COOLR,10.47,17.28,132.35,283.7,377.35,0.79,0.5044,1666.7,24.69,273.62,0.009189,1
9264,2016-08-01,31.687,77.104,Himachal Pradesh,GLC,NASA COOLR,16.44,63.33,108.16,150.56,262.24,0.79,0.5255,1105.24,51.32,6.96,-0.000584,1
9852,2016-08-09,31.708,76.933,Himachal Pradesh,GLC,NASA COOLR,6.6,19.4,65.64,185.64,299.04,0.79,0.2282,762.89,6.46,299.2,0.009232,1
9859,2016-08-16,31.581,78.413,Himachal Pradesh,GLC,NASA COOLR,3.49,10.59,48.43,122.6,257.35,0.86,1.2119,2224.63,26.54,159.82,-0.007089,1
9892,2016-08-21,31.452,78.401,Himachal Pradesh,GLC,NASA COOLR,8.36,16.46,33.15,96.6,261.73,0.86,1.1344,5894.65,39.31,16.09,-0.013285,1
9490,2016-08-30,31.573,77.856,Himachal Pradesh,GLC,NASA COOLR,4.41,8.35,41.8,82.51,212.27,0.86,1.1686,1742.7,13.0,139.24,-0.011207,1
9953,2016-09-02,31.957,77.11,Himachal Pradesh,GLC,NASA COOLR,2.98,20.97,60.14,117.26,253.14,0.89,0.6152,1221.8,7.4,97.23,-0.006018,1
9507,2016-10-03,30.897,77.059,Himachal Pradesh,GLC,NASA COOLR,0.0,0.07,0.18,23.04,37.95,0.49,-0.8757,1695.15,32.79,281.35,0.011892,1
10860,2017-01-06,31.056,77.137,Himachal Pradesh,GLC,NASA COOLR,23.5,23.72,25.0,30.52,30.59,0.4,0.113,2103.09,31.77,301.67,-0.005945,1
10859,2017-01-26,30.875,77.0,Himachal Pradesh,GLC,NASA COOLR,39.31,44.47,44.8,52.35,113.88,0.62,2.8637,1163.21,22.63,314.26,0.013493,1
10857,2017-02-21,32.007,78.57,Himachal Pradesh,GLC,NASA COOLR,4.97,12.78,12.81,12.86,52.78,0.46,-0.8811,3027.41,30.74,77.49,-0.00899,1
10856,2017-03-22,31.773,77.305,Himachal Pradesh,GLC,NASA COOLR,0.0,0.0,8.17,40.2,65.42,0.65,0.178,1299.54,24.39,357.84,0.001102,1
10858,2017-04-06,31.098,77.152,Himachal Pradesh,GLC,NASA COOLR,6.35,37.62,37.62,37.67,72.21,0.48,1.3334,1976.52,29.43,306.71,7.9e-05,1
10855,2017-04-18,31.764,77.292,Himachal Pradesh,GLC,NASA COOLR,0.0,0.0,0.5,52.42,52.99,0.7,0.8213,1716.52,42.59,235.45,0.001444,1
10853,2017-04-23,32.361,77.234,Himachal Pradesh,GLC,NASA COOLR,4.96,11.53,11.53,11.89,62.54,0.76,1.2029,3766.87,25.9,58.35,-0.001259,1
10862,2017-04-30,32.307,77.602,Himachal Pradesh,GLC,NASA COOLR,7.48,9.83,15.3,26.83,77.61,0.76,1.172,4114.91,33.88,13.15,0.001265,1
10854,2017-05-05,32.342,77.222,Himachal Pradesh,GLC,NASA COOLR,0.4,3.5,13.43,30.43,47.14,0.76,1.1641,3433.29,33.62,265.93,-0.004088,1
9707,2017-06-07,30.942,76.801,Himachal Pradesh,GLC,NASA COOLR,38.64,43.82,43.89,59.39,102.96,0.53,1.9031,433.7,4.8,259.51,0.001526,1
9840,2017-06-27,31.724,76.937,Himachal Pradesh,GLC,NASA COOLR,17.42,23.34,38.82,83.01,140.16,0.6,0.7424,766.81,17.12,241.47,0.007392,1
10025,2017-06-29,32.764,77.283,Himachal Pradesh,GLC,NASA COOLR,5.57,18.71,19.01,37.93,50.45,0.68,2.1686,4983.12,39.97,344.95,-0.003091,1
9870,2017-06-29,30.866,76.998,Himachal Pradesh,GLC,NASA COOLR,17.61,45.57,60.53,123.8,183.26,0.6,1.2984,1115.84,28.29,9.0,0.000849,1
9924,2017-07-02,32.262,78.069,Himachal Pradesh,GLC,NASA COOLR,1.32,6.97,34.93,52.11,75.42,0.71,2.1231,4320.08,3.04,152.44,-0.000834,1
9925,2017-07-02,32.246,78.066,Himachal Pradesh,GLC,NASA COOLR,2.66,10.93,55.15,81.53,122.76,0.8,2.0793,4114.41,29.88,301.45,0.004507,1
9927,2017-07-02,32.238,78.062,Himachal Pradesh,GLC,NASA COOLR,2.66,10.93,55.15,81.53,122.76,0.8,2.0793,3712.58,23.15,305.67,0.002835,1
9936,2017-07-03,32.306,77.522,Himachal Pradesh,GLC,NASA COOLR,0.04,4.28,38.59,54.77,85.67,0.76,1.5814,4794.98,37.31,25.1,-0.0118,1
14235,2017-08-14,31.914,76.893,Himachal Pradesh,GLC,NASA COOLR,6.21,16.24,42.11,140.73,289.92,0.88,0.5231,1541.95,39.15,338.29,0.006598,1
12943,2017-08-22,31.498,76.875,Himachal Pradesh,GLC,NASA COOLR,4.91,51.71,78.02,116.45,309.73,0.83,0.4652,893.12,30.66,279.13,0.007329,1
13253,2017-08-22,31.102,77.205,Himachal Pradesh,GLC,NASA COOLR,5.55,56.26,76.83,118.87,290.51,0.93,0.4281,2269.92,38.4,121.51,-0.001344,1
10861,2017-09-02,31.103,77.204,Himachal Pradesh,GLC,NASA COOLR,12.09,77.53,95.7,186.51,284.32,0.95,0.7959,2230.87,49.64,141.59,0.012095,1
13224,2017-12-10,31.411,77.603,Himachal Pradesh,GLC,NASA COOLR,0.0,0.0,0.34,0.34,5.31,0.56,-0.8331,1287.1,38.06,355.45,0.005053,1
14164,2018-08-07,31.12,77.359,Himachal Pradesh,GLC,NASA COOLR,14.86,59.19,102.99,218.39,352.03,0.94,0.8735,2292.29,13.91,133.8,-0.007886,1
14113,2018-08-09,32.557,76.129,Himachal Pradesh,GLC,NASA COOLR,4.05,40.62,118.35,217.57,425.9,0.92,1.1547,1067.11,38.07,292.03,-0.008657,1
14179,2018-08-09,32.171,76.419,Himachal Pradesh,GLC,NASA COOLR,7.19,47.22,123.16,235.85,449.32,0.86,1.1203,1287.75,21.6,277.85,0.006983,1
14055,2018-08-11,31.343,76.762,Himachal Pradesh,GLC,NASA COOLR,1.75,10.62,81.72,125.99,322.96,0.81,0.4176,562.57,14.12,231.9,-0.005673,1
14146,2018-08-13,31.425,78.26,Himachal Pradesh,GLC,NASA COOLR,53.67,102.41,138.93,192.17,360.14,0.92,1.9041,2570.12,13.44,7.35,-0.003948,1
14117,2018-08-13,32.025,76.167,Himachal Pradesh,GLC,NASA COOLR,41.16,70.99,122.7,233.71,471.1,0.91,1.4133,511.27,25.31,113.89,0.007145,1
14071,2018-08-14,31.055,77.024,Himachal Pradesh,GLC,NASA COOLR,2.33,118.81,138.87,225.64,413.76,0.84,1.3174,1316.74,25.22,221.44,-0.000901,1
14505,2018-08-18,32.061,77.133,Himachal Pradesh,GLC,NASA COOLR,13.63,23.86,125.8,224.79,385.39,0.93,1.098,1359.78,13.92,125.1,0.012748,1
14483,2018-08-20,31.496,76.234,Himachal Pradesh,GLC,NASA COOLR,3.54,20.67,35.2,186.42,356.22,0.8,1.0913,373.86,0.55,40.01,3.8e-05,1
14359,2018-09-01,32.72,76.099,Himachal Pradesh,GLC,NASA COOLR,2.9,12.85,20.18,143.45,327.43,0.9,0.9463,961.17,37.95,127.97,-0.004656,1
14326,2018-09-02,31.113,77.614,Himachal Pradesh,GLC,NASA COOLR,7.56,15.66,49.53,148.71,353.06,0.94,0.632,2508.42,24.45,162.51,-0.00174,1
14325,2018-09-03,31.108,77.215,Himachal Pradesh,GLC,NASA COOLR,14.2,27.55,55.76,155.47,350.32,0.95,0.8107,2249.02,25.34,315.37,-0.010357,1
14392,2018-09-03,32.442,76.535,Himachal Pradesh,GLC,NASA COOLR,12.75,31.48,45.33,133.88,327.0,0.92,1.1333,2100.5,20.74,223.93,-0.006257,1
14386,2018-09-11,31.103,77.159,Himachal Pradesh,GLC,NASA COOLR,7.61,28.17,67.12,121.97,318.17,0.86,1.3843,2094.86,25.34,349.44,0.000655,1
14579,2018-09-14,32.227,76.324,Himachal Pradesh,GLC,NASA COOLR,9.07,62.73,88.71,159.32,305.59,0.89,1.4097,1583.17,32.88,17.39,0.0039,1
13820,2018-09-22,32.22,76.311,Himachal Pradesh,GLC,NASA COOLR,32.21,43.37,43.81,132.58,236.04,0.88,1.5433,1212.51,6.93,342.12,0.000952,1
14549,2018-09-23,32.557,76.123,Himachal Pradesh,GLC,NASA COOLR,73.52,113.54,113.73,204.42,291.53,0.97,1.8417,923.06,4.86,127.38,0.000217,1
14605,2018-09-25,31.41,76.433,Himachal Pradesh,GLC,NASA COOLR,7.51,154.89,197.37,241.5,345.23,0.88,2.4155,451.38,40.18,283.63,-0.022271,1
14282,2018-09-26,31.706,76.934,Himachal Pradesh,GLC,NASA COOLR,0.0,85.76,184.45,207.87,317.06,0.91,1.8357,748.78,25.78,104.88,0.002022,1
14516,2018-09-26,31.467,76.263,Himachal Pradesh,GLC,NASA COOLR,0.0,91.86,196.94,236.15,342.88,0.87,2.395,368.16,0.72,306.93,-0.000768,1
14598,2018-09-26,32.345,76.521,Himachal Pradesh,GLC,NASA COOLR,0.0,32.82,146.36,216.93,312.06,0.95,1.7483,2162.9,29.97,136.59,-0.003199,1
14569,2018-09-27,31.117,77.575,Himachal Pradesh,GLC,NASA COOLR,0.0,12.8,125.51,141.92,247.42,0.94,1.4316,2198.27,25.94,159.43,0.000629,1
14489,2018-09-28,31.111,77.606,Himachal Pradesh,GLC,NASA COOLR,0.37,0.37,125.05,128.53,240.27,0.93,1.3011,2465.46,50.36,276.99,-0.011243,1
14125,2018-10-09,31.689,77.279,Himachal Pradesh,GLC,NASA COOLR,0.01,0.01,0.01,11.25,151.4,0.85,1.0985,1120.92,22.75,124.46,0.004751,1
14116,2018-10-10,31.517,78.269,Himachal Pradesh,GLC,NASA COOLR,0.5,0.52,0.52,4.83,167.15,0.89,2.5685,1933.03,20.94,232.5,0.012565,1
14079,2018-10-14,30.896,77.005,Himachal Pradesh,GLC,NASA COOLR,0.0,0.0,10.02,10.02,191.56,0.8,2.0583,1367.55,27.68,77.41,0.002082,1
14338,2018-11-21,31.708,77.186,Himachal Pradesh,GLC,NASA COOLR,0.0,0.0,0.27,19.47,41.65,0.72,2.3187,968.11,37.74,26.36,-0.002462,1
14295,2018-11-22,32.234,77.189,Himachal Pradesh,GLC,NASA COOLR,0.0,0.0,0.0,24.67,52.75,0.81,1.5478,1834.41,14.31,101.21,0.016204,1
211,2007-08-26,24.967,93.55,Manipur,GLC,NASA COOLR,5.9,7.74,30.56,85.08,114.31,0.73,-0.5031,586.14,24.99,322.5,-0.005981,1
220,2007-08-31,25.133,93.967,Manipur,GLC,NASA COOLR,1.28,4.27,19.59,52.18,103.33,0.7,-0.7796,1009.06,1.89,311.76,-0.000461,1
247,2007-09-08,25.06,93.988,Manipur,GLC,NASA COOLR,19.36,74.29,123.8,145.85,226.53,0.87,1.0512,1545.43,41.1,189.19,-0.00455,1
252,2007-09-09,25.499,94.119,Manipur,GLC,NASA COOLR,7.1,33.68,96.99,119.93,204.64,0.79,0.0818,1942.89,10.89,231.58,0.00199,1
255,2007-09-10,24.245,94.069,Manipur,GLC,NASA COOLR,0.73,10.16,46.05,53.75,95.69,0.53,-0.1332,1303.65,34.53,64.79,-0.008334,1
258,2007-09-11,24.428,94.056,Manipur,GLC,NASA COOLR,6.06,13.55,105.1,128.02,203.9,0.77,0.2411,894.85,18.9,160.65,-0.004059,1
319,2007-10-19,25.438,94.116,Manipur,GLC,NASA COOLR,4.3,5.51,37.4,69.66,83.19,0.74,-0.2361,1513.83,17.39,343.52,-0.000299,1
322,2007-10-21,24.75,93.433,Manipur,GLC,NASA COOLR,2.38,19.51,65.78,121.83,136.18,0.83,0.3669,466.91,39.77,2.29,-0.000928,1
580,2008-06-09,24.66,93.978,Manipur,GLC,NASA COOLR,4.16,12.25,17.99,41.96,126.36,0.58,-0.7832,772.5,5.47,309.17,0.012337,1
594,2008-06-19,24.934,93.828,Manipur,GLC,NASA COOLR,6.03,24.82,47.27,89.31,140.97,0.69,-0.2529,1011.5,18.37,101.31,-0.001078,1
1108,2009-08-20,24.993,93.5,Manipur,GLC,NASA COOLR,5.16,18.51,97.15,144.53,239.58,0.78,0.0022,1206.7,20.39,119.15,-0.001623,1
1129,2009-08-30,24.863,94.418,Manipur,GLC,NASA COOLR,4.61,5.06,15.64,72.66,217.61,0.75,0.1714,924.42,30.6,350.38,-0.00088,1
1596,2010-03-28,24.734,93.916,Manipur,GLC,NASA COOLR,1.84,14.11,16.18,18.21,31.89,0.52,0.3644,879.91,19.65,56.44,-0.009439,1
1954,2010-06-07,24.754,93.504,Manipur,GLC,NASA COOLR,7.71,43.91,88.84,172.74,281.18,0.84,1.8194,398.06,9.16,193.25,0.009826,1
2163,2010-07-29,25.42,94.105,Manipur,GLC,NASA COOLR,17.06,32.41,58.35,121.52,246.28,0.92,1.4983,1420.43,15.6,16.39,-0.017669,1
2166,2010-07-29,24.979,93.503,Manipur,GLC,NASA COOLR,19.68,36.42,58.59,132.19,262.53,0.92,1.7397,1313.43,18.83,248.61,0.001626,1
2164,2010-07-30,25.31,94.482,Manipur,GLC,NASA COOLR,25.98,57.15,76.73,127.02,270.23,0.93,1.5801,1559.48,27.56,12.23,-0.002523,1
2182,2010-07-31,24.936,93.844,Manipur,GLC,NASA COOLR,17.28,60.98,86.61,145.14,274.76,0.92,1.7235,850.16,1.76,51.97,0.002383,1
2253,2010-08-16,25.31,94.483,Manipur,GLC,NASA COOLR,6.85,23.17,39.13,57.65,189.45,0.9,1.1017,1524.02,22.7,54.76,0.004283,1
2283,2010-08-19,24.896,93.496,Manipur,GLC,NASA COOLR,8.39,19.28,50.65,57.64,195.66,0.88,1.1229,1004.79,23.55,113.54,-0.000485,1
2304,2010-08-21,25.572,94.121,Manipur,GLC,NASA COOLR,5.7,25.64,59.56,84.9,196.8,0.9,1.1201,1616.64,2.4,131.44,0.005042,1
2324,2010-08-25,24.803,93.623,Manipur,GLC,NASA COOLR,2.82,11.14,33.27,78.75,185.64,0.86,0.95,1289.74,22.39,122.22,0.000278,1
2343,2010-08-27,25.479,94.133,Manipur,GLC,NASA COOLR,14.5,22.07,36.87,108.47,186.68,0.91,1.2375,1754.14,10.8,204.64,-0.005508,1
2344,2010-08-27,24.751,93.422,Manipur,GLC,NASA COOLR,8.73,15.13,35.38,107.93,221.57,0.9,0.9191,768.66,13.84,190.33,-0.000713,1
2436,2010-09-16,24.307,93.125,Manipur,GLC,NASA COOLR,11.4,30.38,48.75,117.86,205.38,0.86,0.8244,759.3,25.98,178.86,-0.016644,1
2566,2010-10-08,25.477,94.135,Manipur,GLC,NASA COOLR,52.1,92.98,96.35,132.66,238.6,0.98,1.8579,1668.75,20.51,75.78,0.005168,1
2568,2010-10-08,24.768,93.411,Manipur,GLC,NASA COOLR,86.18,138.2,141.73,190.96,313.55,0.99,2.1193,522.96,14.05,168.02,-0.011214,1
2569,2010-10-08,25.275,94.021,Manipur,GLC,NASA COOLR,53.95,91.32,93.44,131.35,235.71,0.96,2.4286,1084.89,12.12,146.61,-0.013821,1
2570,2010-10-08,24.837,93.913,Manipur,GLC,NASA COOLR,76.95,132.5,135.86,168.78,272.23,0.98,2.1475,799.07,14.17,16.15,0.003025,1
2576,2010-10-09,25.479,94.14,Manipur,GLC,NASA COOLR,23.12,99.99,119.47,149.35,256.38,0.96,1.6706,1647.07,10.97,3.84,-0.00368,1
2577,2010-10-09,25.527,93.867,Manipur,GLC,NASA COOLR,26.82,107.81,120.26,149.78,258.3,0.94,2.1942,1348.91,21.87,210.88,0.006359,1
2578,2010-10-09,25.318,94.046,Manipur,GLC,NASA COOLR,26.82,107.81,120.26,149.78,258.3,0.94,2.1942,997.19,17.0,271.62,0.00584,1
3525,2011-05-22,25.067,93.409,Manipur,GLC,NASA COOLR,12.35,93.39,115.49,140.3,240.83,0.84,1.3227,447.69,20.53,336.09,0.000661,1
3556,2011-05-31,25.156,93.847,Manipur,GLC,NASA COOLR,15.72,45.38,50.95,198.72,265.15,0.84,2.0655,1431.61,32.13,10.48,-0.006137,1
3560,2011-05-31,24.829,93.594,Manipur,GLC,NASA COOLR,15.72,45.38,50.95,198.72,265.15,0.84,2.0655,763.36,33.84,2.17,-0.001891,1
3662,2011-06-28,25.036,94.014,Manipur,GLC,NASA COOLR,12.9,73.66,106.5,169.55,275.16,0.87,1.543,863.33,28.71,225.57,-0.001806,1
3738,2011-07-06,24.806,93.948,Manipur,GLC,NASA COOLR,2.82,30.15,52.12,176.84,295.2,0.84,1.1331,782.71,1.28,88.03,-0.001419,1
3741,2011-07-07,25.419,94.108,Manipur,GLC,NASA COOLR,2.6,11.26,55.45,155.03,247.4,0.84,0.9671,1392.19,14.25,158.29,-0.000641,1
3830,2011-07-22,24.353,94.343,Manipur,GLC,NASA COOLR,5.5,39.36,128.4,198.77,348.17,0.89,1.7438,265.61,13.17,67.24,0.000187,1
3831,2011-07-22,24.799,93.948,Manipur,GLC,NASA COOLR,6.93,43.74,140.61,216.52,390.13,0.9,1.5174,781.63,1.81,308.02,-0.001749,1
3840,2011-07-25,24.687,93.916,Manipur,GLC,NASA COOLR,2.86,6.69,86.47,208.01,357.0,0.91,1.4701,771.67,0.11,238.83,-4.4e-05,1
3860,2011-07-29,25.419,94.108,Manipur,GLC,NASA COOLR,4.21,9.26,33.41,200.77,300.12,0.9,1.3069,1392.19,14.25,158.29,-0.000641,1
4241,2012-03-04,25.16,93.68,Manipur,GLC,NASA COOLR,0.04,8.26,13.66,13.84,14.4,0.56,0.571,1112.1,15.78,244.03,-0.00238,1
4403,2012-06-10,24.814,93.544,Manipur,GLC,NASA COOLR,5.93,7.31,42.21,128.82,170.59,0.7,0.1248,541.65,33.23,50.78,-0.010757,1
4861,2013-05-12,24.993,93.495,Manipur,GLC,NASA COOLR,10.44,45.62,108.43,240.21,298.18,0.83,2.2765,1135.1,6.21,295.2,0.005292,1
5300,2013-08-09,25.318,94.044,Manipur,GLC,NASA COOLR,1.71,17.09,68.88,125.01,300.4,0.82,0.8785,994.32,16.51,91.4,0.020341,1
5427,2013-08-15,25.383,94.188,Manipur,GLC,NASA COOLR,4.08,74.99,91.33,175.09,275.76,0.91,1.2027,1664.65,37.57,283.81,-0.002295,1
5343,2013-08-18,24.763,93.434,Manipur,GLC,NASA COOLR,5.43,24.39,123.53,216.56,336.38,0.92,1.151,677.72,16.88,123.78,0.005948,1
5430,2013-09-01,24.904,93.487,Manipur,GLC,NASA COOLR,5.42,8.29,54.14,89.99,293.88,0.88,1.1521,1265.49,39.6,311.93,-0.002814,1
5431,2013-09-01,24.983,93.506,Manipur,GLC,NASA COOLR,5.42,8.29,54.14,89.99,293.88,0.88,1.1521,1283.45,33.58,151.76,0.01107,1
5552,2013-09-24,25.099,94.362,Manipur,GLC,NASA COOLR,0.3,0.56,1.4,79.51,257.66,0.89,1.2972,1890.85,7.27,197.35,0.00175,1
5603,2013-10-14,25.426,94.602,Manipur,GLC,NASA COOLR,0.0,0.04,7.85,60.56,119.96,0.9,1.1425,1326.98,20.5,213.43,0.006571,1
6945,2015-06-19,25.16,93.686,Manipur,GLC,NASA COOLR,1.74,5.62,28.44,108.65,182.72,0.68,-0.3333,1014.79,40.83,19.25,0.009344,1
7263,2015-07-22,25.448,94.049,Manipur,GLC,NASA COOLR,10.3,41.39,117.9,173.9,325.49,0.84,1.3821,1312.29,26.64,256.21,0.002941,1
7264,2015-07-22,25.454,93.983,Manipur,GLC,NASA COOLR,10.3,41.39,117.9,173.9,325.49,0.84,1.3821,1795.96,26.3,268.53,-0.006582,1
7265,2015-07-22,25.501,93.985,Manipur,GLC,NASA COOLR,10.3,41.39,117.9,173.9,325.49,0.84,1.3821,1452.35,33.17,38.16,-0.003043,1
7266,2015-07-22,25.51,93.879,Manipur,GLC,NASA COOLR,10.3,41.39,117.9,173.9,325.49,0.84,1.3821,1638.5,3.93,284.64,-0.00352,1
7267,2015-07-22,25.391,94.093,Manipur,GLC,NASA COOLR,16.94,48.02,130.7,184.62,347.16,0.9,1.3677,1305.7,14.1,83.19,-0.001301,1
7279,2015-07-24,24.982,93.514,Manipur,GLC,NASA COOLR,14.94,43.33,119.51,210.98,378.97,0.91,1.6242,1252.25,29.47,80.53,0.007101,1
7364,2015-07-31,24.819,94.355,Manipur,GLC,NASA COOLR,79.86,103.04,118.66,264.74,352.73,0.98,2.1714,1608.86,28.38,289.06,-0.001349,1
7372,2015-08-01,25.063,94.342,Manipur,GLC,NASA COOLR,4.9,104.34,121.77,229.36,353.87,0.89,1.428,1803.95,30.18,276.82,-0.008766,1
7369,2015-08-01,24.199,94.102,Manipur,GLC,NASA COOLR,2.09,71.58,85.55,159.45,237.74,0.74,1.7127,1404.67,26.83,230.0,0.002368,1
7370,2015-08-01,24.142,94.108,Manipur,GLC,NASA COOLR,2.09,71.58,85.55,159.45,237.74,0.74,1.7127,1187.2,34.45,319.03,-0.004991,1
7371,2015-08-01,23.994,94.057,Manipur,GLC,NASA COOLR,5.31,82.66,101.37,202.03,310.51,0.86,1.9581,989.16,7.63,159.15,-0.012634,1
7373,2015-08-01,24.911,94.476,Manipur,GLC,NASA COOLR,4.9,104.34,121.77,229.36,353.87,0.89,1.428,1824.67,26.45,120.27,-0.005318,1
7374,2015-08-01,25.112,94.359,Manipur,GLC,NASA COOLR,4.9,104.34,121.77,229.36,353.87,0.89,1.428,1838.03,19.66,283.11,-0.001358,1
7375,2015-08-01,25.194,94.448,Manipur,GLC,NASA COOLR,4.9,104.34,121.77,229.36,353.87,0.89,1.428,1726.25,14.89,228.1,0.003157,1
7383,2015-08-01,23.899,94.143,Manipur,GLC,NASA COOLR,2.09,71.58,85.55,159.45,237.74,0.74,1.7127,262.19,20.67,39.7,0.005438,1
7384,2015-08-01,23.928,94.091,Manipur,GLC,NASA COOLR,2.09,71.58,85.55,159.45,237.74,0.74,1.7127,926.95,12.87,111.4,0.000767,1
7385,2015-08-01,24.004,93.982,Manipur,GLC,NASA COOLR,5.31,82.66,101.37,202.03,310.51,0.86,1.9581,1422.75,29.26,66.5,0.002624,1
7387,2015-08-01,24.954,94.216,Manipur,GLC,NASA COOLR,4.9,104.34,121.77,229.36,353.87,0.89,1.428,951.2,20.12,248.08,-0.001835,1
7388,2015-08-01,24.416,94.098,Manipur,GLC,NASA COOLR,3.7,100.7,118.29,220.65,329.07,0.87,1.5219,1365.8,27.24,233.91,-0.003716,1
7389,2015-08-01,24.407,94.064,Manipur,GLC,NASA COOLR,3.7,100.7,118.29,220.65,329.07,0.87,1.5219,1184.33,27.92,194.3,0.000707,1
7390,2015-08-01,24.427,94.191,Manipur,GLC,NASA COOLR,3.7,100.7,118.29,220.65,329.07,0.87,1.5219,1298.96,12.73,250.79,-0.004923,1
7910,2015-08-01,24.348,94.115,Manipur,GLC,NASA COOLR,3.7,100.7,118.29,220.65,329.07,0.87,1.5219,1024.64,21.97,187.19,-0.011288,1
7313,2015-08-01,24.108,94.04,Manipur,GLC,NASA COOLR,5.31,82.66,101.37,202.03,310.51,0.86,1.9581,1238.52,15.24,45.84,-0.001013,1
7664,2015-08-11,24.746,93.425,Manipur,GLC,NASA COOLR,5.97,40.38,84.21,221.0,510.18,0.94,1.6076,766.03,6.29,332.37,0.002961,1
7665,2015-08-11,24.702,93.529,Manipur,GLC,NASA COOLR,1.62,29.54,76.66,206.6,411.71,0.92,1.4689,663.32,9.46,176.07,0.000745,1
7666,2015-08-11,25.102,93.373,Manipur,GLC,NASA COOLR,5.63,34.46,86.02,210.7,484.2,0.94,1.4481,1144.32,8.19,331.25,-0.001076,1
8900,2016-07-07,25.012,94.314,Manipur,GLC,NASA COOLR,11.95,28.19,92.02,139.12,255.75,0.85,1.392,1393.35,16.15,165.67,-0.003693,1
9186,2016-07-25,25.48,94.138,Manipur,GLC,NASA COOLR,18.3,31.65,48.82,142.82,284.6,0.93,1.6282,1707.56,18.79,61.05,0.005187,1
11150,2017-03-30,24.796,93.724,Manipur,GLC,NASA COOLR,73.83,79.42,81.38,99.79,126.19,0.86,3.2094,999.6,32.3,128.99,-0.000233,1
11152,2017-04-06,25.083,94.238,Manipur,GLC,NASA COOLR,0.25,32.95,117.92,186.78,223.3,0.74,2.2084,1655.87,15.88,39.02,-0.002487,1
12716,2017-06-05,25.144,93.972,Manipur,GLC,NASA COOLR,0.14,31.52,135.08,167.18,230.27,0.8,1.4357,1052.66,28.82,253.26,-7.2e-05,1
9704,2017-06-13,25.12,94.364,Manipur,GLC,NASA COOLR,6.24,34.68,54.37,160.34,228.85,0.8,1.4663,1855.81,14.7,90.34,0.000114,1
9875,2017-06-26,24.324,93.15,Manipur,GLC,NASA COOLR,24.23,80.4,132.7,297.98,582.28,0.95,1.977,594.18,32.14,201.82,0.004813,1
9877,2017-06-26,24.22,93.203,Manipur,GLC,NASA COOLR,15.15,60.55,116.99,287.27,555.56,0.94,2.0421,775.91,30.2,132.54,0.002934,1
9876,2017-06-27,24.304,93.182,Manipur,GLC,NASA COOLR,12.03,58.27,140.38,282.6,592.47,0.95,1.9776,832.5,37.4,319.39,0.000256,1
9931,2017-06-30,25.067,93.931,Manipur,GLC,NASA COOLR,22.2,43.22,81.89,184.88,313.58,0.9,1.9017,983.27,4.28,32.26,0.002224,1
9948,2017-07-01,24.952,94.203,Manipur,GLC,NASA COOLR,19.61,63.15,88.11,168.23,287.72,0.9,2.0272,916.62,6.49,186.72,0.001669,1
9974,2017-07-04,25.498,94.129,Manipur,GLC,NASA COOLR,15.0,49.28,122.17,215.86,317.53,0.92,1.9043,1749.77,38.32,54.15,0.003403,1
11151,2017-07-08,25.065,94.274,Manipur,GLC,NASA COOLR,32.95,80.22,139.87,234.39,387.17,0.94,2.2416,1122.42,23.55,1.24,0.008276,1
10968,2017-07-09,24.272,93.28,Manipur,GLC,NASA COOLR,9.71,42.19,100.11,231.22,524.05,0.95,1.9399,1094.6,24.06,124.58,-0.002196,1
11149,2017-07-09,24.828,93.518,Manipur,GLC,NASA COOLR,8.59,64.01,120.23,219.24,388.84,0.92,1.9986,497.79,32.45,292.8,-0.002126,1
11153,2017-07-09,24.835,93.899,Manipur,GLC,NASA COOLR,8.59,64.01,120.23,219.24,388.84,0.92,1.9986,934.36,32.4,87.05,0.002145,1
10967,2017-07-10,24.372,93.707,Manipur,GLC,NASA COOLR,11.11,46.8,119.03,222.79,408.92,0.94,1.9669,803.49,5.45,143.39,0.006766,1
12715,2017-08-26,25.26,94.019,Manipur,GLC,NASA COOLR,27.77,42.24,52.92,106.74,230.7,0.93,2.2386,1085.24,21.66,218.44,0.000642,1
9701,2017-09-21,24.939,93.497,Manipur,GLC,NASA COOLR,4.13,46.86,83.85,142.72,254.87,0.92,1.479,1243.51,35.06,305.31,-0.001764,1
12712,2017-09-29,24.981,94.019,Manipur,GLC,NASA COOLR,26.42,65.83,90.63,176.31,270.8,0.94,1.7167,809.45,29.88,172.29,0.004759,1
12713,2017-10-22,25.534,94.133,Manipur,GLC,NASA COOLR,26.47,68.56,69.89,121.55,246.34,0.97,1.9046,1734.72,23.56,18.01,-0.00635,1
11332,2018-05-10,24.864,93.622,Manipur,GLC,NASA COOLR,9.72,28.87,119.11,160.8,218.44,0.8,1.9871,356.2,30.69,320.35,0.007701,1
11459,2018-06-03,24.988,93.499,Manipur,GLC,NASA COOLR,6.58,20.94,29.29,59.27,181.05,0.74,0.8259,1210.93,13.29,312.06,-0.006717,1
141,2007-07-26,25.38,91.88,Meghalaya,GLC,NASA COOLR,34.95,113.14,176.0,317.79,462.79,0.99,1.0648,1302.74,27.69,76.45,0.000609,1
142,2007-07-27,25.521,90.232,Meghalaya,GLC,NASA COOLR,34.65,104.6,170.2,385.05,452.12,0.94,0.9476,576.79,28.02,300.1,-0.00347,1
212,2007-08-26,25.558,91.851,Meghalaya,GLC,NASA COOLR,40.07,55.66,69.77,173.25,357.92,0.96,0.3282,1667.74,8.75,115.07,-0.002371,1
259,2007-09-11,25.52,91.27,Meghalaya,GLC,NASA COOLR,7.02,51.55,272.63,370.33,539.82,0.98,1.2898,1337.43,16.7,106.13,0.002511,1
1776,2010-04-21,25.361,92.285,Meghalaya,GLC,NASA COOLR,22.82,90.58,192.15,219.08,373.26,0.85,1.5897,1216.53,7.19,83.5,0.006625,1
1857,2010-05-11,25.343,92.29,Meghalaya,GLC,NASA COOLR,12.85,28.61,56.39,112.71,418.07,0.84,1.1779,1197.92,3.18,21.99,0.001085,1
2025,2010-06-28,25.573,91.885,Meghalaya,GLC,NASA COOLR,49.93,121.2,150.53,253.89,653.89,0.99,1.1633,1496.52,10.31,231.59,0.002431,1
2026,2010-06-28,25.492,91.27,Meghalaya,GLC,NASA COOLR,47.18,124.26,152.18,260.07,655.21,0.97,1.0073,1491.57,9.13,34.07,0.004291,1
3927,2011-08-16,25.514,90.217,Meghalaya,GLC,NASA COOLR,136.4,164.09,246.72,511.16,644.61,0.98,1.2136,313.01,9.01,180.76,0.003426,1
4407,2012-06-13,25.095,92.357,Meghalaya,GLC,NASA COOLR,38.73,97.96,142.77,359.44,488.19,0.96,0.9738,247.15,24.69,283.78,-0.00598,1
4408,2012-06-13,25.55,92.076,Meghalaya,GLC,NASA COOLR,27.68,87.41,124.29,363.83,483.57,0.95,0.7963,1267.38,26.59,196.63,-0.008455,1
6291,2014-09-21,25.735,90.385,Meghalaya,GLC,NASA COOLR,58.74,149.12,181.87,240.28,412.63,0.98,1.0271,338.06,6.98,283.0,0.001578,1
6290,2014-09-23,25.577,91.867,Meghalaya,GLC,NASA COOLR,73.98,252.28,349.11,400.87,530.74,0.99,1.5259,1477.12,7.67,148.58,-0.000439,1
6213,2014-09-24,25.814,90.576,Meghalaya,GLC,NASA COOLR,9.55,193.47,324.36,398.67,447.95,0.92,0.8192,62.28,3.18,85.57,-0.004267,1
6214,2014-10-05,25.97,91.859,Meghalaya,GLC,NASA COOLR,0.0,0.0,0.02,276.18,387.35,0.88,-0.1204,281.32,11.06,82.28,-0.008031,1
6293,2014-10-20,25.501,90.09,Meghalaya,GLC,NASA COOLR,0.0,0.07,8.69,36.88,268.38,0.86,0.3726,44.01,0.33,76.88,-0.000226,1
6968,2015-06-13,25.463,92.212,Meghalaya,GLC,NASA COOLR,32.26,105.13,265.65,377.71,590.6,0.95,1.5031,1381.35,4.78,229.07,-0.006096,1
6970,2015-06-16,25.508,90.219,Meghalaya,GLC,NASA COOLR,27.16,62.64,230.34,248.16,409.65,0.87,1.0302,319.92,27.0,234.33,0.004447,1
6969,2015-06-16,25.511,90.215,Meghalaya,GLC,NASA COOLR,27.16,62.64,230.34,248.16,409.65,0.87,1.0302,307.19,11.94,184.51,0.006795,1
7335,2015-08-18,25.515,90.202,Meghalaya,GLC,NASA COOLR,15.22,43.75,59.02,102.65,270.29,0.89,0.4299,284.44,26.05,246.08,-0.000967,1
7589,2015-08-19,25.257,92.383,Meghalaya,GLC,NASA COOLR,35.06,81.02,115.26,202.37,359.49,0.96,1.0464,807.3,13.01,8.19,-0.010856,1
7590,2015-08-19,25.142,92.381,Meghalaya,GLC,NASA COOLR,41.24,100.47,149.45,256.74,490.85,0.99,0.964,158.56,16.85,119.7,-0.008428,1
7706,2015-08-19,25.073,92.364,Meghalaya,GLC,NASA COOLR,41.24,100.47,149.45,256.74,490.85,0.99,0.964,133.08,4.83,60.11,-0.008269,1
7336,2015-08-19,25.219,90.555,Meghalaya,GLC,NASA COOLR,26.68,58.96,87.68,142.24,354.46,0.92,0.5543,280.81,8.85,55.04,-0.008342,1
7956,2015-09-05,26.048,91.87,Meghalaya,GLC,NASA COOLR,3.69,63.5,156.6,249.76,459.65,0.95,1.5428,66.31,4.43,27.45,0.003359,1
8012,2015-09-06,25.97,91.858,Meghalaya,GLC,NASA COOLR,0.87,29.57,121.4,246.21,451.49,0.94,1.2763,285.51,12.65,45.31,-0.000954,1
8366,2015-09-23,25.583,91.893,Meghalaya,GLC,NASA COOLR,48.8,118.09,140.11,241.62,587.3,0.99,1.5259,1446.33,7.71,271.44,0.007104,1
9124,2016-07-19,25.203,90.557,Meghalaya,GLC,NASA COOLR,39.27,219.59,326.26,464.59,811.92,0.97,1.0772,146.28,23.56,236.83,-0.017345,1
10989,2017-02-15,25.518,91.963,Meghalaya,GLC,NASA COOLR,0.0,0.0,0.0,1.16,1.25,0.75,-0.0059,1611.12,7.9,93.72,-0.003867,1
9789,2017-05-26,25.907,91.882,Meghalaya,GLC,NASA COOLR,15.61,47.72,87.79,127.86,250.32,0.84,1.2026,580.29,1.63,275.64,-0.005764,1
10985,2017-06-17,25.438,91.799,Meghalaya,GLC,NASA COOLR,52.71,311.77,533.46,627.58,1010.05,0.99,1.2707,1875.01,9.46,4.2,0.000323,1
10987,2017-06-17,25.678,91.923,Meghalaya,GLC,NASA COOLR,52.71,311.77,533.46,627.58,1010.05,0.99,1.2707,980.03,22.63,22.68,-0.002123,1
10986,2017-07-07,25.829,91.877,Meghalaya,GLC,NASA COOLR,6.34,67.01,158.56,215.89,567.41,0.94,1.5781,604.3,14.94,221.67,-0.001964,1
10988,2017-07-09,25.826,91.871,Meghalaya,GLC,NASA COOLR,29.23,53.4,157.47,252.55,611.73,0.95,1.6752,619.91,18.49,64.07,-0.007119,1
12719,2018-04-28,25.032,92.423,Meghalaya,GLC,NASA COOLR,0.89,9.63,34.27,153.78,254.97,0.79,0.3743,140.47,22.85,27.54,0.005173,1
13723,2019-07-09,25.567,91.906,Meghalaya,GLC,NASA COOLR,150.66,268.65,349.89,698.26,978.24,1.0,1.4557,1541.23,10.03,218.53,-0.004412,1
13724,2019-07-09,25.588,92.023,Meghalaya,GLC,NASA COOLR,150.66,268.65,349.89,698.26,978.24,1.0,1.4557,1251.38,16.52,200.47,-0.000955,1
13725,2019-07-09,25.537,91.981,Meghalaya,GLC,NASA COOLR,150.66,268.65,349.89,698.26,978.24,1.0,1.4557,1635.86,7.44,28.88,-0.005556,1
147,2007-07-30,22.533,92.899,Mizoram,GLC,NASA COOLR,0.31,3.17,25.87,143.21,228.9,0.72,-0.0028,801.84,23.5,286.03,0.012225,1
148,2007-07-30,22.479,92.967,Mizoram,GLC,NASA COOLR,0.31,3.17,25.87,143.21,228.9,0.72,-0.0028,446.79,32.51,66.37,-0.001758,1
285,2007-09-29,24.129,92.692,Mizoram,GLC,NASA COOLR,4.42,4.61,5.81,15.48,252.3,0.85,0.2582,833.09,17.16,115.74,0.001875,1
1222,2009-10-05,23.735,92.721,Mizoram,GLC,NASA COOLR,16.64,63.8,74.72,112.34,226.3,0.9,0.9101,958.4,31.16,151.96,0.001508,1
2205,2010-08-06,23.737,92.715,Mizoram,GLC,NASA COOLR,0.38,16.06,42.25,106.7,234.39,0.86,0.4784,1077.01,45.04,290.08,-0.017976,1
2420,2010-09-13,23.73,92.715,Mizoram,GLC,NASA COOLR,9.93,17.18,36.45,70.49,218.07,0.86,0.5007,979.22,34.31,234.29,-0.008595,1
2422,2010-09-13,23.742,92.714,Mizoram,GLC,NASA COOLR,9.93,17.18,36.45,70.49,218.07,0.86,0.5007,924.18,14.63,202.03,0.00055,1
2423,2010-09-13,23.735,92.711,Mizoram,GLC,NASA COOLR,9.93,17.18,36.45,70.49,218.07,0.86,0.5007,923.36,20.61,100.61,-0.007881,1
2424,2010-09-13,23.591,92.93,Mizoram,GLC,NASA COOLR,5.92,10.64,23.16,48.17,130.81,0.75,0.5488,802.41,19.55,316.29,-0.002625,1
2425,2010-09-13,23.344,93.075,Mizoram,GLC,NASA COOLR,5.92,10.64,23.16,48.17,130.81,0.75,0.5488,1315.96,32.94,79.09,-0.000714,1
2426,2010-09-13,22.718,92.842,Mizoram,GLC,NASA COOLR,5.13,13.96,29.88,51.74,201.06,0.81,0.6042,716.41,17.16,106.89,0.002293,1
2421,2010-09-13,23.754,92.741,Mizoram,GLC,NASA COOLR,11.41,19.1,46.34,102.33,235.41,0.88,0.5627,997.91,23.68,101.22,-0.019488,1
2437,2010-09-16,23.753,92.694,Mizoram,GLC,NASA COOLR,7.76,34.33,58.77,126.66,250.29,0.88,0.5544,791.13,29.75,101.39,-0.008302,1
4610,2012-11-11,23.771,92.522,Mizoram,GLC,NASA COOLR,0.0,0.09,28.72,36.13,36.8,0.76,0.3686,77.23,12.82,265.63,0.001327,1
4845,2013-05-07,24.232,92.676,Mizoram,GLC,NASA COOLR,55.11,132.57,243.11,277.93,335.05,0.87,2.1252,671.68,7.22,343.24,0.000747,1
4857,2013-05-11,23.728,92.718,Mizoram,GLC,NASA COOLR,21.06,76.18,247.9,387.9,434.86,0.84,2.1635,1079.61,5.4,17.96,0.004294,1
6143,2014-07-14,23.733,92.746,Mizoram,GLC,NASA COOLR,4.46,14.06,35.85,99.58,446.56,0.84,0.3945,868.4,20.55,303.77,-0.004512,1
6963,2015-06-19,23.713,92.736,Mizoram,GLC,NASA COOLR,4.32,6.93,47.01,132.52,251.62,0.74,0.0076,879.8,8.1,191.22,0.002102,1
7778,2015-08-26,23.845,93.051,Mizoram,GLC,NASA COOLR,3.95,11.51,44.23,144.82,330.03,0.93,1.66,1068.17,33.94,291.8,0.011255,1
7780,2015-08-26,23.357,92.788,Mizoram,GLC,NASA COOLR,2.74,4.43,57.97,228.73,414.94,0.93,1.0958,1365.99,11.15,346.01,-0.004264,1
7836,2015-08-27,24.042,92.672,Mizoram,GLC,NASA COOLR,5.48,9.52,37.7,201.52,394.23,0.93,1.0421,816.99,11.95,102.27,-0.003423,1
7837,2015-08-27,23.727,92.727,Mizoram,GLC,NASA COOLR,3.73,7.18,36.98,228.87,404.17,0.93,1.1032,846.83,30.45,46.03,-0.009403,1
7838,2015-08-27,23.687,93.017,Mizoram,GLC,NASA COOLR,5.0,8.31,32.13,162.34,308.36,0.92,1.6969,613.46,32.28,209.97,-0.001411,1
7972,2015-08-28,23.45,92.811,Mizoram,GLC,NASA COOLR,10.53,17.0,32.21,233.88,412.8,0.93,1.1143,844.8,43.75,119.84,-0.002633,1
8224,2015-09-14,23.731,92.719,Mizoram,GLC,NASA COOLR,13.58,44.56,78.75,196.15,440.49,0.93,1.161,1020.5,17.74,115.96,-0.000259,1
8223,2015-09-14,23.735,92.719,Mizoram,GLC,NASA COOLR,13.58,44.56,78.75,196.15,440.49,0.93,1.161,1031.06,18.2,176.28,0.007395,1
9232,2016-07-29,23.54,93.378,Mizoram,GLC,NASA COOLR,5.2,20.12,50.23,107.48,242.7,0.82,1.022,1569.18,11.71,350.27,-0.001927,1
10960,2016-09-17,23.726,92.718,Mizoram,GLC,NASA COOLR,15.46,32.01,126.23,167.69,431.07,0.93,1.1401,1074.36,11.28,282.99,-0.005279,1
10961,2017-04-25,24.014,92.674,Mizoram,GLC,NASA COOLR,24.62,107.23,343.1,372.03,626.37,0.92,2.8765,666.17,31.93,101.2,0.001868,1
9770,2017-06-01,23.739,92.715,Mizoram,GLC,NASA COOLR,76.43,177.44,204.66,282.31,380.85,0.95,2.0677,1118.5,22.58,267.17,-0.016998,1
10957,2017-06-09,22.908,92.472,Mizoram,GLC,NASA COOLR,38.45,77.78,169.66,492.87,608.82,0.94,1.724,174.42,25.63,332.58,-0.007027,1
9712,2017-06-10,23.734,92.747,Mizoram,GLC,NASA COOLR,23.87,63.48,126.38,440.18,600.25,0.95,1.8392,872.38,15.78,253.22,0.000871,1
10963,2017-06-12,23.335,92.854,Mizoram,GLC,NASA COOLR,71.95,133.8,167.42,341.18,449.57,0.95,2.5904,924.47,26.25,273.81,0.002848,1
10962,2017-06-17,23.656,93.027,Mizoram,GLC,NASA COOLR,10.03,42.82,209.07,325.84,504.73,0.92,2.1836,498.13,29.21,354.48,0.002623,1
9989,2017-06-28,23.695,92.876,Mizoram,GLC,NASA COOLR,6.88,21.75,95.73,208.22,588.37,0.92,2.1102,578.98,11.24,152.61,0.000545,1
9731,2017-08-26,23.833,92.631,Mizoram,GLC,NASA COOLR,16.93,88.15,132.46,381.5,649.33,0.96,1.3482,412.64,9.31,15.55,-0.001255,1
11403,2018-05-12,23.737,92.752,Mizoram,GLC,NASA COOLR,10.4,64.79,160.62,276.73,450.77,0.84,2.1587,841.53,31.92,111.51,-0.002551,1
11530,2018-06-05,22.874,92.758,Mizoram,GLC,NASA COOLR,53.0,70.88,121.91,169.67,404.92,0.89,1.489,1026.77,9.17,104.81,-0.005031,1
20598,2021-06-12,23.743,92.739,Mizoram,LRC,NASA COOLR,22.98,58.04,105.74,217.96,296.27,0.79,0.5426,972.55,12.94,209.8,0.00712,1
215,2007-08-28,25.743,93.914,Nagaland,GLC,NASA COOLR,3.08,14.24,39.03,85.52,121.43,0.72,-0.454,459.7,22.37,212.49,0.016258,1
313,2007-10-16,25.706,94.013,Nagaland,GLC,NASA COOLR,15.77,31.91,39.47,71.89,88.92,0.81,0.806,1473.09,14.78,59.27,0.000414,1
692,2008-08-07,25.705,94.04,Nagaland,GLC,NASA COOLR,0.82,12.78,35.98,92.93,210.21,0.73,-0.1864,1041.38,16.27,133.22,-0.007168,1
731,2008-08-19,26.138,94.25,Nagaland,GLC,NASA COOLR,29.74,62.14,110.29,187.11,286.31,0.95,1.283,1011.42,17.16,335.52,0.006598,1
760,2008-08-29,25.67,94.107,Nagaland,GLC,NASA COOLR,5.84,16.36,22.51,113.43,240.27,0.83,0.4421,1449.3,15.36,244.22,0.001564,1
1986,2010-06-15,26.334,94.551,Nagaland,GLC,NASA COOLR,40.07,75.47,135.07,260.58,370.59,0.91,2.0553,1371.68,18.54,206.7,-0.006993,1
1996,2010-06-18,26.433,94.883,Nagaland,GLC,NASA COOLR,10.25,33.6,104.02,237.79,347.47,0.9,1.3656,561.19,28.13,213.6,1.5e-05,1
2042,2010-07-06,26.009,94.524,Nagaland,GLC,NASA COOLR,9.14,35.75,73.22,148.76,362.61,0.92,1.5503,1800.26,22.14,54.79,-0.002955,1
2043,2010-07-06,26.723,95.028,Nagaland,GLC,NASA COOLR,13.18,37.16,73.13,147.26,373.06,0.93,1.3118,718.03,16.24,337.2,-0.004143,1
2044,2010-07-06,25.888,94.786,Nagaland,GLC,NASA COOLR,9.26,32.72,75.34,140.15,355.44,0.94,1.3007,1167.1,10.2,172.27,-0.006683,1
2045,2010-07-06,26.236,94.813,Nagaland,GLC,NASA COOLR,9.26,32.72,75.34,140.15,355.44,0.94,1.3007,1565.92,15.37,139.22,-0.001278,1
2098,2010-07-19,26.722,95.028,Nagaland,GLC,NASA COOLR,13.18,50.87,108.57,186.45,342.81,0.94,1.2703,698.21,19.62,227.84,0.002966,1
2106,2010-07-20,26.872,94.992,Nagaland,GLC,NASA COOLR,14.6,56.11,123.67,210.83,359.69,0.93,1.0989,292.27,8.88,22.94,-0.003321,1
2243,2010-08-13,25.702,94.046,Nagaland,GLC,NASA COOLR,10.61,13.72,16.8,70.99,191.18,0.84,1.0749,1010.02,13.54,116.04,0.007562,1
2247,2010-08-14,26.148,94.842,Nagaland,GLC,NASA COOLR,11.86,53.09,65.68,107.1,280.21,0.95,1.0803,1513.15,26.52,173.01,-0.004266,1
2248,2010-08-14,26.222,94.915,Nagaland,GLC,NASA COOLR,11.86,53.09,65.68,107.1,280.21,0.95,1.0803,1761.31,36.24,241.47,-0.004473,1
2249,2010-08-14,26.081,94.803,Nagaland,GLC,NASA COOLR,11.86,53.09,65.68,107.1,280.21,0.95,1.0803,972.2,42.95,156.71,0.002727,1
2263,2010-08-17,26.275,94.665,Nagaland,GLC,NASA COOLR,17.35,49.71,103.86,133.22,284.05,0.93,1.0756,1145.88,28.69,233.64,-0.00117,1
2282,2010-08-19,26.198,94.816,Nagaland,GLC,NASA COOLR,13.74,29.82,94.99,131.29,276.17,0.96,1.154,1896.84,24.55,215.52,0.002273,1
2281,2010-08-19,25.616,94.116,Nagaland,GLC,NASA COOLR,10.84,27.29,62.5,70.59,191.49,0.91,1.2028,1621.78,31.89,77.37,0.000876,1
2415,2010-09-12,25.64,94.111,Nagaland,GLC,NASA COOLR,4.38,6.8,35.08,78.13,181.17,0.89,1.0164,1491.74,24.62,141.07,0.002769,1
2567,2010-10-08,25.663,94.47,Nagaland,GLC,NASA COOLR,52.1,92.98,96.35,132.66,238.6,0.98,1.8579,1439.27,11.47,289.47,0.00197,1
2579,2010-10-09,25.682,94.108,Nagaland,GLC,NASA COOLR,23.12,99.99,119.47,149.35,256.38,0.96,1.6706,1449.68,15.79,253.18,0.000373,1
2587,2010-10-10,25.662,94.107,Nagaland,GLC,NASA COOLR,0.87,76.09,120.34,143.49,255.27,0.93,1.3976,1383.27,13.02,88.84,0.011087,1
3633,2011-06-20,26.319,94.512,Nagaland,GLC,NASA COOLR,3.79,13.89,32.67,73.33,285.78,0.77,0.1525,1257.28,17.38,316.85,0.008959,1
3637,2011-06-21,25.516,94.234,Nagaland,GLC,NASA COOLR,8.32,18.31,51.05,102.18,212.23,0.82,1.0215,1637.74,20.12,282.31,0.00244,1
3663,2011-06-28,25.668,94.11,Nagaland,GLC,NASA COOLR,10.59,57.37,84.92,139.41,248.85,0.86,1.3446,1434.03,15.46,118.85,-0.0024,1
3683,2011-07-01,25.878,94.174,Nagaland,GLC,NASA COOLR,19.89,41.75,91.78,151.44,246.03,0.89,1.2216,1358.92,23.75,128.33,-0.002253,1
3760,2011-07-11,25.67,94.11,Nagaland,GLC,NASA COOLR,0.1,1.79,14.8,114.69,230.9,0.82,0.6654,1423.04,19.26,76.1,-0.001722,1
3916,2011-08-13,25.771,93.807,Nagaland,GLC,NASA COOLR,9.88,16.2,56.43,120.03,318.92,0.86,1.1148,237.25,5.35,153.24,-0.00038,1
3932,2011-08-18,25.83,94.13,Nagaland,GLC,NASA COOLR,4.67,37.16,91.83,194.32,306.79,0.94,1.153,1014.58,8.4,143.64,0.000814,1
4905,2013-06-07,26.098,94.703,Nagaland,GLC,NASA COOLR,9.11,20.54,30.52,64.87,191.56,0.83,0.9626,1687.6,27.88,230.47,0.019768,1
4906,2013-06-07,26.098,94.75,Nagaland,GLC,NASA COOLR,9.11,20.54,30.52,64.87,191.56,0.83,0.9626,1549.84,8.19,201.1,-0.003213,1
5005,2013-07-01,26.72,95.029,Nagaland,GLC,NASA COOLR,14.44,33.33,111.85,178.09,271.64,0.87,0.7848,689.4,11.98,19.23,-0.001022,1
5006,2013-07-01,26.115,94.386,Nagaland,GLC,NASA COOLR,9.11,27.57,97.88,146.0,195.91,0.84,0.5313,353.9,24.42,92.13,-0.00679,1
5087,2013-07-12,25.627,94.114,Nagaland,GLC,NASA COOLR,18.68,107.07,129.82,203.86,306.22,0.9,1.4919,1563.28,14.1,146.28,0.008823,1
5084,2013-07-13,25.616,94.117,Nagaland,GLC,NASA COOLR,7.57,78.03,127.84,206.92,313.46,0.87,1.1558,1583.86,18.24,76.48,-0.007797,1
5107,2013-07-15,25.627,94.114,Nagaland,GLC,NASA COOLR,14.57,35.52,150.03,214.78,338.29,0.89,1.3477,1563.28,14.1,146.28,0.008823,1
5122,2013-07-17,25.766,93.941,Nagaland,GLC,NASA COOLR,5.65,24.17,83.82,154.53,322.05,0.8,0.6315,828.08,39.89,319.71,-0.003515,1
5123,2013-07-17,25.713,94.089,Nagaland,GLC,NASA COOLR,3.66,25.34,116.75,200.15,344.76,0.85,0.9138,1425.82,26.47,281.78,-0.000617,1
5268,2013-08-04,26.014,94.516,Nagaland,GLC,NASA COOLR,5.78,14.93,47.43,109.0,290.88,0.89,0.7207,1715.45,2.16,202.96,0.005185,1
5269,2013-08-04,25.838,94.523,Nagaland,GLC,NASA COOLR,5.78,14.93,47.43,109.0,290.88,0.89,0.7207,800.22,5.54,20.79,0.001602,1
5270,2013-08-04,26.048,94.462,Nagaland,GLC,NASA COOLR,5.78,14.93,47.43,109.0,290.88,0.89,0.7207,866.95,29.29,278.6,0.001453,1
5271,2013-08-04,26.284,94.581,Nagaland,GLC,NASA COOLR,5.53,15.66,54.81,135.7,307.87,0.87,0.5231,729.23,31.46,195.89,0.003823,1
5272,2013-08-04,26.208,94.544,Nagaland,GLC,NASA COOLR,5.78,14.93,47.43,109.0,290.88,0.89,0.7207,1478.25,7.24,321.35,-0.011503,1
5273,2013-08-04,26.181,94.55,Nagaland,GLC,NASA COOLR,5.78,14.93,47.43,109.0,290.88,0.89,0.7207,1679.21,35.59,2.9,-0.002925,1
5274,2013-08-04,26.084,94.564,Nagaland,GLC,NASA COOLR,5.78,14.93,47.43,109.0,290.88,0.89,0.7207,1838.86,20.53,119.93,-0.001441,1
5275,2013-08-04,26.15,94.606,Nagaland,GLC,NASA COOLR,5.78,14.93,47.43,109.0,290.88,0.89,0.7207,1741.06,27.77,338.97,-0.000725,1
5312,2013-08-12,26.71,94.693,Nagaland,GLC,NASA COOLR,19.89,27.16,92.37,186.13,361.87,0.95,1.1266,675.97,11.83,287.63,0.003444,1
5336,2013-08-16,26.39,94.944,Nagaland,GLC,NASA COOLR,39.28,53.14,98.45,220.68,387.63,0.96,1.2252,524.98,12.59,280.24,-0.000722,1
5337,2013-08-16,26.421,94.973,Nagaland,GLC,NASA COOLR,39.28,53.14,98.45,220.68,387.63,0.96,1.2252,721.41,23.27,355.01,-0.003893,1
5338,2013-08-16,26.873,94.928,Nagaland,GLC,NASA COOLR,36.7,45.85,83.15,219.67,404.03,0.95,1.1813,129.38,4.87,248.81,0.003186,1
5421,2013-08-30,26.421,94.973,Nagaland,GLC,NASA COOLR,7.63,44.85,79.68,165.63,350.44,0.94,1.0109,721.41,23.27,355.01,-0.003893,1
5575,2013-10-06,25.827,94.15,Nagaland,GLC,NASA COOLR,13.73,43.76,50.59,85.88,178.33,0.94,1.2204,1371.28,19.54,189.13,0.000514,1
6331,2014-09-08,25.947,94.628,Nagaland,GLC,NASA COOLR,3.11,20.52,21.92,53.51,230.72,0.88,0.4141,1405.27,32.62,302.64,0.003419,1
6990,2015-06-24,26.032,94.547,Nagaland,GLC,NASA COOLR,13.93,42.27,87.83,166.46,382.43,0.9,1.5291,1568.23,41.88,337.17,0.00166,1
7409,2015-08-02,25.72,94.622,Nagaland,GLC,NASA COOLR,0.7,71.33,99.02,197.07,332.89,0.88,1.0681,1717.44,48.94,347.52,-0.000895,1
7660,2015-08-12,25.624,94.114,Nagaland,GLC,NASA COOLR,3.35,14.73,69.02,178.96,370.93,0.9,1.1193,1573.87,27.85,113.91,0.011238,1
7699,2015-08-19,26.021,94.522,Nagaland,GLC,NASA COOLR,14.28,30.55,56.39,137.17,283.18,0.94,1.1529,1582.98,18.75,262.04,0.001564,1
7701,2015-08-19,25.628,94.105,Nagaland,GLC,NASA COOLR,8.1,17.36,37.6,113.28,284.48,0.9,1.1049,1513.97,6.96,145.95,-0.003526,1
7727,2015-08-20,25.626,94.106,Nagaland,GLC,NASA COOLR,8.68,20.24,33.33,115.3,280.13,0.9,1.1083,1507.81,14.24,198.45,0.007716,1
9405,2016-04-19,26.722,95.024,Nagaland,GLC,NASA COOLR,10.83,37.9,68.11,140.87,182.12,0.81,1.5855,712.15,8.06,140.88,-0.006403,1
9169,2016-06-12,26.168,94.244,Nagaland,GLC,NASA COOLR,10.04,18.74,64.65,88.51,278.36,0.83,0.8934,768.72,17.58,225.69,-0.003624,1
9142,2016-06-14,26.319,94.525,Nagaland,GLC,NASA COOLR,6.05,35.82,62.33,91.54,256.62,0.79,0.5907,1161.08,6.81,177.67,-0.000907,1
8901,2016-07-10,25.79,94.132,Nagaland,GLC,NASA COOLR,14.38,23.03,75.37,164.56,349.47,0.91,1.2674,1280.45,12.78,116.6,0.004825,1
8930,2016-07-12,26.17,94.492,Nagaland,GLC,NASA COOLR,16.84,39.61,66.6,179.28,362.32,0.93,1.498,1140.19,36.53,220.15,0.003805,1
9219,2016-07-27,26.01,94.528,Nagaland,GLC,NASA COOLR,16.48,41.59,75.33,156.43,335.71,0.94,1.4211,1717.19,15.39,50.2,0.000278,1
9251,2016-07-29,25.87,94.784,Nagaland,GLC,NASA COOLR,6.07,55.91,103.04,177.62,393.18,0.95,1.1799,1127.73,19.09,292.31,0.004929,1
9904,2016-08-25,25.661,94.105,Nagaland,GLC,NASA COOLR,5.38,6.0,11.97,39.51,145.72,0.88,0.9411,1443.28,13.31,51.35,-0.000222,1
9965,2016-09-05,26.325,94.515,Nagaland,GLC,NASA COOLR,12.04,38.7,91.13,117.84,208.13,0.92,0.8589,1254.97,14.2,201.01,-0.005172,1
9966,2016-09-05,26.092,94.258,Nagaland,GLC,NASA COOLR,14.71,34.09,66.41,105.34,186.79,0.94,1.1501,1360.65,0.91,334.16,0.005315,1
11154,2017-04-07,25.772,93.935,Nagaland,GLC,NASA COOLR,3.61,5.81,76.08,138.27,176.88,0.71,2.1747,853.94,34.48,312.74,-0.006031,1
11156,2017-05-16,25.733,93.997,Nagaland,GLC,NASA COOLR,9.32,24.13,32.33,42.79,132.6,0.74,1.3535,982.56,22.44,127.49,5.8e-05,1
9742,2017-06-02,25.671,94.118,Nagaland,GLC,NASA COOLR,8.78,29.2,99.58,145.16,196.79,0.83,1.7887,1457.05,16.58,24.2,-0.003431,1
11161,2017-06-24,26.664,94.622,Nagaland,GLC,NASA COOLR,30.52,60.12,83.02,164.38,300.55,0.86,1.1698,331.89,7.9,294.21,0.005104,1
10024,2017-06-25,25.838,93.946,Nagaland,GLC,NASA COOLR,21.95,63.72,79.91,170.86,321.43,0.85,1.8359,394.83,15.23,46.79,-0.006614,1
9982,2017-07-02,26.331,94.554,Nagaland,GLC,NASA COOLR,22.51,89.45,142.02,261.54,388.31,0.92,1.7633,1333.55,14.52,7.88,-0.002805,1
9983,2017-07-02,26.116,94.242,Nagaland,GLC,NASA COOLR,14.5,64.06,108.49,220.96,338.87,0.92,1.6056,1409.35,27.27,165.3,-0.012398,1
9984,2017-07-02,26.145,94.244,Nagaland,GLC,NASA COOLR,14.5,64.06,108.49,220.96,338.87,0.92,1.6056,1278.44,28.12,158.43,-0.007933,1
11155,2017-07-08,25.72,94.032,Nagaland,GLC,NASA COOLR,25.67,54.59,103.55,195.0,346.6,0.9,2.4845,1113.4,21.53,68.2,-0.005498,1
11159,2017-07-09,25.632,94.101,Nagaland,GLC,NASA COOLR,16.21,89.47,150.89,255.24,405.92,0.95,2.0932,1603.58,27.04,100.78,0.007472,1
11157,2017-07-09,25.731,93.988,Nagaland,GLC,NASA COOLR,13.78,62.66,108.04,197.11,347.35,0.88,2.1405,1176.2,20.39,111.66,-0.006258,1
11160,2017-07-10,26.263,94.815,Nagaland,GLC,NASA COOLR,42.24,134.3,200.1,370.85,563.85,0.98,1.7326,1315.49,13.48,129.11,-0.009056,1
11158,2017-07-12,25.691,94.095,Nagaland,GLC,NASA COOLR,1.4,57.09,157.38,290.03,438.66,0.93,1.8079,1389.18,9.86,280.83,-0.000318,1
12718,2017-08-28,25.555,93.64,Nagaland,GLC,NASA COOLR,6.58,38.43,58.72,101.0,215.56,0.89,1.7032,693.18,25.75,34.4,-0.004183,1
12714,2017-09-30,25.659,94.099,Nagaland,GLC,NASA COOLR,10.92,51.43,94.77,163.25,282.29,0.96,1.6464,1517.22,3.62,256.15,-0.00616,1
11405,2018-05-12,26.078,94.721,Nagaland,GLC,NASA COOLR,0.68,2.42,37.58,135.17,192.23,0.79,1.0823,1512.88,5.35,31.93,0.002039,1
13841,2018-07-30,26.132,94.786,Nagaland,GLC,NASA COOLR,35.49,107.5,190.88,268.39,448.3,0.99,1.4642,1637.73,31.8,40.67,0.003436,1
13814,2018-07-31,25.673,94.105,Nagaland,GLC,NASA COOLR,14.4,86.98,184.23,248.18,396.1,0.97,1.9437,1365.09,19.57,236.16,-0.000442,1
14283,2018-10-29,25.769,93.82,Nagaland,GLC,NASA COOLR,0.0,0.92,0.92,2.71,43.75,0.78,0.5204,269.6,4.01,302.74,-0.001121,1
14297,2018-10-31,25.808,93.79,Nagaland,GLC,NASA COOLR,0.01,0.01,0.93,1.05,39.71,0.78,0.5816,197.22,2.68,348.66,-0.00169,1
57,2007-04-11,27.446,88.619,Sikkim,GLC,NASA COOLR,0.01,8.45,9.91,10.18,15.07,0.5,-0.3237,1967.99,14.88,5.24,0.006298,1
78,2007-05-23,27.338,88.607,Sikkim,GLC,NASA COOLR,0.09,2.4,28.81,62.6,91.16,0.54,-0.1547,1513.47,22.46,321.84,0.004179,1
126,2007-07-16,27.15,88.38,Sikkim,GLC,NASA COOLR,15.14,46.44,126.22,167.19,268.15,0.8,0.0389,1095.89,33.77,181.13,0.003969,1
241,2007-09-07,27.201,88.488,Sikkim,GLC,NASA COOLR,48.76,109.89,146.28,204.69,333.64,0.92,0.9937,382.96,36.0,294.67,0.001441,1
251,2007-09-09,27.167,88.35,Sikkim,GLC,NASA COOLR,4.33,53.08,140.42,199.91,340.7,0.91,0.801,1154.12,24.39,276.84,-0.004874,1
256,2007-09-10,27.343,88.624,Sikkim,GLC,NASA COOLR,3.95,11.79,84.86,121.61,221.14,0.87,0.5077,2095.8,30.39,27.0,-0.012352,1
260,2007-09-11,27.208,88.491,Sikkim,GLC,NASA COOLR,6.06,18.55,137.3,206.44,336.55,0.9,0.7245,371.43,37.6,247.37,0.005318,1
269,2007-09-18,27.287,88.282,Sikkim,GLC,NASA COOLR,2.0,5.16,51.6,137.09,216.41,0.91,0.8017,603.05,26.91,241.25,0.001868,1
755,2008-08-28,27.337,88.609,Sikkim,GLC,NASA COOLR,3.56,14.14,30.97,103.28,230.27,0.86,0.3721,1553.28,17.82,324.74,-0.006083,1
1061,2009-07-01,27.478,88.527,Sikkim,GLC,NASA COOLR,17.12,24.76,41.67,50.88,68.66,0.67,-0.0366,765.6,33.03,338.98,0.003757,1
1102,2009-08-20,27.264,88.137,Sikkim,GLC,NASA COOLR,38.49,88.84,112.67,157.81,297.18,0.91,0.8749,1284.29,29.43,159.57,0.014795,1
1111,2009-08-20,27.134,88.458,Sikkim,GLC,NASA COOLR,47.06,120.65,200.19,274.7,501.12,0.93,1.1622,647.34,18.82,325.91,0.00434,1
1112,2009-08-20,27.176,88.529,Sikkim,GLC,NASA COOLR,47.06,120.65,200.19,274.7,501.12,0.93,1.1622,305.44,11.24,311.63,0.002349,1
1125,2009-08-26,27.375,88.765,Sikkim,GLC,NASA COOLR,5.78,16.5,52.29,143.9,255.57,0.86,0.3863,3751.0,0.0,0.0,0.0,1
1168,2009-09-17,27.195,88.612,Sikkim,GLC,NASA COOLR,4.39,10.49,13.42,72.82,225.29,0.85,0.1034,470.84,6.54,331.71,-0.001243,1
1756,2010-04-17,27.322,88.609,Sikkim,GLC,NASA COOLR,0.26,1.83,3.59,4.1,7.11,0.48,-0.5912,1535.02,27.95,249.74,-0.017894,1
1755,2010-04-17,27.334,88.608,Sikkim,GLC,NASA COOLR,0.26,1.83,3.59,4.1,7.11,0.48,-0.5912,1437.78,30.13,287.51,-0.002589,1
1929,2010-06-01,27.354,88.643,Sikkim,GLC,NASA COOLR,3.59,11.0,23.83,88.92,120.9,0.6,0.2425,2109.2,22.76,99.16,0.003728,1
2112,2010-07-21,27.551,88.648,Sikkim,GLC,NASA COOLR,7.3,45.36,99.3,177.1,294.82,0.86,0.9741,1471.89,50.63,341.3,0.001267,1
2113,2010-07-21,27.377,88.559,Sikkim,GLC,NASA COOLR,7.3,45.36,99.3,177.1,294.82,0.86,0.9741,1470.62,26.99,254.71,-0.009928,1
2296,2010-08-20,27.167,88.365,Sikkim,GLC,NASA COOLR,5.94,55.21,177.09,215.22,330.36,0.92,0.9475,1487.28,24.41,358.08,0.002048,1
2341,2010-08-27,27.232,88.497,Sikkim,GLC,NASA COOLR,28.79,74.96,157.43,337.84,440.41,0.94,1.289,360.61,11.17,352.87,0.010407,1
2345,2010-08-27,27.339,88.619,Sikkim,GLC,NASA COOLR,11.94,39.91,93.81,199.19,282.22,0.91,1.1068,1868.05,25.05,73.01,-0.006368,1
2392,2010-09-04,27.37,88.733,Sikkim,GLC,NASA COOLR,2.0,17.97,46.09,144.4,283.13,0.9,0.9432,3522.76,5.07,222.52,-0.009445,1
3619,2011-06-18,27.489,88.445,Sikkim,GLC,NASA COOLR,7.43,17.5,27.47,40.74,89.27,0.6,-0.05,1893.06,39.62,79.59,0.005186,1
3643,2011-06-24,27.288,88.258,Sikkim,GLC,NASA COOLR,27.62,58.98,75.32,96.82,133.36,0.76,0.8492,1500.43,29.8,65.91,0.006121,1
3813,2011-07-20,27.114,88.466,Sikkim,GLC,NASA COOLR,13.06,61.35,107.98,206.34,493.9,0.88,0.763,264.21,32.5,339.03,0.004602,1
3943,2011-08-23,27.139,88.226,Sikkim,GLC,NASA COOLR,18.66,46.72,104.73,282.04,499.37,0.94,1.1999,893.39,34.11,261.54,0.017803,1
3944,2011-08-25,27.734,88.633,Sikkim,GLC,NASA COOLR,4.66,42.6,65.15,176.49,300.86,0.91,1.1146,3475.85,25.97,47.77,-0.002166,1
3997,2011-09-30,27.516,88.558,Sikkim,GLC,NASA COOLR,0.02,0.22,42.89,122.06,169.03,0.88,0.8134,1354.28,21.94,214.94,0.009545,1
4385,2012-06-03,27.717,88.558,Sikkim,GLC,NASA COOLR,0.37,5.51,34.32,36.5,71.45,0.54,-0.2934,2652.95,9.74,68.87,0.0059,1
4393,2012-06-07,27.757,88.632,Sikkim,GLC,NASA COOLR,0.05,2.27,4.79,12.4,20.7,0.5,-0.437,3882.83,10.44,89.64,0.003302,1
4394,2012-06-07,27.175,88.646,Sikkim,GLC,NASA COOLR,0.08,19.22,36.78,99.4,137.94,0.51,-0.1468,956.46,21.32,284.28,0.003638,1
4411,2012-06-14,27.339,88.607,Sikkim,GLC,NASA COOLR,0.38,1.05,3.53,33.94,51.06,0.52,-0.6396,1527.94,24.18,275.25,0.004604,1
4556,2012-09-16,27.168,88.365,Sikkim,GLC,NASA COOLR,36.17,98.58,150.96,177.91,343.09,0.92,0.9317,1540.6,19.63,347.2,-0.002498,1
4569,2012-09-19,27.839,88.556,Sikkim,GLC,NASA COOLR,1.38,6.43,37.52,53.42,112.6,0.78,0.1126,3830.76,14.61,317.87,-0.00042,1
4571,2012-09-19,27.656,88.605,Sikkim,GLC,NASA COOLR,5.16,19.03,89.34,112.09,220.17,0.87,0.5454,1953.18,7.3,315.39,-0.002397,1
4908,2013-06-08,27.372,88.708,Sikkim,GLC,NASA COOLR,10.3,15.09,35.18,111.1,164.71,0.67,0.8063,3136.82,42.25,337.0,0.010143,1
4990,2013-06-28,27.377,88.763,Sikkim,GLC,NASA COOLR,8.01,39.04,87.3,116.2,220.63,0.76,0.8667,3791.56,35.65,346.88,-0.006531,1
5429,2013-09-01,27.343,88.243,Sikkim,GLC,NASA COOLR,4.12,12.85,49.72,90.66,273.75,0.91,0.8116,1411.31,30.11,266.62,-0.004302,1
5476,2013-09-07,27.374,88.732,Sikkim,GLC,NASA COOLR,5.47,27.37,61.64,118.27,224.6,0.88,0.6431,3437.31,30.54,346.45,0.005288,1
5485,2013-09-08,27.605,88.646,Sikkim,GLC,NASA COOLR,1.77,18.96,59.88,119.47,216.26,0.88,0.6455,1629.27,33.15,16.77,0.00816,1
7031,2015-05-24,27.616,88.659,Sikkim,GLC,NASA COOLR,0.21,9.49,26.27,53.52,83.83,0.59,0.2751,1816.95,40.43,54.37,-0.005906,1
9215,2016-01-14,27.176,88.529,Sikkim,GLC,NASA COOLR,0.02,0.28,1.0,1.66,1.73,0.51,0.504,305.44,11.24,311.63,0.002349,1
9853,2016-08-16,27.593,88.492,Sikkim,GLC,NASA COOLR,12.74,20.88,45.13,101.33,319.6,0.93,1.4573,3251.94,43.12,328.67,-0.012761,1
9604,2016-10-12,27.268,88.289,Sikkim,GLC,NASA COOLR,14.2,33.71,54.64,80.32,218.89,0.93,1.4289,564.1,56.33,143.91,0.015596,1
9619,2016-10-15,27.17,88.366,Sikkim,GLC,NASA COOLR,0.71,17.25,66.59,113.48,294.32,0.91,1.3066,1595.83,32.79,222.97,-0.016584,1
9785,2017-05-26,27.543,88.597,Sikkim,GLC,NASA COOLR,5.8,13.37,46.06,114.36,177.03,0.79,1.9855,1661.18,54.14,28.66,0.002039,1
11183,2017-07-10,27.36,88.652,Sikkim,GLC,NASA COOLR,30.79,77.52,116.8,197.88,308.27,0.92,1.8717,2242.42,46.4,345.35,-0.001199,1
11443,2018-05-26,27.233,88.593,Sikkim,GLC,NASA COOLR,15.28,77.08,99.84,134.82,246.08,0.77,2.1981,1302.36,7.31,99.13,0.001803,1
14501,2018-09-14,27.454,88.524,Sikkim,GLC,NASA COOLR,9.44,30.49,89.46,169.76,367.51,0.94,1.481,1004.47,28.73,270.79,0.004681,1
14544,2018-09-14,27.716,88.557,Sikkim,GLC,NASA COOLR,9.44,30.49,89.46,169.76,367.51,0.94,1.481,2693.99,19.98,110.95,0.002376,1
14574,2018-09-14,27.495,88.536,Sikkim,GLC,NASA COOLR,9.44,30.49,89.46,169.76,367.51,0.94,1.481,1276.52,19.41,243.91,0.001191,1
14511,2018-09-15,27.54,88.499,Sikkim,GLC,NASA COOLR,7.19,23.91,92.8,173.28,368.51,0.94,1.4844,1152.95,45.85,339.39,0.000544,1
14641,2018-09-15,27.331,88.614,Sikkim,GLC,NASA COOLR,7.19,23.91,92.8,173.28,368.51,0.94,1.4844,1650.15,11.11,253.82,0.003128,1
14630,2018-09-17,27.543,88.63,Sikkim,GLC,NASA COOLR,0.0,7.7,52.01,147.28,346.51,0.93,1.3438,1351.37,36.86,228.62,-0.006188,1
1935,2010-06-03,23.899,91.76,Tripura,GLC,NASA COOLR,40.65,82.29,196.52,398.53,497.9,0.9,1.1491,191.54,20.47,349.61,-0.009624,1
4848,2013-05-08,24.09,91.466,Tripura,GLC,NASA COOLR,45.59,126.29,207.05,260.08,294.94,0.76,1.4066,105.72,7.0,145.4,0.00281,1
6513,2014-08-15,23.014,91.717,Tripura,GLC,NASA COOLR,50.82,197.86,255.39,312.35,471.59,0.96,0.9357,22.22,5.92,191.64,0.001516,1
9733,2017-06-04,23.865,91.895,Tripura,GLC,NASA COOLR,50.75,129.18,307.73,345.82,558.51,0.96,1.5785,125.5,3.68,123.61,-0.000519,1
9745,2017-06-04,24.195,91.829,Tripura,GLC,NASA COOLR,50.75,129.18,307.73,345.82,558.51,0.96,1.5785,31.71,0.3,240.17,-0.000319,1
11357,2018-05-18,24.025,91.497,Tripura,GLC,NASA COOLR,57.59,150.03,200.91,424.96,737.87,0.94,2.2049,116.26,12.55,174.81,0.010526,1
11501,2018-05-20,23.793,91.531,Tripura,GLC,NASA COOLR,25.85,106.32,234.19,416.62,740.67,0.93,2.0341,143.0,10.76,274.93,-0.005154,1
11502,2018-05-20,23.717,91.616,Tripura,GLC,NASA COOLR,27.76,103.19,225.17,364.79,650.01,0.91,2.0752,66.88,4.98,39.19,0.02251,1
14439,1990-01-29,29.993,78.33,Uttarakhand,GLC,NASA COOLR,0.0,0.07,0.07,0.07,0.87,0.32,-1.4668,488.38,8.19,179.52,0.000161,1
146,2007-07-30,30.733,78.439,Uttarakhand,GLC,NASA COOLR,58.29,83.93,119.33,211.5,461.66,0.95,1.2214,1443.21,41.67,25.22,0.003204,1
149,2007-07-30,30.557,79.56,Uttarakhand,GLC,NASA COOLR,35.29,62.41,98.8,162.6,338.39,0.88,1.3065,1862.01,16.43,246.88,-0.005153,1
150,2007-07-30,30.4,79.349,Uttarakhand,GLC,NASA COOLR,35.29,62.41,98.8,162.6,338.39,0.88,1.3065,1345.82,51.75,155.38,-0.008505,1
173,2007-08-11,30.07,78.303,Uttarakhand,GLC,NASA COOLR,8.81,24.85,83.8,357.64,509.21,0.88,1.0982,471.32,4.7,281.21,0.000406,1
237,2007-09-06,29.583,80.217,Uttarakhand,GLC,NASA COOLR,0.4,36.17,117.56,169.78,307.55,0.94,0.9693,1585.51,6.85,258.7,-0.013276,1
653,2008-07-18,29.33,80.1,Uttarakhand,GLC,NASA COOLR,56.24,143.31,215.2,270.09,359.62,0.98,1.4894,1625.87,17.32,126.87,-0.001421,1
1072,2009-08-08,29.589,80.21,Uttarakhand,GLC,NASA COOLR,1.67,24.25,26.85,137.38,279.4,0.78,-0.7326,1636.15,17.91,113.88,-0.005229,1
1097,2009-08-17,29.409,80.133,Uttarakhand,GLC,NASA COOLR,82.16,187.74,243.87,274.09,408.54,0.96,1.0328,1628.06,23.32,175.57,-0.002435,1
1130,2009-09-01,29.704,78.566,Uttarakhand,GLC,NASA COOLR,5.41,29.14,51.23,106.57,290.24,0.73,-0.1399,426.37,31.45,223.03,0.001526,1
1521,2010-02-23,30.381,78.47,Uttarakhand,GLC,NASA COOLR,6.76,7.0,7.0,26.41,39.01,0.65,0.2312,1054.44,20.52,25.6,0.00342,1
2040,2010-07-06,30.638,78.33,Uttarakhand,GLC,NASA COOLR,26.59,71.1,108.08,168.0,189.52,0.77,1.0262,907.82,34.44,262.54,-0.0024,1
2041,2010-07-06,30.249,78.885,Uttarakhand,GLC,NASA COOLR,22.77,87.13,125.41,183.41,206.19,0.75,0.7297,890.77,33.1,146.38,0.005732,1
2103,2010-07-20,29.986,78.612,Uttarakhand,GLC,NASA COOLR,33.57,82.86,111.06,200.15,362.24,0.88,1.0534,1015.74,37.61,13.45,0.003457,1
2104,2010-07-20,29.36,80.126,Uttarakhand,GLC,NASA COOLR,58.27,159.01,186.97,244.57,405.16,0.97,1.3759,1372.82,25.25,104.8,0.005979,1
2105,2010-07-20,29.358,79.552,Uttarakhand,GLC,NASA COOLR,65.62,141.84,167.69,250.01,406.79,0.9,1.455,1335.84,2.59,68.01,0.003405,1
2120,2010-07-22,29.61,79.663,Uttarakhand,GLC,NASA COOLR,10.73,81.58,167.32,226.12,418.85,0.83,0.8001,1510.96,14.57,282.31,0.001952,1
2161,2010-07-29,30.747,78.452,Uttarakhand,GLC,NASA COOLR,17.15,33.61,58.16,198.09,375.44,0.9,0.6308,1154.24,18.42,87.08,0.004286,1
2162,2010-07-29,30.405,79.343,Uttarakhand,GLC,NASA COOLR,16.81,33.27,48.44,154.32,268.75,0.83,0.7657,1094.17,17.6,200.48,0.001634,1
2202,2010-08-05,30.407,79.335,Uttarakhand,GLC,NASA COOLR,8.24,29.71,183.67,253.42,370.79,0.84,0.792,1045.34,40.04,355.4,0.001197,1
2227,2010-08-09,30.646,79.531,Uttarakhand,GLC,NASA COOLR,15.79,41.11,75.5,268.99,398.93,0.86,0.9921,2040.96,24.68,97.86,0.0039,1
2228,2010-08-09,30.679,78.348,Uttarakhand,GLC,NASA COOLR,24.92,62.81,104.28,356.72,524.55,0.92,1.0322,992.93,53.16,14.68,-0.000149,1
2229,2010-08-09,30.515,78.368,Uttarakhand,GLC,NASA COOLR,24.92,62.81,104.28,356.72,524.55,0.92,1.0322,853.03,36.91,120.58,0.005986,1
2241,2010-08-13,30.802,78.618,Uttarakhand,GLC,NASA COOLR,21.73,26.54,84.49,269.84,412.95,0.89,1.1057,1654.12,44.21,46.33,-0.010504,1
2257,2010-08-16,30.728,79.497,Uttarakhand,GLC,NASA COOLR,3.6,12.12,49.38,126.37,415.3,0.84,0.6019,3051.83,19.87,303.88,0.000211,1
2268,2010-08-18,30.013,79.926,Uttarakhand,GLC,NASA COOLR,34.17,38.52,59.11,129.18,370.47,0.91,1.294,1717.97,34.27,141.75,0.001221,1
2290,2010-08-20,30.651,79.026,Uttarakhand,GLC,NASA COOLR,9.65,93.78,116.73,238.53,592.43,0.95,1.002,1983.27,28.46,306.0,0.002773,1
2291,2010-08-20,30.966,78.415,Uttarakhand,GLC,NASA COOLR,5.92,60.66,74.91,160.05,398.07,0.92,0.7705,2506.69,50.86,297.51,0.003419,1
2292,2010-08-20,30.818,78.619,Uttarakhand,GLC,NASA COOLR,6.11,63.47,78.99,169.12,418.28,0.91,1.2423,1600.64,33.5,102.49,-0.006905,1
2293,2010-08-20,30.722,78.644,Uttarakhand,GLC,NASA COOLR,9.65,93.78,116.73,238.53,592.43,0.95,1.002,3274.87,44.04,326.73,-0.005992,1
2294,2010-08-20,30.385,78.837,Uttarakhand,GLC,NASA COOLR,9.65,93.78,116.73,238.53,592.43,0.95,1.002,2170.86,7.55,183.41,0.000989,1
2309,2010-08-22,30.424,79.672,Uttarakhand,GLC,NASA COOLR,11.6,55.96,116.68,199.84,438.65,0.89,1.1791,5067.3,49.82,105.88,-0.012969,1
2339,2010-08-26,30.365,78.064,Uttarakhand,GLC,NASA COOLR,25.84,104.23,200.19,328.48,692.02,0.96,1.1914,778.81,4.73,280.36,-0.006475,1
2378,2010-09-03,30.135,78.39,Uttarakhand,GLC,NASA COOLR,22.13,90.44,149.93,366.19,620.13,0.96,1.5571,375.07,5.47,44.89,-0.000255,1
2379,2010-09-03,30.285,78.983,Uttarakhand,GLC,NASA COOLR,20.33,86.83,149.99,362.5,608.54,0.98,1.5829,656.91,20.85,185.84,0.006125,1
2380,2010-09-03,30.401,79.028,Uttarakhand,GLC,NASA COOLR,20.33,86.83,149.99,362.5,608.54,0.98,1.5829,1014.66,16.82,108.31,0.00439,1
2389,2010-09-04,30.5,79.389,Uttarakhand,GLC,NASA COOLR,16.2,53.24,116.35,268.2,428.31,0.95,1.9696,2146.49,34.28,234.25,0.007966,1
2390,2010-09-04,30.796,78.623,Uttarakhand,GLC,NASA COOLR,11.7,44.92,108.09,260.76,429.88,0.96,1.8608,1880.68,22.68,237.86,0.004191,1
2391,2010-09-04,30.899,78.34,Uttarakhand,GLC,NASA COOLR,12.86,43.03,103.13,249.49,409.54,0.95,1.2729,1785.4,42.07,173.07,0.000549,1
2416,2010-09-12,30.733,78.44,Uttarakhand,GLC,NASA COOLR,13.81,44.47,118.09,303.87,642.93,0.97,1.6221,1437.46,43.79,1.27,0.004055,1
2440,2010-09-17,30.754,79.5,Uttarakhand,GLC,NASA COOLR,10.58,29.47,53.98,108.45,244.83,0.87,2.5029,3151.14,10.47,246.14,0.000141,1
2443,2010-09-18,29.604,79.534,Uttarakhand,GLC,NASA COOLR,53.49,131.47,184.77,322.21,700.53,0.98,2.0501,1770.01,25.77,291.16,-0.00011,1
2444,2010-09-18,29.296,79.54,Uttarakhand,GLC,NASA COOLR,53.49,131.47,184.77,322.21,700.53,0.98,2.0501,644.41,21.66,126.24,0.001896,1
2445,2010-09-18,30.145,78.601,Uttarakhand,GLC,NASA COOLR,42.57,119.47,170.99,333.67,714.41,0.98,2.0082,473.82,40.54,345.02,-0.00259,1
2455,2010-09-19,30.104,78.427,Uttarakhand,GLC,NASA COOLR,91.15,167.71,244.04,381.44,762.46,0.99,2.1283,697.69,38.14,39.64,0.002112,1
2456,2010-09-19,30.799,79.436,Uttarakhand,GLC,NASA COOLR,29.35,64.94,93.64,145.48,286.26,0.9,2.9724,4149.6,26.91,339.74,-0.018044,1
2458,2010-09-19,30.902,78.776,Uttarakhand,GLC,NASA COOLR,56.47,116.35,168.45,276.01,536.77,0.98,2.2301,5236.27,28.35,263.27,-0.003972,1
2459,2010-09-19,29.548,79.321,Uttarakhand,GLC,NASA COOLR,68.23,167.47,233.79,360.91,739.89,0.99,2.156,840.22,24.21,192.8,0.008082,1
2470,2010-09-19,30.433,78.077,Uttarakhand,GLC,NASA COOLR,81.28,157.38,230.76,366.06,724.34,0.99,2.1629,1441.0,23.03,268.08,-0.013977,1
2471,2010-09-19,29.791,80.058,Uttarakhand,GLC,NASA COOLR,35.55,111.4,157.96,244.21,488.74,0.97,2.246,1446.81,22.13,246.48,0.0025,1
2453,2010-09-19,29.613,79.494,Uttarakhand,GLC,NASA COOLR,68.23,167.47,233.79,360.91,739.89,0.99,2.156,1705.07,30.79,100.43,0.008899,1
2454,2010-09-19,30.901,79.532,Uttarakhand,GLC,NASA COOLR,29.35,64.94,93.64,145.48,286.26,0.9,2.9724,5843.71,45.6,102.95,-0.016862,1
2476,2010-09-20,29.338,79.484,Uttarakhand,GLC,NASA COOLR,8.65,130.37,227.29,347.31,707.34,0.98,2.0362,1239.92,28.36,137.59,-0.003056,1
2478,2010-09-20,30.733,78.44,Uttarakhand,GLC,NASA COOLR,1.71,136.33,228.82,361.89,716.27,0.98,2.0836,1437.46,43.79,1.27,0.004055,1
3141,2011-02-23,30.475,79.229,Uttarakhand,GLC,NASA COOLR,0.0,0.06,0.72,22.51,31.47,0.68,1.2837,2921.26,41.18,9.15,0.001824,1
3558,2011-05-31,30.921,78.328,Uttarakhand,GLC,NASA COOLR,9.92,26.67,58.15,63.75,75.41,0.66,1.3753,2360.62,38.51,68.46,0.002259,1
3559,2011-05-31,30.478,78.274,Uttarakhand,GLC,NASA COOLR,10.01,30.78,68.93,76.15,90.05,0.59,1.6054,2259.5,32.74,55.41,0.003885,1
3577,2011-06-07,30.532,79.354,Uttarakhand,GLC,NASA COOLR,1.77,14.76,28.51,86.23,95.68,0.64,1.3273,2688.4,41.29,142.02,-0.00706,1
3578,2011-06-07,30.241,78.908,Uttarakhand,GLC,NASA COOLR,2.17,16.47,42.51,103.91,116.64,0.56,1.0866,800.14,37.32,179.01,-0.000533,1
3668,2011-06-29,29.607,79.93,Uttarakhand,GLC,NASA COOLR,62.16,102.51,136.61,153.96,222.01,0.9,1.7899,1713.22,28.59,103.49,0.000857,1
3669,2011-06-29,30.767,78.796,Uttarakhand,GLC,NASA COOLR,13.13,22.12,92.85,126.36,214.57,0.83,1.6278,3830.04,30.23,199.44,-0.000293,1
3670,2011-06-29,30.676,79.042,Uttarakhand,GLC,NASA COOLR,20.91,31.69,122.73,171.75,274.2,0.88,1.6357,2442.35,48.36,3.65,0.007017,1
3671,2011-06-29,30.815,78.224,Uttarakhand,GLC,NASA COOLR,12.67,20.58,85.78,118.69,200.19,0.8,1.2552,1342.88,19.94,221.34,-0.002232,1
3673,2011-06-29,30.242,78.9,Uttarakhand,GLC,NASA COOLR,19.47,27.06,113.47,160.99,259.69,0.79,1.4707,637.22,34.03,147.56,-0.001892,1
3674,2011-06-29,30.067,79.019,Uttarakhand,GLC,NASA COOLR,19.47,27.06,113.47,160.99,259.69,0.79,1.4707,2176.62,32.61,344.58,0.014774,1
3678,2011-06-30,30.15,78.775,Uttarakhand,GLC,NASA COOLR,46.98,71.26,146.92,202.65,301.3,0.87,2.0566,1640.66,27.72,106.96,-0.000963,1
3737,2011-07-06,30.321,78.032,Uttarakhand,GLC,NASA COOLR,33.56,71.18,103.01,217.12,313.45,0.88,1.9509,655.0,4.92,346.12,-0.002953,1
3746,2011-07-08,30.651,79.519,Uttarakhand,GLC,NASA COOLR,1.5,29.85,55.09,173.07,253.51,0.8,1.1771,2241.42,12.44,98.79,0.001929,1
3749,2011-07-09,30.741,79.493,Uttarakhand,GLC,NASA COOLR,6.04,11.87,60.94,162.45,243.41,0.81,1.2091,3088.97,13.93,293.99,0.001275,1
3750,2011-07-09,30.765,78.593,Uttarakhand,GLC,NASA COOLR,8.67,16.28,68.05,146.74,239.21,0.84,1.3204,1407.66,1.33,349.73,0.000171,1
3751,2011-07-09,30.733,79.069,Uttarakhand,GLC,NASA COOLR,6.04,11.87,60.94,162.45,243.41,0.81,1.2091,3544.05,30.66,279.94,0.008508,1
3752,2011-07-09,31.019,78.413,Uttarakhand,GLC,NASA COOLR,7.4,13.85,64.38,136.06,223.42,0.82,1.0774,3256.31,43.8,27.88,0.000398,1
3757,2011-07-10,30.733,78.44,Uttarakhand,GLC,NASA COOLR,18.9,30.58,111.59,211.4,337.56,0.92,1.5031,1437.46,43.79,1.27,0.004055,1
3759,2011-07-11,30.506,79.113,Uttarakhand,GLC,NASA COOLR,4.67,27.47,82.35,156.16,253.08,0.81,1.0862,1974.57,8.59,49.99,-8.3e-05,1
3819,2011-07-21,30.404,79.332,Uttarakhand,GLC,NASA COOLR,3.31,49.89,109.6,161.66,339.31,0.84,1.0406,1087.05,6.58,223.76,-0.002249,1
3820,2011-07-21,30.167,78.112,Uttarakhand,GLC,NASA COOLR,5.37,70.18,162.89,230.74,459.71,0.83,1.3613,466.45,1.04,307.15,0.000822,1
3821,2011-07-21,29.733,79.637,Uttarakhand,GLC,NASA COOLR,8.12,46.77,147.49,248.26,553.83,0.89,1.3223,1556.95,23.22,352.56,0.000619,1
3859,2011-07-29,30.012,78.197,Uttarakhand,GLC,NASA COOLR,8.04,86.88,122.43,291.87,481.74,0.87,1.3609,353.43,2.2,195.16,-0.000953,1
3899,2011-08-08,30.226,78.376,Uttarakhand,GLC,NASA COOLR,0.75,12.03,59.14,201.35,446.64,0.87,1.0756,1014.28,29.69,321.86,-0.005896,1
3900,2011-08-08,30.652,79.557,Uttarakhand,GLC,NASA COOLR,1.11,3.82,40.96,141.08,318.15,0.85,0.8766,3450.31,6.34,193.72,-0.004533,1
3905,2011-08-10,30.283,78.304,Uttarakhand,GLC,NASA COOLR,5.26,10.01,54.07,199.99,419.7,0.9,0.777,1688.58,39.97,325.68,-0.015457,1
3913,2011-08-12,29.912,78.172,Uttarakhand,GLC,NASA COOLR,9.96,25.21,40.32,144.53,444.69,0.87,0.9772,285.58,2.17,343.3,-0.002528,1
3914,2011-08-12,28.867,79.568,Uttarakhand,GLC,NASA COOLR,16.85,31.87,47.64,128.72,319.64,0.83,0.96,205.53,2.3,251.25,-0.002082,1
4090,2011-12-10,29.913,79.353,Uttarakhand,GLC,NASA COOLR,0.0,3.48,3.62,3.62,3.62,0.64,0.8454,1018.46,13.76,322.89,0.007487,1
4240,2012-03-04,29.58,80.212,Uttarakhand,GLC,NASA COOLR,0.09,0.09,0.09,0.09,2.2,0.58,0.217,1528.22,7.18,22.94,0.00665,1
4445,2012-07-05,30.128,78.322,Uttarakhand,GLC,NASA COOLR,0.17,24.26,64.65,104.75,109.29,0.42,-0.8468,422.92,6.41,4.2,0.00505,1
6310,2012-08-06,30.488,78.037,Uttarakhand,GLC,NASA COOLR,0.03,62.45,130.08,239.02,367.49,0.81,-0.1494,1277.82,30.38,160.84,0.012982,1
4472,2012-08-14,30.736,78.44,Uttarakhand,GLC,NASA COOLR,22.44,42.58,100.35,253.44,411.73,0.93,0.7308,1662.54,25.65,25.22,-0.011653,1
4481,2012-08-17,30.659,79.561,Uttarakhand,GLC,NASA COOLR,21.94,49.22,94.13,209.01,329.0,0.86,0.8215,3396.37,45.68,238.34,-0.003467,1
4487,2012-08-17,30.618,78.323,Uttarakhand,GLC,NASA COOLR,35.39,81.68,146.94,310.83,470.12,0.92,0.802,881.58,46.18,17.07,0.002086,1
4551,2012-09-14,29.841,79.776,Uttarakhand,GLC,NASA COOLR,10.09,28.12,39.13,73.02,223.12,0.86,1.1199,881.12,1.75,299.97,0.000108,1
4550,2012-09-14,30.285,78.983,Uttarakhand,GLC,NASA COOLR,22.52,77.03,105.32,158.69,444.76,0.97,1.7491,656.91,20.85,185.84,0.006125,1
4914,2013-06-13,30.739,78.531,Uttarakhand,GLC,NASA COOLR,60.54,87.48,106.93,120.78,122.19,0.82,1.6899,1301.52,3.59,180.38,-0.0022,1
4928,2013-06-16,30.462,79.077,Uttarakhand,GLC,NASA COOLR,116.18,191.89,260.12,271.19,278.94,0.93,2.8143,1020.84,39.52,273.72,0.005827,1
4929,2013-06-16,30.495,78.388,Uttarakhand,GLC,NASA COOLR,158.4,294.73,390.77,401.08,410.15,0.96,2.9393,935.3,30.78,117.75,-0.000309,1
4930,2013-06-16,30.885,78.67,Uttarakhand,GLC,NASA COOLR,119.62,239.74,312.27,320.16,327.52,0.93,2.6672,1826.57,31.04,20.22,0.012327,1
4931,2013-06-16,29.799,80.417,Uttarakhand,GLC,NASA COOLR,16.06,20.82,42.93,59.39,65.96,0.62,1.2871,769.86,39.35,347.91,0.005484,1
4924,2013-06-17,30.735,79.067,Uttarakhand,GLC,NASA COOLR,57.07,228.69,303.23,328.26,336.01,0.91,2.6617,3547.79,2.66,347.7,0.00333,1
4936,2013-06-17,30.695,79.054,Uttarakhand,GLC,NASA COOLR,92.71,364.97,481.23,506.51,515.94,0.94,2.2192,2790.67,34.65,25.04,-0.006785,1
4940,2013-06-17,30.307,78.017,Uttarakhand,GLC,NASA COOLR,87.77,352.92,463.42,488.85,497.92,0.93,2.7365,624.92,4.8,258.44,0.005684,1
4943,2013-06-17,29.599,79.659,Uttarakhand,GLC,NASA COOLR,58.3,193.41,253.36,292.24,306.46,0.9,2.9908,1584.88,12.4,187.56,0.002528,1
4949,2013-06-18,30.38,78.502,Uttarakhand,GLC,NASA COOLR,2.13,254.0,459.51,508.14,518.07,0.87,1.7757,886.58,32.13,198.13,0.002083,1
4966,2013-06-19,29.594,79.681,Uttarakhand,GLC,NASA COOLR,1.01,66.24,233.83,299.43,314.4,0.78,2.0935,1245.96,9.72,173.89,-0.006319,1
4978,2013-06-24,30.454,78.391,Uttarakhand,GLC,NASA COOLR,43.31,82.44,84.38,562.92,582.3,0.88,2.2067,1120.37,17.43,69.99,-0.000622,1
4974,2013-06-24,30.409,79.058,Uttarakhand,GLC,NASA COOLR,39.59,80.54,82.83,578.28,598.77,0.91,1.8495,885.47,35.22,221.59,-0.012673,1
4975,2013-06-25,30.252,78.923,Uttarakhand,GLC,NASA COOLR,42.31,96.05,123.01,606.37,641.08,0.94,2.0737,700.56,34.55,68.06,0.006153,1
5022,2013-07-04,29.58,80.221,Uttarakhand,GLC,NASA COOLR,1.14,10.42,32.27,276.32,471.85,0.86,1.2635,1537.34,14.84,312.29,0.001456,1
5023,2013-07-04,30.071,80.239,Uttarakhand,GLC,NASA COOLR,0.72,9.99,28.86,180.58,362.51,0.83,1.6492,2062.42,12.98,120.99,0.003791,1
5024,2013-07-04,30.172,80.858,Uttarakhand,GLC,NASA COOLR,0.51,7.65,21.5,135.94,219.95,0.74,1.6144,3218.06,33.84,124.84,-0.005854,1
5068,2013-07-10,30.363,79.214,Uttarakhand,GLC,NASA COOLR,2.64,28.23,90.72,139.12,548.19,0.86,1.5928,1646.36,16.91,95.27,0.0106,1
5086,2013-07-12,29.38,79.463,Uttarakhand,GLC,NASA COOLR,4.75,27.56,173.69,216.28,655.49,0.89,1.7327,1946.41,14.39,164.98,-0.000794,1
5088,2013-07-12,29.38,79.463,Uttarakhand,GLC,NASA COOLR,4.75,27.56,173.69,216.28,655.49,0.89,1.7327,1946.41,14.39,164.98,-0.000794,1
5129,2013-07-18,30.404,79.331,Uttarakhand,GLC,NASA COOLR,7.0,51.91,71.87,167.58,318.39,0.89,1.6047,1065.92,32.15,285.72,-0.014132,1
5130,2013-07-18,30.731,78.435,Uttarakhand,GLC,NASA COOLR,8.45,64.93,96.46,210.25,390.3,0.91,1.5884,1106.0,33.28,316.79,0.051146,1
5139,2013-07-19,30.072,80.237,Uttarakhand,GLC,NASA COOLR,15.67,54.33,89.61,218.07,398.65,0.91,1.6121,2093.43,16.79,114.53,0.000224,1
5176,2013-07-23,30.194,79.194,Uttarakhand,GLC,NASA COOLR,1.8,58.58,156.95,237.16,531.71,0.96,1.2092,1697.43,30.29,334.66,-0.018314,1
5177,2013-07-23,30.29,79.151,Uttarakhand,GLC,NASA COOLR,1.35,40.62,102.63,159.95,362.23,0.9,1.6009,807.05,7.66,215.87,3.8e-05,1
5178,2013-07-24,30.461,79.477,Uttarakhand,GLC,NASA COOLR,15.7,26.23,96.52,169.02,342.6,0.92,1.7763,2463.8,24.82,234.31,0.006893,1
5179,2013-07-24,30.262,79.219,Uttarakhand,GLC,NASA COOLR,15.7,26.23,96.52,169.02,342.6,0.92,1.7763,839.85,33.94,320.57,0.003302,1
5181,2013-07-24,30.273,79.233,Uttarakhand,GLC,NASA COOLR,15.7,26.23,96.52,169.02,342.6,0.92,1.7763,1050.79,43.28,194.87,-0.011462,1
5182,2013-07-24,30.301,79.363,Uttarakhand,GLC,NASA COOLR,15.7,26.23,96.52,169.02,342.6,0.92,1.7763,1032.8,18.48,150.8,0.009099,1
5183,2013-07-24,30.306,79.329,Uttarakhand,GLC,NASA COOLR,15.7,26.23,96.52,169.02,342.6,0.92,1.7763,949.57,5.83,168.12,-0.003367,1
5184,2013-07-24,30.906,78.091,Uttarakhand,GLC,NASA COOLR,13.91,21.36,81.91,152.74,292.75,0.94,1.6429,1538.77,19.13,62.7,0.003055,1
5195,2013-07-25,30.404,79.328,Uttarakhand,GLC,NASA COOLR,5.77,22.82,95.29,172.15,311.27,0.91,1.6628,1012.86,55.45,94.36,0.015151,1
5196,2013-07-25,30.893,78.48,Uttarakhand,GLC,NASA COOLR,1.54,17.56,82.59,167.13,302.54,0.94,1.924,3566.05,31.93,36.43,0.001289,1
5197,2013-07-25,30.82,78.619,Uttarakhand,GLC,NASA COOLR,1.54,17.56,82.59,167.13,302.54,0.94,1.924,1566.53,14.9,83.3,0.011825,1
5198,2013-07-25,30.893,78.48,Uttarakhand,GLC,NASA COOLR,1.54,17.56,82.59,167.13,302.54,0.94,1.924,3566.05,31.93,36.43,0.001289,1
5199,2013-07-25,30.787,78.617,Uttarakhand,GLC,NASA COOLR,1.54,17.56,82.59,167.13,302.54,0.94,1.924,1527.4,31.7,131.24,-0.002957,1
5208,2013-07-26,30.284,79.25,Uttarakhand,GLC,NASA COOLR,1.45,22.92,79.8,168.61,308.05,0.9,1.5523,857.78,35.72,251.34,0.00503,1
5209,2013-07-26,30.654,78.337,Uttarakhand,GLC,NASA COOLR,1.04,25.6,94.52,213.45,387.83,0.91,1.3121,996.94,37.34,30.2,-0.017807,1
5215,2013-07-27,30.452,78.754,Uttarakhand,GLC,NASA COOLR,2.09,8.34,82.42,231.18,407.7,0.94,1.1568,2025.68,19.88,31.56,0.000584,1
5224,2013-07-28,29.996,80.201,Uttarakhand,GLC,NASA COOLR,14.7,19.55,77.02,204.52,357.45,0.93,1.5987,2051.63,52.64,351.04,0.014129,1
5225,2013-07-28,30.819,78.615,Uttarakhand,GLC,NASA COOLR,19.65,21.44,44.48,171.88,305.1,0.93,1.792,1760.38,23.77,106.7,-0.002285,1
5240,2013-07-31,30.382,78.095,Uttarakhand,GLC,NASA COOLR,24.14,49.02,82.37,228.98,424.11,0.95,1.551,828.64,23.99,262.94,0.022109,1
5241,2013-07-31,29.595,79.663,Uttarakhand,GLC,NASA COOLR,18.81,42.35,96.7,308.51,548.91,0.94,1.4885,1457.83,17.44,42.23,0.00027,1
5285,2013-08-05,29.566,80.366,Uttarakhand,GLC,NASA COOLR,9.38,21.01,44.2,145.29,394.77,0.9,1.68,554.96,9.59,19.1,0.00596,1
5320,2013-08-13,30.601,78.345,Uttarakhand,GLC,NASA COOLR,23.95,51.88,102.11,285.7,519.8,0.97,1.5162,1655.19,19.18,287.13,0.002227,1
5346,2013-08-17,31.034,78.725,Uttarakhand,GLC,NASA COOLR,20.72,41.8,88.17,229.67,379.89,0.96,2.1859,2507.87,34.37,222.51,0.002198,1
5347,2013-08-17,30.729,78.44,Uttarakhand,GLC,NASA COOLR,28.74,59.6,124.47,317.08,539.89,0.98,1.5648,1122.26,5.34,236.02,0.001009,1
5358,2013-08-18,30.664,78.057,Uttarakhand,GLC,NASA COOLR,2.62,41.26,100.51,264.67,487.79,0.96,1.2603,876.51,41.48,14.15,0.024693,1
5359,2013-08-18,30.742,78.454,Uttarakhand,GLC,NASA COOLR,2.33,42.41,108.1,281.27,519.71,0.96,1.2068,1198.61,20.82,86.68,-0.005517,1
5360,2013-08-18,30.364,79.316,Uttarakhand,GLC,NASA COOLR,2.24,26.45,73.51,178.08,344.63,0.93,1.6987,989.07,25.69,299.64,0.00032,1
5361,2013-08-18,31.083,78.066,Uttarakhand,GLC,NASA COOLR,1.9,28.05,72.06,188.93,341.24,0.94,1.0626,2212.74,14.54,179.02,0.003732,1
5365,2013-08-20,30.629,78.33,Uttarakhand,GLC,NASA COOLR,13.34,19.02,81.67,222.65,447.44,0.96,1.2165,956.97,35.55,57.61,0.010271,1
5410,2013-08-28,29.953,78.151,Uttarakhand,GLC,NASA COOLR,7.07,24.06,39.19,146.79,434.52,0.91,1.0735,312.97,15.18,23.0,0.004059,1
5567,2013-09-30,30.6,78.315,Uttarakhand,GLC,NASA COOLR,7.21,16.05,31.8,46.27,133.6,0.88,0.9704,909.82,5.91,73.53,0.018141,1
5608,2013-10-16,30.535,79.085,Uttarakhand,GLC,NASA COOLR,0.36,0.36,5.43,17.43,55.03,0.83,1.5813,1408.62,21.86,120.94,0.002189,1
5611,2013-10-18,30.535,79.085,Uttarakhand,GLC,NASA COOLR,0.03,0.39,0.57,13.42,55.06,0.83,1.6099,1408.62,21.86,120.94,0.002189,1
6162,2014-07-19,30.431,78.08,Uttarakhand,GLC,NASA COOLR,19.59,47.41,133.06,169.22,203.13,0.79,0.5119,1485.96,26.63,249.46,0.007507,1
6167,2014-07-20,30.633,78.995,Uttarakhand,GLC,NASA COOLR,10.51,48.53,115.02,189.06,225.63,0.84,0.3091,1904.42,13.55,108.02,0.001358,1
6177,2014-07-24,29.159,79.146,Uttarakhand,GLC,NASA COOLR,3.88,15.39,144.47,200.83,275.95,0.6,-0.2398,231.59,1.15,60.51,-0.002741,1
6184,2014-07-28,29.583,80.218,Uttarakhand,GLC,NASA COOLR,34.95,65.07,109.57,364.98,438.22,0.96,1.1523,1562.92,11.81,69.77,0.002859,1
6510,2014-08-15,30.118,78.747,Uttarakhand,GLC,NASA COOLR,77.74,114.15,159.41,327.55,488.85,0.95,1.1367,1464.73,11.26,237.6,0.002364,1
6525,2014-08-18,30.994,78.459,Uttarakhand,GLC,NASA COOLR,3.46,14.59,112.61,222.45,322.6,0.87,0.6209,3042.3,48.6,31.39,0.007409,1
6341,2014-09-11,30.688,79.048,Uttarakhand,GLC,NASA COOLR,4.66,9.21,49.19,81.27,251.57,0.88,0.0768,2665.49,38.58,51.5,0.010308,1
6928,2015-03-31,30.615,79.81,Uttarakhand,GLC,NASA COOLR,0.39,32.27,33.11,33.2,105.95,0.73,1.9405,2756.59,47.4,46.91,0.008618,1
7111,2015-04-28,30.563,79.577,Uttarakhand,GLC,NASA COOLR,1.06,2.35,2.76,14.89,61.85,0.61,1.4352,1476.77,36.8,268.42,0.016502,1
7110,2015-04-30,30.557,79.554,Uttarakhand,GLC,NASA COOLR,1.82,2.92,4.62,9.36,44.09,0.59,1.2394,1882.73,18.59,157.44,0.000564,1
6947,2015-06-21,30.026,78.628,Uttarakhand,GLC,NASA COOLR,5.63,18.78,23.36,28.91,30.82,0.53,0.0996,514.69,50.01,280.76,-0.00173,1
7012,2015-06-25,30.684,79.048,Uttarakhand,GLC,NASA COOLR,25.46,29.94,48.35,55.71,57.69,0.74,0.7418,2486.18,18.01,1.89,-0.002477,1
7084,2015-07-06,29.393,79.453,Uttarakhand,GLC,NASA COOLR,42.12,59.38,101.53,274.32,307.15,0.82,1.6513,1985.93,16.78,20.34,-0.000572,1
7159,2015-07-10,29.391,79.455,Uttarakhand,GLC,NASA COOLR,36.45,61.82,134.01,275.61,381.74,0.85,1.586,1941.53,3.27,283.25,0.004002,1
7160,2015-07-11,30.38,78.486,Uttarakhand,GLC,NASA COOLR,39.29,84.47,157.46,234.15,294.28,0.93,1.5343,903.09,40.25,187.29,0.002898,1
7161,2015-07-11,30.241,78.9,Uttarakhand,GLC,NASA COOLR,66.14,110.05,191.6,280.78,357.11,0.92,1.7951,716.41,49.82,157.63,-0.009261,1
7224,2015-07-19,30.73,78.438,Uttarakhand,GLC,NASA COOLR,0.64,11.66,57.37,228.45,348.13,0.86,0.553,1120.9,14.2,339.56,0.007842,1
7227,2015-07-19,30.071,80.236,Uttarakhand,GLC,NASA COOLR,0.97,5.4,17.91,128.57,276.19,0.78,0.5461,2118.94,10.99,166.63,0.002257,1
7270,2015-07-24,29.586,80.219,Uttarakhand,GLC,NASA COOLR,19.15,33.55,40.58,140.07,424.39,0.91,0.779,1664.93,11.52,126.33,-0.005919,1
7294,2015-07-24,30.453,78.105,Uttarakhand,GLC,NASA COOLR,1.04,7.13,35.72,240.07,419.96,0.82,0.5544,2105.28,38.27,1.02,-0.001263,1
7295,2015-07-24,30.452,78.144,Uttarakhand,GLC,NASA COOLR,1.04,7.13,35.72,240.07,419.96,0.82,0.5544,2330.3,9.87,22.65,-0.02963,1
7296,2015-07-24,30.416,78.342,Uttarakhand,GLC,NASA COOLR,1.04,7.13,35.72,240.07,419.96,0.82,0.5544,2342.46,21.45,279.39,0.001532,1
7273,2015-07-26,30.241,78.901,Uttarakhand,GLC,NASA COOLR,6.7,43.95,64.78,135.93,416.71,0.86,0.6236,696.32,42.47,164.38,-0.010316,1
7297,2015-07-28,30.72,79.076,Uttarakhand,GLC,NASA COOLR,2.94,12.66,43.17,67.82,238.38,0.8,0.4637,3614.75,37.2,298.59,-0.002339,1
7391,2015-08-01,31.036,78.858,Uttarakhand,GLC,NASA COOLR,14.8,30.04,47.78,82.24,253.76,0.85,0.6933,2799.22,51.52,326.53,-0.006694,1
7308,2015-08-15,30.911,78.681,Uttarakhand,GLC,NASA COOLR,9.84,16.63,31.94,106.5,178.47,0.85,0.3556,1979.78,38.59,252.22,-0.00756,1
7309,2015-08-15,30.786,78.616,Uttarakhand,GLC,NASA COOLR,9.84,16.63,31.94,106.5,178.47,0.85,0.3556,1538.25,28.5,31.48,0.000389,1
7310,2015-08-15,30.909,78.33,Uttarakhand,GLC,NASA COOLR,14.48,24.14,44.91,139.42,247.79,0.93,1.0013,1799.58,39.21,88.69,-0.002674,1
7311,2015-08-15,30.649,79.527,Uttarakhand,GLC,NASA COOLR,8.16,14.53,30.93,95.45,165.72,0.82,0.3628,2105.33,34.4,151.67,-0.000169,1
9314,2016-05-22,30.306,78.065,Uttarakhand,GLC,NASA COOLR,1.53,1.88,1.88,18.14,35.45,0.36,-0.0146,653.87,9.67,232.61,0.006126,1
9318,2016-05-23,30.701,77.864,Uttarakhand,GLC,NASA COOLR,5.11,6.74,6.99,23.08,40.51,0.39,0.2373,2119.63,34.95,20.76,-0.00781,1
8032,2016-06-29,30.33,79.321,Uttarakhand,GLC,NASA COOLR,0.31,0.64,1.35,36.75,53.29,0.52,-0.7921,959.17,27.66,335.67,-0.000552,1
8367,2016-07-01,29.8,80.257,Uttarakhand,GLC,NASA COOLR,13.49,19.65,22.43,42.99,81.74,0.63,0.1655,1660.87,21.58,145.56,0.001642,1
9008,2016-07-16,30.335,78.511,Uttarakhand,GLC,NASA COOLR,46.34,65.57,77.47,131.19,168.18,0.87,0.7194,1482.83,20.47,44.93,-0.000788,1
9002,2016-07-16,30.455,78.097,Uttarakhand,GLC,NASA COOLR,52.75,77.91,91.71,149.62,218.09,0.87,1.2782,1952.26,28.66,323.65,0.005058,1
9017,2016-07-17,30.164,78.294,Uttarakhand,GLC,NASA COOLR,54.79,112.18,129.74,162.5,240.17,0.75,0.9045,1145.48,46.07,256.43,-0.006979,1
9020,2016-07-17,29.955,78.168,Uttarakhand,GLC,NASA COOLR,54.79,112.18,129.74,162.5,240.17,0.75,0.9045,308.67,17.17,14.08,0.006631,1
9166,2016-07-18,30.731,78.436,Uttarakhand,GLC,NASA COOLR,15.11,110.23,146.31,173.21,275.01,0.83,0.8614,1149.33,39.64,341.54,-0.000559,1
9258,2016-07-31,30.975,78.438,Uttarakhand,GLC,NASA COOLR,8.29,30.72,49.94,179.31,268.62,0.82,0.2799,2522.29,5.78,305.27,0.00022,1
9449,2016-08-04,30.739,79.495,Uttarakhand,GLC,NASA COOLR,1.03,4.11,40.26,154.99,279.02,0.79,0.1717,3118.66,2.26,187.11,0.000411,1
9448,2016-08-06,29.587,80.215,Uttarakhand,GLC,NASA COOLR,21.38,28.93,59.65,161.41,344.35,0.94,0.9568,1589.44,19.27,159.34,0.002024,1
9849,2016-08-11,30.071,80.237,Uttarakhand,GLC,NASA COOLR,9.13,39.35,68.71,116.36,291.34,0.84,0.6452,2112.26,14.81,129.44,-0.003295,1
9864,2016-08-16,29.351,79.451,Uttarakhand,GLC,NASA COOLR,11.9,21.96,56.86,116.11,333.41,0.87,0.5317,1562.02,18.14,262.22,0.00354,1
9915,2016-08-28,30.922,78.681,Uttarakhand,GLC,NASA COOLR,0.02,5.14,18.79,44.94,167.02,0.82,-0.2713,2031.51,37.99,286.01,-0.016246,1
9912,2016-08-29,30.996,78.936,Uttarakhand,GLC,NASA COOLR,1.64,4.33,13.36,44.0,155.65,0.82,-0.2672,3079.1,36.45,336.79,0.002737,1
10066,2016-09-11,30.597,79.57,Uttarakhand,GLC,NASA COOLR,1.13,1.4,3.25,15.47,52.17,0.66,-1.1857,1648.99,40.57,62.35,0.008797,1
9630,2016-10-04,29.8521,80.553,Uttarakhand,GLC,NASA GLC legacy export,0.04,1.16,2.19,17.67,45.0,0.58,-0.1337,894.05,6.58,162.5,0.003598,1
10068,2017-04-06,30.814,78.618,Uttarakhand,GLC,NASA COOLR,13.58,40.38,40.38,40.42,71.11,0.69,0.6297,1694.83,14.97,104.6,0.000944,1
10069,2017-04-06,30.615,78.316,Uttarakhand,GLC,NASA COOLR,8.22,37.22,37.22,37.22,65.16,0.64,1.5117,905.34,6.51,26.33,-0.005651,1
10070,2017-04-06,31.013,78.884,Uttarakhand,GLC,NASA COOLR,13.58,40.38,40.38,40.42,71.11,0.69,0.6297,3032.94,36.04,2.62,0.014146,1
10073,2017-04-06,30.504,79.488,Uttarakhand,GLC,NASA COOLR,15.39,35.98,35.98,36.39,63.05,0.66,1.4242,1527.33,25.8,282.3,-0.010516,1
9802,2017-05-20,30.565,79.562,Uttarakhand,GLC,NASA COOLR,5.5,18.97,28.08,30.85,43.94,0.6,1.504,1400.76,15.15,0.86,0.013142,1
9809,2017-05-20,30.733,79.492,Uttarakhand,GLC,NASA COOLR,5.5,18.97,28.08,30.85,43.94,0.6,1.504,3076.37,31.37,79.79,4.3e-05,1
9706,2017-06-06,30.336,79.32,Uttarakhand,GLC,NASA COOLR,16.5,17.0,23.02,53.47,86.63,0.6,1.0873,947.99,38.59,297.76,-0.000426,1
10006,2017-07-05,29.889,80.565,Uttarakhand,GLC,NASA COOLR,16.63,35.24,51.71,66.7,103.95,0.66,0.9594,1219.8,44.11,67.85,0.001582,1
10067,2017-07-07,30.241,78.898,Uttarakhand,GLC,NASA COOLR,20.22,61.73,81.93,194.86,254.0,0.8,1.0895,796.62,45.91,142.07,0.00951,1
10071,2017-07-11,30.413,78.084,Uttarakhand,GLC,NASA COOLR,23.65,36.06,82.51,165.68,307.95,0.82,1.1234,1126.61,30.21,342.71,0.000433,1
10866,2017-07-11,29.834,80.269,Uttarakhand,GLC,NASA COOLR,25.35,46.17,135.7,183.91,227.05,0.86,1.4572,1349.92,48.23,94.5,-0.006886,1
10072,2017-07-13,30.239,77.956,Uttarakhand,GLC,NASA COOLR,7.99,67.26,79.23,169.31,306.45,0.66,0.5075,767.96,7.36,26.33,0.00134,1
12881,2017-09-03,30.739,78.374,Uttarakhand,GLC,NASA COOLR,3.11,78.4,126.53,238.9,353.76,0.91,0.6517,1041.75,11.18,1.6,-0.004523,1
13214,2017-12-14,29.42,80.244,Uttarakhand,GLC,NASA COOLR,0.0,6.5,7.27,7.43,7.5,0.63,0.4953,420.05,1.62,283.86,-0.001462,1
12880,2018-04-27,30.741,78.527,Uttarakhand,GLC,NASA COOLR,0.1,0.1,0.18,5.0,43.8,0.45,-0.1251,1280.43,4.46,310.9,-0.006409,1
11317,2018-05-08,30.652,79.52,Uttarakhand,GLC,NASA COOLR,6.75,10.99,18.22,22.39,52.8,0.56,0.9789,2164.14,37.45,123.98,0.003957,1
11513,2018-06-01,30.722,78.445,Uttarakhand,GLC,NASA COOLR,10.96,11.66,12.6,14.73,34.62,0.42,-0.056,1287.32,31.52,282.52,-0.006648,1
14102,2018-08-09,30.821,78.233,Uttarakhand,GLC,NASA COOLR,6.19,32.0,114.7,237.38,363.84,0.93,1.1521,1207.5,2.14,306.98,0.000995,1
14194,2018-08-10,30.04,80.314,Uttarakhand,GLC,NASA COOLR,0.96,2.21,41.12,89.7,175.73,0.72,0.5641,1319.44,53.83,292.37,-0.012583,1
14081,2018-08-11,30.917,78.684,Uttarakhand,GLC,NASA COOLR,1.84,7.11,64.27,134.87,220.84,0.8,-0.4253,2313.58,37.44,288.25,-0.006013,1
14577,2018-08-18,29.384,79.463,Uttarakhand,GLC,NASA COOLR,4.45,10.51,71.49,180.26,377.87,0.85,0.2868,1938.0,7.62,284.45,0.008399,1
14530,2018-08-25,29.387,79.461,Uttarakhand,GLC,NASA COOLR,33.62,104.46,122.1,199.92,413.99,0.92,1.0375,1938.0,0.0,0.0,0.0,1
12882,2018-08-29,30.359,78.377,Uttarakhand,GLC,NASA COOLR,14.46,36.57,96.46,166.5,440.98,0.94,0.9619,1495.77,39.82,22.11,0.001703,1
13796,2018-08-30,30.272,79.45,Uttarakhand,GLC,NASA COOLR,2.89,16.15,67.18,94.97,215.19,0.8,0.0953,1711.06,32.27,195.18,-0.001521,1
14464,2018-09-03,30.291,78.487,Uttarakhand,GLC,NASA COOLR,15.04,26.97,61.73,155.04,332.68,0.91,0.4108,708.7,23.05,25.41,-0.012915,1
14572,2018-09-13,31.019,78.045,Uttarakhand,GLC,NASA COOLR,14.39,32.38,64.51,120.75,271.14,0.94,1.4771,1152.58,13.79,152.7,0.009023,1
13834,2018-12-21,30.517,79.092,Uttarakhand,GLC,NASA COOLR,0.0,0.0,0.0,1.71,1.83,0.44,-0.2931,1299.95,21.51,189.78,0.000705,1
