event_id,event_date,latitude,longitude,state,rainfall_1d,rainfall_3d,rainfall_7d,rainfall_15d,rainfall_30d,soil_moisture,soil_moisture_anomaly,elevation,slope,aspect,curvature,landslide,sample_type
APDA-NEG-00094,2010-04-03,28.0,93.75,Arunachal Pradesh,8.44,23.51,52.38,111.57,117.58,0.72,1.4667,576.05,30.81,45.85,0.021021,0,negative
7910,2015-08-01,24.348,94.115,Manipur,3.7,100.7,118.29,220.65,329.07,0.87,1.5219,1024.64,21.97,187.19,-0.011288,1,positive
7371,2015-08-01,23.994,94.057,Manipur,5.31,82.66,101.37,202.03,310.51,0.86,1.9581,989.16,7.63,159.15,-0.012634,1,positive
APDA-NEG-00454,2013-08-16,32.5,76.875,Himachal Pradesh,23.4,86.42,114.26,238.45,341.46,0.95,3.0,5101.1,32.0,358.76,0.004829,0,negative
APDA-NEG-00976,2007-07-27,25.5,92.5,Meghalaya,20.88,86.34,134.91,245.77,368.93,0.94,2.9333,1063.07,25.33,13.62,-0.014165,0,negative
APDA-NEG-00898,2011-06-28,24.5,93.125,Manipur,13.69,72.4,117.07,181.68,298.53,0.87,2.4667,489.42,31.49,307.92,0.01086,0,negative
4924,2013-06-17,30.735,79.067,Uttarakhand,57.07,228.69,303.23,328.26,336.01,0.91,2.6617,3547.79,2.66,347.7,0.00333,1,positive
4928,2013-06-16,30.462,79.077,Uttarakhand,116.18,191.89,260.12,271.19,278.94,0.93,2.8143,1020.84,39.52,273.72,0.005827,1,positive
APDA-NEG-00102,2013-08-01,28.5,95.625,Arunachal Pradesh,0.46,23.83,37.95,216.83,350.8,0.9,2.6667,2215.04,37.28,283.93,-0.000253,0,negative
APDA-NEG-00230,2014-09-22,27.0,94.375,Assam,17.23,68.81,102.56,225.45,314.66,0.94,2.9333,86.0,0.0,0.0,0.0,0,negative
APDA-NEG-00857,2015-06-19,24.5,93.125,Manipur,5.92,12.23,54.18,194.24,342.73,0.82,2.1333,489.42,31.49,307.92,0.01086,0,negative
5215,2013-07-27,30.452,78.754,Uttarakhand,2.09,8.34,82.42,231.18,407.7,0.94,1.1568,2025.68,19.88,31.56,0.000584,1,positive
APDA-NEG-00786,2015-08-01,25.0,93.125,Manipur,13.93,93.0,107.23,259.26,462.73,0.95,3.0,275.9,30.23,93.66,-0.002097,0,negative
APDA-NEG-01299,2007-09-07,27.15,88.1,Sikkim,42.18,104.01,140.79,202.29,332.25,0.93,2.8667,2395.93,26.81,256.33,0.013169,0,negative
APDA-NEG-00834,2010-10-08,24.0,94.375,Manipur,65.32,120.02,126.11,144.81,212.21,0.88,2.5333,308.07,14.0,233.72,-0.007124,0,negative
APDA-NEG-01329,2010-07-21,27.15,88.1,Sikkim,17.74,87.19,185.76,322.88,555.74,0.94,2.9333,2395.93,26.81,256.33,0.013169,0,negative
APDA-NEG-01327,2010-06-01,27.15,88.1,Sikkim,2.67,17.32,37.48,121.37,185.33,0.59,0.6,2395.93,26.81,256.33,0.013169,0,negative
APDA-NEG-01573,2011-07-21,31.0,79.375,Uttarakhand,1.75,26.87,58.37,83.01,173.69,0.78,1.8667,5085.99,17.29,81.7,0.00088,0,negative
APDA-NEG-01774,2013-07-12,30.5,80.0,Uttarakhand,1.42,8.12,62.21,85.38,282.35,0.79,1.9333,5403.64,16.29,342.16,0.008133,0,negative
APDA-NEG-00670,2013-08-21,32.5,76.875,Himachal Pradesh,8.05,19.39,129.06,203.02,357.33,0.95,3.0,5101.1,32.0,358.76,0.004829,0,negative
APDA-NEG-01494,2015-03-31,30.5,77.5,Uttarakhand,0.0,13.81,13.83,13.93,96.52,0.51,0.0667,425.48,0.38,300.89,0.001817,0,negative
APDA-NEG-01146,2013-08-04,25.5,94.375,Nagaland,9.27,14.56,45.23,93.41,296.08,0.87,2.4667,1690.52,34.92,313.33,-0.003122,0,negative
APDA-NEG-00479,2011-07-15,31.5,78.75,Himachal Pradesh,22.18,31.73,46.59,84.58,176.21,0.8,2.0,4989.8,15.71,68.13,-0.003931,0,negative
APDA-NEG-01345,2011-07-20,27.15,88.7632,Sikkim,13.06,61.35,107.98,206.34,493.9,0.88,2.5333,2635.98,24.27,20.83,-0.003513,0,negative
7264,2015-07-22,25.454,93.983,Manipur,10.3,41.39,117.9,173.9,325.49,0.84,1.3821,1795.96,26.3,268.53,-0.006582,1,positive
APDA-NEG-00995,2015-08-18,26.0,91.25,Meghalaya,25.56,49.37,71.99,119.87,223.78,0.83,2.2,43.29,0.09,114.93,-0.000208,0,negative
APDA-NEG-01740,2013-07-25,30.5,80.0,Uttarakhand,6.72,15.73,63.56,108.41,198.9,0.83,2.2,5403.64,16.29,342.16,0.008133,0,negative
APDA-NEG-00242,2014-09-22,25.5,92.5,Assam,46.97,113.14,185.52,230.78,355.56,0.96,3.0667,1063.07,25.33,13.62,-0.014165,0,negative
APDA-NEG-00549,2013-07-07,32.5,76.875,Himachal Pradesh,14.68,35.18,39.78,67.56,230.0,0.78,1.8667,5101.1,32.0,358.76,0.004829,0,negative
3662,2011-06-28,25.036,94.014,Manipur,12.9,73.66,106.5,169.55,275.16,0.87,1.543,863.33,28.71,225.57,-0.001806,1,positive
APDA-NEG-00435,2010-09-19,32.5,76.875,Himachal Pradesh,13.67,17.45,26.88,102.2,203.32,0.89,2.6,5101.1,32.0,358.76,0.004829,0,negative
APDA-NEG-00458,2010-10-15,32.0,78.125,Himachal Pradesh,0.0,0.0,0.0,1.32,67.2,0.76,1.7333,5347.43,45.52,279.8,-0.005436,0,negative
APDA-NEG-00437,2010-09-19,31.5,78.75,Himachal Pradesh,35.37,69.66,97.85,170.04,325.29,0.92,2.8,4989.8,15.71,68.13,-0.003931,0,negative
APDA-NEG-00494,2015-08-12,32.0,78.125,Himachal Pradesh,3.89,17.15,62.66,122.59,208.3,0.85,2.3333,5347.43,45.52,279.8,-0.005436,0,negative
APDA-NEG-01736,2013-06-17,29.5,78.75,Uttarakhand,63.16,240.74,300.2,327.14,336.92,0.87,2.4667,285.78,7.49,11.54,0.004111,0,negative
APDA-NEG-01698,2015-07-24,29.0,79.375,Uttarakhand,8.12,15.32,21.19,195.91,534.27,0.76,1.7333,215.32,0.43,292.55,0.001399,0,negative
APDA-NEG-00873,2015-08-01,24.5,94.375,Manipur,3.7,100.7,118.29,220.65,329.07,0.87,2.4667,319.22,17.67,30.12,-0.00491,0,negative
APDA-NEG-00809,2010-10-08,24.5,94.375,Manipur,81.19,144.74,150.78,174.12,262.99,0.96,3.0667,319.22,17.67,30.12,-0.00491,0,negative
2135,2010-07-25,32.207,76.364,Himachal Pradesh,1.8,2.67,189.73,256.11,330.25,0.76,1.0141,1315.0,5.19,292.95,-0.005721,1,positive
APDA-NEG-01485,2010-08-26,29.0,79.375,Uttarakhand,14.43,43.53,163.48,248.18,543.93,0.9,2.6667,215.32,0.43,292.55,0.001399,0,negative
798,2008-09-19,31.587,78.315,Himachal Pradesh,19.21,28.32,30.56,49.6,91.86,0.76,0.5671,2795.18,32.44,255.51,0.003555,1,positive
7110,2015-04-30,30.557,79.554,Uttarakhand,1.82,2.92,4.62,9.36,44.09,0.59,1.2394,1882.73,18.59,157.44,0.000564,1,positive
APDA-NEG-01344,2010-06-01,27.15,88.7632,Sikkim,3.63,17.85,37.98,126.28,189.41,0.58,0.5333,2635.98,24.27,20.83,-0.003513,0,negative
2263,2010-08-17,26.275,94.665,Nagaland,17.35,49.71,103.86,133.22,284.05,0.93,1.0756,1145.88,28.69,233.64,-0.00117,1,positive
APDA-NEG-01773,2015-08-15,29.5,80.625,Uttarakhand,4.55,10.65,23.97,55.79,130.14,0.71,1.4,2217.17,32.44,5.59,0.001258,0,negative
2578,2010-10-09,25.318,94.046,Manipur,26.82,107.81,120.26,149.78,258.3,0.94,2.1942,997.19,17.0,271.62,0.00584,1,positive
APDA-NEG-01730,2011-07-10,31.0,79.375,Uttarakhand,7.0,11.63,41.51,80.61,129.72,0.75,1.6667,5085.99,17.29,81.7,0.00088,0,negative
APDA-NEG-00586,2013-06-12,33.0,77.5,Himachal Pradesh,5.39,10.27,10.6,13.29,17.45,0.46,-0.2667,5155.49,22.24,314.26,0.012153,0,negative
APDA-NEG-00881,2015-08-01,24.5,94.375,Manipur,3.7,100.7,118.29,220.65,329.07,0.87,2.4667,319.22,17.67,30.12,-0.00491,0,negative
APDA-NEG-01165,2011-07-01,27.0,95.0,Nagaland,34.96,63.68,73.72,146.98,312.22,0.87,2.4667,117.36,3.0,28.88,0.00233,0,negative
6200,2014-08-17,27.087,93.609,Arunachal Pradesh,4.65,43.69,146.25,235.39,447.42,0.91,0.6013,315.83,3.23,285.01,0.00299,1,positive
7266,2015-07-22,25.51,93.879,Manipur,10.3,41.39,117.9,173.9,325.49,0.84,1.3821,1638.5,3.93,284.64,-0.00352,1,positive
APDA-NEG-00282,2010-06-15,26.5,94.375,Assam,40.07,75.47,135.07,260.58,370.59,0.91,2.7333,307.93,20.68,270.76,-0.012984,0,negative
APDA-NEG-00021,2011-03-22,28.0,93.75,Arunachal Pradesh,0.94,20.88,59.21,66.76,73.33,0.7,1.3333,576.05,30.81,45.85,0.021021,0,negative
7224,2015-07-19,30.73,78.438,Uttarakhand,0.64,11.66,57.37,228.45,348.13,0.86,0.553,1120.9,14.2,339.56,0.007842,1,positive
APDA-NEG-01491,2010-09-03,29.0,79.375,Uttarakhand,28.6,144.07,168.08,360.81,507.38,0.94,2.9333,215.32,0.43,292.55,0.001399,0,negative
3577,2011-06-07,30.532,79.354,Uttarakhand,1.77,14.76,28.51,86.23,95.68,0.64,1.3273,2688.4,41.29,142.02,-0.00706,1,positive
142,2007-07-27,25.521,90.232,Meghalaya,34.65,104.6,170.2,385.05,452.12,0.94,0.9476,576.79,28.02,300.1,-0.00347,1,positive
APDA-NEG-01171,2011-08-18,26.5,94.375,Nagaland,9.91,53.4,132.89,201.75,353.47,0.93,2.8667,307.93,20.68,270.76,-0.012984,0,negative
APDA-NEG-00816,2010-10-08,25.0,93.125,Manipur,86.18,138.2,141.73,190.96,313.55,0.99,3.2667,275.9,30.23,93.66,-0.002097,0,negative
APDA-NEG-00337,2007-08-12,32.5,78.125,Himachal Pradesh,7.75,15.84,25.88,66.16,89.93,0.54,0.2667,5364.12,23.0,184.14,0.001507,0,negative
APDA-NEG-01423,2007-07-30,30.5,77.5,Uttarakhand,53.78,73.54,103.01,186.08,415.1,0.86,2.4,425.48,0.38,300.89,0.001817,0,negative
APDA-NEG-00543,2013-07-07,30.5,76.875,Himachal Pradesh,21.22,30.16,44.26,103.86,368.09,0.65,1.0,298.08,0.59,195.1,0.000987,0,negative
APDA-NEG-01035,2007-07-30,22.5,93.125,Mizoram,0.31,3.17,25.87,143.21,228.9,0.72,1.4667,448.6,33.09,143.87,-0.000616,0,negative
7226,2015-07-18,32.224,76.323,Himachal Pradesh,32.47,106.08,170.29,279.82,362.12,0.84,1.8715,1476.51,14.47,4.81,-0.00121,1,positive
APDA-NEG-01506,2013-07-24,30.5,80.0,Uttarakhand,7.72,17.62,60.91,105.52,226.67,0.83,2.2,5403.64,16.29,342.16,0.008133,0,negative
2243,2010-08-13,25.702,94.046,Nagaland,10.61,13.72,16.8,70.99,191.18,0.84,1.0749,1010.02,13.54,116.04,0.007562,1,positive
APDA-NEG-01529,2011-02-23,31.0,79.375,Uttarakhand,0.0,0.0,0.22,13.91,19.85,0.73,1.5333,5085.99,17.29,81.7,0.00088,0,negative
APDA-NEG-00495,2011-08-13,32.5,76.875,Himachal Pradesh,5.93,49.44,107.81,137.53,246.72,0.86,2.4,5101.1,32.0,358.76,0.004829,0,negative
5224,2013-07-28,29.996,80.201,Uttarakhand,14.7,19.55,77.02,204.52,357.45,0.93,1.5987,2051.63,52.64,351.04,0.014129,1,positive
APDA-NEG-00990,2015-06-13,26.0,90.625,Meghalaya,11.19,106.7,179.72,241.19,414.66,0.8,2.0,62.04,6.07,73.96,0.000375,0,negative
APDA-NEG-00228,2013-10-06,26.5,94.375,Assam,12.27,52.77,59.39,100.92,151.11,0.92,2.8,307.93,20.68,270.76,-0.012984,0,negative
5181,2013-07-24,30.273,79.233,Uttarakhand,15.7,26.23,96.52,169.02,342.6,0.92,1.7763,1050.79,43.28,194.87,-0.011462,1,positive
2137,2010-07-25,30.559,77.289,Himachal Pradesh,6.05,15.81,128.41,188.86,382.47,0.78,0.5698,887.77,10.08,298.15,-0.002344,1,positive
APDA-NEG-01702,2013-08-05,29.5,80.625,Uttarakhand,9.38,21.01,44.2,145.29,394.77,0.9,2.6667,2217.17,32.44,5.59,0.001258,0,negative
6015,2014-05-08,27.903,96.174,Arunachal Pradesh,33.77,55.08,62.54,77.05,98.57,0.73,0.4611,196.5,3.87,201.79,0.003916,1,positive
APDA-NEG-00165,2009-08-20,26.5,94.375,Assam,30.86,57.56,111.63,269.24,420.53,0.93,2.8667,307.93,20.68,270.76,-0.012984,0,negative
3759,2011-07-11,30.506,79.113,Uttarakhand,4.67,27.47,82.35,156.16,253.08,0.81,1.0862,1974.57,8.59,49.99,-8.3e-05,1,positive
APDA-NEG-01173,2013-06-07,25.5,94.375,Nagaland,5.28,14.76,17.93,42.86,159.46,0.77,1.8,1690.52,34.92,313.33,-0.003122,0,negative
APDA-NEG-01461,2010-08-09,29.5,80.625,Uttarakhand,12.1,18.02,37.31,190.96,371.99,0.81,2.0667,2217.17,32.44,5.59,0.001258,0,negative
APDA-NEG-00996,2015-06-16,25.5,90.625,Meghalaya,21.68,50.21,257.7,302.63,495.27,0.95,3.0,263.81,5.53,161.64,-0.002985,0,negative
APDA-NEG-00602,2010-09-19,32.5,76.875,Himachal Pradesh,13.67,17.45,26.88,102.2,203.32,0.89,2.6,5101.1,32.0,358.76,0.004829,0,negative
APDA-NEG-01822,2013-07-12,30.5,77.5,Uttarakhand,2.87,9.3,133.23,188.65,750.5,0.87,2.4667,425.48,0.38,300.89,0.001817,0,negative
APDA-NEG-00902,2013-08-15,24.0,94.375,Manipur,4.48,66.29,77.26,149.17,208.41,0.76,1.7333,308.07,14.0,233.72,-0.007124,0,negative
APDA-NEG-00294,2007-07-19,26.5,94.375,Assam,9.79,33.63,70.03,125.97,230.51,0.81,2.0667,307.93,20.68,270.76,-0.012984,0,negative
APDA-NEG-01008,2010-06-28,25.0,90.625,Meghalaya,32.65,105.46,127.98,231.7,527.9,0.92,2.8,9.45,0.41,97.51,-0.000647,0,negative
APDA-NEG-01338,2007-09-10,27.15,88.1,Sikkim,8.67,19.57,138.33,203.22,341.11,0.91,2.7333,2395.93,26.81,256.33,0.013169,0,negative
4914,2013-06-13,30.739,78.531,Uttarakhand,60.54,87.48,106.93,120.78,122.19,0.82,1.6899,1301.52,3.59,180.38,-0.0022,1,positive
APDA-NEG-01674,2010-09-03,31.0,79.375,Uttarakhand,11.09,38.03,60.49,138.53,230.98,0.86,2.4,5085.99,17.29,81.7,0.00088,0,negative
APDA-NEG-01700,2013-08-18,29.5,78.75,Uttarakhand,3.79,61.41,115.6,246.79,470.03,0.92,2.8,285.78,7.49,11.54,0.004111,0,negative
7676,2015-08-12,32.176,76.308,Himachal Pradesh,16.56,24.51,54.39,81.14,248.86,0.81,0.6999,960.41,16.01,279.12,-0.004855,1,positive
725,2008-08-17,31.1,77.16,Himachal Pradesh,7.29,41.42,182.94,320.47,432.56,0.91,1.8298,1959.45,14.05,22.19,-0.003983,1,positive
APDA-NEG-00993,2015-06-16,25.0,90.625,Meghalaya,17.8,47.82,288.63,325.55,514.31,0.9,2.6667,9.45,0.41,97.51,-0.000647,0,negative
APDA-NEG-00678,2015-07-26,32.5,78.125,Himachal Pradesh,8.18,11.84,24.3,85.76,203.52,0.7,1.3333,5364.12,23.0,184.14,0.001507,0,negative
868,2008-10-29,26.333,91.25,Assam,0.03,26.54,52.6,52.6,115.12,0.7,-0.3813,41.34,0.4,319.39,0.000291,1,positive
APDA-NEG-01608,2009-08-08,31.0,79.375,Uttarakhand,3.02,34.55,38.21,81.62,122.67,0.68,1.2,5085.99,17.29,81.7,0.00088,0,negative
APDA-NEG-00780,2015-08-01,24.5,94.375,Manipur,3.7,100.7,118.29,220.65,329.07,0.87,2.4667,319.22,17.67,30.12,-0.00491,0,negative
APDA-NEG-01688,2010-08-16,29.5,80.625,Uttarakhand,1.98,7.26,32.14,73.45,362.74,0.79,1.9333,2217.17,32.44,5.59,0.001258,0,negative
APDA-NEG-00068,2008-06-14,27.0,94.375,Arunachal Pradesh,37.41,80.01,153.37,262.84,432.09,0.87,2.4667,86.0,0.0,0.0,0.0,0,negative
285,2007-09-29,24.129,92.692,Mizoram,4.42,4.61,5.81,15.48,252.3,0.85,0.2582,833.09,17.16,115.74,0.001875,1,positive
APDA-NEG-01195,2013-08-04,27.0,95.0,Nagaland,7.48,8.99,45.14,158.95,307.96,0.9,2.6667,117.36,3.0,28.88,0.00233,0,negative
APDA-NEG-01470,2011-07-21,31.0,79.375,Uttarakhand,1.75,26.87,58.37,83.01,173.69,0.78,1.8667,5085.99,17.29,81.7,0.00088,0,negative
APDA-NEG-00894,2007-10-19,24.0,93.75,Manipur,4.0,5.15,44.04,96.02,105.53,0.65,1.0,938.27,22.91,215.12,-0.015373,0,negative
APDA-NEG-00660,2011-08-07,32.5,76.875,Himachal Pradesh,12.11,24.27,36.87,91.1,194.63,0.8,2.0,5101.1,32.0,358.76,0.004829,0,negative
APDA-NEG-01438,2013-08-05,29.5,80.625,Uttarakhand,9.38,21.01,44.2,145.29,394.77,0.9,2.6667,2217.17,32.44,5.59,0.001258,0,negative
APDA-NEG-00496,2015-07-26,33.0,77.5,Himachal Pradesh,5.48,8.32,22.33,62.63,148.58,0.67,1.1333,5155.49,22.24,314.26,0.012153,0,negative
APDA-NEG-00215,2013-05-11,27.0,94.375,Assam,12.93,23.68,47.03,149.49,236.04,0.68,1.2,86.0,0.0,0.0,0.0,0,negative
APDA-NEG-00770,2013-05-12,24.0,93.125,Manipur,8.33,52.71,141.9,268.6,322.27,0.81,2.0667,1156.07,10.45,264.05,-0.013664,0,negative
APDA-NEG-01115,2008-08-07,25.5,94.375,Nagaland,0.58,14.37,36.41,94.74,209.37,0.77,1.8,1690.52,34.92,313.33,-0.003122,0,negative
APDA-NEG-01769,2015-08-15,29.0,79.375,Uttarakhand,18.8,25.88,58.82,121.16,171.79,0.77,1.8,215.32,0.43,292.55,0.001399,0,negative
APDA-NEG-01715,2013-10-18,30.5,77.5,Uttarakhand,0.0,0.51,0.77,15.24,67.73,0.77,1.8,425.48,0.38,300.89,0.001817,0,negative
APDA-NEG-01335,2010-08-27,27.15,88.1,Sikkim,32.92,83.7,166.4,347.84,447.01,0.95,3.0,2395.93,26.81,256.33,0.013169,0,negative
APDA-NEG-01677,2013-07-26,30.5,77.5,Uttarakhand,0.73,23.53,92.78,248.64,448.38,0.9,2.6667,425.48,0.38,300.89,0.001817,0,negative
3752,2011-07-09,31.019,78.413,Uttarakhand,7.4,13.85,64.38,136.06,223.42,0.82,1.0774,3256.31,43.8,27.88,0.000398,1,positive
APDA-NEG-00706,2013-06-15,33.0,77.5,Himachal Pradesh,6.25,21.36,31.89,33.99,38.29,0.48,-0.1333,5155.49,22.24,314.26,0.012153,0,negative
APDA-NEG-01537,2011-06-07,31.0,79.375,Uttarakhand,1.77,10.19,19.87,59.24,65.31,0.7,1.3333,5085.99,17.29,81.7,0.00088,0,negative
APDA-NEG-00174,2007-07-19,25.5,90.625,Assam,35.12,78.83,176.15,215.9,316.41,0.96,3.0667,263.81,5.53,161.64,-0.002985,0,negative
APDA-NEG-01766,2015-08-01,29.5,80.625,Uttarakhand,8.45,17.26,20.16,79.69,188.75,0.74,1.6,2217.17,32.44,5.59,0.001258,0,negative
APDA-NEG-01197,2013-08-04,26.0,95.0,Nagaland,20.58,23.57,59.87,134.2,325.91,0.94,2.9333,1150.77,10.47,188.47,-0.011555,0,negative
APDA-NEG-01318,2011-08-25,27.15,88.7632,Sikkim,10.7,78.34,116.28,337.97,547.54,0.94,2.9333,2635.98,24.27,20.83,-0.003513,0,negative
APDA-NEG-01495,2010-09-04,31.0,79.375,Uttarakhand,6.24,24.87,60.2,140.78,232.09,0.86,2.4,5085.99,17.29,81.7,0.00088,0,negative
2574,2010-10-09,25.475,93.148,Assam,26.53,110.95,121.17,153.27,276.74,0.95,2.1076,152.3,3.98,184.35,-0.003305,1,positive
APDA-NEG-01487,2010-09-03,30.5,77.5,Uttarakhand,20.01,76.27,133.14,332.42,591.78,0.96,3.0667,425.48,0.38,300.89,0.001817,0,negative
APDA-NEG-00073,2015-08-16,28.5,95.625,Arunachal Pradesh,26.34,61.38,99.17,209.15,326.27,0.92,2.8,2215.04,37.28,283.93,-0.000253,0,negative
7267,2015-07-22,25.391,94.093,Manipur,16.94,48.02,130.7,184.62,347.16,0.9,1.3677,1305.7,14.1,83.19,-0.001301,1,positive
APDA-NEG-01593,2012-08-06,29.5,80.625,Uttarakhand,2.18,9.45,48.24,125.19,200.01,0.65,1.0,2217.17,32.44,5.59,0.001258,0,negative
APDA-NEG-00814,2013-10-14,24.0,93.75,Manipur,0.49,3.28,16.66,55.03,122.13,0.79,1.9333,938.27,22.91,215.12,-0.015373,0,negative
APDA-NEG-00638,2011-06-29,31.5,78.75,Himachal Pradesh,7.2,14.08,62.13,83.01,149.58,0.76,1.7333,4989.8,15.71,68.13,-0.003931,0,negative
APDA-NEG-01222,2013-08-16,27.0,95.0,Nagaland,36.7,45.85,83.15,219.67,404.03,0.95,3.0,117.36,3.0,28.88,0.00233,0,negative
APDA-NEG-01459,2010-08-05,29.5,78.75,Uttarakhand,17.25,30.01,196.7,270.98,452.02,0.84,2.2667,285.78,7.49,11.54,0.004111,0,negative
APDA-NEG-01727,2014-08-18,29.5,78.75,Uttarakhand,0.02,18.99,93.77,203.72,322.86,0.72,1.4667,285.78,7.49,11.54,0.004111,0,negative
141,2007-07-26,25.38,91.88,Meghalaya,34.95,113.14,176.0,317.79,462.79,0.99,1.0648,1302.74,27.69,76.45,0.000609,1,positive
4385,2012-06-03,27.717,88.558,Sikkim,0.37,5.51,34.32,36.5,71.45,0.54,-0.2934,2652.95,9.74,68.87,0.0059,1,positive
3830,2011-07-22,24.353,94.343,Manipur,5.5,39.36,128.4,198.77,348.17,0.89,1.7438,265.61,13.17,67.24,0.000187,1,positive
3525,2011-05-22,25.067,93.409,Manipur,12.35,93.39,115.49,140.3,240.83,0.84,1.3227,447.69,20.53,336.09,0.000661,1,positive
APDA-NEG-00869,2015-07-24,25.0,93.125,Manipur,26.29,65.58,149.54,286.71,456.22,0.96,3.0667,275.9,30.23,93.66,-0.002097,0,negative
APDA-NEG-01354,2013-06-08,27.15,88.7632,Sikkim,11.49,21.4,59.22,152.82,271.98,0.7,1.3333,2635.98,24.27,20.83,-0.003513,0,negative
3558,2011-05-31,30.921,78.328,Uttarakhand,9.92,26.67,58.15,63.75,75.41,0.66,1.3753,2360.62,38.51,68.46,0.002259,1,positive
APDA-NEG-01464,2013-06-18,30.5,80.0,Uttarakhand,3.21,83.26,121.88,145.39,150.84,0.78,1.8667,5403.64,16.29,342.16,0.008133,0,negative
3777,2011-07-15,32.349,77.218,Himachal Pradesh,21.89,37.6,49.46,78.36,152.46,0.73,0.9815,3303.7,9.72,26.24,0.012165,1,positive
APDA-NEG-01651,2013-07-23,30.5,80.0,Uttarakhand,1.29,26.51,66.59,105.01,238.14,0.82,2.1333,5403.64,16.29,342.16,0.008133,0,negative
6143,2014-07-14,23.733,92.746,Mizoram,4.46,14.06,35.85,99.58,446.56,0.84,0.3945,868.4,20.55,303.77,-0.004512,1,positive
APDA-NEG-00098,2013-09-02,28.5,95.625,Arunachal Pradesh,19.77,48.41,106.19,140.02,369.19,0.92,2.8,2215.04,37.28,283.93,-0.000253,0,negative
APDA-NEG-00407,2010-08-13,33.0,77.5,Himachal Pradesh,8.93,15.62,34.04,105.47,195.39,0.67,1.1333,5155.49,22.24,314.26,0.012153,0,negative
7589,2015-08-19,25.257,92.383,Meghalaya,35.06,81.02,115.26,202.37,359.49,0.96,1.0464,807.3,13.01,8.19,-0.010856,1,positive
APDA-NEG-01610,2011-07-06,29.5,80.625,Uttarakhand,4.15,12.09,137.99,321.87,378.45,0.76,1.7333,2217.17,32.44,5.59,0.001258,0,negative
APDA-NEG-00106,2010-05-31,27.0,94.375,Arunachal Pradesh,8.87,27.4,53.29,121.78,260.22,0.8,2.0,86.0,0.0,0.0,0.0,0,negative
2460,2010-09-19,31.984,77.189,Himachal Pradesh,40.4,61.45,86.62,190.35,356.89,0.94,2.1581,2215.52,45.82,334.16,-0.008124,1,positive
APDA-NEG-00013,2010-09-10,28.0,93.75,Arunachal Pradesh,19.21,85.87,158.01,311.33,539.25,0.95,3.0,576.05,30.81,45.85,0.021021,0,negative
APDA-NEG-01763,2015-07-28,29.5,80.625,Uttarakhand,0.11,2.88,55.23,76.91,211.34,0.7,1.3333,2217.17,32.44,5.59,0.001258,0,negative
APDA-NEG-01505,2010-09-18,29.5,80.625,Uttarakhand,58.24,117.01,156.98,252.44,461.09,0.95,3.0,2217.17,32.44,5.59,0.001258,0,negative
APDA-NEG-00358,2015-07-26,30.5,76.875,Himachal Pradesh,5.93,24.59,38.81,204.24,404.36,0.77,1.8,298.08,0.59,195.1,0.000987,0,negative
APDA-NEG-00059,2013-09-02,28.0,95.0,Arunachal Pradesh,32.14,73.51,159.52,208.01,517.77,0.95,3.0,784.15,2.6,262.83,-0.001803,0,negative
APDA-NEG-00300,2007-07-19,25.0,90.625,Assam,42.69,93.97,185.91,224.89,335.27,0.92,2.8,9.45,0.41,97.51,-0.000647,0,negative
APDA-NEG-01808,2013-07-28,29.5,78.75,Uttarakhand,21.47,27.93,82.03,257.89,431.32,0.89,2.6,285.78,7.49,11.54,0.004111,0,negative
APDA-NEG-00575,2014-02-12,32.5,76.875,Himachal Pradesh,0.01,0.29,12.44,14.1,60.92,0.75,1.6667,5101.1,32.0,358.76,0.004829,0,negative
APDA-NEG-01707,2013-08-20,30.5,80.0,Uttarakhand,4.37,13.37,32.48,83.57,166.39,0.85,2.3333,5403.64,16.29,342.16,0.008133,0,negative
APDA-NEG-01747,2015-07-11,29.0,79.375,Uttarakhand,91.09,158.36,230.87,358.71,510.33,0.9,2.6667,215.32,0.43,292.55,0.001399,0,negative
APDA-NEG-01812,2013-08-17,30.5,80.0,Uttarakhand,4.79,15.61,45.36,92.93,192.24,0.85,2.3333,5403.64,16.29,342.16,0.008133,0,negative
3663,2011-06-28,25.668,94.11,Nagaland,10.59,57.37,84.92,139.41,248.85,0.86,1.3446,1434.03,15.46,118.85,-0.0024,1,positive
5275,2013-08-04,26.15,94.606,Nagaland,5.78,14.93,47.43,109.0,290.88,0.89,0.7207,1741.06,27.77,338.97,-0.000725,1,positive
APDA-NEG-00817,2011-05-22,24.0,94.375,Manipur,6.26,69.03,89.51,105.01,168.9,0.68,1.2,308.07,14.0,233.72,-0.007124,0,negative
6289,2014-09-22,26.1,91.685,Assam,126.76,191.59,231.7,267.93,354.68,0.97,1.8756,72.83,22.86,148.03,0.007315,1,positive
APDA-NEG-00355,2008-09-19,31.5,78.75,Himachal Pradesh,22.81,33.65,36.11,57.99,104.94,0.85,2.3333,4989.8,15.71,68.13,-0.003931,0,negative
APDA-NEG-01488,2011-07-11,30.5,77.5,Uttarakhand,1.69,32.33,111.36,163.71,335.11,0.75,1.6667,425.48,0.38,300.89,0.001817,0,negative
APDA-NEG-00014,2014-08-17,28.0,95.0,Arunachal Pradesh,2.7,37.84,186.98,349.56,539.5,0.95,3.0,784.15,2.6,262.83,-0.001803,0,negative
3899,2011-08-08,30.226,78.376,Uttarakhand,0.75,12.03,59.14,201.35,446.64,0.87,1.0756,1014.28,29.69,321.86,-0.005896,1,positive
APDA-NEG-00608,2011-03-05,33.0,77.5,Himachal Pradesh,0.0,2.31,4.05,7.15,29.99,0.54,0.2667,5155.49,22.24,314.26,0.012153,0,negative
APDA-NEG-01650,2013-08-18,30.5,77.5,Uttarakhand,3.91,46.35,119.51,305.17,529.98,0.96,3.0667,425.48,0.38,300.89,0.001817,0,negative
APDA-NEG-00009,2010-04-21,29.0,95.625,Arunachal Pradesh,12.05,34.26,48.05,80.76,151.14,0.73,1.5333,2967.53,32.82,99.99,-0.011499,0,negative
APDA-NEG-00940,2011-07-06,24.0,94.375,Manipur,2.25,19.5,31.41,115.49,217.58,0.67,1.1333,308.07,14.0,233.72,-0.007124,0,negative
3859,2011-07-29,30.012,78.197,Uttarakhand,8.04,86.88,122.43,291.87,481.74,0.87,1.3609,353.43,2.2,195.16,-0.000953,1,positive
2437,2010-09-16,23.753,92.694,Mizoram,7.76,34.33,58.77,126.66,250.29,0.88,0.5544,791.13,29.75,101.39,-0.008302,1,positive
APDA-NEG-01611,2013-06-16,30.5,77.5,Uttarakhand,153.7,286.17,391.94,401.2,409.24,0.94,2.9333,425.48,0.38,300.89,0.001817,0,negative
APDA-NEG-01587,2011-12-10,31.0,79.375,Uttarakhand,0.0,3.39,3.71,3.71,3.71,0.68,1.2,5085.99,17.29,81.7,0.00088,0,negative
3666,2011-06-29,32.432,77.215,Himachal Pradesh,5.91,18.59,55.28,71.44,127.46,0.69,0.987,3585.02,54.2,295.21,0.000928,1,positive
7249,2015-07-13,31.085,77.167,Himachal Pradesh,36.99,144.96,198.09,288.73,361.27,0.82,2.0988,1830.25,42.76,227.44,-0.004878,1,positive
APDA-NEG-00428,2011-07-12,30.5,76.875,Himachal Pradesh,0.16,9.33,55.34,89.3,230.16,0.54,0.2667,298.08,0.59,195.1,0.000987,0,negative
APDA-NEG-00808,2007-08-26,24.0,94.375,Manipur,1.64,2.27,10.13,41.94,53.1,0.46,-0.2667,308.07,14.0,233.72,-0.007124,0,negative
APDA-NEG-00491,2011-08-07,32.0,78.125,Himachal Pradesh,0.43,9.95,16.03,69.87,140.8,0.66,1.0667,5347.43,45.52,279.8,-0.005436,0,negative
3757,2011-07-10,30.733,78.44,Uttarakhand,18.9,30.58,111.59,211.4,337.56,0.92,1.5031,1437.46,43.79,1.27,0.004055,1,positive
APDA-NEG-00785,2010-07-30,24.0,93.75,Manipur,17.59,40.68,55.02,91.17,203.62,0.82,2.1333,938.27,22.91,215.12,-0.015373,0,negative
692,2008-08-07,25.705,94.04,Nagaland,0.82,12.78,35.98,92.93,210.21,0.73,-0.1864,1041.38,16.27,133.22,-0.007168,1,positive
3671,2011-06-29,30.815,78.224,Uttarakhand,12.67,20.58,85.78,118.69,200.19,0.8,1.2552,1342.88,19.94,221.34,-0.002232,1,positive
5272,2013-08-04,26.208,94.544,Nagaland,5.78,14.93,47.43,109.0,290.88,0.89,0.7207,1478.25,7.24,321.35,-0.011503,1,positive
3560,2011-05-31,24.829,93.594,Manipur,15.72,45.38,50.95,198.72,265.15,0.84,2.0655,763.36,33.84,2.17,-0.001891,1,positive
APDA-NEG-00193,2011-06-29,25.5,90.625,Assam,28.72,133.4,228.49,285.39,371.67,0.91,2.7333,263.81,5.53,161.64,-0.002985,0,negative
APDA-NEG-01545,2011-06-29,29.0,79.375,Uttarakhand,31.28,65.83,95.75,120.02,174.31,0.6,0.6667,215.32,0.43,292.55,0.001399,0,negative
APDA-NEG-01510,2013-07-25,31.0,79.375,Uttarakhand,2.26,10.63,49.78,88.78,161.2,0.84,2.2667,5085.99,17.29,81.7,0.00088,0,negative
2421,2010-09-13,23.754,92.741,Mizoram,11.41,19.1,46.34,102.33,235.41,0.88,0.5627,997.91,23.68,101.22,-0.019488,1,positive
APDA-NEG-01404,2007-09-09,27.5,88.75,Sikkim,4.57,31.94,86.85,121.17,226.12,0.88,2.5333,3955.2,32.18,303.05,-0.003542,0,negative
5442,2013-09-02,27.161,93.753,Arunachal Pradesh,40.7,70.95,160.05,214.7,439.7,0.95,1.3938,145.58,3.3,150.02,-0.001204,1,positive
APDA-NEG-01630,2015-04-30,30.5,77.5,Uttarakhand,4.95,5.66,7.03,10.01,55.61,0.46,-0.2667,425.48,0.38,300.89,0.001817,0,negative
4481,2012-08-17,30.659,79.561,Uttarakhand,21.94,49.22,94.13,209.01,329.0,0.86,0.8215,3396.37,45.68,238.34,-0.003467,1,positive
5429,2013-09-01,27.343,88.243,Sikkim,4.12,12.85,49.72,90.66,273.75,0.91,0.8116,1411.31,30.11,266.62,-0.004302,1,positive
3820,2011-07-21,30.167,78.112,Uttarakhand,5.37,70.18,162.89,230.74,459.71,0.83,1.3613,466.45,1.04,307.15,0.000822,1,positive
APDA-NEG-00179,2010-06-15,27.0,94.375,Assam,53.88,100.35,155.6,292.66,414.44,0.91,2.7333,86.0,0.0,0.0,0.0,0,negative
2048,2010-07-07,32.66,76.853,Himachal Pradesh,2.28,33.99,52.76,77.49,100.91,0.59,-0.478,3669.16,26.56,351.12,-0.000819,1,positive
481,2008-03-17,32.286,77.161,Himachal Pradesh,0.0,0.0,0.7,0.74,2.1,0.61,-0.6957,2371.35,36.11,11.61,0.001903,1,positive
1934,2010-06-03,24.601,92.381,Assam,54.42,121.7,190.57,371.99,565.7,0.93,1.3068,79.06,17.95,266.52,-0.004817,1,positive
APDA-NEG-00829,2011-07-22,24.5,94.375,Manipur,5.5,39.36,128.4,198.77,348.17,0.89,2.6,319.22,17.67,30.12,-0.00491,0,negative
5214,2013-07-27,31.893,78.63,Himachal Pradesh,0.26,1.65,17.97,73.42,123.57,0.73,2.1145,3633.51,16.93,269.76,-0.003738,1,positive
APDA-NEG-01384,2010-07-21,27.15,88.8,Sikkim,16.76,82.21,174.28,305.23,545.35,0.92,2.8,1594.02,19.03,313.44,-0.001078,0,negative
APDA-NEG-00202,2008-10-29,26.5,94.375,Assam,0.0,14.01,30.02,30.02,87.35,0.85,2.3333,307.93,20.68,270.76,-0.012984,0,negative
APDA-NEG-01352,2007-05-23,27.15,88.8,Sikkim,0.26,4.04,46.69,107.95,154.12,0.49,-0.0667,1594.02,19.03,313.44,-0.001078,0,negative
APDA-NEG-00142,2014-06-27,28.0,93.75,Arunachal Pradesh,28.12,46.89,97.24,180.76,287.38,0.84,2.2667,576.05,30.81,45.85,0.021021,0,negative
APDA-NEG-00980,2015-09-05,25.5,90.625,Meghalaya,14.1,61.6,183.37,262.23,472.65,0.98,3.2,263.81,5.53,161.64,-0.002985,0,negative
8339,2015-09-23,26.167,91.704,Assam,61.13,106.92,116.73,187.06,431.33,0.97,1.8795,231.39,9.26,326.01,-0.005507,1,positive
APDA-NEG-01652,2014-07-24,29.5,78.75,Uttarakhand,3.98,20.01,81.33,171.14,227.94,0.55,0.3333,285.78,7.49,11.54,0.004111,0,negative
APDA-NEG-01617,2013-06-17,30.5,80.0,Uttarakhand,25.24,92.46,126.04,142.72,147.63,0.8,2.0,5403.64,16.29,342.16,0.008133,0,negative
APDA-NEG-01428,2013-07-26,31.0,79.375,Uttarakhand,0.48,10.42,39.16,86.69,158.05,0.84,2.2667,5085.99,17.29,81.7,0.00088,0,negative
7372,2015-08-01,25.063,94.342,Manipur,4.9,104.34,121.77,229.36,353.87,0.89,1.428,1803.95,30.18,276.82,-0.008766,1,positive
APDA-NEG-01695,2013-08-17,30.5,77.5,Uttarakhand,30.14,66.48,134.33,338.49,545.72,0.97,3.1333,425.48,0.38,300.89,0.001817,0,negative
APDA-NEG-00038,2008-10-29,28.0,95.0,Arunachal Pradesh,0.03,37.69,46.07,48.17,128.65,0.83,2.2,784.15,2.6,262.83,-0.001803,0,negative
2161,2010-07-29,30.747,78.452,Uttarakhand,17.15,33.61,58.16,198.09,375.44,0.9,0.6308,1154.24,18.42,87.08,0.004286,1,positive
APDA-NEG-01200,2010-09-12,25.5,94.375,Nagaland,4.38,6.8,35.08,78.13,181.17,0.89,2.6,1690.52,34.92,313.33,-0.003122,0,negative
2475,2010-09-20,31.158,77.716,Himachal Pradesh,0.55,95.19,160.69,297.25,557.66,0.98,1.8441,1725.11,34.04,73.28,-0.002909,1,positive
APDA-NEG-01556,2011-07-09,29.5,80.625,Uttarakhand,8.45,11.21,23.68,328.33,364.34,0.76,1.7333,2217.17,32.44,5.59,0.001258,0,negative
4240,2012-03-04,29.58,80.212,Uttarakhand,0.09,0.09,0.09,0.09,2.2,0.58,0.217,1528.22,7.18,22.94,0.00665,1,positive
697,2008-08-08,31.13,77.09,Himachal Pradesh,39.24,51.75,122.25,204.16,333.3,0.87,1.7415,1683.9,28.57,334.65,-0.002892,1,positive
APDA-NEG-01372,2007-07-16,27.5,88.125,Sikkim,8.48,25.38,73.85,102.78,165.65,0.75,1.6667,4104.06,56.52,298.77,0.014678,0,negative
APDA-NEG-01073,2015-08-27,23.5,92.5,Mizoram,3.73,7.18,36.98,228.87,404.17,0.93,2.8667,697.5,31.7,35.92,-0.007925,0,negative
2379,2010-09-03,30.285,78.983,Uttarakhand,20.33,86.83,149.99,362.5,608.54,0.98,1.5829,656.91,20.85,185.84,0.006125,1,positive
APDA-NEG-01126,2010-07-20,27.0,94.375,Nagaland,9.38,42.41,114.28,203.05,408.28,0.92,2.8,86.0,0.0,0.0,0.0,0,negative
7780,2015-08-26,23.357,92.788,Mizoram,2.74,4.43,57.97,228.73,414.94,0.93,1.0958,1365.99,11.15,346.01,-0.004264,1,positive
APDA-NEG-01351,2011-09-30,27.15,88.8,Sikkim,0.02,0.77,77.6,233.65,292.34,0.9,2.6667,1594.02,19.03,313.44,-0.001078,0,negative
APDA-NEG-00682,2010-07-07,33.0,77.5,Himachal Pradesh,0.83,13.0,18.52,27.77,38.43,0.42,-0.5333,5155.49,22.24,314.26,0.012153,0,negative
5044,2013-07-06,31.163,77.724,Himachal Pradesh,7.01,14.36,37.34,153.51,576.01,0.88,1.5253,1464.94,28.56,125.89,0.011584,1,positive
APDA-NEG-01687,2013-07-31,29.5,80.625,Uttarakhand,5.92,11.21,57.79,222.42,430.75,0.9,2.6667,2217.17,32.44,5.59,0.001258,0,negative
APDA-NEG-01466,2011-08-12,30.5,77.5,Uttarakhand,11.79,22.02,44.33,144.92,449.7,0.89,2.6,425.48,0.38,300.89,0.001817,0,negative
4411,2012-06-14,27.339,88.607,Sikkim,0.38,1.05,3.53,33.94,51.06,0.52,-0.6396,1527.94,24.18,275.25,0.004604,1,positive
APDA-NEG-01066,2010-09-13,23.5,92.5,Mizoram,9.93,17.18,36.45,70.49,218.07,0.86,2.4,697.5,31.7,35.92,-0.007925,0,negative
APDA-NEG-01656,2007-07-30,31.0,79.375,Uttarakhand,15.81,31.27,44.03,80.8,174.03,0.73,1.5333,5085.99,17.29,81.7,0.00088,0,negative
APDA-NEG-01489,2010-09-03,29.5,80.625,Uttarakhand,14.44,82.76,99.18,208.65,310.1,0.89,2.6,2217.17,32.44,5.59,0.001258,0,negative
4912,2013-06-12,31.49,76.704,Himachal Pradesh,12.41,37.0,39.53,42.97,43.72,0.57,1.1874,707.21,11.14,212.2,-0.002005,1,positive
APDA-NEG-01020,2015-09-06,26.0,91.25,Meghalaya,1.21,29.24,123.15,248.57,456.11,0.88,2.5333,43.29,0.09,114.93,-0.000208,0,negative
APDA-NEG-01406,2014-08-15,23.5,91.875,Tripura,30.26,160.56,202.89,248.11,355.06,0.91,2.7333,98.63,5.69,26.51,-0.003608,0,negative
APDA-NEG-01647,2013-07-18,29.5,78.75,Uttarakhand,10.6,74.02,105.62,236.7,395.61,0.86,2.4,285.78,7.49,11.54,0.004111,0,negative
APDA-NEG-01564,2013-09-30,29.5,78.75,Uttarakhand,7.84,18.84,47.23,76.53,131.2,0.83,2.2,285.78,7.49,11.54,0.004111,0,negative
4515,2012-08-24,30.74,77.285,Himachal Pradesh,23.86,41.38,178.99,336.5,552.97,0.92,0.958,1633.37,33.84,202.08,-0.009573,1,positive
APDA-NEG-00926,2010-08-25,24.5,94.375,Manipur,1.71,9.87,25.17,59.36,156.15,0.79,1.9333,319.22,17.67,30.12,-0.00491,0,negative
6167,2014-07-20,30.633,78.995,Uttarakhand,10.51,48.53,115.02,189.06,225.63,0.84,0.3091,1904.42,13.55,108.02,0.001358,1,positive
APDA-NEG-00140,2008-10-29,29.0,96.25,Arunachal Pradesh,0.37,36.82,53.32,55.18,81.52,0.81,2.0667,4424.4,28.85,66.8,0.001741,0,negative
177,2007-08-12,32.733,77.591,Himachal Pradesh,12.5,22.24,43.86,119.56,163.9,0.73,0.1279,5750.13,24.15,221.33,-0.014669,1,positive
3831,2011-07-22,24.799,93.948,Manipur,6.93,43.74,140.61,216.52,390.13,0.9,1.5174,781.63,1.81,308.02,-0.001749,1,positive
APDA-NEG-00952,2010-07-30,25.0,93.125,Manipur,25.39,62.51,90.11,157.03,311.86,0.94,2.9333,275.9,30.23,93.66,-0.002097,0,negative
2456,2010-09-19,30.799,79.436,Uttarakhand,29.35,64.94,93.64,145.48,286.26,0.9,2.9724,4149.6,26.91,339.74,-0.018044,1,positive
6337,2014-09-10,31.777,76.983,Himachal Pradesh,0.97,1.4,218.46,306.74,364.65,0.9,0.8124,970.13,18.79,248.21,0.011405,1,positive
APDA-NEG-01312,2012-06-07,27.15,88.7632,Sikkim,0.08,19.22,36.78,99.4,137.94,0.51,0.0667,2635.98,24.27,20.83,-0.003513,0,negative
APDA-NEG-00449,2010-09-21,32.5,78.125,Himachal Pradesh,1.64,15.62,28.96,57.49,112.89,0.68,1.2,5364.12,23.0,184.14,0.001507,0,negative
APDA-NEG-01678,2011-07-06,30.5,77.5,Uttarakhand,31.97,67.11,91.03,224.96,320.65,0.8,2.0,425.48,0.38,300.89,0.001817,0,negative
APDA-NEG-00149,2007-07-19,28.0,93.75,Assam,18.5,47.85,97.59,190.66,333.23,0.9,2.6667,576.05,30.81,45.85,0.021021,0,negative
APDA-NEG-01592,2013-06-18,29.5,80.625,Uttarakhand,4.37,59.99,75.77,129.61,141.19,0.64,0.9333,2217.17,32.44,5.59,0.001258,0,negative
APDA-NEG-01473,2010-08-20,29.5,78.75,Uttarakhand,21.37,101.66,143.74,226.28,497.26,0.9,2.6667,285.78,7.49,11.54,0.004111,0,negative
1755,2010-04-17,27.334,88.608,Sikkim,0.26,1.83,3.59,4.1,7.11,0.48,-0.5912,1437.78,30.13,287.51,-0.002589,1,positive
APDA-NEG-01230,2010-08-14,27.0,95.0,Nagaland,22.03,91.1,115.86,175.87,395.87,0.94,2.9333,117.36,3.0,28.88,0.00233,0,negative
APDA-NEG-01549,2011-06-29,30.5,77.5,Uttarakhand,18.3,28.42,133.85,185.42,287.62,0.71,1.4,425.48,0.38,300.89,0.001817,0,negative
APDA-NEG-01602,2010-07-06,30.5,80.0,Uttarakhand,11.53,40.83,50.16,68.18,74.12,0.63,0.8667,5403.64,16.29,342.16,0.008133,0,negative
APDA-NEG-01516,2010-07-29,30.5,77.5,Uttarakhand,15.09,33.51,57.42,195.39,416.26,0.8,2.0,425.48,0.38,300.89,0.001817,0,negative
APDA-NEG-00720,2013-07-07,33.0,77.5,Himachal Pradesh,5.87,12.36,14.67,31.66,125.83,0.55,0.3333,5155.49,22.24,314.26,0.012153,0,negative
2457,2010-09-19,31.563,77.98,Himachal Pradesh,30.5,65.25,91.89,155.47,297.96,0.9,2.0742,1531.57,48.86,166.25,-0.007089,1,positive
APDA-NEG-01541,2011-06-29,30.5,77.5,Uttarakhand,18.3,28.42,133.85,185.42,287.62,0.71,1.4,425.48,0.38,300.89,0.001817,0,negative
2568,2010-10-08,24.768,93.411,Manipur,86.18,138.2,141.73,190.96,313.55,0.99,2.1193,522.96,14.05,168.02,-0.011214,1,positive
APDA-NEG-00636,2010-07-11,32.5,78.125,Himachal Pradesh,4.71,6.34,25.5,35.22,45.68,0.4,-0.6667,5364.12,23.0,184.14,0.001507,0,negative
APDA-NEG-01314,2007-07-16,27.5,88.75,Sikkim,8.62,25.4,74.12,104.72,158.13,0.7,1.3333,3955.2,32.18,303.05,-0.003542,0,negative
APDA-NEG-01717,2014-07-19,30.5,77.5,Uttarakhand,18.54,49.79,135.69,163.73,199.3,0.66,1.0667,425.48,0.38,300.89,0.001817,0,negative
APDA-NEG-00045,2012-07-05,29.0,95.625,Arunachal Pradesh,3.28,23.93,56.67,142.19,237.9,0.84,2.2667,2967.53,32.82,99.99,-0.011499,0,negative
APDA-NEG-00298,2014-09-22,28.0,93.75,Assam,21.61,67.0,89.56,194.02,296.69,0.92,2.8,576.05,30.81,45.85,0.021021,0,negative
APDA-NEG-01361,2012-09-16,27.5,88.125,Sikkim,18.25,52.03,94.79,113.45,233.62,0.91,2.7333,4104.06,56.52,298.77,0.014678,0,negative
1129,2009-08-30,24.863,94.418,Manipur,4.61,5.06,15.64,72.66,217.61,0.75,0.1714,924.42,30.6,350.38,-0.00088,1,positive
2182,2010-07-31,24.936,93.844,Manipur,17.28,60.98,86.61,145.14,274.76,0.92,1.7235,850.16,1.76,51.97,0.002383,1,positive
2045,2010-07-06,26.236,94.813,Nagaland,9.26,32.72,75.34,140.15,355.44,0.94,1.3007,1565.92,15.37,139.22,-0.001278,1,positive
APDA-NEG-00443,2010-09-20,31.5,78.75,Himachal Pradesh,0.6,56.35,93.6,159.1,307.12,0.92,2.8,4989.8,15.71,68.13,-0.003931,0,negative
5208,2013-07-26,30.284,79.25,Uttarakhand,1.45,22.92,79.8,168.61,308.05,0.9,1.5523,857.78,35.72,251.34,0.00503,1,positive
7383,2015-08-01,23.899,94.143,Manipur,2.09,71.58,85.55,159.45,237.74,0.74,1.7127,262.19,20.67,39.7,0.005438,1,positive
APDA-NEG-01373,2013-09-07,27.15,88.8,Sikkim,12.73,56.12,123.62,216.02,386.1,0.92,2.8,1594.02,19.03,313.44,-0.001078,0,negative
2183,2010-07-31,31.066,77.133,Himachal Pradesh,48.47,82.52,115.52,228.41,435.92,0.85,1.6704,1859.15,43.03,209.9,0.011747,1,positive
APDA-NEG-00183,2010-07-25,28.0,93.75,Assam,5.32,35.19,65.25,208.51,374.3,0.91,2.7333,576.05,30.81,45.85,0.021021,0,negative
6538,2014-08-21,31.522,78.135,Himachal Pradesh,0.17,0.24,37.97,85.29,166.33,0.71,-0.2938,1912.22,47.75,19.93,-0.003371,1,positive
3889,2011-08-07,31.708,76.932,Himachal Pradesh,6.55,31.34,52.03,131.32,305.55,0.81,0.5375,758.46,4.33,84.11,0.003138,1,positive
APDA-NEG-01297,2007-07-16,27.15,88.8,Sikkim,15.71,53.91,142.6,184.42,280.09,0.8,2.0,1594.02,19.03,313.44,-0.001078,0,negative
APDA-NEG-00010,2013-09-02,28.0,93.75,Arunachal Pradesh,34.25,66.51,145.9,191.49,420.65,0.94,2.9333,576.05,30.81,45.85,0.021021,0,negative
APDA-NEG-00408,2011-08-07,32.0,78.125,Himachal Pradesh,0.43,9.95,16.03,69.87,140.8,0.66,1.0667,5347.43,45.52,279.8,-0.005436,0,negative
APDA-NEG-00310,2014-09-22,25.0,90.625,Assam,70.0,167.86,269.02,306.43,484.9,0.96,3.0667,9.45,0.41,97.51,-0.000647,0,negative
6970,2015-06-16,25.508,90.219,Meghalaya,27.16,62.64,230.34,248.16,409.65,0.87,1.0302,319.92,27.0,234.33,0.004447,1,positive
APDA-NEG-00259,2015-07-22,26.5,94.375,Assam,11.88,51.73,80.57,148.58,318.64,0.91,2.7333,307.93,20.68,270.76,-0.012984,0,negative
APDA-NEG-01153,2010-10-08,26.0,95.0,Nagaland,36.97,65.3,68.67,130.49,285.77,0.98,3.2,1150.77,10.47,188.47,-0.011555,0,negative
APDA-NEG-01278,2010-06-15,26.0,95.0,Nagaland,28.98,55.63,114.0,228.31,333.14,0.94,2.9333,1150.77,10.47,188.47,-0.011555,0,negative
2420,2010-09-13,23.73,92.715,Mizoram,9.93,17.18,36.45,70.49,218.07,0.86,0.5007,979.22,34.31,234.29,-0.008595,1,positive
APDA-NEG-00860,2013-08-15,24.5,93.125,Manipur,7.8,90.36,117.5,211.94,317.24,0.92,2.8,489.42,31.49,307.92,0.01086,0,negative
APDA-NEG-01482,2010-09-03,29.5,78.75,Uttarakhand,26.3,91.17,129.8,316.63,538.79,0.94,2.9333,285.78,7.49,11.54,0.004111,0,negative
APDA-NEG-00626,2013-07-27,32.5,76.875,Himachal Pradesh,0.07,3.75,21.46,124.28,244.53,0.85,2.3333,5101.1,32.0,358.76,0.004829,0,negative
4424,2012-06-20,26.149,91.735,Assam,32.69,36.57,116.35,194.5,463.87,0.85,0.568,51.9,1.27,238.4,0.000284,1,positive
APDA-NEG-01628,2011-02-23,29.5,78.75,Uttarakhand,0.0,4.15,5.44,30.13,36.26,0.47,-0.2,285.78,7.49,11.54,0.004111,0,negative
4861,2013-05-12,24.993,93.495,Manipur,10.44,45.62,108.43,240.21,298.18,0.83,2.2765,1135.1,6.21,295.2,0.005292,1,positive
3141,2011-02-23,30.475,79.229,Uttarakhand,0.0,0.06,0.72,22.51,31.47,0.68,1.2837,2921.26,41.18,9.15,0.001824,1,positive
4393,2012-06-07,27.757,88.632,Sikkim,0.05,2.27,4.79,12.4,20.7,0.5,-0.437,3882.83,10.44,89.64,0.003302,1,positive
APDA-NEG-01402,2012-09-19,27.15,88.8,Sikkim,16.27,44.53,179.88,206.83,385.26,0.91,2.7333,1594.02,19.03,313.44,-0.001078,0,negative
2026,2010-06-28,25.492,91.27,Meghalaya,47.18,124.26,152.18,260.07,655.21,0.97,1.0073,1491.57,9.13,34.07,0.004291,1,positive
2538,2010-10-03,30.914,76.818,Himachal Pradesh,0.0,1.71,1.71,113.26,319.97,0.84,1.8155,431.73,0.79,12.21,-0.001098,1,positive
3611,2011-06-14,32.361,77.231,Himachal Pradesh,4.71,4.72,25.89,56.02,77.07,0.66,0.8098,3830.87,33.4,30.82,0.002335,1,positive
APDA-NEG-00858,2007-08-26,24.0,93.75,Manipur,3.2,4.44,14.62,53.77,71.09,0.56,0.4,938.27,22.91,215.12,-0.015373,0,negative
5582,2013-10-06,26.131,91.838,Assam,62.76,151.09,174.79,249.97,276.04,0.98,2.2878,114.95,10.14,97.9,-0.012331,1,positive
APDA-NEG-00426,2012-08-24,30.5,76.875,Himachal Pradesh,9.14,26.9,100.31,172.58,274.9,0.72,1.4667,298.08,0.59,195.1,0.000987,0,negative
6963,2015-06-19,23.713,92.736,Mizoram,4.32,6.93,47.01,132.52,251.62,0.74,0.0076,879.8,8.1,191.22,0.002102,1,positive
APDA-NEG-00787,2010-07-31,24.0,93.75,Manipur,13.08,43.79,63.28,103.63,199.87,0.83,2.2,938.27,22.91,215.12,-0.015373,0,negative
APDA-NEG-00726,2014-08-26,33.0,77.5,Himachal Pradesh,0.07,0.07,2.68,28.67,64.72,0.5,0.0,5155.49,22.24,314.26,0.012153,0,negative
APDA-NEG-00055,2013-08-01,28.0,93.75,Arunachal Pradesh,7.31,45.86,64.5,217.68,382.08,0.91,2.7333,576.05,30.81,45.85,0.021021,0,negative
APDA-NEG-00030,2010-09-10,28.5,95.625,Arunachal Pradesh,47.91,135.67,230.46,316.54,569.0,0.97,3.1333,2215.04,37.28,283.93,-0.000253,0,negative
APDA-NEG-01719,2014-07-20,29.0,79.375,Uttarakhand,44.92,128.37,173.38,206.04,268.21,0.73,1.5333,215.32,0.43,292.55,0.001399,0,negative
APDA-NEG-01059,2012-11-11,24.0,93.125,Mizoram,0.0,0.23,35.19,44.01,45.43,0.66,1.0667,1156.07,10.45,264.05,-0.013664,0,negative
APDA-NEG-00578,2013-07-14,33.0,77.5,Himachal Pradesh,1.37,2.47,27.11,42.45,127.3,0.56,0.4,5155.49,22.24,314.26,0.012153,0,negative
APDA-NEG-01471,2010-08-18,29.5,78.75,Uttarakhand,32.7,39.94,89.65,182.96,480.71,0.88,2.5333,285.78,7.49,11.54,0.004111,0,negative
APDA-NEG-00877,2015-08-01,25.0,93.125,Manipur,13.93,93.0,107.23,259.26,462.73,0.95,3.0,275.9,30.23,93.66,-0.002097,0,negative
APDA-NEG-01553,2011-07-06,29.5,80.625,Uttarakhand,4.15,12.09,137.99,321.87,378.45,0.76,1.7333,2217.17,32.44,5.59,0.001258,0,negative
251,2007-09-09,27.167,88.35,Sikkim,4.33,53.08,140.42,199.91,340.7,0.91,0.801,1154.12,24.39,276.84,-0.004874,1,positive
2461,2010-09-19,31.458,78.211,Himachal Pradesh,30.5,65.25,91.89,155.47,297.96,0.9,2.0742,3016.62,42.19,271.82,-0.003274,1,positive
APDA-NEG-00998,2014-10-05,26.0,90.625,Meghalaya,0.0,0.23,0.36,273.95,435.64,0.87,2.4667,62.04,6.07,73.96,0.000375,0,negative
5285,2013-08-05,29.566,80.366,Uttarakhand,9.38,21.01,44.2,145.29,394.77,0.9,1.68,554.96,9.59,19.1,0.00596,1,positive
APDA-NEG-01193,2013-08-04,26.5,94.375,Nagaland,5.53,15.66,54.81,135.7,307.87,0.87,2.4667,307.93,20.68,270.76,-0.012984,0,negative
5427,2013-08-15,25.383,94.188,Manipur,4.08,74.99,91.33,175.09,275.76,0.91,1.2027,1664.65,37.57,283.81,-0.002295,1,positive
APDA-NEG-01321,2009-09-17,27.15,88.1,Sikkim,4.44,11.13,15.12,69.88,247.32,0.85,2.3333,2395.93,26.81,256.33,0.013169,0,negative
9037,2015-12-07,31.682,77.121,Himachal Pradesh,0.0,0.0,0.0,1.48,1.53,0.49,0.0921,1069.9,35.33,89.54,0.003144,1,positive
APDA-NEG-01188,2010-07-20,26.0,95.0,Nagaland,8.75,36.76,102.13,161.81,305.77,0.95,3.0,1150.77,10.47,188.47,-0.011555,0,negative
APDA-NEG-00391,2010-07-25,30.5,76.875,Himachal Pradesh,3.44,7.69,96.35,150.13,345.74,0.71,1.4,298.08,0.59,195.1,0.000987,0,negative
256,2007-09-10,27.343,88.624,Sikkim,3.95,11.79,84.86,121.61,221.14,0.87,0.5077,2095.8,30.39,27.0,-0.012352,1,positive
APDA-NEG-00409,2010-08-14,31.5,78.75,Himachal Pradesh,1.21,21.87,53.9,126.12,270.59,0.84,2.2667,4989.8,15.71,68.13,-0.003931,0,negative
APDA-NEG-00086,2008-06-14,28.5,95.625,Arunachal Pradesh,17.75,50.88,128.84,212.33,376.57,0.86,2.4,2215.04,37.28,283.93,-0.000253,0,negative
APDA-NEG-01444,2013-10-16,29.5,78.75,Uttarakhand,0.03,0.03,24.5,42.84,119.05,0.75,1.6667,285.78,7.49,11.54,0.004111,0,negative
2467,2010-09-19,30.72,77.17,Himachal Pradesh,35.55,58.52,89.49,233.55,402.17,0.9,1.884,1132.7,17.2,356.08,-0.000139,1,positive
APDA-NEG-00753,2007-08-26,24.0,94.375,Manipur,1.64,2.27,10.13,41.94,53.1,0.46,-0.2667,308.07,14.0,233.72,-0.007124,0,negative
APDA-NEG-00831,2011-07-22,24.0,93.125,Manipur,5.18,36.96,99.63,154.82,323.18,0.88,2.5333,1156.07,10.45,264.05,-0.013664,0,negative
APDA-NEG-00466,2010-09-19,31.5,78.75,Himachal Pradesh,35.37,69.66,97.85,170.04,325.29,0.92,2.8,4989.8,15.71,68.13,-0.003931,0,negative
APDA-NEG-00537,2013-07-03,31.5,78.75,Himachal Pradesh,4.9,12.45,27.63,81.67,349.46,0.87,2.4667,4989.8,15.71,68.13,-0.003931,0,negative
APDA-NEG-00467,2011-06-29,30.5,76.875,Himachal Pradesh,7.15,14.92,112.38,147.45,232.85,0.54,0.2667,298.08,0.59,195.1,0.000987,0,negative
APDA-NEG-01323,2010-04-17,27.15,88.7632,Sikkim,1.42,4.12,9.66,9.91,12.16,0.37,-0.8667,2635.98,24.27,20.83,-0.003513,0,negative
APDA-NEG-01708,2010-08-22,30.5,80.0,Uttarakhand,9.3,30.02,62.98,107.0,250.44,0.81,2.0667,5403.64,16.29,342.16,0.008133,0,negative
APDA-NEG-01534,2010-09-04,29.5,80.625,Uttarakhand,22.77,77.41,118.49,221.57,328.39,0.9,2.6667,2217.17,32.44,5.59,0.001258,0,negative
APDA-NEG-00320,2011-06-29,28.0,93.75,Assam,8.57,20.48,64.56,113.52,249.56,0.79,1.9333,576.05,30.81,45.85,0.021021,0,negative
APDA-NEG-01295,2007-05-23,27.15,88.8,Sikkim,0.26,4.04,46.69,107.95,154.12,0.49,-0.0667,1594.02,19.03,313.44,-0.001078,0,negative
APDA-NEG-00011,2010-05-31,29.0,96.25,Arunachal Pradesh,5.46,7.64,20.27,47.96,146.18,0.83,2.2,4424.4,28.85,66.8,0.001741,0,negative
APDA-NEG-00690,2011-08-07,32.5,78.125,Himachal Pradesh,0.67,6.66,10.65,57.34,106.74,0.53,0.2,5364.12,23.0,184.14,0.001507,0,negative
2471,2010-09-19,29.791,80.058,Uttarakhand,35.55,111.4,157.96,244.21,488.74,0.97,2.246,1446.81,22.13,246.48,0.0025,1,positive
2309,2010-08-22,30.424,79.672,Uttarakhand,11.6,55.96,116.68,199.84,438.65,0.89,1.1791,5067.3,49.82,105.88,-0.012969,1,positive
3927,2011-08-16,25.514,90.217,Meghalaya,136.4,164.09,246.72,511.16,644.61,0.98,1.2136,313.01,9.01,180.76,0.003426,1,positive
APDA-NEG-01756,2011-08-08,30.5,77.5,Uttarakhand,1.81,15.67,57.59,197.44,442.18,0.89,2.6,425.48,0.38,300.89,0.001817,0,negative
APDA-NEG-01599,2012-08-17,29.5,78.75,Uttarakhand,15.88,42.31,91.76,211.13,346.74,0.76,1.7333,285.78,7.49,11.54,0.004111,0,negative
2106,2010-07-20,26.872,94.992,Nagaland,14.6,56.11,123.67,210.83,359.69,0.93,1.0989,292.27,8.88,22.94,-0.003321,1,positive
5050,2013-07-07,31.703,76.936,Himachal Pradesh,21.83,35.69,48.29,99.65,383.16,0.74,1.4238,765.76,41.43,293.98,0.029715,1,positive
APDA-NEG-00334,2011-07-24,26.5,94.375,Assam,3.4,56.2,171.29,292.58,465.27,0.89,2.6,307.93,20.68,270.76,-0.012984,0,negative
4383,2012-06-03,25.306,93.127,Assam,26.59,84.45,114.11,144.31,192.91,0.84,1.8344,320.93,7.71,200.35,-0.002582,1,positive
APDA-NEG-00096,2012-07-05,28.0,95.0,Arunachal Pradesh,28.37,126.86,211.85,417.6,666.54,0.96,3.0667,784.15,2.6,262.83,-0.001803,0,negative
4916,2013-06-12,32.211,76.283,Himachal Pradesh,17.95,39.74,40.03,41.61,43.54,0.54,1.8699,989.86,3.92,61.87,-0.00295,1,positive
3672,2011-06-29,25.513,93.361,Assam,20.83,75.23,123.36,179.46,266.14,0.85,1.409,314.56,15.25,310.04,0.01702,1,positive
4498,2012-08-18,32.18,77.195,Himachal Pradesh,41.28,61.51,108.54,163.36,267.05,0.83,0.6598,1866.38,8.67,206.61,-0.001497,1,positive
5337,2013-08-16,26.421,94.973,Nagaland,39.28,53.14,98.45,220.68,387.63,0.96,1.2252,721.41,23.27,355.01,-0.003893,1,positive
APDA-NEG-01298,2010-08-27,27.15,88.1,Sikkim,32.92,83.7,166.4,347.84,447.01,0.95,3.0,2395.93,26.81,256.33,0.013169,0,negative
APDA-NEG-00576,2010-09-19,33.0,77.5,Himachal Pradesh,7.92,10.92,15.69,42.36,91.52,0.66,1.0667,5155.49,22.24,314.26,0.012153,0,negative
APDA-NEG-01726,2015-06-21,29.5,80.625,Uttarakhand,2.02,15.57,37.52,38.42,50.57,0.5,0.0,2217.17,32.44,5.59,0.001258,0,negative
APDA-NEG-01313,2009-08-20,28.0,88.75,Sikkim,10.03,27.98,43.01,80.19,173.16,0.79,1.9333,5096.07,0.2,324.18,-0.000309,0,negative
2389,2010-09-04,30.5,79.389,Uttarakhand,16.2,53.24,116.35,268.2,428.31,0.95,1.9696,2146.49,34.28,234.25,0.007966,1,positive
APDA-NEG-00371,2010-06-09,32.5,78.125,Himachal Pradesh,0.78,11.73,13.95,15.4,17.69,0.4,-0.6667,5364.12,23.0,184.14,0.001507,0,negative
4949,2013-06-18,30.38,78.502,Uttarakhand,2.13,254.0,459.51,508.14,518.07,0.87,1.7757,886.58,32.13,198.13,0.002083,1,positive
APDA-NEG-01603,2012-09-14,29.5,78.75,Uttarakhand,19.79,50.38,75.22,107.3,381.04,0.88,2.5333,285.78,7.49,11.54,0.004111,0,negative
APDA-NEG-01741,2015-07-06,30.5,77.5,Uttarakhand,43.9,81.25,93.57,167.02,198.9,0.71,1.4,425.48,0.38,300.89,0.001817,0,negative
APDA-NEG-00430,2015-07-26,32.0,78.125,Himachal Pradesh,13.0,19.64,31.88,133.7,300.72,0.82,2.1333,5347.43,45.52,279.8,-0.005436,0,negative
APDA-NEG-01142,2007-10-16,26.0,93.75,Nagaland,14.03,25.22,33.86,62.29,79.47,0.82,2.1333,155.68,5.21,210.16,-0.003056,0,negative
258,2007-09-11,24.428,94.056,Manipur,6.06,13.55,105.1,128.02,203.9,0.77,0.2411,894.85,18.9,160.65,-0.004059,1,positive
APDA-NEG-00070,2010-09-10,28.5,95.625,Arunachal Pradesh,47.91,135.67,230.46,316.54,569.0,0.97,3.1333,2215.04,37.28,283.93,-0.000253,0,negative
APDA-NEG-01668,2011-06-29,30.5,77.5,Uttarakhand,18.3,28.42,133.85,185.42,287.62,0.71,1.4,425.48,0.38,300.89,0.001817,0,negative
APDA-NEG-01716,2010-09-18,31.0,79.375,Uttarakhand,25.01,53.13,70.5,122.37,260.9,0.88,2.5333,5085.99,17.29,81.7,0.00088,0,negative
APDA-NEG-01214,2010-08-14,26.5,94.375,Nagaland,16.59,53.98,68.71,101.59,271.8,0.93,2.8667,307.93,20.68,270.76,-0.012984,0,negative
APDA-NEG-01198,2015-06-24,27.0,94.375,Nagaland,19.29,61.73,144.37,252.04,616.35,0.93,2.8667,86.0,0.0,0.0,0.0,0,negative
APDA-NEG-00605,2015-07-26,30.5,76.875,Himachal Pradesh,5.93,24.59,38.81,204.24,404.36,0.77,1.8,298.08,0.59,195.1,0.000987,0,negative
2044,2010-07-06,25.888,94.786,Nagaland,9.26,32.72,75.34,140.15,355.44,0.94,1.3007,1167.1,10.2,172.27,-0.006683,1,positive
APDA-NEG-01032,2014-09-23,26.0,91.25,Meghalaya,67.03,271.61,325.24,367.3,440.01,0.94,2.9333,43.29,0.09,114.93,-0.000208,0,negative
APDA-NEG-00255,2015-02-20,25.0,90.625,Assam,0.34,17.81,18.58,18.58,18.8,0.42,-0.5333,9.45,0.41,97.51,-0.000647,0,negative
APDA-NEG-01767,2015-08-15,30.5,80.0,Uttarakhand,3.32,6.85,17.43,52.18,95.93,0.74,1.6,5403.64,16.29,342.16,0.008133,0,negative
APDA-NEG-00256,2008-10-29,26.5,94.375,Assam,0.0,14.01,30.02,30.02,87.35,0.85,2.3333,307.93,20.68,270.76,-0.012984,0,negative
APDA-NEG-00903,2015-08-01,25.0,93.125,Manipur,13.93,93.0,107.23,259.26,462.73,0.95,3.0,275.9,30.23,93.66,-0.002097,0,negative
APDA-NEG-00579,2014-08-21,30.5,76.875,Himachal Pradesh,0.02,1.47,43.69,90.4,210.71,0.48,-0.1333,298.08,0.59,195.1,0.000987,0,negative
7364,2015-07-31,24.819,94.355,Manipur,79.86,103.04,118.66,264.74,352.73,0.98,2.1714,1608.86,28.38,289.06,-0.001349,1,positive
3756,2011-07-10,31.71,76.933,Himachal Pradesh,14.11,34.86,66.52,126.02,249.39,0.73,1.0783,770.19,2.37,94.03,-0.001707,1,positive
2454,2010-09-19,30.901,79.532,Uttarakhand,29.35,64.94,93.64,145.48,286.26,0.9,2.9724,5843.71,45.6,102.95,-0.016862,1,positive
4858,2013-05-11,26.166,91.714,Assam,38.98,109.25,235.03,337.59,409.56,0.88,2.3006,138.12,22.19,83.95,0.005159,1,positive
APDA-NEG-00870,2010-10-09,24.5,93.125,Manipur,24.54,167.86,194.91,225.75,351.97,0.95,3.0,489.42,31.49,307.92,0.01086,0,negative
APDA-NEG-01629,2013-06-24,29.5,80.625,Uttarakhand,76.65,87.46,94.37,188.55,228.34,0.77,1.8,2217.17,32.44,5.59,0.001258,0,negative
4513,2012-08-24,32.1,76.27,Himachal Pradesh,9.32,43.62,67.2,119.52,182.38,0.68,-0.3262,769.13,16.95,189.93,0.002489,1,positive
APDA-NEG-00792,2015-08-01,24.0,93.125,Manipur,10.71,88.0,118.64,278.99,491.54,0.95,3.0,1156.07,10.45,264.05,-0.013664,0,negative
APDA-NEG-00431,2010-09-19,32.5,78.125,Himachal Pradesh,13.59,23.36,30.5,60.63,123.7,0.69,1.2667,5364.12,23.0,184.14,0.001507,0,negative
APDA-NEG-00644,2012-08-18,32.5,78.125,Himachal Pradesh,19.11,26.88,50.86,70.19,109.26,0.57,0.4667,5364.12,23.0,184.14,0.001507,0,negative
APDA-NEG-00982,2015-09-05,25.0,90.625,Meghalaya,15.99,49.44,180.29,253.84,440.44,0.95,3.0,9.45,0.41,97.51,-0.000647,0,negative
APDA-NEG-01148,2010-08-14,27.0,94.375,Nagaland,27.89,77.91,96.84,142.8,357.28,0.93,2.8667,86.0,0.0,0.0,0.0,0,negative
APDA-NEG-01240,2007-10-16,27.0,95.0,Nagaland,14.08,36.59,46.22,56.73,94.4,0.87,2.4667,117.36,3.0,28.88,0.00233,0,negative
APDA-NEG-00364,2010-07-07,30.5,76.875,Himachal Pradesh,6.32,107.42,183.56,226.41,302.15,0.7,1.3333,298.08,0.59,195.1,0.000987,0,negative
APDA-NEG-00067,2014-10-01,27.0,94.375,Arunachal Pradesh,0.0,0.02,77.02,224.84,380.45,0.93,2.8667,86.0,0.0,0.0,0.0,0,negative
APDA-NEG-00027,2011-07-19,28.0,93.75,Arunachal Pradesh,56.08,141.84,266.56,324.35,516.43,0.95,3.0,576.05,30.81,45.85,0.021021,0,negative
APDA-NEG-01305,2007-09-11,27.15,88.7632,Sikkim,6.06,18.55,137.3,206.44,336.55,0.9,2.6667,2635.98,24.27,20.83,-0.003513,0,negative
APDA-NEG-00534,2010-07-31,30.5,76.875,Himachal Pradesh,43.52,84.12,112.77,210.41,407.85,0.83,2.2,298.08,0.59,195.1,0.000987,0,negative
7296,2015-07-24,30.416,78.342,Uttarakhand,1.04,7.13,35.72,240.07,419.96,0.82,0.5544,2342.46,21.45,279.39,0.001532,1,positive
3763,2011-07-12,31.106,77.178,Himachal Pradesh,0.18,13.58,58.16,93.53,241.7,0.57,0.2451,2208.3,31.02,224.42,0.003392,1,positive
APDA-NEG-00793,2010-08-21,25.0,93.125,Manipur,5.95,25.35,58.85,93.2,242.68,0.9,2.6667,275.9,30.23,93.66,-0.002097,0,negative
4377,2012-06-02,26.148,91.736,Assam,12.72,43.71,113.79,140.23,184.34,0.79,0.4401,50.4,0.84,349.78,0.000362,1,positive
APDA-NEG-01536,2015-07-24,29.5,78.75,Uttarakhand,4.46,12.89,23.65,199.89,427.15,0.73,1.5333,285.78,7.49,11.54,0.004111,0,negative
APDA-NEG-01147,2010-08-19,26.0,95.0,Nagaland,13.74,29.82,94.99,131.29,276.17,0.96,3.0667,1150.77,10.47,188.47,-0.011555,0,negative
APDA-NEG-00500,2008-09-19,31.5,78.75,Himachal Pradesh,22.81,33.65,36.11,57.99,104.94,0.85,2.3333,4989.8,15.71,68.13,-0.003931,0,negative
4394,2012-06-07,27.175,88.646,Sikkim,0.08,19.22,36.78,99.4,137.94,0.51,-0.1468,956.46,21.32,284.28,0.003638,1,positive
4920,2013-06-15,31.517,78.098,Himachal Pradesh,46.03,90.81,112.13,115.54,120.23,0.69,1.4038,1721.5,17.26,345.6,-0.003721,1,positive
6990,2015-06-24,26.032,94.547,Nagaland,13.93,42.27,87.83,166.46,382.43,0.9,1.5291,1568.23,41.88,337.17,0.00166,1,positive
APDA-NEG-01633,2013-07-04,30.5,80.0,Uttarakhand,0.45,7.42,19.24,95.76,241.62,0.77,1.8,5403.64,16.29,342.16,0.008133,0,negative
APDA-NEG-00895,2015-08-01,24.0,94.375,Manipur,2.09,71.58,85.55,159.45,237.74,0.74,1.6,308.07,14.0,233.72,-0.007124,0,negative
APDA-NEG-01201,2013-08-04,25.5,94.375,Nagaland,9.27,14.56,45.23,93.41,296.08,0.87,2.4667,1690.52,34.92,313.33,-0.003122,0,negative
942,2008-12-21,30.895,77.089,Himachal Pradesh,0.0,1.2,1.3,2.17,2.17,0.47,1.0562,1658.34,32.88,159.67,0.008642,1,positive
APDA-NEG-01132,2015-08-19,27.0,95.0,Nagaland,28.12,49.48,102.37,202.38,331.3,0.93,2.8667,117.36,3.0,28.88,0.00233,0,negative
APDA-NEG-01446,2010-09-19,31.0,79.375,Uttarakhand,29.35,64.94,93.64,145.48,286.26,0.9,2.6667,5085.99,17.29,81.7,0.00088,0,negative
212,2007-08-26,25.558,91.851,Meghalaya,40.07,55.66,69.77,173.25,357.92,0.96,0.3282,1667.74,8.75,115.07,-0.002371,1,positive
APDA-NEG-01339,2010-09-04,27.5,88.125,Sikkim,2.52,18.48,49.58,158.88,302.2,0.93,2.8667,4104.06,56.52,298.77,0.014678,0,negative
APDA-NEG-00859,2015-07-22,24.5,94.375,Manipur,10.84,38.36,128.61,170.35,316.68,0.82,2.1333,319.22,17.67,30.12,-0.00491,0,negative
APDA-NEG-01644,2011-12-10,31.0,79.375,Uttarakhand,0.0,3.39,3.71,3.71,3.71,0.68,1.2,5085.99,17.29,81.7,0.00088,0,negative
5183,2013-07-24,30.306,79.329,Uttarakhand,15.7,26.23,96.52,169.02,342.6,0.92,1.7763,949.57,5.83,168.12,-0.003367,1,positive
APDA-NEG-01319,2009-08-26,27.15,88.8,Sikkim,6.68,17.01,83.26,267.56,453.94,0.89,2.6,1594.02,19.03,313.44,-0.001078,0,negative
1130,2009-09-01,29.704,78.566,Uttarakhand,5.41,29.14,51.23,106.57,290.24,0.73,-0.1399,426.37,31.45,223.03,0.001526,1,positive
5196,2013-07-25,30.893,78.48,Uttarakhand,1.54,17.56,82.59,167.13,302.54,0.94,1.924,3566.05,31.93,36.43,0.001289,1,positive
APDA-NEG-00994,2015-06-13,26.0,91.25,Meghalaya,10.88,89.65,167.52,249.36,429.0,0.79,1.9333,43.29,0.09,114.93,-0.000208,0,negative
APDA-NEG-01662,2014-07-24,30.5,77.5,Uttarakhand,8.41,32.87,73.62,183.15,233.13,0.62,0.8,425.48,0.38,300.89,0.001817,0,negative
3917,2011-08-13,31.708,76.931,Himachal Pradesh,14.49,56.36,96.04,152.97,343.64,0.86,0.9328,765.99,7.58,188.53,0.006465,1,positive
APDA-NEG-01483,2010-08-22,30.5,80.0,Uttarakhand,9.3,30.02,62.98,107.0,250.44,0.81,2.0667,5403.64,16.29,342.16,0.008133,0,negative
4940,2013-06-17,30.307,78.017,Uttarakhand,87.77,352.92,463.42,488.85,497.92,0.93,2.7365,624.92,4.8,258.44,0.005684,1,positive
APDA-NEG-01203,2013-08-04,27.0,95.0,Nagaland,7.48,8.99,45.14,158.95,307.96,0.9,2.6667,117.36,3.0,28.88,0.00233,0,negative
APDA-NEG-00567,2013-08-07,31.5,78.75,Himachal Pradesh,8.61,47.18,87.38,129.89,236.28,0.9,2.6667,4989.8,15.71,68.13,-0.003931,0,negative
APDA-NEG-01517,2010-09-19,29.5,80.625,Uttarakhand,11.12,102.37,158.45,240.79,462.36,0.94,2.9333,2217.17,32.44,5.59,0.001258,0,negative
3821,2011-07-21,29.733,79.637,Uttarakhand,8.12,46.77,147.49,248.26,553.83,0.89,1.3223,1556.95,23.22,352.56,0.000619,1,positive
APDA-NEG-00557,2013-07-14,32.5,76.875,Himachal Pradesh,4.32,6.14,79.28,119.54,240.36,0.81,2.0667,5101.1,32.0,358.76,0.004829,0,negative
7385,2015-08-01,24.004,93.982,Manipur,5.31,82.66,101.37,202.03,310.51,0.86,1.9581,1422.75,29.26,66.5,0.002624,1,positive
APDA-NEG-01864,2014-07-19,29.5,80.625,Uttarakhand,84.8,130.97,150.49,192.69,230.22,0.85,2.3333,2217.17,32.44,5.59,0.001258,0,negative
APDA-NEG-01070,2010-09-13,23.5,93.125,Mizoram,5.92,10.64,23.16,48.17,130.81,0.75,1.6667,768.55,33.9,313.22,0.007988,0,negative
APDA-NEG-00439,2010-09-19,32.5,76.875,Himachal Pradesh,13.67,17.45,26.88,102.2,203.32,0.89,2.6,5101.1,32.0,358.76,0.004829,0,negative
APDA-NEG-01447,2010-07-20,31.0,79.375,Uttarakhand,12.06,28.89,39.36,66.64,118.88,0.68,1.2,5085.99,17.29,81.7,0.00088,0,negative
APDA-NEG-01056,2013-05-07,23.5,93.125,Mizoram,24.94,76.11,155.69,166.48,200.68,0.77,1.8,768.55,33.9,313.22,0.007988,0,negative
APDA-NEG-00613,2015-08-09,30.5,76.875,Himachal Pradesh,7.79,55.02,71.6,111.35,357.13,0.76,1.7333,298.08,0.59,195.1,0.000987,0,negative
4926,2013-06-16,30.674,77.354,Himachal Pradesh,153.7,286.17,391.94,401.2,409.24,0.94,3.4099,1514.34,23.48,30.64,-0.008659,1,positive
APDA-NEG-00243,2014-09-22,25.5,90.625,Assam,110.54,208.07,284.09,344.19,495.97,0.99,3.2667,263.81,5.53,161.64,-0.002985,0,negative
2427,2010-09-14,32.311,77.22,Himachal Pradesh,3.09,34.59,48.2,99.9,218.95,0.86,1.7012,3392.42,30.01,226.41,-0.000374,1,positive
APDA-NEG-01696,2013-07-25,30.5,77.5,Uttarakhand,4.96,23.56,111.7,252.93,451.61,0.92,2.8,425.48,0.38,300.89,0.001817,0,negative
APDA-NEG-01226,2010-10-10,25.5,94.375,Nagaland,0.87,76.09,120.34,143.49,255.27,0.93,2.8667,1690.52,34.92,313.33,-0.003122,0,negative
APDA-NEG-00594,2010-07-07,32.0,78.125,Himachal Pradesh,0.85,26.76,42.07,58.57,74.55,0.48,-0.1333,5347.43,45.52,279.8,-0.005436,0,negative
APDA-NEG-00390,2011-08-07,33.0,77.5,Himachal Pradesh,3.92,9.03,12.66,48.59,92.59,0.54,0.2667,5155.49,22.24,314.26,0.012153,0,negative
5068,2013-07-10,30.363,79.214,Uttarakhand,2.64,28.23,90.72,139.12,548.19,0.86,1.5928,1646.36,16.91,95.27,0.0106,1,positive
1996,2010-06-18,26.433,94.883,Nagaland,10.25,33.6,104.02,237.79,347.47,0.9,1.3656,561.19,28.13,213.6,1.5e-05,1,positive
3146,2011-02-25,32.187,77.177,Himachal Pradesh,1.73,2.07,2.33,26.96,37.92,0.68,0.5306,2255.51,46.59,72.38,0.001306,1,positive
APDA-NEG-00580,2013-08-21,33.0,77.5,Himachal Pradesh,4.36,22.01,55.57,92.35,156.45,0.71,1.4,5155.49,22.24,314.26,0.012153,0,negative
3619,2011-06-18,27.489,88.445,Sikkim,7.43,17.5,27.47,40.74,89.27,0.6,-0.05,1893.06,39.62,79.59,0.005186,1,positive
2391,2010-09-04,30.899,78.34,Uttarakhand,12.86,43.03,103.13,249.49,409.54,0.95,1.2729,1785.4,42.07,173.07,0.000549,1,positive
APDA-NEG-00399,2010-07-31,33.0,77.5,Himachal Pradesh,14.95,26.62,64.57,113.12,144.6,0.62,0.8,5155.49,22.24,314.26,0.012153,0,negative
APDA-NEG-00619,2015-08-12,31.5,78.75,Himachal Pradesh,1.25,8.43,40.28,75.95,117.04,0.79,1.9333,4989.8,15.71,68.13,-0.003931,0,negative
APDA-NEG-00330,2010-06-15,26.5,94.375,Assam,40.07,75.47,135.07,260.58,370.59,0.91,2.7333,307.93,20.68,270.76,-0.012984,0,negative
APDA-NEG-01094,2007-09-29,23.5,92.5,Mizoram,8.21,8.24,10.68,19.57,271.71,0.85,2.3333,697.5,31.7,35.92,-0.007925,0,negative
APDA-NEG-00541,2013-07-06,33.0,77.5,Himachal Pradesh,0.04,6.52,9.47,27.11,119.97,0.54,0.2667,5155.49,22.24,314.26,0.012153,0,negative
APDA-NEG-00572,2008-08-08,31.5,78.75,Himachal Pradesh,11.1,18.2,54.04,120.64,209.22,0.84,2.2667,4989.8,15.71,68.13,-0.003931,0,negative
1061,2009-07-01,27.478,88.527,Sikkim,17.12,24.76,41.67,50.88,68.66,0.67,-0.0366,765.6,33.03,338.98,0.003757,1,positive
APDA-NEG-00124,2014-06-27,29.0,96.25,Arunachal Pradesh,7.9,10.53,23.8,65.67,86.56,0.71,1.4,4424.4,28.85,66.8,0.001741,0,negative
APDA-NEG-01565,2011-07-10,29.0,79.375,Uttarakhand,45.72,55.35,74.56,362.25,401.65,0.79,1.9333,215.32,0.43,292.55,0.001399,0,negative
3900,2011-08-08,30.652,79.557,Uttarakhand,1.11,3.82,40.96,141.08,318.15,0.85,0.8766,3450.31,6.34,193.72,-0.004533,1,positive
6162,2014-07-19,30.431,78.08,Uttarakhand,19.59,47.41,133.06,169.22,203.13,0.79,0.5119,1485.96,26.63,249.46,0.007507,1,positive
APDA-NEG-00853,2013-09-24,24.5,94.375,Manipur,0.35,0.77,1.99,91.37,251.63,0.88,2.5333,319.22,17.67,30.12,-0.00491,0,negative
5098,2013-07-14,32.17,77.179,Himachal Pradesh,4.28,7.78,113.59,160.69,346.95,0.84,1.2324,1614.32,10.24,38.99,-0.000224,1,positive
APDA-NEG-01357,2012-06-07,27.15,88.1,Sikkim,0.16,20.24,37.26,99.99,131.81,0.51,0.0667,2395.93,26.81,256.33,0.013169,0,negative
APDA-NEG-00382,2013-07-14,32.5,78.125,Himachal Pradesh,1.14,3.36,22.49,35.64,164.34,0.57,0.4667,5364.12,23.0,184.14,0.001507,0,negative
APDA-NEG-00916,2015-08-01,24.0,94.375,Manipur,2.09,71.58,85.55,159.45,237.74,0.74,1.6,308.07,14.0,233.72,-0.007124,0,negative
APDA-NEG-01196,2011-06-28,26.0,95.0,Nagaland,7.58,37.03,70.96,118.54,286.8,0.89,2.6,1150.77,10.47,188.47,-0.011555,0,negative
5269,2013-08-04,25.838,94.523,Nagaland,5.78,14.93,47.43,109.0,290.88,0.89,0.7207,800.22,5.54,20.79,0.001602,1,positive
APDA-NEG-01605,2013-06-13,30.5,80.0,Uttarakhand,17.25,26.55,37.75,47.23,48.14,0.63,0.8667,5403.64,16.29,342.16,0.008133,0,negative
7373,2015-08-01,24.911,94.476,Manipur,4.9,104.34,121.77,229.36,353.87,0.89,1.428,1824.67,26.45,120.27,-0.005318,1,positive
264,2007-09-13,26.183,91.8,Assam,2.25,9.52,143.47,300.49,391.61,0.92,0.7788,66.86,1.47,13.99,7.5e-05,1,positive
APDA-NEG-00936,2011-07-29,25.0,93.125,Manipur,1.27,5.4,31.56,207.57,330.67,0.89,2.6,275.9,30.23,93.66,-0.002097,0,negative
241,2007-09-07,27.201,88.488,Sikkim,48.76,109.89,146.28,204.69,333.64,0.92,0.9937,382.96,36.0,294.67,0.001441,1,positive
2422,2010-09-13,23.742,92.714,Mizoram,9.93,17.18,36.45,70.49,218.07,0.86,0.5007,924.18,14.63,202.03,0.00055,1,positive
APDA-NEG-00376,2010-07-07,32.0,78.125,Himachal Pradesh,0.85,26.76,42.07,58.57,74.55,0.48,-0.1333,5347.43,45.52,279.8,-0.005436,0,negative
APDA-NEG-00958,2007-07-26,26.0,90.625,Meghalaya,30.27,69.55,120.96,285.79,403.42,0.85,2.3333,62.04,6.07,73.96,0.000375,0,negative
6510,2014-08-15,30.118,78.747,Uttarakhand,77.74,114.15,159.41,327.55,488.85,0.95,1.1367,1464.73,11.26,237.6,0.002364,1,positive
APDA-NEG-00419,2010-09-15,33.0,77.5,Himachal Pradesh,0.17,2.61,17.87,40.49,92.43,0.65,1.0,5155.49,22.24,314.26,0.012153,0,negative
APDA-NEG-00825,2011-07-06,24.5,93.125,Manipur,4.0,29.64,63.76,203.46,333.45,0.86,2.4,489.42,31.49,307.92,0.01086,0,negative
APDA-NEG-00513,2012-09-18,30.5,76.875,Himachal Pradesh,12.99,65.76,116.81,175.73,294.1,0.8,2.0,298.08,0.59,195.1,0.000987,0,negative
APDA-NEG-00175,2010-06-03,28.0,93.75,Assam,4.74,36.02,58.99,124.55,263.85,0.82,2.1333,576.05,30.81,45.85,0.021021,0,negative
APDA-NEG-01623,2013-06-18,30.5,77.5,Uttarakhand,1.01,239.81,443.18,487.15,495.35,0.84,2.2667,425.48,0.38,300.89,0.001817,0,negative
2202,2010-08-05,30.407,79.335,Uttarakhand,8.24,29.71,183.67,253.42,370.79,0.84,0.792,1045.34,40.04,355.4,0.001197,1,positive
1776,2010-04-21,25.361,92.285,Meghalaya,22.82,90.58,192.15,219.08,373.26,0.85,1.5897,1216.53,7.19,83.5,0.006625,1,positive
APDA-NEG-01458,2015-06-21,31.0,79.375,Uttarakhand,0.83,6.42,8.92,13.7,14.9,0.64,0.9333,5085.99,17.29,81.7,0.00088,0,negative
7370,2015-08-01,24.142,94.108,Manipur,2.09,71.58,85.55,159.45,237.74,0.74,1.7127,1187.2,34.45,319.03,-0.004991,1,positive
APDA-NEG-00421,2010-09-19,32.0,78.125,Himachal Pradesh,21.77,41.57,55.29,101.82,196.97,0.82,2.1333,5347.43,45.52,279.8,-0.005436,0,negative
APDA-NEG-00800,2011-07-22,24.5,94.375,Manipur,5.5,39.36,128.4,198.77,348.17,0.89,2.6,319.22,17.67,30.12,-0.00491,0,negative
7409,2015-08-02,25.72,94.622,Nagaland,0.7,71.33,99.02,197.07,332.89,0.88,1.0681,1717.44,48.94,347.52,-0.000895,1,positive
4845,2013-05-07,24.232,92.676,Mizoram,55.11,132.57,243.11,277.93,335.05,0.87,2.1252,671.68,7.22,343.24,0.000747,1,positive
APDA-NEG-00555,2013-07-07,31.5,78.75,Himachal Pradesh,22.79,30.59,43.68,101.35,378.37,0.87,2.4667,4989.8,15.71,68.13,-0.003931,0,negative
APDA-NEG-01047,2010-09-13,22.5,93.125,Mizoram,5.13,13.96,29.88,51.74,201.06,0.81,2.0667,448.6,33.09,143.87,-0.000616,0,negative
APDA-NEG-01513,2010-09-19,29.0,79.375,Uttarakhand,48.66,150.95,210.24,324.79,682.55,0.97,3.1333,215.32,0.43,292.55,0.001399,0,negative
APDA-NEG-01632,2013-08-28,30.5,80.0,Uttarakhand,2.08,7.78,15.69,50.03,143.04,0.83,2.2,5403.64,16.29,342.16,0.008133,0,negative
APDA-NEG-00197,2011-09-06,25.0,90.625,Assam,11.43,22.93,33.91,101.43,569.96,0.89,2.6,9.45,0.41,97.51,-0.000647,0,negative
APDA-NEG-00204,2012-06-25,27.0,94.375,Assam,27.26,73.88,128.36,244.48,405.54,0.87,2.4667,86.0,0.0,0.0,0.0,0,negative
APDA-NEG-00778,2010-08-19,25.0,93.125,Manipur,10.39,25.98,63.54,81.51,246.04,0.91,2.7333,275.9,30.23,93.66,-0.002097,0,negative
4798,2013-04-07,28.825,96.151,Arunachal Pradesh,0.08,5.32,14.62,36.31,54.52,0.72,0.8176,3615.86,28.16,95.28,0.000874,1,positive
APDA-NEG-01026,2014-10-20,25.5,90.625,Meghalaya,0.0,0.21,11.26,46.71,303.55,0.9,2.6667,263.81,5.53,161.64,-0.002985,0,negative
APDA-NEG-01077,2015-08-27,22.5,93.125,Mizoram,6.43,9.96,32.23,258.05,423.48,0.93,2.8667,448.6,33.09,143.87,-0.000616,0,negative
APDA-NEG-01121,2010-06-15,27.0,95.0,Nagaland,30.24,62.0,119.52,240.12,353.56,0.92,2.8,117.36,3.0,28.88,0.00233,0,negative
APDA-NEG-00901,2015-08-01,24.0,93.75,Manipur,5.31,82.66,101.37,202.03,310.51,0.86,2.4,938.27,22.91,215.12,-0.015373,0,negative
APDA-NEG-01713,2013-10-16,31.0,79.375,Uttarakhand,0.25,0.25,2.01,9.05,30.24,0.76,1.7333,5085.99,17.29,81.7,0.00088,0,negative
APDA-NEG-00799,2010-08-27,25.0,93.125,Manipur,8.73,15.13,35.38,107.93,221.57,0.9,2.6667,275.9,30.23,93.66,-0.002097,0,negative
APDA-NEG-01521,2010-09-19,30.5,77.5,Uttarakhand,76.25,149.22,217.19,380.15,731.67,0.99,3.2667,425.48,0.38,300.89,0.001817,0,negative
APDA-NEG-00069,2015-06-09,28.0,93.75,Arunachal Pradesh,51.99,124.3,202.09,330.12,505.84,0.93,2.8667,576.05,30.81,45.85,0.021021,0,negative
APDA-NEG-00606,2010-09-20,30.5,76.875,Himachal Pradesh,2.14,51.9,82.17,226.44,385.42,0.88,2.5333,298.08,0.59,195.1,0.000987,0,negative
3839,2011-07-25,32.19,77.187,Himachal Pradesh,2.78,24.24,47.52,143.12,260.25,0.82,0.5925,1738.33,40.91,92.65,-0.003906,1,positive
APDA-NEG-00218,2015-09-23,25.0,90.625,Assam,29.24,89.92,130.93,202.14,472.03,0.95,3.0,9.45,0.41,97.51,-0.000647,0,negative
3683,2011-07-01,25.878,94.174,Nagaland,19.89,41.75,91.78,151.44,246.03,0.89,1.2216,1358.92,23.75,128.33,-0.002253,1,positive
APDA-NEG-00946,2015-07-22,24.5,93.125,Manipur,19.73,51.03,171.73,298.74,461.69,0.94,2.9333,489.42,31.49,307.92,0.01086,0,negative
APDA-NEG-01079,2015-08-28,24.0,92.5,Mizoram,6.51,15.3,31.1,197.99,399.26,0.93,2.8667,707.92,8.18,84.72,-0.000283,0,negative
APDA-NEG-01631,2013-06-25,29.5,78.75,Uttarakhand,62.52,102.77,108.95,411.15,447.87,0.86,2.4,285.78,7.49,11.54,0.004111,0,negative
APDA-NEG-00987,2014-10-20,25.5,92.5,Meghalaya,0.0,0.59,18.5,44.87,268.48,0.88,2.5333,1063.07,25.33,13.62,-0.014165,0,negative
APDA-NEG-01693,2013-08-13,30.5,77.5,Uttarakhand,21.42,50.51,103.16,309.42,576.09,0.96,3.0667,425.48,0.38,300.89,0.001817,0,negative
5346,2013-08-17,31.034,78.725,Uttarakhand,20.72,41.8,88.17,229.67,379.89,0.96,2.1859,2507.87,34.37,222.51,0.002198,1,positive
APDA-NEG-00163,2008-10-29,25.5,90.625,Assam,0.0,20.17,77.16,77.16,165.64,0.9,2.6667,263.81,5.53,161.64,-0.002985,0,negative
APDA-NEG-01052,2015-06-19,24.0,93.125,Mizoram,5.24,8.83,40.37,133.88,247.19,0.78,1.8667,1156.07,10.45,264.05,-0.013664,0,negative
APDA-NEG-00395,2010-07-25,32.0,78.125,Himachal Pradesh,0.52,3.51,35.85,54.05,102.85,0.5,0.0,5347.43,45.52,279.8,-0.005436,0,negative
1111,2009-08-20,27.134,88.458,Sikkim,47.06,120.65,200.19,274.7,501.12,0.93,1.1622,647.34,18.82,325.91,0.00434,1,positive
APDA-NEG-01166,2010-07-06,27.0,94.375,Nagaland,22.53,54.28,96.95,198.37,518.1,0.92,2.8,86.0,0.0,0.0,0.0,0,negative
APDA-NEG-00159,2008-08-14,25.5,92.5,Assam,13.97,46.46,117.0,197.97,319.6,0.93,2.8667,1063.07,25.33,13.62,-0.014165,0,negative
APDA-NEG-01547,2011-06-29,30.5,77.5,Uttarakhand,18.3,28.42,133.85,185.42,287.62,0.71,1.4,425.48,0.38,300.89,0.001817,0,negative
3905,2011-08-10,30.283,78.304,Uttarakhand,5.26,10.01,54.07,199.99,419.7,0.9,0.777,1688.58,39.97,325.68,-0.015457,1,positive
7012,2015-06-25,30.684,79.048,Uttarakhand,25.46,29.94,48.35,55.71,57.69,0.74,0.7418,2486.18,18.01,1.89,-0.002477,1,positive
7838,2015-08-27,23.687,93.017,Mizoram,5.0,8.31,32.13,162.34,308.36,0.92,1.6969,613.46,32.28,209.97,-0.001411,1,positive
5023,2013-07-04,30.071,80.239,Uttarakhand,0.72,9.99,28.86,180.58,362.51,0.83,1.6492,2062.42,12.98,120.99,0.003791,1,positive
APDA-NEG-01076,2010-08-06,23.5,93.125,Mizoram,0.22,10.98,27.6,74.05,162.35,0.77,1.8,768.55,33.9,313.22,0.007988,0,negative
APDA-NEG-01581,2011-08-10,30.5,77.5,Uttarakhand,4.93,13.38,60.53,204.16,435.24,0.88,2.5333,425.48,0.38,300.89,0.001817,0,negative
APDA-NEG-00849,2013-09-01,24.5,93.125,Manipur,5.32,11.11,56.37,103.91,325.3,0.9,2.6667,489.42,31.49,307.92,0.01086,0,negative
5088,2013-07-12,29.38,79.463,Uttarakhand,4.75,27.56,173.69,216.28,655.49,0.89,1.7327,1946.41,14.39,164.98,-0.000794,1,positive
APDA-NEG-01441,2010-02-23,29.5,78.75,Uttarakhand,4.12,4.23,4.23,22.98,33.13,0.43,-0.4667,285.78,7.49,11.54,0.004111,0,negative
6288,2014-09-22,26.199,91.8,Assam,126.76,191.59,231.7,267.93,354.68,0.97,1.8756,95.98,22.6,359.57,0.002251,1,positive
APDA-NEG-01009,2015-09-23,25.5,92.5,Meghalaya,37.97,83.05,107.62,187.02,481.34,0.98,3.2,1063.07,25.33,13.62,-0.014165,0,negative
2577,2010-10-09,25.527,93.867,Manipur,26.82,107.81,120.26,149.78,258.3,0.94,2.1942,1348.91,21.87,210.88,0.006359,1,positive
5611,2013-10-18,30.535,79.085,Uttarakhand,0.03,0.39,0.57,13.42,55.06,0.83,1.6099,1408.62,21.86,120.94,0.002189,1,positive
APDA-NEG-00464,2010-07-07,33.0,77.5,Himachal Pradesh,0.83,13.0,18.52,27.77,38.43,0.42,-0.5333,5155.49,22.24,314.26,0.012153,0,negative
7335,2015-08-18,25.515,90.202,Meghalaya,15.22,43.75,59.02,102.65,270.29,0.89,0.4299,284.44,26.05,246.08,-0.000967,1,positive
APDA-NEG-01181,2013-07-12,27.0,95.0,Nagaland,7.64,21.33,62.85,195.06,362.54,0.88,2.5333,117.36,3.0,28.88,0.00233,0,negative
APDA-NEG-01272,2010-08-14,26.5,94.375,Nagaland,16.59,53.98,68.71,101.59,271.8,0.93,2.8667,307.93,20.68,270.76,-0.012984,0,negative
7285,2015-07-26,31.126,77.353,Himachal Pradesh,11.81,31.21,47.27,147.65,344.79,0.9,0.7618,2278.69,3.57,259.16,0.006486,1,positive
APDA-NEG-00033,2011-08-15,29.0,95.625,Arunachal Pradesh,10.06,34.84,43.75,83.12,201.14,0.85,2.3333,2967.53,32.82,99.99,-0.011499,0,negative
APDA-NEG-00930,2010-10-08,24.0,93.75,Manipur,72.28,130.48,136.62,161.34,235.03,0.93,2.8667,938.27,22.91,215.12,-0.015373,0,negative
APDA-NEG-01183,2013-07-13,26.5,94.375,Nagaland,7.16,40.94,70.74,185.82,343.5,0.84,2.2667,307.93,20.68,270.76,-0.012984,0,negative
2469,2010-09-19,30.901,77.467,Himachal Pradesh,61.51,118.73,171.84,316.03,594.7,1.0,2.1616,2442.42,40.39,214.82,-0.001532,1,positive
APDA-NEG-01160,2010-10-08,25.5,94.375,Nagaland,52.1,92.98,96.35,132.66,238.6,0.98,3.2,1690.52,34.92,313.33,-0.003122,0,negative
7390,2015-08-01,24.427,94.191,Manipur,3.7,100.7,118.29,220.65,329.07,0.87,1.5219,1298.96,12.73,250.79,-0.004923,1,positive
APDA-NEG-00352,2008-08-17,31.5,78.75,Himachal Pradesh,8.57,33.31,79.82,151.04,244.77,0.88,2.5333,4989.8,15.71,68.13,-0.003931,0,negative
1611,2010-04-01,25.155,93.028,Assam,40.47,104.47,158.73,163.85,176.46,0.86,2.8394,593.92,28.88,197.51,-0.001517,1,positive
APDA-NEG-00989,2015-06-13,26.0,91.25,Meghalaya,10.88,89.65,167.52,249.36,429.0,0.79,1.9333,43.29,0.09,114.93,-0.000208,0,negative
4933,2013-06-16,31.599,78.438,Himachal Pradesh,102.57,166.77,212.94,217.8,222.73,0.86,2.8413,2309.48,55.71,127.71,0.016922,1,positive
6552,2014-08-26,31.559,77.928,Himachal Pradesh,0.88,0.88,1.2,61.29,149.95,0.66,-0.7863,1617.98,41.91,270.6,0.003583,1,positive
APDA-NEG-00629,2015-12-29,31.5,78.75,Himachal Pradesh,0.0,0.0,0.12,0.5,18.43,0.61,0.7333,4989.8,15.71,68.13,-0.003931,0,negative
APDA-NEG-00482,2010-10-04,31.5,78.75,Himachal Pradesh,0.0,0.02,2.08,23.34,193.38,0.88,2.5333,4989.8,15.71,68.13,-0.003931,0,negative
3840,2011-07-25,24.687,93.916,Manipur,2.86,6.69,86.47,208.01,357.0,0.91,1.4701,771.67,0.11,238.83,-4.4e-05,1,positive
APDA-NEG-01452,2011-06-29,30.5,77.5,Uttarakhand,18.3,28.42,133.85,185.42,287.62,0.71,1.4,425.48,0.38,300.89,0.001817,0,negative
APDA-NEG-00819,2011-05-31,24.0,93.125,Manipur,10.08,45.68,55.03,182.25,260.33,0.78,1.8667,1156.07,10.45,264.05,-0.013664,0,negative
APDA-NEG-01375,2013-09-08,27.5,88.125,Sikkim,2.65,24.89,73.85,139.39,245.2,0.92,2.8,4104.06,56.52,298.77,0.014678,0,negative
755,2008-08-28,27.337,88.609,Sikkim,3.56,14.14,30.97,103.28,230.27,0.86,0.3721,1553.28,17.82,324.74,-0.006083,1,positive
APDA-NEG-00957,2007-07-26,25.5,92.5,Meghalaya,26.73,87.56,126.04,226.55,348.44,0.94,2.9333,1063.07,25.33,13.62,-0.014165,0,negative
APDA-NEG-00948,2011-07-22,24.5,93.125,Manipur,5.56,43.21,135.31,211.58,415.79,0.9,2.6667,489.42,31.49,307.92,0.01086,0,negative
APDA-NEG-00342,2011-06-29,32.5,78.125,Himachal Pradesh,2.91,7.82,25.82,33.01,68.44,0.47,-0.2,5364.12,23.0,184.14,0.001507,0,negative
APDA-NEG-01638,2013-06-24,29.0,79.375,Uttarakhand,29.02,35.31,40.35,227.44,271.68,0.63,0.8667,215.32,0.43,292.55,0.001399,0,negative
APDA-NEG-01856,2015-07-28,31.0,79.375,Uttarakhand,0.93,7.62,21.74,35.15,134.09,0.73,1.5333,5085.99,17.29,81.7,0.00088,0,negative
5097,2013-07-14,31.471,77.675,Himachal Pradesh,4.74,12.69,83.61,143.73,477.82,0.88,1.76,1048.87,46.97,53.34,-0.004415,1,positive
APDA-NEG-00248,2012-06-25,27.0,94.375,Assam,27.26,73.88,128.36,244.48,405.54,0.87,2.4667,86.0,0.0,0.0,0.0,0,negative
APDA-NEG-01111,2007-08-28,25.5,94.375,Nagaland,2.45,10.41,29.27,74.02,105.82,0.7,1.3333,1690.52,34.92,313.33,-0.003122,0,negative
APDA-NEG-00544,2015-07-26,32.5,76.875,Himachal Pradesh,14.52,24.23,48.77,159.67,294.12,0.91,2.7333,5101.1,32.0,358.76,0.004829,0,negative
4378,2012-06-02,28.825,96.152,Arunachal Pradesh,4.69,12.46,14.98,25.87,73.49,0.68,-0.2686,3580.52,18.65,100.5,-0.000928,1,positive
7699,2015-08-19,26.021,94.522,Nagaland,14.28,30.55,56.39,137.17,283.18,0.94,1.1529,1582.98,18.75,262.04,0.001564,1,positive
APDA-NEG-00616,2010-07-25,32.5,76.875,Himachal Pradesh,3.89,5.61,137.9,184.77,250.12,0.77,1.8,5101.1,32.0,358.76,0.004829,0,negative
APDA-NEG-00185,2010-10-09,26.5,94.375,Assam,16.7,50.86,58.63,129.52,288.4,0.95,3.0,307.93,20.68,270.76,-0.012984,0,negative
APDA-NEG-01343,2011-06-24,27.5,88.75,Sikkim,20.14,44.33,61.24,84.56,117.0,0.68,1.2,3955.2,32.18,303.05,-0.003542,0,negative
APDA-NEG-01187,2013-07-17,27.0,94.375,Nagaland,21.51,43.49,85.0,170.49,402.85,0.87,2.4667,86.0,0.0,0.0,0.0,0,negative
APDA-NEG-00504,2013-08-21,30.5,76.875,Himachal Pradesh,25.83,33.95,101.71,189.02,365.08,0.9,2.6667,298.08,0.59,195.1,0.000987,0,negative
APDA-NEG-00168,2014-06-27,28.0,93.75,Assam,28.12,46.89,97.24,180.76,287.38,0.84,2.2667,576.05,30.81,45.85,0.021021,0,negative
APDA-NEG-01290,2015-08-12,27.0,95.0,Nagaland,11.12,33.36,58.78,127.41,298.77,0.91,2.7333,117.36,3.0,28.88,0.00233,0,negative
APDA-NEG-00489,2011-08-07,30.5,76.875,Himachal Pradesh,1.41,27.32,41.3,106.45,277.26,0.7,1.3333,298.08,0.59,195.1,0.000987,0,negative
4556,2012-09-16,27.168,88.365,Sikkim,36.17,98.58,150.96,177.91,343.09,0.92,0.9317,1540.6,19.63,347.2,-0.002498,1,positive
APDA-NEG-00258,2014-09-22,26.5,94.375,Assam,15.76,64.26,104.26,197.19,269.72,0.93,2.8667,307.93,20.68,270.76,-0.012984,0,negative
APDA-NEG-00835,2011-07-29,24.5,93.125,Manipur,1.01,4.25,24.62,191.59,310.98,0.88,2.5333,489.42,31.49,307.92,0.01086,0,negative
APDA-NEG-00794,2015-08-01,25.0,93.125,Manipur,13.93,93.0,107.23,259.26,462.73,0.95,3.0,275.9,30.23,93.66,-0.002097,0,negative
APDA-NEG-00350,2010-08-11,31.5,78.75,Himachal Pradesh,1.0,18.74,49.21,167.96,257.31,0.83,2.2,4989.8,15.71,68.13,-0.003931,0,negative
2468,2010-09-19,30.904,77.097,Himachal Pradesh,35.98,56.2,82.43,230.46,393.68,0.9,1.855,1440.5,16.85,302.55,-0.00543,1,positive
5274,2013-08-04,26.084,94.564,Nagaland,5.78,14.93,47.43,109.0,290.88,0.89,0.7207,1838.86,20.53,119.93,-0.001441,1,positive
APDA-NEG-00839,2012-06-10,24.0,94.375,Manipur,4.32,5.27,30.2,84.11,104.33,0.54,0.2667,308.07,14.0,233.72,-0.007124,0,negative
7289,2015-07-26,31.709,76.93,Himachal Pradesh,13.68,24.55,36.6,228.68,424.06,0.86,1.4097,756.37,1.73,277.45,0.00287,1,positive
APDA-NEG-01016,2015-06-13,25.5,92.5,Meghalaya,32.26,105.13,265.65,377.71,590.6,0.95,3.0,1063.07,25.33,13.62,-0.014165,0,negative
APDA-NEG-00031,2011-08-12,28.0,95.0,Arunachal Pradesh,3.33,5.33,13.15,129.05,492.54,0.89,2.6,784.15,2.6,262.83,-0.001803,0,negative
APDA-NEG-00169,2010-04-01,25.5,92.5,Assam,16.86,75.24,117.83,125.09,131.39,0.81,2.0667,1063.07,25.33,13.62,-0.014165,0,negative
APDA-NEG-01071,2015-08-26,24.0,92.5,Mizoram,3.31,6.23,50.2,203.71,395.96,0.93,2.8667,707.92,8.18,84.72,-0.000283,0,negative
5209,2013-07-26,30.654,78.337,Uttarakhand,1.04,25.6,94.52,213.45,387.83,0.91,1.3121,996.94,37.34,30.2,-0.017807,1,positive
APDA-NEG-00182,2011-07-24,26.5,94.375,Assam,3.4,56.2,171.29,292.58,465.27,0.89,2.6,307.93,20.68,270.76,-0.012984,0,negative
APDA-NEG-00763,2007-09-11,25.0,93.125,Manipur,8.08,25.32,160.72,199.28,310.14,0.87,2.4667,275.9,30.23,93.66,-0.002097,0,negative
APDA-NEG-00413,2010-08-26,32.0,78.125,Himachal Pradesh,4.68,24.94,55.83,107.56,224.68,0.76,1.7333,5347.43,45.52,279.8,-0.005436,0,negative
78,2007-05-23,27.338,88.607,Sikkim,0.09,2.4,28.81,62.6,91.16,0.54,-0.1547,1513.47,22.46,321.84,0.004179,1,positive
APDA-NEG-01528,2015-08-15,29.5,80.625,Uttarakhand,4.55,10.65,23.97,55.79,130.14,0.71,1.4,2217.17,32.44,5.59,0.001258,0,negative
APDA-NEG-00047,2012-09-19,29.0,96.25,Arunachal Pradesh,10.81,23.74,52.4,87.82,193.71,0.89,2.6,4424.4,28.85,66.8,0.001741,0,negative
APDA-NEG-00406,2015-07-26,31.5,78.75,Himachal Pradesh,6.31,12.8,19.88,59.93,162.03,0.76,1.7333,4989.8,15.71,68.13,-0.003931,0,negative
APDA-NEG-00122,2012-09-19,28.0,93.75,Arunachal Pradesh,25.92,62.09,106.84,226.27,435.24,0.94,2.9333,576.05,30.81,45.85,0.021021,0,negative
APDA-NEG-01378,2013-09-07,27.15,88.8,Sikkim,12.73,56.12,123.62,216.02,386.1,0.92,2.8,1594.02,19.03,313.44,-0.001078,0,negative
2056,2010-07-11,32.304,77.211,Himachal Pradesh,11.24,15.23,54.14,76.6,97.33,0.59,-0.1956,3094.5,23.3,337.34,-0.003463,1,positive
4550,2012-09-14,30.285,78.983,Uttarakhand,22.52,77.03,105.32,158.69,444.76,0.97,1.7491,656.91,20.85,185.84,0.006125,1,positive
715,2008-08-14,31.0,77.12,Himachal Pradesh,28.03,111.29,208.01,328.56,422.73,0.92,2.0385,1442.23,17.88,115.72,0.001512,1,positive
1770,2010-04-20,26.197,91.763,Assam,33.21,123.36,189.67,214.75,297.34,0.85,2.0092,91.86,11.8,201.42,-0.009228,1,positive
APDA-NEG-01082,2014-07-14,24.5,93.125,Mizoram,6.18,16.74,25.79,75.38,325.75,0.81,2.0667,489.42,31.49,307.92,0.01086,0,negative
2345,2010-08-27,27.339,88.619,Sikkim,11.94,39.91,93.81,199.19,282.22,0.91,1.1068,1868.05,25.05,73.01,-0.006368,1,positive
APDA-NEG-01081,2015-09-14,24.5,93.125,Mizoram,26.51,33.21,58.82,172.24,332.55,0.94,2.9333,489.42,31.49,307.92,0.01086,0,negative
7591,2015-03-19,25.032,92.458,Assam,0.01,0.01,0.01,0.08,31.16,0.6,-0.0137,78.61,14.87,311.24,0.008403,1,positive
2411,2010-09-10,27.001,93.727,Arunachal Pradesh,15.17,73.01,134.58,273.57,530.59,0.95,1.3497,109.05,1.28,275.38,-0.000399,1,positive
APDA-NEG-00656,2010-07-07,32.5,76.875,Himachal Pradesh,2.28,33.99,52.76,77.49,100.91,0.59,0.6,5101.1,32.0,358.76,0.004829,0,negative
APDA-NEG-00433,2010-09-19,33.0,77.5,Himachal Pradesh,7.92,10.92,15.69,42.36,91.52,0.66,1.0667,5155.49,22.24,314.26,0.012153,0,negative
7649,2015-08-11,31.324,76.762,Himachal Pradesh,4.56,13.3,66.39,103.23,271.37,0.83,0.6399,576.18,12.89,213.63,-0.010871,1,positive
4966,2013-06-19,29.594,79.681,Uttarakhand,1.01,66.24,233.83,299.43,314.4,0.78,2.0935,1245.96,9.72,173.89,-0.006319,1,positive
322,2007-10-21,24.75,93.433,Manipur,2.38,19.51,65.78,121.83,136.18,0.83,0.3669,466.91,39.77,2.29,-0.000928,1,positive
APDA-NEG-01426,2013-07-25,29.5,80.625,Uttarakhand,19.75,38.78,147.1,221.9,434.99,0.92,2.8,2217.17,32.44,5.59,0.001258,0,negative
APDA-NEG-01661,2013-07-24,30.5,80.0,Uttarakhand,7.72,17.62,60.91,105.52,226.67,0.83,2.2,5403.64,16.29,342.16,0.008133,0,negative
APDA-NEG-00157,2008-06-15,26.5,94.375,Assam,1.49,47.72,113.43,191.33,335.91,0.77,1.8,307.93,20.68,270.76,-0.012984,0,negative
797,2008-09-19,31.1,77.165,Himachal Pradesh,114.48,164.66,168.24,211.99,253.72,0.91,1.9607,1893.9,29.15,329.17,0.003031,1,positive
5552,2013-09-24,25.099,94.362,Manipur,0.3,0.56,1.4,79.51,257.66,0.89,1.2972,1890.85,7.27,197.35,0.00175,1,positive
6968,2015-06-13,25.463,92.212,Meghalaya,32.26,105.13,265.65,377.71,590.6,0.95,1.5031,1381.35,4.78,229.07,-0.006096,1,positive
1154,2009-09-10,32.404,77.58,Himachal Pradesh,13.6,49.11,54.22,103.74,142.55,0.72,-0.2704,4367.11,3.21,110.06,0.001678,1,positive
APDA-NEG-00247,2014-09-22,25.5,90.625,Assam,110.54,208.07,284.09,344.19,495.97,0.99,3.2667,263.81,5.53,161.64,-0.002985,0,negative
1157,2009-09-13,31.103,77.163,Himachal Pradesh,0.0,48.21,124.02,222.3,285.94,0.73,0.2331,2021.9,28.34,8.8,-0.004233,1,positive
APDA-NEG-00269,2015-09-23,25.5,90.625,Assam,37.89,105.59,141.99,210.09,483.11,0.98,3.2,263.81,5.53,161.64,-0.002985,0,negative
APDA-NEG-01679,2013-07-26,30.5,80.0,Uttarakhand,1.05,15.49,54.13,106.59,195.31,0.82,2.1333,5403.64,16.29,342.16,0.008133,0,negative
4943,2013-06-17,29.599,79.659,Uttarakhand,58.3,193.41,253.36,292.24,306.46,0.9,2.9908,1584.88,12.4,187.56,0.002528,1,positive
APDA-NEG-00716,2010-08-11,33.0,77.5,Himachal Pradesh,0.43,11.12,37.92,100.38,181.3,0.64,0.9333,5155.49,22.24,314.26,0.012153,0,negative
APDA-NEG-00172,2015-09-01,27.0,94.375,Assam,14.84,105.23,270.42,383.12,548.16,0.96,3.0667,86.0,0.0,0.0,0.0,0,negative
6291,2014-09-21,25.735,90.385,Meghalaya,58.74,149.12,181.87,240.28,412.63,0.98,1.0271,338.06,6.98,283.0,0.001578,1,positive
APDA-NEG-00517,2013-06-12,32.5,76.875,Himachal Pradesh,9.95,28.17,28.67,32.26,37.03,0.68,1.2,5101.1,32.0,358.76,0.004829,0,negative
APDA-NEG-00627,2015-12-07,30.5,76.875,Himachal Pradesh,0.0,0.0,0.0,1.7,1.88,0.35,-1.0,298.08,0.59,195.1,0.000987,0,negative
APDA-NEG-01595,2012-08-14,31.0,79.375,Uttarakhand,10.24,18.33,38.16,94.1,151.74,0.74,1.6,5085.99,17.29,81.7,0.00088,0,negative
APDA-NEG-00160,2010-10-09,25.5,92.5,Assam,23.78,120.24,126.41,161.07,324.93,0.97,3.1333,1063.07,25.33,13.62,-0.014165,0,negative
2458,2010-09-19,30.902,78.776,Uttarakhand,56.47,116.35,168.45,276.01,536.77,0.98,2.2301,5236.27,28.35,263.27,-0.003972,1,positive
APDA-NEG-01149,2010-08-19,26.5,94.375,Nagaland,14.89,44.8,120.66,149.35,292.19,0.93,2.8667,307.93,20.68,270.76,-0.012984,0,negative
APDA-NEG-01301,2007-09-09,27.15,88.7632,Sikkim,4.82,62.44,149.2,203.46,343.95,0.9,2.6667,2635.98,24.27,20.83,-0.003513,0,negative
APDA-NEG-00934,2015-08-01,24.5,93.125,Manipur,13.23,101.21,122.2,287.02,505.03,0.95,3.0,489.42,31.49,307.92,0.01086,0,negative
6283,2014-09-22,26.131,91.755,Assam,126.76,191.59,231.7,267.93,354.68,0.97,1.8756,78.58,8.14,255.72,6.8e-05,1,positive
APDA-NEG-00559,2013-07-14,31.5,78.75,Himachal Pradesh,2.51,9.2,39.33,83.03,344.06,0.86,2.4,4989.8,15.71,68.13,-0.003931,0,negative
5100,2013-07-14,31.673,76.534,Himachal Pradesh,3.21,4.16,109.38,148.56,240.69,0.58,0.648,749.76,3.03,346.64,0.001201,1,positive
APDA-NEG-01649,2013-07-19,30.5,80.0,Uttarakhand,10.48,27.95,51.04,117.18,212.94,0.81,2.0667,5403.64,16.29,342.16,0.008133,0,negative
APDA-NEG-00475,2011-07-10,31.5,78.75,Himachal Pradesh,6.02,14.93,48.24,82.18,153.72,0.78,1.8667,4989.8,15.71,68.13,-0.003931,0,negative
APDA-NEG-01680,2011-07-10,30.5,77.5,Uttarakhand,16.82,33.98,109.68,195.28,336.87,0.79,1.9333,425.48,0.38,300.89,0.001817,0,negative
7297,2015-07-28,30.72,79.076,Uttarakhand,2.94,12.66,43.17,67.82,238.38,0.8,0.4637,3614.75,37.2,298.59,-0.002339,1,positive
APDA-NEG-00889,2015-08-01,24.0,93.125,Manipur,10.71,88.0,118.64,278.99,491.54,0.95,3.0,1156.07,10.45,264.05,-0.013664,0,negative
APDA-NEG-01155,2010-10-09,26.5,94.375,Nagaland,16.7,50.86,58.63,129.52,288.4,0.95,3.0,307.93,20.68,270.76,-0.012984,0,negative
APDA-NEG-00474,2008-12-21,33.0,77.5,Himachal Pradesh,0.14,2.82,3.65,9.75,9.75,0.53,0.2,5155.49,22.24,314.26,0.012153,0,negative
APDA-NEG-01005,2015-09-05,25.5,92.5,Meghalaya,3.31,52.35,208.1,296.19,528.75,0.97,3.1333,1063.07,25.33,13.62,-0.014165,0,negative
1097,2009-08-17,29.409,80.133,Uttarakhand,82.16,187.74,243.87,274.09,408.54,0.96,1.0328,1628.06,23.32,175.57,-0.002435,1,positive
APDA-NEG-01670,2010-07-06,30.5,80.0,Uttarakhand,11.53,40.83,50.16,68.18,74.12,0.63,0.8667,5403.64,16.29,342.16,0.008133,0,negative
APDA-NEG-01309,2008-08-28,27.15,88.8,Sikkim,7.58,18.56,50.43,171.51,377.21,0.87,2.4667,1594.02,19.03,313.44,-0.001078,0,negative
215,2007-08-28,25.743,93.914,Nagaland,3.08,14.24,39.03,85.52,121.43,0.72,-0.454,459.7,22.37,212.49,0.016258,1,positive
APDA-NEG-00632,2015-03-10,31.5,78.75,Himachal Pradesh,0.0,3.24,4.17,67.01,73.22,0.68,1.2,4989.8,15.71,68.13,-0.003931,0,negative
7366,2015-07-31,32.224,76.337,Himachal Pradesh,2.98,3.13,32.57,154.28,344.43,0.78,0.8669,1571.15,15.29,265.93,-0.004836,1,positive
2242,2010-08-13,30.852,76.991,Himachal Pradesh,22.11,24.15,62.26,176.31,333.2,0.81,1.0595,1244.78,26.46,36.72,-0.003037,1,positive
APDA-NEG-00891,2015-08-01,24.5,94.375,Manipur,3.7,100.7,118.29,220.65,329.07,0.87,2.4667,319.22,17.67,30.12,-0.00491,0,negative
APDA-NEG-00001,2008-06-14,28.0,93.75,Arunachal Pradesh,43.16,80.78,158.3,263.93,407.91,0.88,2.5333,576.05,30.81,45.85,0.021021,0,negative
6285,2014-09-22,26.159,91.818,Assam,126.76,191.59,231.7,267.93,354.68,0.97,1.8756,60.84,5.97,40.86,-0.001948,1,positive
5290,2013-08-07,32.232,76.304,Himachal Pradesh,11.97,129.07,184.92,212.08,387.86,0.87,1.2394,1633.15,10.95,79.15,-0.000613,1,positive
2415,2010-09-12,25.64,94.111,Nagaland,4.38,6.8,35.08,78.13,181.17,0.89,1.0164,1491.74,24.62,141.07,0.002769,1,positive
APDA-NEG-01410,2013-05-08,23.5,91.875,Tripura,33.36,130.11,233.84,266.33,298.85,0.8,2.0,98.63,5.69,26.51,-0.003608,0,negative
5053,2013-07-07,31.967,76.852,Himachal Pradesh,17.96,37.72,46.97,88.81,335.76,0.8,1.3861,1477.19,26.35,283.61,0.005524,1,positive
APDA-NEG-00316,2014-09-22,25.5,90.625,Assam,110.54,208.07,284.09,344.19,495.97,0.99,3.2667,263.81,5.53,161.64,-0.002985,0,negative
4565,2012-09-18,31.023,77.103,Himachal Pradesh,14.44,69.09,128.49,188.57,297.29,0.82,1.1639,1667.78,29.32,182.57,0.002963,1,positive
APDA-NEG-00501,2012-08-18,32.5,76.875,Himachal Pradesh,12.93,21.14,53.06,91.83,166.2,0.76,1.7333,5101.1,32.0,358.76,0.004829,0,negative
5336,2013-08-16,26.39,94.944,Nagaland,39.28,53.14,98.45,220.68,387.63,0.96,1.2252,524.98,12.59,280.24,-0.000722,1,positive
APDA-NEG-00668,2011-08-07,31.5,78.75,Himachal Pradesh,0.36,15.7,26.23,100.17,210.35,0.84,2.2667,4989.8,15.71,68.13,-0.003931,0,negative
APDA-NEG-01003,2015-08-19,25.5,92.5,Meghalaya,35.06,81.02,115.26,202.37,359.49,0.96,3.0667,1063.07,25.33,13.62,-0.014165,0,negative
APDA-NEG-00196,2013-05-11,28.0,93.75,Assam,4.66,10.13,28.96,112.43,181.38,0.7,1.3333,576.05,30.81,45.85,0.021021,0,negative
5598,2013-10-11,32.367,77.086,Himachal Pradesh,14.39,14.39,15.33,28.01,44.5,0.85,1.0724,3690.23,27.37,321.15,0.001023,1,positive
APDA-NEG-00445,2010-09-20,32.0,78.125,Himachal Pradesh,0.44,31.9,52.88,95.75,187.03,0.81,2.0667,5347.43,45.52,279.8,-0.005436,0,negative
7286,2015-07-26,31.1,77.175,Himachal Pradesh,9.91,22.71,34.19,218.7,410.92,0.79,1.3611,2116.96,25.35,272.91,0.016045,1,positive
APDA-NEG-01604,2013-07-26,30.5,80.0,Uttarakhand,1.05,15.49,54.13,106.59,195.31,0.82,2.1333,5403.64,16.29,342.16,0.008133,0,negative
APDA-NEG-00261,2015-07-25,28.0,93.75,Assam,1.47,41.51,118.13,192.05,322.62,0.91,2.7333,576.05,30.81,45.85,0.021021,0,negative
5343,2013-08-18,24.763,93.434,Manipur,5.43,24.39,123.53,216.56,336.38,0.92,1.151,677.72,16.88,123.78,0.005948,1,positive
APDA-NEG-01057,2010-09-16,23.5,92.5,Mizoram,5.8,40.2,64.0,103.07,242.02,0.87,2.4667,697.5,31.7,35.92,-0.007925,0,negative
APDA-NEG-01138,2013-06-07,26.5,94.375,Nagaland,10.13,22.61,36.04,69.68,193.4,0.77,1.8,307.93,20.68,270.76,-0.012984,0,negative
5608,2013-10-16,30.535,79.085,Uttarakhand,0.36,0.36,5.43,17.43,55.03,0.83,1.5813,1408.62,21.86,120.94,0.002189,1,positive
APDA-NEG-00607,2015-07-26,32.5,76.875,Himachal Pradesh,14.52,24.23,48.77,159.67,294.12,0.91,2.7333,5101.1,32.0,358.76,0.004829,0,negative
2339,2010-08-26,30.365,78.064,Uttarakhand,25.84,104.23,200.19,328.48,692.02,0.96,1.1914,778.81,4.73,280.36,-0.006475,1,positive
APDA-NEG-00577,2014-08-08,33.0,77.5,Himachal Pradesh,3.34,9.37,14.85,44.81,80.26,0.52,0.1333,5155.49,22.24,314.26,0.012153,0,negative
APDA-NEG-01770,2010-09-19,31.0,79.375,Uttarakhand,29.35,64.94,93.64,145.48,286.26,0.9,2.6667,5085.99,17.29,81.7,0.00088,0,negative
3174,2011-03-05,32.1,77.159,Himachal Pradesh,0.0,2.65,5.7,12.55,48.09,0.68,0.517,1716.2,21.02,232.95,0.013009,1,positive
APDA-NEG-01042,2010-09-13,23.5,92.5,Mizoram,9.93,17.18,36.45,70.49,218.07,0.86,2.4,697.5,31.7,35.92,-0.007925,0,negative
APDA-NEG-00522,2010-09-19,32.0,78.125,Himachal Pradesh,21.77,41.57,55.29,101.82,196.97,0.82,2.1333,5347.43,45.52,279.8,-0.005436,0,negative
APDA-NEG-00556,2012-07-05,31.5,78.75,Himachal Pradesh,0.25,8.12,29.29,49.28,49.61,0.57,0.4667,4989.8,15.71,68.13,-0.003931,0,negative
APDA-NEG-00339,2007-08-12,32.0,78.125,Himachal Pradesh,11.8,20.94,35.95,98.53,131.23,0.65,1.0,5347.43,45.52,279.8,-0.005436,0,negative
APDA-NEG-01838,2013-08-18,30.5,80.0,Uttarakhand,1.94,11.12,42.4,86.81,183.7,0.84,2.2667,5403.64,16.29,342.16,0.008133,0,negative
APDA-NEG-00801,2010-09-16,24.0,94.375,Manipur,8.25,19.85,28.57,61.45,105.17,0.66,1.0667,308.07,14.0,233.72,-0.007124,0,negative
5198,2013-07-25,30.893,78.48,Uttarakhand,1.54,17.56,82.59,167.13,302.54,0.94,1.924,3566.05,31.93,36.43,0.001289,1,positive
APDA-NEG-00171,2010-04-20,25.5,90.625,Assam,17.95,63.08,124.21,150.09,204.32,0.74,1.6,263.81,5.53,161.64,-0.002985,0,negative
APDA-NEG-00979,2014-09-21,25.5,90.625,Meghalaya,58.74,149.12,181.87,240.28,412.63,0.98,3.2,263.81,5.53,161.64,-0.002985,0,negative
APDA-NEG-00625,2015-08-22,31.5,78.75,Himachal Pradesh,8.71,27.46,46.24,73.66,148.65,0.81,2.0667,4989.8,15.71,68.13,-0.003931,0,negative
7215,2015-07-14,32.247,78.037,Himachal Pradesh,0.51,54.34,134.46,199.81,263.48,0.79,1.7914,3654.21,1.8,158.05,-0.000328,1,positive
5271,2013-08-04,26.284,94.581,Nagaland,5.53,15.66,54.81,135.7,307.87,0.87,0.5231,729.23,31.46,195.89,0.003823,1,positive
APDA-NEG-00983,2014-09-24,25.0,90.625,Meghalaya,28.3,128.11,325.08,362.89,443.73,0.97,3.1333,9.45,0.41,97.51,-0.000647,0,negative
2443,2010-09-18,29.604,79.534,Uttarakhand,53.49,131.47,184.77,322.21,700.53,0.98,2.0501,1770.01,25.77,291.16,-0.00011,1,positive
3983,2011-09-23,26.155,91.735,Assam,10.55,36.67,79.84,202.44,249.06,0.93,0.9441,56.08,2.61,65.52,-0.001415,1,positive
APDA-NEG-00220,2013-05-11,26.5,94.375,Assam,12.97,29.95,61.48,158.02,241.03,0.76,1.7333,307.93,20.68,270.76,-0.012984,0,negative
APDA-NEG-00570,2012-08-18,32.5,78.125,Himachal Pradesh,19.11,26.88,50.86,70.19,109.26,0.57,0.4667,5364.12,23.0,184.14,0.001507,0,negative
7111,2015-04-28,30.563,79.577,Uttarakhand,1.06,2.35,2.76,14.89,61.85,0.61,1.4352,1476.77,36.8,268.42,0.016502,1,positive
2290,2010-08-20,30.651,79.026,Uttarakhand,9.65,93.78,116.73,238.53,592.43,0.95,1.002,1983.27,28.46,306.0,0.002773,1,positive
APDA-NEG-01636,2010-08-09,31.0,79.375,Uttarakhand,9.63,23.39,46.77,155.2,219.89,0.77,1.8,5085.99,17.29,81.7,0.00088,0,negative
APDA-NEG-00424,2015-07-26,33.0,77.5,Himachal Pradesh,5.48,8.32,22.33,62.63,148.58,0.67,1.1333,5155.49,22.24,314.26,0.012153,0,negative
APDA-NEG-00623,2015-08-18,32.5,76.875,Himachal Pradesh,13.68,22.68,45.7,92.34,185.17,0.91,2.7333,5101.1,32.0,358.76,0.004829,0,negative
4610,2012-11-11,23.771,92.522,Mizoram,0.0,0.09,28.72,36.13,36.8,0.76,0.3686,77.23,12.82,265.63,0.001327,1,positive
APDA-NEG-00622,2013-07-14,33.0,77.5,Himachal Pradesh,1.37,2.47,27.11,42.45,127.3,0.56,0.4,5155.49,22.24,314.26,0.012153,0,negative
APDA-NEG-00587,2015-03-10,31.5,78.75,Himachal Pradesh,0.0,3.24,4.17,67.01,73.22,0.68,1.2,4989.8,15.71,68.13,-0.003931,0,negative
APDA-NEG-01531,2011-05-31,29.5,78.75,Uttarakhand,2.04,18.78,41.12,52.67,63.34,0.38,-0.8,285.78,7.49,11.54,0.004111,0,negative
1962,2010-06-09,31.099,77.172,Himachal Pradesh,2.39,91.58,101.28,103.01,107.44,0.48,1.3745,2043.4,26.52,311.48,0.003116,1,positive
APDA-NEG-00807,2010-10-08,24.5,94.375,Manipur,81.19,144.74,150.78,174.12,262.99,0.96,3.0667,319.22,17.67,30.12,-0.00491,0,negative
APDA-NEG-00116,2009-08-12,27.0,94.375,Arunachal Pradesh,77.86,125.29,167.69,294.61,471.89,0.95,3.0,86.0,0.0,0.0,0.0,0,negative
APDA-NEG-00006,2012-09-19,28.5,95.625,Arunachal Pradesh,44.4,75.07,156.28,255.8,496.22,0.96,3.0667,2215.04,37.28,283.93,-0.000253,0,negative
APDA-NEG-00153,2007-09-13,28.0,93.75,Assam,1.87,15.91,90.69,300.9,505.89,0.93,2.8667,576.05,30.81,45.85,0.021021,0,negative
APDA-NEG-01806,2014-07-28,29.0,79.375,Uttarakhand,13.55,41.18,63.77,237.86,319.27,0.67,1.1333,215.32,0.43,292.55,0.001399,0,negative
APDA-NEG-01854,2015-04-30,30.5,80.0,Uttarakhand,0.73,2.86,4.27,11.59,43.1,0.69,1.2667,5403.64,16.29,342.16,0.008133,0,negative
APDA-NEG-00813,2010-10-09,24.0,94.375,Manipur,9.88,106.99,135.99,149.62,221.06,0.8,2.0,308.07,14.0,233.72,-0.007124,0,negative
5421,2013-08-30,26.421,94.973,Nagaland,7.63,44.85,79.68,165.63,350.44,0.94,1.0109,721.41,23.27,355.01,-0.003893,1,positive
APDA-NEG-00254,2011-09-06,25.5,90.625,Assam,11.09,21.72,29.91,79.5,504.67,0.93,2.8667,263.81,5.53,161.64,-0.002985,0,negative
APDA-NEG-00203,2012-06-03,25.5,92.5,Assam,64.46,125.52,176.83,229.69,307.67,0.93,2.8667,1063.07,25.33,13.62,-0.014165,0,negative
APDA-NEG-01022,2007-09-11,25.5,90.625,Meghalaya,11.46,38.13,229.23,296.98,439.5,0.97,3.1333,263.81,5.53,161.64,-0.002985,0,negative
2228,2010-08-09,30.679,78.348,Uttarakhand,24.92,62.81,104.28,356.72,524.55,0.92,1.0322,992.93,53.16,14.68,-0.000149,1,positive
APDA-NEG-01590,2010-07-29,30.5,77.5,Uttarakhand,15.09,33.51,57.42,195.39,416.26,0.8,2.0,425.48,0.38,300.89,0.001817,0,negative
APDA-NEG-01615,2013-06-17,30.5,77.5,Uttarakhand,85.1,345.23,468.07,486.3,494.34,0.92,2.8,425.48,0.38,300.89,0.001817,0,negative
4570,2012-09-19,27.846,95.225,Arunachal Pradesh,62.91,108.4,203.85,348.6,632.71,0.98,2.1627,133.87,0.6,1.61,0.000668,1,positive
APDA-NEG-00520,2008-03-17,32.5,76.875,Himachal Pradesh,0.0,0.0,0.7,0.74,2.1,0.61,0.7333,5101.1,32.0,358.76,0.004829,0,negative
6184,2014-07-28,29.583,80.218,Uttarakhand,34.95,65.07,109.57,364.98,438.22,0.96,1.1523,1562.92,11.81,69.77,0.002859,1,positive
APDA-NEG-01613,2013-06-16,29.5,80.625,Uttarakhand,29.07,35.85,67.63,99.87,110.38,0.66,1.0667,2217.17,32.44,5.59,0.001258,0,negative
7384,2015-08-01,23.928,94.091,Manipur,2.09,71.58,85.55,159.45,237.74,0.74,1.7127,926.95,12.87,111.4,0.000767,1,positive
APDA-NEG-01100,2010-09-13,23.5,93.125,Mizoram,5.92,10.64,23.16,48.17,130.81,0.75,1.6667,768.55,33.9,313.22,0.007988,0,negative
APDA-NEG-00963,2007-09-11,26.0,91.25,Meghalaya,1.91,25.47,211.14,312.0,433.13,0.85,2.3333,43.29,0.09,114.93,-0.000208,0,negative
7329,2015-08-18,32.028,77.345,Himachal Pradesh,9.1,18.79,35.94,96.0,186.12,0.84,0.8217,1737.39,37.94,11.51,0.010608,1,positive
APDA-NEG-00766,2007-10-21,25.0,93.125,Manipur,2.38,19.51,65.78,121.83,136.18,0.83,2.2,275.9,30.23,93.66,-0.002097,0,negative
APDA-NEG-01220,2013-08-30,25.5,94.375,Nagaland,3.06,11.47,51.8,99.82,274.91,0.9,2.6667,1690.52,34.92,313.33,-0.003122,0,negative
7628,2015-08-09,31.692,76.51,Himachal Pradesh,2.81,18.91,39.86,68.89,344.1,0.69,0.5032,848.56,23.92,358.95,-0.007507,1,positive
5864,2014-02-12,31.825,77.47,Himachal Pradesh,0.0,0.05,14.98,15.76,70.21,0.77,1.6114,3712.76,33.64,340.93,-0.00021,1,positive
7678,2015-08-12,32.197,76.319,Himachal Pradesh,16.56,24.51,54.39,81.14,248.86,0.81,0.6999,1119.35,9.53,322.69,0.009923,1,positive
APDA-NEG-01227,2015-08-19,26.0,93.75,Nagaland,11.15,32.2,50.9,130.49,250.37,0.86,2.4,155.68,5.21,210.16,-0.003056,0,negative
2416,2010-09-12,30.733,78.44,Uttarakhand,13.81,44.47,118.09,303.87,642.93,0.97,1.6221,1437.46,43.79,1.27,0.004055,1,positive
APDA-NEG-00162,2012-06-25,27.0,94.375,Assam,27.26,73.88,128.36,244.48,405.54,0.87,2.4667,86.0,0.0,0.0,0.0,0,negative
APDA-NEG-01353,2012-06-03,27.15,88.7632,Sikkim,1.53,17.37,74.39,83.82,127.68,0.51,0.0667,2635.98,24.27,20.83,-0.003513,0,negative
APDA-NEG-00039,2012-06-06,28.0,93.75,Arunachal Pradesh,14.07,47.81,99.45,143.72,285.53,0.78,1.8667,576.05,30.81,45.85,0.021021,0,negative
3806,2011-07-19,27.103,93.688,Arunachal Pradesh,58.61,136.8,253.15,298.1,532.64,0.94,1.5079,150.77,3.37,208.94,0.000197,1,positive
7161,2015-07-11,30.241,78.9,Uttarakhand,66.14,110.05,191.6,280.78,357.11,0.92,1.7951,716.41,49.82,157.63,-0.009261,1,positive
4936,2013-06-17,30.695,79.054,Uttarakhand,92.71,364.97,481.23,506.51,515.94,0.94,2.2192,2790.67,34.65,25.04,-0.006785,1,positive
APDA-NEG-01317,2009-08-20,27.5,88.75,Sikkim,25.26,64.2,97.07,147.33,293.9,0.88,2.5333,3955.2,32.18,303.05,-0.003542,0,negative
3556,2011-05-31,25.156,93.847,Manipur,15.72,45.38,50.95,198.72,265.15,0.84,2.0655,1431.61,32.13,10.48,-0.006137,1,positive
APDA-NEG-01176,2013-08-16,26.0,95.0,Nagaland,32.49,52.19,109.94,214.85,358.38,0.97,3.1333,1150.77,10.47,188.47,-0.011555,0,negative
APDA-NEG-01445,2010-07-06,30.5,77.5,Uttarakhand,31.46,105.54,157.22,221.81,270.98,0.74,1.6,425.48,0.38,300.89,0.001817,0,negative
APDA-NEG-01342,2009-08-20,27.15,88.8,Sikkim,47.06,120.65,200.19,274.7,501.12,0.93,2.8667,1594.02,19.03,313.44,-0.001078,0,negative
APDA-NEG-00928,2007-09-09,24.5,94.375,Manipur,3.76,23.71,75.76,89.31,146.62,0.65,1.0,319.22,17.67,30.12,-0.00491,0,negative
319,2007-10-19,25.438,94.116,Manipur,4.3,5.51,37.4,69.66,83.19,0.74,-0.2361,1513.83,17.39,343.52,-0.000299,1,positive
APDA-NEG-00447,2010-09-20,30.5,76.875,Himachal Pradesh,2.14,51.9,82.17,226.44,385.42,0.88,2.5333,298.08,0.59,195.1,0.000987,0,negative
APDA-NEG-01104,2010-09-13,22.5,93.125,Mizoram,5.13,13.96,29.88,51.74,201.06,0.81,2.0667,448.6,33.09,143.87,-0.000616,0,negative
APDA-NEG-00265,2015-09-01,28.0,93.75,Assam,21.24,88.82,247.97,407.47,583.12,0.97,3.1333,576.05,30.81,45.85,0.021021,0,negative
2479,2010-09-20,31.57,78.284,Himachal Pradesh,0.39,52.08,87.36,145.27,280.34,0.88,1.8747,2287.7,32.88,220.67,-0.003105,1,positive
APDA-NEG-01493,2010-09-04,29.5,80.625,Uttarakhand,22.77,77.41,118.49,221.57,328.39,0.9,2.6667,2217.17,32.44,5.59,0.001258,0,negative
2539,2010-10-03,28.309,95.415,Arunachal Pradesh,2.35,13.64,31.43,119.95,426.52,0.9,0.5765,1855.45,48.67,283.53,0.017074,1,positive
APDA-NEG-00367,2009-09-10,31.5,78.75,Himachal Pradesh,23.4,50.76,59.75,96.11,130.54,0.79,1.9333,4989.8,15.71,68.13,-0.003931,0,negative
5603,2013-10-14,25.426,94.602,Manipur,0.0,0.04,7.85,60.56,119.96,0.9,1.1425,1326.98,20.5,213.43,0.006571,1,positive
APDA-NEG-00246,2007-08-26,25.5,92.5,Assam,29.61,38.18,61.8,149.79,281.92,0.93,2.8667,1063.07,25.33,13.62,-0.014165,0,negative
4426,2012-06-22,26.123,91.716,Assam,43.46,79.73,89.48,225.09,503.09,0.88,0.863,95.36,28.46,27.47,0.006071,1,positive
APDA-NEG-00942,2015-08-01,24.5,94.375,Manipur,3.7,100.7,118.29,220.65,329.07,0.87,2.4667,319.22,17.67,30.12,-0.00491,0,negative
6286,2014-09-22,26.104,91.708,Assam,126.76,191.59,231.7,267.93,354.68,0.97,1.8756,53.39,2.83,95.73,0.002008,1,positive
APDA-NEG-01742,2011-06-29,29.5,80.625,Uttarakhand,92.74,154.63,183.43,195.8,249.11,0.85,2.3333,2217.17,32.44,5.59,0.001258,0,negative
6110,2014-06-27,26.162,91.77,Assam,6.85,21.91,150.58,297.77,349.14,0.8,-0.2866,53.6,1.02,104.35,0.00343,1,positive
APDA-NEG-01818,2007-08-11,29.5,80.625,Uttarakhand,6.0,30.3,40.13,187.5,402.8,0.84,2.2667,2217.17,32.44,5.59,0.001258,0,negative
APDA-NEG-00468,2009-09-10,30.5,76.875,Himachal Pradesh,55.59,75.21,80.29,175.44,245.29,0.74,1.6,298.08,0.59,195.1,0.000987,0,negative
APDA-NEG-00634,2015-08-22,30.5,76.875,Himachal Pradesh,24.58,79.5,114.3,179.04,279.27,0.82,2.1333,298.08,0.59,195.1,0.000987,0,negative
3813,2011-07-20,27.114,88.466,Sikkim,13.06,61.35,107.98,206.34,493.9,0.88,0.763,264.21,32.5,339.03,0.004602,1,positive
5084,2013-07-13,25.616,94.117,Nagaland,7.57,78.03,127.84,206.92,313.46,0.87,1.1558,1583.86,18.24,76.48,-0.007797,1,positive
APDA-NEG-01074,2007-09-29,23.5,92.5,Mizoram,8.21,8.24,10.68,19.57,271.71,0.85,2.3333,697.5,31.7,35.92,-0.007925,0,negative
APDA-NEG-00276,2008-10-29,27.0,94.375,Assam,0.0,19.84,31.21,31.26,94.98,0.83,2.2,86.0,0.0,0.0,0.0,0,negative
2462,2010-09-19,30.909,77.11,Himachal Pradesh,35.98,56.2,82.43,230.46,393.68,0.9,1.855,1568.63,21.3,187.35,-0.002381,1,positive
APDA-NEG-01753,2015-07-24,29.5,80.625,Uttarakhand,14.07,42.9,50.08,104.28,322.35,0.78,1.8667,2217.17,32.44,5.59,0.001258,0,negative
APDA-NEG-00526,2012-08-24,30.5,76.875,Himachal Pradesh,9.14,26.9,100.31,172.58,274.9,0.72,1.4667,298.08,0.59,195.1,0.000987,0,negative
4551,2012-09-14,29.841,79.776,Uttarakhand,10.09,28.12,39.13,73.02,223.12,0.86,1.1199,881.12,1.75,299.97,0.000108,1,positive
APDA-NEG-01382,2007-04-11,27.15,88.1,Sikkim,0.03,5.9,7.21,7.4,11.44,0.36,-0.9333,2395.93,26.81,256.33,0.013169,0,negative
APDA-NEG-00405,2010-08-11,32.5,76.875,Himachal Pradesh,0.27,14.28,59.44,166.13,354.19,0.87,2.4667,5101.1,32.0,358.76,0.004829,0,negative
APDA-NEG-01552,2010-07-20,29.5,78.75,Uttarakhand,40.53,83.18,102.9,190.88,325.87,0.74,1.6,285.78,7.49,11.54,0.004111,0,negative
APDA-NEG-01598,2013-08-05,29.5,78.75,Uttarakhand,12.01,58.4,100.32,194.2,497.55,0.89,2.6,285.78,7.49,11.54,0.004111,0,negative
5051,2013-07-07,31.702,76.973,Himachal Pradesh,21.83,35.69,48.29,99.65,383.16,0.74,1.4238,775.53,31.14,188.58,0.016894,1,positive
APDA-NEG-00628,2010-07-25,32.0,78.125,Himachal Pradesh,0.52,3.51,35.85,54.05,102.85,0.5,0.0,5347.43,45.52,279.8,-0.005436,0,negative
APDA-NEG-00156,2015-09-01,26.5,94.375,Assam,11.68,82.06,220.19,314.03,459.28,0.96,3.0667,307.93,20.68,270.76,-0.012984,0,negative
2253,2010-08-16,25.31,94.483,Manipur,6.85,23.17,39.13,57.65,189.45,0.9,1.1017,1524.02,22.7,54.76,0.004283,1,positive
3760,2011-07-11,25.67,94.11,Nagaland,0.1,1.79,14.8,114.69,230.9,0.82,0.6654,1423.04,19.26,76.1,-0.001722,1,positive
APDA-NEG-00789,2010-08-16,24.0,93.125,Manipur,9.58,19.72,50.92,77.33,204.62,0.85,2.3333,1156.07,10.45,264.05,-0.013664,0,negative
APDA-NEG-00797,2010-08-27,24.0,93.75,Manipur,6.47,11.82,23.0,60.34,135.08,0.74,1.6,938.27,22.91,215.12,-0.015373,0,negative
7706,2015-08-19,25.073,92.364,Meghalaya,41.24,100.47,149.45,256.74,490.85,0.99,0.964,133.08,4.83,60.11,-0.008269,1,positive
APDA-NEG-01141,2010-08-14,26.5,94.375,Nagaland,16.59,53.98,68.71,101.59,271.8,0.93,2.8667,307.93,20.68,270.76,-0.012984,0,negative
APDA-NEG-01846,2015-07-24,29.5,78.75,Uttarakhand,4.46,12.89,23.65,199.89,427.15,0.73,1.5333,285.78,7.49,11.54,0.004111,0,negative
APDA-NEG-01626,2011-07-21,31.0,79.375,Uttarakhand,1.75,26.87,58.37,83.01,173.69,0.78,1.8667,5085.99,17.29,81.7,0.00088,0,negative
APDA-NEG-00361,2009-09-03,32.0,78.125,Himachal Pradesh,1.6,3.2,23.65,31.14,73.67,0.51,0.0667,5347.43,45.52,279.8,-0.005436,0,negative
2305,2010-08-21,31.53,77.776,Himachal Pradesh,27.35,51.41,108.39,191.63,398.92,0.94,1.4133,1251.75,22.07,206.43,-0.001103,1,positive
2241,2010-08-13,30.802,78.618,Uttarakhand,21.73,26.54,84.49,269.84,412.95,0.89,1.1057,1654.12,44.21,46.33,-0.010504,1,positive
2426,2010-09-13,22.718,92.842,Mizoram,5.13,13.96,29.88,51.74,201.06,0.81,0.6042,716.41,17.16,106.89,0.002293,1,positive
APDA-NEG-01311,2009-07-01,27.15,88.8,Sikkim,46.72,59.13,89.2,106.89,147.7,0.72,1.4667,1594.02,19.03,313.44,-0.001078,0,negative
APDA-NEG-01061,2013-05-07,23.5,93.125,Mizoram,24.94,76.11,155.69,166.48,200.68,0.77,1.8,768.55,33.9,313.22,0.007988,0,negative
220,2007-08-31,25.133,93.967,Manipur,1.28,4.27,19.59,52.18,103.33,0.7,-0.7796,1009.06,1.89,311.76,-0.000461,1,positive
APDA-NEG-01568,2011-07-09,29.5,80.625,Uttarakhand,8.45,11.21,23.68,328.33,364.34,0.76,1.7333,2217.17,32.44,5.59,0.001258,0,negative
APDA-NEG-01569,2011-07-21,29.5,78.75,Uttarakhand,6.09,45.86,129.22,198.38,398.94,0.79,1.9333,285.78,7.49,11.54,0.004111,0,negative
1108,2009-08-20,24.993,93.5,Manipur,5.16,18.51,97.15,144.53,239.58,0.78,0.0022,1206.7,20.39,119.15,-0.001623,1,positive
2138,2010-07-25,31.093,77.168,Himachal Pradesh,3.31,8.24,111.25,171.1,367.17,0.73,0.9395,1916.38,30.73,0.09,-0.008718,1,positive
5087,2013-07-12,25.627,94.114,Nagaland,18.68,107.07,129.82,203.86,306.22,0.9,1.4919,1563.28,14.1,146.28,0.008823,1,positive
1222,2009-10-05,23.735,92.721,Mizoram,16.64,63.8,74.72,112.34,226.3,0.9,0.9101,958.4,31.16,151.96,0.001508,1,positive
APDA-NEG-00845,2013-08-15,25.0,93.125,Manipur,7.37,88.87,114.14,212.54,326.18,0.93,2.8667,275.9,30.23,93.66,-0.002097,0,negative
7263,2015-07-22,25.448,94.049,Manipur,10.3,41.39,117.9,173.9,325.49,0.84,1.3821,1312.29,26.64,256.21,0.002941,1,positive
APDA-NEG-00152,2015-09-01,27.0,94.375,Assam,14.84,105.23,270.42,383.12,548.16,0.96,3.0667,86.0,0.0,0.0,0.0,0,negative
2397,2010-09-06,32.099,77.15,Himachal Pradesh,2.78,12.99,45.38,118.19,278.56,0.91,0.8816,1595.19,9.23,273.75,0.002277,1,positive
6213,2014-09-24,25.814,90.576,Meghalaya,9.55,193.47,324.36,398.67,447.95,0.92,0.8192,62.28,3.18,85.57,-0.004267,1,positive
3914,2011-08-12,28.867,79.568,Uttarakhand,16.85,31.87,47.64,128.72,319.64,0.83,0.96,205.53,2.3,251.25,-0.002082,1,positive
APDA-NEG-01088,2012-11-11,24.0,93.125,Mizoram,0.0,0.23,35.19,44.01,45.43,0.66,1.0667,1156.07,10.45,264.05,-0.013664,0,negative
APDA-NEG-00601,2015-07-26,30.5,76.875,Himachal Pradesh,5.93,24.59,38.81,204.24,404.36,0.77,1.8,298.08,0.59,195.1,0.000987,0,negative
APDA-NEG-01620,2013-06-17,29.0,79.375,Uttarakhand,49.93,127.64,169.59,212.84,231.33,0.77,1.8,215.32,0.43,292.55,0.001399,0,negative
1127,2009-08-27,25.172,93.123,Assam,4.12,19.43,59.39,184.11,295.64,0.84,0.0727,724.41,15.13,232.17,-0.006036,1,positive
APDA-NEG-01560,2010-09-19,30.5,80.0,Uttarakhand,24.51,67.3,95.69,146.45,289.31,0.9,2.6667,5403.64,16.29,342.16,0.008133,0,negative
APDA-NEG-01144,2010-07-19,25.5,94.375,Nagaland,12.0,22.9,79.6,114.56,245.83,0.9,2.6667,1690.52,34.92,313.33,-0.003122,0,negative
4435,2012-06-25,27.174,95.801,Arunachal Pradesh,36.02,76.5,135.79,249.31,403.09,0.96,1.4065,294.59,0.76,25.93,-0.000146,1,positive
APDA-NEG-00760,2015-08-01,24.5,93.125,Manipur,13.23,101.21,122.2,287.02,505.03,0.95,3.0,489.42,31.49,307.92,0.01086,0,negative
APDA-NEG-01653,2013-07-23,29.5,80.625,Uttarakhand,1.68,69.68,147.28,224.14,590.24,0.9,2.6667,2217.17,32.44,5.59,0.001258,0,negative
APDA-NEG-00759,2007-09-09,25.0,93.125,Manipur,13.62,72.24,165.34,206.8,304.52,0.89,2.6,275.9,30.23,93.66,-0.002097,0,negative
APDA-NEG-00042,2010-09-10,28.0,95.0,Arunachal Pradesh,62.15,183.57,302.12,461.44,763.98,0.98,3.2,784.15,2.6,262.83,-0.001803,0,negative
APDA-NEG-01720,2007-08-11,29.0,79.375,Uttarakhand,9.31,22.4,28.93,295.22,506.15,0.84,2.2667,215.32,0.43,292.55,0.001399,0,negative
7308,2015-08-15,30.911,78.681,Uttarakhand,9.84,16.63,31.94,106.5,178.47,0.85,0.3556,1979.78,38.59,252.22,-0.00756,1,positive
APDA-NEG-00167,2009-08-27,25.5,90.625,Assam,7.41,41.85,72.23,363.26,591.42,0.96,3.0667,263.81,5.53,161.64,-0.002985,0,negative
APDA-NEG-01760,2011-06-29,31.0,79.375,Uttarakhand,8.68,14.13,46.36,63.58,117.49,0.73,1.5333,5085.99,17.29,81.7,0.00088,0,negative
APDA-NEG-01189,2013-07-17,27.0,94.375,Nagaland,21.51,43.49,85.0,170.49,402.85,0.87,2.4667,86.0,0.0,0.0,0.0,0,negative
7311,2015-08-15,30.649,79.527,Uttarakhand,8.16,14.53,30.93,95.45,165.72,0.82,0.3628,2105.33,34.4,151.67,-0.000169,1,positive
APDA-NEG-00571,2013-08-21,32.0,78.125,Himachal Pradesh,6.1,25.45,50.48,90.39,170.37,0.81,2.0667,5347.43,45.52,279.8,-0.005436,0,negative
APDA-NEG-01498,2013-07-28,30.5,80.0,Uttarakhand,10.7,13.52,37.86,113.23,197.38,0.83,2.2,5403.64,16.29,342.16,0.008133,0,negative
APDA-NEG-00385,2010-07-11,33.0,77.5,Himachal Pradesh,4.84,8.28,21.6,28.81,38.87,0.43,-0.4667,5155.49,22.24,314.26,0.012153,0,negative
APDA-NEG-01072,2015-09-14,24.5,93.125,Mizoram,26.51,33.21,58.82,172.24,332.55,0.94,2.9333,489.42,31.49,307.92,0.01086,0,negative
APDA-NEG-01539,2011-06-29,30.5,80.0,Uttarakhand,15.36,23.15,47.21,60.86,108.92,0.71,1.4,5403.64,16.29,342.16,0.008133,0,negative
587,2008-06-15,27.23,94.099,Assam,1.5,64.37,149.51,252.6,433.44,0.79,0.4933,95.59,1.31,355.37,-0.000733,1,positive
APDA-NEG-01098,2013-05-07,23.5,92.5,Mizoram,45.24,137.72,254.51,278.32,325.04,0.86,2.4,697.5,31.7,35.92,-0.007925,0,negative
APDA-NEG-01133,2010-07-19,25.5,94.375,Nagaland,12.0,22.9,79.6,114.56,245.83,0.9,2.6667,1690.52,34.92,313.33,-0.003122,0,negative
APDA-NEG-01583,2011-08-12,29.0,79.375,Uttarakhand,16.85,31.87,47.64,128.72,319.64,0.83,2.2,215.32,0.43,292.55,0.001399,0,negative
255,2007-09-10,24.245,94.069,Manipur,0.73,10.16,46.05,53.75,95.69,0.53,-0.1332,1303.65,34.53,64.79,-0.008334,1,positive
APDA-NEG-00883,2015-08-01,24.5,93.125,Manipur,13.23,101.21,122.2,287.02,505.03,0.95,3.0,489.42,31.49,307.92,0.01086,0,negative
APDA-NEG-00779,2010-06-07,24.5,93.125,Manipur,7.9,41.36,110.0,212.9,360.22,0.85,2.3333,489.42,31.49,307.92,0.01086,0,negative
237,2007-09-06,29.583,80.217,Uttarakhand,0.4,36.17,117.56,169.78,307.55,0.94,0.9693,1585.51,6.85,258.7,-0.013276,1,positive
5476,2013-09-07,27.374,88.732,Sikkim,5.47,27.37,61.64,118.27,224.6,0.88,0.6431,3437.31,30.54,346.45,0.005288,1,positive
APDA-NEG-01850,2013-07-25,30.5,77.5,Uttarakhand,4.96,23.56,111.7,252.93,451.61,0.92,2.8,425.48,0.38,300.89,0.001817,0,negative
7614,2015-08-08,31.803,76.757,Himachal Pradesh,11.06,43.88,60.77,119.39,377.32,0.92,1.0658,719.64,11.24,107.53,-0.003896,1,positive
2432,2010-09-15,31.414,77.895,Himachal Pradesh,0.99,11.34,37.1,117.9,256.97,0.86,1.5463,3747.12,60.4,183.82,0.006762,1,positive
APDA-NEG-01090,2010-09-13,24.5,93.125,Mizoram,8.97,16.26,39.29,95.52,195.57,0.84,2.2667,489.42,31.49,307.92,0.01086,0,negative
APDA-NEG-01439,2009-09-01,29.5,78.75,Uttarakhand,5.41,29.14,51.23,106.57,290.24,0.73,1.5333,285.78,7.49,11.54,0.004111,0,negative
APDA-NEG-01842,2015-06-25,31.0,79.375,Uttarakhand,9.73,12.4,19.25,22.65,27.66,0.66,1.0667,5085.99,17.29,81.7,0.00088,0,negative
7310,2015-08-15,30.909,78.33,Uttarakhand,14.48,24.14,44.91,139.42,247.79,0.93,1.0013,1799.58,39.21,88.69,-0.002674,1,positive
APDA-NEG-00969,2010-06-28,25.5,92.5,Meghalaya,37.11,87.5,124.79,216.53,541.07,0.96,3.0667,1063.07,25.33,13.62,-0.014165,0,negative
APDA-NEG-00519,2013-06-12,32.0,78.125,Himachal Pradesh,3.93,14.46,15.68,19.65,20.15,0.49,-0.0667,5347.43,45.52,279.8,-0.005436,0,negative
2051,2010-07-07,31.101,77.179,Himachal Pradesh,4.11,107.82,183.05,228.05,300.24,0.71,1.7459,2257.21,31.57,223.18,-0.01487,1,positive
APDA-NEG-00590,2010-07-07,33.0,77.5,Himachal Pradesh,0.83,13.0,18.52,27.77,38.43,0.42,-0.5333,5155.49,22.24,314.26,0.012153,0,negative
1857,2010-05-11,25.343,92.29,Meghalaya,12.85,28.61,56.39,112.71,418.07,0.84,1.1779,1197.92,3.18,21.99,0.001085,1,positive
5047,2013-07-07,31.88,76.916,Himachal Pradesh,17.96,37.72,46.97,88.81,335.76,0.8,1.3861,1283.39,9.87,297.48,-0.001306,1,positive
APDA-NEG-00057,2013-09-02,29.0,96.25,Arunachal Pradesh,8.62,20.68,42.85,58.84,132.31,0.85,2.3333,4424.4,28.85,66.8,0.001741,0,negative
APDA-NEG-00347,2008-08-08,32.0,78.125,Himachal Pradesh,8.76,14.58,40.9,81.73,137.85,0.7,1.3333,5347.43,45.52,279.8,-0.005436,0,negative
APDA-NEG-00583,2014-09-10,30.5,76.875,Himachal Pradesh,0.46,1.4,145.42,195.38,251.16,0.67,1.1333,298.08,0.59,195.1,0.000987,0,negative
2249,2010-08-14,26.081,94.803,Nagaland,11.86,53.09,65.68,107.1,280.21,0.95,1.0803,972.2,42.95,156.71,0.002727,1,positive
3932,2011-08-18,25.83,94.13,Nagaland,4.67,37.16,91.83,194.32,306.79,0.94,1.153,1014.58,8.4,143.64,0.000814,1,positive
APDA-NEG-01010,2015-08-19,25.0,90.625,Meghalaya,26.68,58.96,87.68,142.24,354.46,0.92,2.8,9.45,0.41,97.51,-0.000647,0,negative
APDA-NEG-01858,2013-07-18,30.5,77.5,Uttarakhand,7.16,74.13,136.21,274.87,443.26,0.91,2.7333,425.48,0.38,300.89,0.001817,0,negative
APDA-NEG-00836,2010-10-08,24.5,94.375,Manipur,81.19,144.74,150.78,174.12,262.99,0.96,3.0667,319.22,17.67,30.12,-0.00491,0,negative
3944,2011-08-25,27.734,88.633,Sikkim,4.66,42.6,65.15,176.49,300.86,0.91,1.1146,3475.85,25.97,47.77,-0.002166,1,positive
APDA-NEG-00545,2013-07-07,32.5,76.875,Himachal Pradesh,14.68,35.18,39.78,67.56,230.0,0.78,1.8667,5101.1,32.0,358.76,0.004829,0,negative
5567,2013-09-30,30.6,78.315,Uttarakhand,7.21,16.05,31.8,46.27,133.6,0.88,0.9704,909.82,5.91,73.53,0.018141,1,positive
7388,2015-08-01,24.416,94.098,Manipur,3.7,100.7,118.29,220.65,329.07,0.87,1.5219,1365.8,27.24,233.91,-0.003716,1,positive
APDA-NEG-00357,2008-09-19,33.0,77.5,Himachal Pradesh,9.89,18.02,19.06,33.73,53.46,0.61,0.7333,5155.49,22.24,314.26,0.012153,0,negative
APDA-NEG-00525,2013-06-16,33.0,77.5,Himachal Pradesh,37.59,50.63,69.22,71.58,75.88,0.51,0.0667,5155.49,22.24,314.26,0.012153,0,negative
APDA-NEG-01175,2013-06-07,26.0,95.0,Nagaland,9.11,20.54,30.52,64.87,191.56,0.83,2.2,1150.77,10.47,188.47,-0.011555,0,negative
APDA-NEG-01562,2011-06-29,30.5,80.0,Uttarakhand,15.36,23.15,47.21,60.86,108.92,0.71,1.4,5403.64,16.29,342.16,0.008133,0,negative
APDA-NEG-01691,2013-08-05,29.5,78.75,Uttarakhand,12.01,58.4,100.32,194.2,497.55,0.89,2.6,285.78,7.49,11.54,0.004111,0,negative
APDA-NEG-01559,2011-07-09,31.0,79.375,Uttarakhand,3.86,6.6,34.51,79.9,128.64,0.74,1.6,5085.99,17.29,81.7,0.00088,0,negative
7185,2015-04-03,32.293,77.18,Himachal Pradesh,8.72,16.68,52.09,52.93,94.17,0.85,1.3464,2138.36,7.49,299.6,0.001555,1,positive
5005,2013-07-01,26.72,95.029,Nagaland,14.44,33.33,111.85,178.09,271.64,0.87,0.7848,689.4,11.98,19.23,-0.001022,1,positive
APDA-NEG-00324,2014-09-23,25.5,90.625,Assam,33.11,202.39,315.1,375.81,488.59,0.99,3.2667,263.81,5.53,161.64,-0.002985,0,negative
APDA-NEG-01184,2013-08-04,26.5,94.375,Nagaland,5.53,15.66,54.81,135.7,307.87,0.87,2.4667,307.93,20.68,270.76,-0.012984,0,negative
5431,2013-09-01,24.983,93.506,Manipur,5.42,8.29,54.14,89.99,293.88,0.88,1.1521,1283.45,33.58,151.76,0.01107,1,positive
7778,2015-08-26,23.845,93.051,Mizoram,3.95,11.51,44.23,144.82,330.03,0.93,1.66,1068.17,33.94,291.8,0.011255,1,positive
APDA-NEG-00908,2007-09-10,24.0,93.125,Manipur,1.9,36.23,108.0,128.35,212.45,0.76,1.7333,1156.07,10.45,264.05,-0.013664,0,negative
7923,2015-09-01,26.493,91.721,Assam,10.67,74.71,148.2,293.7,392.25,0.92,1.5328,55.02,1.22,24.84,0.000855,1,positive
APDA-NEG-00662,2013-06-15,32.5,76.875,Himachal Pradesh,14.92,55.26,83.84,86.58,91.76,0.71,1.4,5101.1,32.0,358.76,0.004829,0,negative
APDA-NEG-01548,2010-08-09,30.5,77.5,Uttarakhand,25.16,64.55,107.14,352.28,541.14,0.91,2.7333,425.48,0.38,300.89,0.001817,0,negative
APDA-NEG-01557,2011-07-09,29.5,78.75,Uttarakhand,8.08,23.12,59.4,196.06,286.85,0.65,1.0,285.78,7.49,11.54,0.004111,0,negative
313,2007-10-16,25.706,94.013,Nagaland,15.77,31.91,39.47,71.89,88.92,0.81,0.806,1473.09,14.78,59.27,0.000414,1,positive
APDA-NEG-00852,2010-10-09,24.5,94.375,Manipur,15.73,133.66,166.51,184.34,277.61,0.9,2.6667,319.22,17.67,30.12,-0.00491,0,negative
2248,2010-08-14,26.222,94.915,Nagaland,11.86,53.09,65.68,107.1,280.21,0.95,1.0803,1761.31,36.24,241.47,-0.004473,1,positive
2140,2010-07-25,25.048,92.801,Assam,3.43,18.78,96.12,174.7,400.27,0.94,0.213,165.34,24.33,98.11,0.006099,1,positive
APDA-NEG-00997,2015-08-19,25.5,90.625,Meghalaya,31.61,64.92,91.67,142.06,307.75,0.95,3.0,263.81,5.53,161.64,-0.002985,0,negative
APDA-NEG-01820,2013-06-16,30.5,77.5,Uttarakhand,153.7,286.17,391.94,401.2,409.24,0.94,2.9333,425.48,0.38,300.89,0.001817,0,negative
APDA-NEG-00239,2014-09-22,27.0,94.375,Assam,17.23,68.81,102.56,225.45,314.66,0.94,2.9333,86.0,0.0,0.0,0.0,0,negative
APDA-NEG-00378,2013-07-07,33.0,77.5,Himachal Pradesh,5.87,12.36,14.67,31.66,125.83,0.55,0.3333,5155.49,22.24,314.26,0.012153,0,negative
APDA-NEG-00505,2012-08-24,30.5,76.875,Himachal Pradesh,9.14,26.9,100.31,172.58,274.9,0.72,1.4667,298.08,0.59,195.1,0.000987,0,negative
APDA-NEG-00341,2008-03-17,32.0,78.125,Himachal Pradesh,0.0,0.0,1.49,1.49,1.5,0.43,-0.4667,5347.43,45.52,279.8,-0.005436,0,negative
APDA-NEG-01407,2013-05-08,24.0,91.25,Tripura,45.59,126.29,207.05,260.08,294.94,0.76,1.7333,3.19,0.83,143.25,-0.001048,0,negative
APDA-NEG-00815,2010-10-09,24.0,94.375,Manipur,9.88,106.99,135.99,149.62,221.06,0.8,2.0,308.07,14.0,233.72,-0.007124,0,negative
APDA-NEG-01252,2013-08-16,27.0,95.0,Nagaland,36.7,45.85,83.15,219.67,404.03,0.95,3.0,117.36,3.0,28.88,0.00233,0,negative
APDA-NEG-01083,2015-09-14,24.0,92.5,Mizoram,19.43,40.44,67.2,185.54,393.73,0.93,2.8667,707.92,8.18,84.72,-0.000283,0,negative
APDA-NEG-00861,2015-07-22,24.0,93.75,Manipur,9.95,31.26,113.34,164.01,295.65,0.81,2.0667,938.27,22.91,215.12,-0.015373,0,negative
APDA-NEG-01718,2011-06-29,29.5,80.625,Uttarakhand,92.74,154.63,183.43,195.8,249.11,0.85,2.3333,2217.17,32.44,5.59,0.001258,0,negative
7665,2015-08-11,24.702,93.529,Manipur,1.62,29.54,76.66,206.6,411.71,0.92,1.4689,663.32,9.46,176.07,0.000745,1,positive
APDA-NEG-00268,2011-05-24,28.0,93.75,Assam,9.51,64.89,73.93,83.63,162.31,0.76,1.7333,576.05,30.81,45.85,0.021021,0,negative
APDA-NEG-00343,2008-06-03,30.5,76.875,Himachal Pradesh,0.4,5.53,8.44,96.06,134.51,0.39,-0.7333,298.08,0.59,195.1,0.000987,0,negative
APDA-NEG-00985,2014-10-05,26.0,90.625,Meghalaya,0.0,0.23,0.36,273.95,435.64,0.87,2.4667,62.04,6.07,73.96,0.000375,0,negative
7334,2015-08-18,28.174,94.76,Arunachal Pradesh,25.29,66.26,138.52,279.66,443.59,0.94,0.8534,568.93,24.65,72.89,-0.004536,1,positive
APDA-NEG-00043,2012-06-25,28.5,95.625,Arunachal Pradesh,43.72,100.09,169.29,280.05,415.52,0.93,2.8667,2215.04,37.28,283.93,-0.000253,0,negative
APDA-NEG-01655,2013-07-24,29.5,78.75,Uttarakhand,18.0,39.85,136.26,247.3,474.84,0.89,2.6,285.78,7.49,11.54,0.004111,0,negative
APDA-NEG-00781,2010-07-29,24.5,94.375,Manipur,14.99,33.62,51.54,108.44,237.96,0.86,2.4,319.22,17.67,30.12,-0.00491,0,negative
APDA-NEG-00878,2015-07-22,24.0,94.375,Manipur,7.17,24.88,89.73,121.63,230.89,0.69,1.2667,308.07,14.0,233.72,-0.007124,0,negative
178,2007-08-12,32.099,76.267,Himachal Pradesh,8.91,9.84,56.2,141.47,209.94,0.67,-0.3177,794.82,25.68,330.12,-0.004778,1,positive
2291,2010-08-20,30.966,78.415,Uttarakhand,5.92,60.66,74.91,160.05,398.07,0.92,0.7705,2506.69,50.86,297.51,0.003419,1,positive
APDA-NEG-00429,2010-09-19,30.5,76.875,Himachal Pradesh,35.55,58.52,89.49,233.55,402.17,0.9,2.6667,298.08,0.59,195.1,0.000987,0,negative
APDA-NEG-01586,2013-07-24,29.5,80.625,Uttarakhand,17.35,52.97,137.85,218.63,530.94,0.91,2.7333,2217.17,32.44,5.59,0.001258,0,negative
APDA-NEG-01619,2013-06-17,29.5,78.75,Uttarakhand,63.16,240.74,300.2,327.14,336.92,0.87,2.4667,285.78,7.49,11.54,0.004111,0,negative
APDA-NEG-00744,2015-07-26,32.5,76.875,Himachal Pradesh,14.52,24.23,48.77,159.67,294.12,0.91,2.7333,5101.1,32.0,358.76,0.004829,0,negative
APDA-NEG-00359,2008-12-21,32.5,78.125,Himachal Pradesh,0.07,0.6,0.68,1.55,1.55,0.46,-0.2667,5364.12,23.0,184.14,0.001507,0,negative
3633,2011-06-20,26.319,94.512,Nagaland,3.79,13.89,32.67,73.33,285.78,0.77,0.1525,1257.28,17.38,316.85,0.008959,1,positive
APDA-NEG-00991,2015-06-16,25.5,92.5,Meghalaya,20.02,41.17,242.64,347.11,591.24,0.95,3.0,1063.07,25.33,13.62,-0.014165,0,negative
APDA-NEG-00684,2010-09-19,32.5,78.125,Himachal Pradesh,13.59,23.36,30.5,60.63,123.7,0.69,1.2667,5364.12,23.0,184.14,0.001507,0,negative
3751,2011-07-09,30.733,79.069,Uttarakhand,6.04,11.87,60.94,162.45,243.41,0.81,1.2091,3544.05,30.66,279.94,0.008508,1,positive
APDA-NEG-00425,2010-09-19,32.0,78.125,Himachal Pradesh,21.77,41.57,55.29,101.82,196.97,0.82,2.1333,5347.43,45.52,279.8,-0.005436,0,negative
APDA-NEG-00515,2013-06-12,33.0,77.5,Himachal Pradesh,5.39,10.27,10.6,13.29,17.45,0.46,-0.2667,5155.49,22.24,314.26,0.012153,0,negative
APDA-NEG-01231,2015-08-20,27.0,94.375,Nagaland,27.2,60.23,109.7,181.84,303.9,0.93,2.8667,86.0,0.0,0.0,0.0,0,negative
5358,2013-08-18,30.664,78.057,Uttarakhand,2.62,41.26,100.51,264.67,487.79,0.96,1.2603,876.51,41.48,14.15,0.024693,1,positive
APDA-NEG-01177,2013-07-01,25.5,94.375,Nagaland,4.91,25.0,76.97,126.88,161.67,0.79,1.9333,1690.52,34.92,313.33,-0.003122,0,negative
APDA-NEG-01765,2015-08-01,31.0,79.375,Uttarakhand,9.07,19.72,27.35,46.62,141.2,0.76,1.7333,5085.99,17.29,81.7,0.00088,0,negative
APDA-NEG-00757,2007-09-08,24.5,94.375,Manipur,11.38,43.06,75.61,86.44,144.92,0.69,1.2667,319.22,17.67,30.12,-0.00491,0,negative
APDA-NEG-00487,2011-08-07,33.0,77.5,Himachal Pradesh,3.92,9.03,12.66,48.59,92.59,0.54,0.2667,5155.49,22.24,314.26,0.012153,0,negative
APDA-NEG-01007,2015-09-06,25.5,90.625,Meghalaya,5.88,40.84,137.67,260.25,471.65,0.98,3.2,263.81,5.53,161.64,-0.002985,0,negative
2444,2010-09-18,29.296,79.54,Uttarakhand,53.49,131.47,184.77,322.21,700.53,0.98,2.0501,644.41,21.66,126.24,0.001896,1,positive
APDA-NEG-00795,2010-08-25,24.0,93.75,Manipur,3.85,9.85,25.67,57.69,139.8,0.73,1.5333,938.27,22.91,215.12,-0.015373,0,negative
APDA-NEG-01800,2012-08-06,29.5,78.75,Uttarakhand,0.56,59.48,92.02,181.18,294.77,0.65,1.0,285.78,7.49,11.54,0.004111,0,negative
APDA-NEG-00810,2011-07-22,24.5,93.125,Manipur,5.56,43.21,135.31,211.58,415.79,0.9,2.6667,489.42,31.49,307.92,0.01086,0,negative
APDA-NEG-00403,2010-08-06,31.5,78.75,Himachal Pradesh,5.2,22.41,66.99,154.33,239.18,0.82,2.1333,4989.8,15.71,68.13,-0.003931,0,negative
APDA-NEG-01862,2010-07-06,29.5,78.75,Uttarakhand,21.72,94.94,121.1,155.87,173.02,0.58,0.5333,285.78,7.49,11.54,0.004111,0,negative
APDA-NEG-01368,2013-09-01,28.0,88.75,Sikkim,3.53,9.48,29.2,56.05,133.06,0.8,2.0,5096.07,0.2,324.18,-0.000309,0,negative
3670,2011-06-29,30.676,79.042,Uttarakhand,20.91,31.69,122.73,171.75,274.2,0.88,1.6357,2442.35,48.36,3.65,0.007017,1,positive
APDA-NEG-01686,2010-08-05,30.5,77.5,Uttarakhand,19.21,33.0,236.53,330.08,495.57,0.9,2.6667,425.48,0.38,300.89,0.001817,0,negative
APDA-NEG-00973,2011-08-16,25.0,90.625,Meghalaya,113.66,141.39,226.54,533.57,669.91,0.97,3.1333,9.45,0.41,97.51,-0.000647,0,negative
APDA-NEG-01572,2013-07-24,29.5,78.75,Uttarakhand,18.0,39.85,136.26,247.3,474.84,0.89,2.6,285.78,7.49,11.54,0.004111,0,negative
APDA-NEG-00154,2007-09-13,25.0,90.625,Assam,1.69,19.62,157.77,279.09,424.32,0.94,2.9333,9.45,0.41,97.51,-0.000647,0,negative
APDA-NEG-00566,2015-07-26,32.0,78.125,Himachal Pradesh,13.0,19.64,31.88,133.7,300.72,0.82,2.1333,5347.43,45.52,279.8,-0.005436,0,negative
APDA-NEG-00394,2013-07-14,33.0,77.5,Himachal Pradesh,1.37,2.47,27.11,42.45,127.3,0.56,0.4,5155.49,22.24,314.26,0.012153,0,negative
APDA-NEG-00536,2013-06-16,32.5,78.125,Himachal Pradesh,57.3,71.41,91.21,92.75,94.55,0.54,0.2667,5364.12,23.0,184.14,0.001507,0,negative
APDA-NEG-00563,2013-07-14,31.5,78.75,Himachal Pradesh,2.51,9.2,39.33,83.03,344.06,0.86,2.4,4989.8,15.71,68.13,-0.003931,0,negative
APDA-NEG-00232,2015-09-01,25.5,92.5,Assam,19.33,138.53,201.37,329.88,495.59,0.98,3.2,1063.07,25.33,13.62,-0.014165,0,negative
APDA-NEG-00521,2013-06-12,32.0,78.125,Himachal Pradesh,3.93,14.46,15.68,19.65,20.15,0.49,-0.0667,5347.43,45.52,279.8,-0.005436,0,negative
2343,2010-08-27,25.479,94.133,Manipur,14.5,22.07,36.87,108.47,186.68,0.91,1.2375,1754.14,10.8,204.64,-0.005508,1,positive
3916,2011-08-13,25.771,93.807,Nagaland,9.88,16.2,56.43,120.03,318.92,0.86,1.1148,237.25,5.35,153.24,-0.00038,1,positive
APDA-NEG-00017,2010-10-03,28.0,95.0,Arunachal Pradesh,1.7,10.09,39.39,176.71,593.51,0.91,2.7333,784.15,2.6,262.83,-0.001803,0,negative
6513,2014-08-15,23.014,91.717,Tripura,50.82,197.86,255.39,312.35,471.59,0.96,0.9357,22.22,5.92,191.64,0.001516,1,positive
7265,2015-07-22,25.501,93.985,Manipur,10.3,41.39,117.9,173.9,325.49,0.84,1.3821,1452.35,33.17,38.16,-0.003043,1,positive
6247,2014-10-15,31.016,77.099,Himachal Pradesh,0.09,8.4,8.4,17.82,26.72,0.54,-0.0234,1694.3,13.07,237.95,-0.015143,1,positive
APDA-NEG-00978,2011-08-16,25.5,90.625,Meghalaya,104.51,133.06,228.24,509.32,641.15,0.99,3.2667,263.81,5.53,161.64,-0.002985,0,negative
1084,2009-08-12,27.7,92.8,Arunachal Pradesh,17.32,32.27,50.39,109.21,228.18,0.79,-1.1384,2449.61,15.58,316.69,0.005925,1,positive
2567,2010-10-08,25.663,94.47,Nagaland,52.1,92.98,96.35,132.66,238.6,0.98,1.8579,1439.27,11.47,289.47,0.00197,1,positive
APDA-NEG-01209,2013-08-16,26.5,94.375,Nagaland,23.37,41.2,93.37,204.47,370.15,0.93,2.8667,307.93,20.68,270.76,-0.012984,0,negative
APDA-NEG-01622,2009-08-08,30.5,80.0,Uttarakhand,1.71,27.29,30.07,77.09,126.57,0.67,1.1333,5403.64,16.29,342.16,0.008133,0,negative
4932,2013-06-16,31.348,77.461,Himachal Pradesh,129.03,220.07,291.17,296.92,302.59,0.96,3.0699,885.37,14.17,168.96,-0.006291,1,positive
211,2007-08-26,24.967,93.55,Manipur,5.9,7.74,30.56,85.08,114.31,0.73,-0.5031,586.14,24.99,322.5,-0.005981,1,positive
5049,2013-07-07,31.56,77.168,Himachal Pradesh,21.83,35.69,48.29,99.65,383.16,0.74,1.4238,1867.61,25.24,26.11,0.007038,1,positive
3895,2011-08-07,31.077,77.391,Himachal Pradesh,0.65,31.23,56.82,171.45,380.55,0.93,0.724,1305.34,0.83,320.07,-0.000595,1,positive
APDA-NEG-00981,2014-09-23,26.0,91.25,Meghalaya,67.03,271.61,325.24,367.3,440.01,0.94,2.9333,43.29,0.09,114.93,-0.000208,0,negative
APDA-NEG-00546,2010-09-21,32.5,76.875,Himachal Pradesh,8.78,23.62,32.15,108.26,185.65,0.89,2.6,5101.1,32.0,358.76,0.004829,0,negative
APDA-NEG-00736,2010-07-07,30.5,76.875,Himachal Pradesh,6.32,107.42,183.56,226.41,302.15,0.7,1.3333,298.08,0.59,195.1,0.000987,0,negative
APDA-NEG-01455,2010-07-29,29.5,78.75,Uttarakhand,24.65,41.42,57.73,187.44,376.42,0.73,1.5333,285.78,7.49,11.54,0.004111,0,negative
4497,2012-08-18,32.228,78.071,Himachal Pradesh,26.44,39.23,67.05,95.75,154.98,0.69,0.3072,3663.91,11.15,8.07,0.003026,1,positive
3741,2011-07-07,25.419,94.108,Manipur,2.6,11.26,55.45,155.03,247.4,0.84,0.9671,1392.19,14.25,158.29,-0.000641,1,positive
2292,2010-08-20,30.818,78.619,Uttarakhand,6.11,63.47,78.99,169.12,418.28,0.91,1.2423,1600.64,33.5,102.49,-0.006905,1,positive
7685,2015-08-13,31.776,76.988,Himachal Pradesh,8.49,24.21,59.02,122.96,262.81,0.91,0.8842,988.63,12.61,254.8,-0.004533,1,positive
APDA-NEG-00200,2010-06-03,27.0,94.375,Assam,3.43,31.81,60.73,130.36,284.01,0.78,1.8667,86.0,0.0,0.0,0.0,0,negative
APDA-NEG-01780,2010-09-18,31.0,79.375,Uttarakhand,25.01,53.13,70.5,122.37,260.9,0.88,2.5333,5085.99,17.29,81.7,0.00088,0,negative
3912,2011-08-12,27.44,92.283,Arunachal Pradesh,6.41,9.64,28.55,86.72,289.16,0.83,-0.1924,2627.1,11.97,216.12,-0.005517,1,positive
APDA-NEG-00771,2008-06-19,24.0,93.75,Manipur,5.78,24.38,44.42,72.62,108.09,0.59,0.6,938.27,22.91,215.12,-0.015373,0,negative
2040,2010-07-06,30.638,78.33,Uttarakhand,26.59,71.1,108.08,168.0,189.52,0.77,1.0262,907.82,34.44,262.54,-0.0024,1,positive
APDA-NEG-01525,2010-09-20,29.5,80.625,Uttarakhand,4.25,73.61,157.7,238.41,444.08,0.93,2.8667,2217.17,32.44,5.59,0.001258,0,negative
APDA-NEG-01377,2015-05-24,27.15,88.1,Sikkim,2.37,14.25,57.64,101.02,158.65,0.58,0.5333,2395.93,26.81,256.33,0.013169,0,negative
APDA-NEG-01429,2007-08-11,31.0,79.375,Uttarakhand,5.58,10.99,33.91,126.56,179.81,0.75,1.6667,5085.99,17.29,81.7,0.00088,0,negative
APDA-NEG-01326,2007-09-07,27.15,88.7632,Sikkim,48.76,109.89,146.28,204.69,333.64,0.92,2.8,2635.98,24.27,20.83,-0.003513,0,negative
APDA-NEG-00811,2010-10-09,25.0,93.125,Manipur,31.14,154.03,172.87,204.95,338.59,0.96,3.0667,275.9,30.23,93.66,-0.002097,0,negative
1153,2009-09-10,31.883,78.617,Himachal Pradesh,13.7,42.13,46.97,72.2,94.65,0.65,0.4066,3310.87,22.85,190.64,-0.002753,1,positive
APDA-NEG-00806,2011-06-28,24.0,93.75,Manipur,10.37,53.03,81.32,131.18,222.11,0.8,2.0,938.27,22.91,215.12,-0.015373,0,negative
APDA-NEG-00263,2015-08-22,25.5,92.5,Assam,6.58,45.54,130.18,230.47,358.29,0.96,3.0667,1063.07,25.33,13.62,-0.014165,0,negative
APDA-NEG-01577,2011-08-08,29.0,79.375,Uttarakhand,1.72,14.63,76.0,139.6,373.46,0.82,2.1333,215.32,0.43,292.55,0.001399,0,negative
APDA-NEG-00531,2013-06-16,32.0,78.125,Himachal Pradesh,74.89,108.32,137.98,140.71,143.67,0.7,1.3333,5347.43,45.52,279.8,-0.005436,0,negative
2047,2010-07-07,32.219,78.072,Himachal Pradesh,0.85,26.76,42.07,58.57,74.55,0.48,-0.3362,3594.49,1.47,349.19,0.001651,1,positive
APDA-NEG-00481,2011-07-25,31.5,78.75,Himachal Pradesh,6.07,25.27,58.49,112.39,194.57,0.83,2.2,4989.8,15.71,68.13,-0.003931,0,negative
APDA-NEG-00244,2011-06-29,28.0,93.75,Assam,8.57,20.48,64.56,113.52,249.56,0.79,1.9333,576.05,30.81,45.85,0.021021,0,negative
APDA-NEG-00887,2015-08-01,24.5,94.375,Manipur,3.7,100.7,118.29,220.65,329.07,0.87,2.4667,319.22,17.67,30.12,-0.00491,0,negative
APDA-NEG-01120,2013-06-07,25.5,94.375,Nagaland,5.28,14.76,17.93,42.86,159.46,0.77,1.8,1690.52,34.92,313.33,-0.003122,0,negative
7701,2015-08-19,25.628,94.105,Nagaland,8.1,17.36,37.6,113.28,284.48,0.9,1.1049,1513.97,6.96,145.95,-0.003526,1,positive
APDA-NEG-01186,2008-08-19,25.5,94.375,Nagaland,21.07,55.84,110.58,179.69,268.63,0.9,2.6667,1690.52,34.92,313.33,-0.003122,0,negative
APDA-NEG-00063,2014-06-27,28.0,93.75,Arunachal Pradesh,28.12,46.89,97.24,180.76,287.38,0.84,2.2667,576.05,30.81,45.85,0.021021,0,negative
APDA-NEG-00003,2008-10-29,28.5,95.625,Arunachal Pradesh,0.52,44.52,55.23,58.33,122.0,0.82,2.1333,2215.04,37.28,283.93,-0.000253,0,negative
APDA-NEG-01728,2013-08-13,29.0,79.375,Uttarakhand,20.76,31.46,54.73,159.66,466.9,0.9,2.6667,215.32,0.43,292.55,0.001399,0,negative
APDA-NEG-01054,2015-09-14,23.5,93.125,Mizoram,12.28,31.44,58.05,137.6,311.67,0.92,2.8,768.55,33.9,313.22,0.007988,0,negative
5122,2013-07-17,25.766,93.941,Nagaland,5.65,24.17,83.82,154.53,322.05,0.8,0.6315,828.08,39.89,319.71,-0.003515,1,positive
2120,2010-07-22,29.61,79.663,Uttarakhand,10.73,81.58,167.32,226.12,418.85,0.83,0.8001,1510.96,14.57,282.31,0.001952,1,positive
5177,2013-07-23,30.29,79.151,Uttarakhand,1.35,40.62,102.63,159.95,362.23,0.9,1.6009,807.05,7.66,215.87,3.8e-05,1,positive
5485,2013-09-08,27.605,88.646,Sikkim,1.77,18.96,59.88,119.47,216.26,0.88,0.6455,1629.27,33.15,16.77,0.00816,1,positive
APDA-NEG-01542,2013-07-26,30.5,77.5,Uttarakhand,0.73,23.53,92.78,248.64,448.38,0.9,2.6667,425.48,0.38,300.89,0.001817,0,negative
APDA-NEG-01217,2013-10-06,26.0,93.75,Nagaland,17.09,51.42,58.31,97.97,173.89,0.9,2.6667,155.68,5.21,210.16,-0.003056,0,negative
APDA-NEG-00178,2009-08-20,25.5,92.5,Assam,28.66,81.57,135.66,227.01,453.88,0.94,2.9333,1063.07,25.33,13.62,-0.014165,0,negative
APDA-NEG-00581,2014-08-26,32.5,78.125,Himachal Pradesh,0.16,0.16,0.37,23.32,66.73,0.46,-0.2667,5364.12,23.0,184.14,0.001507,0,negative
APDA-NEG-01585,2011-08-12,29.0,79.375,Uttarakhand,16.85,31.87,47.64,128.72,319.64,0.83,2.2,215.32,0.43,292.55,0.001399,0,negative
14439,1990-01-29,29.993,78.33,Uttarakhand,0.0,0.07,0.07,0.07,0.87,0.32,-1.4668,488.38,8.19,179.52,0.000161,1,positive
APDA-NEG-00876,2007-10-19,24.0,93.75,Manipur,4.0,5.15,44.04,96.02,105.53,0.65,1.0,938.27,22.91,215.12,-0.015373,0,negative
APDA-NEG-01642,2013-07-24,29.5,78.75,Uttarakhand,18.0,39.85,136.26,247.3,474.84,0.89,2.6,285.78,7.49,11.54,0.004111,0,negative
APDA-NEG-01420,2013-05-08,23.0,91.875,Tripura,17.81,119.04,243.52,253.87,292.63,0.77,1.8,40.97,1.52,238.91,-0.000285,0,negative
APDA-NEG-00181,2010-06-16,25.5,92.5,Assam,13.8,48.68,101.35,298.61,559.63,0.95,3.0,1063.07,25.33,13.62,-0.014165,0,negative
APDA-NEG-00292,2011-06-29,28.0,93.75,Assam,8.57,20.48,64.56,113.52,249.56,0.79,1.9333,576.05,30.81,45.85,0.021021,0,negative
APDA-NEG-01596,2015-07-11,29.5,78.75,Uttarakhand,87.96,134.88,209.93,296.47,386.81,0.86,2.4,285.78,7.49,11.54,0.004111,0,negative
APDA-NEG-01834,2013-07-24,29.5,80.625,Uttarakhand,17.35,52.97,137.85,218.63,530.94,0.91,2.7333,2217.17,32.44,5.59,0.001258,0,negative
APDA-NEG-00173,2010-04-20,27.0,94.375,Assam,35.45,102.67,117.59,155.72,324.83,0.83,2.2,86.0,0.0,0.0,0.0,0,negative
APDA-NEG-00805,2010-10-08,25.0,93.125,Manipur,86.18,138.2,141.73,190.96,313.55,0.99,3.2667,275.9,30.23,93.66,-0.002097,0,negative
APDA-NEG-01001,2015-08-19,25.5,92.5,Meghalaya,35.06,81.02,115.26,202.37,359.49,0.96,3.0667,1063.07,25.33,13.62,-0.014165,0,negative
APDA-NEG-01422,2011-12-10,30.5,77.5,Uttarakhand,0.0,4.78,6.57,6.57,6.57,0.57,0.4667,425.48,0.38,300.89,0.001817,0,negative
5022,2013-07-04,29.58,80.221,Uttarakhand,1.14,10.42,32.27,276.32,471.85,0.86,1.2635,1537.34,14.84,312.29,0.001456,1,positive
5052,2013-07-07,31.709,76.93,Himachal Pradesh,21.83,35.69,48.29,99.65,383.16,0.74,1.4238,756.37,1.73,277.45,0.00287,1,positive
APDA-NEG-01161,2011-06-21,26.0,93.75,Nagaland,6.5,18.28,41.13,68.0,203.02,0.74,1.6,155.68,5.21,210.16,-0.003056,0,negative
6928,2015-03-31,30.615,79.81,Uttarakhand,0.39,32.27,33.11,33.2,105.95,0.73,1.9405,2756.59,47.4,46.91,0.008618,1,positive
4382,2012-06-03,25.118,92.857,Assam,27.34,76.45,112.95,141.29,189.89,0.84,1.1046,153.91,14.28,325.04,0.005915,1,positive
APDA-NEG-01033,2007-07-30,24.5,93.125,Mizoram,2.38,24.65,82.15,168.7,228.12,0.78,1.8667,489.42,31.49,307.92,0.01086,0,negative
APDA-NEG-01424,2010-09-19,31.0,79.375,Uttarakhand,29.35,64.94,93.64,145.48,286.26,0.9,2.6667,5085.99,17.29,81.7,0.00088,0,negative
4859,2013-05-11,26.177,91.76,Assam,38.98,109.25,235.03,337.59,409.56,0.88,2.3006,82.57,13.86,338.76,-0.004695,1,positive
APDA-NEG-01723,2014-07-28,29.5,78.75,Uttarakhand,8.87,23.77,52.04,172.26,252.29,0.6,0.6667,285.78,7.49,11.54,0.004111,0,negative
APDA-NEG-01068,2010-09-13,24.0,93.125,Mizoram,7.48,12.94,30.26,70.57,156.42,0.81,2.0667,1156.07,10.45,264.05,-0.013664,0,negative
APDA-NEG-00775,2009-08-30,24.0,93.125,Manipur,5.83,7.59,26.11,99.74,237.74,0.81,2.0667,1156.07,10.45,264.05,-0.013664,0,negative
APDA-NEG-00604,2010-07-17,30.5,76.875,Himachal Pradesh,3.02,7.72,52.07,199.64,286.19,0.62,0.8,298.08,0.59,195.1,0.000987,0,negative
APDA-NEG-00782,2015-08-01,24.5,94.375,Manipur,3.7,100.7,118.29,220.65,329.07,0.87,2.4667,319.22,17.67,30.12,-0.00491,0,negative
APDA-NEG-01167,2011-07-11,27.0,95.0,Nagaland,0.83,3.44,30.1,188.81,283.11,0.83,2.2,117.36,3.0,28.88,0.00233,0,negative
APDA-NEG-00599,2015-07-26,31.5,78.75,Himachal Pradesh,6.31,12.8,19.88,59.93,162.03,0.76,1.7333,4989.8,15.71,68.13,-0.003931,0,negative
149,2007-07-30,30.557,79.56,Uttarakhand,35.29,62.41,98.8,162.6,338.39,0.88,1.3065,1862.01,16.43,246.88,-0.005153,1,positive
APDA-NEG-01456,2011-07-10,31.0,79.375,Uttarakhand,7.0,11.63,41.51,80.61,129.72,0.75,1.6667,5085.99,17.29,81.7,0.00088,0,negative
259,2007-09-11,25.52,91.27,Meghalaya,7.02,51.55,272.63,370.33,539.82,0.98,1.2898,1337.43,16.7,106.13,0.002511,1,positive
APDA-NEG-00847,2013-08-18,24.0,94.375,Manipur,3.45,16.23,86.79,159.53,220.14,0.75,1.6667,308.07,14.0,233.72,-0.007124,0,negative
APDA-NEG-01828,2010-09-19,29.0,79.375,Uttarakhand,48.66,150.95,210.24,324.79,682.55,0.97,3.1333,215.32,0.43,292.55,0.001399,0,negative
APDA-NEG-00240,2015-02-20,25.5,90.625,Assam,0.11,15.3,15.88,15.88,16.44,0.58,0.5333,263.81,5.53,161.64,-0.002985,0,negative
APDA-NEG-01355,2012-06-07,27.15,88.7632,Sikkim,0.08,19.22,36.78,99.4,137.94,0.51,0.0667,2635.98,24.27,20.83,-0.003513,0,negative
APDA-NEG-01526,2015-04-30,30.5,80.0,Uttarakhand,0.73,2.86,4.27,11.59,43.1,0.69,1.2667,5403.64,16.29,342.16,0.008133,0,negative
APDA-NEG-01135,2010-07-20,26.5,94.375,Nagaland,8.52,31.64,90.32,158.33,337.86,0.91,2.7333,307.93,20.68,270.76,-0.012984,0,negative
2576,2010-10-09,25.479,94.14,Manipur,23.12,99.99,119.47,149.35,256.38,0.96,1.6706,1647.07,10.97,3.84,-0.00368,1,positive
2459,2010-09-19,29.548,79.321,Uttarakhand,68.23,167.47,233.79,360.91,739.89,0.99,2.156,840.22,24.21,192.8,0.008082,1,positive
APDA-NEG-01671,2013-07-25,29.5,78.75,Uttarakhand,14.25,32.64,139.91,249.82,426.57,0.89,2.6,285.78,7.49,11.54,0.004111,0,negative
APDA-NEG-01449,2010-07-20,30.5,77.5,Uttarakhand,29.95,67.82,92.14,184.07,375.42,0.8,2.0,425.48,0.38,300.89,0.001817,0,negative
3837,2011-07-24,26.584,93.004,Assam,2.3,44.38,122.91,203.52,386.35,0.88,0.4479,67.2,0.39,51.21,0.00077,1,positive
APDA-NEG-01294,2013-09-08,27.15,88.1,Sikkim,3.72,47.5,126.09,226.95,375.85,0.92,2.8,2395.93,26.81,256.33,0.013169,0,negative
2378,2010-09-03,30.135,78.39,Uttarakhand,22.13,90.44,149.93,366.19,620.13,0.96,1.5571,375.07,5.47,44.89,-0.000255,1,positive
4931,2013-06-16,29.799,80.417,Uttarakhand,16.06,20.82,42.93,59.39,65.96,0.62,1.2871,769.86,39.35,347.91,0.005484,1,positive
APDA-NEG-01654,2011-06-30,31.0,79.375,Uttarakhand,14.01,26.15,53.93,77.48,125.47,0.76,1.7333,5085.99,17.29,81.7,0.00088,0,negative
APDA-NEG-01535,2011-06-07,31.0,79.375,Uttarakhand,1.77,10.19,19.87,59.24,65.31,0.7,1.3333,5085.99,17.29,81.7,0.00088,0,negative
APDA-NEG-01570,2013-07-04,29.0,79.375,Uttarakhand,0.34,7.67,25.02,236.62,454.06,0.71,1.4,215.32,0.43,292.55,0.001399,0,negative
APDA-NEG-00823,2011-06-28,24.0,93.75,Manipur,10.37,53.03,81.32,131.18,222.11,0.8,2.0,938.27,22.91,215.12,-0.015373,0,negative
APDA-NEG-00612,2008-08-17,30.5,76.875,Himachal Pradesh,8.28,40.13,152.26,281.58,390.87,0.89,2.6,298.08,0.59,195.1,0.000987,0,negative
APDA-NEG-00866,2015-08-01,24.5,93.125,Manipur,13.23,101.21,122.2,287.02,505.03,0.95,3.0,489.42,31.49,307.92,0.01086,0,negative
APDA-NEG-00728,2011-02-25,31.5,78.75,Himachal Pradesh,1.76,1.79,1.83,16.79,22.69,0.77,1.8,4989.8,15.71,68.13,-0.003931,0,negative
APDA-NEG-00867,2015-07-22,24.0,93.125,Manipur,15.67,38.75,159.2,285.93,444.45,0.93,2.8667,1156.07,10.45,264.05,-0.013664,0,negative
5024,2013-07-04,30.172,80.858,Uttarakhand,0.51,7.65,21.5,135.94,219.95,0.74,1.6144,3218.06,33.84,124.84,-0.005854,1,positive
APDA-NEG-00455,2010-10-04,32.5,76.875,Himachal Pradesh,0.0,0.0,0.53,55.21,157.41,0.87,2.4667,5101.1,32.0,358.76,0.004829,0,negative
APDA-NEG-01192,2013-06-07,26.0,93.75,Nagaland,5.76,16.84,22.77,49.02,166.4,0.72,1.4667,155.68,5.21,210.16,-0.003056,0,negative
APDA-NEG-01360,2010-07-21,28.0,88.75,Sikkim,3.27,22.98,49.96,89.52,134.0,0.7,1.3333,5096.07,0.2,324.18,-0.000309,0,negative
APDA-NEG-01860,2013-07-24,29.0,79.375,Uttarakhand,15.16,67.29,140.63,280.16,633.8,0.89,2.6,215.32,0.43,292.55,0.001399,0,negative
APDA-NEG-01546,2013-07-24,31.0,79.375,Uttarakhand,7.68,11.2,51.04,87.31,168.68,0.85,2.3333,5085.99,17.29,81.7,0.00088,0,negative
APDA-NEG-00493,2011-08-07,32.5,78.125,Himachal Pradesh,0.67,6.66,10.65,57.34,106.74,0.53,0.2,5364.12,23.0,184.14,0.001507,0,negative
7666,2015-08-11,25.102,93.373,Manipur,5.63,34.46,86.02,210.7,484.2,0.94,1.4481,1144.32,8.19,331.25,-0.001076,1,positive
APDA-NEG-01341,2011-06-18,27.5,88.125,Sikkim,5.84,15.96,24.47,39.63,93.81,0.64,0.9333,4104.06,56.52,298.77,0.014678,0,negative
APDA-NEG-01213,2013-08-16,26.0,93.75,Nagaland,12.42,44.01,78.81,163.57,286.21,0.88,2.5333,155.68,5.21,210.16,-0.003056,0,negative
2227,2010-08-09,30.646,79.531,Uttarakhand,15.79,41.11,75.5,268.99,398.93,0.86,0.9921,2040.96,24.68,97.86,0.0039,1,positive
APDA-NEG-01046,2007-07-30,23.5,93.125,Mizoram,0.77,7.55,43.89,127.63,177.83,0.69,1.2667,768.55,33.9,313.22,0.007988,0,negative
APDA-NEG-00379,2010-07-07,32.5,76.875,Himachal Pradesh,2.28,33.99,52.76,77.49,100.91,0.59,0.6,5101.1,32.0,358.76,0.004829,0,negative
4892,2013-06-01,27.878,94.25,Arunachal Pradesh,10.89,21.72,51.05,106.93,249.4,0.77,0.1194,984.28,35.96,43.24,-0.001097,1,positive
APDA-NEG-01852,2013-07-18,29.5,78.75,Uttarakhand,10.6,74.02,105.62,236.7,395.61,0.86,2.4,285.78,7.49,11.54,0.004111,0,negative
APDA-NEG-01676,2015-04-30,29.5,80.625,Uttarakhand,0.84,4.83,9.07,17.58,55.1,0.58,0.5333,2217.17,32.44,5.59,0.001258,0,negative
APDA-NEG-00245,2014-09-22,25.5,90.625,Assam,110.54,208.07,284.09,344.19,495.97,0.99,3.2667,263.81,5.53,161.64,-0.002985,0,negative
APDA-NEG-01102,2015-08-28,24.5,93.125,Mizoram,4.06,21.36,51.67,144.77,374.16,0.93,2.8667,489.42,31.49,307.92,0.01086,0,negative
APDA-NEG-00630,2009-09-13,30.5,76.875,Himachal Pradesh,0.0,57.39,132.62,223.57,281.55,0.74,1.6,298.08,0.59,195.1,0.000987,0,negative
APDA-NEG-01710,2010-08-20,31.0,79.375,Uttarakhand,3.99,32.86,41.04,91.31,235.6,0.79,1.9333,5085.99,17.29,81.7,0.00088,0,negative
APDA-NEG-00790,2015-08-01,24.5,93.125,Manipur,13.23,101.21,122.2,287.02,505.03,0.95,3.0,489.42,31.49,307.92,0.01086,0,negative
6331,2014-09-08,25.947,94.628,Nagaland,3.11,20.52,21.92,53.51,230.72,0.88,0.4141,1405.27,32.62,302.64,0.003419,1,positive
APDA-NEG-00201,2012-06-02,25.0,90.625,Assam,11.99,38.78,61.14,110.2,171.68,0.64,0.9333,9.45,0.41,97.51,-0.000647,0,negative
5441,2013-09-02,28.611,94.983,Arunachal Pradesh,24.66,57.5,122.63,160.25,401.7,0.91,0.7202,1681.38,32.11,198.01,-0.009668,1,positive
7374,2015-08-01,25.112,94.359,Manipur,4.9,104.34,121.77,229.36,353.87,0.89,1.428,1838.03,19.66,283.11,-0.001358,1,positive
APDA-NEG-01006,2010-06-28,26.0,91.25,Meghalaya,21.99,99.8,124.63,205.38,553.2,0.89,2.6,43.29,0.09,114.93,-0.000208,0,negative
APDA-NEG-01048,2007-09-29,23.5,92.5,Mizoram,8.21,8.24,10.68,19.57,271.71,0.85,2.3333,697.5,31.7,35.92,-0.007925,0,negative
6293,2014-10-20,25.501,90.09,Meghalaya,0.0,0.07,8.69,36.88,268.38,0.86,0.3726,44.01,0.33,76.88,-0.000226,1,positive
APDA-NEG-00370,2013-06-16,30.5,76.875,Himachal Pradesh,90.55,143.55,226.81,230.86,234.15,0.79,1.9333,298.08,0.59,195.1,0.000987,0,negative
APDA-NEG-00451,2010-09-22,32.5,78.125,Himachal Pradesh,6.75,8.78,35.44,58.36,111.46,0.69,1.2667,5364.12,23.0,184.14,0.001507,0,negative
APDA-NEG-00373,2010-07-07,32.5,76.875,Himachal Pradesh,2.28,33.99,52.76,77.49,100.91,0.59,0.6,5101.1,32.0,358.76,0.004829,0,negative
3747,2011-07-08,32.324,77.194,Himachal Pradesh,1.96,15.71,26.09,83.58,128.05,0.68,0.7262,2597.81,27.22,285.37,0.002225,1,positive
2205,2010-08-06,23.737,92.715,Mizoram,0.38,16.06,42.25,106.7,234.39,0.86,0.4784,1077.01,45.04,290.08,-0.017976,1,positive
APDA-NEG-01136,2011-08-18,27.0,94.375,Nagaland,13.35,70.16,174.67,228.92,420.05,0.94,2.9333,86.0,0.0,0.0,0.0,0,negative
APDA-NEG-00207,2012-06-03,28.0,93.75,Assam,17.89,46.37,54.13,112.17,237.87,0.77,1.8,576.05,30.81,45.85,0.021021,0,negative
1521,2010-02-23,30.381,78.47,Uttarakhand,6.76,7.0,7.0,26.41,39.01,0.65,0.2312,1054.44,20.52,25.6,0.00342,1,positive
2268,2010-08-18,30.013,79.926,Uttarakhand,34.17,38.52,59.11,129.18,370.47,0.91,1.294,1717.97,34.27,141.75,0.001221,1,positive
APDA-NEG-01543,2011-06-29,30.5,80.0,Uttarakhand,15.36,23.15,47.21,60.86,108.92,0.71,1.4,5403.64,16.29,342.16,0.008133,0,negative
APDA-NEG-00250,2014-09-22,25.5,92.5,Assam,46.97,113.14,185.52,230.78,355.56,0.96,3.0667,1063.07,25.33,13.62,-0.014165,0,negative
APDA-NEG-01123,2010-06-18,26.0,93.75,Nagaland,16.3,25.85,75.45,214.54,344.08,0.83,2.2,155.68,5.21,210.16,-0.003056,0,negative
5107,2013-07-15,25.627,94.114,Nagaland,14.57,35.52,150.03,214.78,338.29,0.89,1.3477,1563.28,14.1,146.28,0.008823,1,positive
APDA-NEG-00372,2013-06-16,31.5,78.75,Himachal Pradesh,102.57,166.77,212.94,217.8,222.73,0.86,2.4,4989.8,15.71,68.13,-0.003931,0,negative
APDA-NEG-00456,2010-09-19,31.5,78.75,Himachal Pradesh,35.37,69.66,97.85,170.04,325.29,0.92,2.8,4989.8,15.71,68.13,-0.003931,0,negative
APDA-NEG-01509,2010-09-19,29.0,79.375,Uttarakhand,48.66,150.95,210.24,324.79,682.55,0.97,3.1333,215.32,0.43,292.55,0.001399,0,negative
APDA-NEG-01522,2015-04-28,29.0,79.375,Uttarakhand,1.18,9.93,10.11,15.27,57.16,0.39,-0.7333,215.32,0.43,292.55,0.001399,0,negative
APDA-NEG-00680,2013-08-21,31.5,78.75,Himachal Pradesh,6.66,22.15,55.61,112.02,233.65,0.9,2.6667,4989.8,15.71,68.13,-0.003931,0,negative
APDA-NEG-01672,2015-07-19,29.5,80.625,Uttarakhand,1.89,5.68,18.13,107.68,293.25,0.69,1.2667,2217.17,32.44,5.59,0.001258,0,negative
APDA-NEG-00318,2012-06-25,26.5,94.375,Assam,22.43,56.41,109.97,203.64,359.76,0.87,2.4667,307.93,20.68,270.76,-0.012984,0,negative
APDA-NEG-00348,2008-12-21,32.0,78.125,Himachal Pradesh,0.03,0.42,0.43,0.75,0.75,0.56,0.4,5347.43,45.52,279.8,-0.005436,0,negative
APDA-NEG-01307,2007-09-18,27.5,88.75,Sikkim,2.09,4.98,49.23,136.89,208.19,0.88,2.5333,3955.2,32.18,303.05,-0.003542,0,negative
APDA-NEG-01002,2015-08-19,25.5,90.625,Meghalaya,31.61,64.92,91.67,142.06,307.75,0.95,3.0,263.81,5.53,161.64,-0.002985,0,negative
APDA-NEG-01292,2008-08-07,26.5,94.375,Nagaland,0.83,46.16,68.83,137.01,302.75,0.86,2.4,307.93,20.68,270.76,-0.012984,0,negative
APDA-NEG-01431,2007-09-06,30.5,77.5,Uttarakhand,3.42,58.43,109.29,207.66,469.24,0.91,2.7333,425.48,0.38,300.89,0.001817,0,negative
APDA-NEG-00211,2012-06-22,28.0,93.75,Assam,11.46,52.38,62.48,173.1,291.78,0.81,2.0667,576.05,30.81,45.85,0.021021,0,negative
APDA-NEG-01349,2011-08-25,27.15,88.8,Sikkim,10.7,78.34,116.28,337.97,547.54,0.94,2.9333,1594.02,19.03,313.44,-0.001078,0,negative
APDA-NEG-01533,2011-05-31,30.5,80.0,Uttarakhand,5.43,19.3,37.14,43.14,50.59,0.62,0.8,5403.64,16.29,342.16,0.008133,0,negative
2380,2010-09-03,30.401,79.028,Uttarakhand,20.33,86.83,149.99,362.5,608.54,0.98,1.5829,1014.66,16.82,108.31,0.00439,1,positive
APDA-NEG-00615,2015-08-11,32.5,76.875,Himachal Pradesh,9.13,15.26,45.77,88.84,213.24,0.9,2.6667,5101.1,32.0,358.76,0.004829,0,negative
APDA-NEG-01262,2007-10-16,26.0,93.75,Nagaland,14.03,25.22,33.86,62.29,79.47,0.82,2.1333,155.68,5.21,210.16,-0.003056,0,negative
APDA-NEG-00855,2013-10-14,25.0,93.125,Manipur,0.01,0.98,13.21,98.06,176.63,0.9,2.6667,275.9,30.23,93.66,-0.002097,0,negative
869,2008-10-29,27.233,94.117,Assam,0.0,19.84,31.21,31.26,94.98,0.83,0.2319,90.61,0.28,229.81,0.000994,1,positive
APDA-NEG-01551,2011-06-30,29.5,80.625,Uttarakhand,108.58,249.46,290.26,303.79,353.81,0.94,2.9333,2217.17,32.44,5.59,0.001258,0,negative
APDA-NEG-00377,2010-07-07,30.5,76.875,Himachal Pradesh,6.32,107.42,183.56,226.41,302.15,0.7,1.3333,298.08,0.59,195.1,0.000987,0,negative
APDA-NEG-01555,2011-07-08,31.0,79.375,Uttarakhand,0.77,14.92,30.72,86.94,136.95,0.74,1.6,5085.99,17.29,81.7,0.00088,0,negative
APDA-NEG-00473,2011-07-08,30.5,76.875,Himachal Pradesh,3.26,25.03,39.5,155.67,216.77,0.54,0.2667,298.08,0.59,195.1,0.000987,0,negative
APDA-NEG-01645,2013-07-18,30.5,77.5,Uttarakhand,7.16,74.13,136.21,274.87,443.26,0.91,2.7333,425.48,0.38,300.89,0.001817,0,negative
APDA-NEG-00177,2010-06-09,25.0,90.625,Assam,7.26,31.27,171.28,298.25,514.45,0.87,2.4667,9.45,0.41,97.51,-0.000647,0,negative
3674,2011-06-29,30.067,79.019,Uttarakhand,19.47,27.06,113.47,160.99,259.69,0.79,1.4707,2176.62,32.61,344.58,0.014774,1,positive
2405,2010-09-10,28.304,95.411,Arunachal Pradesh,47.91,135.67,230.46,316.54,569.0,0.97,2.0178,1838.67,42.16,110.41,-0.022087,1,positive
APDA-NEG-01064,2010-09-16,24.0,92.5,Mizoram,7.76,34.33,58.77,126.66,250.29,0.88,2.5333,707.92,8.18,84.72,-0.000283,0,negative
2257,2010-08-16,30.728,79.497,Uttarakhand,3.6,12.12,49.38,126.37,415.3,0.84,0.6019,3051.83,19.87,303.88,0.000211,1,positive
1149,2009-09-10,31.549,76.9,Himachal Pradesh,29.98,68.74,76.02,183.2,265.05,0.82,0.4289,863.96,0.52,237.86,-0.002811,1,positive
7313,2015-08-01,24.108,94.04,Manipur,5.31,82.66,101.37,202.03,310.51,0.86,1.9581,1238.52,15.24,45.84,-0.001013,1,positive
6290,2014-09-23,25.577,91.867,Meghalaya,73.98,252.28,349.11,400.87,530.74,0.99,1.5259,1477.12,7.67,148.58,-0.000439,1,positive
APDA-NEG-00821,2011-05-31,24.5,93.125,Manipur,12.99,50.37,60.31,209.59,296.38,0.81,2.0667,489.42,31.49,307.92,0.01086,0,negative
APDA-NEG-00212,2012-06-02,25.5,92.5,Assam,30.52,77.74,114.13,172.56,243.21,0.87,2.4667,1063.07,25.33,13.62,-0.014165,0,negative
APDA-NEG-00380,2013-07-14,30.5,76.875,Himachal Pradesh,6.59,12.05,115.81,160.07,388.62,0.72,1.4667,298.08,0.59,195.1,0.000987,0,negative
APDA-NEG-01159,2011-06-20,27.0,95.0,Nagaland,3.32,17.87,31.59,100.07,312.55,0.77,1.8,117.36,3.0,28.88,0.00233,0,negative
APDA-NEG-00180,2010-10-09,25.5,92.5,Assam,23.78,120.24,126.41,161.07,324.93,0.97,3.1333,1063.07,25.33,13.62,-0.014165,0,negative
APDA-NEG-01733,2015-04-28,30.5,80.0,Uttarakhand,1.94,2.92,3.36,13.96,71.18,0.7,1.3333,5403.64,16.29,342.16,0.008133,0,negative
APDA-NEG-00510,2010-10-03,32.5,76.875,Himachal Pradesh,0.0,0.53,0.53,68.88,159.19,0.88,2.5333,5101.1,32.0,358.76,0.004829,0,negative
APDA-NEG-01609,2013-06-16,30.5,77.5,Uttarakhand,153.7,286.17,391.94,401.2,409.24,0.94,2.9333,425.48,0.38,300.89,0.001817,0,negative
APDA-NEG-01759,2015-07-24,29.5,80.625,Uttarakhand,14.07,42.9,50.08,104.28,322.35,0.78,1.8667,2217.17,32.44,5.59,0.001258,0,negative
APDA-NEG-01179,2013-07-01,25.5,94.375,Nagaland,4.91,25.0,76.97,126.88,161.67,0.79,1.9333,1690.52,34.92,313.33,-0.003122,0,negative
APDA-NEG-01219,2014-09-08,27.0,94.375,Nagaland,5.3,28.83,33.99,72.86,365.15,0.9,2.6667,86.0,0.0,0.0,0.0,0,negative
7375,2015-08-01,25.194,94.448,Manipur,4.9,104.34,121.77,229.36,353.87,0.89,1.428,1726.25,14.89,228.1,0.003157,1,positive
APDA-NEG-01062,2010-09-13,23.5,93.125,Mizoram,5.92,10.64,23.16,48.17,130.81,0.75,1.6667,768.55,33.9,313.22,0.007988,0,negative
APDA-NEG-00798,2013-09-24,24.0,94.375,Manipur,0.69,1.4,3.55,80.09,193.1,0.71,1.4,308.07,14.0,233.72,-0.007124,0,negative
5184,2013-07-24,30.906,78.091,Uttarakhand,13.91,21.36,81.91,152.74,292.75,0.94,1.6429,1538.77,19.13,62.7,0.003055,1,positive
APDA-NEG-00483,2011-08-07,31.5,78.75,Himachal Pradesh,0.36,15.7,26.23,100.17,210.35,0.84,2.2667,4989.8,15.71,68.13,-0.003931,0,negative
APDA-NEG-00568,2011-08-07,30.5,76.875,Himachal Pradesh,1.41,27.32,41.3,106.45,277.26,0.7,1.3333,298.08,0.59,195.1,0.000987,0,negative
APDA-NEG-01129,2010-07-06,25.5,94.375,Nagaland,4.5,20.02,66.91,126.11,302.38,0.86,2.4,1690.52,34.92,313.33,-0.003122,0,negative
1771,2010-04-20,26.198,91.767,Assam,33.21,123.36,189.67,214.75,297.34,0.85,2.0092,71.95,12.8,132.91,0.001924,1,positive
APDA-NEG-00472,2015-08-18,33.0,77.5,Himachal Pradesh,4.17,7.52,15.58,48.26,128.79,0.69,1.2667,5155.49,22.24,314.26,0.012153,0,negative
APDA-NEG-01798,2011-07-09,29.0,79.375,Uttarakhand,7.42,17.47,28.9,319.1,367.76,0.68,1.2,215.32,0.43,292.55,0.001399,0,negative
APDA-NEG-00550,2011-08-07,31.5,78.75,Himachal Pradesh,0.36,15.7,26.23,100.17,210.35,0.84,2.2667,4989.8,15.71,68.13,-0.003931,0,negative
3746,2011-07-08,30.651,79.519,Uttarakhand,1.5,29.85,55.09,173.07,253.51,0.8,1.1771,2241.42,12.44,98.79,0.001929,1,positive
APDA-NEG-00938,2011-07-07,24.0,94.375,Manipur,2.91,10.78,29.42,115.02,209.14,0.66,1.0667,308.07,14.0,233.72,-0.007124,0,negative
APDA-NEG-01634,2007-07-30,30.5,80.0,Uttarakhand,18.72,36.89,69.66,104.65,195.55,0.77,1.8,5403.64,16.29,342.16,0.008133,0,negative
APDA-NEG-01481,2010-08-20,29.5,78.75,Uttarakhand,21.37,101.66,143.74,226.28,497.26,0.9,2.6667,285.78,7.49,11.54,0.004111,0,negative
APDA-NEG-01041,2010-08-06,24.0,93.125,Mizoram,0.52,11.39,43.12,109.66,219.45,0.85,2.3333,1156.07,10.45,264.05,-0.013664,0,negative
6106,2014-06-27,26.141,91.765,Assam,6.85,21.91,150.58,297.77,349.14,0.8,-0.2866,60.18,3.25,18.9,0.00049,1,positive
APDA-NEG-01690,2010-09-20,29.5,78.75,Uttarakhand,9.81,116.04,190.53,305.18,605.8,0.96,3.0667,285.78,7.49,11.54,0.004111,0,negative
7336,2015-08-19,25.219,90.555,Meghalaya,26.68,58.96,87.68,142.24,354.46,0.92,0.5543,280.81,8.85,55.04,-0.008342,1,positive
APDA-NEG-01168,2010-10-08,27.0,94.375,Nagaland,21.66,28.23,29.47,128.15,346.54,0.93,2.8667,86.0,0.0,0.0,0.0,0,negative
APDA-NEG-00078,2014-08-17,29.0,95.625,Arunachal Pradesh,5.45,19.86,100.6,140.32,199.52,0.87,2.4667,2967.53,32.82,99.99,-0.011499,0,negative
APDA-NEG-00267,2015-09-01,25.5,90.625,Assam,16.1,113.66,173.71,321.69,424.21,0.98,3.2,263.81,5.53,161.64,-0.002985,0,negative
APDA-NEG-00463,2011-06-14,33.0,77.5,Himachal Pradesh,1.57,1.58,16.71,32.0,42.68,0.48,-0.1333,5155.49,22.24,314.26,0.012153,0,negative
5006,2013-07-01,26.115,94.386,Nagaland,9.11,27.57,97.88,146.0,195.91,0.84,0.5313,353.9,24.42,92.13,-0.00679,1,positive
3578,2011-06-07,30.241,78.908,Uttarakhand,2.17,16.47,42.51,103.91,116.64,0.56,1.0866,800.14,37.32,179.01,-0.000533,1,positive
4313,2012-04-08,28.466,95.86,Arunachal Pradesh,3.12,12.66,15.87,48.45,63.06,0.68,-0.6033,1044.75,36.99,146.35,-0.005245,1,positive
APDA-NEG-01365,2012-09-19,27.5,88.125,Sikkim,3.14,19.16,96.55,119.96,226.64,0.9,2.6667,4104.06,56.52,298.77,0.014678,0,negative
5382,2013-08-21,31.538,77.374,Himachal Pradesh,15.31,31.84,93.45,187.01,375.42,0.96,1.6964,3080.16,37.19,168.47,-0.002164,1,positive
APDA-NEG-01530,2012-08-17,30.5,80.0,Uttarakhand,8.34,17.57,40.57,97.29,164.81,0.74,1.6,5403.64,16.29,342.16,0.008133,0,negative
6945,2015-06-19,25.16,93.686,Manipur,1.74,5.62,28.44,108.65,182.72,0.68,-0.3333,1014.79,40.83,19.25,0.009344,1,positive
APDA-NEG-00397,2010-07-25,32.5,78.125,Himachal Pradesh,0.31,2.26,26.04,38.7,69.21,0.41,-0.6,5364.12,23.0,184.14,0.001507,0,negative
APDA-NEG-00769,2008-06-09,24.0,93.125,Manipur,3.07,10.78,25.6,62.72,125.3,0.55,0.3333,1156.07,10.45,264.05,-0.013664,0,negative
2392,2010-09-04,27.37,88.733,Sikkim,2.0,17.97,46.09,144.4,283.13,0.9,0.9432,3522.76,5.07,222.52,-0.009445,1,positive
6105,2014-06-27,28.921,95.343,Arunachal Pradesh,14.77,18.84,30.77,79.53,112.18,0.75,-0.2855,4085.62,8.5,309.75,-0.015365,1,positive
APDA-NEG-00410,2008-09-19,32.5,78.125,Himachal Pradesh,11.12,17.29,18.1,28.03,57.84,0.59,0.6,5364.12,23.0,184.14,0.001507,0,negative
2041,2010-07-06,30.249,78.885,Uttarakhand,22.77,87.13,125.41,183.41,206.19,0.75,0.7297,890.77,33.1,146.38,0.005732,1,positive
2463,2010-09-19,31.119,77.509,Himachal Pradesh,61.51,118.73,171.84,316.03,594.7,1.0,2.1616,1547.67,35.7,347.34,0.000344,1,positive
APDA-NEG-00233,2014-06-28,27.0,94.375,Assam,23.86,69.35,105.74,223.96,324.21,0.85,2.3333,86.0,0.0,0.0,0.0,0,negative
1986,2010-06-15,26.334,94.551,Nagaland,40.07,75.47,135.07,260.58,370.59,0.91,2.0553,1371.68,18.54,206.7,-0.006993,1,positive
APDA-NEG-00155,2008-05-20,26.5,94.375,Assam,7.05,37.18,55.17,82.23,175.12,0.72,1.4667,307.93,20.68,270.76,-0.012984,0,negative
APDA-NEG-00722,2010-10-04,32.5,76.875,Himachal Pradesh,0.0,0.0,0.53,55.21,157.41,0.87,2.4667,5101.1,32.0,358.76,0.004829,0,negative
APDA-NEG-01246,2013-07-15,27.0,95.0,Nagaland,6.82,23.06,55.85,172.83,362.91,0.88,2.5333,117.36,3.0,28.88,0.00233,0,negative
5347,2013-08-17,30.729,78.44,Uttarakhand,28.74,59.6,124.47,317.08,539.89,0.98,1.5648,1122.26,5.34,236.02,0.001009,1,positive
APDA-NEG-00035,2012-04-08,29.0,96.25,Arunachal Pradesh,1.58,6.34,8.43,24.37,35.46,0.59,0.6,4424.4,28.85,66.8,0.001741,0,negative
APDA-NEG-01366,2012-09-19,27.5,88.75,Sikkim,5.16,19.03,89.34,112.09,220.17,0.87,2.4667,3955.2,32.18,303.05,-0.003542,0,negative
2113,2010-07-21,27.377,88.559,Sikkim,7.3,45.36,99.3,177.1,294.82,0.86,0.9741,1470.62,26.99,254.71,-0.009928,1,positive
APDA-NEG-01078,2010-09-13,23.5,92.5,Mizoram,9.93,17.18,36.45,70.49,218.07,0.86,2.4,697.5,31.7,35.92,-0.007925,0,negative
APDA-NEG-00071,2015-07-15,28.5,95.625,Arunachal Pradesh,22.66,43.21,64.94,150.67,327.78,0.91,2.7333,2215.04,37.28,283.93,-0.000253,0,negative
APDA-NEG-01416,2010-06-03,23.5,91.875,Tripura,39.68,85.81,214.46,427.11,476.97,0.88,2.5333,98.63,5.69,26.51,-0.003608,0,negative
796,2008-09-19,30.56,77.3,Himachal Pradesh,66.0,94.15,100.54,150.92,238.27,0.92,1.3727,899.57,8.8,159.36,-0.006194,1,positive
APDA-NEG-01544,2013-06-25,31.0,79.375,Uttarakhand,9.74,40.91,51.61,249.74,272.43,0.87,2.4667,5085.99,17.29,81.7,0.00088,0,negative
APDA-NEG-00593,2015-07-13,31.5,78.75,Himachal Pradesh,10.87,42.83,79.01,117.7,149.19,0.77,1.8,4989.8,15.71,68.13,-0.003931,0,negative
APDA-NEG-01701,2013-08-18,31.0,79.375,Uttarakhand,1.71,14.28,39.88,98.71,186.22,0.86,2.4,5085.99,17.29,81.7,0.00088,0,negative
APDA-NEG-00272,2014-06-27,26.5,94.375,Assam,17.0,33.71,80.74,188.51,292.71,0.84,2.2667,307.93,20.68,270.76,-0.012984,0,negative
APDA-NEG-01113,2007-10-16,26.5,94.375,Nagaland,13.85,29.81,39.38,61.17,87.62,0.89,2.6,307.93,20.68,270.76,-0.012984,0,negative
APDA-NEG-01721,2014-07-24,29.0,79.375,Uttarakhand,3.88,15.39,144.47,200.83,275.95,0.6,0.6667,215.32,0.43,292.55,0.001399,0,negative
APDA-NEG-00812,2015-06-19,24.0,94.375,Manipur,1.9,3.26,13.21,51.12,78.1,0.49,-0.0667,308.07,14.0,233.72,-0.007124,0,negative
APDA-NEG-01207,2013-08-12,26.5,94.375,Nagaland,20.86,32.75,94.53,183.0,352.13,0.93,2.8667,307.93,20.68,270.76,-0.012984,0,negative
APDA-NEG-01814,2013-07-31,29.0,79.375,Uttarakhand,10.56,35.23,93.76,297.07,533.97,0.89,2.6,215.32,0.43,292.55,0.001399,0,negative
7227,2015-07-19,30.071,80.236,Uttarakhand,0.97,5.4,17.91,128.57,276.19,0.78,0.5461,2118.94,10.99,166.63,0.002257,1,positive
APDA-NEG-01582,2007-07-30,29.5,78.75,Uttarakhand,39.18,70.63,136.82,193.22,388.88,0.79,1.9333,285.78,7.49,11.54,0.004111,0,negative
APDA-NEG-00007,2010-04-03,28.5,95.625,Arunachal Pradesh,18.09,48.25,80.29,129.05,149.72,0.79,1.9333,2215.04,37.28,283.93,-0.000253,0,negative
APDA-NEG-01584,2013-09-30,31.0,79.375,Uttarakhand,2.87,6.28,13.37,20.95,53.98,0.79,1.9333,5085.99,17.29,81.7,0.00088,0,negative
APDA-NEG-00621,2015-08-13,33.0,77.5,Himachal Pradesh,1.86,7.37,28.39,91.48,135.42,0.69,1.2667,5155.49,22.24,314.26,0.012153,0,negative
APDA-NEG-01408,2013-05-08,24.0,91.875,Tripura,50.09,144.31,244.95,301.19,343.93,0.86,2.4,109.66,7.56,76.82,-0.012958,0,negative
APDA-NEG-00846,2015-08-01,24.0,94.375,Manipur,2.09,71.58,85.55,159.45,237.74,0.74,1.6,308.07,14.0,233.72,-0.007124,0,negative
594,2008-06-19,24.934,93.828,Manipur,6.03,24.82,47.27,89.31,140.97,0.69,-0.2529,1011.5,18.37,101.31,-0.001078,1,positive
APDA-NEG-01049,2010-09-13,23.5,93.125,Mizoram,5.92,10.64,23.16,48.17,130.81,0.75,1.6667,768.55,33.9,313.22,0.007988,0,negative
APDA-NEG-01409,2014-08-15,24.0,91.875,Tripura,24.29,149.66,171.16,216.3,318.18,0.89,2.6,109.66,7.56,76.82,-0.012958,0,negative
APDA-NEG-01804,2013-07-26,29.0,79.375,Uttarakhand,12.77,62.33,159.78,299.61,510.05,0.9,2.6667,215.32,0.43,292.55,0.001399,0,negative
3894,2011-08-07,31.077,77.392,Himachal Pradesh,0.65,31.23,56.82,171.45,380.55,0.93,0.724,1303.75,2.1,34.4,-0.000252,1,positive
APDA-NEG-00005,2009-08-12,29.0,95.625,Arunachal Pradesh,21.36,58.75,75.64,149.43,209.1,0.83,2.2,2967.53,32.82,99.99,-0.011499,0,negative
APDA-NEG-00758,2008-06-19,24.0,93.75,Manipur,5.78,24.38,44.42,72.62,108.09,0.59,0.6,938.27,22.91,215.12,-0.015373,0,negative
APDA-NEG-01475,2010-08-20,29.5,78.75,Uttarakhand,21.37,101.66,143.74,226.28,497.26,0.9,2.6667,285.78,7.49,11.54,0.004111,0,negative
7726,2015-08-22,31.037,77.121,Himachal Pradesh,23.44,70.77,112.07,163.73,260.61,0.83,1.0091,1792.54,18.59,294.56,0.003751,1,positive
APDA-NEG-00528,2013-07-07,30.5,76.875,Himachal Pradesh,21.22,30.16,44.26,103.86,368.09,0.65,1.0,298.08,0.59,195.1,0.000987,0,negative
APDA-NEG-01127,2010-07-06,26.0,95.0,Nagaland,9.26,32.72,75.34,140.15,355.44,0.94,2.9333,1150.77,10.47,188.47,-0.011555,0,negative
APDA-NEG-00401,2010-08-04,30.5,76.875,Himachal Pradesh,3.3,5.3,94.3,176.15,314.11,0.75,1.6667,298.08,0.59,195.1,0.000987,0,negative
APDA-NEG-00037,2012-06-02,29.0,95.625,Arunachal Pradesh,5.18,15.37,18.46,35.77,102.28,0.7,1.3333,2967.53,32.82,99.99,-0.011499,0,negative
APDA-NEG-00523,2013-06-15,32.0,78.125,Himachal Pradesh,18.18,48.63,64.09,65.82,68.78,0.56,0.4,5347.43,45.52,279.8,-0.005436,0,negative
1168,2009-09-17,27.195,88.612,Sikkim,4.39,10.49,13.42,72.82,225.29,0.85,0.1034,470.84,6.54,331.71,-0.001243,1,positive
APDA-NEG-00004,2012-06-25,28.0,95.0,Arunachal Pradesh,50.18,129.02,190.51,335.98,517.83,0.94,2.9333,784.15,2.6,262.83,-0.001803,0,negative
2098,2010-07-19,26.722,95.028,Nagaland,13.18,50.87,108.57,186.45,342.81,0.94,1.2703,698.21,19.62,227.84,0.002966,1,positive
5139,2013-07-19,30.072,80.237,Uttarakhand,15.67,54.33,89.61,218.07,398.65,0.91,1.6121,2093.43,16.79,114.53,0.000224,1,positive
APDA-NEG-00051,2013-04-07,28.0,95.0,Arunachal Pradesh,0.02,4.69,35.96,75.92,149.77,0.65,1.0,784.15,2.6,262.83,-0.001803,0,negative
APDA-NEG-01331,2010-07-21,27.5,88.75,Sikkim,7.3,45.36,99.3,177.1,294.82,0.86,2.4,3955.2,32.18,303.05,-0.003542,0,negative
APDA-NEG-00906,2015-08-01,24.0,93.75,Manipur,5.31,82.66,101.37,202.03,310.51,0.86,2.4,938.27,22.91,215.12,-0.015373,0,negative
APDA-NEG-01477,2010-08-20,31.0,79.375,Uttarakhand,3.99,32.86,41.04,91.31,235.6,0.79,1.9333,5085.99,17.29,81.7,0.00088,0,negative
APDA-NEG-01732,2013-07-19,30.5,77.5,Uttarakhand,19.65,55.45,152.99,293.77,462.82,0.92,2.8,425.48,0.38,300.89,0.001817,0,negative
4978,2013-06-24,30.454,78.391,Uttarakhand,43.31,82.44,84.38,562.92,582.3,0.88,2.2067,1120.37,17.43,69.99,-0.000622,1,positive
APDA-NEG-00499,2012-07-05,30.5,76.875,Himachal Pradesh,0.21,11.16,24.09,47.29,54.57,0.31,-1.2667,298.08,0.59,195.1,0.000987,0,negative
3749,2011-07-09,30.741,79.493,Uttarakhand,6.04,11.87,60.94,162.45,243.41,0.81,1.2091,3088.97,13.93,293.99,0.001275,1,positive
APDA-NEG-00818,2015-08-01,24.5,93.125,Manipur,13.23,101.21,122.2,287.02,505.03,0.95,3.0,489.42,31.49,307.92,0.01086,0,negative
APDA-NEG-00389,2010-07-25,30.5,76.875,Himachal Pradesh,3.44,7.69,96.35,150.13,345.74,0.71,1.4,298.08,0.59,195.1,0.000987,0,negative
APDA-NEG-00971,2010-06-28,25.0,90.625,Meghalaya,32.65,105.46,127.98,231.7,527.9,0.92,2.8,9.45,0.41,97.51,-0.000647,0,negative
APDA-NEG-01746,2008-07-18,31.0,79.375,Uttarakhand,16.74,41.49,57.88,80.44,137.25,0.77,1.8,5085.99,17.29,81.7,0.00088,0,negative
APDA-NEG-01228,2008-08-07,26.5,94.375,Nagaland,0.83,46.16,68.83,137.01,302.75,0.86,2.4,307.93,20.68,270.76,-0.012984,0,negative
APDA-NEG-00082,2015-06-09,28.5,95.625,Arunachal Pradesh,57.27,132.33,191.86,320.68,497.06,0.95,3.0,2215.04,37.28,283.93,-0.000253,0,negative
APDA-NEG-00470,2010-09-20,32.0,78.125,Himachal Pradesh,0.44,31.9,52.88,95.75,187.03,0.81,2.0667,5347.43,45.52,279.8,-0.005436,0,negative
APDA-NEG-01164,2010-07-19,27.0,94.375,Nagaland,11.96,48.68,120.89,211.82,426.61,0.92,2.8,86.0,0.0,0.0,0.0,0,negative
APDA-NEG-01394,2010-07-21,27.15,88.1,Sikkim,17.74,87.19,185.76,322.88,555.74,0.94,2.9333,2395.93,26.81,256.33,0.013169,0,negative
6775,2015-02-14,26.147,91.647,Assam,0.26,0.26,0.26,0.26,2.05,0.66,-0.6951,56.36,13.58,208.95,0.007168,1,positive
APDA-NEG-01359,2012-06-14,27.15,88.8,Sikkim,0.92,2.11,6.74,71.98,112.39,0.47,-0.2,1594.02,19.03,313.44,-0.001078,0,negative
APDA-NEG-00072,2014-08-17,28.5,95.625,Arunachal Pradesh,3.75,30.65,157.34,269.08,403.2,0.94,2.9333,2215.04,37.28,283.93,-0.000253,0,negative
4571,2012-09-19,27.656,88.605,Sikkim,5.16,19.03,89.34,112.09,220.17,0.87,0.5454,1953.18,7.3,315.39,-0.002397,1,positive
5178,2013-07-24,30.461,79.477,Uttarakhand,15.7,26.23,96.52,169.02,342.6,0.92,1.7763,2463.8,24.82,234.31,0.006893,1,positive
APDA-NEG-01643,2013-07-12,30.5,77.5,Uttarakhand,2.87,9.3,133.23,188.65,750.5,0.87,2.4667,425.48,0.38,300.89,0.001817,0,negative
APDA-NEG-00053,2013-06-01,29.0,95.625,Arunachal Pradesh,12.12,17.13,26.04,52.42,124.89,0.78,1.8667,2967.53,32.82,99.99,-0.011499,0,negative
APDA-NEG-00302,2011-05-24,25.0,90.625,Assam,10.18,35.94,95.64,174.66,268.84,0.66,1.0667,9.45,0.41,97.51,-0.000647,0,negative
APDA-NEG-01448,2012-08-17,29.5,78.75,Uttarakhand,15.88,42.31,91.76,211.13,346.74,0.76,1.7333,285.78,7.49,11.54,0.004111,0,negative
APDA-NEG-00967,2010-05-11,25.5,92.5,Meghalaya,12.85,28.61,56.39,112.71,418.07,0.84,2.2667,1063.07,25.33,13.62,-0.014165,0,negative
2466,2010-09-19,30.874,76.958,Himachal Pradesh,35.98,56.2,82.43,230.46,393.68,0.9,1.855,1305.6,34.74,246.1,0.001665,1,positive
APDA-NEG-01367,2013-06-08,27.15,88.7632,Sikkim,11.49,21.4,59.22,152.82,271.98,0.7,1.3333,2635.98,24.27,20.83,-0.003513,0,negative
APDA-NEG-01575,2011-07-29,31.0,79.375,Uttarakhand,2.26,31.59,52.29,114.45,183.37,0.81,2.0667,5085.99,17.29,81.7,0.00088,0,negative
APDA-NEG-00886,2011-05-31,24.0,93.75,Manipur,8.41,37.27,42.71,161.06,216.67,0.74,1.6,938.27,22.91,215.12,-0.015373,0,negative
4446,2012-07-05,28.999,94.889,Arunachal Pradesh,4.3,30.75,65.95,179.18,289.14,0.85,0.5101,595.37,17.56,13.3,0.005696,1,positive
146,2007-07-30,30.733,78.439,Uttarakhand,58.29,83.93,119.33,211.5,461.66,0.95,1.2214,1443.21,41.67,25.22,0.003204,1,positive
APDA-NEG-00226,2008-08-14,25.0,90.625,Assam,7.92,54.41,140.02,208.61,283.83,0.89,2.6,9.45,0.41,97.51,-0.000647,0,negative
APDA-NEG-00904,2009-08-20,24.0,93.125,Manipur,11.72,34.46,96.13,150.91,290.33,0.83,2.2,1156.07,10.45,264.05,-0.013664,0,negative
7159,2015-07-10,29.391,79.455,Uttarakhand,36.45,61.82,134.01,275.61,381.74,0.85,1.586,1941.53,3.27,283.25,0.004002,1,positive
3269,2011-03-22,28.079,96.524,Arunachal Pradesh,7.48,55.41,102.32,122.78,130.32,0.79,2.1494,540.76,25.09,16.84,0.000669,1,positive
APDA-NEG-01320,2007-09-11,28.0,88.75,Sikkim,0.98,5.48,34.17,69.2,144.18,0.82,2.1333,5096.07,0.2,324.18,-0.000309,0,negative
APDA-NEG-01185,2013-07-15,26.5,94.375,Nagaland,7.39,24.29,76.78,183.92,354.75,0.85,2.3333,307.93,20.68,270.76,-0.012984,0,negative
APDA-NEG-01705,2013-08-18,29.5,78.75,Uttarakhand,3.79,61.41,115.6,246.79,470.03,0.92,2.8,285.78,7.49,11.54,0.004111,0,negative
4090,2011-12-10,29.913,79.353,Uttarakhand,0.0,3.48,3.62,3.62,3.62,0.64,0.8454,1018.46,13.76,322.89,0.007487,1,positive
APDA-NEG-00384,2015-08-12,32.5,76.875,Himachal Pradesh,6.29,20.0,49.08,93.33,210.74,0.9,2.6667,5101.1,32.0,358.76,0.004829,0,negative
2455,2010-09-19,30.104,78.427,Uttarakhand,91.15,167.71,244.04,381.44,762.46,0.99,2.1283,697.69,38.14,39.64,0.002112,1,positive
2575,2010-10-09,25.524,92.991,Assam,26.53,110.95,121.17,153.27,276.74,0.95,2.1076,171.37,22.19,118.95,0.001054,1,positive
APDA-NEG-00899,2015-08-01,25.0,93.125,Manipur,13.93,93.0,107.23,259.26,462.73,0.95,3.0,275.9,30.23,93.66,-0.002097,0,negative
7253,2015-07-22,24.798,92.997,Assam,18.11,52.6,152.6,266.7,429.08,0.94,1.5379,24.3,0.44,233.1,0.000305,1,positive
APDA-NEG-00777,2010-03-28,24.5,93.125,Manipur,2.6,12.91,15.42,18.91,30.08,0.48,-0.1333,489.42,31.49,307.92,0.01086,0,negative
5240,2013-07-31,30.382,78.095,Uttarakhand,24.14,49.02,82.37,228.98,424.11,0.95,1.551,828.64,23.99,262.94,0.022109,1,positive
APDA-NEG-01490,2009-08-17,30.5,77.5,Uttarakhand,1.41,12.72,42.28,154.44,357.24,0.73,1.5333,425.48,0.38,300.89,0.001817,0,negative
APDA-NEG-00880,2015-08-01,24.5,93.125,Manipur,13.23,101.21,122.2,287.02,505.03,0.95,3.0,489.42,31.49,307.92,0.01086,0,negative
APDA-NEG-00353,2008-09-19,32.0,78.125,Himachal Pradesh,16.78,25.44,26.85,41.26,76.72,0.72,1.4667,5347.43,45.52,279.8,-0.005436,0,negative
3881,2011-08-05,27.103,93.689,Arunachal Pradesh,21.34,48.21,57.1,226.79,521.8,0.91,0.859,149.55,3.02,126.32,-0.000848,1,positive
APDA-NEG-01782,2013-06-24,29.5,78.75,Uttarakhand,30.07,45.08,48.43,361.35,385.35,0.75,1.6667,285.78,7.49,11.54,0.004111,0,negative
APDA-NEG-00016,2012-06-25,29.0,95.625,Arunachal Pradesh,17.7,52.46,100.88,155.79,218.43,0.84,2.2667,2967.53,32.82,99.99,-0.011499,0,negative
2464,2010-09-19,30.954,77.506,Himachal Pradesh,61.51,118.73,171.84,316.03,594.7,1.0,2.1616,2598.85,20.42,102.04,-0.00735,1,positive
APDA-NEG-01614,2012-07-05,29.0,79.375,Uttarakhand,1.87,6.65,14.8,22.88,40.96,0.35,-1.0,215.32,0.43,292.55,0.001399,0,negative
APDA-NEG-01300,2011-06-18,27.15,88.7632,Sikkim,10.56,22.82,36.99,67.3,164.42,0.58,0.5333,2635.98,24.27,20.83,-0.003513,0,negative
APDA-NEG-00251,2014-09-23,25.0,90.625,Assam,29.81,153.54,296.78,335.36,470.16,0.97,3.1333,9.45,0.41,97.51,-0.000647,0,negative
4930,2013-06-16,30.885,78.67,Uttarakhand,119.62,239.74,312.27,320.16,327.52,0.93,2.6672,1826.57,31.04,20.22,0.012327,1,positive
APDA-NEG-01315,2009-08-20,27.15,88.1,Sikkim,61.76,146.77,195.56,258.79,466.42,0.94,2.9333,2395.93,26.81,256.33,0.013169,0,negative
6341,2014-09-11,30.688,79.048,Uttarakhand,4.66,9.21,49.19,81.27,251.57,0.88,0.0768,2665.49,38.58,51.5,0.010308,1,positive
147,2007-07-30,22.533,92.899,Mizoram,0.31,3.17,25.87,143.21,228.9,0.72,-0.0028,801.84,23.5,286.03,0.012225,1,positive
5270,2013-08-04,26.048,94.462,Nagaland,5.78,14.93,47.43,109.0,290.88,0.89,0.7207,866.95,29.29,278.6,0.001453,1,positive
2136,2010-07-25,30.904,77.097,Himachal Pradesh,3.31,8.24,111.25,171.1,367.17,0.73,0.9395,1440.5,16.85,302.55,-0.00543,1,positive
APDA-NEG-00346,2010-09-19,33.0,77.5,Himachal Pradesh,7.92,10.92,15.69,42.36,91.52,0.66,1.0667,5155.49,22.24,314.26,0.012153,0,negative
7367,2014-08-08,32.224,76.337,Himachal Pradesh,14.31,26.99,34.99,107.56,206.23,0.64,-0.4138,1571.15,15.29,265.93,-0.004836,1,positive
APDA-NEG-00019,2010-11-22,28.5,95.625,Arunachal Pradesh,0.0,24.41,25.5,26.34,38.72,0.81,2.0667,2215.04,37.28,283.93,-0.000253,0,negative
APDA-NEG-01699,2013-08-18,30.5,77.5,Uttarakhand,3.91,46.35,119.51,305.17,529.98,0.96,3.0667,425.48,0.38,300.89,0.001817,0,negative
APDA-NEG-01639,2013-07-10,30.5,77.5,Uttarakhand,1.41,61.76,133.64,198.68,771.11,0.88,2.5333,425.48,0.38,300.89,0.001817,0,negative
APDA-NEG-01734,2007-07-30,29.5,78.75,Uttarakhand,39.18,70.63,136.82,193.22,388.88,0.79,1.9333,285.78,7.49,11.54,0.004111,0,negative
APDA-NEG-00189,2010-10-09,28.0,93.75,Assam,7.1,27.32,37.27,112.1,292.03,0.89,2.6,576.05,30.81,45.85,0.021021,0,negative
APDA-NEG-01039,2009-10-05,22.5,93.125,Mizoram,3.45,29.38,42.02,61.39,173.97,0.85,2.3333,448.6,33.09,143.87,-0.000616,0,negative
4403,2012-06-10,24.814,93.544,Manipur,5.93,7.31,42.21,128.82,170.59,0.7,0.1248,541.65,33.23,50.78,-0.010757,1,positive
APDA-NEG-01119,2008-08-29,26.0,95.0,Nagaland,13.53,30.7,44.8,151.88,292.13,0.9,2.6667,1150.77,10.47,188.47,-0.011555,0,negative
APDA-NEG-00761,2007-09-10,24.0,94.375,Manipur,0.73,10.16,46.05,53.75,95.69,0.53,0.2,308.07,14.0,233.72,-0.007124,0,negative
APDA-NEG-01778,2015-07-19,31.0,79.375,Uttarakhand,0.18,3.25,16.02,89.68,140.03,0.73,1.5333,5085.99,17.29,81.7,0.00088,0,negative
APDA-NEG-01739,2015-06-25,30.5,80.0,Uttarakhand,13.35,16.39,26.02,32.61,38.6,0.62,0.8,5403.64,16.29,342.16,0.008133,0,negative
APDA-NEG-00592,2013-06-12,31.5,78.75,Himachal Pradesh,4.25,22.6,24.8,31.59,32.39,0.7,1.3333,4989.8,15.71,68.13,-0.003931,0,negative
APDA-NEG-00540,2008-03-17,32.5,76.875,Himachal Pradesh,0.0,0.0,0.7,0.74,2.1,0.61,0.7333,5101.1,32.0,358.76,0.004829,0,negative
2163,2010-07-29,25.42,94.105,Manipur,17.06,32.41,58.35,121.52,246.28,0.92,1.4983,1420.43,15.6,16.39,-0.017669,1,positive
2587,2010-10-10,25.662,94.107,Nagaland,0.87,76.09,120.34,143.49,255.27,0.93,1.3976,1383.27,13.02,88.84,0.011087,1,positive
APDA-NEG-00738,2015-08-22,30.5,76.875,Himachal Pradesh,24.58,79.5,114.3,179.04,279.27,0.82,2.1333,298.08,0.59,195.1,0.000987,0,negative
APDA-NEG-01659,2013-07-24,29.5,78.75,Uttarakhand,18.0,39.85,136.26,247.3,474.84,0.89,2.6,285.78,7.49,11.54,0.004111,0,negative
APDA-NEG-01606,2015-07-28,31.0,79.375,Uttarakhand,0.93,7.62,21.74,35.15,134.09,0.73,1.5333,5085.99,17.29,81.7,0.00088,0,negative
APDA-NEG-00708,2011-02-25,32.0,78.125,Himachal Pradesh,1.37,1.37,1.38,12.33,16.53,0.65,1.0,5347.43,45.52,279.8,-0.005436,0,negative
5086,2013-07-12,29.38,79.463,Uttarakhand,4.75,27.56,173.69,216.28,655.49,0.89,1.7327,1946.41,14.39,164.98,-0.000794,1,positive
APDA-NEG-00075,2015-08-18,28.0,93.75,Arunachal Pradesh,17.22,50.22,86.43,189.27,315.4,0.9,2.6667,576.05,30.81,45.85,0.021021,0,negative
APDA-NEG-01836,2009-09-01,29.5,80.625,Uttarakhand,0.59,2.8,12.7,57.23,261.68,0.73,1.5333,2217.17,32.44,5.59,0.001258,0,negative
2112,2010-07-21,27.551,88.648,Sikkim,7.3,45.36,99.3,177.1,294.82,0.86,0.9741,1471.89,50.63,341.3,0.001267,1,positive
APDA-NEG-01550,2013-08-13,30.5,80.0,Uttarakhand,15.73,26.25,39.3,93.01,207.84,0.86,2.4,5403.64,16.29,342.16,0.008133,0,negative
APDA-NEG-01507,2010-09-18,29.0,79.375,Uttarakhand,56.01,129.98,182.55,305.51,666.32,0.96,3.0667,215.32,0.43,292.55,0.001399,0,negative
5300,2013-08-09,25.318,94.044,Manipur,1.71,17.09,68.88,125.01,300.4,0.82,0.8785,994.32,16.51,91.4,0.020341,1,positive
APDA-NEG-00783,2010-07-29,24.0,93.75,Manipur,13.12,25.81,39.71,89.98,187.75,0.81,2.0667,938.27,22.91,215.12,-0.015373,0,negative
4487,2012-08-17,30.618,78.323,Uttarakhand,35.39,81.68,146.94,310.83,470.12,0.92,0.802,881.58,46.18,17.07,0.002086,1,positive
APDA-NEG-01302,2010-07-21,27.5,88.75,Sikkim,7.3,45.36,99.3,177.1,294.82,0.86,2.4,3955.2,32.18,303.05,-0.003542,0,negative
7727,2015-08-20,25.626,94.106,Nagaland,8.68,20.24,33.33,115.3,280.13,0.9,1.1083,1507.81,14.24,198.45,0.007716,1,positive
APDA-NEG-00387,2010-07-17,32.5,78.125,Himachal Pradesh,0.12,2.95,10.83,34.13,51.13,0.37,-0.8667,5364.12,23.0,184.14,0.001507,0,negative
APDA-NEG-00965,2010-04-21,26.0,90.625,Meghalaya,20.1,81.74,152.87,184.63,235.67,0.74,1.6,62.04,6.07,73.96,0.000375,0,negative
14202,2015-04-16,31.499,78.224,Himachal Pradesh,5.21,18.68,18.68,41.02,55.72,0.76,1.6732,1839.79,42.97,229.85,0.006752,1,positive
2566,2010-10-08,25.477,94.135,Manipur,52.1,92.98,96.35,132.66,238.6,0.98,1.8579,1668.75,20.51,75.78,0.005168,1,positive
1961,2010-06-09,25.883,91.2,Assam,21.72,69.05,217.88,352.09,501.14,0.85,1.641,239.65,18.31,53.28,0.005628,1,positive
APDA-NEG-01362,2010-04-17,27.15,88.8,Sikkim,1.42,4.12,9.66,9.91,12.16,0.37,-0.8667,1594.02,19.03,313.44,-0.001078,0,negative
APDA-NEG-00841,2013-05-12,24.0,94.375,Manipur,5.29,29.11,77.53,169.78,205.57,0.68,1.2,308.07,14.0,233.72,-0.007124,0,negative
7728,2015-08-22,26.103,91.881,Assam,4.42,70.45,153.53,205.28,285.17,0.91,0.526,112.87,12.46,16.42,0.007135,1,positive
APDA-NEG-01040,2013-05-11,23.5,93.125,Mizoram,13.72,42.92,137.81,227.98,261.75,0.78,1.8667,768.55,33.9,313.22,0.007988,0,negative
545,2008-05-20,24.985,92.841,Assam,5.6,22.56,69.88,92.75,127.3,0.7,-0.1975,262.07,11.11,216.47,-0.006878,1,positive
APDA-NEG-00471,2011-07-08,32.5,76.875,Himachal Pradesh,4.7,27.36,34.72,103.03,152.37,0.72,1.4667,5101.1,32.0,358.76,0.004829,0,negative
APDA-NEG-01371,2013-09-01,27.5,88.75,Sikkim,3.53,12.75,46.98,83.29,241.04,0.87,2.4667,3955.2,32.18,303.05,-0.003542,0,negative
APDA-NEG-01496,2014-08-18,31.0,79.375,Uttarakhand,1.57,6.09,55.69,107.72,175.75,0.8,2.0,5085.99,17.29,81.7,0.00088,0,negative
APDA-NEG-00257,2015-03-19,27.0,94.375,Assam,1.04,1.73,1.96,10.72,39.36,0.52,0.1333,86.0,0.0,0.0,0.0,0,negative
2104,2010-07-20,29.36,80.126,Uttarakhand,58.27,159.01,186.97,244.57,405.16,0.97,1.3759,1372.82,25.25,104.8,0.005979,1,positive
APDA-NEG-00383,2010-07-07,30.5,76.875,Himachal Pradesh,6.32,107.42,183.56,226.41,302.15,0.7,1.3333,298.08,0.59,195.1,0.000987,0,negative
APDA-NEG-01258,2010-08-19,27.0,95.0,Nagaland,14.63,28.5,134.82,196.42,358.41,0.94,2.9333,117.36,3.0,28.88,0.00233,0,negative
5043,2013-07-06,31.991,76.791,Himachal Pradesh,3.04,20.0,29.14,76.07,317.9,0.77,1.1688,1221.14,18.15,272.02,-0.003442,1,positive
APDA-NEG-01205,2013-08-04,25.5,94.375,Nagaland,9.27,14.56,45.23,93.41,296.08,0.87,2.4667,1690.52,34.92,313.33,-0.003122,0,negative
APDA-NEG-01388,2009-08-20,27.15,88.7632,Sikkim,47.06,120.65,200.19,274.7,501.12,0.93,2.8667,2635.98,24.27,20.83,-0.003513,0,negative
APDA-NEG-01250,2013-08-04,26.0,93.75,Nagaland,4.75,17.51,45.46,100.61,265.81,0.82,2.1333,155.68,5.21,210.16,-0.003056,0,negative
APDA-NEG-01757,2015-07-24,31.0,79.375,Uttarakhand,3.18,5.96,11.11,64.33,144.63,0.73,1.5333,5085.99,17.29,81.7,0.00088,0,negative
APDA-NEG-00441,2010-09-19,32.0,78.125,Himachal Pradesh,21.77,41.57,55.29,101.82,196.97,0.82,2.1333,5347.43,45.52,279.8,-0.005436,0,negative
APDA-NEG-00924,2010-09-16,25.0,93.125,Manipur,16.57,36.7,56.13,132.03,228.99,0.93,2.8667,275.9,30.23,93.66,-0.002097,0,negative
APDA-NEG-01497,2010-09-04,29.5,78.75,Uttarakhand,24.62,83.13,142.45,319.88,546.16,0.94,2.9333,285.78,7.49,11.54,0.004111,0,negative
APDA-NEG-01467,2010-08-13,31.0,79.375,Uttarakhand,11.73,16.11,45.77,151.41,234.65,0.78,1.8667,5085.99,17.29,81.7,0.00088,0,negative
APDA-NEG-01749,2015-07-19,30.5,77.5,Uttarakhand,1.15,20.49,78.61,276.66,395.3,0.76,1.7333,425.48,0.38,300.89,0.001817,0,negative
4906,2013-06-07,26.098,94.75,Nagaland,9.11,20.54,30.52,64.87,191.56,0.83,0.9626,1549.84,8.19,201.1,-0.003213,1,positive
APDA-NEG-00977,2012-06-13,26.0,91.25,Meghalaya,14.49,44.65,72.29,314.81,370.67,0.74,1.6,43.29,0.09,114.93,-0.000208,0,negative
APDA-NEG-01697,2013-08-17,30.5,80.0,Uttarakhand,4.79,15.61,45.36,92.93,192.24,0.85,2.3333,5403.64,16.29,342.16,0.008133,0,negative
APDA-NEG-00909,2015-08-11,25.0,93.125,Manipur,5.63,34.46,86.02,210.7,484.2,0.94,2.9333,275.9,30.23,93.66,-0.002097,0,negative
APDA-NEG-00187,2010-10-09,26.5,94.375,Assam,16.7,50.86,58.63,129.52,288.4,0.95,3.0,307.93,20.68,270.76,-0.012984,0,negative
APDA-NEG-01478,2011-06-29,29.0,79.375,Uttarakhand,31.28,65.83,95.75,120.02,174.31,0.6,0.6667,215.32,0.43,292.55,0.001399,0,negative
APDA-NEG-00511,2012-08-24,33.0,77.5,Himachal Pradesh,4.88,11.31,35.22,62.04,97.03,0.54,0.2667,5155.49,22.24,314.26,0.012153,0,negative
APDA-NEG-01014,2015-06-16,25.0,90.625,Meghalaya,17.8,47.82,288.63,325.55,514.31,0.9,2.6667,9.45,0.41,97.51,-0.000647,0,negative
3737,2011-07-06,30.321,78.032,Uttarakhand,33.56,71.18,103.01,217.12,313.45,0.88,1.9509,655.0,4.92,346.12,-0.002953,1,positive
APDA-NEG-01503,2010-09-18,29.0,79.375,Uttarakhand,56.01,129.98,182.55,305.51,666.32,0.96,3.0667,215.32,0.43,292.55,0.001399,0,negative
APDA-NEG-00411,2010-08-21,31.5,78.75,Himachal Pradesh,18.77,34.76,69.81,128.94,283.27,0.87,2.4667,4989.8,15.71,68.13,-0.003931,0,negative
APDA-NEG-00688,2015-03-10,32.0,78.125,Himachal Pradesh,0.0,5.34,7.71,95.87,111.02,0.49,-0.0667,5347.43,45.52,279.8,-0.005436,0,negative
APDA-NEG-00734,2014-10-15,33.0,77.5,Himachal Pradesh,0.73,3.42,3.42,9.17,13.02,0.57,0.4667,5155.49,22.24,314.26,0.012153,0,negative
3789,2011-07-16,27.274,92.906,Arunachal Pradesh,2.2,79.4,131.24,223.79,399.8,0.88,0.0097,631.99,19.7,10.68,0.003399,1,positive
568,2008-06-03,31.208,77.193,Himachal Pradesh,0.25,5.85,14.94,63.94,92.26,0.63,0.9824,879.94,35.19,314.05,0.006396,1,positive
APDA-NEG-00742,2010-08-26,33.0,77.5,Himachal Pradesh,2.78,15.72,36.42,79.75,180.13,0.69,1.2667,5155.49,22.24,314.26,0.012153,0,negative
4917,2013-06-12,32.555,76.125,Himachal Pradesh,10.27,28.96,29.03,31.97,37.8,0.59,1.0594,921.75,5.93,297.23,0.005478,1,positive
APDA-NEG-01612,2013-07-25,30.5,80.0,Uttarakhand,6.72,15.73,63.56,108.41,198.9,0.83,2.2,5403.64,16.29,342.16,0.008133,0,negative
4913,2013-06-12,31.488,76.67,Himachal Pradesh,12.41,37.0,39.53,42.97,43.72,0.57,1.1874,687.05,11.63,341.07,-0.003558,1,positive
5241,2013-07-31,29.595,79.663,Uttarakhand,18.81,42.35,96.7,308.51,548.91,0.94,1.4885,1457.83,17.44,42.23,0.00027,1,positive
APDA-NEG-00897,2015-08-01,25.0,93.125,Manipur,13.93,93.0,107.23,259.26,462.73,0.95,3.0,275.9,30.23,93.66,-0.002097,0,negative
APDA-NEG-00642,2010-08-06,32.5,76.875,Himachal Pradesh,13.23,31.92,102.65,177.3,363.39,0.87,2.4667,5101.1,32.0,358.76,0.004829,0,negative
269,2007-09-18,27.287,88.282,Sikkim,2.0,5.16,51.6,137.09,216.41,0.91,0.8017,603.05,26.91,241.25,0.001868,1,positive
APDA-NEG-01427,2007-07-30,29.5,80.625,Uttarakhand,32.67,66.51,187.11,256.98,383.62,0.87,2.4667,2217.17,32.44,5.59,0.001258,0,negative
585,2008-06-14,27.1,93.629,Arunachal Pradesh,42.4,85.43,148.59,261.42,427.26,0.85,1.2112,405.82,5.4,275.31,-0.003886,1,positive
731,2008-08-19,26.138,94.25,Nagaland,29.74,62.14,110.29,187.11,286.31,0.95,1.283,1011.42,17.16,335.52,0.006598,1,positive
6016,2014-05-10,24.867,92.358,Assam,19.55,108.23,176.72,235.2,238.06,0.89,1.0564,19.55,1.81,294.81,-0.001608,1,positive
4857,2013-05-11,23.728,92.718,Mizoram,21.06,76.18,247.9,387.9,434.86,0.84,2.1635,1079.61,5.4,17.96,0.004294,1,positive
2477,2010-09-21,31.184,76.991,Himachal Pradesh,9.55,46.42,81.7,226.94,373.42,0.89,1.8097,1374.58,24.3,337.28,-0.021431,1,positive
2103,2010-07-20,29.986,78.612,Uttarakhand,33.57,82.86,111.06,200.15,362.24,0.88,1.0534,1015.74,37.61,13.45,0.003457,1,positive
APDA-NEG-01332,2012-09-19,28.0,88.75,Sikkim,1.38,6.43,37.52,53.42,112.6,0.78,1.8667,5096.07,0.2,324.18,-0.000309,0,negative
APDA-NEG-01666,2014-07-20,29.0,79.375,Uttarakhand,44.92,128.37,173.38,206.04,268.21,0.73,1.5333,215.32,0.43,292.55,0.001399,0,negative
APDA-NEG-01465,2010-08-09,29.0,79.375,Uttarakhand,5.46,14.64,50.85,268.95,487.82,0.81,2.0667,215.32,0.43,292.55,0.001399,0,negative
APDA-NEG-00502,2013-07-07,31.5,78.75,Himachal Pradesh,22.79,30.59,43.68,101.35,378.37,0.87,2.4667,4989.8,15.71,68.13,-0.003931,0,negative
APDA-NEG-01236,2013-07-15,27.0,94.375,Nagaland,6.38,24.44,62.14,181.44,387.69,0.84,2.2667,86.0,0.0,0.0,0.0,0,negative
APDA-NEG-01325,2010-04-17,27.15,88.1,Sikkim,0.52,2.75,5.26,5.4,6.95,0.32,-1.2,2395.93,26.81,256.33,0.013169,0,negative
APDA-NEG-00527,2013-06-16,32.5,76.875,Himachal Pradesh,48.22,85.42,131.65,134.8,139.98,0.8,2.0,5101.1,32.0,358.76,0.004829,0,negative
173,2007-08-11,30.07,78.303,Uttarakhand,8.81,24.85,83.8,357.64,509.21,0.88,1.0982,471.32,4.7,281.21,0.000406,1,positive
5320,2013-08-13,30.601,78.345,Uttarakhand,23.95,51.88,102.11,285.7,519.8,0.97,1.5162,1655.19,19.18,287.13,0.002227,1,positive
2091,2010-07-17,30.636,77.544,Himachal Pradesh,8.04,21.14,56.22,192.03,307.79,0.67,0.105,1637.06,40.51,241.06,0.003234,1,positive
APDA-NEG-00533,2013-06-16,30.5,76.875,Himachal Pradesh,90.55,143.55,226.81,230.86,234.15,0.79,1.9333,298.08,0.59,195.1,0.000987,0,negative
2282,2010-08-19,26.198,94.816,Nagaland,13.74,29.82,94.99,131.29,276.17,0.96,1.154,1896.84,24.55,215.52,0.002273,1,positive
APDA-NEG-00015,2010-09-10,28.0,93.75,Arunachal Pradesh,19.21,85.87,158.01,311.33,539.25,0.95,3.0,576.05,30.81,45.85,0.021021,0,negative
8012,2015-09-06,25.97,91.858,Meghalaya,0.87,29.57,121.4,246.21,451.49,0.94,1.2763,285.51,12.65,45.31,-0.000954,1,positive
APDA-NEG-01223,2015-08-02,26.0,93.75,Nagaland,0.25,42.32,52.23,141.12,269.64,0.84,2.2667,155.68,5.21,210.16,-0.003056,0,negative
6282,2014-09-22,26.11,91.775,Assam,126.76,191.59,231.7,267.93,354.68,0.97,1.8756,59.48,0.37,348.26,-0.001035,1,positive
1613,2010-04-03,27.9,93.35,Arunachal Pradesh,4.73,15.67,41.33,81.63,85.35,0.68,0.2815,880.3,6.86,324.28,0.000483,1,positive
130,2007-07-19,26.17,91.799,Assam,24.86,59.05,102.7,150.47,266.38,0.87,0.2057,157.15,4.53,52.19,-0.007037,1,positive
APDA-NEG-00824,2011-05-31,24.5,93.125,Manipur,12.99,50.37,60.31,209.59,296.38,0.81,2.0667,489.42,31.49,307.92,0.01086,0,negative
APDA-NEG-00414,2008-08-14,32.5,76.875,Himachal Pradesh,13.53,111.29,167.09,291.5,367.86,0.94,2.9333,5101.1,32.0,358.76,0.004829,0,negative
1930,2010-05-31,28.43,95.878,Arunachal Pradesh,10.46,13.68,31.61,98.82,341.89,0.88,1.4141,521.73,12.9,215.56,-0.012348,1,positive
2596,2010-10-15,31.437,78.236,Himachal Pradesh,0.0,0.0,0.0,2.02,99.47,0.83,2.0945,2625.01,20.07,320.56,-0.011419,1,positive
3890,2011-08-07,31.715,77.022,Himachal Pradesh,6.55,31.34,52.03,131.32,305.55,0.81,0.5375,869.88,21.45,130.89,-0.000529,1,positive
APDA-NEG-01190,2011-07-11,25.5,94.375,Nagaland,0.1,1.79,14.8,114.69,230.9,0.82,2.1333,1690.52,34.92,313.33,-0.003122,0,negative
APDA-NEG-00229,2014-06-27,25.0,90.625,Assam,6.23,14.04,171.76,345.19,501.26,0.87,2.4667,9.45,0.41,97.51,-0.000647,0,negative
5129,2013-07-18,30.404,79.331,Uttarakhand,7.0,51.91,71.87,167.58,318.39,0.89,1.6047,1065.92,32.15,285.72,-0.014132,1,positive
APDA-NEG-01414,2010-06-03,24.0,91.25,Tripura,34.98,67.6,174.44,368.46,447.02,0.87,2.4667,3.19,0.83,143.25,-0.001048,0,negative
APDA-NEG-01474,2013-08-18,31.0,79.375,Uttarakhand,1.71,14.28,39.88,98.71,186.22,0.86,2.4,5085.99,17.29,81.7,0.00088,0,negative
APDA-NEG-01457,2010-07-29,31.0,79.375,Uttarakhand,7.78,20.55,31.19,83.24,139.59,0.7,1.3333,5085.99,17.29,81.7,0.00088,0,negative
5225,2013-07-28,30.819,78.615,Uttarakhand,19.65,21.44,44.48,171.88,305.1,0.93,1.792,1760.38,23.77,106.7,-0.002285,1,positive
APDA-NEG-00442,2015-03-10,31.5,78.75,Himachal Pradesh,0.0,3.24,4.17,67.01,73.22,0.68,1.2,4989.8,15.71,68.13,-0.003931,0,negative
APDA-NEG-01433,2008-07-18,29.5,80.625,Uttarakhand,27.26,70.82,120.06,181.31,274.33,0.84,2.2667,2217.17,32.44,5.59,0.001258,0,negative
APDA-NEG-01206,2007-08-28,26.0,95.0,Nagaland,2.55,12.15,25.47,97.41,136.63,0.66,1.0667,1150.77,10.47,188.47,-0.011555,0,negative
APDA-NEG-00595,2015-07-14,32.0,78.125,Himachal Pradesh,0.51,54.34,134.46,199.81,263.48,0.79,1.9333,5347.43,45.52,279.8,-0.005436,0,negative
APDA-NEG-01669,2013-07-25,31.0,79.375,Uttarakhand,2.26,10.63,49.78,88.78,161.2,0.84,2.2667,5085.99,17.29,81.7,0.00088,0,negative
5054,2013-07-07,31.702,76.942,Himachal Pradesh,21.83,35.69,48.29,99.65,383.16,0.74,1.4238,770.49,8.37,125.36,-0.00139,1,positive
1756,2010-04-17,27.322,88.609,Sikkim,0.26,1.83,3.59,4.1,7.11,0.48,-0.5912,1535.02,27.95,249.74,-0.017894,1,positive
APDA-NEG-01706,2015-08-01,30.5,80.0,Uttarakhand,8.71,16.22,22.28,50.0,138.97,0.76,1.7333,5403.64,16.29,342.16,0.008133,0,negative
APDA-NEG-00833,2011-07-25,24.0,94.375,Manipur,2.86,4.76,54.1,143.07,239.88,0.71,1.4,308.07,14.0,233.72,-0.007124,0,negative
APDA-NEG-01058,2015-08-28,23.5,92.5,Mizoram,10.53,17.0,32.21,233.88,412.8,0.93,2.8667,697.5,31.7,35.92,-0.007925,0,negative
9144,2015-12-29,31.466,76.869,Himachal Pradesh,0.0,0.0,0.29,0.97,27.73,0.5,0.4316,821.73,36.47,253.44,0.003575,1,positive
APDA-NEG-00535,2013-06-17,31.5,78.75,Himachal Pradesh,48.54,189.71,245.94,266.34,271.27,0.88,2.5333,4989.8,15.71,68.13,-0.003931,0,negative
APDA-NEG-00830,2015-08-01,24.0,94.375,Manipur,2.09,71.58,85.55,159.45,237.74,0.74,1.6,308.07,14.0,233.72,-0.007124,0,negative
APDA-NEG-00412,2015-08-22,31.5,78.75,Himachal Pradesh,8.71,27.46,46.24,73.66,148.65,0.81,2.0667,4989.8,15.71,68.13,-0.003931,0,negative
APDA-NEG-00374,2008-12-21,32.0,78.125,Himachal Pradesh,0.03,0.42,0.43,0.75,0.75,0.56,0.4,5347.43,45.52,279.8,-0.005436,0,negative
APDA-NEG-00610,2010-07-17,30.5,76.875,Himachal Pradesh,3.02,7.72,52.07,199.64,286.19,0.62,0.8,298.08,0.59,195.1,0.000987,0,negative
7660,2015-08-12,25.624,94.114,Nagaland,3.35,14.73,69.02,178.96,370.93,0.9,1.1193,1573.87,27.85,113.91,0.011238,1,positive
5430,2013-09-01,24.904,93.487,Manipur,5.42,8.29,54.14,89.99,293.88,0.88,1.1521,1265.49,39.6,311.93,-0.002814,1,positive
APDA-NEG-00646,2013-07-03,30.5,76.875,Himachal Pradesh,1.59,13.97,32.86,75.34,340.54,0.6,0.6667,298.08,0.59,195.1,0.000987,0,negative
5123,2013-07-17,25.713,94.089,Nagaland,3.66,25.34,116.75,200.15,344.76,0.85,0.9138,1425.82,26.47,281.78,-0.000617,1,positive
APDA-NEG-01840,2013-07-24,29.5,80.625,Uttarakhand,17.35,52.97,137.85,218.63,530.94,0.91,2.7333,2217.17,32.44,5.59,0.001258,0,negative
APDA-NEG-00461,2011-03-05,32.5,78.125,Himachal Pradesh,0.0,0.76,1.32,2.74,14.54,0.53,0.2,5364.12,23.0,184.14,0.001507,0,negative
APDA-NEG-01725,2014-08-15,29.0,79.375,Uttarakhand,35.3,49.96,69.53,129.77,351.73,0.72,1.4667,215.32,0.43,292.55,0.001399,0,negative
APDA-NEG-01574,2014-07-20,29.5,78.75,Uttarakhand,16.02,60.35,119.25,165.63,212.21,0.6,0.6667,285.78,7.49,11.54,0.004111,0,negative
6222,2014-10-01,27.125,93.771,Arunachal Pradesh,0.0,0.01,81.07,271.83,424.95,0.93,1.1009,149.04,27.46,162.65,0.009015,1,positive
APDA-NEG-00562,2010-07-25,32.5,78.125,Himachal Pradesh,0.31,2.26,26.04,38.7,69.21,0.41,-0.6,5364.12,23.0,184.14,0.001507,0,negative
APDA-NEG-01106,2015-09-14,23.5,93.125,Mizoram,12.28,31.44,58.05,137.6,311.67,0.92,2.8,768.55,33.9,313.22,0.007988,0,negative
2546,2010-10-04,30.955,77.179,Himachal Pradesh,0.0,1.47,1.71,77.28,307.74,0.84,1.8615,1829.8,36.19,192.31,0.010672,1,positive
5584,2013-10-06,26.167,91.705,Assam,62.76,151.09,174.79,249.97,276.04,0.98,2.2878,243.88,8.17,64.57,0.000982,1,positive
APDA-NEG-00238,2010-07-25,25.5,92.5,Assam,3.61,24.14,81.4,156.15,348.1,0.93,2.8667,1063.07,25.33,13.62,-0.014165,0,negative
4860,2013-05-11,26.102,91.691,Assam,38.98,109.25,235.03,337.59,409.56,0.88,2.3006,65.5,28.17,169.66,0.017318,1,positive
3618,2011-06-17,31.564,77.98,Himachal Pradesh,4.78,5.08,14.58,44.32,101.78,0.6,0.6976,1453.26,10.9,180.78,0.011332,1,positive
APDA-NEG-01594,2010-09-03,31.0,79.375,Uttarakhand,11.09,38.03,60.49,138.53,230.98,0.86,2.4,5085.99,17.29,81.7,0.00088,0,negative
4757,2013-02-18,28.119,95.165,Arunachal Pradesh,2.93,5.34,5.34,5.34,5.34,0.66,0.0827,789.92,37.14,299.88,-0.010289,1,positive
7836,2015-08-27,24.042,92.672,Mizoram,5.48,9.52,37.7,201.52,394.23,0.93,1.0421,816.99,11.95,102.27,-0.003423,1,positive
6292,2014-09-23,25.724,89.903,Assam,13.14,178.28,279.82,388.88,480.66,0.97,0.9734,30.15,7.02,285.13,0.007833,1,positive
APDA-NEG-01045,2010-09-13,24.0,93.125,Mizoram,7.48,12.94,30.26,70.57,156.42,0.81,2.0667,1156.07,10.45,264.05,-0.013664,0,negative
APDA-NEG-01364,2011-08-23,28.0,88.75,Sikkim,5.16,11.19,27.13,73.42,160.91,0.84,2.2667,5096.07,0.2,324.18,-0.000309,0,negative
2025,2010-06-28,25.573,91.885,Meghalaya,49.93,121.2,150.53,253.89,653.89,0.99,1.1633,1496.52,10.31,231.59,0.002431,1,positive
APDA-NEG-01563,2011-07-09,29.5,80.625,Uttarakhand,8.45,11.21,23.68,328.33,364.34,0.76,1.7333,2217.17,32.44,5.59,0.001258,0,negative
APDA-NEG-01180,2013-06-07,26.0,95.0,Nagaland,9.11,20.54,30.52,64.87,191.56,0.83,2.2,1150.77,10.47,188.47,-0.011555,0,negative
APDA-NEG-01310,2010-07-21,27.5,88.125,Sikkim,9.04,50.85,111.55,198.44,324.39,0.9,2.6667,4104.06,56.52,298.77,0.014678,0,negative
APDA-NEG-00843,2013-08-09,24.5,94.375,Manipur,0.67,9.44,76.73,129.75,298.4,0.84,2.2667,319.22,17.67,30.12,-0.00491,0,negative
7391,2015-08-01,31.036,78.858,Uttarakhand,14.8,30.04,47.78,82.24,253.76,0.85,0.6933,2799.22,51.52,326.53,-0.006694,1,positive
APDA-NEG-01140,2011-08-13,25.5,94.375,Nagaland,7.65,13.21,84.41,162.26,363.03,0.94,2.9333,1690.52,34.92,313.33,-0.003122,0,negative
5250,2013-08-01,27.884,93.052,Arunachal Pradesh,9.91,35.1,51.34,174.23,309.29,0.89,0.9219,1602.46,43.98,13.21,0.013711,1,positive
2425,2010-09-13,23.344,93.075,Mizoram,5.92,10.64,23.16,48.17,130.81,0.75,0.5488,1315.96,32.94,79.09,-0.000714,1,positive
2105,2010-07-20,29.358,79.552,Uttarakhand,65.62,141.84,167.69,250.01,406.79,0.9,1.455,1335.84,2.59,68.01,0.003405,1,positive
7288,2015-07-26,31.956,77.114,Himachal Pradesh,16.3,27.11,43.52,213.62,398.7,0.92,1.46,1190.86,15.7,91.74,0.001852,1,positive
APDA-NEG-01848,2014-08-15,29.5,78.75,Uttarakhand,42.28,73.56,116.26,229.07,372.77,0.78,1.8667,285.78,7.49,11.54,0.004111,0,negative
APDA-NEG-00345,2008-06-18,31.5,78.75,Himachal Pradesh,9.99,15.49,93.35,117.07,152.16,0.76,1.7333,4989.8,15.71,68.13,-0.003931,0,negative
APDA-NEG-01527,2010-09-20,29.5,80.625,Uttarakhand,4.25,73.61,157.7,238.41,444.08,0.93,2.8667,2217.17,32.44,5.59,0.001258,0,negative
APDA-NEG-01124,2015-08-19,27.0,94.375,Nagaland,22.32,48.7,86.63,182.35,296.09,0.92,2.8,86.0,0.0,0.0,0.0,0,negative
APDA-NEG-00349,2008-08-14,32.5,76.875,Himachal Pradesh,13.53,111.29,167.09,291.5,367.86,0.94,2.9333,5101.1,32.0,358.76,0.004829,0,negative
APDA-NEG-00118,2010-10-03,28.5,95.625,Arunachal Pradesh,2.35,13.64,31.43,119.95,426.52,0.9,2.6667,2215.04,37.28,283.93,-0.000253,0,negative
4434,2012-06-25,26.105,91.737,Assam,100.21,151.86,234.0,361.67,647.02,0.98,2.0932,163.62,17.69,68.06,-0.007826,1,positive
APDA-NEG-00213,2012-06-25,25.5,90.625,Assam,66.93,120.93,161.73,291.07,468.78,0.95,3.0,263.81,5.53,161.64,-0.002985,0,negative
APDA-NEG-00905,2015-08-11,24.0,93.75,Manipur,1.37,26.18,57.2,158.69,324.43,0.85,2.3333,938.27,22.91,215.12,-0.015373,0,negative
APDA-NEG-00822,2007-08-31,24.5,94.375,Manipur,0.34,1.89,9.81,30.48,69.84,0.54,0.2667,319.22,17.67,30.12,-0.00491,0,negative
APDA-NEG-00170,2010-06-15,26.5,94.375,Assam,40.07,75.47,135.07,260.58,370.59,0.91,2.7333,307.93,20.68,270.76,-0.012984,0,negative
APDA-NEG-01037,2007-09-29,22.5,93.125,Mizoram,6.16,6.6,8.84,15.76,107.57,0.72,1.4667,448.6,33.09,143.87,-0.000616,0,negative
2423,2010-09-13,23.735,92.711,Mizoram,9.93,17.18,36.45,70.49,218.07,0.86,0.5007,923.36,20.61,100.61,-0.007881,1,positive
APDA-NEG-00497,2012-02-16,31.5,78.75,Himachal Pradesh,0.0,0.0,0.34,1.91,2.05,0.7,1.3333,4989.8,15.71,68.13,-0.003931,0,negative
APDA-NEG-01675,2013-07-25,30.5,77.5,Uttarakhand,4.96,23.56,111.7,252.93,451.61,0.92,2.8,425.48,0.38,300.89,0.001817,0,negative
5312,2013-08-12,26.71,94.693,Nagaland,19.89,27.16,92.37,186.13,361.87,0.95,1.1266,675.97,11.83,287.63,0.003444,1,positive
APDA-NEG-01256,2013-06-07,27.0,95.0,Nagaland,11.3,24.69,42.06,91.82,245.48,0.8,2.0,117.36,3.0,28.88,0.00233,0,negative
APDA-NEG-01635,2013-07-04,30.5,77.5,Uttarakhand,0.75,22.22,47.87,169.05,655.29,0.82,2.1333,425.48,0.38,300.89,0.001817,0,negative
3643,2011-06-24,27.288,88.258,Sikkim,27.62,58.98,75.32,96.82,133.36,0.76,0.8492,1500.43,29.8,65.91,0.006121,1,positive
2573,2010-10-09,25.18,93.008,Assam,31.14,154.03,172.87,204.95,338.59,0.96,1.7486,686.95,8.35,137.6,0.003288,1,positive
2296,2010-08-20,27.167,88.365,Sikkim,5.94,55.21,177.09,215.22,330.36,0.92,0.9475,1487.28,24.41,358.08,0.002048,1,positive
APDA-NEG-00956,2013-08-09,24.0,93.75,Manipur,0.5,10.69,68.68,112.78,245.25,0.78,1.8667,938.27,22.91,215.12,-0.015373,0,negative
5099,2013-07-14,30.674,77.354,Himachal Pradesh,5.66,22.02,88.8,188.41,675.31,0.88,1.8749,1514.34,23.48,30.64,-0.008659,1,positive
APDA-NEG-01004,2015-08-19,26.0,91.25,Meghalaya,34.67,79.71,95.44,146.78,239.45,0.86,2.4,43.29,0.09,114.93,-0.000208,0,negative
APDA-NEG-01063,2013-05-11,22.5,93.125,Mizoram,1.27,16.62,115.99,196.32,226.16,0.7,1.3333,448.6,33.09,143.87,-0.000616,0,negative
2453,2010-09-19,29.613,79.494,Uttarakhand,68.23,167.47,233.79,360.91,739.89,0.99,2.156,1705.07,30.79,100.43,0.008899,1,positive
APDA-NEG-01515,2010-09-19,31.0,79.375,Uttarakhand,29.35,64.94,93.64,145.48,286.26,0.9,2.6667,5085.99,17.29,81.7,0.00088,0,negative
2246,2010-08-14,30.901,77.096,Himachal Pradesh,5.36,28.25,61.27,154.05,334.65,0.8,0.938,1402.13,18.41,141.66,-0.002328,1,positive
APDA-NEG-00542,2008-12-21,31.5,78.75,Himachal Pradesh,0.02,0.32,0.32,0.5,0.5,0.72,1.4667,4989.8,15.71,68.13,-0.003931,0,negative
APDA-NEG-01169,2011-08-13,26.5,94.375,Nagaland,16.58,22.45,43.31,104.88,383.15,0.92,2.8,307.93,20.68,270.76,-0.012984,0,negative
6310,2012-08-06,30.488,78.037,Uttarakhand,0.03,62.45,130.08,239.02,367.49,0.81,-0.1494,1277.82,30.38,160.84,0.012982,1,positive
2470,2010-09-19,30.433,78.077,Uttarakhand,81.28,157.38,230.76,366.06,724.34,0.99,2.1629,1441.0,23.03,268.08,-0.013977,1,positive
8223,2015-09-14,23.735,92.719,Mizoram,13.58,44.56,78.75,196.15,440.49,0.93,1.161,1031.06,18.2,176.28,0.007395,1,positive
APDA-NEG-00088,2011-07-19,29.0,95.625,Arunachal Pradesh,5.42,51.79,109.41,157.82,215.88,0.82,2.1333,2967.53,32.82,99.99,-0.011499,0,negative
APDA-NEG-01199,2013-08-04,26.0,93.75,Nagaland,4.75,17.51,45.46,100.61,265.81,0.82,2.1333,155.68,5.21,210.16,-0.003056,0,negative
4202,2012-02-16,32.566,76.12,Himachal Pradesh,0.0,0.97,14.97,22.32,23.91,0.66,0.2475,804.07,15.84,254.85,0.00876,1,positive
APDA-NEG-00400,2010-09-19,32.0,78.125,Himachal Pradesh,21.77,41.57,55.29,101.82,196.97,0.82,2.1333,5347.43,45.52,279.8,-0.005436,0,negative
APDA-NEG-01086,2015-09-14,23.5,93.125,Mizoram,12.28,31.44,58.05,137.6,311.67,0.92,2.8,768.55,33.9,313.22,0.007988,0,negative
7387,2015-08-01,24.954,94.216,Manipur,4.9,104.34,121.77,229.36,353.87,0.89,1.428,951.2,20.12,248.08,-0.001835,1,positive
APDA-NEG-00427,2010-09-19,32.5,78.125,Himachal Pradesh,13.59,23.36,30.5,60.63,123.7,0.69,1.2667,5364.12,23.0,184.14,0.001507,0,negative
7279,2015-07-24,24.982,93.514,Manipur,14.94,43.33,119.51,210.98,378.97,0.91,1.6242,1252.25,29.47,80.53,0.007101,1,positive
APDA-NEG-01191,2013-08-04,26.0,95.0,Nagaland,20.58,23.57,59.87,134.2,325.91,0.94,2.9333,1150.77,10.47,188.47,-0.011555,0,negative
2579,2010-10-09,25.682,94.108,Nagaland,23.12,99.99,119.47,149.35,256.38,0.96,1.6706,1449.68,15.79,253.18,0.000373,1,positive
APDA-NEG-01296,2010-06-01,27.5,88.75,Sikkim,3.59,11.0,23.83,88.92,120.9,0.6,0.6667,3955.2,32.18,303.05,-0.003542,0,negative
2476,2010-09-20,29.338,79.484,Uttarakhand,8.65,130.37,227.29,347.31,707.34,0.98,2.0362,1239.92,28.36,137.59,-0.003056,1,positive
1596,2010-03-28,24.734,93.916,Manipur,1.84,14.11,16.18,18.21,31.89,0.52,0.3644,879.91,19.65,56.44,-0.009439,1,positive
3745,2011-07-08,30.921,77.021,Himachal Pradesh,5.59,27.12,40.05,166.61,229.33,0.58,0.5944,1300.66,18.48,298.79,0.007172,1,positive
APDA-NEG-01499,2010-09-12,29.5,80.625,Uttarakhand,9.65,55.14,75.71,200.83,366.21,0.9,2.6667,2217.17,32.44,5.59,0.001258,0,negative
APDA-NEG-01053,2010-09-13,22.5,93.125,Mizoram,5.13,13.96,29.88,51.74,201.06,0.81,2.0667,448.6,33.09,143.87,-0.000616,0,negative
4946,2013-06-17,31.622,78.019,Himachal Pradesh,45.33,176.35,228.39,245.86,250.55,0.88,2.7735,2460.37,9.58,50.65,0.001577,1,positive
3669,2011-06-29,30.767,78.796,Uttarakhand,13.13,22.12,92.85,126.36,214.57,0.83,1.6278,3830.04,30.23,199.44,-0.000293,1,positive
7369,2015-08-01,24.199,94.102,Manipur,2.09,71.58,85.55,159.45,237.74,0.74,1.7127,1404.67,26.83,230.0,0.002368,1,positive
3943,2011-08-23,27.139,88.226,Sikkim,18.66,46.72,104.73,282.04,499.37,0.94,1.1999,893.39,34.11,261.54,0.017803,1,positive
4447,2012-07-05,31.107,77.209,Himachal Pradesh,0.39,16.4,51.6,88.04,90.96,0.65,-0.9005,2291.82,43.44,36.32,-0.009859,1,positive
APDA-NEG-01211,2013-08-16,27.0,94.375,Nagaland,27.3,37.53,102.03,230.79,434.79,0.94,2.9333,86.0,0.0,0.0,0.0,0,negative
APDA-NEG-01511,2010-09-19,29.5,78.75,Uttarakhand,80.26,139.47,197.75,318.23,638.11,0.97,3.1333,285.78,7.49,11.54,0.004111,0,negative
APDA-NEG-01463,2010-08-09,30.5,77.5,Uttarakhand,25.16,64.55,107.14,352.28,541.14,0.91,2.7333,425.48,0.38,300.89,0.001817,0,negative
7389,2015-08-01,24.407,94.064,Manipur,3.7,100.7,118.29,220.65,329.07,0.87,1.5219,1184.33,27.92,194.3,0.000707,1,positive
653,2008-07-18,29.33,80.1,Uttarakhand,56.24,143.31,215.2,270.09,359.62,0.98,1.4894,1625.87,17.32,126.87,-0.001421,1,positive
APDA-NEG-01303,2007-09-10,27.15,88.8,Sikkim,7.67,21.35,147.49,204.07,343.15,0.9,2.6667,1594.02,19.03,313.44,-0.001078,0,negative
APDA-NEG-01508,2010-08-09,31.0,79.375,Uttarakhand,9.63,23.39,46.77,155.2,219.89,0.77,1.8,5085.99,17.29,81.7,0.00088,0,negative
APDA-NEG-01117,2008-08-19,26.0,95.0,Nagaland,21.97,63.29,117.85,203.67,306.39,0.93,2.8667,1150.77,10.47,188.47,-0.011555,0,negative
APDA-NEG-00970,2015-08-18,26.0,90.625,Meghalaya,21.85,49.71,65.63,110.06,237.28,0.86,2.4,62.04,6.07,73.96,0.000375,0,negative
APDA-NEG-00237,2014-09-22,27.0,94.375,Assam,17.23,68.81,102.56,225.45,314.66,0.94,2.9333,86.0,0.0,0.0,0.0,0,negative
1109,2009-08-20,25.522,93.165,Assam,12.55,40.34,100.43,166.12,285.98,0.81,0.2275,265.85,11.42,100.29,0.005843,1,positive
APDA-NEG-01328,2010-07-21,27.15,88.1,Sikkim,17.74,87.19,185.76,322.88,555.74,0.94,2.9333,2395.93,26.81,256.33,0.013169,0,negative
APDA-NEG-00529,2013-06-16,30.5,76.875,Himachal Pradesh,90.55,143.55,226.81,230.86,234.15,0.79,1.9333,298.08,0.59,195.1,0.000987,0,negative
APDA-NEG-01069,2015-08-26,24.0,93.125,Mizoram,3.95,11.51,44.23,144.82,330.03,0.93,2.8667,1156.07,10.45,264.05,-0.013664,0,negative
148,2007-07-30,22.479,92.967,Mizoram,0.31,3.17,25.87,143.21,228.9,0.72,-0.0028,446.79,32.51,66.37,-0.001758,1,positive
2570,2010-10-08,24.837,93.913,Manipur,76.95,132.5,135.86,168.78,272.23,0.98,2.1475,799.07,14.17,16.15,0.003025,1,positive
580,2008-06-09,24.66,93.978,Manipur,4.16,12.25,17.99,41.96,126.36,0.58,-0.7832,772.5,5.47,309.17,0.012337,1,positive
APDA-NEG-01337,2010-08-27,27.5,88.125,Sikkim,13.62,48.42,104.45,216.27,296.95,0.95,3.0,4104.06,56.52,298.77,0.014678,0,negative
APDA-NEG-01221,2015-06-24,26.0,95.0,Nagaland,8.82,36.95,80.62,154.0,388.41,0.9,2.6667,1150.77,10.47,188.47,-0.011555,0,negative
APDA-NEG-00702,2009-09-13,30.5,76.875,Himachal Pradesh,0.0,57.39,132.62,223.57,281.55,0.74,1.6,298.08,0.59,195.1,0.000987,0,negative
APDA-NEG-01737,2015-06-21,30.5,80.0,Uttarakhand,1.19,8.47,14.4,17.14,21.43,0.57,0.4667,5403.64,16.29,342.16,0.008133,0,negative
7031,2015-05-24,27.616,88.659,Sikkim,0.21,9.49,26.27,53.52,83.83,0.59,0.2751,1816.95,40.43,54.37,-0.005906,1,positive
5361,2013-08-18,31.083,78.066,Uttarakhand,1.9,28.05,72.06,188.93,341.24,0.94,1.0626,2212.74,14.54,179.02,0.003732,1,positive
2480,2010-09-20,31.944,77.118,Himachal Pradesh,1.53,29.71,48.36,165.56,292.61,0.92,1.347,1357.28,21.23,278.23,-0.000484,1,positive
APDA-NEG-00893,2015-08-01,24.0,93.75,Manipur,5.31,82.66,101.37,202.03,310.51,0.86,2.4,938.27,22.91,215.12,-0.015373,0,negative
APDA-NEG-01435,2009-08-08,30.5,77.5,Uttarakhand,4.9,88.62,98.07,236.19,350.74,0.75,1.6667,425.48,0.38,300.89,0.001817,0,negative
APDA-NEG-01745,2015-07-11,30.5,77.5,Uttarakhand,47.6,92.62,174.83,249.57,310.61,0.83,2.2,425.48,0.38,300.89,0.001817,0,negative
APDA-NEG-01492,2010-08-18,31.0,79.375,Uttarakhand,19.93,24.42,43.17,93.36,236.75,0.8,2.0,5085.99,17.29,81.7,0.00088,0,negative
APDA-NEG-01571,2011-07-21,29.5,80.625,Uttarakhand,5.66,26.59,104.82,193.86,515.73,0.85,2.3333,2217.17,32.44,5.59,0.001258,0,negative
2743,2010-11-22,27.58,91.857,Arunachal Pradesh,0.0,1.5,2.56,2.56,3.26,0.74,0.5155,2770.8,20.34,290.99,-0.007307,1,positive
APDA-NEG-00907,2015-08-11,24.0,93.125,Manipur,5.18,37.44,64.48,185.21,465.49,0.94,2.9333,1156.07,10.45,264.05,-0.013664,0,negative
4516,2012-08-24,30.904,77.097,Himachal Pradesh,8.65,30.54,97.12,169.27,266.95,0.73,0.1447,1440.5,16.85,302.55,-0.00543,1,positive
APDA-NEG-00686,2015-08-12,31.5,78.75,Himachal Pradesh,1.25,8.43,40.28,75.95,117.04,0.79,1.9333,4989.8,15.71,68.13,-0.003931,0,negative
1954,2010-06-07,24.754,93.504,Manipur,7.71,43.91,88.84,172.74,281.18,0.84,1.8194,398.06,9.16,193.25,0.009826,1,positive
APDA-NEG-01398,2010-07-21,27.15,88.7632,Sikkim,16.76,82.21,174.28,305.23,545.35,0.92,2.8,2635.98,24.27,20.83,-0.003513,0,negative
2293,2010-08-20,30.722,78.644,Uttarakhand,9.65,93.78,116.73,238.53,592.43,0.95,1.002,3274.87,44.04,326.73,-0.005992,1,positive
6947,2015-06-21,30.026,78.628,Uttarakhand,5.63,18.78,23.36,28.91,30.82,0.53,0.0996,514.69,50.01,280.76,-0.00173,1,positive
7972,2015-08-28,23.45,92.811,Mizoram,10.53,17.0,32.21,233.88,412.8,0.93,1.1143,844.8,43.75,119.84,-0.002633,1,positive
APDA-NEG-00214,2012-06-03,25.0,90.625,Assam,31.43,62.16,90.07,131.81,202.82,0.7,1.3333,9.45,0.41,97.51,-0.000647,0,negative
APDA-NEG-00100,2014-06-27,28.0,95.0,Arunachal Pradesh,29.86,44.21,87.07,273.43,360.63,0.88,2.5333,784.15,2.6,262.83,-0.001803,0,negative
2341,2010-08-27,27.232,88.497,Sikkim,28.79,74.96,157.43,337.84,440.41,0.94,1.289,360.61,11.17,352.87,0.010407,1,positive
APDA-NEG-00036,2010-10-03,29.0,95.625,Arunachal Pradesh,3.09,12.98,20.27,49.32,176.4,0.88,2.5333,2967.53,32.82,99.99,-0.011499,0,negative
APDA-NEG-00465,2011-06-17,30.5,76.875,Himachal Pradesh,11.64,19.2,32.93,47.61,134.97,0.44,-0.4,298.08,0.59,195.1,0.000987,0,negative
APDA-NEG-01514,2010-08-09,30.5,80.0,Uttarakhand,7.89,19.15,43.29,157.18,235.84,0.79,1.9333,5403.64,16.29,342.16,0.008133,0,negative
APDA-NEG-00618,2013-07-07,31.5,78.75,Himachal Pradesh,22.79,30.59,43.68,101.35,378.37,0.87,2.4667,4989.8,15.71,68.13,-0.003931,0,negative
APDA-NEG-01163,2011-06-28,26.0,95.0,Nagaland,7.58,37.03,70.96,118.54,286.8,0.89,2.6,1150.77,10.47,188.47,-0.011555,0,negative
APDA-NEG-00624,2010-06-09,33.0,77.5,Himachal Pradesh,0.46,9.57,14.49,31.11,38.21,0.42,-0.5333,5155.49,22.24,314.26,0.012153,0,negative
APDA-NEG-00768,2013-08-15,25.0,93.125,Manipur,7.37,88.87,114.14,212.54,326.18,0.93,2.8667,275.9,30.23,93.66,-0.002097,0,negative
APDA-NEG-01665,2013-07-24,30.5,77.5,Uttarakhand,17.84,34.06,113.9,249.38,485.52,0.93,2.8667,425.48,0.38,300.89,0.001817,0,negative
714,2008-08-14,27.163,94.0,Assam,10.32,32.41,71.73,177.3,334.23,0.88,0.1501,94.73,1.44,162.6,0.003422,1,positive
APDA-NEG-00241,2014-09-22,25.5,90.625,Assam,110.54,208.07,284.09,344.19,495.97,0.99,3.2667,263.81,5.53,161.64,-0.002985,0,negative
4974,2013-06-24,30.409,79.058,Uttarakhand,39.59,80.54,82.83,578.28,598.77,0.91,1.8495,885.47,35.22,221.59,-0.012673,1,positive
APDA-NEG-01520,2010-09-19,31.0,79.375,Uttarakhand,29.35,64.94,93.64,145.48,286.26,0.9,2.6667,5085.99,17.29,81.7,0.00088,0,negative
APDA-NEG-01174,2013-07-12,26.0,93.75,Nagaland,16.02,66.27,90.1,184.07,295.53,0.85,2.3333,155.68,5.21,210.16,-0.003056,0,negative
7933,2015-09-01,26.187,91.674,Assam,8.4,82.12,160.64,300.56,398.09,0.95,1.5451,48.64,0.75,245.76,0.00094,1,positive
APDA-NEG-00209,2012-06-20,28.0,93.75,Assam,23.53,28.35,68.33,158.94,304.52,0.81,2.0667,576.05,30.81,45.85,0.021021,0,negative
APDA-NEG-00002,2011-08-05,28.0,95.0,Arunachal Pradesh,16.01,60.92,100.86,254.62,568.93,0.93,2.8667,784.15,2.6,262.83,-0.001803,0,negative
5130,2013-07-18,30.731,78.435,Uttarakhand,8.45,64.93,96.46,210.25,390.3,0.91,1.5884,1106.0,33.28,316.79,0.051146,1,positive
APDA-NEG-00600,2010-08-06,32.5,76.875,Himachal Pradesh,13.23,31.92,102.65,177.3,363.39,0.87,2.4667,5101.1,32.0,358.76,0.004829,0,negative
8366,2015-09-23,25.583,91.893,Meghalaya,48.8,118.09,140.11,241.62,587.3,0.99,1.5259,1446.33,7.71,271.44,0.007104,1,positive
APDA-NEG-01832,2015-07-24,29.5,78.75,Uttarakhand,4.46,12.89,23.65,199.89,427.15,0.73,1.5333,285.78,7.49,11.54,0.004111,0,negative
APDA-NEG-01065,2014-07-14,24.5,93.125,Mizoram,6.18,16.74,25.79,75.38,325.75,0.81,2.0667,489.42,31.49,307.92,0.01086,0,negative
APDA-NEG-00453,2010-10-03,30.5,76.875,Himachal Pradesh,0.0,1.77,1.77,106.52,319.97,0.83,2.2,298.08,0.59,195.1,0.000987,0,negative
5179,2013-07-24,30.262,79.219,Uttarakhand,15.7,26.23,96.52,169.02,342.6,0.92,1.7763,839.85,33.94,320.57,0.003302,1,positive
APDA-NEG-00752,2010-08-21,32.0,78.125,Himachal Pradesh,10.38,19.39,45.03,88.64,208.45,0.74,1.6,5347.43,45.52,279.8,-0.005436,0,negative
APDA-NEG-01469,2010-08-16,29.0,79.375,Uttarakhand,1.87,22.45,66.63,125.27,505.4,0.81,2.0667,215.32,0.43,292.55,0.001399,0,negative
APDA-NEG-01453,2010-07-22,29.5,78.75,Uttarakhand,16.55,68.96,121.24,178.72,351.9,0.72,1.4667,285.78,7.49,11.54,0.004111,0,negative
260,2007-09-11,27.208,88.491,Sikkim,6.06,18.55,137.3,206.44,336.55,0.9,0.7245,371.43,37.6,247.37,0.005318,1,positive
592,2008-06-18,32.371,77.247,Himachal Pradesh,5.16,12.36,79.16,101.84,136.17,0.66,0.803,3959.5,3.97,259.63,0.00914,1,positive
150,2007-07-30,30.4,79.349,Uttarakhand,35.29,62.41,98.8,162.6,338.39,0.88,1.3065,1345.82,51.75,155.38,-0.008505,1,positive
1994,2010-06-16,25.063,92.803,Assam,14.74,62.96,129.34,343.77,697.4,0.97,1.0568,85.24,8.97,39.25,-0.006314,1,positive
APDA-NEG-01824,2013-08-05,29.5,78.75,Uttarakhand,12.01,58.4,100.32,194.2,497.55,0.89,2.6,285.78,7.49,11.54,0.004111,0,negative
APDA-NEG-00274,2015-09-01,28.0,93.75,Assam,21.24,88.82,247.97,407.47,583.12,0.97,3.1333,576.05,30.81,45.85,0.021021,0,negative
APDA-NEG-01480,2015-07-06,29.5,78.75,Uttarakhand,44.24,63.05,93.88,203.72,232.95,0.68,1.2,285.78,7.49,11.54,0.004111,0,negative
APDA-NEG-00896,2010-08-16,25.0,93.125,Manipur,10.81,26.21,49.97,75.67,255.41,0.91,2.7333,275.9,30.23,93.66,-0.002097,0,negative
APDA-NEG-00393,2010-07-25,32.5,78.125,Himachal Pradesh,0.31,2.26,26.04,38.7,69.21,0.41,-0.6,5364.12,23.0,184.14,0.001507,0,negative
2465,2010-09-19,31.416,77.415,Himachal Pradesh,51.49,87.75,124.75,249.81,463.35,0.98,2.0596,1903.61,28.39,141.79,0.001278,1,positive
7590,2015-08-19,25.142,92.381,Meghalaya,41.24,100.47,149.45,256.74,490.85,0.99,0.964,158.56,16.85,119.7,-0.008428,1,positive
APDA-NEG-00457,2010-10-15,32.0,78.125,Himachal Pradesh,0.0,0.0,0.0,1.32,67.2,0.76,1.7333,5347.43,45.52,279.8,-0.005436,0,negative
APDA-NEG-00588,2014-08-21,32.0,78.125,Himachal Pradesh,0.1,0.28,21.45,52.31,115.56,0.6,0.6667,5347.43,45.52,279.8,-0.005436,0,negative
APDA-NEG-01607,2013-06-16,29.0,79.375,Uttarakhand,62.79,83.12,137.16,162.92,181.4,0.68,1.2,215.32,0.43,292.55,0.001399,0,negative
APDA-NEG-01145,2010-08-17,26.5,94.375,Nagaland,17.35,49.71,103.86,133.22,284.05,0.93,2.8667,307.93,20.68,270.76,-0.012984,0,negative
APDA-NEG-00609,2015-07-31,32.0,78.125,Himachal Pradesh,12.0,13.04,37.33,76.1,289.45,0.81,2.0667,5347.43,45.52,279.8,-0.005436,0,negative
APDA-NEG-00485,2011-08-07,30.5,76.875,Himachal Pradesh,1.41,27.32,41.3,106.45,277.26,0.7,1.3333,298.08,0.59,195.1,0.000987,0,negative
APDA-NEG-01286,2010-06-18,27.0,95.0,Nagaland,10.12,33.15,102.88,240.75,351.3,0.9,2.6667,117.36,3.0,28.88,0.00233,0,negative
APDA-NEG-00266,2011-09-06,25.5,92.5,Assam,14.24,36.26,52.75,90.04,362.24,0.93,2.8667,1063.07,25.33,13.62,-0.014165,0,negative
APDA-NEG-00611,2015-08-08,32.5,78.125,Himachal Pradesh,8.48,24.4,52.92,102.39,217.88,0.75,1.6667,5364.12,23.0,184.14,0.001507,0,negative
APDA-NEG-00022,2011-08-05,28.0,93.75,Arunachal Pradesh,8.08,44.4,63.53,203.95,542.35,0.91,2.7333,576.05,30.81,45.85,0.021021,0,negative
2440,2010-09-17,30.754,79.5,Uttarakhand,10.58,29.47,53.98,108.45,244.83,0.87,2.5029,3151.14,10.47,246.14,0.000141,1,positive
3667,2011-06-29,32.228,77.19,Himachal Pradesh,7.89,23.08,87.81,112.54,193.25,0.74,1.6332,1823.87,34.26,264.08,0.012876,1,positive
2229,2010-08-09,30.515,78.368,Uttarakhand,24.92,62.81,104.28,356.72,524.55,0.92,1.0322,853.03,36.91,120.58,0.005986,1,positive
APDA-NEG-00225,2014-05-10,28.0,93.75,Assam,12.29,77.29,117.32,135.32,145.24,0.75,1.6667,576.05,30.81,45.85,0.021021,0,negative
APDA-NEG-01468,2010-08-09,29.5,78.75,Uttarakhand,9.12,32.23,64.99,276.52,453.54,0.83,2.2,285.78,7.49,11.54,0.004111,0,negative
APDA-NEG-00278,2008-06-15,26.5,94.375,Assam,1.49,47.72,113.43,191.33,335.91,0.77,1.8,307.93,20.68,270.76,-0.012984,0,negative
APDA-NEG-00134,2008-10-29,28.5,95.625,Arunachal Pradesh,0.52,44.52,55.23,58.33,122.0,0.82,2.1333,2215.04,37.28,283.93,-0.000253,0,negative
APDA-NEG-01225,2015-08-12,26.0,93.75,Nagaland,14.69,36.88,74.39,136.96,307.12,0.87,2.4667,155.68,5.21,210.16,-0.003056,0,negative
APDA-NEG-00236,2012-06-22,25.0,90.625,Assam,8.44,24.43,70.3,170.99,322.1,0.76,1.7333,9.45,0.41,97.51,-0.000647,0,negative
APDA-NEG-00561,2013-07-14,30.5,76.875,Himachal Pradesh,6.59,12.05,115.81,160.07,388.62,0.72,1.4667,298.08,0.59,195.1,0.000987,0,negative
APDA-NEG-01376,2009-07-01,27.15,88.7632,Sikkim,46.72,59.13,89.2,106.89,147.7,0.72,1.4667,2635.98,24.27,20.83,-0.003513,0,negative
7309,2015-08-15,30.786,78.616,Uttarakhand,9.84,16.63,31.94,106.5,178.47,0.85,0.3556,1538.25,28.5,31.48,0.000389,1,positive
5359,2013-08-18,30.742,78.454,Uttarakhand,2.33,42.41,108.1,281.27,519.71,0.96,1.2068,1198.61,20.82,86.68,-0.005517,1,positive
1072,2009-08-08,29.589,80.21,Uttarakhand,1.67,24.25,26.85,137.38,279.4,0.78,-0.7326,1636.15,17.91,113.88,-0.005229,1,positive
APDA-NEG-01722,2009-09-01,29.5,80.625,Uttarakhand,0.59,2.8,12.7,57.23,261.68,0.73,1.5333,2217.17,32.44,5.59,0.001258,0,negative
4927,2013-06-16,30.573,77.652,Himachal Pradesh,153.7,286.17,391.94,401.2,409.24,0.94,3.4099,878.63,37.69,330.24,-0.010738,1,positive
213,2007-08-26,25.295,92.834,Assam,13.28,16.62,43.01,112.83,165.03,0.8,0.1289,883.28,15.3,231.34,-0.000472,1,positive
2283,2010-08-19,24.896,93.496,Manipur,8.39,19.28,50.65,57.64,195.66,0.88,1.1229,1004.79,23.55,113.54,-0.000485,1,positive
APDA-NEG-01443,2010-07-06,29.5,78.75,Uttarakhand,21.72,94.94,121.1,155.87,173.02,0.58,0.5333,285.78,7.49,11.54,0.004111,0,negative
APDA-NEG-01293,2007-04-11,28.0,88.75,Sikkim,0.01,7.54,8.51,8.72,12.82,0.5,0.0,5096.07,0.2,324.18,-0.000309,0,negative
APDA-NEG-01683,2013-07-28,29.0,79.375,Uttarakhand,9.51,24.13,125.82,303.22,507.92,0.89,2.6,215.32,0.43,292.55,0.001399,0,negative
2304,2010-08-21,25.572,94.121,Manipur,5.7,25.64,59.56,84.9,196.8,0.9,1.1201,1616.64,2.4,131.44,0.005042,1,positive
APDA-NEG-00434,2013-07-07,32.0,78.125,Himachal Pradesh,10.44,15.01,22.52,58.48,246.96,0.73,1.5333,5347.43,45.52,279.8,-0.005436,0,negative
APDA-NEG-00972,2015-06-13,25.0,90.625,Meghalaya,34.58,162.63,264.75,321.73,504.2,0.91,2.7333,9.45,0.41,97.51,-0.000647,0,negative
5268,2013-08-04,26.014,94.516,Nagaland,5.78,14.93,47.43,109.0,290.88,0.89,0.7207,1715.45,2.16,202.96,0.005185,1,positive
APDA-NEG-01178,2010-06-18,26.0,93.75,Nagaland,16.3,25.85,75.45,214.54,344.08,0.83,2.2,155.68,5.21,210.16,-0.003056,0,negative
APDA-NEG-00365,2009-09-10,32.0,78.125,Himachal Pradesh,15.08,42.11,47.52,72.65,95.35,0.63,0.8667,5347.43,45.52,279.8,-0.005436,0,negative
APDA-NEG-00890,2011-07-06,24.0,93.125,Manipur,3.3,22.04,57.93,165.88,287.95,0.83,2.2,1156.07,10.45,264.05,-0.013664,0,negative
7160,2015-07-11,30.38,78.486,Uttarakhand,39.29,84.47,157.46,234.15,294.28,0.93,1.5343,903.09,40.25,187.29,0.002898,1,positive
APDA-NEG-01784,2015-07-24,29.5,78.75,Uttarakhand,4.46,12.89,23.65,199.89,427.15,0.73,1.5333,285.78,7.49,11.54,0.004111,0,negative
APDA-NEG-00617,2015-08-12,32.5,76.875,Himachal Pradesh,6.29,20.0,49.08,93.33,210.74,0.9,2.6667,5101.1,32.0,358.76,0.004829,0,negative
7887,2015-08-16,27.884,96.926,Arunachal Pradesh,7.42,24.99,52.36,124.4,204.67,0.89,0.1077,989.99,36.35,257.44,-0.011361,1,positive
APDA-NEG-01425,2007-07-30,29.5,80.625,Uttarakhand,32.67,66.51,187.11,256.98,383.62,0.87,2.4667,2217.17,32.44,5.59,0.001258,0,negative
APDA-NEG-01212,2010-10-10,27.0,94.375,Nagaland,3.42,38.04,45.76,109.4,306.08,0.92,2.8,86.0,0.0,0.0,0.0,0,negative
APDA-NEG-01451,2010-07-20,29.5,80.625,Uttarakhand,32.11,131.69,162.5,190.2,329.66,0.84,2.2667,2217.17,32.44,5.59,0.001258,0,negative
APDA-NEG-00046,2008-10-29,28.0,93.75,Arunachal Pradesh,0.0,32.77,42.05,42.93,95.54,0.81,2.0667,576.05,30.81,45.85,0.021021,0,negative
APDA-NEG-00640,2015-12-07,32.0,78.125,Himachal Pradesh,0.01,0.03,0.03,1.21,1.28,0.72,1.4667,5347.43,45.52,279.8,-0.005436,0,negative
APDA-NEG-00191,2011-05-24,25.5,92.5,Assam,12.26,31.83,83.84,122.63,221.56,0.79,1.9333,1063.07,25.33,13.62,-0.014165,0,negative
APDA-NEG-01308,2010-06-01,27.15,88.1,Sikkim,2.67,17.32,37.48,121.37,185.33,0.59,0.6,2395.93,26.81,256.33,0.013169,0,negative
APDA-NEG-00961,2007-08-26,25.0,90.625,Meghalaya,26.71,50.94,64.8,168.33,334.98,0.91,2.7333,9.45,0.41,97.51,-0.000647,0,negative
3997,2011-09-30,27.516,88.558,Sikkim,0.02,0.22,42.89,122.06,169.03,0.88,0.8134,1354.28,21.94,214.94,0.009545,1,positive
2162,2010-07-29,30.405,79.343,Uttarakhand,16.81,33.27,48.44,154.32,268.75,0.83,0.7657,1094.17,17.6,200.48,0.001634,1,positive
3738,2011-07-06,24.806,93.948,Manipur,2.82,30.15,52.12,176.84,295.2,0.84,1.1331,782.71,1.28,88.03,-0.001419,1,positive
APDA-NEG-00585,2014-10-15,33.0,77.5,Himachal Pradesh,0.73,3.42,3.42,9.17,13.02,0.57,0.4667,5155.49,22.24,314.26,0.012153,0,negative
APDA-NEG-00718,2010-10-04,32.5,76.875,Himachal Pradesh,0.0,0.0,0.53,55.21,157.41,0.87,2.4667,5101.1,32.0,358.76,0.004829,0,negative
5176,2013-07-23,30.194,79.194,Uttarakhand,1.8,58.58,156.95,237.16,531.71,0.96,1.2092,1697.43,30.29,334.66,-0.018314,1,positive
6107,2014-06-27,26.184,91.79,Assam,6.85,21.91,150.58,297.77,349.14,0.8,-0.2866,58.3,0.38,316.37,0.00093,1,positive
3860,2011-07-29,25.419,94.108,Manipur,4.21,9.26,33.41,200.77,300.12,0.9,1.3069,1392.19,14.25,158.29,-0.000641,1,positive
APDA-NEG-00694,2008-09-19,31.5,78.75,Himachal Pradesh,22.81,33.65,36.11,57.99,104.94,0.85,2.3333,4989.8,15.71,68.13,-0.003931,0,negative
APDA-NEG-01810,2011-06-07,31.0,79.375,Uttarakhand,1.77,10.19,19.87,59.24,65.31,0.7,1.3333,5085.99,17.29,81.7,0.00088,0,negative
1987,2010-06-15,25.227,93.166,Assam,23.82,45.04,129.3,266.81,444.31,0.92,1.724,392.72,4.76,220.21,0.000932,1,positive
APDA-NEG-01151,2010-09-12,25.5,94.375,Nagaland,4.38,6.8,35.08,78.13,181.17,0.89,2.6,1690.52,34.92,313.33,-0.003122,0,negative
2445,2010-09-18,30.145,78.601,Uttarakhand,42.57,119.47,170.99,333.67,714.41,0.98,2.0082,473.82,40.54,345.02,-0.00259,1,positive
3776,2011-07-15,27.125,93.715,Arunachal Pradesh,22.61,108.87,132.86,269.57,416.47,0.88,0.6027,132.62,0.05,335.53,-0.000268,1,positive
5334,2013-08-16,32.361,77.304,Himachal Pradesh,12.67,48.84,75.22,171.3,254.54,0.89,1.9692,3360.48,29.06,69.93,-0.001876,1,positive
APDA-NEG-00260,2008-10-29,27.0,94.375,Assam,0.0,19.84,31.21,31.26,94.98,0.83,2.2,86.0,0.0,0.0,0.0,0,negative
APDA-NEG-00509,2012-08-24,30.5,76.875,Himachal Pradesh,9.14,26.9,100.31,172.58,274.9,0.72,1.4667,298.08,0.59,195.1,0.000987,0,negative
APDA-NEG-01685,2013-07-28,29.5,80.625,Uttarakhand,17.2,26.83,99.55,241.47,430.49,0.91,2.7333,2217.17,32.44,5.59,0.001258,0,negative
APDA-NEG-01684,2015-07-11,29.5,80.625,Uttarakhand,17.91,43.16,83.78,141.9,298.04,0.77,1.8,2217.17,32.44,5.59,0.001258,0,negative
APDA-NEG-01597,2012-08-17,29.0,79.375,Uttarakhand,6.36,14.2,43.67,140.27,289.87,0.67,1.1333,215.32,0.43,292.55,0.001399,0,negative
APDA-NEG-01472,2010-09-20,30.5,77.5,Uttarakhand,1.53,121.67,202.73,357.09,687.11,0.98,3.2,425.48,0.38,300.89,0.001817,0,negative
APDA-NEG-00756,2015-08-01,24.0,94.375,Manipur,2.09,71.58,85.55,159.45,237.74,0.74,1.6,308.07,14.0,233.72,-0.007124,0,negative
5360,2013-08-18,30.364,79.316,Uttarakhand,2.24,26.45,73.51,178.08,344.63,0.93,1.6987,989.07,25.69,299.64,0.00032,1,positive
APDA-NEG-01276,2015-08-20,26.0,95.0,Nagaland,19.9,50.19,80.36,157.36,318.84,0.97,3.1333,1150.77,10.47,188.47,-0.011555,0,negative
6969,2015-06-16,25.511,90.215,Meghalaya,27.16,62.64,230.34,248.16,409.65,0.87,1.0302,307.19,11.94,184.51,0.006795,1,positive
APDA-NEG-01374,2010-04-17,27.15,88.8,Sikkim,1.42,4.12,9.66,9.91,12.16,0.37,-0.8667,1594.02,19.03,313.44,-0.001078,0,negative
APDA-NEG-00851,2013-09-01,24.5,93.125,Manipur,5.32,11.11,56.37,103.91,325.3,0.9,2.6667,489.42,31.49,307.92,0.01086,0,negative
APDA-NEG-00417,2010-09-14,31.5,78.75,Himachal Pradesh,6.48,31.35,54.91,131.05,287.43,0.9,2.6667,4989.8,15.71,68.13,-0.003931,0,negative
APDA-NEG-01692,2013-06-16,30.5,80.0,Uttarakhand,54.81,74.25,107.54,117.48,122.39,0.77,1.8,5403.64,16.29,342.16,0.008133,0,negative
APDA-NEG-00850,2015-07-22,24.5,93.125,Manipur,19.73,51.03,171.73,298.74,461.69,0.94,2.9333,489.42,31.49,307.92,0.01086,0,negative
APDA-NEG-00854,2013-09-01,25.0,93.125,Manipur,5.89,10.77,60.03,102.73,318.39,0.91,2.7333,275.9,30.23,93.66,-0.002097,0,negative
APDA-NEG-01139,2010-08-14,26.0,95.0,Nagaland,11.86,53.09,65.68,107.1,280.21,0.95,3.0,1150.77,10.47,188.47,-0.011555,0,negative
APDA-NEG-01731,2015-03-31,30.5,80.0,Uttarakhand,0.39,32.27,33.11,33.2,105.95,0.73,1.5333,5403.64,16.29,342.16,0.008133,0,negative
APDA-NEG-00381,2010-07-07,32.5,76.875,Himachal Pradesh,2.28,33.99,52.76,77.49,100.91,0.59,0.6,5101.1,32.0,358.76,0.004829,0,negative
APDA-NEG-00704,2015-08-13,33.0,77.5,Himachal Pradesh,1.86,7.37,28.39,91.48,135.42,0.69,1.2667,5155.49,22.24,314.26,0.012153,0,negative
APDA-NEG-01334,2012-06-14,27.15,88.7632,Sikkim,0.92,2.11,6.74,71.98,112.39,0.47,-0.2,2635.98,24.27,20.83,-0.003513,0,negative
APDA-NEG-00296,2007-07-19,25.5,90.625,Assam,35.12,78.83,176.15,215.9,316.41,0.96,3.0667,263.81,5.53,161.64,-0.002985,0,negative
APDA-NEG-01567,2011-07-11,29.5,78.75,Uttarakhand,9.89,38.2,89.34,195.58,306.27,0.68,1.2,285.78,7.49,11.54,0.004111,0,negative
APDA-NEG-00842,2010-08-19,24.0,94.375,Manipur,5.05,8.3,28.29,34.68,126.5,0.66,1.0667,308.07,14.0,233.72,-0.007124,0,negative
APDA-NEG-01210,2013-07-01,25.5,94.375,Nagaland,4.91,25.0,76.97,126.88,161.67,0.79,1.9333,1690.52,34.92,313.33,-0.003122,0,negative
APDA-NEG-00161,2008-10-29,26.5,94.375,Assam,0.0,14.01,30.02,30.02,87.35,0.85,2.3333,307.93,20.68,270.76,-0.012984,0,negative
APDA-NEG-01561,2011-07-09,29.0,79.375,Uttarakhand,7.42,17.47,28.9,319.1,367.76,0.68,1.2,215.32,0.43,292.55,0.001399,0,negative
APDA-NEG-00065,2014-08-17,28.0,95.0,Arunachal Pradesh,2.7,37.84,186.98,349.56,539.5,0.95,3.0,784.15,2.6,262.83,-0.001803,0,negative
APDA-NEG-00748,2009-09-10,32.5,78.125,Himachal Pradesh,9.49,36.11,39.46,57.52,73.79,0.54,0.2667,5364.12,23.0,184.14,0.001507,0,negative
APDA-NEG-01667,2013-07-25,29.0,79.375,Uttarakhand,34.4,49.79,164.62,292.74,540.37,0.91,2.7333,215.32,0.43,292.55,0.001399,0,negative
3637,2011-06-21,25.516,94.234,Nagaland,8.32,18.31,51.05,102.18,212.23,0.82,1.0215,1637.74,20.12,282.31,0.00244,1,positive
APDA-NEG-00539,2013-07-06,32.5,76.875,Himachal Pradesh,1.67,20.56,25.58,55.64,215.35,0.76,1.7333,5101.1,32.0,358.76,0.004829,0,negative
4848,2013-05-08,24.09,91.466,Tripura,45.59,126.29,207.05,260.08,294.94,0.76,1.4066,105.72,7.0,145.4,0.00281,1,positive
4407,2012-06-13,25.095,92.357,Meghalaya,38.73,97.96,142.77,359.44,488.19,0.96,0.9738,247.15,24.69,283.78,-0.00598,1,positive
760,2008-08-29,25.67,94.107,Nagaland,5.84,16.36,22.51,113.43,240.27,0.83,0.4421,1449.3,15.36,244.22,0.001564,1,positive
APDA-NEG-00210,2014-09-22,28.0,93.75,Assam,21.61,67.0,89.56,194.02,296.69,0.92,2.8,576.05,30.81,45.85,0.021021,0,negative
APDA-NEG-01479,2010-08-20,31.0,79.375,Uttarakhand,3.99,32.86,41.04,91.31,235.6,0.79,1.9333,5085.99,17.29,81.7,0.00088,0,negative
APDA-NEG-01000,2015-09-06,25.5,92.5,Meghalaya,0.59,25.41,165.77,290.2,520.67,0.97,3.1333,1063.07,25.33,13.62,-0.014165,0,negative
APDA-NEG-00219,2013-05-11,25.5,92.5,Assam,40.88,111.85,215.53,364.88,450.86,0.9,2.6667,1063.07,25.33,13.62,-0.014165,0,negative
APDA-NEG-01689,2013-07-31,29.5,80.625,Uttarakhand,5.92,11.21,57.79,222.42,430.75,0.9,2.6667,2217.17,32.44,5.59,0.001258,0,negative
6112,2014-06-28,26.196,91.765,Assam,10.84,31.92,109.1,284.5,354.92,0.8,-0.3286,99.87,5.72,150.67,-0.010505,1,positive
2294,2010-08-20,30.385,78.837,Uttarakhand,9.65,93.78,116.73,238.53,592.43,0.95,1.002,2170.86,7.55,183.41,0.000989,1,positive
APDA-NEG-01648,2010-07-20,31.0,79.375,Uttarakhand,12.06,28.89,39.36,66.64,118.88,0.68,1.2,5085.99,17.29,81.7,0.00088,0,negative
APDA-NEG-01043,2010-09-13,22.5,93.125,Mizoram,5.13,13.96,29.88,51.74,201.06,0.81,2.0667,448.6,33.09,143.87,-0.000616,0,negative
APDA-NEG-00150,2010-06-15,25.5,92.5,Assam,24.79,48.64,113.09,336.98,563.89,0.95,3.0,1063.07,25.33,13.62,-0.014165,0,negative
APDA-NEG-00879,2015-08-01,24.5,93.125,Manipur,13.23,101.21,122.2,287.02,505.03,0.95,3.0,489.42,31.49,307.92,0.01086,0,negative
5182,2013-07-24,30.301,79.363,Uttarakhand,15.7,26.23,96.52,169.02,342.6,0.92,1.7763,1032.8,18.48,150.8,0.009099,1,positive
6284,2014-09-22,26.132,91.834,Assam,126.76,191.59,231.7,267.93,354.68,0.97,1.8756,75.67,9.05,164.55,0.0033,1,positive
1102,2009-08-20,27.264,88.137,Sikkim,38.49,88.84,112.67,157.81,297.18,0.91,0.8749,1284.29,29.43,159.57,0.014795,1,positive
APDA-NEG-01618,2013-06-18,29.5,80.625,Uttarakhand,4.37,59.99,75.77,129.61,141.19,0.64,0.9333,2217.17,32.44,5.59,0.001258,0,negative
APDA-NEG-01579,2011-08-08,30.5,77.5,Uttarakhand,1.81,15.67,57.59,197.44,442.18,0.89,2.6,425.48,0.38,300.89,0.001817,0,negative
5013,2013-07-03,31.072,77.14,Himachal Pradesh,2.37,13.91,33.62,75.99,355.58,0.62,1.289,1978.85,28.19,23.56,-0.009827,1,positive
7270,2015-07-24,29.586,80.219,Uttarakhand,19.15,33.55,40.58,140.07,424.39,0.91,0.779,1664.93,11.52,126.33,-0.005919,1,positive
3673,2011-06-29,30.242,78.9,Uttarakhand,19.47,27.06,113.47,160.99,259.69,0.79,1.4707,637.22,34.03,147.56,-0.001892,1,positive
APDA-NEG-00288,2015-08-22,26.5,94.375,Assam,2.62,38.75,84.51,159.02,257.02,0.92,2.8,307.93,20.68,270.76,-0.012984,0,negative
APDA-NEG-00195,2011-07-24,25.5,90.625,Assam,8.58,28.06,75.16,114.61,440.49,0.91,2.7333,263.81,5.53,161.64,-0.002985,0,negative
1775,2010-04-21,27.897,96.178,Arunachal Pradesh,46.75,98.64,118.19,208.44,415.19,0.91,2.4306,201.88,2.25,262.81,-8.7e-05,1,positive
APDA-NEG-00664,2010-07-25,33.0,77.5,Himachal Pradesh,1.5,2.72,48.05,62.51,86.48,0.48,-0.1333,5155.49,22.24,314.26,0.012153,0,negative
APDA-NEG-01380,2010-07-21,27.15,88.7632,Sikkim,16.76,82.21,174.28,305.23,545.35,0.92,2.8,2635.98,24.27,20.83,-0.003513,0,negative
APDA-NEG-00146,2011-08-15,28.5,95.625,Arunachal Pradesh,25.81,126.11,136.26,201.71,431.56,0.93,2.8667,2215.04,37.28,283.93,-0.000253,0,negative
5199,2013-07-25,30.787,78.617,Uttarakhand,1.54,17.56,82.59,167.13,302.54,0.94,1.924,1527.4,31.7,131.24,-0.002957,1,positive
4569,2012-09-19,27.839,88.556,Sikkim,1.38,6.43,37.52,53.42,112.6,0.78,0.1126,3830.76,14.61,317.87,-0.00042,1,positive
APDA-NEG-00784,2009-08-30,24.5,94.375,Manipur,4.6,5.01,15.2,65.56,201.61,0.73,1.5333,319.22,17.67,30.12,-0.00491,0,negative
APDA-NEG-01421,1990-01-29,30.5,80.0,Uttarakhand,0.0,0.15,0.15,0.15,2.51,0.31,-1.2667,5403.64,16.29,342.16,0.008133,0,negative
APDA-NEG-01430,2007-08-11,30.5,77.5,Uttarakhand,4.28,22.29,83.07,330.73,462.8,0.87,2.4667,425.48,0.38,300.89,0.001817,0,negative
APDA-NEG-00217,2013-05-11,27.0,94.375,Assam,12.93,23.68,47.03,149.49,236.04,0.68,1.2,86.0,0.0,0.0,0.0,0,negative
2281,2010-08-19,25.616,94.116,Nagaland,10.84,27.29,62.5,70.59,191.49,0.91,1.2028,1621.78,31.89,77.37,0.000876,1,positive
5365,2013-08-20,30.629,78.33,Uttarakhand,13.34,19.02,81.67,222.65,447.44,0.96,1.2165,956.97,35.55,57.61,0.010271,1,positive
APDA-NEG-01051,2010-09-13,24.5,93.125,Mizoram,8.97,16.26,39.29,95.52,195.57,0.84,2.2667,489.42,31.49,307.92,0.01086,0,negative
APDA-NEG-00892,2010-06-07,25.0,93.125,Manipur,10.55,46.14,120.95,217.82,372.48,0.88,2.5333,275.9,30.23,93.66,-0.002097,0,negative
5195,2013-07-25,30.404,79.328,Uttarakhand,5.77,22.82,95.29,172.15,311.27,0.91,1.6628,1012.86,55.45,94.36,0.015151,1,positive
APDA-NEG-00184,2011-07-24,27.0,94.375,Assam,5.69,80.79,220.54,374.54,569.67,0.91,2.7333,86.0,0.0,0.0,0.0,0,negative
APDA-NEG-00235,2014-09-22,25.0,90.625,Assam,70.0,167.86,269.02,306.43,484.9,0.96,3.0667,9.45,0.41,97.51,-0.000647,0,negative
APDA-NEG-00975,2012-06-13,25.5,90.625,Meghalaya,7.57,35.11,56.55,196.57,276.31,0.83,2.2,263.81,5.53,161.64,-0.002985,0,negative
2344,2010-08-27,24.751,93.422,Manipur,8.73,15.13,35.38,107.93,221.57,0.9,0.9191,768.66,13.84,190.33,-0.000713,1,positive
APDA-NEG-01437,2009-08-17,29.5,78.75,Uttarakhand,31.14,76.65,115.16,183.67,351.93,0.74,1.6,285.78,7.49,11.54,0.004111,0,negative
4392,2012-06-06,29.241,95.976,Arunachal Pradesh,4.01,16.89,37.8,50.58,97.98,0.7,-0.05,4437.27,17.44,303.91,-0.011216,1,positive
4990,2013-06-28,27.377,88.763,Sikkim,8.01,39.04,87.3,116.2,220.63,0.76,0.8667,3791.56,35.65,346.88,-0.006531,1,positive
7214,2015-07-15,27.36,93.039,Arunachal Pradesh,40.53,70.31,77.28,155.47,381.05,0.91,0.6601,417.16,3.95,255.24,-0.004881,1,positive
APDA-NEG-01711,2013-09-30,30.5,77.5,Uttarakhand,6.98,16.02,29.66,47.81,140.07,0.84,2.2667,425.48,0.38,300.89,0.001817,0,negative
2424,2010-09-13,23.591,92.93,Mizoram,5.92,10.64,23.16,48.17,130.81,0.75,0.5488,802.41,19.55,316.29,-0.002625,1,positive
APDA-NEG-01524,2013-08-05,29.0,79.375,Uttarakhand,20.16,41.46,79.01,210.92,539.26,0.89,2.6,215.32,0.43,292.55,0.001399,0,negative
APDA-NEG-00959,2007-07-27,25.0,90.625,Meghalaya,39.59,147.57,288.14,497.26,593.49,0.96,3.0667,9.45,0.41,97.51,-0.000647,0,negative
7837,2015-08-27,23.727,92.727,Mizoram,3.73,7.18,36.98,228.87,404.17,0.93,1.1032,846.83,30.45,46.03,-0.009403,1,positive
APDA-NEG-00774,2011-06-28,24.5,93.125,Manipur,13.69,72.4,117.07,181.68,298.53,0.87,2.4667,489.42,31.49,307.92,0.01086,0,negative
3888,2011-08-07,31.24,77.926,Himachal Pradesh,0.14,23.85,45.03,148.93,310.76,0.9,0.7987,1937.07,6.82,270.09,-0.005741,1,positive
3819,2011-07-21,30.404,79.332,Uttarakhand,3.31,49.89,109.6,161.66,339.31,0.84,1.0406,1087.05,6.58,223.76,-0.002249,1,positive
APDA-NEG-00478,2008-08-17,32.0,78.125,Himachal Pradesh,4.39,21.31,57.98,113.51,170.55,0.75,1.6667,5347.43,45.52,279.8,-0.005436,0,negative
APDA-NEG-00755,2007-08-31,24.5,93.125,Manipur,1.07,5.81,30.84,64.61,126.05,0.74,1.6,489.42,31.49,307.92,0.01086,0,negative
APDA-NEG-01750,2012-07-05,31.0,79.375,Uttarakhand,0.01,6.84,26.34,43.3,44.1,0.61,0.7333,5085.99,17.29,81.7,0.00088,0,negative
APDA-NEG-00415,2010-09-06,32.5,76.875,Himachal Pradesh,1.18,5.67,24.82,77.39,205.3,0.88,2.5333,5101.1,32.0,358.76,0.004829,0,negative
2247,2010-08-14,26.148,94.842,Nagaland,11.86,53.09,65.68,107.1,280.21,0.95,1.0803,1513.15,26.52,173.01,-0.004266,1,positive
APDA-NEG-00827,2011-07-07,24.5,93.125,Manipur,11.02,25.0,58.2,204.21,324.43,0.86,2.4,489.42,31.49,307.92,0.01086,0,negative
APDA-NEG-00885,2015-08-01,24.0,93.125,Manipur,10.71,88.0,118.64,278.99,491.54,0.95,3.0,1156.07,10.45,264.05,-0.013664,0,negative
APDA-NEG-01134,2013-08-04,26.0,95.0,Nagaland,20.58,23.57,59.87,134.2,325.91,0.94,2.9333,1150.77,10.47,188.47,-0.011555,0,negative
6786,2015-02-20,24.611,92.562,Assam,0.0,10.95,11.17,11.17,11.21,0.48,0.0955,23.67,6.24,175.75,0.002341,1,positive
APDA-NEG-01844,2010-02-23,29.5,80.625,Uttarakhand,0.71,1.18,1.18,14.93,26.12,0.52,0.1333,2217.17,32.44,5.59,0.001258,0,negative
APDA-NEG-01075,2015-08-27,22.5,93.125,Mizoram,6.43,9.96,32.23,258.05,423.48,0.93,2.8667,448.6,33.09,143.87,-0.000616,0,negative
APDA-NEG-00049,2013-02-18,29.0,95.625,Arunachal Pradesh,0.33,1.32,1.45,1.81,2.39,0.7,1.3333,2967.53,32.82,99.99,-0.011499,0,negative
2050,2010-07-07,31.645,78.435,Himachal Pradesh,1.23,33.13,57.35,81.69,99.98,0.58,-0.1485,2887.45,26.93,105.16,0.007812,1,positive
APDA-NEG-00208,2012-06-03,28.0,93.75,Assam,17.89,46.37,54.13,112.17,237.87,0.77,1.8,576.05,30.81,45.85,0.021021,0,negative
APDA-NEG-00061,2014-05-08,29.0,95.625,Arunachal Pradesh,10.49,23.19,27.58,48.0,70.92,0.69,1.2667,2967.53,32.82,99.99,-0.011499,0,negative
5338,2013-08-16,26.873,94.928,Nagaland,36.7,45.85,83.15,219.67,404.03,0.95,1.1813,129.38,4.87,248.81,0.003186,1,positive
1134,2009-09-03,32.351,77.223,Himachal Pradesh,8.86,14.38,48.24,57.82,113.47,0.65,-1.1194,3257.94,14.48,5.13,-0.009509,1,positive
7287,2015-07-26,32.561,76.121,Himachal Pradesh,20.79,35.84,71.81,182.37,293.06,0.9,1.4618,869.45,29.36,215.48,0.006731,1,positive
APDA-NEG-01660,2011-07-06,29.0,79.375,Uttarakhand,3.06,11.37,214.22,310.04,373.57,0.67,1.1333,215.32,0.43,292.55,0.001399,0,negative
APDA-NEG-01703,2013-08-18,31.0,79.375,Uttarakhand,1.71,14.28,39.88,98.71,186.22,0.86,2.4,5085.99,17.29,81.7,0.00088,0,negative
APDA-NEG-01751,2015-07-19,31.0,79.375,Uttarakhand,0.18,3.25,16.02,89.68,140.03,0.73,1.5333,5085.99,17.29,81.7,0.00088,0,negative
APDA-NEG-00138,2008-06-14,27.0,94.375,Arunachal Pradesh,37.41,80.01,153.37,262.84,432.09,0.87,2.4667,86.0,0.0,0.0,0.0,0,negative
APDA-NEG-01274,2013-08-04,26.5,94.375,Nagaland,5.53,15.66,54.81,135.7,307.87,0.87,2.4667,307.93,20.68,270.76,-0.012984,0,negative
3925,2011-08-15,27.489,93.015,Arunachal Pradesh,42.1,67.64,79.22,144.74,465.07,0.92,0.5949,539.04,31.9,221.61,-2.4e-05,1,positive
1112,2009-08-20,27.176,88.529,Sikkim,47.06,120.65,200.19,274.7,501.12,0.93,1.1622,305.44,11.24,311.63,0.002349,1,positive
APDA-NEG-01591,2012-07-05,30.5,80.0,Uttarakhand,0.13,4.86,20.16,33.25,36.28,0.51,0.0667,5403.64,16.29,342.16,0.008133,0,negative
APDA-NEG-01621,2013-06-17,30.5,77.5,Uttarakhand,85.1,345.23,468.07,486.3,494.34,0.92,2.8,425.48,0.38,300.89,0.001817,0,negative
APDA-NEG-00573,2013-10-11,32.0,78.125,Himachal Pradesh,1.49,1.5,3.54,12.09,27.75,0.73,1.5333,5347.43,45.52,279.8,-0.005436,0,negative
APDA-NEG-00028,2009-08-12,27.0,94.375,Arunachal Pradesh,77.86,125.29,167.69,294.61,471.89,0.95,3.0,86.0,0.0,0.0,0.0,0,negative
APDA-NEG-01400,2007-04-11,27.15,88.7632,Sikkim,0.03,7.52,9.19,9.4,13.9,0.38,-0.8,2635.98,24.27,20.83,-0.003513,0,negative
4472,2012-08-14,30.736,78.44,Uttarakhand,22.44,42.58,100.35,253.44,411.73,0.93,0.7308,1662.54,25.65,25.22,-0.011653,1,positive
2488,2010-09-22,31.022,77.104,Himachal Pradesh,40.59,51.03,121.26,247.14,404.3,0.91,1.9961,1691.3,27.96,89.77,-0.00481,1,positive
APDA-NEG-01143,2010-08-14,27.0,95.0,Nagaland,22.03,91.1,115.86,175.87,395.87,0.94,2.9333,117.36,3.0,28.88,0.00233,0,negative
APDA-NEG-00868,2007-10-21,24.0,94.375,Manipur,1.33,11.04,42.21,79.63,90.58,0.57,0.4667,308.07,14.0,233.72,-0.007124,0,negative
APDA-NEG-01554,2013-07-24,29.5,80.625,Uttarakhand,17.35,52.97,137.85,218.63,530.94,0.91,2.7333,2217.17,32.44,5.59,0.001258,0,negative
APDA-NEG-01830,2011-07-08,30.5,77.5,Uttarakhand,3.34,43.9,79.56,224.84,327.32,0.74,1.6,425.48,0.38,300.89,0.001817,0,negative
APDA-NEG-01346,2012-09-16,28.0,88.75,Sikkim,5.72,18.3,42.33,53.11,127.36,0.78,1.8667,5096.07,0.2,324.18,-0.000309,0,negative
APDA-NEG-00762,2011-07-07,24.5,94.375,Manipur,3.69,13.5,40.42,149.4,266.83,0.81,2.0667,319.22,17.67,30.12,-0.00491,0,negative
APDA-NEG-00114,2013-06-01,27.0,94.375,Arunachal Pradesh,6.29,16.78,42.81,90.25,233.12,0.69,1.2667,86.0,0.0,0.0,0.0,0,negative
APDA-NEG-00023,2011-07-15,29.0,96.25,Arunachal Pradesh,5.35,41.88,60.05,100.12,134.79,0.77,1.8,4424.4,28.85,66.8,0.001741,0,negative
APDA-NEG-01663,2013-07-24,29.5,80.625,Uttarakhand,17.35,52.97,137.85,218.63,530.94,0.91,2.7333,2217.17,32.44,5.59,0.001258,0,negative
APDA-NEG-00227,2014-06-27,25.5,92.5,Assam,4.63,15.15,118.56,277.64,382.69,0.83,2.2,1063.07,25.33,13.62,-0.014165,0,negative
APDA-NEG-00484,2013-07-03,32.5,78.125,Himachal Pradesh,1.49,4.15,9.69,31.26,162.52,0.58,0.5333,5364.12,23.0,184.14,0.001507,0,negative
APDA-NEG-01600,2011-07-09,29.0,79.375,Uttarakhand,7.42,17.47,28.9,319.1,367.76,0.68,1.2,215.32,0.43,292.55,0.001399,0,negative
APDA-NEG-00596,2007-08-12,32.5,76.875,Himachal Pradesh,12.02,16.02,48.55,131.01,190.24,0.82,2.1333,5101.1,32.0,358.76,0.004829,0,negative
APDA-NEG-00369,2009-09-13,33.0,77.5,Himachal Pradesh,0.0,2.92,25.7,52.26,70.41,0.49,-0.0667,5155.49,22.24,314.26,0.012153,0,negative
APDA-NEG-01743,2015-07-10,31.0,79.375,Uttarakhand,15.71,23.57,56.77,86.28,108.93,0.74,1.6,5085.99,17.29,81.7,0.00088,0,negative
APDA-NEG-00773,2009-08-20,24.5,93.125,Manipur,11.15,35.83,113.03,171.91,307.79,0.83,2.2,489.42,31.49,307.92,0.01086,0,negative
APDA-NEG-00025,2011-07-16,29.0,96.25,Arunachal Pradesh,2.07,31.57,56.07,98.66,134.2,0.76,1.7333,4424.4,28.85,66.8,0.001741,0,negative
APDA-NEG-01788,2009-09-01,29.5,78.75,Uttarakhand,5.41,29.14,51.23,106.57,290.24,0.73,1.5333,285.78,7.49,11.54,0.004111,0,negative
7294,2015-07-24,30.453,78.105,Uttarakhand,1.04,7.13,35.72,240.07,419.96,0.82,0.5544,2105.28,38.27,1.02,-0.001263,1,positive
APDA-NEG-00988,2015-06-16,26.0,90.625,Meghalaya,25.92,53.64,206.09,258.45,444.91,0.82,2.1333,62.04,6.07,73.96,0.000375,0,negative
3965,2011-09-06,24.808,93.117,Assam,22.29,30.58,45.24,83.57,305.33,0.94,1.4432,37.32,1.58,27.43,0.001927,1,positive
4514,2012-08-24,31.709,76.931,Himachal Pradesh,9.58,37.17,98.19,172.4,266.35,0.81,0.2579,766.52,3.18,316.08,-0.001531,1,positive
4384,2012-06-03,25.178,93.012,Assam,27.34,76.45,112.95,141.29,189.89,0.84,1.1046,644.59,7.31,70.89,0.004215,1,positive
APDA-NEG-00514,2013-07-07,31.5,78.75,Himachal Pradesh,22.79,30.59,43.68,101.35,378.37,0.87,2.4667,4989.8,15.71,68.13,-0.003931,0,negative
4905,2013-06-07,26.098,94.703,Nagaland,9.11,20.54,30.52,64.87,191.56,0.83,0.9626,1687.6,27.88,230.47,0.019768,1,positive
APDA-NEG-00765,2007-10-19,24.0,93.125,Manipur,4.04,5.92,55.86,132.92,145.78,0.77,1.8,1156.07,10.45,264.05,-0.013664,0,negative
APDA-NEG-01268,2010-10-08,26.5,94.375,Nagaland,27.91,40.74,41.93,120.79,292.36,0.95,3.0,307.93,20.68,270.76,-0.012984,0,negative
2569,2010-10-08,25.275,94.021,Manipur,53.95,91.32,93.44,131.35,235.71,0.96,2.4286,1084.89,12.12,146.61,-0.013821,1,positive
APDA-NEG-00223,2013-10-06,26.5,94.375,Assam,12.27,52.77,59.39,100.92,151.11,0.92,2.8,307.93,20.68,270.76,-0.012984,0,negative
APDA-NEG-01324,2010-09-04,27.5,88.125,Sikkim,2.52,18.48,49.58,158.88,302.2,0.93,2.8667,4104.06,56.52,298.77,0.014678,0,negative
APDA-NEG-01125,2010-07-06,26.0,95.0,Nagaland,9.26,32.72,75.34,140.15,355.44,0.94,2.9333,1150.77,10.47,188.47,-0.011555,0,negative
APDA-NEG-01724,2013-07-25,29.5,80.625,Uttarakhand,19.75,38.78,147.1,221.9,434.99,0.92,2.8,2217.17,32.44,5.59,0.001258,0,negative
7664,2015-08-11,24.746,93.425,Manipur,5.97,40.38,84.21,221.0,510.18,0.94,1.6076,766.03,6.29,332.37,0.002961,1,positive
APDA-NEG-00396,2013-06-16,32.0,78.125,Himachal Pradesh,74.89,108.32,137.98,140.71,143.67,0.7,1.3333,5347.43,45.52,279.8,-0.005436,0,negative
APDA-NEG-01118,2013-07-17,26.5,94.375,Nagaland,14.02,32.86,83.54,163.18,363.63,0.86,2.4,307.93,20.68,270.76,-0.012984,0,negative
7273,2015-07-26,30.241,78.901,Uttarakhand,6.7,43.95,64.78,135.93,416.71,0.86,0.6236,696.32,42.47,164.38,-0.010316,1,positive
APDA-NEG-01462,2013-06-18,31.0,79.375,Uttarakhand,2.12,124.07,193.99,215.35,220.82,0.88,2.5333,5085.99,17.29,81.7,0.00088,0,negative
APDA-NEG-01657,2013-07-24,29.0,79.375,Uttarakhand,15.16,67.29,140.63,280.16,633.8,0.89,2.6,215.32,0.43,292.55,0.001399,0,negative
APDA-NEG-00856,2010-10-09,25.0,93.125,Manipur,31.14,154.03,172.87,204.95,338.59,0.96,3.0667,275.9,30.23,93.66,-0.002097,0,negative
4925,2013-06-16,31.455,78.2,Himachal Pradesh,84.99,152.11,195.97,200.53,205.22,0.84,2.4855,2019.78,9.63,98.59,0.019255,1,positive
APDA-NEG-00507,2012-08-24,33.0,77.5,Himachal Pradesh,4.88,11.31,35.22,62.04,97.03,0.54,0.2667,5155.49,22.24,314.26,0.012153,0,negative
APDA-NEG-01589,2012-03-04,30.5,80.0,Uttarakhand,0.23,0.23,0.23,0.27,1.44,0.61,0.7333,5403.64,16.29,342.16,0.008133,0,negative
APDA-NEG-00871,2015-07-31,24.0,93.75,Manipur,60.55,79.62,102.27,221.53,308.82,0.92,2.8,938.27,22.91,215.12,-0.015373,0,negative
APDA-NEG-01454,2015-07-24,29.5,78.75,Uttarakhand,4.46,12.89,23.65,199.89,427.15,0.73,1.5333,285.78,7.49,11.54,0.004111,0,negative
APDA-NEG-01712,2013-09-30,30.5,80.0,Uttarakhand,1.62,5.4,14.33,23.79,45.0,0.79,1.9333,5403.64,16.29,342.16,0.008133,0,negative
APDA-NEG-01028,2007-07-27,25.5,92.5,Meghalaya,20.88,86.34,134.91,245.77,368.93,0.94,2.9333,1063.07,25.33,13.62,-0.014165,0,negative
4408,2012-06-13,25.55,92.076,Meghalaya,27.68,87.41,124.29,363.83,483.57,0.95,0.7963,1267.38,26.59,196.63,-0.008455,1,positive
APDA-NEG-00912,2015-06-19,24.0,93.75,Manipur,2.22,3.64,18.8,69.38,114.56,0.58,0.5333,938.27,22.91,215.12,-0.015373,0,negative
APDA-NEG-00803,2010-10-08,24.0,94.375,Manipur,65.32,120.02,126.11,144.81,212.21,0.88,2.5333,308.07,14.0,233.72,-0.007124,0,negative
APDA-NEG-00603,2015-07-26,33.0,77.5,Himachal Pradesh,5.48,8.32,22.33,62.63,148.58,0.67,1.1333,5155.49,22.24,314.26,0.012153,0,negative
APDA-NEG-01055,2010-09-13,23.5,92.5,Mizoram,9.93,17.18,36.45,70.49,218.07,0.86,2.4,697.5,31.7,35.92,-0.007925,0,negative
APDA-NEG-00438,2010-08-26,33.0,77.5,Himachal Pradesh,2.78,15.72,36.42,79.75,180.13,0.69,1.2667,5155.49,22.24,314.26,0.012153,0,negative
APDA-NEG-01519,2010-09-19,30.5,80.0,Uttarakhand,24.51,67.3,95.69,146.45,289.31,0.9,2.6667,5403.64,16.29,342.16,0.008133,0,negative
1125,2009-08-26,27.375,88.765,Sikkim,5.78,16.5,52.29,143.9,255.57,0.86,0.3863,3751.0,0.0,0.0,0.0,1,positive
APDA-NEG-00863,2015-07-22,24.0,94.375,Manipur,7.17,24.88,89.73,121.63,230.89,0.69,1.2667,308.07,14.0,233.72,-0.007124,0,negative
2046,2010-07-07,32.373,77.25,Himachal Pradesh,1.98,37.87,56.29,77.27,101.78,0.58,-0.1745,3944.41,10.63,200.6,0.000444,1,positive
5575,2013-10-06,25.827,94.15,Nagaland,13.73,43.76,50.59,85.88,178.33,0.94,1.2204,1371.28,19.54,189.13,0.000514,1,positive
APDA-NEG-01260,2013-07-17,26.5,94.375,Nagaland,14.02,32.86,83.54,163.18,363.63,0.86,2.4,307.93,20.68,270.76,-0.012984,0,negative
APDA-NEG-00999,2015-08-19,25.0,90.625,Meghalaya,26.68,58.96,87.68,142.24,354.46,0.92,2.8,9.45,0.41,97.51,-0.000647,0,negative
2139,2010-07-25,31.105,77.173,Himachal Pradesh,3.31,8.24,111.25,171.1,367.17,0.73,0.9395,2202.87,11.34,163.99,-0.016993,1,positive
APDA-NEG-01396,2007-05-23,27.15,88.8,Sikkim,0.26,4.04,46.69,107.95,154.12,0.49,-0.0667,1594.02,19.03,313.44,-0.001078,0,negative
6851,2015-03-10,32.561,76.124,Himachal Pradesh,0.0,16.83,27.92,145.62,191.59,0.83,1.4307,926.38,35.71,343.2,0.003463,1,positive
3559,2011-05-31,30.478,78.274,Uttarakhand,10.01,30.78,68.93,76.15,90.05,0.59,1.6054,2259.5,32.74,55.41,0.003885,1,positive
2436,2010-09-16,24.307,93.125,Manipur,11.4,30.38,48.75,117.86,205.38,0.86,0.8244,759.3,25.98,178.86,-0.016644,1,positive
6287,2014-09-22,26.13,91.706,Assam,126.76,191.59,231.7,267.93,354.68,0.97,1.8756,144.65,9.79,76.97,-0.009575,1,positive
2234,2010-08-11,31.958,77.11,Himachal Pradesh,0.48,12.84,65.81,188.0,402.88,0.91,0.9123,1221.73,3.62,13.72,0.005983,1,positive
5197,2013-07-25,30.82,78.619,Uttarakhand,1.54,17.56,82.59,167.13,302.54,0.94,1.924,1566.53,14.9,83.3,0.011825,1,positive
APDA-NEG-01363,2012-09-19,27.5,88.75,Sikkim,5.16,19.03,89.34,112.09,220.17,0.87,2.4667,3955.2,32.18,303.05,-0.003542,0,negative
APDA-NEG-00508,2010-07-17,32.0,78.125,Himachal Pradesh,0.29,5.2,15.84,51.83,81.13,0.45,-0.3333,5347.43,45.52,279.8,-0.005436,0,negative
APDA-NEG-00802,2009-08-20,24.5,94.375,Manipur,2.79,10.42,81.67,121.42,201.96,0.72,1.4667,319.22,17.67,30.12,-0.00491,0,negative
APDA-NEG-00776,2012-03-04,24.0,93.75,Manipur,0.05,6.4,11.33,11.33,11.36,0.46,-0.2667,938.27,22.91,215.12,-0.015373,0,negative
APDA-NEG-01786,2011-06-29,29.5,80.625,Uttarakhand,92.74,154.63,183.43,195.8,249.11,0.85,2.3333,2217.17,32.44,5.59,0.001258,0,negative
APDA-NEG-00222,2014-09-22,27.0,94.375,Assam,17.23,68.81,102.56,225.45,314.66,0.94,2.9333,86.0,0.0,0.0,0.0,0,negative
APDA-NEG-00730,2010-09-15,30.5,76.875,Himachal Pradesh,1.07,15.03,105.09,210.59,412.82,0.87,2.4667,298.08,0.59,195.1,0.000987,0,negative
APDA-NEG-01501,2010-09-17,30.5,80.0,Uttarakhand,14.32,33.15,57.71,111.85,247.57,0.87,2.4667,5403.64,16.29,342.16,0.008133,0,negative
APDA-NEG-00828,2013-09-24,24.0,93.125,Manipur,2.88,5.05,16.13,110.66,234.53,0.88,2.5333,1156.07,10.45,264.05,-0.013664,0,negative
5410,2013-08-28,29.953,78.151,Uttarakhand,7.07,24.06,39.19,146.79,434.52,0.91,1.0735,312.97,15.18,23.0,0.004059,1,positive
APDA-NEG-00658,2013-07-14,32.5,76.875,Himachal Pradesh,4.32,6.14,79.28,119.54,240.36,0.81,2.0667,5101.1,32.0,358.76,0.004829,0,negative
APDA-NEG-01336,2009-09-17,27.5,88.125,Sikkim,0.66,3.49,5.44,50.4,176.66,0.86,2.4,4104.06,56.52,298.77,0.014678,0,negative
870,2008-10-29,27.4,92.35,Arunachal Pradesh,0.0,24.16,33.78,33.8,64.78,0.81,0.3488,2632.03,27.75,254.93,-0.002004,1,positive
APDA-NEG-01229,2015-08-19,26.0,93.75,Nagaland,11.15,32.2,50.9,130.49,250.37,0.86,2.4,155.68,5.21,210.16,-0.003056,0,negative
APDA-NEG-00360,2013-07-14,31.5,78.75,Himachal Pradesh,2.51,9.2,39.33,83.03,344.06,0.86,2.4,4989.8,15.71,68.13,-0.003931,0,negative
APDA-NEG-01735,2015-04-30,30.5,80.0,Uttarakhand,0.73,2.86,4.27,11.59,43.1,0.69,1.2667,5403.64,16.29,342.16,0.008133,0,negative
APDA-NEG-01558,2012-09-14,29.5,80.625,Uttarakhand,6.26,19.59,32.2,71.84,214.05,0.78,1.8667,2217.17,32.44,5.59,0.001258,0,negative
APDA-NEG-00589,2015-04-03,33.0,77.5,Himachal Pradesh,4.61,9.44,28.9,29.65,49.74,0.53,0.2,5155.49,22.24,314.26,0.012153,0,negative
APDA-NEG-00922,2011-07-22,24.0,94.375,Manipur,3.79,29.24,90.89,140.98,256.0,0.74,1.6,308.07,14.0,233.72,-0.007124,0,negative
APDA-NEG-00205,2012-06-03,26.5,94.375,Assam,19.91,75.56,84.64,140.29,255.86,0.82,2.1333,307.93,20.68,270.76,-0.012984,0,negative
APDA-NEG-01771,2015-08-15,31.0,79.375,Uttarakhand,4.22,7.56,17.23,61.73,101.72,0.76,1.7333,5085.99,17.29,81.7,0.00088,0,negative
APDA-NEG-00700,2011-06-17,32.5,78.125,Himachal Pradesh,1.99,2.08,6.21,26.61,51.63,0.43,-0.4667,5364.12,23.0,184.14,0.001507,0,negative
APDA-NEG-01067,2015-06-19,24.0,93.125,Mizoram,5.24,8.83,40.37,133.88,247.19,0.78,1.8667,1156.07,10.45,264.05,-0.013664,0,negative
1929,2010-06-01,27.354,88.643,Sikkim,3.59,11.0,23.83,88.92,120.9,0.6,0.2425,2109.2,22.76,99.16,0.003728,1,positive
4908,2013-06-08,27.372,88.708,Sikkim,10.3,15.09,35.18,111.1,164.71,0.67,0.8063,3136.82,42.25,337.0,0.010143,1,positive
APDA-NEG-00326,2010-10-09,25.5,90.625,Assam,7.24,118.19,127.25,159.26,327.84,0.95,3.0,263.81,5.53,161.64,-0.002985,0,negative
126,2007-07-16,27.15,88.38,Sikkim,15.14,46.44,126.22,167.19,268.15,0.8,0.0389,1095.89,33.77,181.13,0.003969,1,positive
APDA-NEG-00503,2012-08-18,32.0,78.125,Himachal Pradesh,26.44,39.23,67.05,95.75,154.98,0.69,1.2667,5347.43,45.52,279.8,-0.005436,0,negative
APDA-NEG-00548,2012-08-24,32.0,78.125,Himachal Pradesh,6.59,13.23,56.98,104.31,163.62,0.69,1.2667,5347.43,45.52,279.8,-0.005436,0,negative
APDA-NEG-00351,2008-08-17,30.5,76.875,Himachal Pradesh,8.28,40.13,152.26,281.58,390.87,0.89,2.6,298.08,0.59,195.1,0.000987,0,negative
APDA-NEG-00837,2012-03-04,24.0,93.125,Manipur,0.05,6.21,11.2,11.2,11.22,0.45,-0.3333,1156.07,10.45,264.05,-0.013664,0,negative
APDA-NEG-00041,2012-06-25,28.0,93.75,Arunachal Pradesh,21.45,71.13,126.58,221.91,347.35,0.85,2.3333,576.05,30.81,45.85,0.021021,0,negative
APDA-NEG-00375,2010-07-07,30.5,76.875,Himachal Pradesh,6.32,107.42,183.56,226.41,302.15,0.7,1.3333,298.08,0.59,195.1,0.000987,0,negative
APDA-NEG-00469,2011-06-29,30.5,76.875,Himachal Pradesh,7.15,14.92,112.38,147.45,232.85,0.54,0.2667,298.08,0.59,195.1,0.000987,0,negative
APDA-NEG-00477,2011-07-12,32.5,78.125,Himachal Pradesh,0.17,2.81,12.35,26.0,57.74,0.44,-0.4,5364.12,23.0,184.14,0.001507,0,negative
APDA-NEG-00565,2013-07-27,32.0,78.125,Himachal Pradesh,0.31,1.41,18.87,75.43,127.52,0.73,1.5333,5347.43,45.52,279.8,-0.005436,0,negative
APDA-NEG-00598,2008-12-21,30.5,76.875,Himachal Pradesh,0.0,0.52,0.7,0.98,0.98,0.41,-0.6,298.08,0.59,195.1,0.000987,0,negative
APDA-NEG-00732,2010-09-06,31.5,78.75,Himachal Pradesh,5.09,22.0,64.16,144.76,276.82,0.89,2.6,4989.8,15.71,68.13,-0.003931,0,negative
APDA-NEG-00423,2010-09-19,32.5,76.875,Himachal Pradesh,13.67,17.45,26.88,102.2,203.32,0.89,2.6,5101.1,32.0,358.76,0.004829,0,negative
APDA-NEG-00712,2014-02-12,32.0,78.125,Himachal Pradesh,0.0,0.12,10.31,10.68,44.74,0.61,0.7333,5347.43,45.52,279.8,-0.005436,0,negative
4445,2012-07-05,30.128,78.322,Uttarakhand,0.17,24.26,64.65,104.75,109.29,0.42,-0.8468,422.92,6.41,4.2,0.00505,1,positive
APDA-NEG-01673,2013-07-25,29.5,80.625,Uttarakhand,19.75,38.78,147.1,221.9,434.99,0.92,2.8,2217.17,32.44,5.59,0.001258,0,negative
APDA-NEG-01694,2013-07-10,29.5,78.75,Uttarakhand,11.73,59.69,126.79,176.75,587.9,0.84,2.2667,285.78,7.49,11.54,0.004111,0,negative
APDA-NEG-00888,2010-07-29,24.5,94.375,Manipur,14.99,33.62,51.54,108.44,237.96,0.86,2.4,319.22,17.67,30.12,-0.00491,0,negative
APDA-NEG-00791,2010-08-19,24.0,93.125,Manipur,7.82,12.87,44.52,71.07,191.22,0.84,2.2667,1156.07,10.45,264.05,-0.013664,0,negative
APDA-NEG-00252,2011-09-23,25.5,90.625,Assam,8.61,22.76,103.24,224.25,281.29,0.96,3.0667,263.81,5.53,161.64,-0.002985,0,negative
APDA-NEG-01641,2013-07-12,30.5,80.0,Uttarakhand,1.42,8.12,62.21,85.38,282.35,0.79,1.9333,5403.64,16.29,342.16,0.008133,0,negative
8224,2015-09-14,23.731,92.719,Mizoram,13.58,44.56,78.75,196.15,440.49,0.93,1.161,1020.5,17.74,115.96,-0.000259,1,positive
APDA-NEG-01761,2015-07-26,31.0,79.375,Uttarakhand,3.54,14.88,22.0,44.87,139.7,0.74,1.6,5085.99,17.29,81.7,0.00088,0,negative
APDA-NEG-01601,2012-09-14,29.5,78.75,Uttarakhand,19.79,50.38,75.22,107.3,381.04,0.88,2.5333,285.78,7.49,11.54,0.004111,0,negative
APDA-NEG-00826,2012-03-04,24.0,94.375,Manipur,0.06,6.41,11.39,11.41,11.44,0.46,-0.2667,308.07,14.0,233.72,-0.007124,0,negative
APDA-NEG-00992,2014-09-21,25.5,90.625,Meghalaya,58.74,149.12,181.87,240.28,412.63,0.98,3.2,263.81,5.53,161.64,-0.002985,0,negative
3532,2011-05-24,25.089,92.855,Assam,15.2,50.01,141.96,173.93,276.17,0.85,1.3965,256.8,26.05,178.17,0.005929,1,positive
2043,2010-07-06,26.723,95.028,Nagaland,13.18,37.16,73.13,147.26,373.06,0.93,1.3118,718.03,16.24,337.2,-0.004143,1,positive
6525,2014-08-18,30.994,78.459,Uttarakhand,3.46,14.59,112.61,222.45,322.6,0.87,0.6209,3042.3,48.6,31.39,0.007409,1,positive
APDA-NEG-00553,2013-07-07,32.5,78.125,Himachal Pradesh,5.02,8.1,12.38,36.34,170.06,0.57,0.4667,5364.12,23.0,184.14,0.001507,0,negative
APDA-NEG-00950,2015-06-19,24.0,93.125,Manipur,5.24,8.83,40.37,133.88,247.19,0.78,1.8667,1156.07,10.45,264.05,-0.013664,0,negative
2340,2010-08-26,32.703,75.957,Himachal Pradesh,6.34,39.66,79.73,150.68,325.99,0.92,1.116,1970.93,40.73,65.37,0.001578,1,positive
2164,2010-07-30,25.31,94.482,Manipur,25.98,57.15,76.73,127.02,270.23,0.93,1.5801,1559.48,27.56,12.23,-0.002523,1,positive
7084,2015-07-06,29.393,79.453,Uttarakhand,42.12,59.38,101.53,274.32,307.15,0.82,1.6513,1985.93,16.78,20.34,-0.000572,1,positive
2324,2010-08-25,24.803,93.623,Manipur,2.82,11.14,33.27,78.75,185.64,0.86,0.95,1289.74,22.39,122.22,0.000278,1,positive
APDA-NEG-01755,2015-07-24,31.0,79.375,Uttarakhand,3.18,5.96,11.11,64.33,144.63,0.73,1.5333,5085.99,17.29,81.7,0.00088,0,negative
APDA-NEG-00554,2010-08-21,31.5,78.75,Himachal Pradesh,18.77,34.76,69.81,128.94,283.27,0.87,2.4667,4989.8,15.71,68.13,-0.003931,0,negative
APDA-NEG-01729,2014-09-11,29.0,79.375,Uttarakhand,7.35,10.45,69.37,105.22,166.19,0.61,0.7333,215.32,0.43,292.55,0.001399,0,negative
APDA-NEG-00029,2011-08-05,28.0,95.0,Arunachal Pradesh,16.01,60.92,100.86,254.62,568.93,0.93,2.8667,784.15,2.6,262.83,-0.001803,0,negative
APDA-NEG-00964,2012-06-13,25.0,90.625,Meghalaya,6.84,35.23,52.26,169.72,250.39,0.7,1.3333,9.45,0.41,97.51,-0.000647,0,negative
APDA-NEG-01215,2013-08-30,26.0,93.75,Nagaland,6.53,22.8,57.18,97.72,258.77,0.86,2.4,155.68,5.21,210.16,-0.003056,0,negative
4929,2013-06-16,30.495,78.388,Uttarakhand,158.4,294.73,390.77,401.08,410.15,0.96,2.9393,935.3,30.78,117.75,-0.000309,1,positive
APDA-NEG-01523,2010-09-19,30.5,80.0,Uttarakhand,24.51,67.3,95.69,146.45,289.31,0.9,2.6667,5403.64,16.29,342.16,0.008133,0,negative
7956,2015-09-05,26.048,91.87,Meghalaya,3.69,63.5,156.6,249.76,459.65,0.95,1.5428,66.31,4.43,27.45,0.003359,1,positive
3750,2011-07-09,30.765,78.593,Uttarakhand,8.67,16.28,68.05,146.74,239.21,0.84,1.3204,1407.66,1.33,349.73,0.000171,1,positive
2198,2010-08-04,32.757,77.414,Himachal Pradesh,7.51,13.18,54.41,116.39,161.41,0.63,1.0004,4878.68,10.5,349.55,0.001657,1,positive
APDA-NEG-01157,2010-10-10,26.0,93.75,Nagaland,1.04,59.87,81.97,113.01,245.73,0.89,2.6,155.68,5.21,210.16,-0.003056,0,negative
APDA-NEG-01347,2011-08-23,27.5,88.125,Sikkim,15.81,32.19,66.97,166.26,305.4,0.93,2.8667,4104.06,56.52,298.77,0.014678,0,negative
APDA-NEG-00865,2015-07-22,24.5,94.375,Manipur,10.84,38.36,128.61,170.35,316.68,0.82,2.1333,319.22,17.67,30.12,-0.00491,0,negative
247,2007-09-08,25.06,93.988,Manipur,19.36,74.29,123.8,145.85,226.53,0.87,1.0512,1545.43,41.1,189.19,-0.00455,1,positive
APDA-NEG-01405,2010-06-03,23.5,91.875,Tripura,39.68,85.81,214.46,427.11,476.97,0.88,2.5333,98.63,5.69,26.51,-0.003608,0,negative
4241,2012-03-04,25.16,93.68,Manipur,0.04,8.26,13.66,13.84,14.4,0.56,0.571,1112.1,15.78,244.03,-0.00238,1,positive
APDA-NEG-00767,2007-10-21,25.0,93.125,Manipur,2.38,19.51,65.78,121.83,136.18,0.83,2.2,275.9,30.23,93.66,-0.002097,0,negative
2166,2010-07-29,24.979,93.503,Manipur,19.68,36.42,58.59,132.19,262.53,0.92,1.7397,1313.43,18.83,248.61,0.001626,1,positive
APDA-NEG-01709,2013-08-28,30.5,80.0,Uttarakhand,2.08,7.78,15.69,50.03,143.04,0.83,2.2,5403.64,16.29,342.16,0.008133,0,negative
APDA-NEG-00591,2015-04-16,32.0,78.125,Himachal Pradesh,5.98,16.02,16.02,33.6,48.05,0.71,1.4,5347.43,45.52,279.8,-0.005436,0,negative
APDA-NEG-00231,2014-06-27,25.0,90.625,Assam,6.23,14.04,171.76,345.19,501.26,0.87,2.4667,9.45,0.41,97.51,-0.000647,0,negative
APDA-NEG-00564,2012-02-16,33.0,77.5,Himachal Pradesh,0.0,0.73,6.36,9.95,11.05,0.49,-0.0667,5155.49,22.24,314.26,0.012153,0,negative
APDA-NEG-01096,2010-09-13,24.5,93.125,Mizoram,8.97,16.26,39.29,95.52,195.57,0.84,2.2667,489.42,31.49,307.92,0.01086,0,negative
APDA-NEG-00221,2013-10-06,27.0,94.375,Assam,13.13,66.6,72.9,117.32,148.64,0.91,2.7333,86.0,0.0,0.0,0.0,0,negative
APDA-NEG-01637,2013-07-04,30.5,80.0,Uttarakhand,0.45,7.42,19.24,95.76,241.62,0.77,1.8,5403.64,16.29,342.16,0.008133,0,negative
APDA-NEG-01131,2010-07-06,26.0,95.0,Nagaland,9.26,32.72,75.34,140.15,355.44,0.94,2.9333,1150.77,10.47,188.47,-0.011555,0,negative
APDA-NEG-00249,2014-09-22,27.0,94.375,Assam,17.23,68.81,102.56,225.45,314.66,0.94,2.9333,86.0,0.0,0.0,0.0,0,negative
6214,2014-10-05,25.97,91.859,Meghalaya,0.0,0.0,0.02,276.18,387.35,0.88,-0.1204,281.32,11.06,82.28,-0.008031,1,positive
252,2007-09-09,25.499,94.119,Manipur,7.1,33.68,96.99,119.93,204.64,0.79,0.0818,1942.89,10.89,231.58,0.00199,1,positive
2478,2010-09-20,30.733,78.44,Uttarakhand,1.71,136.33,228.82,361.89,716.27,0.98,2.0836,1437.46,43.79,1.27,0.004055,1,positive
APDA-NEG-01333,2010-08-20,27.5,88.125,Sikkim,6.62,33.87,109.34,143.32,236.95,0.92,2.8,4104.06,56.52,298.77,0.014678,0,negative
3913,2011-08-12,29.912,78.172,Uttarakhand,9.96,25.21,40.32,144.53,444.69,0.87,0.9772,285.58,2.17,343.3,-0.002528,1,positive
7295,2015-07-24,30.452,78.144,Uttarakhand,1.04,7.13,35.72,240.07,419.96,0.82,0.5544,2330.3,9.87,22.65,-0.02963,1,positive
APDA-NEG-01412,2014-08-15,23.0,91.875,Tripura,50.82,197.86,255.39,312.35,471.59,0.96,3.0667,40.97,1.52,238.91,-0.000285,0,negative
4975,2013-06-25,30.252,78.923,Uttarakhand,42.31,96.05,123.01,606.37,641.08,0.94,2.0737,700.56,34.55,68.06,0.006153,1,positive
APDA-NEG-01386,2015-05-24,28.0,88.75,Sikkim,0.05,5.27,13.26,28.73,43.02,0.55,0.3333,5096.07,0.2,324.18,-0.000309,0,negative
2215,2010-08-06,32.371,77.247,Himachal Pradesh,12.31,33.47,83.37,165.18,269.02,0.8,1.0924,3959.5,3.97,259.63,0.00914,1,positive
APDA-NEG-00648,2010-07-17,32.5,78.125,Himachal Pradesh,0.12,2.95,10.83,34.13,51.13,0.37,-0.8667,5364.12,23.0,184.14,0.001507,0,negative
APDA-NEG-01518,2013-07-25,30.5,77.5,Uttarakhand,4.96,23.56,111.7,252.93,451.61,0.92,2.8,425.48,0.38,300.89,0.001817,0,negative
1935,2010-06-03,23.899,91.76,Tripura,40.65,82.29,196.52,398.53,497.9,0.9,1.1491,191.54,20.47,349.61,-0.009624,1,positive
APDA-NEG-00569,2013-08-16,30.5,76.875,Himachal Pradesh,13.32,69.4,95.21,244.06,350.21,0.9,2.6667,298.08,0.59,195.1,0.000987,0,negative
APDA-NEG-00198,2012-06-25,27.0,94.375,Assam,27.26,73.88,128.36,244.48,405.54,0.87,2.4667,86.0,0.0,0.0,0.0,0,negative
APDA-NEG-01682,2011-06-30,29.0,79.375,Uttarakhand,121.08,180.55,214.31,231.64,292.91,0.82,2.1333,215.32,0.43,292.55,0.001399,0,negative
APDA-NEG-00090,2011-08-05,27.0,94.375,Arunachal Pradesh,19.68,45.02,56.63,219.97,523.01,0.92,2.8,86.0,0.0,0.0,0.0,0,negative
APDA-NEG-00654,2010-08-04,30.5,76.875,Himachal Pradesh,3.3,5.3,94.3,176.15,314.11,0.75,1.6667,298.08,0.59,195.1,0.000987,0,negative
APDA-NEG-01024,2014-09-23,25.5,90.625,Meghalaya,33.11,202.39,315.1,375.81,488.59,0.99,3.2667,263.81,5.53,161.64,-0.002985,0,negative
APDA-NEG-01322,2011-09-30,28.0,88.75,Sikkim,0.01,0.13,20.52,54.43,89.52,0.81,2.0667,5096.07,0.2,324.18,-0.000309,0,negative
6971,2015-06-09,27.099,93.816,Arunachal Pradesh,44.35,137.97,228.36,382.26,593.82,0.91,2.1061,211.55,16.91,124.87,0.007968,1,positive
3678,2011-06-30,30.15,78.775,Uttarakhand,46.98,71.26,146.92,202.65,301.3,0.87,2.0566,1640.66,27.72,106.96,-0.000963,1,positive
APDA-NEG-01625,2013-06-19,30.5,80.0,Uttarakhand,0.5,28.95,120.45,145.86,151.29,0.76,1.7333,5403.64,16.29,342.16,0.008133,0,negative
APDA-NEG-00547,2013-07-07,30.5,76.875,Himachal Pradesh,21.22,30.16,44.26,103.86,368.09,0.65,1.0,298.08,0.59,195.1,0.000987,0,negative
APDA-NEG-00459,2011-02-25,32.0,78.125,Himachal Pradesh,1.37,1.37,1.38,12.33,16.53,0.65,1.0,5347.43,45.52,279.8,-0.005436,0,negative
APDA-NEG-01208,2013-07-15,26.0,93.75,Nagaland,11.91,23.3,93.87,186.04,316.12,0.84,2.2667,155.68,5.21,210.16,-0.003056,0,negative
APDA-NEG-01681,2013-07-27,31.0,79.375,Uttarakhand,0.9,3.64,31.63,86.9,153.66,0.83,2.2,5085.99,17.29,81.7,0.00088,0,negative
3884,2011-08-07,31.691,77.132,Himachal Pradesh,6.55,31.34,52.03,131.32,305.55,0.81,0.5375,893.5,0.0,0.0,0.0,1,positive
5273,2013-08-04,26.181,94.55,Nagaland,5.78,14.93,47.43,109.0,290.88,0.89,0.7207,1679.21,35.59,2.9,-0.002925,1,positive
APDA-NEG-01504,2010-09-19,30.5,77.5,Uttarakhand,76.25,149.22,217.19,380.15,731.67,0.99,3.2667,425.48,0.38,300.89,0.001817,0,negative
APDA-NEG-01137,2010-08-13,26.5,94.375,Nagaland,26.91,37.56,55.29,108.31,277.84,0.94,2.9333,307.93,20.68,270.76,-0.012984,0,negative
57,2007-04-11,27.446,88.619,Sikkim,0.01,8.45,9.91,10.18,15.07,0.5,-0.3237,1967.99,14.88,5.24,0.006298,1,positive
APDA-NEG-00597,2015-07-18,32.0,78.125,Himachal Pradesh,10.6,43.57,100.17,234.28,307.31,0.82,2.1333,5347.43,45.52,279.8,-0.005436,0,negative
APDA-NEG-00336,2013-05-11,25.5,90.625,Assam,21.86,71.71,193.82,299.64,358.46,0.86,2.4,263.81,5.53,161.64,-0.002985,0,negative
2042,2010-07-06,26.009,94.524,Nagaland,9.14,35.75,73.22,148.76,362.61,0.92,1.5503,1800.26,22.14,54.79,-0.002955,1,positive
2049,2010-07-07,31.504,77.952,Himachal Pradesh,1.23,33.13,57.35,81.69,99.98,0.58,-0.1485,3517.93,51.62,272.92,-0.001936,1,positive
APDA-NEG-00875,2015-08-01,24.0,93.125,Manipur,10.71,88.0,118.64,278.99,491.54,0.95,3.0,1156.07,10.45,264.05,-0.013664,0,negative
APDA-NEG-00044,2015-07-15,29.0,96.25,Arunachal Pradesh,7.62,20.79,26.37,58.41,136.79,0.85,2.3333,4424.4,28.85,66.8,0.001741,0,negative
APDA-NEG-01816,2010-09-19,30.5,80.0,Uttarakhand,24.51,67.3,95.69,146.45,289.31,0.9,2.6667,5403.64,16.29,342.16,0.008133,0,negative
APDA-NEG-01116,2015-08-12,26.0,95.0,Nagaland,4.96,23.0,61.73,158.59,348.51,0.95,3.0,1150.77,10.47,188.47,-0.011555,0,negative
APDA-NEG-01627,2013-06-24,31.0,79.375,Uttarakhand,24.39,41.8,43.99,252.01,262.69,0.86,2.4,5085.99,17.29,81.7,0.00088,0,negative
APDA-NEG-00151,2007-08-26,27.0,94.375,Assam,22.32,36.82,84.76,250.78,314.37,0.91,2.7333,86.0,0.0,0.0,0.0,0,negative
2390,2010-09-04,30.796,78.623,Uttarakhand,11.7,44.92,108.09,260.76,429.88,0.96,1.8608,1880.68,22.68,237.86,0.004191,1,positive
APDA-NEG-01369,2013-06-28,27.15,88.1,Sikkim,14.56,68.4,124.62,180.11,326.28,0.82,2.1333,2395.93,26.81,256.33,0.013169,0,negative
4436,2012-06-25,26.999,95.499,Arunachal Pradesh,36.02,76.5,135.79,249.31,403.09,0.96,1.4065,611.01,28.59,176.57,0.031089,1,positive
APDA-NEG-00253,2015-02-14,25.5,92.5,Assam,0.08,0.08,0.08,0.08,1.9,0.69,1.2667,1063.07,25.33,13.62,-0.014165,0,negative
APDA-NEG-00284,2012-06-03,25.5,90.625,Assam,44.49,67.8,111.89,156.59,219.38,0.84,2.2667,263.81,5.53,161.64,-0.002985,0,negative
APDA-NEG-01502,2010-07-20,30.5,80.0,Uttarakhand,18.32,45.37,56.63,83.06,140.12,0.72,1.4667,5403.64,16.29,342.16,0.008133,0,negative
APDA-NEG-00584,2013-06-16,33.0,77.5,Himachal Pradesh,37.59,50.63,69.22,71.58,75.88,0.51,0.0667,5155.49,22.24,314.26,0.012153,0,negative
APDA-NEG-01460,2011-07-08,29.0,79.375,Uttarakhand,2.21,13.11,22.21,317.5,382.23,0.68,1.2,215.32,0.43,292.55,0.001399,0,negative
3668,2011-06-29,29.607,79.93,Uttarakhand,62.16,102.51,136.61,153.96,222.01,0.9,1.7899,1713.22,28.59,103.49,0.000857,1,positive
7276,2015-07-25,26.106,91.872,Assam,11.76,44.78,112.45,209.16,316.39,0.91,0.7235,259.01,1.56,124.15,-0.006021,1,positive
APDA-NEG-01204,2015-08-02,26.0,95.0,Nagaland,3.19,39.05,61.4,171.64,296.66,0.94,2.9333,1150.77,10.47,188.47,-0.011555,0,negative
APDA-NEG-00551,2013-07-07,33.0,77.5,Himachal Pradesh,5.87,12.36,14.67,31.66,125.83,0.55,0.3333,5155.49,22.24,314.26,0.012153,0,negative
APDA-NEG-00164,2010-04-01,27.0,94.375,Assam,6.03,32.89,83.59,131.77,138.1,0.67,1.1333,86.0,0.0,0.0,0.0,0,negative
APDA-NEG-00199,2011-09-23,26.5,94.375,Assam,14.52,20.85,35.8,86.67,192.33,0.91,2.7333,307.93,20.68,270.76,-0.012984,0,negative
APDA-NEG-00363,2009-09-10,32.5,78.125,Himachal Pradesh,9.49,36.11,39.46,57.52,73.79,0.54,0.2667,5364.12,23.0,184.14,0.001507,0,negative
6177,2014-07-24,29.159,79.146,Uttarakhand,3.88,15.39,144.47,200.83,275.95,0.6,-0.2398,231.59,1.15,60.51,-0.002741,1,positive
